<?xml version="1.0"?>
<VTKFile type="UnstructuredGrid" version="0.1" byte_order="LittleEndian">
  <UnstructuredGrid>
    <Piece NumberOfPoints="9261" NumberOfCells="8000">
      <Points>
        <DataArray type="Float64" NumberOfComponents="3" format="ascii">
          0.600000 0.350000 0.700000
          0.350000 0.800000 0.700000
          0.700000 0.950000 0.300000
          0.550000 0.400000 0.500000
          0.550000 0.850000 0.0
          0.600000 0.750000 0.300000
          1.000000 0.900000 0.150000
          0.700000 0.350000 0.350000
          0.350000 0.400000 0.100000
          0.350000 0.550000 0.600000
          0.350000 0.050000 0.500000
          0.500000 0.300000 0.400000
          0.450000 0.0 0.850000
          0.200000 0.650000 0.700000
          0.050000 0.0 0.400000
          0.500000 0.100000 0.850000
          0.800000 0.900000 0.050000
          0.550000 0.850000 0.300000
          0.0 0.100000 0.850000
          0.400000 0.900000 0.850000
          0.050000 0.600000 0.900000
          0.0 0.450000 0.450000
          0.150000 0.200000 0.150000
          0.250000 0.900000 0.800000
          0.150000 0.550000 0.200000
          0.650000 0.200000 0.800000
          0.450000 0.900000 0.250000
          0.800000 0.750000 0.250000
          0.850000 0.450000 1.000000
          0.200000 1.000000 0.200000
          0.050000 1.000000 0.300000
          0.300000 0.200000 0.800000
          0.650000 0.850000 0.450000
          0.150000 0.500000 0.150000
          0.0 1.000000 0.350000
          0.800000 0.050000 0.700000
          0.650000 1.000000 0.250000
          0.0 0.150000 0.250000
          0.850000 0.300000 0.600000
          0.100000 0.700000 0.800000
          0.050000 0.750000 0.300000
          0.450000 0.450000 0.450000
          0.500000 0.250000 0.350000
          0.700000 0.250000 0.700000
          0.100000 0.150000 0.700000
          0.050000 1.000000 0.950000
          0.400000 0.100000 0.650000
          0.150000 0.950000 0.750000
          0.400000 0.300000 0.600000
          0.800000 0.600000 0.850000
          0.800000 1.000000 0.250000
          1.000000 0.850000 0.550000
          0.100000 0.500000 0.900000
          0.350000 0.750000 0.050000
          0.450000 0.750000 0.300000
          0.750000 0.300000 0.300000
          0.650000 0.450000 0.300000
          0.0 0.400000 0.0
          0.650000 0.900000 0.500000
          0.250000 0.0 0.100000
          0.050000 0.0 0.150000
          0.500000 0.800000 0.650000
          0.150000 0.150000 0.750000
          0.650000 0.150000 0.250000
          0.450000 0.650000 0.300000
          0.900000 0.600000 0.250000
          0.850000 0.200000 0.050000
          0.650000 0.0 0.150000
          0.300000 0.500000 0.600000
          0.700000 0.600000 0.550000
          0.550000 0.0 0.700000
          0.550000 0.250000 1.000000
          0.200000 0.150000 0.600000
          0.300000 0.350000 0.700000
          0.450000 0.150000 0.950000
          0.200000 0.250000 0.550000
          0.0 1.000000 0.050000
          1.000000 0.300000 0.600000
          0.150000 0.350000 0.150000
          0.100000 0.250000 0.250000
          0.700000 0.400000 0.600000
          0.200000 0.400000 0.150000
          0.100000 0.650000 0.200000
          0.300000 0.950000 0.050000
          0.450000 0.200000 0.400000
          0.600000 1.000000 0.750000
          0.800000 0.450000 1.000000
          0.250000 0.650000 0.100000
          0.900000 0.900000 0.550000
          0.600000 0.550000 0.250000
          0.650000 0.0 1.000000
          0.400000 0.150000 0.100000
          0.800000 0.700000 1.000000
          0.450000 0.550000 0.300000
          0.250000 0.900000 0.900000
          0.950000 0.800000 0.700000
          0.100000 0.150000 0.350000
          0.150000 0.100000 0.750000
          0.400000 0.600000 0.650000
          0.350000 0.750000 0.600000
          0.450000 0.750000 0.900000
          0.200000 0.550000 0.550000
          0.150000 0.050000 0.200000
          0.0 0.850000 0.500000
          0.550000 0.450000 1.000000
          0.750000 0.600000 0.0
          0.600000 0.600000 0.350000
          0.450000 0.650000 0.450000
          0.550000 0.400000 0.800000
          0.100000 0.0 0.600000
          0.200000 0.150000 0.500000
          0.600000 0.200000 0.950000
          0.650000 0.350000 1.000000
          0.500000 1.000000 0.0
          1.000000 0.900000 0.300000
          0.850000 0.550000 0.200000
          0.200000 0.750000 0.450000
          0.850000 0.400000 0.600000
          0.700000 0.200000 1.000000
          0.750000 0.100000 0.100000
          0.150000 0.150000 0.350000
          0.550000 1.000000 0.150000
          0.950000 0.550000 0.100000
          0.150000 0.400000 0.150000
          0.850000 0.200000 0.250000
          0.250000 0.900000 0.750000
          0.700000 0.600000 0.0
          0.850000 0.700000 0.700000
          0.750000 0.150000 0.900000
          0.500000 0.650000 0.050000
          0.0 0.300000 1.000000
          0.700000 0.250000 0.950000
          0.400000 0.050000 0.500000
          0.650000 0.500000 0.800000
          0.050000 0.700000 0.900000
          0.050000 0.200000 0.300000
          0.150000 0.350000 0.550000
          0.950000 0.750000 0.250000
          0.950000 0.850000 0.950000
          0.100000 0.050000 0.250000
          0.400000 0.350000 1.000000
          0.200000 0.050000 0.300000
          0.700000 0.600000 0.500000
          0.700000 0.050000 0.200000
          0.750000 0.400000 0.500000
          0.850000 0.900000 0.900000
          1.000000 0.700000 0.950000
          0.950000 0.950000 0.050000
          0.750000 0.300000 0.350000
          0.350000 0.350000 0.700000
          0.150000 0.900000 0.750000
          0.350000 0.550000 0.700000
          0.550000 0.650000 0.700000
          1.000000 0.0 0.750000
          0.150000 1.000000 0.600000
          0.300000 0.750000 0.150000
          1.000000 0.300000 0.500000
          0.250000 0.500000 0.700000
          0.250000 0.500000 0.0
          0.950000 1.000000 0.400000
          0.900000 0.650000 0.800000
          0.750000 0.0 0.550000
          0.0 0.050000 0.300000
          0.650000 0.850000 0.0
          0.450000 0.0 0.450000
          0.0 1.000000 0.750000
          0.700000 0.300000 0.750000
          0.300000 0.600000 0.0
          0.850000 0.250000 0.200000
          0.550000 0.150000 0.400000
          0.900000 0.700000 0.600000
          0.100000 0.850000 0.150000
          0.350000 0.050000 0.700000
          0.750000 0.300000 0.850000
          0.0 0.900000 0.850000
          0.500000 0.900000 0.350000
          0.750000 0.350000 1.000000
          0.050000 0.150000 0.0
          0.900000 0.100000 0.300000
          0.400000 0.550000 0.400000
          0.400000 0.650000 0.400000
          0.050000 0.0 0.800000
          0.800000 0.250000 0.350000
          0.050000 0.850000 0.650000
          0.300000 0.150000 0.950000
          0.700000 0.0 0.450000
          0.500000 0.200000 0.550000
          0.150000 0.0 0.850000
          0.500000 0.500000 0.500000
          0.500000 0.550000 0.600000
          0.400000 0.250000 0.750000
          0.350000 0.550000 0.750000
          0.200000 0.0 0.650000
          0.700000 0.550000 0.250000
          0.550000 0.900000 0.300000
          0.250000 0.600000 0.100000
          0.300000 0.0 1.000000
          0.700000 0.050000 0.450000
          0.800000 0.450000 0.200000
          0.650000 0.400000 1.000000
          0.900000 0.300000 0.200000
          1.000000 0.550000 0.750000
          0.0 0.850000 0.350000
          0.200000 0.350000 0.900000
          0.400000 0.200000 0.0
          0.200000 0.050000 0.400000
          0.850000 0.700000 0.200000
          0.500000 0.200000 0.500000
          0.300000 0.450000 0.050000
          0.850000 0.500000 0.150000
          0.650000 0.200000 0.0
          0.750000 0.550000 0.600000
          0.550000 0.300000 0.900000
          0.0 0.750000 0.900000
          0.150000 0.650000 0.650000
          0.0 0.500000 0.250000
          0.0 0.0 0.250000
          0.250000 0.750000 0.550000
          0.650000 0.050000 0.750000
          0.100000 1.000000 0.850000
          0.650000 0.950000 0.400000
          0.200000 0.150000 0.850000
          0.200000 0.600000 0.450000
          0.900000 0.350000 0.650000
          0.800000 0.950000 0.700000
          0.650000 0.200000 0.850000
          0.750000 0.050000 0.350000
          0.400000 0.800000 0.900000
          0.400000 0.650000 0.100000
          0.800000 0.500000 0.400000
          0.0 0.600000 0.950000
          0.600000 0.600000 0.200000
          0.950000 0.350000 0.900000
          0.800000 0.400000 0.950000
          0.150000 0.600000 0.600000
          0.450000 1.000000 1.000000
          0.450000 0.750000 0.850000
          0.950000 0.950000 0.600000
          0.250000 0.250000 0.200000
          1.000000 0.600000 0.600000
          0.650000 0.650000 0.700000
          0.550000 0.350000 0.850000
          0.800000 0.500000 0.600000
          0.250000 0.050000 0.050000
          0.850000 0.050000 0.900000
          0.900000 0.950000 0.900000
          0.650000 0.500000 0.100000
          0.600000 0.100000 1.000000
          0.200000 0.950000 0.050000
          0.800000 0.950000 0.800000
          0.0 0.500000 0.200000
          0.850000 1.000000 0.650000
          0.500000 0.600000 0.800000
          0.750000 0.700000 0.750000
          0.600000 0.750000 0.050000
          0.550000 0.600000 0.850000
          0.650000 0.900000 0.050000
          0.550000 0.500000 0.950000
          0.900000 0.650000 0.150000
          0.150000 0.300000 1.000000
          0.600000 0.650000 0.550000
          0.500000 0.0 0.850000
          0.450000 0.400000 0.850000
          0.750000 0.050000 0.050000
          0.450000 0.350000 0.600000
          0.600000 0.500000 1.000000
          0.200000 0.150000 0.200000
          0.100000 0.900000 0.200000
          0.700000 0.950000 0.250000
          1.000000 0.950000 0.550000
          0.600000 0.250000 0.250000
          0.100000 0.050000 0.650000
          0.050000 0.400000 0.600000
          0.300000 0.150000 0.700000
          0.800000 0.200000 0.400000
          0.800000 0.0 0.300000
          0.750000 0.350000 0.300000
          0.850000 0.200000 0.150000
          0.600000 0.400000 0.250000
          0.650000 0.400000 0.0
          0.500000 0.050000 0.450000
          0.200000 0.650000 0.150000
          0.150000 0.800000 0.550000
          0.600000 0.900000 0.550000
          0.150000 0.800000 0.0
          0.500000 0.450000 1.000000
          0.900000 0.750000 0.050000
          0.350000 0.750000 0.500000
          0.900000 0.450000 0.0
          0.450000 0.650000 0.750000
          0.450000 0.0 1.000000
          0.200000 0.600000 0.250000
          0.950000 0.550000 0.350000
          0.200000 0.900000 0.700000
          0.550000 0.100000 0.0
          0.300000 0.050000 0.050000
          0.0 0.850000 0.100000
          0.350000 0.700000 0.550000
          0.150000 0.750000 0.050000
          0.600000 0.350000 0.050000
          0.600000 0.100000 0.300000
          0.0 0.150000 0.850000
          0.600000 0.050000 0.350000
          0.550000 0.950000 0.400000
          1.000000 0.050000 0.200000
          0.450000 0.700000 0.350000
          0.600000 0.550000 0.500000
          0.650000 0.950000 0.550000
          0.500000 0.350000 0.600000
          0.950000 0.750000 0.750000
          0.600000 0.850000 0.850000
          0.400000 0.050000 0.950000
          0.900000 0.700000 0.800000
          0.300000 0.700000 0.400000
          0.400000 0.150000 0.250000
          0.900000 0.700000 0.500000
          0.550000 0.850000 0.600000
          0.950000 0.250000 0.250000
          0.700000 0.300000 0.600000
          0.250000 0.300000 0.050000
          0.400000 0.650000 0.750000
          1.000000 0.950000 0.850000
          0.950000 0.050000 0.950000
          0.750000 0.650000 0.200000
          0.850000 0.950000 0.600000
          0.250000 0.900000 0.850000
          0.0 0.100000 1.000000
          0.850000 0.700000 0.0
          0.400000 0.900000 0.550000
          0.150000 0.700000 0.450000
          0.950000 0.300000 0.200000
          0.650000 0.400000 0.550000
          0.950000 1.000000 0.250000
          0.700000 0.650000 0.550000
          0.750000 0.050000 0.800000
          0.250000 0.350000 0.950000
          0.750000 0.500000 0.950000
          0.0 0.400000 0.200000
          0.500000 0.950000 0.950000
          0.600000 0.300000 0.650000
          0.650000 0.200000 0.750000
          0.250000 0.700000 0.700000
          0.550000 0.0 0.050000
          0.200000 0.800000 0.0
          0.800000 0.350000 0.350000
          0.800000 0.950000 0.750000
          0.150000 0.450000 0.150000
          0.200000 0.800000 0.350000
          0.800000 0.450000 0.850000
          0.700000 0.050000 0.300000
          0.700000 0.050000 0.950000
          0.800000 0.350000 0.150000
          0.150000 0.750000 0.350000
          0.050000 0.800000 0.750000
          0.450000 0.750000 0.500000
          0.100000 0.850000 1.000000
          0.150000 0.200000 0.450000
          1.000000 1.000000 0.600000
          0.500000 1.000000 0.700000
          0.300000 0.650000 0.900000
          0.050000 0.600000 0.250000
          0.900000 0.900000 0.300000
          0.950000 0.150000 0.800000
          0.0 0.800000 0.200000
          0.300000 0.300000 0.600000
          0.150000 0.550000 0.150000
          0.600000 0.400000 0.400000
          0.800000 0.0 0.550000
          0.600000 0.600000 0.600000
          0.950000 0.150000 0.450000
          0.400000 0.150000 0.700000
          0.900000 0.200000 0.450000
          0.0 0.650000 0.050000
          0.050000 0.0 0.100000
          0.050000 0.500000 0.500000
          1.000000 0.950000 0.400000
          1.000000 0.200000 0.800000
          0.0 0.150000 0.300000
          0.850000 0.550000 0.150000
          0.350000 1.000000 1.000000
          0.300000 0.300000 0.450000
          0.0 0.200000 0.050000
          0.100000 0.750000 0.0
          0.600000 1.000000 0.450000
          0.500000 0.750000 0.0
          0.250000 0.0 0.600000
          0.350000 0.300000 0.600000
          0.100000 0.0 0.950000
          0.950000 0.600000 0.950000
          0.700000 0.300000 0.300000
          1.000000 0.200000 0.250000
          0.050000 0.800000 0.900000
          0.300000 1.000000 0.350000
          0.600000 0.750000 0.0
          0.600000 0.0 0.650000
          0.250000 0.500000 1.000000
          0.350000 0.900000 0.050000
          0.550000 0.850000 0.700000
          0.700000 0.750000 0.950000
          0.150000 0.550000 0.250000
          0.0 0.400000 0.700000
          0.850000 0.0 0.750000
          0.100000 0.900000 0.850000
          0.500000 0.150000 0.400000
          0.800000 0.400000 0.500000
          0.650000 0.850000 0.300000
          0.0 0.850000 0.950000
          0.800000 0.550000 0.100000
          0.0 0.650000 0.550000
          0.600000 0.750000 0.650000
          1.000000 0.400000 0.800000
          0.450000 0.950000 0.150000
          0.700000 0.0 1.000000
          0.400000 0.750000 0.300000
          0.850000 0.600000 0.850000
          0.750000 0.0 0.150000
          0.950000 0.700000 0.500000
          0.250000 0.500000 0.650000
          0.050000 0.300000 1.000000
          0.700000 0.800000 1.000000
          0.050000 0.200000 0.200000
          0.850000 0.900000 0.950000
          0.700000 0.050000 0.500000
          0.500000 0.950000 0.850000
          0.800000 0.900000 0.200000
          0.500000 0.050000 0.500000
          0.750000 0.150000 0.600000
          0.550000 0.450000 0.400000
          0.500000 0.600000 0.400000
          0.100000 0.850000 0.200000
          0.550000 0.300000 0.500000
          0.650000 0.650000 0.850000
          0.150000 0.150000 0.100000
          0.900000 0.550000 0.450000
          0.700000 0.650000 0.500000
          0.250000 1.000000 0.900000
          0.650000 0.900000 0.300000
          0.600000 0.650000 0.850000
          0.100000 0.100000 1.000000
          0.150000 0.0 0.900000
          0.500000 0.850000 1.000000
          0.100000 0.800000 0.350000
          0.800000 0.950000 0.300000
          0.950000 0.100000 0.400000
          0.300000 0.100000 0.900000
          0.550000 0.150000 1.000000
          0.850000 1.000000 0.100000
          0.850000 0.650000 0.750000
          0.100000 0.850000 0.050000
          0.750000 0.200000 0.150000
          1.000000 0.450000 0.350000
          0.450000 0.300000 0.350000
          0.900000 0.300000 0.500000
          0.400000 0.300000 0.700000
          1.000000 0.150000 0.900000
          0.650000 0.300000 0.250000
          0.650000 0.800000 0.700000
          0.950000 0.0 0.850000
          0.050000 0.550000 0.100000
          0.100000 0.600000 0.500000
          0.650000 0.100000 0.750000
          0.750000 1.000000 0.400000
          0.800000 0.250000 0.800000
          0.050000 0.600000 0.450000
          0.100000 0.600000 0.400000
          0.750000 0.350000 0.950000
          0.150000 0.550000 0.100000
          0.650000 1.000000 0.500000
          0.450000 0.750000 0.700000
          0.750000 0.750000 0.700000
          0.400000 0.200000 0.100000
          0.550000 0.600000 0.150000
          0.500000 0.850000 0.350000
          0.350000 0.900000 0.350000
          0.700000 0.950000 0.400000
          0.950000 0.0 0.200000
          0.600000 0.950000 0.650000
          0.950000 0.650000 0.950000
          0.650000 0.900000 0.950000
          0.100000 0.050000 0.050000
          0.600000 0.0 0.550000
          0.550000 0.550000 0.700000
          0.300000 0.550000 0.250000
          0.150000 0.350000 0.600000
          0.450000 0.050000 0.600000
          0.700000 0.300000 0.350000
          0.350000 0.900000 0.950000
          0.600000 0.400000 0.500000
          0.550000 0.450000 0.150000
          1.000000 0.300000 0.250000
          0.350000 0.300000 0.700000
          0.400000 0.150000 0.550000
          0.950000 0.450000 0.900000
          0.600000 0.050000 0.250000
          0.200000 0.800000 0.650000
          0.450000 0.200000 0.300000
          0.600000 0.500000 0.100000
          0.500000 0.300000 0.500000
          0.800000 0.750000 0.550000
          0.100000 0.700000 0.0
          0.400000 0.100000 1.000000
          1.000000 0.0 0.250000
          0.250000 0.250000 0.250000
          0.500000 0.450000 0.500000
          0.550000 0.250000 0.050000
          0.050000 0.900000 0.0
          0.850000 0.250000 0.300000
          0.700000 0.0 0.650000
          0.500000 0.250000 0.900000
          0.700000 0.550000 0.950000
          0.250000 0.700000 0.500000
          0.900000 0.850000 0.800000
          0.0 0.650000 0.500000
          0.150000 0.050000 0.850000
          0.200000 0.500000 0.600000
          0.250000 0.650000 0.800000
          0.0 0.550000 0.150000
          0.350000 0.750000 0.150000
          0.750000 0.500000 0.400000
          1.000000 0.900000 0.850000
          0.050000 0.800000 0.300000
          0.450000 0.850000 0.750000
          0.350000 0.800000 0.400000
          0.600000 0.350000 0.800000
          0.300000 0.700000 0.800000
          0.500000 0.350000 0.250000
          0.600000 0.100000 0.050000
          0.050000 0.750000 0.450000
          1.000000 0.050000 0.600000
          0.200000 0.100000 0.550000
          0.450000 0.750000 0.350000
          0.100000 0.750000 0.450000
          0.850000 0.650000 0.200000
          0.0 0.200000 0.900000
          0.800000 0.850000 0.700000
          1.000000 0.150000 0.650000
          0.250000 0.950000 1.000000
          0.700000 0.200000 0.250000
          0.100000 0.450000 0.050000
          0.900000 0.900000 0.750000
          0.900000 0.850000 0.750000
          0.250000 0.900000 0.050000
          0.050000 0.150000 0.200000
          0.350000 0.0 0.550000
          0.450000 0.350000 0.500000
          0.200000 0.100000 0.250000
          0.500000 0.450000 0.0
          0.650000 0.300000 0.600000
          1.000000 0.400000 0.600000
          0.250000 0.200000 0.650000
          0.750000 0.900000 0.450000
          0.450000 0.150000 0.350000
          0.550000 0.650000 0.500000
          0.550000 0.250000 0.0
          0.700000 0.0 0.500000
          0.100000 0.900000 1.000000
          0.450000 0.750000 0.150000
          0.250000 0.350000 0.700000
          0.050000 0.750000 0.200000
          0.300000 0.500000 0.850000
          0.250000 1.000000 0.250000
          0.950000 0.450000 0.200000
          0.500000 0.100000 0.650000
          0.200000 0.850000 0.500000
          0.450000 0.100000 0.050000
          1.000000 0.850000 0.900000
          0.750000 0.700000 0.150000
          0.350000 0.550000 0.300000
          0.200000 0.600000 1.000000
          0.150000 0.250000 0.450000
          0.050000 0.550000 0.150000
          0.800000 0.800000 0.200000
          0.350000 0.500000 0.700000
          0.600000 0.0 0.750000
          0.400000 0.100000 0.450000
          0.0 0.750000 0.750000
          0.650000 0.700000 0.950000
          0.800000 0.0 1.000000
          0.350000 0.250000 0.700000
          0.600000 0.800000 0.050000
          0.650000 0.800000 0.050000
          0.250000 0.700000 0.450000
          0.650000 0.550000 0.700000
          0.400000 0.200000 0.300000
          0.650000 0.100000 0.850000
          0.950000 0.350000 0.650000
          0.250000 0.900000 0.450000
          0.400000 0.100000 0.600000
          0.050000 0.0 0.250000
          0.200000 0.150000 0.350000
          0.350000 0.200000 0.400000
          1.000000 0.450000 0.850000
          0.050000 0.450000 0.750000
          0.800000 0.150000 0.050000
          0.650000 0.750000 0.250000
          0.250000 0.450000 0.350000
          0.400000 0.050000 0.450000
          0.850000 0.800000 0.250000
          0.800000 0.600000 0.600000
          0.250000 0.800000 0.150000
          0.550000 0.800000 0.250000
          0.150000 1.000000 0.350000
          0.800000 0.400000 0.200000
          0.250000 0.700000 0.150000
          0.550000 0.800000 0.150000
          0.950000 0.150000 0.300000
          0.750000 0.450000 0.300000
          0.650000 0.850000 0.150000
          0.750000 0.800000 0.650000
          0.950000 0.350000 0.200000
          0.050000 0.300000 0.500000
          0.900000 0.150000 0.550000
          0.900000 1.000000 0.300000
          0.750000 0.450000 0.100000
          0.700000 0.750000 0.300000
          0.800000 0.700000 0.400000
          0.350000 0.900000 0.650000
          0.600000 1.000000 0.650000
          0.900000 0.100000 0.150000
          0.650000 0.300000 0.450000
          0.800000 0.550000 0.600000
          0.100000 0.250000 0.650000
          0.650000 0.550000 0.650000
          0.050000 0.950000 0.750000
          0.450000 1.000000 0.250000
          0.500000 0.100000 0.050000
          0.200000 1.000000 0.050000
          0.450000 0.600000 0.500000
          0.0 0.0 0.700000
          0.100000 0.0 0.850000
          0.300000 0.300000 0.850000
          0.400000 0.150000 0.300000
          0.200000 0.950000 0.700000
          0.400000 0.550000 1.000000
          0.050000 0.800000 0.800000
          0.050000 0.250000 0.350000
          0.800000 0.300000 0.500000
          0.100000 0.400000 0.600000
          0.700000 0.0 0.600000
          0.200000 0.050000 0.150000
          0.800000 0.500000 0.950000
          0.350000 0.600000 0.600000
          0.900000 0.850000 0.500000
          1.000000 0.900000 0.600000
          0.950000 0.500000 0.550000
          0.400000 0.200000 0.650000
          0.850000 0.450000 0.050000
          0.450000 0.300000 0.900000
          1.000000 0.650000 0.200000
          0.450000 1.000000 0.900000
          0.800000 0.650000 0.100000
          0.900000 0.800000 0.850000
          0.200000 0.650000 0.200000
          0.700000 0.150000 0.700000
          0.400000 0.350000 0.850000
          0.700000 0.350000 0.850000
          0.050000 0.450000 0.200000
          0.800000 0.400000 0.700000
          0.400000 0.850000 0.850000
          0.950000 0.650000 0.900000
          0.650000 0.350000 0.700000
          0.900000 0.300000 0.300000
          0.300000 0.600000 0.650000
          0.650000 0.0 0.250000
          0.550000 0.100000 0.300000
          0.350000 0.800000 0.950000
          0.750000 0.150000 0.950000
          0.200000 0.100000 0.450000
          0.800000 0.550000 0.550000
          0.650000 0.450000 0.950000
          0.300000 0.750000 0.050000
          0.250000 0.500000 0.900000
          0.850000 0.650000 0.050000
          0.400000 0.600000 0.100000
          0.850000 0.150000 0.950000
          0.600000 0.450000 0.0
          0.350000 0.250000 0.400000
          0.250000 0.100000 1.000000
          0.700000 0.050000 0.850000
          0.350000 0.400000 0.300000
          0.550000 0.650000 0.100000
          0.600000 0.650000 0.900000
          0.150000 0.300000 0.250000
          0.800000 0.250000 0.750000
          0.400000 0.600000 0.200000
          0.350000 0.100000 0.450000
          0.900000 0.650000 0.500000
          0.450000 0.600000 1.000000
          0.550000 0.050000 0.850000
          0.200000 0.200000 0.400000
          0.350000 0.650000 0.100000
          0.150000 0.600000 0.0
          0.300000 0.550000 0.050000
          0.850000 0.250000 0.100000
          0.850000 0.400000 0.250000
          0.300000 0.950000 0.850000
          0.350000 0.100000 0.200000
          0.850000 0.250000 0.250000
          0.100000 0.950000 0.950000
          0.600000 0.350000 0.900000
          0.700000 0.900000 0.300000
          0.250000 0.700000 1.000000
          0.350000 0.650000 0.700000
          0.100000 0.200000 0.0
          0.600000 0.750000 1.000000
          0.150000 0.150000 0.050000
          0.600000 0.400000 0.900000
          0.150000 0.400000 0.050000
          1.000000 0.450000 0.300000
          0.350000 0.300000 0.500000
          0.750000 0.300000 0.0
          0.0 0.650000 0.100000
          0.700000 0.750000 0.250000
          0.850000 0.300000 0.250000
          0.650000 0.450000 0.850000
          0.900000 0.600000 0.0
          0.200000 0.750000 0.100000
          0.300000 0.700000 0.350000
          0.250000 0.800000 0.500000
          0.450000 0.350000 0.350000
          0.850000 0.250000 1.000000
          0.050000 0.450000 0.450000
          0.150000 0.300000 0.450000
          0.350000 0.050000 0.400000
          0.850000 0.950000 0.850000
          0.750000 0.600000 0.550000
          0.300000 0.450000 0.200000
          0.350000 0.800000 0.600000
          0.200000 0.750000 0.650000
          0.600000 0.900000 0.950000
          0.650000 0.650000 0.100000
          0.100000 0.300000 1.000000
          0.750000 0.450000 0.0
          0.450000 0.700000 0.400000
          0.800000 0.750000 0.350000
          0.050000 0.600000 0.550000
          0.800000 0.350000 0.100000
          0.350000 0.0 0.650000
          1.000000 0.300000 0.800000
          0.900000 0.300000 0.150000
          0.650000 0.800000 0.500000
          0.200000 1.000000 0.0
          0.950000 0.0 0.600000
          0.200000 0.300000 0.500000
          0.150000 0.450000 0.900000
          0.400000 0.100000 0.300000
          0.550000 0.750000 0.450000
          0.800000 0.800000 0.450000
          0.550000 0.600000 0.550000
          0.600000 0.100000 0.600000
          0.200000 0.400000 0.800000
          0.300000 0.900000 0.700000
          0.500000 0.250000 0.700000
          0.0 0.800000 0.500000
          0.800000 0.850000 0.250000
          0.950000 0.100000 0.850000
          0.500000 0.900000 0.050000
          0.900000 0.750000 0.200000
          0.700000 0.100000 0.250000
          0.650000 0.050000 0.900000
          0.0 0.650000 0.0
          0.400000 0.250000 0.150000
          0.700000 0.650000 0.0
          0.900000 0.300000 0.400000
          0.0 0.350000 0.600000
          0.800000 0.650000 0.700000
          0.500000 0.850000 0.700000
          0.650000 0.150000 0.300000
          0.500000 0.700000 0.800000
          0.850000 0.650000 0.400000
          0.050000 0.250000 0.050000
          0.350000 0.350000 0.800000
          0.550000 0.700000 0.800000
          0.650000 0.350000 0.150000
          0.350000 0.800000 0.050000
          0.550000 0.700000 0.600000
          0.900000 0.350000 0.600000
          0.850000 0.850000 0.350000
          0.250000 0.850000 0.450000
          0.0 0.250000 0.750000
          0.550000 0.050000 0.400000
          0.150000 0.900000 0.850000
          0.200000 0.150000 0.900000
          0.100000 0.350000 0.500000
          0.100000 0.700000 0.300000
          0.900000 0.650000 0.550000
          0.950000 0.900000 0.900000
          0.350000 0.250000 0.300000
          0.650000 0.500000 0.350000
          0.850000 0.400000 0.950000
          0.050000 0.150000 0.800000
          0.600000 0.650000 0.050000
          0.750000 0.800000 0.700000
          0.300000 1.000000 0.0
          0.550000 0.500000 0.800000
          0.250000 0.050000 0.900000
          0.200000 0.250000 0.150000
          0.0 1.000000 0.150000
          0.750000 0.800000 0.500000
          0.200000 0.300000 0.0
          0.650000 0.850000 0.500000
          0.350000 0.950000 0.300000
          0.400000 0.750000 0.800000
          0.850000 0.450000 0.0
          0.350000 0.700000 0.900000
          0.250000 0.800000 0.650000
          0.650000 0.900000 0.200000
          0.900000 0.050000 0.900000
          0.650000 0.100000 1.000000
          0.150000 1.000000 0.450000
          0.450000 0.650000 0.400000
          0.450000 0.650000 0.550000
          0.350000 0.350000 0.400000
          0.550000 0.300000 0.300000
          1.000000 0.950000 0.450000
          0.150000 0.800000 0.150000
          0.450000 0.150000 0.200000
          0.500000 0.050000 1.000000
          0.750000 0.800000 1.000000
          0.850000 0.050000 0.800000
          0.850000 0.0 0.650000
          0.200000 0.600000 0.900000
          0.400000 0.200000 0.950000
          0.150000 0.850000 0.0
          0.500000 0.650000 0.100000
          0.550000 0.900000 0.700000
          0.0 0.850000 0.300000
          0.400000 0.900000 0.900000
          0.750000 0.650000 0.950000
          0.900000 0.750000 0.0
          0.550000 0.500000 0.150000
          0.450000 0.800000 0.750000
          0.300000 0.250000 0.100000
          0.100000 0.900000 0.500000
          0.350000 0.500000 0.550000
          0.350000 0.700000 0.950000
          0.600000 0.450000 0.900000
          0.100000 0.400000 0.550000
          0.100000 0.500000 1.000000
          0.350000 0.500000 0.600000
          0.400000 0.150000 0.850000
          0.300000 0.100000 0.450000
          0.550000 0.750000 0.800000
          0.100000 0.550000 0.600000
          0.450000 0.250000 0.450000
          0.750000 0.750000 0.400000
          0.700000 0.800000 0.200000
          0.400000 0.950000 0.250000
          0.600000 0.100000 0.700000
          0.250000 0.300000 0.350000
          0.150000 0.600000 0.550000
          0.650000 0.400000 0.750000
          0.500000 0.350000 0.0
          0.500000 0.500000 0.200000
          0.550000 1.000000 0.0
          0.800000 0.200000 0.150000
          0.750000 0.100000 0.600000
          0.300000 0.850000 0.450000
          0.150000 0.300000 0.750000
          0.350000 0.950000 0.800000
          0.150000 0.750000 0.900000
          0.100000 0.050000 0.950000
          0.600000 0.800000 0.200000
          0.950000 0.150000 0.200000
          0.250000 0.750000 0.950000
          0.850000 0.500000 0.550000
          0.650000 0.600000 0.500000
          0.550000 0.300000 0.650000
          0.100000 0.900000 0.700000
          0.350000 0.950000 0.550000
          0.300000 0.550000 0.400000
          0.100000 1.000000 0.700000
          0.0 0.800000 0.800000
          0.350000 0.450000 1.000000
          0.750000 1.000000 0.450000
          0.150000 0.800000 0.650000
          0.600000 0.400000 0.750000
          0.200000 0.400000 0.250000
          0.100000 1.000000 0.500000
          0.650000 0.850000 0.850000
          0.700000 0.450000 0.900000
          0.250000 0.0 0.350000
          0.300000 0.450000 1.000000
          0.600000 0.350000 0.150000
          0.250000 0.500000 0.300000
          0.100000 0.050000 0.500000
          0.900000 0.550000 0.750000
          0.700000 0.200000 0.700000
          0.300000 0.300000 0.550000
          0.550000 0.500000 0.500000
          0.850000 0.900000 0.200000
          0.550000 0.450000 0.300000
          0.600000 0.800000 0.250000
          0.550000 0.450000 0.550000
          0.500000 0.200000 0.250000
          0.600000 0.450000 0.350000
          0.200000 0.100000 0.0
          0.650000 0.850000 0.350000
          0.300000 0.200000 0.150000
          0.450000 0.950000 0.550000
          0.250000 0.800000 0.600000
          0.850000 0.500000 0.650000
          0.550000 0.800000 0.900000
          0.700000 0.400000 0.050000
          0.300000 0.700000 0.200000
          0.200000 0.800000 0.750000
          0.250000 0.450000 0.250000
          0.800000 0.450000 0.400000
          0.750000 0.500000 0.100000
          0.300000 0.500000 0.200000
          0.450000 0.150000 0.850000
          0.800000 0.600000 0.550000
          0.650000 0.700000 0.800000
          0.200000 0.200000 0.100000
          0.350000 0.850000 0.900000
          0.900000 0.900000 0.900000
          0.500000 0.450000 0.600000
          0.050000 0.650000 0.450000
          0.800000 0.0 0.0
          0.300000 0.350000 0.750000
          0.750000 0.150000 0.450000
          0.150000 0.200000 0.550000
          0.950000 0.900000 0.750000
          0.200000 0.300000 0.700000
          0.950000 0.450000 0.850000
          0.0 0.800000 0.600000
          0.0 0.200000 0.650000
          0.250000 0.500000 0.150000
          0.850000 0.200000 0.550000
          0.900000 0.200000 0.600000
          0.400000 0.150000 0.900000
          0.050000 0.800000 0.950000
          0.600000 0.800000 1.000000
          0.400000 0.550000 0.950000
          0.400000 0.950000 0.450000
          0.300000 0.0 0.100000
          0.450000 0.650000 0.050000
          0.950000 0.300000 0.250000
          0.450000 0.300000 0.250000
          0.050000 0.600000 0.100000
          0.150000 0.800000 0.350000
          0.800000 0.900000 1.000000
          0.900000 0.650000 0.0
          0.650000 0.700000 0.200000
          0.650000 0.400000 0.400000
          0.700000 0.050000 0.350000
          0.300000 1.000000 0.200000
          0.600000 0.800000 0.300000
          0.500000 0.600000 0.0
          0.950000 0.250000 0.550000
          1.000000 0.050000 0.350000
          0.350000 0.050000 0.650000
          0.250000 0.750000 0.350000
          0.0 0.600000 0.900000
          0.350000 0.550000 1.000000
          0.400000 0.0 0.900000
          0.950000 0.550000 0.0
          0.900000 0.450000 0.450000
          0.300000 0.550000 0.100000
          0.100000 0.100000 0.850000
          0.650000 0.550000 0.850000
          0.500000 0.500000 0.400000
          0.100000 0.700000 0.500000
          0.300000 0.800000 0.050000
          0.300000 0.0 0.800000
          0.0 0.400000 1.000000
          0.700000 0.500000 0.400000
          0.550000 1.000000 0.250000
          0.900000 0.200000 0.300000
          0.600000 0.900000 0.400000
          0.900000 0.800000 0.500000
          1.000000 0.700000 0.500000
          0.0 0.0 0.550000
          0.850000 0.400000 0.750000
          1.000000 0.800000 0.850000
          0.300000 0.0 0.950000
          0.250000 0.700000 0.050000
          0.900000 0.650000 0.400000
          0.800000 0.850000 0.100000
          0.150000 0.0 0.550000
          0.500000 0.900000 0.650000
          0.150000 0.750000 0.550000
          0.800000 0.0 0.650000
          0.500000 0.700000 0.650000
          0.350000 0.0 0.800000
          0.200000 0.800000 0.250000
          1.000000 0.200000 0.950000
          0.700000 0.500000 0.900000
          0.250000 0.450000 0.100000
          0.0 0.050000 0.450000
          0.400000 0.800000 0.600000
          0.100000 0.450000 0.700000
          0.350000 0.450000 0.750000
          0.250000 0.300000 1.000000
          0.300000 0.600000 1.000000
          0.250000 0.700000 0.600000
          0.350000 0.400000 0.150000
          0.300000 0.450000 0.250000
          0.350000 0.250000 0.800000
          0.650000 0.0 0.050000
          0.050000 0.850000 0.300000
          0.450000 0.550000 0.0
          0.750000 0.250000 0.100000
          0.200000 0.750000 0.350000
          0.650000 0.300000 0.350000
          0.550000 0.950000 0.850000
          0.100000 0.500000 0.350000
          0.900000 0.600000 0.450000
          0.250000 0.900000 0.550000
          0.350000 0.150000 0.900000
          0.950000 0.650000 0.500000
          0.0 0.150000 0.0
          0.050000 0.950000 0.400000
          0.850000 0.300000 1.000000
          0.250000 1.000000 0.350000
          1.000000 0.900000 0.750000
          0.850000 0.900000 0.250000
          0.400000 0.450000 0.450000
          0.750000 0.250000 0.650000
          0.850000 0.600000 0.650000
          0.0 0.750000 0.050000
          0.050000 0.850000 0.350000
          0.450000 0.600000 0.300000
          0.900000 0.700000 0.450000
          0.050000 0.550000 0.750000
          0.500000 0.700000 0.150000
          0.500000 0.850000 0.150000
          0.850000 0.650000 0.950000
          1.000000 0.800000 0.100000
          0.550000 0.500000 0.200000
          0.200000 0.600000 0.200000
          0.350000 0.400000 0.950000
          1.000000 0.800000 0.0
          0.500000 0.800000 0.250000
          0.900000 0.200000 0.400000
          0.450000 0.050000 0.200000
          0.500000 0.450000 0.050000
          1.000000 0.150000 0.400000
          0.250000 0.150000 0.250000
          0.0 0.350000 0.800000
          0.100000 1.000000 0.550000
          0.550000 0.300000 0.700000
          0.700000 0.400000 0.800000
          0.250000 0.400000 0.100000
          0.600000 0.800000 0.0
          0.750000 0.750000 0.200000
          0.950000 0.650000 0.400000
          0.300000 0.300000 0.0
          0.300000 1.000000 0.300000
          0.700000 0.150000 0.500000
          0.400000 1.000000 0.450000
          0.650000 0.950000 0.600000
          0.550000 0.750000 0.300000
          0.350000 0.0 0.500000
          0.800000 1.000000 0.950000
          0.150000 0.500000 0.100000
          0.200000 0.0 0.700000
          0.800000 0.200000 1.000000
          0.200000 0.800000 0.850000
          0.550000 0.450000 0.850000
          0.700000 0.300000 0.150000
          0.500000 0.650000 0.150000
          0.450000 0.350000 0.300000
          0.700000 0.250000 0.400000
          0.750000 0.150000 0.700000
          0.200000 0.600000 0.150000
          0.350000 0.250000 0.950000
          0.950000 0.850000 0.700000
          0.350000 0.600000 0.150000
          0.900000 0.250000 0.100000
          0.0 0.800000 1.000000
          0.200000 0.250000 0.350000
          0.200000 0.250000 0.300000
          0.050000 0.150000 0.650000
          0.250000 0.100000 0.700000
          0.550000 0.550000 0.050000
          0.400000 0.950000 0.800000
          0.200000 1.000000 0.850000
          0.400000 0.150000 0.950000
          0.900000 0.050000 0.550000
          0.450000 0.150000 0.650000
          0.0 0.700000 0.450000
          0.950000 0.100000 0.950000
          0.950000 1.000000 0.300000
          0.300000 0.0 0.750000
          0.750000 0.050000 1.000000
          0.700000 0.350000 0.300000
          0.750000 0.250000 0.450000
          0.850000 0.650000 0.250000
          0.0 0.250000 0.550000
          0.550000 0.450000 0.900000
          0.600000 0.250000 0.400000
          0.900000 0.150000 0.500000
          0.200000 0.950000 0.0
          0.700000 0.650000 0.250000
          0.200000 0.250000 0.650000
          1.000000 0.550000 0.100000
          0.500000 0.100000 0.300000
          0.450000 0.750000 0.400000
          0.550000 0.200000 0.150000
          0.300000 0.050000 0.150000
          0.250000 0.550000 0.650000
          0.800000 0.150000 0.750000
          1.000000 0.600000 0.700000
          0.750000 0.900000 0.950000
          0.700000 0.050000 0.050000
          0.450000 0.0 0.600000
          0.800000 0.400000 1.000000
          0.500000 1.000000 0.450000
          0.300000 0.200000 0.100000
          0.150000 0.350000 0.100000
          0.350000 0.800000 0.150000
          0.050000 0.350000 0.500000
          0.900000 0.200000 0.0
          0.400000 0.650000 0.900000
          0.200000 0.650000 0.400000
          0.400000 0.550000 0.500000
          0.350000 0.450000 0.050000
          0.750000 0.900000 0.150000
          0.700000 0.950000 0.650000
          0.100000 0.350000 0.950000
          0.600000 0.150000 1.000000
          0.150000 0.650000 0.900000
          0.800000 0.950000 0.350000
          0.750000 0.100000 0.800000
          0.300000 0.700000 0.300000
          0.800000 0.600000 0.700000
          0.650000 1.000000 0.400000
          0.350000 0.600000 0.0
          0.700000 0.950000 0.850000
          0.950000 0.200000 0.050000
          0.050000 0.650000 0.900000
          0.200000 0.350000 0.850000
          0.250000 0.950000 0.450000
          0.850000 0.500000 0.600000
          0.050000 0.100000 0.850000
          0.450000 1.000000 0.100000
          0.950000 0.150000 0.950000
          0.950000 0.0 0.750000
          0.400000 0.700000 0.900000
          0.650000 0.300000 0.150000
          0.100000 0.200000 0.550000
          0.150000 0.450000 0.0
          0.050000 0.100000 0.150000
          0.900000 0.0 0.050000
          0.500000 0.200000 0.650000
          0.450000 0.150000 0.500000
          0.600000 0.100000 0.200000
          0.050000 0.950000 0.0
          0.250000 0.100000 0.850000
          0.150000 0.500000 0.900000
          0.450000 0.650000 0.850000
          0.450000 0.150000 0.550000
          0.400000 0.150000 0.800000
          0.150000 0.850000 0.600000
          0.500000 0.100000 0.700000
          0.050000 0.700000 0.700000
          0.900000 0.400000 0.050000
          0.850000 0.250000 0.650000
          0.600000 0.300000 0.450000
          0.400000 0.050000 0.600000
          0.600000 0.700000 0.650000
          0.900000 0.550000 0.400000
          0.150000 0.650000 0.450000
          0.700000 0.500000 0.950000
          0.600000 0.950000 0.700000
          0.400000 0.550000 0.250000
          0.800000 0.550000 0.0
          0.600000 0.700000 0.600000
          0.600000 0.350000 0.750000
          0.100000 0.950000 0.600000
          0.700000 0.700000 0.850000
          0.700000 0.850000 0.550000
          0.050000 0.800000 0.350000
          0.100000 0.450000 0.900000
          1.000000 0.0 0.400000
          0.100000 0.0 0.550000
          0.900000 0.950000 0.750000
          0.750000 0.900000 0.850000
          0.150000 0.150000 0.500000
          0.300000 0.050000 0.800000
          0.550000 0.300000 0.0
          0.450000 0.200000 0.750000
          0.150000 0.550000 0.700000
          0.300000 0.750000 0.350000
          0.150000 0.050000 0.350000
          0.100000 0.200000 0.050000
          0.150000 0.350000 0.800000
          0.450000 0.550000 0.450000
          1.000000 0.950000 0.300000
          0.450000 0.950000 0.900000
          0.550000 0.200000 0.950000
          0.0 0.400000 0.300000
          0.650000 1.000000 0.650000
          0.400000 0.750000 0.100000
          0.600000 0.200000 0.600000
          0.850000 0.550000 0.300000
          0.700000 0.250000 0.750000
          0.100000 0.950000 1.000000
          0.950000 0.500000 0.300000
          0.800000 0.650000 0.050000
          0.350000 0.050000 0.150000
          0.400000 0.400000 0.200000
          0.650000 0.200000 0.900000
          0.050000 0.800000 0.850000
          0.0 0.350000 0.350000
          0.950000 0.800000 0.900000
          0.500000 0.0 0.200000
          0.250000 0.200000 1.000000
          0.750000 1.000000 0.050000
          0.750000 0.750000 0.650000
          0.500000 0.050000 0.750000
          0.250000 0.700000 0.100000
          0.950000 0.600000 1.000000
          1.000000 0.050000 0.050000
          0.850000 0.800000 0.650000
          0.150000 0.700000 0.750000
          0.500000 0.400000 0.950000
          0.400000 0.800000 0.300000
          0.300000 0.500000 0.700000
          0.550000 0.250000 0.750000
          0.150000 0.100000 0.800000
          0.750000 0.700000 0.900000
          0.500000 0.150000 0.850000
          0.350000 0.450000 0.700000
          0.750000 0.250000 0.700000
          0.400000 0.050000 0.750000
          0.050000 0.650000 0.300000
          0.550000 0.850000 0.500000
          0.450000 1.000000 0.450000
          0.600000 0.950000 0.850000
          0.350000 0.850000 0.600000
          0.050000 0.700000 0.550000
          0.400000 0.350000 0.0
          0.150000 0.150000 0.400000
          0.400000 0.450000 0.500000
          0.900000 0.800000 0.900000
          0.100000 0.500000 0.400000
          0.450000 0.250000 0.150000
          0.250000 0.200000 0.750000
          0.0 0.400000 0.950000
          0.950000 0.650000 0.450000
          0.650000 0.100000 0.700000
          0.450000 0.950000 0.700000
          0.550000 0.350000 0.200000
          0.050000 0.150000 0.250000
          1.000000 0.750000 0.300000
          0.950000 0.300000 0.900000
          0.450000 0.500000 0.950000
          0.850000 0.350000 0.350000
          0.750000 0.100000 0.500000
          0.400000 0.150000 1.000000
          0.250000 0.850000 0.100000
          0.800000 0.200000 0.750000
          0.700000 0.550000 0.500000
          0.100000 0.950000 0.200000
          1.000000 0.350000 0.650000
          0.500000 0.050000 0.900000
          0.900000 1.000000 0.500000
          0.550000 0.150000 0.900000
          0.350000 0.200000 0.900000
          1.000000 0.750000 0.900000
          0.600000 0.900000 1.000000
          0.700000 0.600000 0.900000
          0.100000 0.850000 0.250000
          0.100000 0.100000 0.300000
          0.200000 0.950000 0.250000
          0.100000 0.250000 0.200000
          1.000000 0.400000 0.850000
          0.750000 0.800000 0.250000
          0.850000 0.450000 0.550000
          0.900000 0.700000 0.850000
          0.050000 0.400000 0.950000
          0.550000 1.000000 0.950000
          0.750000 0.850000 1.000000
          0.200000 0.200000 0.0
          0.0 0.700000 0.200000
          0.900000 0.650000 0.350000
          0.950000 0.700000 1.000000
          0.0 0.750000 0.450000
          0.400000 0.100000 0.950000
          0.800000 0.400000 0.150000
          0.400000 0.0 0.100000
          0.600000 0.450000 0.800000
          0.600000 0.450000 0.250000
          0.800000 1.000000 0.400000
          0.0 0.100000 0.750000
          0.500000 0.300000 0.850000
          0.700000 0.050000 0.750000
          0.800000 0.800000 0.550000
          0.050000 0.400000 0.650000
          0.400000 0.850000 0.250000
          0.200000 0.0 0.450000
          0.0 0.400000 0.750000
          0.950000 0.350000 0.250000
          0.100000 0.700000 0.650000
          0.150000 0.700000 0.700000
          0.100000 0.700000 0.100000
          0.200000 1.000000 0.500000
          0.200000 0.500000 0.050000
          0.550000 0.500000 1.000000
          0.450000 0.500000 0.850000
          0.200000 0.550000 0.700000
          0.700000 0.650000 0.600000
          0.550000 0.800000 0.050000
          0.350000 0.650000 0.200000
          0.200000 0.750000 0.850000
          0.250000 0.850000 0.950000
          0.550000 0.500000 0.550000
          0.250000 0.450000 0.700000
          0.050000 0.900000 0.450000
          0.450000 0.050000 0.750000
          0.150000 0.300000 0.650000
          0.500000 0.650000 0.450000
          0.900000 0.200000 0.550000
          0.900000 0.800000 0.100000
          1.000000 0.150000 0.750000
          0.150000 0.450000 0.850000
          0.800000 1.000000 0.150000
          0.350000 0.200000 0.250000
          0.450000 0.350000 0.850000
          0.150000 0.500000 0.850000
          0.200000 0.950000 0.100000
          0.850000 0.100000 0.0
          0.150000 0.550000 0.850000
          0.150000 0.950000 0.150000
          0.550000 0.500000 0.900000
          0.400000 0.350000 0.050000
          0.700000 0.800000 0.900000
          0.350000 0.900000 0.500000
          0.0 1.000000 0.450000
          0.400000 1.000000 1.000000
          1.000000 0.300000 0.150000
          1.000000 0.900000 0.500000
          0.950000 0.800000 0.650000
          0.950000 0.700000 0.850000
          0.0 0.150000 0.700000
          0.850000 1.000000 0.550000
          0.400000 0.700000 0.250000
          0.100000 0.650000 0.050000
          0.450000 0.0 0.750000
          0.450000 0.950000 0.350000
          0.350000 0.600000 0.500000
          0.500000 0.400000 0.550000
          0.900000 0.400000 0.350000
          0.250000 0.900000 0.250000
          0.750000 0.800000 0.350000
          0.450000 0.950000 0.050000
          0.600000 0.050000 0.450000
          0.650000 0.500000 0.500000
          0.300000 0.050000 0.450000
          0.200000 0.450000 0.150000
          0.800000 0.300000 0.300000
          0.150000 0.300000 0.400000
          0.200000 0.100000 0.300000
          0.550000 0.100000 0.450000
          0.400000 0.350000 0.450000
          0.450000 0.950000 0.650000
          0.600000 0.850000 0.400000
          0.550000 0.550000 0.100000
          1.000000 0.400000 0.350000
          0.600000 0.450000 0.850000
          0.450000 0.900000 0.500000
          0.350000 1.000000 0.050000
          0.950000 0.100000 0.300000
          0.300000 0.150000 0.350000
          0.800000 0.200000 0.500000
          0.650000 0.400000 0.250000
          0.300000 0.200000 0.600000
          0.100000 0.750000 0.550000
          0.550000 0.400000 0.750000
          0.500000 0.250000 0.800000
          0.950000 0.750000 1.000000
          0.050000 0.350000 0.700000
          0.300000 0.150000 1.000000
          0.050000 0.550000 0.900000
          0.850000 0.450000 0.350000
          0.200000 0.800000 0.550000
          0.750000 0.300000 0.650000
          0.600000 0.0 0.350000
          0.900000 0.100000 0.350000
          0.750000 0.500000 0.500000
          0.150000 0.500000 0.600000
          0.050000 0.200000 0.100000
          0.650000 0.750000 0.600000
          0.900000 0.500000 0.750000
          0.700000 0.150000 0.800000
          0.150000 0.400000 0.900000
          0.800000 1.000000 0.750000
          0.550000 0.200000 0.250000
          1.000000 0.600000 0.850000
          0.800000 0.600000 0.650000
          0.750000 0.700000 0.950000
          0.250000 0.0 0.650000
          0.900000 0.250000 0.350000
          0.600000 0.550000 0.200000
          0.500000 0.650000 0.950000
          0.200000 0.350000 0.300000
          0.900000 0.550000 0.950000
          0.050000 0.200000 0.150000
          0.800000 0.650000 0.450000
          0.650000 0.750000 0.550000
          0.350000 0.100000 0.900000
          0.100000 0.100000 0.750000
          0.100000 0.100000 0.550000
          0.050000 0.200000 0.0
          0.150000 0.500000 0.450000
          0.550000 1.000000 0.100000
          0.750000 0.500000 0.800000
          0.600000 0.300000 0.300000
          0.0 0.300000 0.400000
          0.350000 0.350000 0.650000
          0.800000 0.650000 0.650000
          0.250000 0.500000 0.600000
          0.950000 1.000000 0.0
          0.950000 0.350000 0.750000
          0.400000 0.200000 0.550000
          0.850000 0.650000 0.850000
          0.850000 0.850000 0.950000
          0.150000 0.550000 0.650000
          1.000000 0.400000 0.650000
          0.700000 0.700000 0.0
          0.750000 0.300000 0.100000
          0.100000 0.450000 0.500000
          1.000000 0.500000 0.0
          0.250000 0.600000 0.600000
          0.750000 0.900000 0.600000
          0.900000 0.200000 0.850000
          0.0 0.750000 0.850000
          0.900000 0.550000 0.850000
          0.050000 0.850000 0.050000
          0.750000 1.000000 0.350000
          0.700000 0.600000 0.650000
          0.950000 0.0 0.400000
          0.900000 0.950000 0.0
          0.550000 0.300000 0.750000
          0.850000 0.500000 0.300000
          1.000000 0.350000 0.100000
          0.100000 0.250000 0.100000
          0.350000 0.400000 0.450000
          0.400000 0.650000 0.300000
          1.000000 0.100000 0.800000
          0.700000 0.800000 0.100000
          0.400000 0.350000 0.350000
          0.700000 0.150000 0.350000
          0.200000 1.000000 0.400000
          0.200000 0.750000 0.300000
          0.050000 0.700000 0.150000
          0.700000 1.000000 0.700000
          1.000000 0.950000 0.050000
          0.150000 0.100000 0.150000
          0.450000 0.100000 0.900000
          0.900000 1.000000 0.050000
          0.100000 0.050000 0.400000
          0.250000 0.850000 0.400000
          0.550000 0.400000 0.250000
          0.800000 0.450000 0.0
          0.100000 0.300000 0.400000
          0.750000 0.900000 0.400000
          0.350000 0.700000 0.400000
          0.700000 0.750000 0.600000
          0.650000 0.0 0.800000
          0.650000 0.150000 0.800000
          0.400000 0.250000 0.850000
          1.000000 0.800000 0.950000
          0.800000 0.050000 0.850000
          0.200000 0.400000 0.450000
          0.300000 0.250000 0.850000
          0.550000 0.400000 0.450000
          0.450000 0.200000 0.450000
          0.950000 0.050000 0.100000
          0.350000 0.200000 0.200000
          0.650000 0.800000 0.450000
          0.450000 0.0 0.200000
          0.900000 0.250000 0.650000
          0.150000 0.850000 0.800000
          0.350000 0.450000 0.400000
          0.950000 0.600000 0.350000
          0.150000 0.0 0.250000
          0.250000 1.000000 0.400000
          0.550000 0.950000 1.000000
          0.600000 0.850000 0.450000
          0.850000 0.350000 0.150000
          0.300000 0.150000 0.800000
          0.0 0.800000 0.950000
          0.700000 0.400000 0.700000
          0.500000 0.350000 0.200000
          0.400000 0.550000 0.100000
          0.450000 0.700000 0.200000
          0.750000 0.850000 0.350000
          0.050000 0.850000 0.750000
          0.050000 0.550000 0.650000
          0.700000 0.650000 0.050000
          0.500000 0.700000 0.700000
          0.750000 1.000000 0.0
          0.250000 0.200000 0.100000
          0.800000 0.300000 0.050000
          0.700000 0.700000 0.550000
          0.500000 0.700000 0.450000
          0.700000 0.550000 0.400000
          0.650000 0.550000 0.350000
          0.750000 0.350000 0.550000
          0.850000 0.750000 0.450000
          0.250000 0.600000 0.150000
          0.400000 0.500000 0.150000
          0.600000 0.450000 0.050000
          0.600000 0.900000 0.500000
          0.850000 0.700000 0.550000
          0.550000 0.900000 0.200000
          0.0 0.600000 0.0
          0.600000 0.700000 0.0
          0.050000 0.400000 0.450000
          0.600000 0.200000 0.500000
          0.100000 0.250000 0.750000
          0.700000 0.350000 0.200000
          0.200000 0.800000 0.200000
          0.450000 0.550000 0.050000
          0.800000 0.750000 0.050000
          1.000000 0.0 0.350000
          0.0 0.200000 0.400000
          0.900000 0.100000 0.200000
          0.200000 0.700000 0.550000
          0.700000 0.450000 0.200000
          0.050000 1.000000 0.050000
          0.300000 0.350000 0.200000
          0.500000 0.500000 0.250000
          0.400000 1.000000 0.650000
          0.800000 1.000000 0.450000
          0.650000 0.350000 0.750000
          0.900000 1.000000 0.400000
          0.750000 0.0 0.100000
          0.800000 0.750000 0.300000
          0.650000 0.300000 0.700000
          0.950000 0.950000 0.200000
          0.950000 0.700000 0.050000
          0.700000 0.650000 0.750000
          0.300000 0.650000 0.850000
          0.400000 0.050000 0.900000
          0.350000 0.200000 0.050000
          0.600000 0.150000 0.750000
          0.250000 1.000000 0.800000
          0.950000 0.700000 0.950000
          0.250000 0.450000 0.750000
          0.600000 0.350000 0.500000
          0.900000 0.600000 0.600000
          0.200000 0.850000 0.900000
          0.850000 0.650000 0.0
          0.650000 0.500000 0.250000
          0.500000 1.000000 1.000000
          0.100000 0.200000 0.350000
          0.750000 0.350000 0.100000
          0.350000 0.100000 0.100000
          0.450000 0.100000 0.150000
          0.600000 0.400000 0.200000
          0.650000 0.500000 0.300000
          0.700000 0.700000 0.450000
          0.450000 0.150000 0.250000
          1.000000 0.200000 0.350000
          0.750000 0.050000 0.850000
          0.900000 0.750000 0.600000
          0.750000 0.0 0.050000
          1.000000 0.650000 0.100000
          0.250000 0.150000 0.050000
          1.000000 0.900000 0.250000
          0.950000 0.950000 0.800000
          0.850000 0.250000 0.550000
          0.050000 0.450000 0.800000
          0.650000 0.350000 0.650000
          0.100000 0.750000 0.150000
          0.750000 0.950000 0.900000
          0.150000 0.800000 1.000000
          0.150000 0.150000 0.950000
          0.050000 0.300000 0.250000
          0.850000 0.350000 0.300000
          0.700000 0.450000 0.850000
          0.150000 0.700000 0.300000
          0.200000 0.800000 0.450000
          0.050000 0.300000 0.850000
          0.900000 0.050000 0.750000
          0.900000 0.950000 0.200000
          0.800000 0.450000 0.100000
          0.350000 0.500000 0.650000
          0.850000 0.800000 0.800000
          0.050000 0.100000 0.800000
          0.650000 0.300000 0.950000
          0.550000 1.000000 0.450000
          0.750000 0.100000 0.050000
          0.600000 0.350000 0.650000
          0.300000 0.500000 0.300000
          0.450000 0.650000 0.350000
          0.250000 0.050000 0.800000
          0.850000 0.300000 0.050000
          0.750000 0.400000 0.350000
          0.250000 0.450000 0.0
          0.300000 0.600000 0.200000
          0.700000 0.550000 0.550000
          0.300000 0.750000 0.700000
          0.150000 0.050000 0.100000
          0.450000 0.0 0.350000
          0.0 0.500000 0.100000
          0.500000 0.550000 0.200000
          0.450000 0.400000 0.450000
          1.000000 0.850000 0.800000
          0.800000 0.400000 0.550000
          0.900000 0.0 0.700000
          0.600000 0.800000 0.100000
          0.850000 0.300000 0.400000
          0.100000 0.0 0.450000
          0.100000 0.0 0.300000
          0.800000 0.350000 0.850000
          0.800000 0.900000 0.900000
          0.450000 0.900000 0.700000
          0.550000 0.700000 0.250000
          0.350000 0.550000 0.400000
          0.100000 0.150000 1.000000
          0.0 0.900000 0.050000
          0.950000 0.700000 0.450000
          0.850000 1.000000 0.900000
          0.150000 0.300000 0.0
          0.050000 1.000000 0.450000
          0.050000 0.600000 0.500000
          0.850000 0.450000 0.300000
          0.600000 0.500000 0.450000
          0.850000 0.0 0.0
          0.850000 0.700000 0.250000
          0.300000 0.100000 0.700000
          0.150000 0.0 0.450000
          0.550000 0.850000 0.650000
          0.700000 0.0 0.0
          0.350000 0.450000 0.250000
          0.850000 1.000000 0.300000
          0.550000 0.250000 0.600000
          0.650000 0.500000 1.000000
          0.950000 0.950000 0.850000
          0.350000 0.500000 0.250000
          0.900000 0.300000 0.550000
          0.550000 0.200000 1.000000
          0.100000 0.050000 0.900000
          0.550000 0.850000 0.050000
          0.550000 0.100000 0.250000
          0.850000 0.0 0.350000
          0.150000 0.300000 0.100000
          0.900000 0.100000 0.800000
          0.700000 0.900000 0.650000
          0.050000 0.400000 0.850000
          0.0 0.950000 0.900000
          0.200000 0.200000 0.200000
          0.300000 0.550000 0.700000
          0.050000 0.150000 0.950000
          0.550000 0.600000 0.500000
          0.400000 0.350000 0.150000
          1.000000 0.800000 0.500000
          0.350000 0.300000 0.450000
          0.350000 0.800000 0.550000
          0.650000 0.750000 0.700000
          0.850000 0.700000 0.950000
          0.850000 0.150000 0.550000
          0.750000 1.000000 0.200000
          0.600000 0.450000 0.600000
          0.300000 0.800000 0.100000
          0.050000 0.750000 0.600000
          0.950000 0.150000 1.000000
          0.100000 0.450000 0.250000
          0.100000 0.550000 0.300000
          0.350000 0.750000 0.450000
          0.200000 0.600000 0.650000
          0.850000 0.550000 0.800000
          0.250000 0.700000 0.850000
          0.050000 0.900000 0.500000
          0.800000 0.300000 0.350000
          0.150000 0.400000 0.0
          0.350000 0.200000 0.850000
          0.650000 0.800000 0.650000
          0.600000 0.650000 0.0
          0.550000 1.000000 0.400000
          0.350000 0.800000 1.000000
          0.950000 0.250000 0.200000
          0.350000 0.850000 0.300000
          0.400000 0.100000 0.0
          0.250000 0.550000 0.550000
          0.950000 0.400000 0.700000
          0.150000 0.800000 0.250000
          0.500000 0.100000 0.250000
          0.650000 0.200000 0.400000
          0.100000 0.750000 0.500000
          0.300000 1.000000 0.750000
          0.650000 0.800000 0.600000
          0.700000 0.850000 0.300000
          0.700000 0.0 0.400000
          0.450000 0.0 0.0
          0.350000 0.300000 0.100000
          0.750000 0.850000 0.100000
          0.200000 0.400000 0.050000
          0.0 0.700000 0.400000
          0.200000 0.700000 0.650000
          0.500000 0.700000 0.200000
          0.700000 0.250000 0.600000
          0.800000 0.200000 0.450000
          0.550000 0.400000 0.400000
          0.200000 0.0 0.0
          0.700000 1.000000 0.050000
          0.950000 0.500000 0.050000
          0.0 0.800000 0.100000
          0.650000 0.700000 0.550000
          0.950000 0.450000 0.450000
          0.150000 0.400000 0.200000
          1.000000 0.100000 0.500000
          0.0 0.300000 0.350000
          0.450000 0.700000 0.650000
          0.0 0.350000 0.050000
          0.900000 1.000000 0.150000
          0.450000 0.200000 0.950000
          0.500000 0.950000 1.000000
          1.000000 0.0 0.050000
          0.450000 1.000000 0.500000
          0.350000 0.650000 0.750000
          1.000000 0.150000 0.800000
          0.600000 0.300000 0.500000
          0.900000 0.450000 0.250000
          0.900000 0.400000 0.450000
          1.000000 0.750000 0.500000
          0.900000 0.400000 0.900000
          0.700000 0.400000 0.0
          0.800000 0.050000 0.200000
          0.700000 0.850000 0.250000
          0.550000 0.350000 0.100000
          0.300000 0.250000 0.050000
          0.650000 0.450000 0.450000
          0.400000 0.600000 0.700000
          0.450000 0.100000 0.800000
          0.650000 1.000000 0.800000
          0.950000 0.050000 0.450000
          0.100000 0.500000 0.100000
          0.800000 0.050000 0.400000
          0.050000 0.800000 0.200000
          0.400000 0.100000 0.200000
          0.950000 0.800000 0.500000
          0.150000 1.000000 0.700000
          0.400000 0.850000 0.800000
          0.900000 0.500000 0.550000
          0.050000 1.000000 1.000000
          0.300000 0.550000 0.200000
          0.300000 0.100000 0.200000
          0.350000 0.0 0.050000
          0.450000 0.250000 0.700000
          0.250000 0.450000 0.650000
          0.950000 0.050000 0.200000
          0.350000 0.150000 0.300000
          0.0 0.800000 0.900000
          0.100000 0.200000 0.900000
          0.650000 0.900000 0.850000
          0.800000 0.0 0.200000
          0.300000 0.900000 0.850000
          0.200000 0.200000 0.450000
          0.600000 0.650000 0.250000
          0.550000 0.500000 0.100000
          0.150000 0.200000 0.600000
          0.350000 0.950000 0.400000
          0.700000 0.700000 0.200000
          0.900000 0.150000 0.400000
          0.800000 0.300000 0.750000
          0.650000 0.100000 0.0
          0.050000 0.600000 0.300000
          0.500000 0.550000 0.0
          0.950000 0.400000 0.350000
          0.300000 0.250000 0.900000
          0.650000 0.550000 0.0
          0.350000 0.450000 0.0
          0.850000 0.700000 0.650000
          0.450000 0.200000 0.800000
          0.700000 0.100000 0.500000
          0.300000 0.750000 0.100000
          0.250000 0.850000 0.850000
          0.400000 0.200000 0.400000
          0.600000 0.500000 0.600000
          0.850000 0.100000 0.150000
          0.900000 0.100000 0.0
          0.300000 0.350000 0.150000
          0.750000 0.200000 0.250000
          0.750000 0.300000 0.250000
          0.400000 0.800000 0.0
          0.800000 0.200000 0.550000
          0.800000 0.900000 0.850000
          0.700000 0.650000 0.150000
          0.100000 0.200000 0.100000
          0.350000 0.150000 0.350000
          0.100000 0.950000 0.850000
          0.0 0.950000 0.850000
          0.150000 0.050000 0.0
          0.650000 0.400000 0.050000
          0.300000 0.200000 0.250000
          0.700000 0.450000 1.000000
          0.850000 0.150000 0.450000
          0.500000 0.150000 0.0
          0.050000 0.300000 0.450000
          0.550000 1.000000 0.350000
          0.700000 0.050000 0.650000
          0.100000 0.750000 0.100000
          0.550000 0.600000 0.400000
          0.100000 0.150000 0.150000
          0.200000 0.200000 0.150000
          0.600000 0.650000 0.200000
          0.750000 0.600000 0.500000
          0.800000 1.000000 0.600000
          0.250000 0.100000 0.0
          0.550000 0.0 0.450000
          0.400000 0.250000 0.500000
          0.400000 0.450000 0.250000
          0.550000 0.0 0.900000
          0.350000 0.350000 0.300000
          1.000000 0.850000 0.200000
          0.600000 0.200000 0.300000
          1.000000 0.400000 1.000000
          0.900000 0.100000 0.850000
          0.650000 0.900000 0.0
          1.000000 0.100000 0.100000
          0.850000 0.800000 0.100000
          0.900000 0.300000 0.700000
          0.950000 0.500000 0.700000
          0.950000 0.900000 1.000000
          0.850000 0.800000 0.0
          0.350000 0.800000 0.350000
          0.600000 0.900000 0.850000
          0.450000 0.400000 0.900000
          0.050000 0.950000 0.550000
          0.700000 0.300000 0.450000
          0.950000 0.0 0.700000
          0.750000 0.650000 0.350000
          0.300000 0.050000 0.650000
          0.100000 0.050000 0.850000
          0.100000 0.0 0.900000
          0.350000 0.800000 0.250000
          0.050000 0.550000 0.500000
          0.950000 0.900000 0.050000
          0.0 0.500000 0.750000
          0.850000 0.950000 0.550000
          0.300000 0.350000 0.300000
          0.750000 0.650000 1.000000
          0.050000 0.750000 0.150000
          0.250000 0.250000 0.050000
          1.000000 0.250000 0.750000
          0.650000 0.450000 0.400000
          0.850000 0.800000 0.300000
          0.600000 0.400000 0.450000
          0.100000 0.450000 0.650000
          0.150000 0.450000 0.350000
          0.050000 0.300000 0.800000
          0.950000 0.0 0.800000
          0.0 0.950000 0.800000
          0.100000 0.700000 0.850000
          0.700000 0.450000 0.350000
          0.600000 0.700000 0.850000
          0.450000 0.700000 0.450000
          0.650000 0.500000 0.600000
          0.650000 0.500000 0.750000
          0.300000 0.050000 0.300000
          0.300000 0.900000 0.0
          0.800000 0.850000 0.050000
          0.550000 0.150000 0.500000
          0.350000 0.050000 0.600000
          0.250000 0.150000 1.000000
          0.400000 0.600000 0.300000
          0.550000 0.550000 0.750000
          0.350000 0.950000 0.950000
          0.050000 0.250000 0.850000
          0.600000 0.650000 0.400000
          0.200000 0.450000 0.950000
          0.550000 0.800000 0.500000
          0.750000 0.400000 0.0
          1.000000 0.250000 0.900000
          0.050000 0.350000 0.250000
          0.250000 0.0 0.250000
          0.250000 0.500000 0.750000
          0.650000 0.100000 0.600000
          0.750000 0.050000 0.250000
          0.650000 0.900000 0.650000
          0.150000 1.000000 0.400000
          0.650000 1.000000 1.000000
          0.050000 0.700000 0.950000
          0.200000 0.850000 0.550000
          0.200000 0.750000 0.700000
          0.300000 0.150000 0.300000
          0.600000 0.850000 0.700000
          0.350000 0.0 1.000000
          0.200000 0.950000 0.600000
          0.250000 0.150000 0.850000
          0.800000 0.300000 0.400000
          0.450000 0.250000 0.600000
          0.650000 0.850000 0.750000
          0.100000 0.250000 0.850000
          0.050000 0.750000 0.850000
          0.450000 0.550000 0.200000
          0.350000 1.000000 0.500000
          0.250000 0.050000 1.000000
          0.750000 0.150000 0.350000
          0.550000 0.400000 0.700000
          0.400000 0.750000 0.600000
          0.600000 1.000000 0.900000
          0.900000 0.100000 0.900000
          0.500000 0.350000 0.850000
          0.100000 1.000000 0.350000
          0.450000 0.850000 0.950000
          0.450000 0.150000 0.150000
          0.150000 0.400000 0.250000
          0.750000 0.150000 0.250000
          0.350000 0.350000 0.500000
          0.100000 0.300000 0.100000
          0.600000 0.700000 0.350000
          0.650000 0.150000 0.0
          0.500000 0.350000 0.300000
          0.0 0.600000 0.050000
          0.150000 0.850000 0.250000
          1.000000 1.000000 0.500000
          0.450000 0.350000 0.550000
          0.700000 0.550000 0.350000
          0.550000 0.850000 0.550000
          0.850000 0.700000 0.800000
          0.450000 0.600000 0.350000
          0.800000 1.000000 0.100000
          0.350000 0.750000 0.900000
          0.700000 0.750000 0.900000
          0.250000 0.950000 0.900000
          0.650000 0.800000 0.950000
          0.150000 0.600000 0.900000
          0.250000 0.750000 0.150000
          0.600000 0.300000 0.950000
          0.350000 0.350000 0.850000
          0.900000 0.900000 0.0
          0.800000 0.0 0.100000
          0.450000 0.900000 0.100000
          0.550000 0.150000 0.300000
          0.400000 0.500000 0.600000
          0.350000 0.450000 0.600000
          0.950000 0.0 0.900000
          0.200000 0.300000 1.000000
          0.450000 0.800000 0.200000
          0.500000 0.050000 0.550000
          1.000000 0.800000 1.000000
          0.850000 0.900000 1.000000
          0.950000 0.650000 0.100000
          0.200000 0.850000 0.150000
          0.750000 0.600000 0.850000
          0.750000 0.500000 0.050000
          0.200000 0.150000 0.700000
          0.850000 0.800000 0.750000
          0.350000 0.650000 0.050000
          0.550000 0.500000 0.0
          0.600000 0.700000 0.900000
          0.750000 0.500000 0.650000
          0.0 0.850000 0.900000
          0.100000 0.750000 0.900000
          0.150000 0.350000 0.650000
          0.950000 0.700000 0.900000
          0.200000 0.750000 0.400000
          0.350000 0.600000 0.350000
          0.300000 0.900000 0.050000
          0.950000 0.450000 0.300000
          0.800000 0.850000 0.400000
          0.300000 0.0 0.450000
          0.250000 0.150000 0.800000
          0.900000 0.400000 0.150000
          0.650000 0.0 0.200000
          0.100000 0.700000 0.200000
          0.250000 0.800000 0.350000
          0.250000 0.700000 0.400000
          0.150000 0.700000 0.650000
          0.950000 1.000000 0.700000
          0.750000 0.300000 0.950000
          0.200000 0.450000 1.000000
          0.550000 0.0 0.200000
          0.0 0.100000 0.0
          0.800000 0.650000 0.0
          1.000000 0.600000 0.450000
          0.300000 0.650000 0.700000
          0.700000 0.650000 0.800000
          0.700000 0.650000 0.650000
          0.250000 0.050000 0.200000
          0.550000 0.850000 1.000000
          0.200000 0.0 0.300000
          0.350000 0.300000 0.300000
          0.550000 0.050000 0.200000
          0.650000 0.950000 0.650000
          0.150000 0.200000 0.0
          0.950000 0.300000 0.350000
          0.850000 0.550000 0.700000
          0.900000 0.200000 0.200000
          0.800000 0.100000 0.950000
          0.950000 1.000000 0.850000
          0.850000 0.700000 1.000000
          0.700000 0.400000 0.550000
          0.700000 0.200000 0.650000
          0.500000 0.300000 1.000000
          0.450000 0.400000 0.650000
          0.550000 0.650000 0.150000
          0.500000 0.600000 0.200000
          0.500000 0.300000 0.200000
          0.850000 0.900000 0.800000
          0.750000 0.600000 0.150000
          0.700000 0.600000 0.350000
          0.500000 0.0 0.300000
          0.850000 0.800000 0.200000
          0.250000 0.650000 0.0
          0.450000 0.050000 0.700000
          0.550000 0.600000 0.750000
          0.800000 0.350000 0.300000
          1.000000 0.900000 0.450000
          0.400000 0.100000 0.850000
          1.000000 0.200000 0.150000
          0.450000 0.500000 0.550000
          0.950000 0.250000 0.650000
          1.000000 0.650000 0.850000
          0.650000 0.300000 0.100000
          0.950000 0.700000 0.400000
          0.150000 0.200000 0.250000
          0.200000 0.450000 0.750000
          0.200000 0.250000 0.850000
          0.850000 0.200000 0.0
          0.400000 0.600000 0.250000
          0.500000 0.600000 0.350000
          0.900000 0.350000 0.400000
          0.600000 0.650000 0.350000
          0.700000 0.150000 0.300000
          0.0 0.0 0.450000
          0.500000 0.0 0.950000
          0.300000 0.650000 0.650000
          0.050000 0.200000 0.850000
          0.900000 0.600000 0.100000
          0.200000 0.200000 0.800000
          0.350000 0.400000 0.0
          0.400000 0.050000 0.150000
          0.600000 0.050000 0.0
          0.550000 0.550000 0.350000
          0.100000 0.950000 0.350000
          0.100000 0.900000 0.450000
          0.200000 0.700000 0.350000
          0.050000 0.050000 0.350000
          0.450000 0.850000 0.400000
          1.000000 0.450000 0.250000
          0.950000 0.550000 0.600000
          0.300000 0.750000 0.600000
          0.500000 0.850000 0.450000
          0.350000 1.000000 0.250000
          0.850000 0.400000 0.400000
          0.050000 0.050000 0.700000
          0.350000 0.0 0.850000
          0.900000 0.850000 0.850000
          0.350000 0.500000 0.900000
          1.000000 0.300000 0.550000
          0.850000 0.750000 0.500000
          1.000000 0.0 0.100000
          0.550000 0.650000 0.900000
          0.900000 0.700000 0.050000
          0.0 0.550000 0.100000
          0.900000 0.150000 0.150000
          0.0 0.100000 0.650000
          0.750000 0.100000 0.850000
          0.450000 0.0 0.900000
          0.200000 0.500000 0.700000
          0.800000 0.800000 0.850000
          0.100000 0.450000 0.0
          0.600000 0.150000 0.550000
          0.050000 0.500000 0.800000
          0.850000 0.800000 0.500000
          1.000000 0.350000 0.850000
          0.450000 0.200000 0.200000
          0.650000 0.950000 0.900000
          1.000000 0.250000 0.200000
          0.350000 0.450000 0.200000
          0.550000 0.350000 0.600000
          0.450000 0.350000 0.100000
          0.800000 0.0 0.400000
          0.350000 0.850000 0.850000
          0.200000 0.650000 0.050000
          0.850000 0.850000 0.400000
          0.800000 0.950000 0.900000
          0.900000 1.000000 0.800000
          0.450000 0.900000 0.650000
          0.550000 0.400000 0.950000
          0.100000 0.0 0.800000
          0.100000 0.450000 0.350000
          0.700000 0.600000 0.950000
          0.100000 0.300000 0.650000
          0.900000 0.200000 0.750000
          0.700000 0.150000 0.400000
          0.600000 0.250000 0.900000
          0.350000 0.600000 0.800000
          0.700000 0.0 0.350000
          0.800000 0.850000 1.000000
          0.200000 0.850000 0.400000
          0.350000 0.750000 0.650000
          0.650000 0.450000 0.500000
          0.200000 0.750000 0.500000
          0.0 0.0 0.600000
          0.450000 1.000000 0.600000
          0.0 0.650000 0.950000
          0.850000 0.350000 0.550000
          0.350000 0.450000 0.800000
          0.450000 0.400000 0.400000
          0.100000 0.250000 0.700000
          0.450000 0.750000 0.450000
          0.650000 1.000000 0.700000
          0.050000 0.800000 0.500000
          0.600000 0.300000 0.250000
          0.750000 0.100000 0.400000
          0.950000 0.200000 0.450000
          0.800000 0.0 0.150000
          0.200000 0.200000 0.550000
          0.600000 0.750000 0.800000
          0.450000 0.650000 0.600000
          0.500000 0.200000 0.750000
          0.100000 0.350000 0.350000
          0.250000 1.000000 0.650000
          0.450000 0.900000 0.900000
          0.050000 0.150000 0.450000
          0.750000 0.400000 0.400000
          0.800000 0.650000 0.750000
          0.050000 0.550000 0.850000
          0.200000 0.400000 0.0
          0.350000 0.900000 0.700000
          0.200000 0.450000 0.900000
          0.950000 1.000000 0.550000
          0.0 0.650000 0.600000
          0.550000 0.800000 0.700000
          0.350000 0.350000 0.950000
          1.000000 0.800000 0.400000
          0.650000 1.000000 0.600000
          1.000000 0.050000 0.900000
          0.200000 0.650000 0.850000
          0.150000 0.250000 0.300000
          0.400000 0.700000 0.550000
          0.550000 0.650000 0.650000
          0.200000 0.0 0.050000
          0.250000 0.900000 0.950000
          0.350000 0.950000 0.100000
          0.600000 0.850000 0.250000
          0.300000 0.450000 0.350000
          0.200000 0.850000 0.350000
          0.600000 0.200000 0.450000
          0.650000 0.0 0.650000
          0.700000 0.550000 0.650000
          1.000000 0.850000 1.000000
          0.200000 0.350000 0.950000
          0.750000 0.900000 0.200000
          0.550000 0.550000 0.250000
          0.900000 0.200000 0.650000
          0.900000 0.800000 0.650000
          0.450000 0.900000 1.000000
          0.550000 0.500000 0.700000
          0.100000 0.900000 0.100000
          0.400000 0.800000 0.350000
          0.600000 0.800000 0.850000
          0.800000 0.300000 0.900000
          0.0 0.950000 0.750000
          0.350000 0.900000 1.000000
          0.150000 0.100000 0.950000
          0.200000 0.950000 0.800000
          0.600000 0.200000 0.700000
          0.050000 0.050000 0.250000
          1.000000 0.700000 0.900000
          1.000000 0.750000 0.650000
          0.400000 0.750000 0.350000
          0.0 0.750000 0.650000
          0.150000 0.100000 0.450000
          0.550000 0.250000 0.500000
          0.950000 0.850000 0.850000
          0.0 0.050000 0.250000
          0.900000 0.700000 0.550000
          0.300000 0.850000 0.750000
          0.350000 0.200000 0.350000
          0.200000 0.500000 0.650000
          0.250000 0.150000 0.150000
          0.950000 0.400000 0.450000
          0.300000 0.600000 0.900000
          0.400000 0.650000 0.700000
          0.700000 0.450000 0.150000
          0.350000 0.300000 0.250000
          0.700000 1.000000 0.250000
          0.900000 0.750000 0.400000
          0.700000 0.450000 0.0
          0.150000 0.450000 0.650000
          0.800000 0.0 0.750000
          0.750000 0.750000 0.750000
          0.450000 0.600000 0.900000
          0.100000 0.800000 0.900000
          0.850000 0.300000 0.300000
          0.700000 0.0 0.250000
          0.0 0.250000 0.250000
          0.850000 0.050000 0.150000
          0.700000 0.450000 0.500000
          0.250000 0.300000 0.600000
          0.400000 0.750000 0.650000
          0.750000 0.850000 0.850000
          0.700000 0.300000 1.000000
          0.200000 0.100000 0.500000
          0.300000 0.300000 0.950000
          0.650000 0.150000 0.150000
          0.600000 0.550000 0.350000
          0.650000 0.100000 0.050000
          0.350000 0.700000 0.500000
          0.700000 1.000000 0.500000
          0.450000 0.600000 0.700000
          0.400000 0.150000 0.750000
          0.450000 0.050000 0.800000
          0.450000 1.000000 0.850000
          0.150000 0.300000 0.050000
          0.950000 0.300000 0.550000
          1.000000 0.450000 0.0
          0.400000 0.700000 0.850000
          0.200000 0.650000 0.100000
          0.800000 0.650000 0.350000
          0.050000 0.550000 0.950000
          0.600000 0.500000 0.850000
          0.400000 0.750000 0.550000
          0.100000 0.400000 0.300000
          0.100000 0.400000 0.900000
          0.250000 0.850000 0.200000
          0.450000 0.600000 0.650000
          0.450000 0.350000 0.950000
          0.300000 0.550000 0.950000
          0.800000 0.600000 0.200000
          0.050000 0.700000 0.300000
          0.900000 0.200000 0.350000
          0.050000 0.900000 0.750000
          0.650000 0.150000 1.000000
          0.200000 0.100000 0.050000
          0.450000 0.950000 0.500000
          0.750000 0.300000 0.450000
          0.300000 0.900000 0.400000
          0.0 1.000000 0.500000
          0.150000 0.500000 0.800000
          0.0 0.250000 0.800000
          1.000000 0.650000 0.0
          0.850000 0.250000 0.150000
          0.850000 0.200000 1.000000
          0.250000 0.500000 0.250000
          0.200000 0.500000 0.200000
          0.400000 0.500000 0.350000
          0.750000 0.350000 0.400000
          0.850000 0.300000 0.0
          0.400000 1.000000 0.100000
          0.350000 0.600000 0.450000
          0.200000 0.0 0.250000
          0.700000 0.800000 0.850000
          0.650000 0.950000 0.0
          0.050000 0.600000 0.700000
          1.000000 0.550000 0.300000
          0.200000 0.500000 0.900000
          0.950000 0.200000 0.650000
          0.400000 0.600000 0.950000
          0.250000 1.000000 0.600000
          0.0 0.0 0.400000
          0.700000 0.150000 0.950000
          0.0 0.050000 0.850000
          0.250000 0.750000 1.000000
          0.450000 0.850000 0.150000
          0.950000 0.0 1.000000
          1.000000 0.400000 0.900000
          0.200000 0.450000 0.650000
          0.050000 0.600000 0.200000
          0.0 0.500000 0.050000
          0.600000 0.600000 0.250000
          0.200000 0.0 0.750000
          0.800000 0.300000 0.550000
          0.250000 0.550000 0.300000
          0.350000 0.200000 0.450000
          0.900000 0.0 0.850000
          0.0 0.150000 0.600000
          0.650000 0.950000 0.850000
          0.750000 1.000000 0.850000
          0.500000 0.0 0.500000
          0.100000 0.050000 1.000000
          0.200000 0.050000 0.350000
          0.500000 0.400000 0.600000
          0.050000 0.550000 0.400000
          0.800000 0.100000 0.600000
          0.750000 0.100000 0.750000
          0.850000 0.0 0.300000
          0.400000 0.050000 0.550000
          0.050000 0.350000 0.900000
          1.000000 0.300000 0.200000
          0.150000 0.400000 0.350000
          0.200000 0.400000 0.550000
          0.300000 0.700000 0.600000
          0.200000 0.550000 0.850000
          0.400000 0.400000 0.400000
          0.0 0.800000 0.750000
          0.450000 0.250000 0.050000
          0.850000 0.500000 0.400000
          0.800000 0.800000 0.350000
          0.100000 0.550000 0.850000
          0.900000 0.350000 0.150000
          0.200000 0.100000 0.150000
          0.100000 0.650000 0.350000
          0.550000 0.950000 0.100000
          0.950000 0.900000 0.400000
          0.750000 0.600000 0.250000
          0.950000 0.300000 0.650000
          0.550000 0.700000 0.650000
          0.0 0.850000 0.150000
          0.600000 0.650000 0.950000
          0.650000 0.250000 0.250000
          0.900000 0.350000 0.450000
          0.750000 1.000000 0.500000
          0.650000 0.0 0.550000
          0.850000 0.650000 0.900000
          0.950000 0.750000 0.300000
          0.0 0.700000 0.500000
          0.600000 0.200000 0.050000
          0.950000 0.400000 0.050000
          0.650000 0.0 0.450000
          0.700000 0.850000 0.700000
          0.700000 0.550000 0.200000
          0.150000 0.900000 0.900000
          0.450000 0.100000 0.950000
          0.250000 0.350000 0.200000
          0.550000 0.850000 0.450000
          0.850000 0.850000 0.500000
          0.650000 0.500000 0.450000
          0.250000 0.500000 0.500000
          0.250000 0.800000 0.800000
          0.0 0.250000 0.100000
          0.600000 0.150000 0.500000
          0.550000 0.200000 0.500000
          0.650000 0.750000 0.400000
          1.000000 0.750000 0.400000
          0.100000 1.000000 0.900000
          0.900000 0.500000 0.250000
          0.350000 0.950000 0.850000
          0.200000 0.200000 0.650000
          0.200000 0.800000 1.000000
          1.000000 0.950000 0.200000
          0.0 0.850000 0.850000
          0.600000 0.600000 1.000000
          0.350000 0.050000 0.950000
          0.200000 0.800000 0.150000
          0.100000 0.250000 0.900000
          0.700000 0.700000 0.350000
          0.950000 0.0 0.350000
          0.300000 0.250000 0.0
          0.550000 0.950000 0.0
          0.350000 0.050000 0.050000
          0.200000 0.250000 0.100000
          0.750000 0.300000 0.500000
          0.100000 0.450000 0.600000
          0.550000 1.000000 0.600000
          0.150000 0.650000 0.550000
          0.300000 0.600000 0.800000
          0.150000 0.400000 0.950000
          0.700000 1.000000 0.950000
          0.250000 0.650000 0.500000
          0.150000 0.050000 0.750000
          0.800000 0.450000 0.350000
          0.900000 0.200000 1.000000
          0.300000 0.500000 0.400000
          0.800000 0.750000 0.450000
          0.900000 1.000000 0.200000
          0.150000 0.350000 0.950000
          0.800000 0.450000 0.950000
          0.100000 0.550000 0.450000
          0.500000 0.400000 0.500000
          1.000000 0.500000 0.200000
          0.150000 0.050000 1.000000
          0.350000 1.000000 0.200000
          0.400000 0.650000 0.050000
          0.700000 0.850000 0.350000
          0.050000 0.0 0.750000
          0.800000 0.050000 0.800000
          0.100000 0.350000 0.650000
          0.150000 1.000000 0.300000
          0.750000 1.000000 0.800000
          0.150000 0.750000 0.0
          0.500000 0.300000 0.150000
          0.550000 0.350000 0.900000
          0.850000 0.700000 0.150000
          0.200000 0.350000 0.150000
          0.200000 0.500000 0.400000
          0.850000 0.450000 0.100000
          0.250000 0.600000 0.200000
          0.250000 0.750000 0.750000
          0.150000 0.900000 0.800000
          0.550000 0.300000 0.250000
          0.350000 0.100000 0.250000
          0.800000 0.550000 0.450000
          0.250000 0.300000 0.500000
          0.100000 0.500000 0.200000
          0.400000 0.350000 0.650000
          0.350000 1.000000 0.100000
          0.200000 0.750000 0.250000
          0.500000 0.200000 1.000000
          1.000000 0.550000 0.500000
          0.400000 0.450000 0.300000
          0.850000 0.500000 0.500000
          0.900000 0.500000 1.000000
          0.950000 0.500000 0.400000
          0.700000 0.850000 0.0
          0.850000 0.350000 0.200000
          0.700000 0.050000 0.100000
          0.300000 0.850000 0.200000
          0.400000 0.700000 0.350000
          1.000000 0.900000 0.350000
          0.100000 0.650000 0.400000
          0.800000 0.350000 0.700000
          0.550000 0.0 0.250000
          0.200000 0.850000 0.450000
          0.850000 1.000000 0.250000
          0.700000 0.700000 0.400000
          0.550000 1.000000 0.300000
          1.000000 0.800000 0.600000
          0.850000 0.100000 0.800000
          0.150000 0.850000 0.850000
          0.450000 0.0 0.800000
          0.200000 0.200000 0.350000
          0.300000 0.100000 0.600000
          0.150000 0.200000 0.650000
          0.850000 0.150000 0.100000
          0.650000 0.450000 0.0
          0.950000 0.850000 0.350000
          0.350000 1.000000 0.650000
          0.800000 0.700000 0.0
          0.950000 0.100000 0.650000
          0.050000 0.600000 0.0
          0.800000 0.150000 0.950000
          0.600000 0.450000 0.700000
          0.550000 0.750000 0.200000
          0.350000 0.450000 0.450000
          0.500000 0.200000 0.600000
          0.300000 0.200000 0.200000
          0.550000 0.200000 0.050000
          1.000000 0.0 0.950000
          0.250000 0.100000 0.400000
          0.500000 0.500000 1.000000
          0.300000 0.650000 0.500000
          0.600000 1.000000 0.850000
          0.800000 0.100000 0.350000
          0.900000 0.400000 0.700000
          0.100000 0.250000 0.350000
          0.700000 0.200000 0.500000
          0.200000 0.150000 0.450000
          0.050000 0.500000 0.200000
          0.550000 0.150000 0.700000
          0.550000 0.0 0.150000
          0.350000 0.150000 0.700000
          0.450000 0.200000 0.700000
          0.650000 0.650000 0.900000
          0.300000 0.250000 1.000000
          0.100000 0.700000 1.000000
          0.300000 0.100000 0.550000
          0.900000 0.050000 0.300000
          0.500000 0.650000 0.550000
          0.100000 0.450000 0.200000
          0.900000 0.550000 0.500000
          0.600000 0.0 0.400000
          0.900000 0.250000 0.700000
          0.950000 0.200000 0.350000
          1.000000 0.450000 0.950000
          0.950000 0.800000 0.950000
          0.250000 0.900000 0.500000
          0.750000 0.0 0.700000
          0.900000 0.100000 0.950000
          0.300000 0.050000 0.200000
          0.750000 0.850000 0.900000
          0.700000 0.0 0.850000
          0.950000 0.550000 0.300000
          0.100000 0.400000 0.800000
          0.400000 0.500000 0.250000
          0.150000 0.700000 0.550000
          0.200000 0.400000 0.700000
          0.350000 0.950000 0.150000
          0.100000 0.100000 0.400000
          0.750000 0.600000 0.200000
          0.300000 0.950000 0.900000
          0.900000 0.450000 0.300000
          0.250000 0.400000 1.000000
          0.850000 0.300000 0.500000
          0.300000 0.700000 0.050000
          0.550000 0.100000 0.700000
          0.950000 0.100000 0.0
          0.250000 0.950000 0.0
          0.200000 0.400000 0.500000
          0.250000 0.850000 0.350000
          0.350000 0.950000 0.750000
          0.800000 0.250000 0.400000
          0.950000 0.050000 0.800000
          0.700000 0.900000 1.000000
          0.850000 0.900000 0.350000
          0.900000 0.700000 0.300000
          0.800000 0.400000 0.350000
          0.250000 0.250000 0.450000
          0.250000 0.350000 0.250000
          0.0 0.600000 0.450000
          0.700000 0.900000 0.600000
          0.550000 0.450000 0.100000
          0.250000 0.100000 0.650000
          0.950000 0.150000 0.650000
          0.050000 0.050000 0.750000
          0.0 0.300000 0.700000
          0.250000 0.350000 0.600000
          0.150000 0.600000 0.150000
          0.550000 0.550000 0.500000
          0.600000 0.600000 0.800000
          0.550000 0.200000 0.200000
          0.250000 0.750000 0.050000
          0.750000 0.550000 0.500000
          0.950000 0.850000 1.000000
          0.200000 0.650000 0.600000
          0.650000 0.250000 0.050000
          0.850000 0.550000 0.050000
          0.400000 0.0 0.700000
          0.600000 0.100000 0.550000
          0.500000 0.050000 0.250000
          0.800000 0.200000 0.350000
          0.550000 0.050000 0.950000
          0.300000 0.750000 0.300000
          0.050000 0.300000 0.700000
          0.900000 0.300000 0.050000
          0.150000 0.900000 0.050000
          0.0 0.650000 0.250000
          0.200000 0.800000 0.700000
          0.900000 0.600000 0.750000
          0.050000 0.500000 0.650000
          0.350000 0.400000 0.350000
          0.350000 0.150000 0.600000
          0.250000 0.600000 0.750000
          0.550000 0.900000 1.000000
          0.600000 0.300000 0.350000
          0.050000 0.750000 0.0
          0.0 0.100000 0.450000
          0.900000 0.900000 0.250000
          0.800000 0.950000 1.000000
          1.000000 0.350000 0.900000
          1.000000 1.000000 0.950000
          0.450000 0.850000 0.800000
          0.450000 0.600000 0.800000
          0.0 0.600000 0.100000
          0.550000 0.950000 0.700000
          0.250000 0.450000 0.800000
          0.900000 0.850000 0.400000
          0.750000 0.050000 0.900000
          0.850000 0.050000 0.300000
          0.950000 0.450000 0.250000
          0.050000 0.550000 0.700000
          1.000000 0.250000 0.150000
          0.200000 1.000000 0.100000
          0.0 0.100000 0.700000
          0.250000 0.450000 0.500000
          1.000000 0.550000 0.600000
          0.600000 0.850000 0.900000
          0.550000 0.400000 0.550000
          0.850000 0.100000 0.600000
          0.850000 0.200000 0.850000
          0.600000 0.850000 0.100000
          0.650000 0.350000 0.900000
          0.0 0.100000 0.600000
          0.400000 0.850000 0.750000
          0.950000 0.300000 0.500000
          0.150000 0.250000 0.850000
          0.550000 0.400000 0.0
          0.250000 0.350000 0.0
          0.150000 0.500000 0.250000
          0.750000 0.0 0.300000
          0.900000 0.850000 0.550000
          0.450000 0.700000 0.700000
          0.450000 0.800000 0.900000
          1.000000 0.800000 0.050000
          0.900000 0.0 0.900000
          1.000000 0.700000 0.050000
          0.900000 0.050000 0.450000
          0.200000 0.550000 1.000000
          0.600000 0.850000 0.750000
          0.550000 0.550000 0.800000
          0.700000 0.400000 0.900000
          0.700000 0.250000 0.900000
          0.850000 0.050000 0.050000
          0.400000 0.900000 0.0
          0.550000 0.050000 0.150000
          0.750000 0.850000 0.0
          0.400000 0.950000 0.400000
          0.050000 0.050000 0.300000
          0.250000 0.250000 0.350000
          0.800000 0.600000 0.050000
          0.600000 0.600000 0.500000
          0.500000 0.600000 0.950000
          0.050000 1.000000 0.250000
          0.600000 0.750000 0.200000
          0.500000 0.800000 0.150000
          0.650000 0.050000 0.950000
          0.200000 0.300000 0.100000
          0.0 0.700000 0.800000
          0.800000 0.550000 0.150000
          0.500000 0.900000 0.900000
          0.350000 0.100000 0.650000
          0.700000 0.250000 0.050000
          0.550000 0.350000 0.250000
          0.850000 0.100000 0.200000
          0.850000 0.850000 0.200000
          0.500000 0.800000 0.550000
          0.150000 0.950000 0.450000
          0.050000 0.900000 0.700000
          0.100000 0.350000 0.750000
          0.600000 0.500000 0.950000
          1.000000 0.500000 0.400000
          0.150000 0.700000 1.000000
          0.950000 0.250000 0.400000
          0.600000 0.650000 0.450000
          0.450000 0.900000 0.950000
          0.500000 0.350000 0.700000
          0.750000 0.750000 1.000000
          0.250000 0.200000 0.850000
          0.900000 0.550000 0.250000
          0.150000 0.950000 0.100000
          0.200000 0.700000 0.100000
          0.800000 1.000000 0.300000
          0.050000 0.400000 0.700000
          0.450000 0.400000 0.150000
          0.100000 0.650000 0.800000
          0.050000 0.950000 0.850000
          0.750000 0.600000 0.450000
          0.250000 0.900000 0.700000
          0.800000 0.350000 0.600000
          0.300000 0.550000 0.900000
          0.800000 0.050000 0.0
          0.0 0.950000 0.950000
          0.500000 0.750000 0.250000
          0.850000 0.500000 0.350000
          0.300000 0.850000 0.950000
          0.750000 0.350000 0.800000
          1.000000 0.100000 0.900000
          0.950000 0.900000 0.450000
          0.800000 0.0 0.450000
          0.750000 0.600000 0.650000
          1.000000 0.900000 0.900000
          0.250000 0.550000 0.950000
          0.250000 0.300000 0.850000
          0.650000 0.950000 0.750000
          0.850000 0.800000 1.000000
          0.100000 0.850000 0.600000
          0.0 0.450000 1.000000
          0.600000 0.150000 0.250000
          0.250000 0.850000 0.900000
          0.050000 0.050000 0.200000
          0.500000 0.500000 0.850000
          0.800000 0.100000 0.150000
          0.0 0.750000 0.350000
          0.750000 0.0 0.950000
          0.300000 0.550000 0.150000
          0.200000 0.700000 1.000000
          0.800000 0.750000 0.100000
          0.550000 0.0 0.600000
          0.250000 0.150000 0.750000
          0.200000 0.200000 0.950000
          0.500000 0.600000 0.100000
          0.700000 0.650000 0.100000
          0.800000 0.950000 0.0
          0.900000 0.850000 1.000000
          0.450000 0.500000 0.500000
          0.300000 0.550000 0.800000
          1.000000 0.500000 0.850000
          0.650000 0.400000 0.700000
          0.850000 0.700000 0.900000
          0.050000 0.450000 0.650000
          0.400000 1.000000 0.050000
          0.750000 0.200000 0.200000
          0.350000 0.0 0.300000
          0.850000 0.800000 0.850000
          0.700000 0.900000 0.800000
          0.100000 0.300000 0.150000
          0.800000 0.900000 0.600000
          0.150000 0.050000 0.900000
          0.650000 0.550000 0.950000
          0.300000 0.350000 0.900000
          0.400000 0.750000 0.950000
          0.0 0.650000 0.450000
          0.100000 0.150000 0.850000
          1.000000 0.750000 0.700000
          0.800000 0.600000 0.950000
          0.150000 0.800000 0.100000
          0.850000 0.350000 0.700000
          0.050000 0.650000 0.0
          0.100000 0.100000 0.250000
          0.400000 0.100000 0.250000
          0.850000 0.750000 0.750000
          0.900000 0.950000 0.050000
          0.650000 0.100000 0.200000
          0.350000 0.800000 0.200000
          0.450000 0.850000 0.200000
          0.700000 0.0 0.150000
          0.350000 0.150000 0.400000
          0.350000 0.900000 0.150000
          0.350000 0.600000 0.400000
          0.900000 0.400000 0.600000
          0.300000 0.900000 0.350000
          0.650000 0.150000 0.750000
          0.200000 0.400000 0.850000
          0.100000 0.900000 0.900000
          0.0 0.950000 0.150000
          0.900000 0.650000 0.700000
          0.850000 0.750000 0.200000
          0.0 0.400000 0.100000
          0.400000 0.050000 0.850000
          0.950000 0.800000 0.450000
          0.200000 0.950000 0.850000
          0.900000 0.500000 0.900000
          0.850000 0.550000 0.500000
          0.600000 0.450000 0.300000
          0.500000 0.850000 0.600000
          0.400000 1.000000 0.250000
          0.650000 0.550000 0.600000
          0.950000 0.400000 0.850000
          0.750000 0.900000 0.050000
          0.100000 0.300000 0.500000
          0.950000 0.200000 0.700000
          0.600000 0.700000 0.050000
          0.850000 0.050000 0.550000
          0.950000 0.100000 0.900000
          0.750000 1.000000 0.100000
          0.800000 0.900000 0.450000
          0.600000 0.900000 0.050000
          0.500000 0.600000 0.600000
          0.550000 0.650000 0.800000
          0.600000 1.000000 0.550000
          0.700000 0.0 0.050000
          0.850000 0.150000 0.750000
          0.300000 0.900000 0.150000
          0.650000 0.550000 0.300000
          0.700000 0.100000 1.000000
          0.050000 0.450000 0.500000
          0.150000 0.700000 0.050000
          0.600000 0.800000 0.350000
          0.600000 0.750000 0.450000
          0.900000 0.700000 0.200000
          0.300000 0.500000 0.550000
          0.350000 0.300000 0.150000
          0.300000 0.950000 0.250000
          0.300000 0.450000 0.600000
          0.750000 0.350000 0.700000
          0.650000 0.950000 0.700000
          0.450000 0.550000 0.650000
          0.900000 0.250000 0.400000
          0.250000 0.950000 0.100000
          0.250000 0.750000 0.250000
          0.650000 0.900000 0.450000
          0.050000 0.050000 0.500000
          0.550000 1.000000 0.650000
          0.700000 0.700000 0.700000
          0.250000 0.300000 0.650000
          0.050000 0.950000 0.700000
          0.500000 0.400000 0.750000
          0.550000 0.100000 0.050000
          0.800000 0.650000 0.400000
          0.200000 0.300000 0.900000
          0.200000 0.750000 0.550000
          0.350000 0.250000 0.750000
          0.800000 0.550000 0.750000
          0.500000 0.0 1.000000
          0.550000 0.500000 0.050000
          0.850000 0.900000 0.300000
          0.300000 1.000000 0.600000
          0.750000 0.300000 1.000000
          0.500000 0.700000 0.500000
          0.900000 0.800000 0.0
          0.050000 0.900000 0.300000
          0.750000 0.650000 0.600000
          0.600000 0.700000 0.700000
          0.200000 0.800000 0.400000
          0.100000 0.450000 0.950000
          1.000000 0.050000 1.000000
          0.700000 0.550000 0.050000
          0.200000 0.850000 0.600000
          0.100000 0.400000 0.200000
          0.850000 0.400000 1.000000
          0.500000 0.350000 0.550000
          0.0 0.700000 1.000000
          0.950000 0.600000 0.400000
          0.050000 0.900000 0.550000
          0.0 1.000000 0.800000
          0.300000 0.850000 0.050000
          0.700000 0.400000 0.100000
          0.550000 0.050000 0.250000
          0.200000 0.300000 0.250000
          0.950000 0.950000 0.100000
          0.550000 0.200000 0.600000
          0.450000 1.000000 0.0
          0.200000 0.200000 0.900000
          0.0 0.900000 0.600000
          0.700000 0.600000 0.450000
          0.400000 0.350000 0.500000
          0.600000 0.500000 0.750000
          0.300000 0.300000 1.000000
          1.000000 0.0 0.500000
          1.000000 0.050000 0.700000
          0.050000 0.150000 0.350000
          0.0 0.950000 0.350000
          1.000000 0.550000 0.350000
          0.800000 0.900000 0.650000
          0.950000 0.600000 0.200000
          0.500000 0.650000 0.400000
          1.000000 0.550000 0.050000
          0.250000 0.850000 0.800000
          0.300000 0.200000 0.850000
          0.400000 0.600000 1.000000
          0.200000 0.300000 0.150000
          0.700000 0.500000 0.0
          0.700000 0.900000 0.900000
          0.100000 0.0 0.100000
          0.200000 0.0 0.500000
          0.400000 0.800000 0.050000
          0.150000 0.650000 0.200000
          0.250000 0.0 0.900000
          0.950000 0.450000 1.000000
          0.900000 0.950000 0.800000
          1.000000 0.650000 0.900000
          0.900000 0.400000 0.400000
          0.0 0.550000 0.250000
          0.600000 0.0 0.500000
          0.400000 0.0 0.600000
          0.950000 0.600000 0.600000
          0.550000 0.650000 1.000000
          0.350000 0.950000 0.350000
          0.800000 0.600000 0.300000
          0.450000 0.300000 0.300000
          0.100000 0.550000 0.050000
          0.250000 0.900000 1.000000
          0.150000 0.050000 0.600000
          0.900000 0.500000 0.050000
          0.700000 0.550000 0.150000
          0.400000 0.0 0.750000
          0.950000 0.550000 0.150000
          0.400000 0.600000 0.450000
          0.450000 0.950000 0.300000
          0.200000 0.350000 0.400000
          0.300000 0.700000 0.450000
          0.600000 0.0 0.050000
          0.0 0.650000 0.300000
          0.300000 0.250000 0.750000
          0.200000 0.100000 0.800000
          0.800000 0.750000 0.400000
          0.100000 0.050000 0.300000
          0.400000 0.400000 0.850000
          0.550000 0.700000 0.500000
          0.650000 0.350000 0.100000
          0.650000 0.950000 0.500000
          0.700000 0.450000 0.600000
          0.050000 0.200000 0.250000
          0.600000 0.500000 0.150000
          0.250000 0.650000 0.650000
          0.400000 0.300000 0.350000
          0.150000 0.150000 0.450000
          0.0 0.600000 0.350000
          0.150000 0.200000 0.050000
          0.950000 0.750000 0.950000
          1.000000 0.950000 0.0
          0.050000 0.750000 0.500000
          0.050000 0.900000 0.350000
          0.950000 0.750000 0.850000
          0.950000 0.700000 0.150000
          0.850000 0.800000 0.700000
          0.200000 0.150000 0.050000
          0.100000 0.900000 0.300000
          0.150000 0.850000 0.100000
          0.750000 0.900000 0.500000
          0.050000 0.500000 0.250000
          1.000000 0.400000 0.300000
          0.600000 0.250000 0.100000
          0.950000 0.750000 0.200000
          0.350000 0.400000 0.850000
          0.950000 0.250000 0.050000
          0.350000 0.550000 0.150000
          0.150000 0.050000 0.450000
          0.0 0.350000 0.200000
          0.150000 0.550000 1.000000
          0.650000 0.200000 0.950000
          0.550000 0.450000 0.950000
          0.050000 0.450000 0.0
          0.400000 0.450000 0.750000
          0.250000 0.200000 0.800000
          0.850000 0.250000 0.400000
          0.700000 0.050000 0.550000
          0.150000 0.0 0.700000
          0.800000 0.500000 0.050000
          1.000000 0.450000 0.500000
          0.150000 0.350000 0.0
          0.850000 0.900000 0.0
          0.950000 0.950000 0.250000
          0.150000 0.750000 0.200000
          0.0 0.900000 0.550000
          0.300000 0.950000 0.200000
          0.550000 0.150000 0.800000
          0.0 0.250000 0.650000
          0.100000 0.600000 0.850000
          0.700000 0.900000 0.750000
          0.450000 0.450000 0.750000
          0.950000 0.0 0.050000
          0.0 0.600000 0.850000
          0.600000 0.600000 0.450000
          0.300000 0.500000 0.650000
          0.150000 0.100000 0.900000
          0.400000 0.350000 0.950000
          0.900000 0.0 0.300000
          0.300000 0.100000 0.500000
          0.900000 0.750000 0.350000
          0.650000 0.050000 0.450000
          0.600000 0.900000 0.250000
          0.700000 0.800000 0.650000
          0.600000 1.000000 0.050000
          0.300000 0.300000 0.750000
          0.700000 0.100000 0.300000
          0.050000 0.150000 0.400000
          0.500000 0.100000 0.900000
          0.150000 0.050000 0.800000
          0.550000 0.050000 0.750000
          0.850000 0.700000 0.850000
          0.750000 0.650000 0.250000
          0.0 0.0 0.800000
          0.650000 0.650000 0.750000
          0.950000 0.0 0.500000
          0.400000 0.250000 0.300000
          0.200000 0.450000 0.300000
          0.500000 0.950000 0.250000
          0.200000 0.100000 0.600000
          0.800000 0.350000 0.800000
          0.450000 0.350000 0.900000
          0.0 0.900000 0.200000
          0.350000 0.100000 0.800000
          0.600000 0.600000 0.750000
          0.600000 0.700000 0.800000
          0.200000 0.050000 0.0
          0.950000 0.500000 0.200000
          0.100000 0.750000 0.300000
          0.550000 0.300000 0.400000
          0.950000 0.950000 0.400000
          0.700000 0.350000 0.050000
          0.950000 0.200000 0.850000
          0.0 0.550000 1.000000
          0.050000 0.050000 0.550000
          0.600000 0.800000 0.600000
          0.0 0.0 0.200000
          0.950000 0.900000 0.600000
          1.000000 0.800000 0.300000
          0.650000 0.950000 0.050000
          0.200000 0.900000 0.400000
          0.100000 0.200000 0.300000
          0.550000 0.650000 0.200000
          0.850000 0.350000 0.850000
          0.400000 0.300000 0.650000
          0.600000 0.900000 0.300000
          1.000000 0.750000 1.000000
          0.400000 0.200000 0.150000
          0.700000 0.350000 0.550000
          0.200000 0.750000 0.600000
          0.750000 0.700000 0.0
          0.150000 0.750000 0.600000
          0.400000 0.750000 0.700000
          0.050000 0.100000 0.0
          0.500000 0.900000 0.700000
          0.550000 1.000000 0.200000
          0.050000 0.950000 0.500000
          0.050000 0.700000 0.050000
          0.250000 0.0 0.500000
          0.950000 0.800000 0.050000
          0.700000 0.350000 0.950000
          0.750000 0.600000 1.000000
          1.000000 0.050000 0.950000
          0.500000 0.450000 0.900000
          0.250000 0.750000 0.800000
          0.550000 0.900000 0.150000
          0.250000 0.450000 0.600000
          0.0 0.0 0.950000
          0.400000 0.550000 0.650000
          0.850000 0.750000 0.650000
          0.700000 0.650000 0.400000
          0.450000 0.550000 0.550000
          0.900000 0.350000 0.700000
          0.850000 0.600000 0.050000
          0.650000 0.100000 0.450000
          0.600000 0.500000 0.550000
          0.100000 0.450000 0.750000
          0.050000 0.900000 0.800000
          0.600000 0.650000 0.500000
          0.600000 1.000000 0.700000
          0.850000 0.0 0.950000
          0.750000 0.950000 0.650000
          0.200000 0.350000 0.200000
          0.250000 0.050000 0.650000
          0.450000 0.900000 0.600000
          0.400000 0.350000 0.200000
          0.750000 0.450000 0.150000
          0.700000 0.100000 0.0
          0.450000 0.0 0.700000
          0.550000 0.850000 0.250000
          0.450000 0.400000 0.950000
          0.0 0.650000 0.150000
          0.150000 0.800000 0.750000
          0.550000 0.050000 0.0
          0.100000 0.950000 0.450000
          0.550000 0.800000 0.100000
          0.0 0.150000 0.450000
          0.450000 0.850000 0.650000
          0.650000 0.800000 0.750000
          0.350000 0.300000 0.800000
          0.800000 0.250000 0.650000
          0.450000 0.0 0.250000
          0.750000 0.200000 0.800000
          0.550000 1.000000 0.750000
          0.200000 0.750000 0.050000
          0.750000 1.000000 0.300000
          1.000000 0.0 0.550000
          0.750000 0.200000 0.900000
          0.950000 0.500000 0.950000
          0.0 0.050000 0.100000
          0.900000 0.650000 0.200000
          0.150000 0.950000 0.350000
          0.300000 0.350000 0.250000
          0.750000 0.800000 0.300000
          0.400000 0.850000 0.300000
          0.500000 0.650000 0.750000
          0.300000 0.100000 0.850000
          0.950000 0.900000 0.0
          0.350000 0.0 0.250000
          0.200000 0.150000 0.400000
          0.500000 0.600000 1.000000
          0.900000 0.850000 0.050000
          0.900000 0.250000 0.300000
          0.650000 0.700000 0.500000
          0.200000 0.050000 0.800000
          0.850000 0.200000 0.300000
          0.700000 0.550000 0.850000
          0.350000 0.700000 0.800000
          0.700000 0.400000 0.400000
          0.350000 0.350000 0.150000
          0.400000 0.900000 0.800000
          0.650000 0.800000 0.850000
          0.300000 0.650000 0.250000
          0.400000 0.400000 0.300000
          0.100000 0.500000 0.550000
          0.450000 0.150000 0.300000
          0.250000 0.650000 0.200000
          0.550000 0.250000 0.900000
          0.450000 0.850000 0.500000
          1.000000 0.250000 0.050000
          0.550000 0.900000 0.950000
          0.400000 0.300000 0.250000
          0.700000 0.700000 0.100000
          0.950000 0.100000 0.150000
          0.550000 0.600000 0.950000
          0.900000 0.900000 0.050000
          0.200000 0.900000 0.350000
          1.000000 0.600000 0.750000
          0.150000 0.600000 0.050000
          0.400000 0.250000 0.0
          0.400000 0.750000 0.0
          0.500000 0.0 0.350000
          0.950000 0.700000 0.750000
          0.850000 0.450000 0.850000
          0.150000 0.650000 0.500000
          0.600000 0.050000 0.600000
          0.950000 1.000000 0.150000
          0.700000 0.350000 0.150000
          0.600000 0.700000 1.000000
          0.600000 0.200000 0.150000
          0.600000 0.0 0.150000
          0.100000 0.600000 0.950000
          0.700000 0.400000 0.200000
          0.500000 0.700000 0.550000
          0.950000 0.250000 0.600000
          0.900000 0.300000 0.100000
          0.350000 0.450000 0.500000
          0.700000 0.500000 0.700000
          0.300000 0.050000 0.550000
          1.000000 0.950000 0.350000
          1.000000 0.050000 0.250000
          0.750000 0.150000 1.000000
          0.550000 0.400000 1.000000
          0.350000 0.500000 0.300000
          0.400000 0.250000 0.550000
          0.150000 0.650000 0.100000
          0.050000 0.100000 0.750000
          0.150000 0.750000 0.150000
          0.700000 1.000000 0.450000
          0.200000 0.200000 0.850000
          0.750000 0.250000 0.600000
          1.000000 0.100000 0.450000
          0.650000 0.750000 0.650000
          0.750000 0.800000 0.450000
          0.650000 0.650000 0.350000
          0.100000 0.150000 0.450000
          0.850000 0.150000 0.650000
          0.300000 0.400000 1.000000
          0.300000 0.250000 0.450000
          0.750000 0.400000 0.250000
          0.200000 0.600000 0.400000
          0.100000 0.100000 0.650000
          0.300000 0.950000 0.450000
          0.700000 0.550000 0.800000
          0.900000 0.350000 0.350000
          0.550000 0.100000 0.850000
          0.400000 0.300000 0.450000
          0.700000 0.100000 0.600000
          0.400000 0.500000 0.450000
          0.550000 0.450000 0.650000
          0.950000 0.200000 0.400000
          1.000000 0.600000 0.550000
          0.0 0.600000 0.150000
          0.250000 0.250000 0.900000
          0.150000 0.300000 0.900000
          0.050000 0.850000 0.800000
          0.500000 0.950000 0.050000
          0.200000 0.700000 0.250000
          0.100000 0.650000 0.900000
          0.800000 0.850000 0.500000
          0.450000 0.800000 0.550000
          0.750000 0.0 0.500000
          0.650000 0.600000 0.700000
          0.350000 1.000000 0.350000
          0.650000 0.500000 0.550000
          0.900000 0.650000 0.900000
          0.250000 0.450000 0.300000
          0.950000 0.400000 0.100000
          0.150000 0.800000 0.850000
          0.950000 0.200000 0.200000
          0.700000 0.0 0.950000
          0.0 0.0 0.500000
          0.300000 0.800000 0.950000
          0.200000 0.300000 0.850000
          0.750000 0.100000 0.900000
          0.150000 0.050000 0.300000
          0.300000 0.700000 0.750000
          0.250000 0.800000 0.950000
          0.900000 0.750000 0.450000
          0.050000 0.300000 0.050000
          0.450000 0.900000 0.800000
          0.200000 0.0 0.150000
          0.100000 0.750000 0.250000
          0.350000 0.700000 0.0
          0.450000 0.050000 0.250000
          1.000000 0.750000 0.100000
          0.750000 0.750000 0.300000
          0.0 0.500000 0.800000
          0.0 0.150000 0.350000
          0.850000 0.250000 0.950000
          0.550000 0.800000 0.750000
          1.000000 0.750000 0.150000
          0.950000 0.050000 0.700000
          0.050000 0.850000 0.900000
          0.100000 0.300000 0.350000
          0.200000 0.250000 0.0
          0.600000 0.0 0.600000
          0.650000 0.0 0.950000
          0.0 0.300000 0.950000
          0.500000 0.850000 0.850000
          0.0 0.750000 1.000000
          0.050000 0.450000 0.100000
          0.500000 0.850000 0.500000
          0.900000 0.550000 0.600000
          0.950000 0.850000 0.900000
          0.150000 0.100000 0.100000
          0.700000 0.950000 0.200000
          0.750000 0.450000 0.250000
          0.150000 0.850000 0.650000
          0.0 0.200000 0.200000
          0.600000 0.900000 0.0
          0.150000 0.0 0.300000
          0.100000 0.850000 0.900000
          0.800000 0.300000 0.250000
          0.400000 0.750000 0.400000
          0.900000 0.100000 0.450000
          0.650000 0.150000 0.100000
          0.800000 0.750000 0.750000
          0.350000 0.850000 0.350000
          0.0 0.400000 0.600000
          0.750000 0.950000 0.200000
          0.100000 0.0 0.500000
          0.150000 0.450000 0.600000
          0.550000 0.700000 0.700000
          0.0 0.450000 0.600000
          1.000000 0.900000 0.650000
          0.550000 0.0 0.500000
          0.400000 0.600000 0.350000
          0.250000 0.950000 0.650000
          0.700000 0.450000 0.250000
          0.0 0.500000 0.900000
          0.300000 0.300000 0.200000
          0.200000 0.450000 0.350000
          0.150000 0.250000 0.600000
          0.900000 0.050000 1.000000
          0.050000 0.850000 0.600000
          0.850000 0.400000 0.800000
          0.850000 0.0 0.450000
          0.400000 0.950000 0.0
          0.150000 0.800000 0.300000
          0.450000 0.900000 0.0
          0.900000 0.150000 0.300000
          1.000000 0.100000 0.0
          0.550000 0.150000 0.850000
          0.850000 0.850000 0.900000
          0.850000 0.650000 1.000000
          0.650000 0.700000 0.750000
          0.450000 0.550000 0.350000
          0.250000 1.000000 0.550000
          0.050000 0.700000 0.250000
          0.050000 0.750000 0.950000
          0.700000 0.150000 0.900000
          0.150000 0.500000 0.200000
          0.200000 0.800000 0.500000
          0.500000 0.800000 0.800000
          0.150000 1.000000 0.950000
          0.400000 0.900000 0.400000
          0.100000 0.950000 0.750000
          0.400000 0.250000 0.250000
          0.350000 0.800000 0.900000
          0.050000 0.750000 0.350000
          0.450000 1.000000 0.550000
          0.350000 0.600000 0.550000
          0.200000 0.550000 0.050000
          0.150000 0.900000 0.200000
          0.050000 0.400000 0.400000
          0.050000 0.850000 0.400000
          1.000000 0.050000 0.800000
          0.100000 0.800000 1.000000
          0.0 0.050000 0.700000
          0.500000 0.050000 0.650000
          0.450000 0.300000 0.100000
          0.100000 0.950000 0.650000
          0.100000 0.450000 1.000000
          0.200000 0.850000 1.000000
          0.700000 0.800000 0.0
          0.400000 0.900000 0.350000
          0.450000 0.450000 0.700000
          0.0 0.400000 0.150000
          0.0 0.550000 0.650000
          1.000000 0.600000 0.100000
          0.500000 0.800000 0.450000
          0.950000 0.900000 0.800000
          0.300000 0.0 0.500000
          0.850000 0.200000 0.500000
          0.550000 0.100000 0.650000
          0.0 0.250000 0.700000
          0.300000 0.0 0.900000
          0.350000 0.450000 0.650000
          0.750000 0.050000 0.500000
          0.850000 0.450000 0.500000
          0.950000 0.300000 0.850000
          0.450000 0.100000 0.400000
          0.550000 0.550000 0.550000
          0.300000 0.650000 0.600000
          0.650000 0.050000 0.350000
          0.800000 0.150000 1.000000
          0.400000 0.050000 0.300000
          0.600000 0.400000 0.350000
          0.400000 0.700000 0.100000
          0.750000 0.0 0.650000
          0.550000 0.950000 0.950000
          1.000000 0.500000 0.050000
          0.550000 0.700000 0.200000
          0.250000 0.850000 0.750000
          0.500000 0.750000 0.800000
          0.250000 0.0 0.400000
          0.100000 0.0 0.650000
          0.500000 0.550000 0.300000
          0.200000 0.200000 0.700000
          0.0 0.150000 0.100000
          0.800000 0.600000 0.100000
          0.800000 0.750000 0.150000
          0.150000 0.450000 0.550000
          0.400000 0.850000 0.0
          0.850000 0.950000 0.050000
          0.0 0.800000 0.250000
          0.300000 0.450000 0.450000
          0.300000 0.300000 0.250000
          0.150000 0.400000 0.550000
          0.050000 0.150000 0.700000
          1.000000 0.450000 0.900000
          0.600000 0.850000 0.050000
          0.050000 0.700000 0.100000
          1.000000 0.550000 0.150000
          0.350000 0.050000 0.250000
          0.850000 0.750000 0.800000
          0.700000 0.0 0.900000
          0.650000 0.250000 1.000000
          0.450000 0.900000 0.300000
          0.400000 0.900000 0.200000
          0.650000 0.250000 0.100000
          0.500000 0.150000 0.100000
          0.500000 0.100000 0.600000
          0.700000 0.500000 1.000000
          0.750000 0.700000 0.200000
          1.000000 0.900000 0.200000
          0.050000 0.400000 0.550000
          0.950000 0.800000 0.250000
          1.000000 0.500000 0.250000
          1.000000 0.850000 0.300000
          0.650000 1.000000 0.050000
          0.800000 0.300000 0.600000
          0.550000 0.100000 0.150000
          0.800000 0.150000 0.100000
          0.800000 0.0 0.950000
          0.0 0.950000 0.050000
          0.0 0.450000 0.800000
          0.350000 0.300000 0.400000
          0.850000 0.750000 0.300000
          0.950000 0.050000 0.050000
          0.300000 0.050000 0.500000
          0.750000 0.400000 0.700000
          0.750000 0.0 0.400000
          0.700000 0.500000 0.500000
          0.0 0.700000 0.900000
          0.600000 0.200000 0.250000
          0.900000 0.300000 1.000000
          0.650000 0.200000 0.350000
          0.500000 0.550000 0.900000
          0.750000 0.700000 0.450000
          0.700000 0.500000 0.150000
          0.400000 1.000000 0.950000
          0.100000 0.500000 0.150000
          0.150000 0.950000 0.800000
          0.600000 0.350000 0.850000
          0.300000 0.600000 0.400000
          0.050000 0.750000 1.000000
          0.800000 0.650000 1.000000
          0.750000 0.050000 0.650000
          0.550000 0.950000 0.200000
          0.500000 0.950000 0.100000
          0.350000 0.650000 0.300000
          0.500000 1.000000 0.850000
          0.100000 0.900000 0.400000
          0.950000 0.500000 0.650000
          0.350000 0.600000 0.950000
          0.0 0.350000 0.900000
          0.050000 0.850000 1.000000
          0.450000 0.0 0.100000
          0.500000 0.150000 0.450000
          0.850000 0.400000 0.100000
          0.350000 0.650000 0.800000
          0.050000 0.550000 0.250000
          0.0 0.850000 0.700000
          0.550000 0.150000 0.450000
          0.100000 0.200000 0.400000
          0.200000 0.250000 0.050000
          0.400000 0.100000 0.150000
          0.400000 0.150000 0.200000
          0.850000 0.650000 0.600000
          0.550000 0.050000 0.500000
          0.900000 0.650000 0.250000
          0.500000 0.950000 0.400000
          0.950000 0.600000 0.050000
          0.600000 0.800000 0.550000
          0.650000 0.700000 0.700000
          0.450000 0.700000 0.900000
          0.650000 0.600000 0.250000
          0.600000 0.700000 0.950000
          0.150000 0.500000 0.050000
          0.650000 0.050000 0.500000
          0.0 0.0 0.900000
          0.600000 0.350000 0.350000
          0.500000 0.750000 0.400000
          0.350000 0.350000 1.000000
          0.650000 0.0 0.900000
          0.700000 1.000000 0.200000
          0.100000 0.750000 0.400000
          0.400000 0.450000 1.000000
          0.200000 1.000000 0.550000
          0.250000 0.250000 0.600000
          0.650000 0.700000 0.650000
          0.900000 0.200000 0.800000
          0.550000 0.750000 0.500000
          0.950000 0.400000 0.900000
          0.600000 0.600000 0.850000
          0.0 0.950000 0.100000
          0.200000 0.900000 0.300000
          1.000000 0.0 0.700000
          0.050000 0.750000 0.900000
          0.500000 0.400000 0.200000
          0.750000 0.050000 0.300000
          0.400000 0.900000 0.450000
          0.700000 0.950000 0.600000
          0.150000 0.0 0.150000
          0.900000 0.500000 0.700000
          0.200000 0.400000 0.200000
          0.550000 0.950000 0.750000
          0.250000 0.050000 0.350000
          0.850000 0.050000 0.750000
          0.350000 0.550000 0.850000
          0.150000 0.800000 0.050000
          0.850000 1.000000 0.0
          0.900000 0.850000 0.100000
          0.850000 0.300000 0.150000
          0.700000 0.950000 0.150000
          0.300000 1.000000 0.250000
          0.250000 0.0 0.450000
          0.0 0.400000 0.900000
          0.350000 0.500000 0.800000
          0.500000 0.650000 0.900000
          0.600000 0.550000 0.950000
          0.850000 0.850000 0.750000
          0.950000 0.500000 0.750000
          0.0 0.0 0.050000
          0.650000 0.600000 0.050000
          1.000000 0.400000 0.100000
          0.100000 0.800000 0.550000
          0.450000 0.0 0.550000
          0.600000 0.850000 0.800000
          0.850000 0.600000 0.350000
          0.900000 0.400000 0.850000
          0.350000 0.550000 0.200000
          0.800000 0.900000 0.150000
          0.700000 0.950000 0.700000
          0.700000 0.500000 0.300000
          0.950000 0.900000 0.650000
          0.200000 1.000000 0.700000
          0.350000 0.150000 0.200000
          0.050000 0.200000 0.750000
          0.0 0.600000 0.750000
          0.400000 0.250000 0.650000
          0.600000 0.650000 0.750000
          0.650000 0.650000 0.550000
          0.950000 0.650000 0.750000
          0.550000 0.300000 1.000000
          0.400000 0.450000 0.100000
          0.200000 0.400000 0.900000
          0.700000 0.100000 0.450000
          0.650000 0.450000 0.750000
          0.300000 0.050000 0.350000
          0.250000 0.650000 0.400000
          0.0 0.050000 0.600000
          0.350000 0.350000 0.050000
          0.300000 0.600000 0.350000
          0.050000 0.650000 0.100000
          0.050000 0.200000 0.600000
          0.400000 0.400000 0.650000
          0.050000 0.650000 0.800000
          0.100000 0.050000 0.550000
          0.950000 0.300000 1.000000
          0.150000 0.450000 1.000000
          0.150000 0.850000 1.000000
          0.600000 0.350000 0.400000
          0.500000 0.350000 0.750000
          0.900000 0.950000 0.450000
          0.400000 0.550000 0.750000
          0.100000 0.650000 0.950000
          0.900000 0.850000 0.250000
          0.0 0.100000 0.350000
          0.350000 1.000000 0.400000
          0.450000 0.350000 0.0
          0.350000 0.250000 0.200000
          0.150000 0.550000 0.900000
          0.850000 0.0 0.550000
          0.550000 0.900000 0.500000
          0.050000 0.450000 0.300000
          0.900000 0.350000 0.100000
          0.0 0.0 0.150000
          0.350000 0.200000 0.800000
          0.350000 0.900000 0.450000
          0.400000 0.250000 0.200000
          0.0 0.750000 0.150000
          0.700000 0.600000 0.850000
          0.400000 0.550000 0.900000
          0.100000 0.500000 0.800000
          0.100000 0.300000 0.600000
          0.600000 0.600000 0.900000
          1.000000 1.000000 0.800000
          0.700000 0.950000 0.950000
          0.700000 0.250000 0.200000
          0.950000 0.850000 0.450000
          0.500000 0.500000 0.050000
          0.150000 0.600000 0.950000
          0.300000 0.350000 0.950000
          1.000000 0.750000 0.600000
          0.250000 0.100000 0.250000
          0.100000 0.850000 0.400000
          0.300000 0.950000 0.150000
          0.150000 0.600000 0.500000
          0.500000 0.550000 0.050000
          0.950000 0.0 0.250000
          0.0 0.550000 0.400000
          0.0 0.800000 0.400000
          0.200000 0.350000 0.700000
          0.950000 0.900000 0.350000
          0.750000 0.700000 0.400000
          0.350000 0.850000 0.400000
          0.750000 0.350000 0.0
          0.100000 0.800000 0.0
          1.000000 1.000000 0.350000
          0.500000 1.000000 0.400000
          0.500000 0.900000 0.150000
          0.850000 0.500000 0.450000
          0.650000 0.950000 0.450000
          0.250000 0.250000 0.650000
          0.850000 0.800000 0.350000
          1.000000 0.250000 0.500000
          0.600000 0.050000 0.900000
          0.350000 0.650000 0.350000
          0.600000 0.750000 0.550000
          0.850000 0.500000 0.850000
          0.250000 0.650000 0.900000
          0.550000 0.900000 0.450000
          0.450000 0.550000 1.000000
          0.300000 0.400000 0.150000
          0.0 0.100000 0.250000
          0.550000 0.050000 0.050000
          0.450000 0.400000 0.200000
          0.0 0.300000 0.0
          0.900000 0.050000 0.500000
          0.900000 0.600000 0.350000
          0.200000 1.000000 0.150000
          0.150000 0.550000 0.500000
          0.850000 0.100000 1.000000
          0.650000 0.150000 0.400000
          0.300000 0.600000 0.850000
          0.250000 0.400000 0.600000
          0.950000 0.100000 0.350000
          0.500000 0.350000 0.450000
          0.100000 0.900000 0.250000
          0.100000 0.300000 0.800000
          1.000000 0.200000 1.000000
          0.750000 0.0 0.450000
          0.650000 0.350000 0.450000
          0.800000 0.950000 0.550000
          0.0 1.000000 0.950000
          0.0 0.750000 0.300000
          1.000000 0.050000 0.500000
          0.150000 0.750000 0.250000
          0.650000 0.100000 0.650000
          0.450000 0.700000 0.750000
          0.850000 0.0 1.000000
          0.850000 0.800000 0.600000
          0.350000 0.850000 0.800000
          1.000000 0.350000 0.250000
          0.250000 1.000000 0.500000
          0.350000 0.250000 0.650000
          0.650000 0.750000 0.500000
          0.400000 0.100000 0.750000
          0.150000 0.900000 0.700000
          0.0 0.800000 0.300000
          0.800000 0.150000 0.450000
          0.550000 0.350000 0.150000
          1.000000 0.400000 0.950000
          0.350000 0.500000 0.100000
          0.250000 0.650000 0.750000
          1.000000 0.050000 0.0
          0.500000 0.100000 0.800000
          0.350000 0.250000 1.000000
          0.650000 0.650000 0.250000
          0.850000 0.050000 0.0
          0.100000 0.900000 0.800000
          0.200000 1.000000 0.650000
          0.950000 0.400000 0.300000
          0.300000 0.100000 0.0
          1.000000 0.450000 1.000000
          0.850000 0.100000 0.300000
          0.700000 0.100000 0.750000
          0.600000 0.100000 0.800000
          0.300000 0.950000 0.550000
          0.200000 0.650000 0.0
          0.050000 0.900000 0.150000
          0.450000 1.000000 0.350000
          0.550000 0.250000 0.650000
          0.400000 0.350000 0.750000
          0.400000 0.850000 0.450000
          0.200000 0.850000 0.950000
          0.300000 0.050000 0.600000
          0.100000 0.100000 0.700000
          0.600000 0.900000 0.150000
          0.200000 1.000000 0.800000
          0.900000 0.350000 1.000000
          1.000000 0.150000 0.250000
          0.300000 0.150000 0.500000
          1.000000 0.900000 1.000000
          0.600000 0.700000 0.550000
          0.950000 0.400000 0.0
          0.550000 0.200000 0.650000
          0.450000 0.100000 0.300000
          0.050000 1.000000 0.800000
          0.450000 0.150000 0.450000
          0.600000 0.150000 0.800000
          0.250000 0.700000 0.350000
          0.200000 0.650000 0.550000
          0.600000 0.250000 0.0
          0.550000 0.0 0.550000
          0.150000 0.800000 0.900000
          0.500000 0.150000 0.500000
          0.950000 0.200000 0.500000
          0.550000 0.550000 0.450000
          0.750000 0.550000 0.700000
          0.250000 0.450000 0.400000
          1.000000 0.250000 0.550000
          0.900000 0.700000 0.150000
          0.750000 1.000000 0.250000
          0.400000 0.950000 0.150000
          0.500000 0.450000 0.250000
          0.0 0.600000 0.250000
          0.400000 0.150000 0.450000
          0.550000 0.850000 0.200000
          0.250000 0.100000 0.600000
          0.900000 0.300000 0.450000
          1.000000 0.100000 0.650000
          0.750000 0.850000 0.600000
          0.150000 0.700000 0.500000
          0.500000 0.950000 0.750000
          0.750000 1.000000 0.750000
          0.300000 0.950000 0.800000
          0.600000 0.150000 0.900000
          0.450000 0.700000 0.500000
          0.700000 0.050000 1.000000
          0.250000 0.800000 0.100000
          0.950000 0.600000 0.450000
          0.500000 1.000000 0.500000
          0.800000 0.350000 0.650000
          0.200000 0.950000 0.350000
          1.000000 0.650000 0.350000
          0.500000 0.600000 0.450000
          0.350000 0.500000 0.750000
          0.850000 0.300000 0.700000
          0.250000 0.700000 0.750000
          0.700000 0.850000 0.150000
          0.800000 0.550000 0.350000
          0.600000 0.900000 0.700000
          0.650000 0.850000 1.000000
          0.150000 0.050000 0.950000
          0.700000 0.450000 0.700000
          0.950000 0.250000 0.150000
          0.250000 0.250000 0.150000
          0.150000 0.800000 0.400000
          0.950000 0.350000 0.400000
          0.350000 0.850000 0.550000
          0.900000 1.000000 0.250000
          0.500000 0.250000 0.050000
          0.450000 0.350000 0.400000
          0.300000 0.150000 0.450000
          0.100000 0.350000 0.050000
          0.150000 0.300000 0.300000
          0.250000 0.200000 0.500000
          0.550000 0.950000 0.650000
          0.300000 0.100000 0.300000
          0.300000 0.350000 0.350000
          0.050000 0.150000 1.000000
          0.800000 0.150000 0.150000
          0.200000 0.600000 0.750000
          0.300000 0.800000 0.900000
          0.150000 0.500000 0.0
          0.700000 0.750000 0.400000
          1.000000 0.300000 0.850000
          0.450000 0.150000 0.100000
          0.350000 0.100000 0.350000
          0.300000 0.400000 0.600000
          0.0 0.550000 0.800000
          0.450000 0.400000 0.100000
          0.800000 0.100000 0.100000
          0.350000 0.900000 0.200000
          0.100000 0.400000 0.250000
          0.700000 0.850000 0.750000
          0.500000 0.650000 0.800000
          0.550000 0.700000 0.050000
          0.550000 0.700000 0.550000
          0.900000 0.500000 0.350000
          0.850000 0.050000 0.700000
          0.700000 0.850000 0.850000
          0.850000 0.450000 0.900000
          0.500000 0.700000 0.900000
          0.050000 0.250000 0.0
          0.350000 0.250000 0.350000
          0.450000 0.400000 0.800000
          0.550000 0.600000 0.800000
          0.300000 0.150000 0.200000
          0.100000 0.650000 0.750000
          1.000000 0.600000 0.300000
          0.900000 0.550000 0.900000
          0.050000 0.250000 0.300000
          0.950000 0.350000 0.800000
          0.350000 0.850000 0.150000
          0.0 0.700000 0.050000
          0.600000 0.900000 0.100000
          0.150000 0.650000 0.400000
          0.400000 0.050000 0.050000
          0.250000 0.750000 0.450000
          0.750000 0.100000 0.150000
          0.550000 0.200000 0.750000
          0.900000 0.350000 0.850000
          0.250000 0.400000 0.850000
          1.000000 0.250000 0.600000
          0.600000 1.000000 0.250000
          0.150000 0.700000 0.100000
          0.200000 0.650000 0.650000
          0.500000 0.100000 0.950000
          0.550000 0.150000 0.100000
          0.550000 0.300000 0.100000
          0.250000 0.400000 0.550000
          0.950000 0.350000 0.150000
          0.150000 1.000000 0.500000
          0.550000 0.750000 0.0
          0.100000 1.000000 0.300000
          0.900000 0.600000 0.400000
          0.950000 0.0 0.550000
          0.350000 0.0 0.750000
          1.000000 0.0 0.600000
          0.600000 0.250000 0.800000
          0.900000 0.850000 0.700000
          0.550000 0.150000 0.600000
          0.700000 0.750000 0.800000
          0.400000 0.150000 0.650000
          1.000000 0.350000 0.450000
          0.550000 0.350000 1.000000
          0.0 0.900000 0.350000
          0.600000 0.450000 0.150000
          0.500000 0.0 0.450000
          0.500000 0.250000 0.600000
          0.900000 0.150000 0.750000
          0.700000 0.350000 0.450000
          0.450000 0.300000 0.650000
          0.100000 0.900000 0.750000
          0.600000 0.300000 0.900000
          0.450000 0.250000 0.800000
          0.0 0.150000 0.650000
          0.700000 0.250000 0.250000
          0.950000 1.000000 0.500000
          0.050000 0.800000 1.000000
          0.550000 1.000000 0.700000
          0.900000 0.450000 0.650000
          0.200000 0.650000 1.000000
          0.500000 0.300000 0.050000
          0.750000 0.250000 0.950000
          0.950000 0.900000 0.150000
          0.700000 0.150000 0.650000
          0.100000 0.850000 0.700000
          0.650000 0.550000 0.200000
          0.050000 0.950000 0.650000
          0.300000 0.800000 0.600000
          0.050000 0.150000 0.900000
          0.650000 1.000000 0.0
          0.300000 0.800000 0.650000
          0.450000 0.850000 0.250000
          0.350000 0.0 0.350000
          0.750000 0.700000 0.500000
          0.500000 0.800000 0.750000
          0.700000 0.250000 0.550000
          0.300000 0.350000 0.800000
          0.600000 0.100000 0.450000
          0.200000 0.550000 0.100000
          0.800000 0.450000 0.800000
          0.500000 0.650000 0.600000
          0.200000 0.050000 0.250000
          0.300000 0.550000 0.550000
          0.650000 0.050000 0.400000
          0.100000 0.700000 0.450000
          0.400000 0.0 0.550000
          0.800000 0.600000 0.900000
          0.900000 0.500000 0.150000
          0.350000 0.600000 0.050000
          0.950000 1.000000 0.800000
          0.750000 0.550000 0.350000
          0.400000 0.700000 0.800000
          0.650000 0.650000 0.600000
          0.050000 0.950000 0.450000
          0.900000 0.250000 0.900000
          0.0 0.350000 0.250000
          0.850000 0.600000 0.750000
          0.850000 0.600000 1.000000
          0.300000 0.600000 0.950000
          0.450000 0.900000 0.050000
          0.0 0.050000 0.150000
          0.150000 1.000000 0.550000
          0.300000 0.500000 0.350000
          0.900000 0.300000 0.900000
          0.600000 0.750000 0.750000
          0.950000 0.0 0.0
          0.0 0.0 0.350000
          1.000000 0.950000 0.700000
          0.950000 0.100000 0.200000
          0.550000 0.300000 0.550000
          0.050000 0.650000 0.200000
          0.500000 1.000000 0.950000
          0.900000 0.750000 0.100000
          0.100000 0.500000 0.600000
          0.950000 0.050000 0.350000
          0.150000 0.650000 0.050000
          0.400000 0.200000 0.200000
          0.600000 0.700000 0.500000
          0.650000 0.900000 0.150000
          0.100000 0.200000 0.950000
          0.950000 0.200000 0.250000
          0.500000 0.450000 0.700000
          0.450000 0.600000 0.550000
          0.600000 0.300000 0.0
          0.850000 0.450000 0.150000
          0.150000 0.850000 0.550000
          0.900000 0.500000 0.200000
          0.800000 0.950000 0.150000
          0.100000 0.100000 0.350000
          0.450000 0.500000 0.750000
          0.0 0.950000 0.0
          0.150000 1.000000 0.850000
          0.350000 0.250000 0.450000
          0.800000 0.050000 0.600000
          0.300000 0.0 0.850000
          0.800000 0.100000 0.0
          0.850000 0.100000 0.900000
          0.750000 1.000000 1.000000
          0.400000 0.650000 0.200000
          0.750000 0.150000 0.200000
          0.700000 0.150000 0.150000
          0.650000 0.950000 0.150000
          0.0 0.800000 0.150000
          0.550000 0.950000 0.050000
          0.550000 0.0 0.100000
          0.250000 1.000000 0.100000
          0.600000 0.250000 0.650000
          0.200000 0.900000 0.850000
          1.000000 0.250000 0.650000
          0.650000 0.700000 0.0
          0.350000 0.300000 0.350000
          0.750000 0.650000 0.300000
          0.750000 0.850000 0.500000
          0.400000 0.0 0.050000
          0.650000 1.000000 0.350000
          0.950000 0.550000 0.400000
          0.050000 0.900000 0.650000
          0.800000 0.050000 0.450000
          0.150000 0.450000 0.950000
          0.650000 0.700000 0.300000
          0.800000 0.200000 0.0
          0.450000 0.850000 0.550000
          0.650000 1.000000 0.950000
          0.100000 0.100000 0.150000
          0.650000 0.050000 0.250000
          0.0 0.150000 0.550000
          0.100000 0.100000 0.050000
          0.600000 0.700000 0.450000
          0.600000 0.0 0.0
          0.650000 0.300000 0.050000
          0.100000 0.950000 0.800000
          0.500000 0.500000 0.550000
          0.600000 0.350000 0.0
          0.450000 0.750000 0.100000
          0.700000 0.900000 0.550000
          0.150000 0.200000 0.300000
          0.850000 0.750000 0.400000
          0.0 0.050000 0.500000
          0.800000 0.650000 0.600000
          0.0 0.250000 0.400000
          0.850000 0.950000 0.150000
          0.400000 0.850000 0.500000
          0.250000 0.850000 1.000000
          0.700000 0.800000 0.250000
          0.650000 0.300000 0.650000
          0.300000 0.850000 0.250000
          0.150000 0.100000 0.350000
          0.0 0.900000 0.400000
          0.500000 0.600000 0.150000
          0.050000 0.800000 0.050000
          1.000000 0.700000 0.100000
          0.800000 0.750000 0.950000
          0.850000 0.300000 0.350000
          0.200000 0.150000 0.950000
          0.250000 0.250000 0.100000
          0.950000 0.850000 0.100000
          0.200000 0.500000 1.000000
          0.250000 0.650000 0.450000
          0.250000 0.150000 0.550000
          0.400000 0.950000 0.100000
          0.250000 0.550000 0.100000
          0.600000 0.200000 0.100000
          0.450000 0.850000 0.700000
          1.000000 0.350000 0.050000
          0.500000 0.350000 0.400000
          0.550000 0.150000 0.350000
          0.0 0.750000 0.500000
          0.0 0.750000 0.600000
          0.100000 0.150000 0.500000
          0.400000 0.450000 0.650000
          0.200000 0.850000 0.850000
          0.950000 0.450000 0.950000
          0.300000 0.650000 0.0
          0.250000 0.650000 0.050000
          0.600000 0.050000 1.000000
          0.300000 1.000000 0.500000
          0.0 0.050000 0.650000
          0.350000 0.900000 0.300000
          0.150000 0.250000 1.000000
          0.600000 0.250000 0.300000
          0.100000 1.000000 0.450000
          0.150000 0.450000 0.500000
          0.700000 0.650000 0.350000
          0.250000 0.300000 0.450000
          1.000000 0.750000 0.950000
          0.700000 0.350000 0.0
          0.050000 0.250000 0.450000
          0.500000 0.950000 0.0
          0.450000 0.400000 0.0
          0.950000 0.550000 0.800000
          0.100000 0.050000 0.100000
          0.450000 0.750000 0.200000
          0.900000 0.850000 0.300000
          0.950000 0.200000 0.150000
          0.400000 0.300000 0.400000
          0.400000 0.900000 0.250000
          0.650000 0.300000 0.550000
          0.850000 0.250000 0.900000
          0.0 0.300000 0.900000
          0.750000 0.500000 0.550000
          0.400000 0.550000 0.0
          0.900000 0.800000 0.150000
          0.900000 0.600000 0.300000
          0.700000 0.0 0.100000
          0.400000 0.800000 0.450000
          1.000000 0.650000 0.700000
          0.650000 0.250000 0.750000
          0.950000 0.950000 0.900000
          0.400000 0.050000 0.0
          0.750000 0.950000 0.950000
          0.450000 0.450000 1.000000
          0.600000 0.100000 0.850000
          0.0 0.250000 0.850000
          0.050000 0.400000 0.050000
          0.400000 0.300000 0.300000
          0.500000 0.300000 0.700000
          0.400000 1.000000 0.200000
          1.000000 0.300000 0.300000
          0.950000 0.550000 0.500000
          0.900000 0.200000 0.100000
          0.950000 0.400000 0.650000
          0.750000 0.150000 0.550000
          0.600000 0.750000 0.700000
          0.050000 0.450000 0.550000
          0.550000 0.500000 0.300000
          0.0 0.150000 0.900000
          0.750000 0.800000 0.750000
          0.050000 0.450000 0.050000
          0.350000 0.050000 0.750000
          0.100000 0.850000 0.550000
          0.800000 0.750000 0.850000
          0.800000 0.050000 0.750000
          0.100000 1.000000 0.950000
          0.450000 0.500000 0.900000
          0.950000 0.050000 0.150000
          0.550000 0.650000 0.750000
          1.000000 0.550000 1.000000
          0.800000 0.800000 0.100000
          0.350000 0.950000 0.500000
          0.400000 0.700000 0.650000
          0.300000 0.300000 0.650000
          0.750000 0.800000 0.0
          0.400000 0.350000 0.100000
          0.500000 0.450000 0.150000
          0.500000 0.300000 0.250000
          0.200000 0.900000 0.450000
          0.500000 0.950000 0.550000
          0.250000 0.750000 0.650000
          0.250000 0.150000 0.700000
          0.950000 0.800000 0.350000
          0.200000 0.900000 0.250000
          0.350000 0.100000 0.400000
          0.850000 0.100000 0.850000
          0.250000 0.200000 0.900000
          0.850000 0.900000 0.550000
          0.900000 0.850000 0.900000
          0.150000 1.000000 0.0
          0.350000 0.950000 0.050000
          0.800000 0.150000 0.300000
          0.800000 0.500000 0.650000
          0.850000 0.650000 0.800000
          0.200000 0.900000 0.950000
          0.850000 0.300000 0.450000
          0.100000 0.700000 0.750000
          1.000000 0.250000 0.700000
          0.650000 0.150000 0.700000
          0.400000 0.550000 0.700000
          0.150000 0.750000 0.700000
          0.850000 0.350000 0.750000
          0.500000 0.150000 0.600000
          0.150000 0.600000 0.300000
          0.250000 0.950000 0.700000
          0.950000 1.000000 0.750000
          0.850000 0.850000 0.450000
          0.350000 0.350000 0.350000
          0.400000 0.500000 0.200000
          0.950000 0.050000 0.400000
          0.300000 0.600000 0.250000
          1.000000 0.350000 1.000000
          0.050000 0.050000 0.900000
          0.700000 0.450000 0.950000
          0.900000 0.950000 0.600000
          0.200000 0.150000 0.0
          0.050000 0.050000 0.150000
          0.750000 0.500000 0.200000
          0.150000 0.0 0.500000
          0.050000 0.650000 0.050000
          0.750000 0.0 0.600000
          0.400000 0.350000 0.250000
          0.600000 0.050000 0.750000
          0.800000 0.100000 0.900000
          0.300000 0.350000 0.450000
          0.650000 0.300000 0.900000
          0.500000 0.800000 0.300000
          0.100000 0.600000 0.800000
          0.700000 0.800000 0.050000
          0.300000 0.250000 0.150000
          0.400000 0.500000 0.900000
          0.450000 0.650000 0.650000
          0.450000 0.200000 1.000000
          0.350000 0.150000 1.000000
          0.950000 0.800000 0.150000
          0.200000 0.100000 0.850000
          0.750000 0.850000 0.700000
          0.050000 0.400000 0.900000
          0.350000 0.600000 0.250000
          0.700000 0.200000 0.750000
          0.150000 0.500000 0.950000
          0.650000 0.600000 0.950000
          0.250000 0.100000 0.100000
          0.850000 0.950000 1.000000
          0.600000 0.550000 0.700000
          0.650000 1.000000 0.850000
          1.000000 0.600000 0.800000
          0.400000 1.000000 0.600000
          1.000000 0.500000 0.650000
          0.650000 0.500000 0.0
          0.350000 0.650000 0.900000
          0.600000 0.400000 0.600000
          0.350000 0.600000 0.850000
          0.800000 0.350000 0.200000
          0.300000 0.550000 0.300000
          0.600000 0.050000 0.700000
          0.950000 0.200000 0.900000
          1.000000 0.300000 0.350000
          0.700000 0.800000 0.550000
          0.700000 0.450000 0.300000
          0.500000 0.300000 0.900000
          0.900000 0.600000 0.150000
          0.250000 0.0 0.950000
          0.850000 1.000000 0.700000
          0.350000 0.900000 0.600000
          0.600000 0.500000 0.300000
          0.500000 0.200000 0.150000
          0.550000 0.750000 0.750000
          0.850000 0.500000 1.000000
          0.750000 0.800000 0.100000
          0.300000 0.050000 0.100000
          1.000000 0.600000 0.200000
          0.600000 0.850000 0.350000
          0.350000 0.750000 0.850000
          0.850000 0.500000 0.100000
          0.950000 0.350000 0.0
          0.250000 0.600000 0.700000
          0.900000 1.000000 0.350000
          0.250000 0.150000 0.500000
          0.700000 1.000000 0.800000
          0.800000 0.400000 0.900000
          0.150000 0.400000 0.600000
          0.150000 0.0 0.400000
          0.350000 0.300000 0.750000
          1.000000 0.250000 0.800000
          0.0 0.650000 0.800000
          1.000000 0.150000 1.000000
          0.600000 0.850000 1.000000
          0.100000 1.000000 1.000000
          0.800000 0.500000 0.350000
          0.0 0.600000 0.500000
          0.750000 0.450000 0.050000
          0.400000 0.900000 0.950000
          0.050000 0.850000 0.250000
          0.100000 1.000000 0.250000
          0.0 0.550000 0.600000
          0.0 0.500000 0.650000
          0.0 0.350000 0.850000
          0.500000 0.250000 0.100000
          0.550000 0.300000 0.850000
          0.550000 0.850000 0.100000
          0.800000 0.450000 0.600000
          0.100000 0.300000 0.900000
          0.300000 0.200000 0.350000
          0.850000 0.100000 0.650000
          0.850000 0.900000 0.700000
          0.400000 0.800000 0.750000
          0.350000 0.200000 0.150000
          0.350000 0.500000 0.350000
          1.000000 0.0 1.000000
          0.350000 0.750000 0.350000
          0.600000 0.100000 0.0
          0.450000 0.850000 0.850000
          0.750000 0.850000 0.950000
          0.050000 0.300000 0.600000
          0.100000 0.700000 0.150000
          0.600000 0.350000 0.450000
          0.950000 0.500000 0.450000
          0.900000 0.600000 0.500000
          0.400000 0.250000 0.600000
          0.350000 0.0 0.700000
          0.400000 0.950000 0.900000
          0.900000 0.050000 0.700000
          0.100000 0.450000 0.300000
          0.100000 1.000000 0.100000
          0.700000 0.400000 0.650000
          0.100000 0.250000 0.550000
          0.250000 0.0 0.700000
          0.700000 0.350000 0.100000
          0.100000 0.650000 0.300000
          0.650000 1.000000 0.300000
          0.250000 0.050000 0.150000
          0.050000 0.400000 0.350000
          0.650000 0.200000 0.050000
          0.350000 0.850000 0.050000
          0.250000 0.900000 0.150000
          0.700000 0.250000 0.300000
          0.300000 0.950000 0.300000
          0.500000 0.0 0.550000
          0.450000 0.700000 0.850000
          1.000000 0.900000 0.950000
          0.0 0.350000 1.000000
          0.500000 0.750000 0.200000
          0.250000 0.250000 0.0
          0.650000 0.0 0.300000
          0.100000 0.950000 0.700000
          0.900000 0.900000 0.800000
          0.050000 0.650000 0.600000
          0.300000 0.250000 0.950000
          0.750000 0.950000 0.350000
          0.850000 0.350000 0.950000
          0.700000 0.700000 0.950000
          0.750000 0.350000 0.900000
          0.400000 0.400000 0.150000
          0.600000 0.650000 0.600000
          0.600000 0.200000 0.750000
          0.0 0.100000 0.950000
          0.350000 0.650000 0.500000
          0.900000 0.800000 0.050000
          1.000000 1.000000 0.850000
          0.850000 0.500000 0.0
          0.850000 0.600000 0.0
          0.600000 0.350000 0.600000
          0.850000 0.050000 0.650000
          0.450000 0.800000 0.800000
          0.0 0.650000 0.750000
          0.100000 0.300000 0.950000
          0.550000 0.350000 0.650000
          0.900000 0.700000 0.700000
          0.450000 0.700000 0.950000
          0.050000 0.950000 0.350000
          0.250000 0.200000 0.200000
          1.000000 0.0 0.650000
          0.050000 0.650000 0.550000
          0.650000 1.000000 0.450000
          0.550000 0.650000 0.600000
          0.300000 1.000000 0.800000
          0.300000 0.850000 0.400000
          0.450000 1.000000 0.700000
          0.950000 0.200000 0.600000
          0.100000 0.500000 0.0
          0.300000 0.850000 0.700000
          0.100000 0.150000 0.750000
          0.550000 0.650000 0.850000
          0.150000 0.250000 0.950000
          0.050000 0.850000 0.0
          0.0 0.750000 0.950000
          0.750000 0.800000 0.400000
          0.700000 0.450000 0.400000
          0.250000 0.750000 0.700000
          0.0 0.100000 0.800000
          0.100000 0.350000 0.0
          0.700000 0.550000 0.450000
          0.350000 0.250000 0.250000
          0.050000 0.550000 0.600000
          0.200000 0.450000 0.450000
          0.750000 0.700000 0.350000
          0.350000 0.350000 0.750000
          0.800000 0.450000 0.750000
          0.350000 0.050000 0.550000
          0.350000 0.400000 1.000000
          0.200000 0.700000 0.800000
          0.950000 0.750000 0.150000
          0.150000 0.100000 0.0
          0.650000 0.800000 0.900000
          0.800000 0.600000 0.500000
          0.400000 0.400000 0.700000
          0.150000 0.700000 0.850000
          0.500000 0.550000 0.700000
          0.700000 0.500000 0.050000
          0.700000 0.250000 0.100000
          0.050000 0.950000 0.800000
          0.350000 0.750000 0.0
          0.850000 0.200000 0.750000
          0.800000 0.400000 0.050000
          0.700000 1.000000 0.900000
          0.700000 0.150000 0.250000
          1.000000 0.600000 0.0
          0.800000 0.500000 0.300000
          0.450000 0.350000 0.700000
          0.150000 0.950000 1.000000
          0.050000 0.0 0.500000
          0.500000 0.150000 1.000000
          0.200000 0.0 0.800000
          0.850000 0.150000 0.800000
          0.450000 0.600000 0.200000
          0.200000 0.950000 0.200000
          0.800000 0.750000 0.500000
          0.750000 0.900000 0.350000
          0.450000 0.600000 0.150000
          0.050000 0.750000 0.400000
          0.150000 0.050000 0.700000
          0.250000 0.350000 1.000000
          0.700000 0.150000 0.050000
          0.150000 0.200000 0.400000
          0.500000 0.050000 0.950000
          0.750000 0.400000 0.550000
          0.500000 0.950000 0.800000
          0.150000 0.650000 0.150000
          0.400000 0.300000 0.050000
          0.450000 0.250000 0.200000
          0.800000 0.700000 0.500000
          0.0 0.550000 0.750000
          0.0 0.750000 0.700000
          0.450000 0.0 0.300000
          0.400000 0.600000 0.500000
          0.800000 0.750000 0.650000
          0.250000 0.0 0.800000
          0.750000 0.300000 0.050000
          0.100000 0.750000 0.350000
          0.800000 1.000000 0.850000
          0.400000 0.700000 0.600000
          0.300000 0.850000 0.800000
          0.600000 0.150000 0.450000
          0.0 0.900000 0.700000
          0.450000 0.250000 0.950000
          0.0 0.300000 0.250000
          0.400000 0.400000 0.950000
          0.750000 0.350000 0.650000
          0.550000 0.450000 0.500000
          0.250000 0.300000 0.200000
          0.250000 0.0 0.300000
          0.150000 0.550000 0.400000
          0.100000 0.800000 0.100000
          0.750000 0.650000 0.0
          0.950000 0.250000 0.300000
          0.100000 0.550000 0.350000
          0.450000 0.0 0.400000
          0.900000 0.0 0.550000
          0.150000 0.600000 0.800000
          0.900000 0.200000 0.950000
          0.100000 0.200000 1.000000
          0.900000 0.0 0.100000
          0.100000 0.800000 0.300000
          0.400000 0.100000 0.100000
          0.700000 0.600000 0.250000
          0.0 1.000000 0.100000
          1.000000 0.100000 0.300000
          0.100000 0.050000 0.450000
          0.800000 0.250000 0.300000
          0.400000 0.450000 0.600000
          0.300000 0.900000 0.250000
          0.350000 0.750000 0.200000
          0.850000 0.450000 0.400000
          0.700000 0.300000 0.850000
          0.250000 1.000000 0.700000
          0.050000 0.050000 0.950000
          0.550000 0.150000 0.150000
          0.200000 0.100000 0.200000
          0.0 0.800000 0.350000
          0.950000 0.800000 0.300000
          0.050000 0.400000 1.000000
          0.400000 0.250000 0.900000
          0.900000 0.550000 1.000000
          0.700000 0.350000 0.600000
          1.000000 0.600000 1.000000
          0.500000 1.000000 0.300000
          0.200000 0.300000 0.650000
          0.400000 0.800000 0.700000
          0.850000 0.850000 0.550000
          0.250000 0.350000 0.850000
          0.900000 0.900000 0.150000
          0.500000 0.600000 0.700000
          0.500000 0.100000 1.000000
          1.000000 0.400000 0.750000
          0.350000 1.000000 0.750000
          0.600000 0.450000 0.200000
          0.800000 0.950000 0.250000
          0.400000 0.0 0.300000
          0.050000 0.600000 0.350000
          0.950000 0.150000 0.850000
          0.900000 0.300000 0.650000
          0.900000 1.000000 0.600000
          0.700000 0.750000 0.700000
          0.400000 0.400000 0.250000
          0.250000 0.0 0.200000
          0.950000 0.300000 0.400000
          0.350000 0.300000 0.900000
          0.0 0.500000 0.150000
          0.400000 0.850000 0.550000
          0.100000 1.000000 0.800000
          0.100000 0.350000 0.900000
          0.400000 0.300000 0.0
          0.200000 0.850000 0.050000
          0.650000 0.300000 0.750000
          0.250000 0.050000 0.600000
          0.150000 0.400000 0.400000
          0.950000 0.800000 0.400000
          0.800000 0.550000 1.000000
          0.700000 0.150000 0.200000
          1.000000 0.750000 0.350000
          0.350000 0.750000 0.750000
          0.500000 0.700000 1.000000
          1.000000 0.700000 0.250000
          0.400000 0.950000 0.300000
          0.550000 0.400000 0.100000
          0.950000 0.950000 0.650000
          0.200000 0.350000 0.050000
          0.650000 0.250000 0.400000
          0.850000 0.400000 0.0
          0.400000 0.100000 0.500000
          0.750000 0.350000 0.200000
          0.450000 0.050000 1.000000
          0.150000 0.100000 0.250000
          0.100000 0.650000 0.150000
          0.600000 0.750000 0.350000
          0.600000 0.400000 0.800000
          0.050000 0.250000 0.550000
          0.950000 1.000000 0.600000
          0.850000 0.700000 0.300000
          0.850000 0.800000 0.400000
          0.250000 1.000000 0.850000
          0.950000 0.600000 0.700000
          0.0 0.900000 0.800000
          0.800000 0.450000 0.550000
          0.350000 0.600000 0.650000
          0.350000 0.350000 0.250000
          0.0 0.950000 0.650000
          0.800000 1.000000 1.000000
          0.300000 0.200000 0.950000
          0.350000 0.600000 0.300000
          0.400000 0.900000 0.650000
          0.900000 0.950000 0.950000
          0.800000 0.800000 1.000000
          1.000000 0.150000 0.600000
          0.050000 0.600000 0.650000
          0.550000 0.0 0.650000
          0.450000 0.250000 0.900000
          0.950000 0.950000 0.300000
          0.150000 0.050000 0.650000
          0.600000 0.100000 0.950000
          0.550000 0.950000 0.250000
          0.050000 0.450000 0.150000
          0.400000 0.400000 0.550000
          1.000000 1.000000 0.300000
          0.700000 0.600000 0.100000
          0.400000 1.000000 0.0
          0.850000 0.450000 0.200000
          0.550000 0.500000 0.250000
          0.150000 0.250000 0.550000
          0.350000 0.600000 0.700000
          0.750000 0.250000 0.800000
          0.0 0.100000 0.900000
          0.750000 0.850000 0.550000
          0.050000 0.550000 0.550000
          0.100000 0.150000 0.650000
          0.700000 0.150000 0.750000
          0.950000 0.450000 0.0
          0.250000 0.850000 0.050000
          1.000000 0.800000 0.450000
          0.950000 0.700000 0.800000
          0.0 0.150000 0.800000
          0.700000 0.800000 0.950000
          0.350000 0.800000 0.0
          0.200000 0.900000 0.150000
          0.600000 0.900000 0.800000
          0.500000 0.650000 0.250000
          0.800000 0.350000 0.950000
          0.200000 0.750000 0.800000
          0.200000 0.500000 0.450000
          0.900000 0.050000 0.950000
          1.000000 0.800000 0.200000
          0.350000 0.700000 0.150000
          0.650000 0.550000 0.250000
          0.200000 0.200000 0.600000
          0.850000 0.300000 0.650000
          0.850000 0.900000 0.750000
          0.100000 0.400000 0.050000
          0.950000 0.750000 0.900000
          0.250000 0.200000 0.0
          0.100000 0.300000 0.200000
          0.150000 0.0 0.800000
          0.900000 0.0 1.000000
          0.750000 0.900000 0.100000
          0.950000 0.800000 0.600000
          1.000000 0.100000 1.000000
          0.900000 0.700000 0.0
          0.900000 0.150000 0.950000
          0.0 0.250000 0.350000
          0.300000 0.0 0.400000
          0.100000 0.500000 0.700000
          0.300000 1.000000 0.450000
          0.150000 0.150000 0.200000
          0.050000 0.350000 0.300000
          0.100000 0.700000 0.900000
          0.250000 0.100000 0.200000
          0.400000 0.750000 0.500000
          0.650000 0.400000 0.100000
          0.900000 0.550000 0.650000
          0.050000 0.150000 0.150000
          1.000000 0.250000 0.350000
          0.250000 0.150000 0.350000
          0.900000 0.950000 0.100000
          0.550000 0.350000 0.300000
          0.550000 0.200000 0.0
          0.0 0.850000 0.400000
          0.400000 0.400000 0.050000
          0.750000 0.550000 0.400000
          0.850000 0.700000 0.050000
          0.600000 1.000000 1.000000
          0.750000 0.450000 1.000000
          0.900000 0.500000 0.850000
          0.700000 0.100000 0.650000
          0.800000 0.050000 0.550000
          0.250000 0.700000 0.900000
          0.050000 0.100000 0.300000
          0.650000 0.250000 0.600000
          0.700000 0.900000 0.200000
          0.250000 0.850000 0.300000
          0.350000 0.800000 0.750000
          0.650000 0.750000 0.350000
          0.050000 0.0 1.000000
          0.750000 0.400000 1.000000
          0.550000 0.950000 0.800000
          0.300000 0.350000 0.400000
          0.250000 0.350000 0.300000
          0.150000 0.200000 0.850000
          0.650000 0.150000 0.500000
          0.200000 0.500000 0.300000
          0.850000 0.250000 0.750000
          0.950000 0.900000 0.850000
          0.400000 0.950000 0.350000
          0.450000 0.600000 0.400000
          0.700000 0.050000 0.700000
          0.0 0.450000 0.550000
          0.0 0.450000 0.300000
          0.600000 0.600000 0.300000
          0.650000 0.600000 0.350000
          0.500000 0.0 0.400000
          0.200000 0.500000 0.100000
          0.300000 0.750000 0.250000
          0.350000 0.350000 0.900000
          0.0 0.450000 0.950000
          0.250000 0.250000 0.850000
          0.650000 0.550000 0.400000
          0.550000 0.750000 0.100000
          0.700000 0.0 0.700000
          0.050000 0.400000 0.800000
          0.300000 0.800000 0.450000
          0.450000 0.650000 0.0
          0.050000 0.350000 0.400000
          0.800000 0.500000 0.0
          0.350000 0.0 0.950000
          0.150000 0.850000 0.350000
          0.800000 0.250000 0.250000
          0.400000 0.550000 0.550000
          0.300000 0.750000 0.650000
          0.950000 0.650000 0.800000
          0.300000 0.350000 0.500000
          0.300000 0.700000 0.900000
          0.500000 0.450000 0.950000
          0.0 0.700000 0.650000
          0.900000 0.400000 0.750000
          0.250000 0.600000 0.500000
          0.400000 0.550000 0.300000
          0.950000 0.050000 1.000000
          0.650000 0.950000 0.200000
          0.600000 0.650000 0.800000
          0.150000 0.600000 0.400000
          1.000000 0.450000 0.750000
          0.100000 0.600000 0.750000
          0.050000 0.350000 0.850000
          0.800000 0.300000 0.850000
          0.500000 0.400000 0.650000
          0.700000 0.900000 0.0
          0.500000 0.850000 0.750000
          0.800000 0.050000 0.100000
          0.0 0.100000 0.550000
          0.150000 0.600000 0.250000
          0.850000 0.850000 0.150000
          0.250000 0.0 0.750000
          0.0 0.750000 0.800000
          0.600000 0.550000 0.150000
          0.400000 0.700000 0.0
          0.600000 0.400000 0.950000
          0.0 0.700000 0.0
          0.300000 0.900000 0.100000
          1.000000 0.0 0.150000
          0.150000 0.750000 0.500000
          0.700000 0.200000 0.900000
          0.300000 0.900000 0.300000
          0.500000 0.900000 0.200000
          0.400000 0.700000 1.000000
          0.200000 0.250000 0.500000
          0.150000 0.600000 1.000000
          0.650000 0.250000 0.0
          0.850000 0.950000 0.0
          0.050000 0.950000 0.250000
          0.350000 0.150000 0.500000
          0.400000 0.200000 0.500000
          0.750000 0.150000 0.400000
          0.0 0.050000 0.400000
          0.500000 0.250000 0.0
          0.200000 0.600000 0.0
          0.050000 0.250000 0.500000
          0.0 0.200000 1.000000
          0.250000 0.450000 0.900000
          0.400000 0.050000 0.700000
          0.650000 0.0 0.750000
          0.850000 0.550000 0.850000
          0.700000 0.100000 0.400000
          0.750000 0.450000 0.950000
          0.050000 0.350000 0.750000
          0.600000 0.100000 0.350000
          1.000000 0.400000 0.700000
          0.150000 0.800000 0.200000
          0.800000 0.300000 0.150000
          1.000000 0.950000 0.650000
          0.250000 0.200000 0.350000
          0.750000 0.350000 0.050000
          0.400000 0.800000 0.500000
          0.300000 0.850000 0.500000
          0.550000 0.900000 0.400000
          0.850000 0.200000 0.200000
          0.150000 0.950000 0.600000
          0.050000 0.200000 0.900000
          0.350000 1.000000 0.900000
          0.800000 0.500000 1.000000
          0.450000 0.450000 0.850000
          0.800000 0.400000 0.400000
          1.000000 0.900000 0.0
          0.400000 0.550000 0.350000
          0.850000 0.300000 0.950000
          0.450000 0.400000 0.700000
          1.000000 0.550000 0.700000
          0.950000 0.150000 0.100000
          0.350000 0.550000 0.650000
          0.250000 0.650000 0.300000
          0.550000 0.800000 0.300000
          0.900000 0.150000 0.650000
          0.400000 0.650000 0.950000
          0.300000 0.800000 0.800000
          0.600000 1.000000 0.200000
          0.100000 0.150000 0.250000
          0.550000 0.750000 0.550000
          0.750000 0.0 1.000000
          0.250000 0.900000 0.400000
          0.150000 0.100000 0.700000
          0.500000 0.550000 0.450000
          0.750000 0.500000 0.150000
          0.550000 0.250000 0.950000
          0.750000 1.000000 0.150000
          0.200000 0.550000 0.200000
          0.200000 0.050000 0.700000
          0.750000 0.850000 0.400000
          0.500000 0.100000 0.550000
          0.400000 0.950000 0.950000
          0.650000 0.550000 1.000000
          0.500000 0.450000 0.550000
          0.800000 0.900000 0.800000
          0.0 0.550000 0.700000
          0.050000 0.150000 0.100000
          1.000000 0.450000 0.600000
          0.750000 0.500000 0.600000
          1.000000 0.750000 0.550000
          0.850000 0.100000 0.350000
          0.600000 0.250000 0.850000
          0.750000 0.450000 0.750000
          0.450000 0.750000 0.550000
          0.400000 0.700000 0.500000
          0.650000 0.700000 0.400000
          0.550000 0.300000 0.200000
          0.950000 0.600000 0.550000
          0.700000 0.750000 0.0
          0.600000 0.450000 0.400000
          0.0 0.600000 0.600000
          0.800000 0.100000 0.400000
          1.000000 0.550000 0.550000
          0.500000 0.750000 0.900000
          0.450000 0.500000 0.300000
          0.800000 0.350000 1.000000
          0.150000 0.900000 0.600000
          0.850000 0.700000 0.350000
          0.800000 0.650000 0.150000
          0.300000 0.200000 1.000000
          0.700000 0.900000 0.700000
          0.100000 1.000000 0.600000
          0.650000 0.850000 0.900000
          0.750000 0.800000 0.950000
          0.600000 0.100000 0.900000
          0.850000 0.350000 0.650000
          0.0 0.500000 1.000000
          0.500000 0.500000 0.0
          1.000000 0.300000 0.450000
          0.200000 0.550000 0.600000
          0.550000 0.450000 0.450000
          0.400000 0.750000 0.900000
          0.350000 0.500000 1.000000
          0.050000 0.350000 0.100000
          0.500000 0.350000 0.800000
          0.850000 0.450000 0.800000
          0.050000 0.750000 0.050000
          0.150000 0.050000 0.250000
          0.700000 0.500000 0.350000
          0.850000 0.150000 0.850000
          0.750000 0.150000 0.800000
          0.650000 0.900000 0.700000
          0.250000 0.400000 0.750000
          0.600000 0.500000 0.500000
          0.150000 0.950000 0.950000
          0.650000 0.600000 0.0
          0.800000 1.000000 0.200000
          0.0 0.250000 0.450000
          0.200000 0.850000 0.650000
          0.700000 0.350000 1.000000
          0.250000 0.250000 0.550000
          0.750000 0.250000 0.300000
          0.100000 0.550000 1.000000
          0.950000 0.900000 0.250000
          0.600000 0.750000 0.500000
          0.0 0.050000 0.050000
          1.000000 0.0 0.0
          0.600000 0.450000 0.500000
          0.500000 0.0 0.600000
          0.450000 0.500000 0.700000
          0.500000 0.500000 0.900000
          0.300000 0.400000 0.800000
          0.500000 0.450000 0.850000
          0.100000 0.250000 0.300000
          0.0 1.000000 0.300000
          0.450000 0.700000 0.600000
          0.950000 0.550000 1.000000
          0.750000 0.200000 0.650000
          0.250000 0.650000 0.950000
          0.300000 0.400000 0.650000
          0.800000 0.350000 0.0
          0.300000 0.550000 0.600000
          0.850000 0.600000 0.550000
          0.800000 0.550000 0.700000
          0.750000 0.250000 0.750000
          0.900000 0.350000 0.0
          0.800000 0.900000 0.100000
          0.550000 0.450000 0.0
          0.250000 0.100000 0.500000
          0.850000 0.750000 0.850000
          0.800000 0.500000 0.250000
          0.450000 0.250000 1.000000
          0.800000 0.700000 0.600000
          0.0 0.650000 0.700000
          0.150000 1.000000 1.000000
          0.800000 0.250000 0.0
          0.600000 0.700000 0.200000
          0.0 0.450000 0.400000
          0.300000 0.450000 0.650000
          0.950000 0.800000 0.800000
          0.150000 0.750000 0.850000
          0.800000 0.0 0.500000
          0.750000 0.100000 0.200000
          0.200000 0.500000 0.150000
          0.550000 0.300000 0.450000
          0.950000 1.000000 0.650000
          0.550000 0.250000 0.350000
          0.400000 0.700000 0.700000
          0.500000 0.700000 0.100000
          0.350000 0.700000 0.100000
          0.200000 0.950000 0.300000
          1.000000 0.200000 0.850000
          0.550000 0.0 0.850000
          0.500000 0.850000 0.900000
          0.050000 0.250000 0.800000
          0.850000 0.300000 0.550000
          0.700000 0.900000 0.400000
          0.500000 0.450000 0.800000
          0.950000 0.250000 0.0
          0.650000 0.100000 0.300000
          0.350000 0.300000 0.200000
          0.800000 0.850000 0.350000
          0.450000 0.450000 0.900000
          0.050000 0.900000 0.950000
          0.350000 0.150000 0.450000
          0.750000 0.900000 0.0
          0.800000 0.550000 0.050000
          0.700000 0.900000 0.050000
          0.150000 1.000000 0.800000
          0.700000 0.700000 0.800000
          0.0 0.600000 0.300000
          1.000000 0.150000 0.950000
          0.050000 0.900000 0.250000
          0.550000 0.100000 0.200000
          0.100000 0.350000 0.400000
          0.300000 0.850000 0.550000
          0.250000 0.900000 0.650000
          0.050000 0.500000 1.000000
          0.0 0.450000 0.150000
          1.000000 0.100000 0.550000
          0.550000 0.600000 0.700000
          0.500000 0.700000 0.0
          0.600000 0.050000 0.150000
          0.200000 1.000000 0.950000
          1.000000 0.950000 0.100000
          0.400000 0.800000 1.000000
          0.850000 0.450000 0.600000
          0.300000 0.850000 0.300000
          0.100000 0.850000 0.750000
          0.850000 1.000000 0.400000
          0.700000 0.550000 0.300000
          0.800000 0.250000 0.600000
          0.500000 0.0 0.800000
          0.200000 0.800000 0.100000
          0.650000 0.650000 0.800000
          0.850000 0.900000 0.150000
          0.500000 0.150000 0.650000
          0.650000 0.150000 0.550000
          0.300000 0.850000 0.350000
          0.300000 0.650000 0.050000
          0.350000 0.150000 0.250000
          0.200000 0.850000 0.750000
          0.350000 0.500000 0.850000
          0.150000 0.750000 0.450000
          1.000000 0.650000 0.650000
          0.800000 0.850000 0.200000
          0.550000 0.550000 0.300000
          0.950000 0.550000 0.050000
          0.650000 0.550000 0.450000
          0.750000 0.0 0.200000
          0.100000 0.800000 0.650000
          0.500000 0.250000 0.950000
          0.850000 0.850000 1.000000
          0.150000 0.250000 0.250000
          0.100000 0.350000 1.000000
          0.500000 0.550000 0.850000
          0.300000 0.900000 0.950000
          0.850000 0.250000 0.700000
          0.200000 0.650000 0.750000
          0.250000 0.0 0.0
          0.950000 0.450000 0.100000
          0.150000 0.300000 0.200000
          0.650000 0.500000 0.200000
          0.750000 0.800000 0.200000
          0.500000 0.700000 0.400000
          0.350000 0.500000 0.050000
          0.900000 1.000000 0.850000
          0.050000 0.800000 0.700000
          0.500000 0.650000 0.300000
          0.400000 0.800000 0.100000
          0.600000 0.150000 0.600000
          0.250000 0.150000 0.900000
          0.200000 0.100000 0.100000
          0.300000 0.900000 0.600000
          0.850000 0.0 0.600000
          0.100000 0.250000 0.050000
          0.450000 0.050000 0.650000
          0.150000 0.300000 0.700000
          0.050000 0.450000 0.900000
          0.400000 0.150000 0.150000
          0.300000 1.000000 0.150000
          0.850000 0.050000 0.400000
          0.950000 0.600000 0.100000
          0.050000 0.0 0.050000
          0.700000 1.000000 0.350000
          0.850000 0.350000 0.100000
          0.200000 0.050000 0.200000
          0.900000 1.000000 0.650000
          0.900000 0.350000 0.900000
          0.950000 0.400000 0.150000
          0.150000 0.950000 0.200000
          0.700000 0.700000 0.150000
          0.250000 0.950000 0.850000
          0.500000 1.000000 0.550000
          1.000000 0.850000 0.050000
          0.850000 1.000000 0.750000
          0.0 0.100000 0.200000
          0.050000 0.100000 0.500000
          0.650000 0.250000 0.150000
          0.250000 0.500000 0.550000
          0.550000 0.400000 0.200000
          0.400000 0.200000 0.450000
          0.300000 0.500000 0.800000
          0.800000 0.450000 0.250000
          0.550000 0.600000 0.600000
          0.850000 0.550000 0.250000
          1.000000 0.550000 0.850000
          0.850000 0.650000 0.150000
          0.600000 0.050000 0.550000
          0.700000 0.050000 0.800000
          0.050000 0.700000 1.000000
          0.300000 0.650000 0.750000
          0.400000 0.950000 0.500000
          0.750000 0.950000 0.050000
          0.150000 0.400000 0.850000
          0.200000 0.850000 0.100000
          0.050000 0.750000 0.250000
          0.050000 0.0 0.0
          0.900000 0.050000 0.100000
          0.950000 0.550000 0.450000
          0.200000 0.0 0.850000
          0.850000 0.650000 0.500000
          0.450000 0.350000 0.250000
          0.300000 0.250000 0.600000
          0.900000 0.950000 0.650000
          0.150000 0.750000 0.750000
          0.150000 0.850000 0.050000
          1.000000 0.450000 0.450000
          0.450000 0.800000 0.350000
          0.800000 0.850000 0.950000
          0.900000 0.700000 0.350000
          0.0 0.500000 0.300000
          0.0 0.900000 0.950000
          0.300000 0.950000 0.100000
          0.800000 0.500000 0.550000
          0.300000 0.750000 0.550000
          0.250000 0.600000 0.850000
          0.400000 0.700000 0.400000
          0.300000 0.0 0.650000
          0.650000 0.400000 0.150000
          0.250000 0.450000 0.450000
          0.700000 0.150000 0.0
          0.750000 1.000000 0.550000
          0.050000 0.850000 0.950000
          1.000000 0.950000 0.800000
          0.850000 0.250000 0.050000
          0.850000 1.000000 0.500000
          0.650000 0.200000 1.000000
          0.800000 0.650000 0.900000
          0.750000 0.200000 0.050000
          0.850000 0.700000 0.100000
          0.350000 0.450000 0.550000
          0.550000 0.800000 0.650000
          0.700000 0.400000 0.750000
          0.500000 0.400000 0.150000
          1.000000 0.0 0.900000
          0.650000 0.050000 0.550000
          0.0 0.950000 0.450000
          1.000000 0.950000 0.150000
          0.250000 0.350000 0.900000
          0.150000 0.450000 0.300000
          0.300000 0.600000 0.600000
          0.750000 0.500000 0.0
          0.350000 0.400000 0.750000
          0.600000 0.850000 0.650000
          0.550000 0.050000 0.650000
          0.550000 0.750000 0.650000
          0.100000 0.300000 0.300000
          0.200000 0.0 0.950000
          0.150000 0.150000 0.650000
          0.050000 0.900000 0.200000
          0.650000 0.650000 0.300000
          0.250000 0.550000 0.0
          0.650000 0.100000 0.150000
          0.450000 0.500000 0.0
          0.650000 0.300000 0.300000
          0.100000 0.250000 0.500000
          0.100000 0.700000 0.050000
          0.400000 0.200000 0.050000
          0.200000 0.0 0.350000
          0.950000 0.400000 0.550000
          0.750000 0.250000 0.850000
          0.100000 0.450000 0.100000
          0.750000 0.600000 0.350000
          0.0 0.250000 1.000000
          1.000000 0.700000 0.650000
          0.550000 0.450000 0.600000
          0.150000 0.500000 0.650000
          0.600000 0.900000 0.650000
          0.300000 0.850000 0.850000
          0.900000 0.850000 0.950000
          0.050000 0.250000 0.900000
          0.900000 0.100000 0.750000
          0.750000 0.950000 0.400000
          0.250000 0.700000 0.550000
          1.000000 0.700000 0.150000
          1.000000 0.750000 0.250000
          0.600000 0.300000 0.150000
          0.0 0.200000 0.300000
          0.400000 0.900000 0.300000
          1.000000 0.600000 0.400000
          0.900000 0.550000 0.800000
          0.350000 0.400000 0.900000
          0.050000 0.900000 0.050000
          0.400000 1.000000 0.400000
          0.050000 0.150000 0.300000
          0.700000 0.300000 0.950000
          0.900000 0.500000 0.950000
          0.450000 0.350000 0.800000
          0.900000 0.150000 0.100000
          0.650000 0.650000 0.650000
          0.150000 0.450000 0.700000
          0.250000 0.400000 0.400000
          0.100000 0.850000 0.850000
          0.200000 0.700000 0.850000
          0.900000 0.450000 0.500000
          1.000000 0.650000 0.500000
          0.550000 0.550000 0.950000
          0.050000 0.600000 0.850000
          0.100000 0.400000 0.850000
          0.650000 0.350000 0.800000
          0.700000 0.500000 0.850000
          0.900000 1.000000 1.000000
          0.650000 0.350000 0.500000
          0.200000 0.450000 0.0
          0.150000 0.100000 0.300000
          0.750000 1.000000 0.700000
          0.800000 0.650000 0.850000
          0.050000 0.800000 0.0
          0.800000 0.250000 0.100000
          0.650000 0.650000 0.150000
          0.0 0.550000 0.200000
          0.0 0.750000 0.550000
          0.250000 0.400000 0.450000
          1.000000 0.250000 0.400000
          0.0 0.150000 0.950000
          0.100000 0.050000 0.600000
          0.250000 0.950000 0.750000
          0.350000 0.650000 0.0
          0.0 0.400000 0.050000
          0.950000 0.850000 0.500000
          0.500000 0.200000 0.0
          0.0 0.850000 0.0
          0.250000 0.250000 1.000000
          0.400000 0.850000 1.000000
          0.150000 0.150000 0.800000
          0.800000 0.900000 0.950000
          0.100000 0.750000 1.000000
          0.200000 0.050000 0.450000
          0.200000 0.400000 0.600000
          0.150000 0.900000 0.300000
          0.700000 0.600000 0.300000
          0.350000 1.000000 0.150000
          0.350000 0.500000 0.950000
          0.250000 0.400000 0.650000
          0.350000 0.400000 0.200000
          0.500000 1.000000 0.800000
          0.250000 0.150000 0.200000
          0.450000 0.300000 0.550000
          0.700000 0.100000 0.850000
          0.650000 0.250000 0.950000
          0.300000 0.850000 0.600000
          0.150000 0.200000 0.100000
          0.400000 0.450000 0.700000
          0.700000 0.600000 0.700000
          0.100000 0.050000 0.750000
          0.650000 0.450000 0.900000
          0.150000 0.850000 0.750000
          0.650000 1.000000 0.150000
          0.900000 0.0 0.200000
          0.850000 0.600000 0.700000
          0.600000 0.800000 0.950000
          0.200000 0.100000 0.750000
          0.450000 0.200000 0.150000
          0.500000 0.300000 0.800000
          0.800000 0.300000 0.700000
          0.800000 0.700000 0.350000
          1.000000 0.800000 0.250000
          0.300000 0.050000 0.400000
          0.700000 0.650000 0.850000
          0.050000 0.0 0.950000
          0.900000 0.900000 0.950000
          0.750000 0.500000 1.000000
          0.600000 0.900000 0.450000
          0.850000 0.750000 0.600000
          0.500000 0.500000 0.700000
          0.450000 0.350000 0.750000
          0.600000 0.400000 1.000000
          0.350000 0.100000 0.850000
          0.450000 0.500000 0.150000
          0.300000 0.800000 1.000000
          0.750000 0.500000 0.900000
          0.900000 0.850000 0.600000
          0.950000 0.650000 0.650000
          0.300000 0.150000 0.150000
          0.850000 0.100000 0.500000
          0.250000 0.900000 0.300000
          0.750000 0.950000 0.500000
          0.650000 0.750000 0.750000
          0.350000 0.650000 0.850000
          0.050000 0.350000 0.950000
          0.150000 0.750000 0.650000
          0.200000 0.750000 0.150000
          0.900000 0.550000 0.050000
          0.950000 0.650000 1.000000
          0.600000 0.0 0.850000
          0.450000 0.400000 0.500000
          0.650000 0.400000 0.950000
          0.500000 0.150000 0.050000
          0.900000 1.000000 0.750000
          1.000000 0.450000 0.800000
          0.800000 0.900000 0.500000
          0.0 0.050000 0.200000
          0.100000 0.700000 0.700000
          0.450000 0.900000 0.750000
          0.050000 0.050000 0.850000
          0.050000 0.750000 0.100000
          0.800000 0.150000 0.850000
          0.0 0.0 1.000000
          0.0 1.000000 1.000000
          0.600000 0.300000 0.200000
          0.300000 0.750000 0.200000
          0.950000 0.700000 0.250000
          0.500000 0.500000 0.350000
          0.600000 0.700000 0.150000
          0.300000 0.800000 0.500000
          0.150000 0.950000 0.650000
          0.0 0.200000 0.950000
          0.750000 0.0 0.250000
          0.250000 0.200000 0.950000
          0.850000 0.0 0.400000
          0.350000 1.000000 0.950000
          0.800000 0.450000 0.300000
          0.0 0.300000 0.300000
          0.100000 0.800000 0.150000
          0.550000 0.450000 0.250000
          0.100000 0.500000 0.750000
          0.500000 0.350000 0.150000
          0.100000 0.400000 0.0
          0.650000 0.450000 0.100000
          0.850000 0.250000 0.450000
          0.300000 0.900000 0.800000
          0.600000 0.300000 0.600000
          0.500000 1.000000 0.100000
          0.700000 1.000000 0.400000
          0.650000 0.350000 0.200000
          0.0 0.950000 0.300000
          0.950000 0.750000 0.450000
          1.000000 0.650000 0.550000
          0.100000 0.750000 0.850000
          0.400000 0.0 1.000000
          0.650000 0.250000 0.850000
          0.0 0.700000 0.950000
          0.700000 0.950000 0.0
          0.500000 0.200000 0.200000
          0.150000 0.650000 0.700000
          0.600000 0.600000 0.950000
          0.300000 0.500000 0.050000
          0.500000 0.0 0.150000
          0.100000 0.900000 0.950000
          0.600000 0.450000 0.750000
          0.800000 0.100000 0.250000
          0.100000 0.300000 0.450000
          0.950000 0.100000 0.800000
          0.650000 0.350000 0.550000
          1.000000 0.500000 0.900000
          0.400000 0.900000 0.100000
          0.800000 0.500000 0.900000
          0.0 0.150000 0.500000
          1.000000 0.500000 0.350000
          0.700000 0.550000 0.100000
          0.300000 0.700000 0.650000
          0.550000 0.850000 0.150000
          0.750000 0.300000 0.550000
          0.350000 0.650000 0.550000
          0.450000 0.250000 0.550000
          0.0 0.250000 0.600000
          0.600000 0.050000 0.500000
          0.850000 0.100000 0.100000
          1.000000 0.400000 0.450000
          0.350000 0.200000 0.550000
          0.900000 0.450000 0.700000
          0.600000 0.200000 0.850000
          0.800000 0.700000 0.100000
          0.700000 0.850000 0.500000
          0.150000 0.600000 0.100000
          0.550000 0.050000 0.300000
          0.550000 0.450000 0.350000
          0.600000 0.950000 1.000000
          0.500000 0.150000 0.150000
          0.150000 0.100000 0.200000
          0.600000 0.950000 0.300000
          0.150000 0.150000 1.000000
          0.500000 0.250000 0.850000
          0.200000 0.750000 0.900000
          0.900000 0.700000 1.000000
          0.550000 0.200000 0.800000
          0.300000 0.700000 0.500000
          0.400000 1.000000 0.500000
          0.100000 0.650000 0.700000
          0.150000 0.950000 0.0
          0.150000 0.650000 0.300000
          0.750000 0.700000 1.000000
          0.500000 0.850000 0.650000
          0.100000 0.800000 0.700000
          0.450000 0.550000 0.100000
          0.0 0.250000 0.0
          0.550000 0.150000 0.050000
          0.200000 0.700000 0.700000
          0.500000 0.500000 0.100000
          0.050000 0.500000 0.100000
          1.000000 0.500000 0.300000
          0.650000 0.950000 0.350000
          0.400000 0.0 0.500000
          0.500000 0.750000 0.100000
          0.600000 0.550000 0.050000
          0.900000 0.350000 0.050000
          0.250000 0.800000 0.250000
          0.850000 1.000000 0.450000
          0.300000 0.750000 0.450000
          0.500000 0.650000 0.0
          0.650000 0.150000 0.600000
          0.050000 0.300000 0.550000
          0.550000 0.0 1.000000
          0.250000 0.950000 0.050000
          1.000000 0.600000 0.500000
          0.350000 0.0 0.100000
          0.700000 0.950000 0.050000
          0.300000 0.500000 0.950000
          0.550000 0.600000 0.900000
          0.050000 0.400000 0.0
          0.600000 0.200000 0.350000
          0.350000 0.600000 0.750000
          0.250000 0.350000 0.150000
          0.250000 0.600000 0.350000
          0.100000 0.100000 0.950000
          0.650000 0.050000 0.150000
          0.450000 0.850000 0.050000
          1.000000 0.100000 0.750000
          0.150000 0.550000 0.450000
          0.850000 0.450000 0.250000
          0.400000 0.0 0.850000
          0.550000 1.000000 0.850000
          0.150000 0.850000 0.400000
          1.000000 0.550000 0.900000
          0.300000 0.350000 1.000000
          0.300000 0.650000 0.450000
          0.800000 0.050000 0.150000
          0.350000 0.350000 0.100000
          0.200000 0.650000 0.300000
          1.000000 0.450000 0.400000
          0.650000 0.350000 0.600000
          0.700000 0.650000 0.700000
          0.150000 0.250000 0.800000
          0.550000 0.650000 0.450000
          0.100000 0.550000 0.0
          0.350000 0.0 0.150000
          0.500000 0.850000 0.250000
          0.0 0.750000 0.250000
          0.400000 0.200000 0.350000
          0.850000 0.150000 0.300000
          0.250000 0.050000 0.950000
          0.400000 0.800000 0.950000
          0.300000 0.150000 0.550000
          0.150000 0.100000 0.050000
          0.850000 0.150000 0.900000
          0.150000 0.900000 0.100000
          0.750000 0.550000 0.200000
          0.950000 0.300000 0.050000
          0.950000 0.650000 0.250000
          0.0 0.900000 0.250000
          0.100000 0.450000 0.450000
          1.000000 0.550000 0.950000
          0.450000 0.750000 0.050000
          0.550000 0.750000 0.150000
          0.150000 1.000000 0.150000
          0.750000 0.100000 1.000000
          0.450000 0.800000 0.650000
          0.700000 0.900000 0.450000
          0.600000 1.000000 0.800000
          0.700000 0.300000 0.700000
          0.350000 0.150000 0.800000
          0.150000 0.650000 0.800000
          0.450000 1.000000 0.150000
          0.550000 0.750000 0.900000
          0.850000 0.400000 0.300000
          0.750000 0.500000 0.300000
          0.650000 0.0 0.0
          1.000000 0.150000 0.350000
          1.000000 0.200000 0.550000
          0.650000 0.250000 0.700000
          0.500000 0.550000 0.950000
          0.0 0.850000 0.750000
          0.150000 0.550000 0.350000
          0.450000 0.200000 0.500000
          0.0 0.600000 0.800000
          0.150000 0.800000 0.450000
          0.450000 0.250000 0.500000
          0.850000 0.900000 0.450000
          0.850000 0.550000 0.950000
          0.600000 0.250000 0.150000
          0.200000 0.250000 0.800000
          0.400000 0.450000 0.800000
          0.800000 0.250000 0.900000
          0.050000 0.500000 0.300000
          0.650000 0.600000 0.400000
          0.950000 0.150000 0.0
          0.0 0.850000 0.600000
          0.500000 0.900000 0.0
          0.900000 0.450000 0.800000
          0.300000 1.000000 0.650000
          0.650000 0.050000 0.800000
          0.550000 0.200000 0.400000
          0.650000 0.350000 0.350000
          0.400000 0.150000 0.600000
          1.000000 0.150000 0.300000
          0.600000 0.200000 0.650000
          0.200000 0.950000 1.000000
          1.000000 0.050000 0.450000
          0.400000 0.800000 0.650000
          0.100000 0.100000 0.500000
          0.350000 0.400000 0.700000
          1.000000 0.700000 0.300000
          0.400000 0.550000 0.450000
          0.050000 0.550000 0.050000
          0.850000 0.100000 0.750000
          0.800000 0.650000 0.300000
          0.050000 0.650000 0.250000
          0.900000 0.650000 0.100000
          0.900000 0.500000 0.650000
          0.200000 0.500000 0.800000
          1.000000 0.400000 0.500000
          0.350000 0.950000 0.900000
          0.400000 0.150000 0.500000
          0.500000 0.500000 0.450000
          0.350000 0.550000 0.550000
          0.700000 0.700000 0.750000
          0.150000 0.550000 0.800000
          0.600000 0.550000 0.400000
          0.050000 0.850000 0.150000
          0.450000 1.000000 0.950000
          0.700000 0.850000 0.950000
          0.0 0.400000 0.450000
          0.300000 0.900000 0.500000
          0.450000 0.500000 0.650000
          0.500000 0.600000 0.850000
          0.350000 0.050000 0.350000
          0.500000 0.450000 0.100000
          0.600000 0.950000 0.600000
          0.800000 0.800000 0.950000
          0.400000 0.650000 0.150000
          0.250000 0.250000 0.500000
          1.000000 0.650000 0.150000
          0.300000 0.450000 0.500000
          0.500000 0.0 0.250000
          0.250000 0.300000 0.250000
          0.550000 0.950000 0.550000
          0.0 0.350000 0.150000
          0.150000 1.000000 0.650000
          0.650000 0.950000 0.100000
          0.950000 0.650000 0.700000
          0.750000 0.550000 0.850000
          0.650000 0.600000 0.100000
          0.200000 0.550000 0.350000
          0.350000 0.100000 0.150000
          0.700000 0.950000 0.800000
          0.050000 0.950000 0.950000
          0.350000 0.950000 1.000000
          0.0 1.000000 0.650000
          0.400000 0.250000 0.400000
          0.700000 0.050000 0.400000
          0.750000 0.300000 0.400000
          0.950000 0.750000 0.350000
          0.950000 0.850000 0.400000
          0.550000 0.600000 0.0
          0.700000 0.750000 0.200000
          0.150000 0.0 0.600000
          0.700000 0.100000 0.350000
          0.850000 0.100000 0.050000
          0.650000 0.050000 0.600000
          0.100000 0.100000 0.0
          0.450000 0.450000 0.200000
          0.100000 0.650000 0.650000
          0.500000 0.650000 0.700000
          0.950000 0.300000 0.700000
          0.450000 0.850000 0.600000
          0.950000 0.600000 0.150000
          0.650000 0.800000 0.550000
          0.900000 1.000000 0.700000
          0.800000 0.800000 0.900000
          0.450000 0.150000 0.600000
          0.550000 0.400000 0.300000
          0.900000 0.050000 0.150000
          0.600000 0.250000 0.950000
          0.450000 0.0 0.950000
          1.000000 0.450000 0.550000
          0.200000 0.550000 0.500000
          0.100000 0.600000 0.100000
          0.850000 1.000000 0.050000
          0.500000 0.250000 0.150000
          0.850000 0.800000 0.150000
          0.800000 0.800000 0.150000
          0.900000 0.550000 0.300000
          0.800000 0.200000 0.700000
          0.250000 0.950000 0.800000
          0.300000 0.800000 0.200000
          0.700000 0.600000 1.000000
          0.0 0.900000 0.100000
          0.900000 0.050000 0.250000
          0.050000 0.300000 0.0
          0.950000 0.800000 1.000000
          0.150000 0.150000 0.300000
          0.950000 0.850000 0.550000
          0.450000 0.550000 0.500000
          0.950000 0.200000 0.0
          0.450000 0.650000 0.950000
          0.500000 0.500000 0.150000
          0.150000 0.550000 0.550000
          0.050000 0.250000 0.150000
          0.500000 0.850000 0.550000
          1.000000 0.750000 0.800000
          0.700000 0.150000 0.100000
          0.700000 0.750000 0.150000
          0.850000 0.150000 0.600000
          0.150000 0.200000 1.000000
          0.750000 0.750000 0.450000
          0.800000 0.050000 0.650000
          0.900000 0.050000 0.400000
          0.500000 0.750000 0.300000
          1.000000 0.300000 0.400000
          0.550000 0.200000 0.900000
          0.750000 1.000000 0.900000
          0.0 0.250000 0.200000
          0.100000 0.050000 0.200000
          0.100000 0.600000 0.150000
          0.900000 0.800000 0.200000
          0.250000 0.950000 0.250000
          1.000000 0.400000 0.400000
          0.400000 0.0 0.650000
          0.800000 0.950000 0.650000
          0.450000 1.000000 0.650000
          0.400000 0.950000 0.700000
          0.250000 0.400000 0.800000
          0.950000 0.500000 0.800000
          0.200000 0.100000 0.400000
          0.650000 0.650000 0.050000
          0.850000 0.050000 0.500000
          0.850000 0.500000 0.900000
          0.100000 0.150000 0.400000
          0.900000 0.450000 0.550000
          0.350000 0.050000 0.450000
          0.850000 0.250000 0.800000
          0.950000 0.250000 0.900000
          0.900000 0.800000 0.300000
          1.000000 0.300000 0.750000
          0.950000 1.000000 1.000000
          0.450000 0.900000 0.550000
          0.650000 0.350000 0.0
          0.950000 0.100000 0.600000
          0.350000 0.800000 0.100000
          0.650000 0.400000 0.650000
          0.600000 0.950000 0.450000
          0.550000 0.600000 0.650000
          0.450000 0.800000 0.0
          0.600000 0.600000 0.050000
          0.900000 0.450000 0.150000
          0.050000 0.200000 0.450000
          0.400000 0.600000 0.050000
          0.800000 0.050000 1.000000
          0.050000 0.350000 0.800000
          0.350000 1.000000 0.700000
          0.250000 0.100000 0.950000
          0.600000 0.550000 0.300000
          0.600000 0.0 0.300000
          0.400000 0.450000 0.950000
          0.050000 0.0 0.900000
          0.850000 0.850000 0.0
          0.850000 0.850000 0.650000
          0.400000 0.700000 0.450000
          0.150000 0.500000 0.350000
          0.150000 0.300000 0.850000
          0.600000 0.850000 0.300000
          0.600000 0.500000 0.0
          0.050000 0.150000 0.600000
          0.300000 0.900000 0.650000
          0.300000 0.900000 0.200000
          0.400000 0.900000 0.700000
          1.000000 1.000000 0.100000
          0.450000 0.200000 0.850000
          0.750000 0.950000 0.700000
          0.950000 0.450000 0.500000
          0.800000 0.600000 0.0
          1.000000 0.700000 1.000000
          0.0 0.300000 0.150000
          1.000000 0.350000 0.750000
          0.550000 0.300000 0.350000
          0.900000 0.400000 0.550000
          0.100000 0.600000 0.650000
          0.150000 0.750000 1.000000
          0.400000 0.850000 0.350000
          0.600000 0.700000 0.400000
          0.500000 0.550000 0.100000
          0.050000 1.000000 0.650000
          0.950000 0.200000 0.750000
          0.900000 0.750000 0.300000
          0.400000 0.100000 0.350000
          0.0 0.950000 0.500000
          0.900000 0.800000 0.800000
          0.400000 0.850000 0.950000
          0.450000 0.800000 0.150000
          1.000000 0.050000 0.400000
          0.450000 0.0 0.650000
          0.900000 0.450000 0.050000
          0.0 0.300000 0.100000
          0.650000 0.600000 0.600000
          0.350000 0.550000 0.950000
          0.900000 0.100000 0.100000
          0.200000 0.450000 0.100000
          0.650000 0.0 0.700000
          0.850000 0.650000 0.700000
          0.750000 0.400000 0.800000
          0.700000 0.500000 0.800000
          0.250000 0.300000 0.400000
          0.950000 0.600000 0.850000
          0.600000 0.0 0.900000
          0.300000 0.850000 0.150000
          0.300000 0.550000 0.0
          0.450000 0.450000 0.400000
          0.150000 0.900000 0.550000
          0.950000 1.000000 0.350000
          0.600000 0.0 0.800000
          0.200000 0.450000 0.800000
          0.350000 0.300000 1.000000
          0.200000 1.000000 0.250000
          0.300000 0.750000 1.000000
          0.600000 0.250000 0.750000
          0.100000 0.150000 0.050000
          0.050000 0.700000 0.750000
          0.950000 0.950000 0.0
          0.600000 0.100000 0.150000
          0.450000 0.800000 0.450000
          0.750000 0.500000 0.850000
          0.600000 0.250000 0.600000
          0.600000 0.950000 0.550000
          0.050000 0.950000 0.300000
          0.350000 0.0 0.450000
          0.150000 0.400000 0.100000
          0.500000 0.200000 0.450000
          0.550000 0.150000 0.550000
          0.600000 0.300000 0.050000
          0.750000 0.650000 0.550000
          0.500000 0.550000 0.750000
          0.650000 0.700000 0.250000
          0.250000 0.150000 0.400000
          0.650000 0.900000 0.550000
          0.0 0.950000 0.700000
          0.550000 0.050000 0.800000
          0.800000 0.650000 0.800000
          0.200000 0.900000 0.100000
          0.700000 0.400000 0.150000
          1.000000 0.850000 0.750000
          0.800000 0.250000 0.500000
          0.600000 0.500000 0.700000
          0.850000 0.300000 0.900000
          0.650000 0.900000 0.250000
          0.050000 0.250000 0.600000
          0.150000 0.250000 0.650000
          0.100000 0.950000 0.300000
          0.400000 0.500000 1.000000
          0.150000 0.700000 0.250000
          0.900000 0.600000 0.650000
          0.950000 0.100000 0.050000
          0.550000 0.900000 0.650000
          0.500000 0.750000 0.750000
          0.450000 0.550000 0.700000
          0.400000 0.050000 0.100000
          0.750000 0.300000 0.800000
          0.900000 0.350000 0.800000
          0.950000 0.050000 0.900000
          0.200000 0.350000 0.500000
          0.750000 0.550000 0.0
          0.950000 0.050000 0.600000
          0.350000 0.850000 0.700000
          1.000000 0.550000 0.650000
          0.400000 0.500000 0.050000
          0.500000 0.500000 0.600000
          0.050000 0.500000 0.750000
          0.250000 1.000000 0.0
          0.800000 0.300000 0.650000
          0.550000 0.550000 0.200000
          0.550000 0.600000 0.300000
          0.950000 0.750000 0.550000
          0.350000 0.250000 0.600000
          0.500000 1.000000 0.650000
          1.000000 1.000000 0.900000
          0.800000 0.450000 0.700000
          0.100000 0.350000 0.550000
          0.350000 0.550000 0.0
          0.900000 0.550000 0.200000
          0.500000 0.100000 0.500000
          0.150000 0.500000 0.400000
          0.150000 0.800000 0.700000
          0.050000 0.100000 0.100000
          0.800000 0.450000 0.650000
          0.750000 0.850000 0.650000
          0.600000 0.500000 0.800000
          0.0 0.900000 0.150000
          0.500000 0.550000 0.400000
          0.800000 0.200000 0.200000
          0.650000 0.800000 0.300000
          0.650000 0.600000 0.550000
          0.600000 0.600000 0.700000
          0.500000 0.750000 0.600000
          0.250000 0.750000 0.400000
          0.0 0.550000 0.950000
          0.850000 0.0 0.100000
          0.350000 0.150000 0.850000
          0.650000 0.400000 0.350000
          0.600000 0.250000 0.550000
          0.050000 0.700000 0.0
          0.750000 0.050000 0.100000
          0.0 0.700000 0.150000
          0.650000 0.200000 0.600000
          0.250000 0.200000 0.400000
          0.050000 0.0 0.550000
          0.600000 0.100000 0.400000
          0.300000 0.100000 0.100000
          0.200000 0.700000 0.300000
          1.000000 0.350000 0.600000
          1.000000 0.850000 0.850000
          1.000000 0.800000 0.900000
          0.400000 1.000000 0.300000
          1.000000 0.850000 0.400000
          0.700000 0.600000 0.750000
          0.700000 0.600000 0.200000
          0.800000 0.800000 0.300000
          0.750000 0.650000 0.750000
          0.400000 0.0 0.200000
          0.750000 0.850000 0.250000
          0.150000 0.200000 0.200000
          0.900000 0.650000 1.000000
          0.950000 0.950000 0.450000
          0.350000 0.300000 0.850000
          0.200000 0.400000 0.950000
          0.900000 0.650000 0.450000
          0.900000 1.000000 0.450000
          0.050000 0.150000 0.050000
          0.850000 0.700000 0.400000
          0.300000 0.0 0.600000
          0.450000 0.700000 0.150000
          0.200000 0.950000 0.550000
          0.200000 1.000000 0.750000
          0.300000 0.200000 0.900000
          0.850000 0.300000 0.100000
          0.500000 0.500000 0.650000
          0.950000 0.050000 0.750000
          0.400000 0.400000 0.450000
          0.700000 0.850000 1.000000
          0.500000 0.400000 0.250000
          0.700000 0.700000 0.500000
          0.250000 0.450000 0.550000
          1.000000 0.750000 0.200000
          0.550000 0.200000 0.550000
          0.500000 0.0 0.900000
          0.950000 0.300000 0.150000
          0.400000 0.650000 0.0
          0.100000 0.150000 0.200000
          0.400000 0.150000 0.400000
          0.100000 0.0 0.250000
          0.800000 0.700000 0.450000
          0.300000 0.050000 0.750000
          0.350000 0.0 0.0
          0.800000 0.600000 1.000000
          0.150000 0.350000 0.250000
          0.450000 0.600000 0.100000
          0.100000 0.150000 0.100000
          0.550000 0.850000 0.800000
          0.650000 0.850000 0.550000
          0.950000 0.400000 0.500000
          0.850000 0.500000 0.800000
          0.700000 0.550000 0.750000
          0.600000 0.900000 0.200000
          0.200000 0.550000 0.650000
          0.800000 0.400000 0.100000
          0.400000 0.300000 0.150000
          0.550000 0.800000 0.350000
          0.750000 0.300000 0.150000
          0.0 0.550000 0.900000
          0.800000 0.700000 0.300000
          0.750000 0.850000 0.450000
          0.550000 0.200000 0.700000
          0.500000 0.550000 0.250000
          0.800000 0.800000 0.800000
          0.650000 0.350000 0.250000
          0.350000 0.200000 0.0
          0.550000 0.600000 0.050000
          0.150000 0.850000 0.200000
          0.550000 0.500000 0.450000
          0.350000 0.700000 0.850000
          0.900000 1.000000 0.0
          0.900000 0.700000 0.750000
          0.950000 0.250000 0.750000
          0.200000 0.900000 0.900000
          0.850000 0.700000 0.450000
          0.350000 0.100000 0.300000
          0.500000 0.0 0.700000
          0.450000 0.400000 0.250000
          0.500000 0.350000 0.900000
          0.850000 0.0 0.850000
          0.350000 0.100000 1.000000
          0.150000 0.900000 0.0
          0.100000 0.100000 0.800000
          0.700000 0.350000 0.900000
          0.950000 0.100000 0.700000
          0.300000 0.600000 0.700000
          0.750000 0.900000 0.250000
          0.250000 0.250000 0.300000
          0.250000 0.850000 0.500000
          0.0 0.450000 0.200000
          0.500000 0.750000 0.350000
          0.700000 0.700000 0.900000
          0.150000 0.200000 0.350000
          0.200000 0.200000 1.000000
          0.100000 0.850000 0.650000
          0.550000 0.100000 0.900000
          0.600000 0.550000 0.900000
          0.800000 0.600000 0.800000
          0.500000 0.150000 0.900000
          0.200000 0.150000 0.250000
          0.500000 0.900000 0.300000
          0.750000 0.700000 0.700000
          0.0 0.100000 0.050000
          0.0 0.200000 0.350000
          0.200000 0.500000 0.550000
          0.650000 0.750000 0.200000
          0.250000 0.800000 0.550000
          0.500000 0.900000 1.000000
          0.900000 0.600000 0.800000
          0.400000 0.050000 0.400000
          0.400000 0.900000 0.500000
          0.350000 0.650000 1.000000
          1.000000 0.550000 0.250000
          0.950000 0.350000 0.950000
          0.0 0.850000 0.800000
          1.000000 0.050000 0.300000
          0.900000 0.100000 1.000000
          0.900000 0.050000 0.800000
          0.0 0.050000 0.0
          0.050000 0.800000 0.100000
          0.450000 0.350000 0.050000
          0.200000 0.550000 0.0
          0.500000 0.950000 0.300000
          0.350000 0.100000 0.750000
          0.900000 0.150000 0.900000
          0.200000 0.750000 1.000000
          0.050000 0.0 0.350000
          0.400000 0.150000 0.350000
          1.000000 1.000000 1.000000
          0.500000 0.250000 0.300000
          0.750000 0.700000 0.050000
          0.250000 0.650000 0.250000
          0.750000 0.900000 0.800000
          0.100000 0.900000 0.550000
          0.850000 0.600000 0.150000
          0.350000 0.450000 0.300000
          0.300000 0.250000 0.200000
          0.400000 0.050000 0.200000
          0.100000 0.050000 0.350000
          0.950000 0.950000 0.700000
          0.800000 0.900000 0.250000
          0.800000 0.750000 0.600000
          0.800000 0.050000 0.950000
          0.350000 0.950000 0.0
          0.950000 0.400000 0.950000
          0.400000 0.350000 0.600000
          0.850000 0.0 0.250000
          0.650000 0.350000 0.300000
          0.400000 0.600000 0.800000
          0.600000 0.700000 0.100000
          0.150000 0.150000 0.250000
          0.150000 0.400000 0.750000
          0.750000 0.800000 0.900000
          0.400000 0.700000 0.950000
          0.700000 0.900000 0.500000
          0.300000 0.100000 0.350000
          1.000000 0.300000 0.0
          0.300000 0.550000 1.000000
          0.300000 0.0 0.350000
          0.450000 0.650000 0.700000
          0.0 0.500000 0.950000
          0.050000 0.350000 1.000000
          0.050000 0.900000 0.400000
          0.600000 0.0 0.700000
          0.300000 0.900000 0.450000
          0.200000 0.300000 0.400000
          0.100000 0.200000 0.250000
          0.700000 0.400000 0.350000
          1.000000 0.100000 0.150000
          0.350000 0.900000 0.100000
          0.950000 0.100000 0.550000
          0.200000 0.800000 0.300000
          0.050000 0.900000 0.600000
          0.500000 0.450000 0.750000
          0.200000 0.650000 0.450000
          0.250000 0.250000 0.750000
          0.200000 0.750000 0.750000
          0.550000 0.250000 0.400000
          0.900000 0.400000 0.800000
          0.300000 0.050000 0.900000
          1.000000 0.850000 0.700000
          0.350000 0.900000 0.900000
          0.650000 0.750000 0.900000
          0.350000 0.200000 0.950000
          0.400000 0.200000 1.000000
          0.800000 1.000000 0.650000
          0.650000 0.0 0.850000
          0.200000 0.850000 0.800000
          0.200000 0.700000 0.600000
          0.550000 0.0 0.350000
          0.900000 1.000000 0.100000
          0.750000 0.600000 0.100000
          0.500000 0.900000 0.450000
          0.450000 0.850000 1.000000
          0.450000 1.000000 0.300000
          0.950000 0.800000 0.0
          0.200000 0.200000 0.250000
          0.050000 0.650000 0.350000
          0.500000 0.250000 0.500000
          0.450000 0.250000 0.100000
          0.250000 0.700000 0.200000
          0.250000 0.050000 0.750000
          0.350000 0.100000 0.050000
          0.950000 0.300000 0.800000
          0.250000 0.150000 0.450000
          0.250000 0.200000 0.550000
          0.600000 1.000000 0.600000
          0.200000 0.700000 0.200000
          0.750000 0.400000 0.450000
          0.500000 0.400000 0.300000
          0.600000 0.400000 0.300000
          0.450000 0.050000 0.050000
          0.150000 0.050000 0.550000
          0.300000 0.100000 1.000000
          0.800000 0.400000 0.250000
          0.650000 0.250000 0.900000
          0.550000 0.800000 0.850000
          0.650000 0.800000 1.000000
          0.950000 0.700000 0.300000
          0.700000 0.850000 0.800000
          0.100000 0.400000 0.750000
          0.400000 0.500000 0.300000
          0.250000 0.550000 0.200000
          0.050000 0.400000 0.300000
          0.950000 0.600000 0.650000
          0.300000 0.500000 0.250000
          0.950000 0.400000 0.250000
          0.050000 0.750000 0.550000
          0.100000 0.250000 0.450000
          1.000000 0.500000 0.750000
          0.250000 0.600000 0.800000
          0.800000 0.900000 0.350000
          0.300000 0.950000 0.650000
          0.450000 0.550000 0.250000
          0.600000 0.950000 0.050000
          0.200000 0.300000 0.450000
          0.050000 0.450000 0.600000
          0.800000 0.750000 0.200000
          0.900000 0.450000 1.000000
          1.000000 1.000000 0.400000
          1.000000 0.500000 1.000000
          1.000000 0.450000 0.150000
          0.050000 0.900000 0.100000
          0.150000 0.300000 0.350000
          1.000000 0.250000 1.000000
          0.100000 0.750000 0.600000
          0.500000 0.900000 0.800000
          0.450000 0.800000 0.950000
          0.600000 0.550000 0.800000
          0.0 0.650000 0.900000
          0.350000 0.800000 0.850000
          0.450000 0.100000 0.650000
          0.450000 0.250000 0.0
          0.750000 0.550000 0.100000
          0.0 0.750000 0.0
          0.400000 0.350000 0.800000
          0.300000 0.950000 0.950000
          1.000000 0.850000 0.150000
          0.550000 0.100000 0.400000
          0.900000 0.900000 0.450000
          0.550000 0.950000 0.450000
          0.0 0.350000 0.950000
          0.400000 0.750000 0.200000
          0.750000 0.700000 0.300000
          0.450000 0.500000 0.250000
          0.300000 0.950000 0.700000
          0.550000 0.500000 0.750000
          0.500000 0.050000 0.200000
          1.000000 0.350000 0.400000
          0.400000 0.800000 0.150000
          0.950000 0.700000 0.200000
          0.900000 0.450000 0.600000
          0.600000 0.500000 0.650000
          0.100000 0.050000 0.800000
          0.950000 0.350000 0.100000
          0.250000 0.800000 0.850000
          0.800000 0.550000 0.500000
          0.350000 0.700000 0.600000
          0.400000 0.450000 0.0
          0.100000 0.200000 0.700000
          0.150000 0.250000 0.150000
          0.200000 0.950000 0.650000
          0.350000 0.400000 0.500000
          0.300000 0.600000 0.750000
          0.100000 0.900000 0.0
          0.800000 0.500000 0.100000
          0.950000 0.600000 0.300000
          0.650000 0.300000 0.800000
          0.300000 0.250000 0.400000
          0.400000 0.300000 0.500000
          0.550000 0.950000 0.500000
          0.500000 0.200000 0.800000
          0.500000 0.700000 0.850000
          0.100000 0.300000 0.0
          1.000000 0.300000 0.700000
          0.200000 0.700000 0.950000
          0.300000 0.0 0.0
          0.050000 0.500000 0.050000
          0.100000 0.750000 0.800000
          0.450000 0.200000 0.550000
          0.750000 0.500000 0.750000
          0.250000 0.0 0.050000
          0.600000 0.050000 0.050000
          0.550000 1.000000 0.500000
          0.650000 0.450000 0.550000
          0.750000 0.400000 0.850000
          0.650000 0.250000 0.550000
          0.350000 0.600000 0.900000
          0.800000 0.750000 0.900000
          0.150000 0.750000 0.100000
          0.950000 0.850000 0.150000
          0.550000 0.550000 0.400000
          0.800000 0.450000 0.450000
          0.400000 0.0 0.250000
          0.400000 0.200000 0.250000
          1.000000 0.600000 0.150000
          0.150000 0.050000 0.400000
          0.700000 0.600000 0.150000
          0.250000 1.000000 0.200000
          1.000000 0.600000 0.050000
          0.050000 0.0 0.450000
          1.000000 0.200000 0.100000
          1.000000 0.150000 0.450000
          0.200000 1.000000 0.350000
          0.850000 0.200000 0.700000
          0.150000 0.300000 0.600000
          0.450000 0.200000 0.600000
          0.100000 0.250000 1.000000
          0.100000 0.050000 0.150000
          0.750000 0.200000 0.550000
          0.950000 0.700000 0.600000
          0.750000 0.850000 0.150000
          0.850000 0.150000 0.250000
          1.000000 1.000000 0.750000
          0.150000 0.200000 0.500000
          0.900000 0.650000 0.850000
          0.350000 0.0 0.400000
          0.500000 0.050000 0.100000
          0.150000 0.900000 0.250000
          0.0 0.650000 0.650000
          0.950000 0.500000 0.850000
          0.900000 0.900000 1.000000
          0.400000 0.500000 0.800000
          0.700000 0.250000 0.350000
          0.200000 0.650000 0.250000
          0.700000 0.200000 0.600000
          0.500000 0.150000 0.750000
          0.950000 1.000000 0.050000
          0.550000 0.300000 0.150000
          0.650000 0.750000 0.300000
          0.0 0.150000 0.400000
          0.050000 0.050000 0.600000
          0.800000 0.200000 0.600000
          0.050000 0.500000 0.450000
          0.250000 0.050000 0.0
          0.500000 0.250000 0.450000
          0.250000 0.550000 0.850000
          0.800000 0.150000 0.250000
          0.500000 0.100000 0.200000
          0.600000 0.350000 0.300000
          0.0 0.350000 0.750000
          0.550000 0.100000 0.550000
          0.350000 0.750000 0.550000
          0.850000 0.0 0.700000
          0.650000 0.200000 0.700000
          0.850000 0.350000 0.0
          0.500000 0.350000 0.500000
          0.600000 0.550000 0.100000
          0.400000 0.250000 0.700000
          0.150000 0.850000 0.700000
          0.200000 0.350000 1.000000
          0.850000 0.400000 0.900000
          0.650000 0.700000 0.600000
          0.800000 0.100000 0.800000
          0.200000 0.700000 0.150000
          0.850000 0.100000 0.400000
          0.950000 0.150000 0.500000
          0.700000 0.350000 0.650000
          0.350000 0.950000 0.650000
          0.750000 0.650000 0.850000
          0.900000 0.550000 0.100000
          0.100000 0.950000 0.250000
          0.750000 0.150000 0.0
          0.250000 0.200000 0.450000
          0.700000 0.950000 0.100000
          0.550000 0.900000 0.350000
          0.0 0.400000 0.800000
          0.0 0.050000 0.900000
          0.250000 0.050000 0.250000
          0.0 0.900000 0.750000
          0.300000 0.150000 0.250000
          0.750000 0.750000 0.850000
          0.150000 0.150000 0.900000
          0.750000 0.250000 0.250000
          0.350000 0.300000 0.650000
          0.250000 0.550000 0.500000
          0.200000 0.150000 0.650000
          0.700000 0.050000 0.900000
          0.150000 0.0 0.650000
          0.650000 0.900000 0.900000
          0.500000 0.650000 0.650000
          0.700000 0.0 0.750000
          0.550000 0.200000 0.450000
          0.350000 0.650000 0.600000
          0.150000 0.0 1.000000
          0.250000 0.400000 0.0
          0.050000 0.700000 0.200000
          0.350000 0.400000 0.050000
          0.800000 0.250000 0.150000
          0.050000 0.100000 0.350000
          0.450000 0.550000 0.600000
          0.050000 0.350000 0.450000
          0.900000 0.800000 0.350000
          0.200000 0.550000 0.950000
          0.650000 0.200000 0.450000
          0.300000 0.750000 0.500000
          0.450000 0.900000 0.200000
          0.300000 0.700000 0.550000
          0.350000 0.550000 0.350000
          1.000000 0.0 0.800000
          0.800000 0.950000 0.100000
          0.350000 0.750000 0.800000
          0.050000 0.700000 0.850000
          0.150000 0.950000 0.850000
          0.450000 0.100000 1.000000
          0.300000 0.550000 0.750000
          0.350000 0.200000 1.000000
          0.650000 0.300000 0.850000
          0.650000 0.300000 1.000000
          0.700000 0.650000 0.450000
          0.550000 0.350000 0.800000
          0.450000 0.650000 0.200000
          0.550000 0.150000 0.250000
          0.500000 0.300000 0.300000
          0.100000 0.200000 0.850000
          0.250000 0.400000 0.900000
          0.200000 0.250000 0.750000
          0.300000 0.400000 0.900000
          0.200000 0.250000 0.200000
          0.250000 0.500000 0.800000
          0.550000 0.0 0.750000
          0.250000 0.850000 0.550000
          0.900000 0.250000 0.750000
          0.050000 0.200000 0.700000
          0.850000 0.200000 0.450000
          0.750000 0.050000 0.550000
          0.700000 0.350000 0.800000
          0.250000 0.550000 0.700000
          0.900000 0.400000 0.500000
          0.800000 0.950000 0.500000
          0.650000 0.550000 0.550000
          0.700000 0.800000 0.150000
          0.450000 0.800000 0.050000
          0.0 0.400000 0.850000
          0.500000 0.750000 0.850000
          0.200000 0.350000 0.750000
          0.450000 0.250000 0.350000
          0.750000 0.350000 0.500000
          0.750000 0.400000 0.300000
          0.050000 1.000000 0.500000
          0.450000 0.500000 0.600000
          0.500000 0.700000 0.750000
          1.000000 1.000000 0.150000
          0.700000 0.450000 0.050000
          0.550000 0.200000 0.300000
          0.450000 0.750000 0.650000
          0.200000 0.900000 0.750000
          1.000000 0.700000 0.850000
          0.100000 0.700000 0.950000
          0.150000 0.400000 0.500000
          0.400000 0.350000 0.300000
          0.600000 0.450000 0.450000
          0.550000 0.400000 0.350000
          0.600000 0.050000 0.950000
          0.550000 0.700000 0.400000
          0.250000 0.750000 0.300000
          0.200000 0.750000 0.950000
          0.250000 0.050000 0.700000
          0.900000 0.950000 0.400000
          0.900000 0.100000 0.500000
          0.500000 0.600000 0.250000
          0.500000 0.750000 0.550000
          0.500000 0.900000 0.600000
          0.200000 0.050000 0.100000
          0.300000 0.800000 0.850000
          0.150000 0.450000 0.050000
          0.250000 0.650000 0.700000
          0.800000 0.900000 0.700000
          0.150000 0.650000 0.600000
          0.150000 0.950000 0.900000
          0.600000 0.050000 0.200000
          0.100000 0.0 0.700000
          0.050000 0.400000 0.750000
          0.200000 0.650000 0.800000
          0.750000 0.650000 0.400000
          0.350000 0.250000 0.850000
          0.750000 0.200000 0.700000
          0.0 1.000000 0.900000
          0.450000 0.700000 0.100000
          1.000000 0.300000 0.950000
          0.100000 0.400000 0.150000
          0.300000 0.400000 0.400000
          1.000000 0.750000 0.0
          0.650000 0.500000 0.050000
          0.400000 0.250000 0.100000
          0.0 0.650000 0.850000
          0.150000 0.600000 0.700000
          0.100000 0.100000 0.100000
          0.250000 0.850000 0.600000
          0.850000 0.800000 0.050000
          1.000000 0.200000 0.700000
          0.900000 0.900000 0.700000
          0.750000 0.250000 0.900000
          0.800000 0.450000 0.050000
          0.400000 0.950000 0.200000
          0.950000 0.950000 0.150000
          0.650000 0.400000 0.850000
          0.400000 0.500000 0.0
          0.050000 0.200000 0.950000
          0.300000 0.200000 0.750000
          0.150000 0.250000 0.750000
          0.600000 0.850000 0.200000
          0.250000 0.100000 0.800000
          0.300000 0.0 0.550000
          0.750000 0.600000 0.700000
          0.300000 0.300000 0.700000
          0.950000 0.150000 0.150000
          0.700000 0.300000 0.250000
          0.100000 0.950000 0.100000
          0.050000 1.000000 0.700000
          0.700000 0.750000 0.750000
          0.0 0.200000 0.750000
          0.300000 0.500000 1.000000
          0.700000 0.400000 0.500000
          0.650000 0.050000 0.050000
          0.100000 0.950000 0.400000
          0.850000 0.300000 0.200000
          0.100000 0.0 0.400000
          0.300000 0.650000 0.300000
          1.000000 0.700000 0.450000
          1.000000 1.000000 0.550000
          0.100000 0.600000 0.250000
          0.400000 0.050000 0.250000
          0.650000 0.550000 0.750000
          0.550000 0.100000 0.950000
          0.700000 0.800000 0.800000
          0.850000 0.950000 0.250000
          0.800000 0.900000 0.550000
          0.100000 0.300000 0.050000
          0.050000 0.850000 0.200000
          0.450000 0.450000 0.250000
          0.950000 0.550000 0.700000
          0.800000 0.200000 0.850000
          0.050000 0.600000 0.400000
          0.700000 0.350000 0.400000
          1.000000 0.800000 0.550000
          0.300000 0.300000 0.300000
          0.650000 0.750000 0.150000
          0.100000 0.0 0.750000
          0.550000 0.100000 0.800000
          0.450000 0.650000 0.800000
          0.650000 0.500000 0.900000
          0.550000 0.550000 0.0
          0.200000 0.950000 0.400000
          0.750000 0.700000 0.100000
          0.400000 0.800000 0.400000
          0.0 0.800000 0.650000
          0.250000 0.800000 0.200000
          0.250000 0.300000 0.550000
          0.850000 0.750000 0.900000
          1.000000 0.100000 0.250000
          0.0 0.500000 0.500000
          0.750000 0.400000 0.600000
          0.250000 0.350000 0.500000
          0.650000 0.700000 0.350000
          0.850000 0.650000 0.350000
          0.800000 0.700000 0.250000
          0.950000 0.300000 0.300000
          0.500000 0.200000 0.400000
          0.950000 0.350000 0.500000
          0.550000 0.250000 0.450000
          1.000000 0.200000 0.650000
          0.100000 0.400000 0.950000
          0.400000 0.950000 1.000000
          0.950000 0.200000 0.550000
          0.0 0.800000 0.0
          0.300000 0.400000 0.700000
          0.500000 0.850000 0.100000
          0.900000 0.800000 0.250000
          0.350000 0.850000 0.500000
          1.000000 0.300000 0.900000
          0.750000 0.550000 0.150000
          0.100000 0.100000 0.200000
          0.950000 0.700000 0.550000
          0.300000 0.850000 0.100000
          0.500000 0.400000 0.0
          0.550000 0.0 0.300000
          0.750000 0.750000 0.250000
          0.750000 0.0 0.800000
          0.400000 0.850000 0.400000
          0.050000 0.600000 0.750000
          0.600000 0.950000 0.950000
          0.500000 0.050000 0.150000
          0.350000 0.500000 0.500000
          0.100000 0.150000 0.950000
          0.100000 0.800000 0.050000
          0.800000 0.400000 0.300000
          0.700000 0.600000 0.050000
          0.700000 0.900000 0.850000
          0.400000 0.300000 0.850000
          0.650000 0.100000 0.400000
          0.300000 0.350000 0.050000
          0.950000 0.850000 0.0
          0.200000 0.600000 0.350000
          0.900000 0.250000 0.550000
          0.600000 0.600000 0.650000
          0.450000 0.750000 0.950000
          0.500000 0.800000 0.950000
          0.600000 0.850000 0.950000
          0.600000 0.250000 1.000000
          0.950000 0.250000 1.000000
          0.150000 0.350000 0.400000
          0.500000 0.0 0.750000
          0.350000 0.450000 0.350000
          0.500000 0.200000 0.300000
          0.850000 0.650000 0.100000
          0.100000 0.500000 0.500000
          0.450000 0.050000 0.150000
          0.100000 0.500000 0.650000
          0.750000 0.750000 0.550000
          0.050000 0.600000 0.600000
          0.150000 0.050000 0.050000
          0.250000 0.500000 0.400000
          0.850000 0.950000 0.950000
          0.800000 0.300000 1.000000
          0.400000 0.450000 0.350000
          0.050000 0.900000 1.000000
          0.500000 0.950000 0.700000
          0.600000 0.500000 0.050000
          0.450000 0.550000 0.150000
          0.0 0.550000 0.500000
          0.0 0.350000 0.550000
          0.900000 0.750000 0.250000
          0.650000 0.450000 0.050000
          0.400000 0.500000 0.500000
          0.500000 0.250000 0.550000
          0.650000 0.100000 0.250000
          0.900000 0.950000 0.550000
          1.000000 0.300000 0.100000
          0.0 0.450000 0.100000
          0.150000 0.450000 0.450000
          0.900000 0.800000 0.550000
          0.300000 0.700000 0.100000
          0.050000 0.750000 0.800000
          0.300000 0.950000 0.400000
          0.300000 1.000000 0.850000
          0.300000 0.400000 0.200000
          0.050000 0.650000 0.150000
          1.000000 0.200000 0.300000
          0.500000 1.000000 0.350000
          1.000000 0.500000 0.500000
          0.450000 0.200000 0.0
          0.300000 0.150000 0.0
          0.150000 0.800000 0.600000
          0.850000 0.050000 0.350000
          0.350000 0.750000 0.950000
          0.050000 0.950000 0.150000
          0.700000 0.850000 0.100000
          0.350000 0.500000 0.150000
          0.600000 0.600000 0.150000
          0.350000 0.150000 0.100000
          0.950000 0.550000 0.200000
          0.800000 0.850000 0.300000
          0.450000 0.850000 0.350000
          1.000000 0.500000 0.600000
          0.950000 0.850000 0.800000
          0.950000 0.300000 0.0
          0.150000 0.450000 0.100000
          0.150000 1.000000 0.250000
          0.850000 0.650000 0.650000
          0.150000 0.350000 0.900000
          0.500000 0.550000 1.000000
          0.050000 0.500000 0.550000
          0.500000 0.950000 0.500000
          1.000000 0.600000 0.650000
          0.900000 0.0 0.650000
          0.950000 0.350000 0.850000
          0.950000 0.950000 0.950000
          0.100000 0.350000 0.450000
          0.750000 0.0 0.750000
          0.0 0.300000 0.600000
          1.000000 0.250000 0.100000
          0.250000 0.550000 0.350000
          0.600000 0.050000 0.650000
          0.800000 0.600000 0.750000
          0.950000 0.650000 0.150000
          0.500000 0.100000 0.350000
          0.700000 0.850000 0.650000
          0.400000 0.350000 0.550000
          0.600000 0.550000 0.650000
          0.750000 0.650000 0.100000
          0.550000 0.250000 0.200000
          0.150000 0.200000 0.900000
          0.750000 0.900000 0.550000
          0.400000 0.900000 0.050000
          0.800000 0.400000 0.600000
          0.150000 0.100000 0.850000
          0.250000 0.0 0.850000
          0.200000 0.550000 0.250000
          0.800000 0.050000 0.300000
          0.650000 0.550000 0.100000
          0.600000 0.850000 0.150000
          0.500000 0.600000 0.550000
          0.050000 0.500000 0.0
          0.100000 0.800000 0.200000
          0.450000 0.050000 0.950000
          0.750000 0.400000 0.650000
          0.250000 0.200000 0.050000
          0.700000 0.750000 0.100000
          0.300000 0.050000 0.250000
          0.700000 0.500000 0.750000
          0.800000 0.350000 0.450000
          0.500000 0.350000 0.100000
          0.050000 0.850000 0.500000
          0.900000 0.050000 0.0
          0.750000 0.250000 0.500000
          0.450000 0.300000 0.0
          0.350000 0.900000 0.400000
          0.050000 0.450000 1.000000
          0.350000 0.650000 0.250000
          0.200000 0.400000 1.000000
          0.0 0.100000 0.100000
          0.950000 0.700000 0.700000
          0.100000 0.550000 0.950000
          0.050000 0.800000 0.550000
          1.000000 0.600000 0.900000
          0.900000 0.600000 0.950000
          1.000000 0.200000 0.0
          0.350000 0.100000 0.550000
          0.250000 0.650000 0.600000
          0.400000 0.100000 0.800000
          0.300000 0.200000 0.650000
          0.150000 0.0 0.050000
          0.400000 0.700000 0.300000
          0.100000 0.850000 0.300000
          0.350000 0.700000 0.350000
          1.000000 0.250000 0.450000
          0.150000 0.950000 0.700000
          0.900000 0.800000 0.450000
          0.200000 0.800000 0.800000
          0.0 0.0 0.750000
          0.650000 0.400000 0.600000
          0.150000 0.350000 0.750000
          0.350000 0.200000 0.500000
          0.200000 0.200000 0.300000
          0.0 0.650000 0.200000
          0.300000 0.550000 0.350000
          0.550000 0.350000 0.550000
          0.050000 0.700000 0.650000
          0.600000 0.050000 0.300000
          0.550000 0.400000 0.600000
          0.250000 0.600000 0.0
          0.400000 0.500000 0.950000
          0.850000 0.100000 0.550000
          0.950000 0.350000 0.450000
          0.750000 0.350000 0.750000
          0.650000 0.050000 0.100000
          0.550000 0.250000 0.550000
          0.450000 0.650000 0.900000
          0.050000 0.800000 0.450000
          0.700000 1.000000 0.0
          0.850000 1.000000 0.150000
          0.850000 0.750000 0.050000
          0.750000 0.200000 0.950000
          0.050000 0.350000 0.650000
          0.500000 0.250000 0.750000
          1.000000 0.150000 0.100000
          0.150000 0.500000 0.500000
          0.050000 0.050000 0.400000
          0.450000 0.450000 0.350000
          0.0 0.100000 0.500000
          1.000000 0.850000 0.600000
          0.150000 0.850000 0.150000
          0.300000 0.400000 0.450000
          0.550000 0.300000 0.050000
          0.450000 0.300000 0.200000
          0.450000 0.150000 0.0
          0.800000 0.750000 0.700000
          0.050000 1.000000 0.850000
          0.550000 0.550000 0.600000
          0.700000 0.200000 0.950000
          0.050000 0.600000 0.050000
          0.200000 0.150000 0.800000
          0.150000 0.850000 0.950000
          0.150000 0.100000 0.550000
          0.350000 0.450000 0.900000
          0.950000 0.850000 0.200000
          0.850000 0.400000 0.050000
          0.050000 0.250000 0.950000
          0.150000 0.400000 1.000000
          0.500000 0.950000 0.150000
          0.550000 0.700000 0.350000
          0.800000 0.150000 0.400000
          0.150000 0.350000 0.200000
          0.100000 1.000000 0.200000
          0.800000 0.100000 0.450000
          0.600000 0.400000 0.650000
          0.650000 0.450000 0.650000
          0.850000 0.050000 0.850000
          0.600000 0.750000 0.850000
          0.250000 0.800000 0.700000
          0.100000 1.000000 0.150000
          0.500000 0.700000 0.250000
          0.550000 0.050000 0.900000
          0.950000 0.800000 0.200000
          0.150000 0.850000 0.900000
          0.850000 0.050000 0.950000
          0.300000 0.100000 0.950000
          0.350000 0.300000 0.950000
          0.200000 0.400000 0.650000
          0.200000 0.900000 0.0
          0.600000 0.450000 0.100000
          0.500000 0.200000 0.350000
          0.650000 0.400000 0.500000
          0.350000 0.850000 0.0
          0.0 0.600000 0.400000
          0.500000 0.450000 0.200000
          0.950000 0.150000 0.700000
          0.850000 0.750000 0.0
          0.350000 0.750000 1.000000
          0.900000 0.850000 0.650000
          0.850000 0.950000 0.100000
          0.050000 1.000000 0.350000
          0.150000 0.450000 0.750000
          0.800000 0.550000 0.250000
          0.900000 0.250000 0.050000
          0.250000 0.850000 0.0
          0.650000 0.450000 0.200000
          0.750000 0.200000 0.300000
          0.850000 0.300000 0.800000
          0.700000 0.900000 0.950000
          0.650000 0.700000 1.000000
          0.200000 0.600000 0.800000
          0.250000 0.850000 0.700000
          0.550000 0.150000 0.200000
          0.050000 0.700000 0.450000
          0.300000 0.400000 0.100000
          0.800000 0.400000 0.450000
          0.500000 0.450000 0.650000
          0.300000 0.700000 1.000000
          0.750000 0.450000 0.450000
          0.650000 0.950000 1.000000
          0.800000 0.800000 0.400000
          0.050000 0.100000 1.000000
          0.700000 0.200000 0.300000
          0.150000 0.300000 0.150000
          0.550000 0.600000 1.000000
          0.850000 0.450000 0.950000
          0.100000 0.650000 0.550000
          0.150000 0.650000 0.350000
          0.0 0.200000 0.850000
          0.050000 0.500000 0.950000
          1.000000 0.500000 0.950000
          0.550000 0.900000 0.550000
          0.550000 0.950000 0.900000
          0.400000 0.600000 0.600000
          0.900000 0.350000 0.750000
          0.400000 0.050000 0.350000
          0.150000 0.200000 0.700000
          0.150000 0.650000 0.250000
          0.950000 0.950000 0.500000
          0.850000 0.050000 0.200000
          0.450000 1.000000 0.050000
          0.200000 0.650000 0.900000
          0.300000 0.0 0.050000
          0.150000 0.700000 0.800000
          0.750000 0.650000 0.900000
          0.850000 0.900000 0.400000
          0.0 0.650000 1.000000
          0.650000 0.950000 0.950000
          0.550000 0.750000 0.350000
          0.200000 0.550000 0.450000
          0.500000 0.800000 1.000000
          0.500000 0.350000 0.650000
          0.650000 0.850000 0.650000
          0.800000 0.950000 0.200000
          0.150000 0.150000 0.550000
          0.450000 0.450000 0.650000
          0.250000 0.800000 1.000000
          0.500000 0.850000 0.0
          0.850000 0.200000 0.800000
          0.850000 0.350000 0.900000
          0.600000 1.000000 0.950000
          0.0 0.050000 0.550000
          0.250000 0.150000 0.600000
          0.850000 0.600000 0.950000
          0.700000 0.050000 0.150000
          0.800000 1.000000 0.350000
          0.450000 0.100000 0.850000
          0.400000 0.650000 0.550000
          0.500000 0.600000 0.050000
          0.050000 0.350000 0.0
          0.0 0.400000 0.400000
          0.750000 0.850000 0.750000
          0.250000 0.750000 0.850000
          0.300000 0.050000 0.850000
          0.150000 0.700000 0.350000
          0.750000 0.950000 0.600000
          0.600000 0.150000 0.200000
          0.750000 0.150000 0.850000
          0.800000 0.850000 0.600000
          0.950000 0.900000 0.950000
          0.800000 0.200000 0.250000
          0.500000 0.900000 0.500000
          0.600000 0.950000 0.900000
          0.950000 0.150000 0.600000
          0.700000 0.250000 0.0
          0.100000 0.650000 0.850000
          0.800000 0.200000 0.650000
          0.850000 0.650000 0.300000
          0.0 0.250000 0.050000
          0.150000 0.250000 0.050000
          0.850000 0.700000 0.600000
          1.000000 0.550000 0.800000
          0.0 0.450000 0.500000
          0.700000 0.450000 0.750000
          0.400000 0.400000 0.600000
          1.000000 0.700000 0.0
          0.050000 1.000000 0.400000
          0.650000 0.500000 0.650000
          0.800000 0.250000 0.050000
          0.900000 0.050000 0.650000
          0.550000 0.850000 0.900000
          0.500000 0.950000 0.450000
          0.050000 0.400000 0.250000
          0.900000 0.050000 0.050000
          0.500000 0.300000 0.600000
          0.450000 0.400000 0.550000
          0.800000 0.200000 0.950000
          0.900000 0.100000 0.600000
          0.500000 0.950000 0.200000
          0.100000 1.000000 0.650000
          0.950000 0.900000 0.100000
          0.800000 0.300000 0.950000
          0.650000 0.700000 0.150000
          0.050000 0.500000 0.400000
          0.450000 0.200000 0.350000
          0.750000 0.500000 0.450000
          0.150000 0.900000 0.950000
          0.300000 0.850000 1.000000
          0.050000 0.550000 0.350000
          0.200000 0.300000 0.800000
          0.050000 0.100000 0.200000
          0.450000 0.550000 0.800000
          0.450000 0.050000 0.550000
          0.650000 0.650000 0.450000
          0.0 0.900000 1.000000
          0.850000 0.950000 0.900000
          0.250000 0.300000 0.950000
          0.450000 0.500000 0.400000
          0.400000 0.750000 0.050000
          0.150000 1.000000 0.050000
          0.900000 0.950000 0.850000
          0.100000 0.800000 0.950000
          0.900000 0.0 0.750000
          0.500000 0.200000 0.050000
          0.750000 0.950000 0.550000
          0.600000 0.600000 0.0
          0.250000 0.950000 0.500000
          0.050000 0.650000 0.500000
          0.550000 0.850000 0.750000
          0.650000 0.850000 0.200000
          0.350000 0.400000 0.600000
          0.850000 0.450000 0.750000
          0.700000 0.900000 0.350000
          0.350000 0.050000 0.900000
          0.350000 0.700000 0.300000
          0.250000 0.600000 1.000000
          0.650000 0.150000 0.050000
          0.450000 0.250000 0.250000
          0.650000 0.950000 0.250000
          0.350000 0.0 0.900000
          0.300000 0.050000 0.950000
          0.900000 0.250000 1.000000
          0.200000 0.150000 0.100000
          0.400000 0.550000 0.850000
          0.450000 0.650000 0.500000
          0.500000 0.700000 0.600000
          0.900000 0.900000 0.500000
          0.050000 0.0 0.600000
          0.200000 0.650000 0.350000
          0.600000 0.200000 0.0
          0.250000 0.250000 0.400000
          0.650000 0.900000 0.350000
          0.400000 0.650000 0.500000
          0.550000 0.900000 0.600000
          0.900000 0.200000 0.900000
          0.0 0.350000 0.650000
          0.750000 0.200000 0.750000
          0.0 0.300000 0.050000
          0.800000 0.150000 0.350000
          0.500000 0.900000 0.250000
          0.450000 0.100000 0.450000
          0.350000 0.250000 0.500000
          0.200000 0.0 0.550000
          0.950000 0.500000 1.000000
          0.100000 0.350000 0.200000
          0.600000 0.500000 0.900000
          0.500000 0.200000 0.850000
          0.450000 0.300000 0.700000
          0.500000 0.550000 0.550000
          0.450000 0.150000 0.800000
          0.600000 0.650000 0.300000
          0.850000 0.650000 0.450000
          0.600000 0.150000 0.700000
          0.0 0.450000 0.900000
          0.750000 0.550000 1.000000
          0.400000 0.400000 0.350000
          0.750000 0.150000 0.150000
          0.450000 0.800000 1.000000
          0.250000 0.350000 0.100000
          0.900000 0.650000 0.050000
          0.650000 0.200000 0.150000
          0.200000 0.900000 0.200000
          0.700000 0.500000 0.650000
          0.150000 0.350000 0.700000
          0.550000 0.450000 0.050000
          0.950000 0.200000 0.800000
          0.200000 0.600000 0.850000
          0.100000 0.150000 0.0
          0.800000 0.850000 0.550000
          0.150000 0.0 0.200000
          0.500000 0.650000 0.850000
          0.300000 0.350000 0.650000
          0.500000 0.0 0.100000
          0.050000 0.500000 0.850000
          0.300000 0.300000 0.800000
          0.300000 0.500000 0.900000
          0.700000 0.700000 0.300000
          0.300000 0.500000 0.750000
          0.450000 0.650000 0.250000
          0.300000 0.800000 0.700000
          0.650000 0.100000 0.800000
          0.450000 0.800000 0.500000
          0.400000 0.850000 0.100000
          1.000000 0.700000 0.800000
          0.750000 0.0 0.850000
          0.800000 0.550000 0.200000
          0.050000 0.450000 0.350000
          0.850000 0.850000 0.800000
          0.300000 0.900000 1.000000
          0.300000 0.150000 0.400000
          0.800000 0.050000 0.900000
          0.0 0.700000 0.300000
          0.050000 0.050000 0.650000
          0.650000 0.850000 0.100000
          0.850000 0.150000 0.700000
          0.050000 0.700000 0.800000
          0.600000 0.400000 0.050000
          0.750000 0.950000 0.450000
          0.150000 0.650000 0.850000
          0.600000 0.450000 1.000000
          0.250000 0.900000 0.100000
          0.050000 0.300000 0.300000
          0.800000 0.250000 0.550000
          0.450000 0.350000 0.450000
          0.500000 0.400000 0.700000
          0.300000 0.150000 0.050000
          0.350000 1.000000 0.550000
          0.850000 0.250000 0.350000
          0.700000 0.850000 0.200000
          1.000000 0.900000 0.400000
          0.500000 0.700000 0.350000
          0.500000 0.100000 0.450000
          0.150000 0.250000 0.350000
          0.250000 0.600000 0.250000
          0.350000 0.750000 0.700000
          0.550000 0.050000 0.350000
          0.450000 0.850000 0.0
          0.900000 0.100000 0.550000
          0.250000 0.900000 0.0
          0.800000 0.800000 0.600000
          0.350000 0.550000 0.250000
          0.200000 0.450000 0.700000
          0.500000 0.500000 0.800000
          0.700000 0.400000 0.450000
          0.600000 0.950000 0.350000
          0.950000 1.000000 0.200000
          0.800000 0.700000 0.900000
          0.900000 0.300000 0.250000
          0.750000 0.550000 0.950000
          0.600000 0.700000 0.300000
          0.750000 0.350000 0.350000
          0.400000 0.600000 0.900000
          0.550000 0.600000 0.450000
          0.350000 0.350000 0.200000
          0.0 0.350000 0.400000
          0.0 0.600000 0.550000
          0.100000 0.450000 0.800000
          0.300000 0.150000 0.850000
          0.550000 0.450000 0.200000
          0.100000 0.0 0.200000
          0.300000 0.200000 0.700000
          0.450000 0.750000 0.800000
          0.150000 0.450000 0.800000
          0.650000 0.150000 0.850000
          0.900000 0.200000 0.050000
          0.700000 0.550000 1.000000
          0.250000 0.200000 0.600000
          0.150000 0.650000 0.750000
          0.100000 0.450000 0.400000
          0.800000 0.250000 0.850000
          0.200000 0.450000 0.050000
          0.0 0.0 0.650000
          0.500000 0.150000 0.950000
          0.650000 0.450000 0.350000
          0.650000 0.050000 0.850000
          1.000000 0.250000 0.950000
          0.800000 0.250000 0.700000
          0.050000 0.800000 0.650000
          0.900000 0.700000 0.950000
          0.450000 0.100000 0.500000
          0.900000 0.150000 0.450000
          0.800000 0.250000 0.450000
          0.350000 0.650000 0.150000
          0.600000 0.250000 0.050000
          0.750000 0.050000 0.750000
          0.750000 0.300000 0.600000
          0.900000 0.250000 0.0
          0.100000 0.650000 0.0
          0.900000 0.250000 0.800000
          0.800000 0.300000 0.100000
          0.950000 0.450000 0.750000
          0.500000 0.900000 0.400000
          0.500000 0.050000 0.700000
          0.850000 0.350000 0.450000
          1.000000 0.900000 0.800000
          0.150000 0.500000 0.700000
          0.0 0.850000 0.450000
          0.200000 0.050000 0.550000
          0.600000 0.0 0.100000
          0.050000 0.450000 0.700000
          0.900000 0.850000 0.150000
          0.550000 0.700000 0.850000
          0.900000 0.950000 0.350000
          0.800000 0.150000 0.800000
          0.050000 0.050000 0.050000
          0.700000 0.500000 0.200000
          0.950000 0.850000 0.300000
          0.900000 0.800000 0.950000
          0.450000 0.200000 0.100000
          0.750000 0.400000 0.900000
          0.700000 0.550000 0.600000
          0.450000 0.250000 0.400000
          0.600000 0.200000 0.800000
          0.700000 0.050000 0.600000
          0.950000 0.400000 0.200000
          0.800000 0.550000 0.950000
          0.400000 0.700000 0.150000
          0.700000 0.500000 0.450000
          0.900000 0.850000 0.200000
          0.250000 0.650000 0.150000
          0.850000 0.0 0.050000
          0.300000 0.450000 0.300000
          0.300000 0.450000 0.550000
          0.850000 0.050000 0.100000
          0.750000 0.750000 0.100000
          0.350000 0.700000 0.650000
          0.500000 0.500000 0.750000
          0.050000 0.050000 0.450000
          0.050000 0.200000 0.550000
          0.600000 0.500000 0.350000
          0.200000 0.200000 0.750000
          0.250000 1.000000 1.000000
          0.550000 0.600000 0.250000
          0.450000 0.250000 0.850000
          0.750000 0.700000 0.850000
          0.350000 0.700000 0.050000
          0.500000 0.300000 0.0
          0.100000 1.000000 0.0
          0.400000 0.350000 0.700000
          0.350000 0.800000 0.300000
          0.100000 0.800000 0.500000
          0.300000 0.450000 0.750000
          0.100000 0.300000 0.550000
          0.100000 0.900000 0.050000
          0.200000 0.350000 0.600000
          0.100000 0.400000 0.650000
          0.250000 0.500000 0.950000
          0.650000 0.850000 0.700000
          0.950000 0.400000 0.800000
          0.500000 0.800000 0.050000
          0.300000 0.100000 0.250000
          0.350000 0.850000 0.250000
          0.850000 0.750000 0.700000
          0.900000 0.250000 0.850000
          0.100000 0.600000 0.550000
          0.050000 0.300000 0.950000
          0.800000 0.500000 0.850000
          0.350000 1.000000 0.300000
          0.600000 0.100000 0.650000
          0.600000 0.300000 0.400000
          0.650000 0.700000 0.900000
          0.200000 0.300000 0.550000
          0.100000 0.800000 0.400000
          0.250000 0.400000 0.700000
          0.600000 0.850000 0.600000
          0.950000 0.450000 0.050000
          0.050000 0.500000 0.350000
          0.600000 0.550000 1.000000
          0.450000 0.050000 0.850000
          0.950000 0.600000 0.500000
          0.150000 0.100000 0.500000
          0.750000 0.450000 0.400000
          0.650000 0.900000 0.600000
          0.400000 0.350000 0.900000
          0.250000 0.300000 0.100000
          0.550000 0.350000 0.450000
          0.950000 0.600000 0.900000
          0.950000 0.900000 0.300000
          0.550000 1.000000 0.550000
          0.350000 0.450000 0.850000
          0.750000 0.100000 0.950000
          0.650000 0.550000 0.800000
          0.400000 0.100000 0.400000
          0.450000 0.450000 0.100000
          0.650000 0.250000 0.650000
          0.800000 0.050000 0.050000
          0.350000 0.150000 0.950000
          1.000000 0.350000 0.200000
          0.250000 0.800000 0.450000
          0.350000 0.700000 0.200000
          1.000000 0.650000 0.300000
          0.350000 0.500000 0.400000
          0.200000 0.050000 0.600000
          0.700000 0.750000 0.500000
          0.500000 0.100000 0.750000
          0.100000 0.650000 0.100000
          0.950000 0.600000 0.800000
          0.300000 0.850000 0.650000
          0.0 0.400000 0.250000
          0.300000 0.450000 0.100000
          0.250000 0.800000 0.400000
          0.500000 0.050000 0.0
          0.050000 0.100000 0.900000
          0.100000 0.200000 0.150000
          0.900000 0.200000 0.500000
          0.900000 0.450000 0.200000
          0.150000 0.550000 0.050000
          0.350000 0.850000 0.750000
          0.700000 0.750000 0.850000
          0.350000 0.400000 0.250000
          0.100000 0.600000 1.000000
          0.150000 0.300000 0.550000
          0.700000 0.100000 0.950000
          0.600000 0.0 1.000000
          0.300000 0.350000 0.550000
          0.750000 0.050000 0.400000
          0.250000 0.400000 0.250000
          0.0 0.300000 0.750000
          0.450000 0.0 0.050000
          0.700000 0.350000 0.250000
          0.400000 0.950000 0.600000
          0.650000 0.0 0.350000
          0.200000 0.550000 0.300000
          0.100000 0.300000 0.750000
          0.900000 0.400000 0.0
          0.600000 0.350000 0.550000
          0.750000 0.150000 0.100000
          1.000000 0.350000 0.300000
          0.550000 0.950000 0.350000
          0.750000 0.600000 0.950000
          1.000000 1.000000 0.200000
          0.050000 0.350000 0.350000
          0.300000 0.300000 0.400000
          0.750000 0.750000 0.900000
          0.850000 0.500000 0.950000
          0.250000 0.200000 0.150000
          0.500000 0.950000 0.900000
          0.650000 0.400000 0.200000
          0.200000 0.700000 0.450000
          0.950000 0.950000 1.000000
          0.050000 0.700000 0.500000
          0.600000 0.550000 0.0
          0.700000 0.500000 0.100000
          0.850000 0.950000 0.400000
          0.200000 0.450000 0.250000
          0.350000 0.900000 0.250000
          0.850000 0.750000 0.150000
          0.0 1.000000 0.850000
          0.800000 0.750000 0.0
          0.200000 0.600000 0.550000
          0.0 0.050000 0.950000
          0.750000 0.850000 0.050000
          0.950000 0.650000 0.350000
          0.350000 1.000000 0.0
          0.100000 0.450000 0.150000
          0.300000 0.600000 0.450000
          0.450000 0.900000 0.450000
          0.250000 0.550000 1.000000
          0.200000 0.600000 0.950000
          0.900000 0.350000 0.300000
          0.950000 0.0 0.650000
          0.300000 0.750000 0.0
          0.700000 0.900000 0.100000
          0.750000 0.750000 0.800000
          0.650000 0.700000 0.100000
          0.550000 0.700000 1.000000
          0.950000 0.700000 0.350000
          0.650000 1.000000 0.900000
          1.000000 0.650000 0.250000
          0.650000 0.450000 1.000000
          0.100000 0.0 0.350000
          0.400000 0.850000 0.050000
          0.800000 0.750000 0.800000
          0.700000 0.950000 0.500000
          0.750000 0.100000 0.300000
          0.800000 0.0 0.600000
          0.100000 0.400000 0.100000
          0.450000 0.950000 0.200000
          0.100000 0.750000 0.050000
          0.900000 0.500000 0.450000
          0.050000 0.450000 0.250000
          1.000000 0.250000 0.300000
          0.200000 0.700000 0.750000
          0.050000 1.000000 0.150000
          0.250000 0.600000 0.900000
          0.850000 0.150000 0.350000
          0.250000 0.500000 0.100000
          0.400000 0.300000 0.800000
          1.000000 0.300000 0.650000
          0.050000 1.000000 0.0
          0.0 0.300000 0.500000
          0.900000 0.800000 1.000000
          0.500000 0.350000 0.050000
          0.200000 0.150000 0.150000
          0.900000 0.900000 0.400000
          0.050000 0.050000 1.000000
          0.050000 0.500000 0.900000
          0.550000 0.350000 0.950000
          0.050000 0.650000 0.400000
          0.100000 0.750000 0.950000
          1.000000 0.900000 0.100000
          0.350000 0.700000 0.750000
          0.300000 0.950000 0.750000
          0.450000 0.100000 0.750000
          0.900000 0.700000 0.100000
          0.850000 0.200000 0.350000
          0.350000 0.100000 0.600000
          0.100000 0.700000 0.600000
          1.000000 0.100000 0.700000
          0.400000 0.500000 0.850000
          0.750000 0.550000 0.650000
          0.0 0.450000 0.350000
          0.850000 0.200000 0.100000
          0.850000 0.850000 0.700000
          0.750000 0.900000 0.300000
          0.350000 0.700000 0.450000
          0.250000 0.100000 0.150000
          0.800000 0.900000 0.750000
          0.800000 0.100000 0.700000
          0.950000 0.900000 0.200000
          0.0 0.950000 0.200000
          0.300000 0.800000 0.300000
          0.250000 0.250000 0.700000
          0.100000 0.250000 0.800000
          0.550000 0.800000 0.200000
          0.400000 0.400000 0.750000
          0.050000 0.550000 1.000000
          1.000000 0.850000 0.0
          0.250000 0.550000 0.900000
          1.000000 0.750000 0.050000
          0.500000 0.800000 0.600000
          0.700000 0.250000 0.450000
          0.850000 0.450000 0.650000
          0.150000 1.000000 0.900000
          0.200000 0.300000 0.050000
          0.500000 0.700000 0.050000
          0.850000 0.900000 0.100000
          0.100000 0.850000 0.800000
          0.550000 0.250000 0.100000
          0.200000 0.600000 0.500000
          0.150000 0.0 0.0
          0.150000 0.900000 0.350000
          0.200000 0.950000 0.450000
          0.350000 0.950000 0.250000
          0.500000 0.850000 0.050000
          0.350000 0.200000 0.650000
          0.700000 0.450000 0.450000
          0.550000 0.250000 0.800000
          0.550000 0.050000 0.700000
          0.700000 0.250000 0.800000
          0.750000 0.650000 0.700000
          0.300000 0.550000 0.500000
          0.100000 1.000000 0.400000
          0.800000 0.800000 0.500000
          0.500000 0.300000 0.950000
          0.900000 0.750000 0.900000
          0.700000 0.400000 1.000000
          0.600000 0.300000 0.750000
          0.250000 0.0 1.000000
          0.250000 0.650000 1.000000
          0.400000 0.700000 0.050000
          1.000000 0.150000 0.500000
          0.750000 0.600000 0.800000
          0.850000 0.550000 0.100000
          0.0 0.100000 0.400000
          0.600000 0.800000 0.450000
          0.600000 0.150000 0.400000
          0.350000 0.600000 0.200000
          0.750000 0.950000 0.150000
          0.600000 1.000000 0.400000
          0.200000 0.300000 0.750000
          0.250000 0.850000 0.250000
          0.750000 0.550000 0.300000
          0.750000 0.800000 0.050000
          0.100000 0.550000 0.250000
          0.050000 0.300000 0.350000
          0.800000 0.350000 0.250000
          0.250000 0.400000 0.500000
          0.900000 0.400000 1.000000
          1.000000 0.600000 0.250000
          0.650000 0.200000 0.650000
          0.400000 0.450000 0.850000
          0.700000 0.300000 0.500000
          0.250000 0.450000 0.150000
          0.850000 1.000000 0.850000
          0.150000 0.200000 0.800000
          0.0 0.550000 0.850000
          0.450000 0.450000 0.050000
          0.150000 0.500000 0.300000
          0.600000 0.650000 1.000000
          0.450000 0.100000 0.600000
          1.000000 0.100000 0.400000
          0.650000 0.200000 0.250000
          0.100000 0.950000 0.900000
          0.200000 0.050000 0.850000
          0.200000 0.350000 0.250000
          0.200000 0.500000 0.0
          0.600000 0.150000 0.950000
          0.250000 0.350000 0.550000
          0.250000 0.850000 0.150000
          0.550000 0.700000 0.300000
          0.500000 0.550000 0.650000
          0.650000 0.100000 0.350000
          0.200000 0.050000 0.500000
          0.100000 0.600000 0.050000
          0.200000 0.450000 0.600000
          0.950000 0.350000 0.300000
          1.000000 0.550000 0.450000
          0.250000 1.000000 0.050000
          0.850000 0.0 0.500000
          0.100000 0.950000 0.550000
          0.250000 0.600000 0.400000
          0.400000 0.950000 0.550000
          0.650000 0.450000 0.600000
          0.150000 0.700000 0.600000
          0.300000 0.400000 0.350000
          0.450000 0.700000 0.800000
          0.650000 0.750000 0.950000
          0.300000 0.300000 0.900000
          0.900000 0.200000 0.700000
          0.800000 0.350000 0.750000
          0.900000 0.0 0.800000
          1.000000 0.050000 0.750000
          0.600000 0.400000 0.0
          0.950000 0.750000 0.700000
          1.000000 0.950000 0.250000
          0.450000 0.650000 1.000000
          0.0 0.750000 0.100000
          0.750000 0.700000 0.650000
          0.700000 0.200000 0.100000
          0.750000 0.650000 0.450000
          0.450000 0.750000 0.250000
          0.200000 0.950000 0.500000
          0.700000 0.150000 0.850000
          0.850000 1.000000 0.950000
          0.750000 0.900000 0.900000
          0.500000 1.000000 0.900000
          0.200000 0.100000 0.700000
          1.000000 0.700000 0.350000
          0.700000 0.800000 0.500000
          0.0 0.600000 0.650000
          1.000000 0.100000 0.050000
          0.550000 0.650000 0.250000
          0.700000 0.150000 1.000000
          0.750000 0.950000 1.000000
          0.900000 0.600000 0.550000
          0.900000 0.250000 0.600000
          0.100000 0.700000 0.350000
          0.400000 0.0 0.950000
          0.900000 0.450000 0.400000
          0.750000 0.0 0.0
          0.800000 0.400000 0.650000
          0.550000 0.700000 0.100000
          0.650000 1.000000 0.200000
          0.200000 0.500000 0.250000
          0.300000 0.250000 0.550000
          0.700000 0.800000 0.300000
          0.250000 0.350000 0.750000
          0.700000 0.300000 0.400000
          0.750000 0.400000 0.200000
          0.900000 0.150000 0.0
          0.250000 1.000000 0.300000
          0.650000 0.400000 0.800000
          0.800000 0.800000 0.700000
          0.950000 0.450000 0.800000
          0.400000 0.950000 0.050000
          0.550000 0.400000 0.050000
          0.150000 0.600000 0.350000
          0.600000 0.900000 0.350000
          0.450000 0.800000 0.400000
          0.450000 0.500000 1.000000
          0.900000 0.450000 0.900000
          0.700000 0.200000 0.150000
          0.200000 0.500000 0.850000
          0.300000 0.650000 0.550000
          0.750000 0.250000 0.400000
          0.300000 0.650000 1.000000
          0.850000 0.950000 0.800000
          0.550000 0.800000 0.800000
          0.350000 0.0 0.200000
          0.100000 0.500000 0.250000
          0.450000 0.800000 0.250000
          0.050000 0.300000 0.750000
          0.250000 0.550000 0.150000
          0.550000 0.850000 0.350000
          0.800000 0.150000 0.650000
          0.400000 0.500000 0.700000
          0.050000 0.450000 0.950000
          1.000000 0.150000 0.700000
          0.400000 0.550000 0.150000
          0.450000 0.050000 0.350000
          0.700000 0.200000 0.400000
          0.050000 0.450000 0.400000
          0.700000 0.200000 0.800000
          0.400000 0.600000 0.0
          0.400000 0.800000 0.250000
          0.800000 0.950000 0.600000
          0.700000 0.100000 0.800000
          0.050000 0.150000 0.500000
          0.350000 0.150000 0.0
          0.700000 0.400000 0.250000
          0.950000 0.300000 0.600000
          0.050000 0.0 0.650000
          1.000000 0.300000 1.000000
          0.200000 0.350000 0.450000
          0.800000 0.700000 0.700000
          0.850000 0.250000 0.0
          1.000000 0.200000 0.050000
          0.450000 0.700000 0.0
          0.650000 0.050000 0.700000
          1.000000 0.350000 0.350000
          0.250000 0.900000 0.200000
          0.900000 0.900000 0.100000
          0.650000 0.450000 0.250000
          0.900000 0.950000 1.000000
          0.550000 0.300000 0.800000
          0.750000 0.400000 0.750000
          0.100000 1.000000 0.750000
          0.100000 0.600000 0.200000
          0.050000 0.950000 0.050000
          0.300000 0.250000 0.700000
          0.250000 0.300000 0.800000
          0.900000 0.150000 0.850000
          1.000000 0.650000 1.000000
          0.500000 0.450000 0.300000
          0.250000 1.000000 0.950000
          0.550000 0.100000 0.600000
          0.100000 0.400000 1.000000
          0.500000 0.900000 0.950000
          0.650000 0.600000 0.150000
          0.900000 0.700000 0.400000
          0.400000 0.650000 0.250000
          0.500000 0.300000 0.450000
          0.800000 0.100000 0.550000
          0.950000 0.400000 0.600000
          0.900000 0.400000 0.650000
          0.800000 0.050000 0.350000
          0.350000 0.400000 0.400000
          0.050000 0.100000 0.550000
          0.250000 0.550000 0.600000
          0.050000 0.250000 0.250000
          0.550000 0.200000 0.350000
          0.550000 0.250000 0.850000
          0.500000 0.750000 0.050000
          0.550000 0.500000 0.850000
          0.700000 0.650000 0.900000
          0.800000 0.250000 1.000000
          0.600000 0.350000 1.000000
          0.550000 0.900000 0.100000
          0.950000 0.550000 0.650000
          0.650000 0.200000 0.100000
          0.750000 0.200000 0.850000
          0.900000 0.950000 0.500000
          0.0 0.200000 0.500000
          0.900000 0.450000 0.350000
          0.500000 0.250000 1.000000
          0.300000 0.400000 0.500000
          0.950000 0.500000 0.900000
          0.300000 0.400000 0.250000
          0.800000 0.800000 0.750000
          0.350000 0.450000 0.100000
          0.800000 0.500000 0.500000
          0.750000 0.200000 0.500000
          0.350000 0.700000 0.250000
          0.100000 0.250000 0.600000
          0.550000 0.900000 0.850000
          0.200000 0.550000 0.750000
          1.000000 0.850000 0.500000
          0.450000 0.750000 1.000000
          0.700000 1.000000 0.550000
          0.950000 0.450000 0.650000
          0.650000 0.600000 1.000000
          0.400000 0.200000 0.600000
          0.550000 0.800000 0.600000
          0.150000 0.050000 0.150000
          0.600000 0.950000 0.200000
          0.850000 0.550000 0.450000
          0.100000 0.450000 0.550000
          0.250000 0.950000 0.950000
          0.600000 0.200000 1.000000
          0.0 0.450000 0.250000
          0.800000 0.300000 0.800000
          0.750000 0.250000 0.350000
          0.450000 0.400000 0.300000
          0.250000 0.850000 0.650000
          0.200000 0.250000 0.700000
          0.950000 0.200000 0.950000
          0.950000 1.000000 0.950000
          0.450000 0.250000 0.300000
          0.800000 0.950000 0.450000
          0.900000 0.600000 0.700000
          0.800000 0.800000 0.250000
          0.250000 0.300000 0.900000
          1.000000 0.300000 0.050000
          0.650000 0.500000 0.700000
          0.450000 1.000000 0.200000
          0.050000 0.550000 0.200000
          0.950000 0.100000 0.500000
          0.400000 0.800000 0.200000
          0.200000 0.500000 0.950000
          0.550000 1.000000 0.050000
          0.0 1.000000 0.400000
          0.800000 0.150000 0.0
          0.250000 0.950000 0.150000
          0.500000 0.750000 0.150000
          0.400000 0.450000 0.900000
          0.800000 0.550000 0.650000
          0.400000 0.0 0.800000
          0.200000 0.600000 0.100000
          0.100000 0.350000 0.250000
          0.650000 0.600000 0.900000
          0.950000 0.650000 0.200000
          0.600000 0.150000 0.150000
          0.850000 0.750000 0.550000
          0.450000 0.150000 1.000000
          0.200000 0.750000 0.200000
          0.750000 0.200000 0.600000
          0.0 0.400000 0.650000
          0.0 0.500000 0.700000
          0.150000 0.550000 0.750000
          0.600000 0.600000 0.550000
          0.950000 0.800000 0.750000
          0.550000 0.250000 0.150000
          0.850000 0.850000 0.300000
          0.750000 0.450000 0.350000
          0.450000 0.400000 1.000000
          0.500000 0.600000 0.300000
          0.450000 0.200000 0.050000
          0.700000 0.700000 1.000000
          0.550000 0.900000 0.050000
          0.750000 0.050000 0.150000
          0.850000 0.050000 0.250000
          0.500000 0.150000 0.700000
          1.000000 0.200000 0.400000
          0.0 0.500000 0.600000
          0.300000 0.700000 0.250000
          0.050000 1.000000 0.900000
          0.200000 0.050000 0.950000
          0.450000 0.050000 0.450000
          0.100000 0.400000 0.400000
          0.400000 0.650000 0.600000
          0.750000 0.900000 0.650000
          0.250000 0.950000 0.550000
          0.650000 0.500000 0.400000
          0.250000 0.950000 0.200000
          0.650000 0.550000 0.050000
          0.600000 0.600000 0.400000
          0.150000 0.750000 0.800000
          0.250000 0.350000 0.450000
          0.450000 0.200000 0.250000
          1.000000 0.950000 0.750000
          0.150000 0.050000 0.500000
          0.950000 0.050000 0.250000
          0.500000 0.800000 0.400000
          0.650000 0.350000 0.050000
          0.350000 0.550000 0.500000
          0.600000 0.650000 0.150000
          0.750000 0.950000 0.300000
          0.950000 0.150000 0.400000
          0.300000 0.400000 0.050000
          0.100000 0.200000 0.600000
          0.900000 0.500000 0.100000
          0.550000 0.350000 0.050000
          0.100000 0.950000 0.0
          0.900000 0.150000 0.200000
          0.050000 0.100000 0.650000
          0.300000 0.950000 0.500000
          0.200000 0.600000 0.700000
          0.300000 0.100000 0.050000
          0.0 0.950000 0.550000
          0.750000 0.750000 0.350000
          0.200000 0.350000 0.100000
          0.250000 0.100000 0.550000
          0.550000 0.550000 0.650000
          0.950000 0.250000 0.700000
          0.150000 0.250000 0.700000
          0.800000 0.200000 0.900000
          0.800000 0.700000 0.200000
          0.400000 0.250000 0.050000
          0.250000 0.100000 0.350000
          0.650000 0.600000 0.800000
          0.600000 0.500000 0.400000
          0.550000 0.450000 0.750000
          0.100000 0.400000 0.450000
          0.500000 0.100000 0.0
          0.0 0.100000 0.300000
          0.550000 0.250000 0.300000
          0.200000 0.250000 0.900000
          0.300000 1.000000 0.950000
          0.100000 0.550000 0.200000
          0.050000 0.800000 0.250000
          0.800000 0.050000 0.500000
          0.950000 0.600000 0.750000
          0.850000 0.150000 0.500000
          0.850000 0.900000 0.500000
          0.050000 0.900000 0.900000
          0.950000 0.250000 0.350000
          0.800000 0.850000 0.150000
          0.200000 0.450000 0.400000
          0.200000 0.700000 0.900000
          0.500000 0.800000 0.900000
          0.150000 0.900000 1.000000
          0.800000 0.100000 0.300000
          0.300000 0.800000 0.550000
          0.950000 0.100000 1.000000
          0.950000 0.300000 0.750000
          0.700000 0.350000 0.750000
          0.850000 0.600000 0.400000
          0.650000 0.450000 0.700000
          0.850000 0.200000 0.600000
          0.900000 0.550000 0.550000
          0.600000 0.500000 0.250000
          0.150000 0.150000 0.0
          0.700000 0.850000 0.600000
          0.850000 0.850000 0.250000
          0.350000 0.200000 0.700000
          0.600000 0.300000 0.700000
          0.150000 0.800000 0.800000
          0.450000 0.100000 0.350000
          0.900000 0.750000 0.700000
          0.650000 0.750000 0.450000
          0.200000 0.750000 0.0
          0.400000 0.550000 0.200000
          0.250000 0.750000 0.0
          0.050000 0.300000 0.150000
          0.350000 0.750000 0.300000
          0.400000 0.900000 0.600000
          1.000000 0.950000 0.600000
          0.800000 0.850000 0.900000
          0.350000 0.100000 0.0
          0.050000 0.950000 0.900000
          0.550000 0.150000 0.950000
          0.950000 0.600000 0.250000
          0.750000 0.050000 0.950000
          0.0 0.250000 0.300000
          0.450000 0.450000 0.500000
          0.250000 0.550000 0.050000
          1.000000 0.150000 0.850000
          1.000000 0.500000 0.100000
          0.600000 0.650000 0.700000
          0.600000 0.350000 0.200000
          0.700000 0.650000 0.950000
          0.150000 0.400000 0.650000
          0.300000 0.700000 0.850000
          0.600000 0.350000 0.950000
          0.400000 0.250000 0.800000
          0.900000 0.750000 0.950000
          0.0 0.700000 0.250000
          0.450000 0.050000 0.400000
          1.000000 0.700000 0.700000
          1.000000 0.600000 0.950000
          0.450000 0.700000 0.550000
          0.150000 0.800000 0.950000
          0.700000 0.550000 0.0
          0.750000 0.400000 0.150000
          0.050000 0.0 0.700000
          0.650000 0.750000 0.850000
          0.300000 0.0 0.150000
          0.800000 0.100000 0.650000
          0.650000 0.700000 0.050000
          0.900000 0.200000 0.150000
          0.800000 0.950000 0.050000
          0.500000 0.450000 0.450000
          0.700000 0.100000 0.900000
          0.800000 0.050000 0.250000
          0.400000 0.600000 0.400000
          0.550000 0.800000 0.450000
          0.900000 0.300000 0.850000
          0.350000 0.750000 0.250000
          0.950000 0.400000 0.400000
          0.750000 0.950000 0.800000
          0.300000 0.750000 0.850000
          0.500000 0.0 0.0
          0.200000 0.800000 0.600000
          0.750000 0.750000 0.500000
          0.0 0.700000 0.850000
          0.0 0.850000 0.550000
          0.900000 0.950000 0.250000
          0.750000 0.950000 0.750000
          0.400000 0.100000 0.900000
          1.000000 0.950000 0.500000
          0.150000 0.100000 0.400000
          0.300000 0.400000 0.550000
          0.800000 0.550000 0.900000
          0.300000 0.250000 0.250000
          0.800000 0.950000 0.850000
          0.850000 0.250000 0.600000
          0.700000 0.800000 0.700000
          1.000000 0.800000 0.350000
          0.750000 1.000000 0.950000
          0.400000 0.600000 0.550000
          0.200000 0.550000 0.800000
          0.150000 0.950000 0.550000
          0.600000 0.250000 0.500000
          0.550000 0.350000 0.350000
          0.500000 0.300000 0.750000
          0.600000 0.0 0.250000
          0.450000 0.550000 0.900000
          0.900000 0.600000 1.000000
          0.250000 0.600000 0.650000
          0.800000 0.600000 0.150000
          0.100000 0.650000 0.600000
          0.900000 0.150000 0.350000
          1.000000 0.050000 0.100000
          0.800000 0.900000 0.300000
          0.250000 0.050000 0.400000
          0.300000 0.700000 0.700000
          0.450000 0.150000 0.750000
          0.300000 0.650000 0.800000
          0.600000 0.300000 1.000000
          0.750000 0.800000 0.550000
          0.350000 0.150000 0.650000
          0.850000 0.550000 0.900000
          0.500000 0.150000 0.350000
          0.400000 0.250000 1.000000
          0.400000 0.400000 1.000000
          0.650000 0.050000 0.650000
          0.850000 0.250000 0.850000
          0.300000 0.150000 0.100000
          0.750000 0.500000 0.700000
          0.800000 0.850000 0.650000
          0.600000 0.700000 0.750000
          0.200000 0.800000 0.900000
          0.300000 0.450000 0.700000
          0.400000 0.300000 0.100000
          0.900000 0.0 0.400000
          0.650000 1.000000 0.100000
          0.250000 0.600000 0.450000
          1.000000 0.550000 0.400000
          0.100000 0.0 1.000000
          0.750000 0.050000 0.450000
          0.050000 0.150000 0.550000
          0.700000 0.450000 0.800000
          0.850000 0.150000 0.200000
          0.050000 0.400000 0.100000
          0.300000 0.800000 0.400000
          0.900000 0.800000 0.750000
          0.500000 0.950000 0.650000
          0.100000 0.750000 0.700000
          0.150000 0.250000 0.0
          0.950000 0.850000 0.250000
          0.900000 0.150000 0.600000
          0.050000 0.250000 0.100000
          0.550000 0.700000 0.150000
          0.100000 0.350000 0.300000
          0.700000 0.350000 0.500000
          0.950000 0.250000 0.450000
          0.150000 0.300000 0.800000
          0.0 0.850000 0.200000
          0.050000 0.650000 0.750000
          0.100000 0.350000 0.850000
          0.500000 0.300000 0.350000
          0.950000 0.0 0.150000
          0.900000 0.450000 0.100000
          0.150000 0.350000 0.450000
          0.250000 0.700000 0.950000
          0.900000 0.400000 0.950000
          0.300000 0.200000 0.0
          0.200000 0.400000 0.350000
          0.900000 0.400000 0.100000
          0.550000 0.200000 0.850000
          0.950000 0.350000 0.600000
          0.750000 0.650000 0.500000
          1.000000 0.100000 0.350000
          0.300000 0.050000 0.700000
          0.900000 1.000000 0.900000
          0.650000 0.0 0.600000
          0.800000 0.800000 0.650000
          0.0 0.050000 0.800000
          0.100000 0.600000 0.450000
          0.050000 0.500000 0.600000
          0.800000 0.300000 0.0
          0.0 0.200000 0.450000
          0.450000 0.450000 0.800000
          0.650000 0.750000 0.800000
          0.650000 0.900000 0.100000
          0.750000 0.900000 0.750000
          0.900000 0.600000 0.850000
          0.150000 0.450000 0.400000
          0.850000 0.200000 0.400000
          0.200000 0.650000 0.500000
          0.400000 0.450000 0.550000
          0.500000 0.100000 0.100000
          0.450000 0.300000 0.800000
          0.400000 0.600000 0.850000
          0.750000 0.700000 0.250000
          0.950000 0.150000 0.550000
          0.950000 1.000000 0.100000
          0.650000 0.150000 0.650000
          0.200000 0.450000 0.500000
          0.100000 0.200000 0.650000
          0.200000 0.600000 0.300000
          0.500000 0.400000 0.400000
          0.100000 0.250000 0.400000
          0.750000 0.600000 0.750000
          0.350000 0.950000 0.200000
          0.100000 0.900000 0.600000
          0.0 0.250000 0.950000
          0.550000 0.0 0.400000
          0.400000 0.500000 0.550000
          0.750000 0.450000 0.850000
          0.0 0.550000 0.350000
          0.050000 0.200000 0.050000
          0.650000 0.900000 1.000000
          0.950000 0.750000 0.650000
          0.100000 0.050000 0.700000
          0.650000 0.250000 0.450000
          0.300000 0.300000 0.500000
          0.550000 0.500000 0.600000
          0.100000 0.500000 0.450000
          0.700000 0.850000 0.400000
          0.650000 0.400000 0.900000
          0.100000 0.400000 0.350000
          0.100000 0.850000 0.100000
          0.200000 0.400000 0.750000
          0.550000 0.850000 0.400000
          0.800000 0.250000 0.200000
          0.500000 0.050000 0.600000
          0.100000 0.200000 0.800000
          0.350000 0.850000 0.950000
          0.350000 0.350000 0.450000
          0.500000 0.900000 0.750000
          0.600000 0.300000 0.850000
          0.950000 0.950000 0.550000
          0.200000 0.950000 0.150000
          0.750000 0.850000 0.200000
          0.450000 0.150000 0.050000
          0.0 0.850000 0.650000
          0.750000 0.300000 0.900000
          0.200000 0.050000 0.050000
          1.000000 0.800000 0.800000
          0.150000 0.250000 0.500000
          0.700000 0.800000 0.750000
          0.650000 0.350000 0.400000
          0.0 0.750000 0.200000
          0.250000 1.000000 0.150000
          0.850000 0.100000 0.250000
          0.900000 0.050000 0.200000
          0.500000 0.250000 0.400000
          0.200000 0.900000 0.550000
          0.800000 0.700000 0.550000
          0.500000 0.600000 0.650000
          0.900000 0.900000 0.850000
          0.650000 0.750000 0.050000
          0.100000 0.900000 0.350000
          0.200000 0.500000 0.500000
          0.900000 0.800000 0.600000
          0.550000 1.000000 0.900000
          0.800000 0.500000 0.800000
          0.900000 0.350000 0.250000
          0.750000 0.250000 0.0
          0.700000 0.600000 0.600000
          0.400000 0.200000 0.800000
          0.450000 0.300000 1.000000
          0.250000 0.300000 0.150000
          0.850000 0.900000 0.050000
          0.450000 0.300000 0.400000
          0.800000 0.700000 0.750000
          0.600000 0.750000 0.900000
          0.350000 0.700000 1.000000
          0.750000 0.200000 0.450000
          0.250000 0.450000 0.050000
          0.400000 0.100000 0.550000
          0.450000 0.050000 0.100000
          0.950000 0.600000 0.0
          0.850000 0.750000 0.100000
          0.400000 0.750000 0.850000
          0.200000 0.100000 0.350000
          0.100000 0.350000 0.150000
          0.100000 0.550000 0.100000
          0.350000 0.950000 0.600000
          0.550000 0.750000 0.850000
          0.950000 0.050000 0.850000
          1.000000 0.350000 0.700000
          0.700000 0.450000 0.100000
          0.500000 0.750000 0.650000
          0.050000 0.300000 0.400000
          0.400000 0.300000 1.000000
          0.0 0.500000 0.400000
          0.350000 0.600000 1.000000
          0.100000 0.950000 0.150000
          0.600000 0.100000 0.100000
          0.250000 0.500000 0.200000
          0.100000 0.100000 0.450000
          0.350000 0.050000 0.0
          0.0 0.700000 0.600000
          0.450000 0.600000 0.600000
          0.050000 0.100000 0.700000
          0.550000 0.600000 0.100000
          0.0 0.300000 0.650000
          0.450000 0.100000 0.700000
          0.700000 0.400000 0.850000
          0.550000 0.550000 1.000000
          0.800000 1.000000 0.050000
          0.0 0.200000 0.800000
          0.0 0.600000 0.700000
          0.750000 0.100000 0.550000
          0.600000 0.650000 0.100000
          0.950000 0.450000 0.600000
          0.400000 0.300000 0.750000
          0.700000 0.250000 1.000000
          0.0 0.0 0.0
          0.650000 0.850000 0.050000
          0.600000 1.000000 0.300000
          0.200000 0.950000 0.950000
          0.050000 0.550000 0.800000
          0.200000 0.450000 0.200000
          0.250000 0.550000 0.750000
          0.900000 0.700000 0.250000
          0.0 0.900000 0.0
          0.050000 0.200000 0.400000
          0.150000 0.850000 0.450000
          0.050000 0.600000 0.950000
          0.900000 0.600000 0.200000
          0.500000 1.000000 0.600000
          0.900000 0.050000 0.850000
          0.750000 0.200000 0.400000
          0.750000 0.700000 0.550000
          0.700000 0.100000 0.200000
          0.650000 0.0 0.100000
          0.850000 0.350000 0.050000
          0.250000 0.900000 0.350000
          1.000000 0.850000 0.450000
          0.250000 0.050000 0.500000
          0.700000 0.950000 0.900000
          0.750000 0.350000 0.600000
          0.550000 0.150000 0.0
          0.800000 0.650000 0.550000
          0.900000 0.200000 0.250000
          0.150000 0.300000 0.950000
          0.950000 0.750000 0.050000
          0.800000 0.350000 0.500000
          0.150000 0.900000 0.400000
          0.800000 0.100000 0.050000
          0.850000 0.400000 0.550000
          0.600000 0.750000 0.950000
          0.950000 0.350000 0.050000
          1.000000 0.050000 0.150000
          0.500000 0.700000 0.300000
          0.950000 0.050000 0.0
          1.000000 0.200000 0.200000
          0.350000 0.300000 0.0
          0.600000 0.500000 0.200000
          0.750000 0.250000 0.150000
          0.900000 0.050000 0.350000
          0.300000 0.650000 0.150000
          0.800000 0.600000 0.450000
          0.850000 0.350000 0.500000
          0.550000 0.100000 0.750000
          0.950000 0.300000 0.950000
          0.500000 0.150000 0.200000
          0.800000 0.0 0.250000
          0.550000 0.800000 0.950000
          0.400000 0.750000 1.000000
          0.550000 0.750000 0.250000
          0.450000 0.400000 0.350000
          0.200000 0.950000 0.750000
          1.000000 0.0 0.850000
          0.100000 0.500000 0.850000
          0.100000 0.600000 0.350000
          0.450000 0.300000 0.750000
          0.650000 0.800000 0.350000
          0.700000 0.500000 0.250000
          0.0 0.350000 0.500000
          0.650000 0.200000 0.200000
          0.750000 0.700000 0.600000
          0.150000 0.700000 0.400000
          0.0 0.0 0.100000
          0.600000 0.700000 0.250000
          0.550000 0.500000 0.350000
          0.550000 0.650000 0.350000
          0.700000 0.100000 0.700000
          0.600000 0.750000 0.600000
          0.100000 0.150000 0.300000
          0.050000 0.650000 0.700000
          0.950000 0.500000 0.100000
          0.900000 0.750000 0.500000
          1.000000 0.050000 0.850000
          0.850000 0.100000 0.950000
          0.800000 0.0 0.850000
          0.550000 0.050000 0.450000
          0.650000 0.150000 0.200000
          1.000000 0.0 0.450000
          0.350000 0.500000 0.450000
          0.950000 0.550000 0.250000
          0.700000 0.200000 0.350000
          0.050000 0.100000 0.400000
          0.850000 0.600000 0.450000
          0.400000 0.500000 0.750000
          0.550000 0.750000 0.050000
          0.450000 0.800000 0.600000
          0.150000 0.350000 0.300000
          0.900000 0.750000 0.150000
          0.100000 0.150000 0.800000
          0.150000 0.0 0.100000
          0.650000 0.250000 0.350000
          0.700000 0.950000 0.350000
          0.100000 0.750000 0.650000
          0.600000 0.300000 0.800000
          0.200000 0.250000 0.250000
          1.000000 0.350000 0.500000
          0.200000 0.550000 0.400000
          0.100000 0.450000 0.850000
          0.600000 0.800000 0.900000
          0.400000 0.800000 0.800000
          0.0 0.600000 0.200000
          0.950000 0.050000 0.550000
          0.600000 0.050000 0.800000
          0.600000 0.150000 0.0
          0.750000 0.550000 0.900000
          1.000000 0.450000 0.100000
          0.500000 0.800000 0.500000
          0.750000 0.650000 0.650000
          0.150000 0.650000 1.000000
          0.250000 0.350000 0.800000
          1.000000 0.850000 0.100000
          0.600000 1.000000 0.100000
          0.400000 1.000000 0.750000
          0.200000 0.350000 0.0
          0.350000 0.900000 0.550000
          0.700000 0.800000 0.350000
          0.600000 0.750000 0.150000
          0.300000 0.050000 1.000000
          0.150000 0.250000 0.100000
          0.900000 0.900000 0.600000
          0.850000 0.950000 0.300000
          0.750000 0.950000 0.100000
          0.700000 0.850000 0.450000
          0.800000 0.850000 0.750000
          0.450000 0.650000 0.150000
          0.850000 0.550000 0.0
          0.0 0.300000 0.550000
          0.300000 0.350000 0.850000
          0.700000 0.050000 0.0
          0.200000 0.800000 0.050000
          0.950000 0.200000 0.300000
          0.950000 0.750000 0.0
          0.300000 0.750000 0.800000
          0.850000 0.550000 1.000000
          0.0 0.150000 0.200000
          0.600000 0.200000 0.900000
          0.150000 0.950000 0.250000
          0.900000 0.150000 0.700000
          0.100000 0.550000 0.150000
          0.300000 0.100000 0.400000
          0.350000 0.300000 0.050000
          0.200000 0.700000 0.050000
          0.0 0.150000 0.150000
          0.650000 0.250000 0.200000
          0.300000 0.200000 0.450000
          0.550000 0.500000 0.650000
          0.700000 0.250000 0.650000
          0.300000 0.750000 0.900000
          0.350000 1.000000 0.850000
          0.400000 0.300000 0.900000
          0.400000 0.200000 0.700000
          0.850000 1.000000 0.350000
          0.750000 0.400000 0.100000
          0.650000 0.600000 0.200000
          0.850000 0.950000 0.650000
          0.950000 0.200000 1.000000
          0.250000 0.550000 0.450000
          0.050000 0.0 0.850000
          0.300000 0.150000 0.900000
          0.200000 0.0 0.200000
          0.250000 0.750000 0.500000
          0.600000 0.150000 0.850000
          0.050000 0.100000 0.950000
          0.850000 0.600000 0.250000
          0.500000 0.250000 0.650000
          0.950000 0.850000 0.600000
          0.600000 0.650000 0.650000
          0.150000 0.400000 0.700000
          0.0 0.850000 1.000000
          0.050000 1.000000 0.600000
          0.200000 0.250000 0.600000
          0.300000 0.500000 0.100000
          0.450000 0.450000 0.0
          0.050000 0.750000 0.750000
          0.500000 0.100000 0.400000
          0.800000 0.250000 0.950000
          0.800000 0.0 0.050000
          0.350000 0.650000 0.650000
          0.350000 0.500000 0.200000
          0.250000 0.400000 0.950000
          0.450000 0.950000 0.750000
          0.300000 0.700000 0.950000
          0.200000 0.400000 0.100000
          0.650000 0.250000 0.300000
          0.150000 0.350000 0.050000
          0.050000 0.050000 0.100000
          1.000000 0.150000 0.150000
          0.600000 0.950000 0.800000
          0.250000 0.050000 0.850000
          0.450000 0.600000 0.0
          0.600000 0.750000 0.100000
          0.350000 0.200000 0.600000
          0.750000 0.750000 0.950000
          0.950000 0.650000 0.600000
          0.0 0.450000 0.650000
          0.750000 0.150000 0.750000
          0.750000 0.050000 0.600000
          0.150000 0.500000 1.000000
          0.550000 0.800000 1.000000
          0.450000 0.900000 0.850000
          0.200000 0.050000 1.000000
          0.650000 0.800000 0.250000
          0.700000 0.750000 0.450000
          0.400000 0.250000 0.450000
          0.300000 0.250000 0.650000
          0.300000 0.150000 0.600000
          0.600000 0.900000 0.900000
          0.900000 0.250000 0.150000
          0.200000 0.100000 1.000000
          0.850000 0.050000 0.600000
          0.850000 0.800000 0.450000
          0.050000 0.450000 0.850000
          0.0 0.300000 0.450000
          0.350000 0.500000 0.0
          1.000000 0.400000 0.200000
          0.450000 0.500000 0.350000
          0.400000 0.500000 0.400000
          0.200000 0.200000 0.500000
          0.850000 0.400000 0.700000
          0.0 0.650000 0.400000
          0.250000 0.650000 0.850000
          0.200000 1.000000 0.450000
          0.350000 1.000000 0.600000
          0.350000 0.050000 1.000000
          0.650000 0.150000 0.450000
          0.800000 0.100000 0.750000
          0.600000 0.800000 0.400000
          0.850000 1.000000 0.200000
          0.850000 0.400000 0.450000
          0.400000 0.900000 1.000000
          0.900000 0.300000 0.350000
          0.900000 0.500000 0.0
          0.0 0.750000 0.400000
          0.100000 0.550000 0.700000
          0.500000 0.350000 0.350000
          0.250000 0.350000 0.050000
          0.650000 0.050000 1.000000
          0.450000 0.050000 0.900000
          1.000000 0.350000 0.150000
          0.0 0.950000 0.600000
          0.600000 0.450000 0.950000
          1.000000 0.450000 0.200000
          0.800000 0.200000 0.300000
          0.050000 0.200000 0.500000
          0.350000 0.800000 0.500000
          0.550000 0.700000 0.750000
          0.850000 0.650000 0.550000
          0.650000 0.750000 0.0
          0.0 0.550000 0.300000
          0.350000 0.800000 0.800000
          0.200000 0.250000 0.450000
          0.950000 0.450000 0.350000
          0.300000 0.0 0.200000
          1.000000 0.200000 0.450000
          0.650000 0.600000 0.300000
          0.950000 0.300000 0.100000
          0.550000 0.650000 0.400000
          0.200000 0.200000 0.050000
          0.650000 0.300000 0.200000
          0.200000 0.450000 0.550000
          0.800000 0.350000 0.400000
          0.0 0.0 0.300000
          0.800000 1.000000 0.0
          0.550000 0.600000 0.350000
          0.700000 0.250000 0.500000
          0.550000 0.350000 0.400000
          0.900000 0.350000 0.500000
          0.900000 0.350000 0.550000
          0.750000 1.000000 0.650000
          0.050000 0.950000 0.600000
          0.950000 1.000000 0.450000
          0.950000 0.900000 0.700000
          0.900000 0.550000 0.700000
          0.750000 0.500000 0.350000
          0.650000 0.250000 0.500000
          0.300000 0.850000 0.0
          0.500000 1.000000 0.050000
          0.250000 0.400000 0.350000
          0.300000 0.300000 0.050000
          0.400000 0.050000 0.800000
          0.750000 0.550000 0.800000
          0.0 0.200000 0.150000
          0.750000 0.750000 0.0
          0.050000 0.550000 0.300000
          0.250000 0.450000 0.950000
          0.300000 0.0 0.250000
          1.000000 0.950000 0.950000
          0.100000 0.850000 0.450000
          0.100000 0.650000 1.000000
          0.100000 0.650000 0.250000
          1.000000 1.000000 0.0
          0.850000 0.350000 0.600000
          0.950000 0.900000 0.550000
          1.000000 0.200000 0.900000
          0.050000 0.350000 0.550000
          0.200000 1.000000 0.600000
          0.0 0.700000 0.350000
          0.550000 0.500000 0.400000
          0.950000 0.450000 0.700000
          0.350000 0.250000 0.0
          0.0 0.450000 0.850000
          0.700000 0.800000 0.600000
          0.450000 0.450000 0.550000
          0.550000 0.250000 0.250000
          0.900000 0.150000 0.250000
          0.250000 0.200000 0.250000
          0.100000 0.500000 0.300000
          0.400000 0.750000 0.250000
          0.900000 0.050000 0.600000
          0.250000 0.100000 0.900000
          0.050000 0.200000 1.000000
          1.000000 1.000000 0.050000
          1.000000 0.500000 0.550000
          0.300000 0.250000 0.300000
          0.400000 1.000000 0.550000
          0.300000 0.200000 0.550000
          0.750000 0.450000 0.200000
          0.300000 0.500000 0.0
          0.450000 0.0 0.150000
          0.900000 0.0 0.0
          0.250000 0.350000 0.350000
          0.050000 0.250000 0.200000
          0.550000 0.650000 0.300000
          0.850000 0.100000 0.450000
          0.600000 0.450000 0.550000
          0.900000 0.250000 0.500000
          0.700000 0.150000 0.600000
          0.050000 0.700000 0.350000
          0.100000 0.400000 0.700000
          0.850000 0.400000 0.350000
          0.150000 0.0 0.750000
          0.300000 0.100000 0.150000
          1.000000 0.100000 0.600000
          0.650000 0.100000 0.900000
          0.600000 0.200000 0.400000
          0.600000 0.950000 0.500000
          0.050000 0.300000 0.900000
          0.350000 0.200000 0.100000
          0.350000 0.850000 0.200000
          0.850000 0.850000 0.600000
          0.700000 0.650000 1.000000
          0.600000 0.950000 0.0
          0.100000 0.850000 0.350000
          0.350000 0.400000 0.650000
          0.500000 0.400000 0.850000
          0.950000 0.500000 0.350000
          0.300000 0.200000 0.400000
          0.350000 0.950000 0.450000
          0.100000 0.550000 0.900000
          0.550000 0.700000 0.450000
          0.050000 0.100000 0.600000
          0.350000 0.450000 0.150000
          0.550000 0.350000 0.750000
          0.950000 0.550000 0.950000
          0.550000 0.850000 0.950000
          0.500000 0.350000 1.000000
          0.200000 0.550000 0.900000
          0.350000 0.250000 0.050000
          1.000000 0.050000 0.650000
          1.000000 0.800000 0.750000
          1.000000 0.150000 0.550000
          0.0 0.900000 0.650000
          0.650000 0.550000 0.500000
          0.450000 0.300000 0.150000
          0.450000 0.950000 0.950000
          0.400000 0.200000 0.850000
          0.300000 0.450000 0.800000
          0.150000 0.150000 0.700000
          0.300000 0.900000 0.900000
          0.550000 0.400000 0.650000
          0.250000 0.500000 0.450000
          0.200000 0.900000 0.600000
          0.950000 0.650000 0.0
          0.700000 0.300000 0.650000
          0.900000 0.250000 0.950000
          0.900000 0.850000 0.350000
          0.200000 0.300000 0.950000
          0.100000 0.350000 0.700000
          0.700000 0.850000 0.050000
          0.500000 0.450000 0.350000
          0.250000 0.350000 0.650000
          0.950000 0.550000 0.900000
          1.000000 0.850000 0.350000
          0.750000 0.100000 0.250000
          0.250000 0.900000 0.600000
          0.800000 1.000000 0.800000
          1.000000 0.450000 0.650000
          1.000000 0.700000 0.550000
          0.050000 0.250000 0.700000
          0.450000 0.0 0.500000
          0.650000 0.750000 1.000000
          0.150000 0.350000 1.000000
          0.700000 0.100000 0.150000
          0.800000 0.650000 0.200000
          0.100000 0.250000 0.0
          0.250000 0.950000 0.400000
          0.400000 0.250000 0.350000
          0.350000 0.150000 0.150000
          0.200000 0.550000 0.150000
          0.050000 0.250000 0.750000
          0.900000 0.750000 1.000000
          0.450000 0.500000 0.100000
          0.800000 0.350000 0.900000
          0.550000 0.450000 0.700000
          0.500000 0.150000 0.550000
          0.150000 0.250000 0.900000
          1.000000 0.750000 0.750000
          1.000000 0.550000 0.200000
          0.850000 0.150000 0.400000
          0.150000 0.0 0.350000
          0.900000 0.0 0.600000
          0.400000 0.800000 0.850000
          0.650000 0.550000 0.150000
          0.300000 0.800000 0.250000
          0.550000 0.650000 0.0
          0.900000 0.750000 0.800000
          0.750000 0.100000 0.350000
          0.750000 0.300000 0.700000
          0.950000 0.950000 0.750000
          0.800000 0.850000 0.450000
          0.0 0.500000 0.0
          0.700000 0.650000 0.300000
          0.200000 0.850000 0.0
          0.200000 0.0 1.000000
          0.150000 1.000000 0.100000
          0.100000 0.300000 0.700000
          0.350000 0.200000 0.750000
          0.550000 0.050000 0.100000
          0.200000 0.400000 0.400000
          0.850000 0.600000 0.600000
          0.800000 0.150000 0.200000
          0.0 0.200000 0.250000
          0.050000 0.900000 0.850000
          0.450000 0.900000 0.150000
          0.450000 0.200000 0.900000
          0.300000 0.550000 0.650000
          0.550000 0.100000 1.000000
          0.850000 0.350000 1.000000
          0.800000 1.000000 0.550000
          0.950000 0.150000 0.900000
          0.400000 0.0 0.400000
          0.950000 0.350000 0.350000
          0.250000 0.050000 0.300000
          0.750000 0.400000 0.950000
          0.050000 0.150000 0.850000
          0.900000 0.500000 0.300000
          0.500000 0.0 0.050000
          0.400000 1.000000 0.700000
          0.950000 0.750000 0.800000
          0.900000 0.650000 0.750000
          0.750000 0.350000 0.150000
          0.750000 0.200000 1.000000
          0.950000 0.150000 0.750000
          0.850000 0.150000 0.0
          1.000000 0.500000 0.150000
          0.600000 0.550000 0.750000
          0.800000 0.900000 0.0
          0.300000 0.450000 0.0
          0.550000 0.350000 0.700000
          0.850000 1.000000 0.800000
          0.250000 0.300000 0.300000
          0.750000 0.450000 0.900000
          0.600000 0.450000 0.650000
          0.850000 0.600000 0.200000
          0.150000 0.550000 0.300000
          0.250000 0.0 0.550000
          0.850000 0.0 0.800000
          0.900000 0.850000 0.0
          0.500000 0.200000 0.950000
          0.200000 0.150000 1.000000
          0.250000 0.150000 0.300000
          0.950000 0.700000 0.650000
          0.050000 0.400000 0.200000
          0.300000 0.450000 0.850000
          0.700000 0.300000 0.200000
          0.800000 0.500000 0.450000
          0.500000 0.900000 0.100000
          0.600000 0.150000 0.100000
          0.900000 0.650000 0.650000
          0.700000 0.250000 0.150000
          0.500000 0.200000 0.900000
          0.400000 0.750000 0.750000
          0.550000 0.850000 0.850000
          0.0 0.200000 0.0
          0.450000 0.950000 0.400000
          0.850000 1.000000 0.600000
          0.700000 0.0 0.200000
          0.650000 0.200000 0.500000
          0.300000 0.950000 0.350000
          0.500000 0.550000 0.350000
          0.550000 0.100000 0.100000
          0.900000 0.650000 0.300000
          0.200000 0.700000 0.400000
          0.400000 0.700000 0.750000
          0.450000 0.950000 0.100000
          1.000000 0.700000 0.750000
          0.650000 0.150000 0.950000
          0.150000 0.550000 0.600000
          0.350000 0.100000 0.950000
          1.000000 0.200000 0.600000
          0.850000 0.500000 0.050000
          0.500000 0.900000 0.550000
          0.700000 0.500000 0.600000
          0.400000 0.500000 0.650000
          0.700000 0.100000 0.550000
          0.0 0.300000 0.200000
          0.750000 0.350000 0.850000
          0.850000 0.950000 0.200000
          0.250000 0.100000 0.050000
          0.400000 0.650000 1.000000
          0.900000 0.750000 0.850000
          0.050000 0.100000 0.250000
          0.150000 0.950000 0.400000
          0.450000 0.300000 0.850000
          0.050000 0.650000 1.000000
          0.450000 1.000000 0.800000
          0.050000 0.050000 0.0
          0.250000 0.400000 0.150000
          0.650000 0.100000 0.550000
          0.700000 0.950000 0.750000
          0.950000 0.500000 0.250000
          0.300000 0.300000 0.350000
          0.100000 0.100000 0.600000
          0.650000 0.550000 0.900000
          0.700000 0.400000 0.950000
          0.200000 0.600000 0.600000
          0.100000 0.600000 0.900000
          0.300000 0.600000 0.150000
          0.050000 1.000000 0.550000
          0.500000 0.750000 0.950000
          0.900000 0.800000 0.700000
          0.400000 0.850000 0.200000
          0.400000 0.900000 0.150000
          0.300000 0.400000 0.0
          0.100000 0.800000 0.600000
          0.400000 0.300000 0.950000
          0.850000 0.300000 0.850000
          0.500000 0.050000 0.300000
          0.900000 0.400000 0.300000
          0.800000 0.150000 0.550000
          1.000000 0.250000 0.850000
          0.300000 0.800000 0.0
          0.500000 0.150000 0.250000
          0.400000 0.450000 0.150000
          0.650000 0.500000 0.150000
          0.750000 0.900000 1.000000
          0.600000 1.000000 0.150000
          0.0 0.250000 0.900000
          0.750000 0.050000 0.200000
          0.500000 0.450000 0.400000
          0.600000 0.100000 0.750000
          0.300000 0.250000 0.800000
          0.950000 0.100000 0.750000
          0.050000 0.050000 0.800000
          0.350000 0.650000 0.450000
          0.600000 0.400000 0.850000
          0.050000 0.800000 0.600000
          0.150000 0.600000 0.450000
          0.950000 0.650000 0.300000
          0.400000 0.650000 0.350000
          0.700000 0.700000 0.600000
          0.550000 0.550000 0.850000
          0.650000 0.900000 0.400000
          0.200000 0.300000 0.300000
          0.300000 0.900000 0.750000
          0.950000 0.650000 0.550000
          0.150000 0.600000 0.850000
          0.600000 0.100000 0.500000
          0.750000 0.550000 0.050000
          0.850000 0.150000 0.050000
          0.100000 0.700000 0.400000
          0.150000 0.850000 0.500000
          0.050000 0.850000 0.450000
          0.100000 0.150000 0.900000
          0.300000 0.600000 0.550000
          0.900000 0.950000 0.700000
          0.400000 0.400000 0.800000
          0.600000 0.250000 0.700000
          0.100000 0.550000 0.800000
          0.950000 0.350000 1.000000
          0.550000 0.050000 1.000000
          1.000000 0.650000 0.400000
          0.750000 0.350000 0.450000
          0.700000 0.300000 0.550000
          0.0 0.500000 0.850000
          0.950000 0.250000 0.950000
          0.850000 0.0 0.150000
          0.750000 0.250000 0.050000
          1.000000 0.850000 0.250000
          0.950000 0.250000 0.500000
          0.100000 0.600000 0.700000
          0.600000 0.550000 0.450000
          0.400000 0.050000 1.000000
          0.400000 0.350000 0.400000
          0.450000 0.100000 0.100000
          0.300000 1.000000 0.900000
          0.200000 0.100000 0.900000
          0.450000 0.200000 0.650000
          0.100000 0.700000 0.250000
          0.300000 0.650000 0.400000
          0.850000 0.500000 0.700000
          0.600000 0.850000 0.0
          0.050000 0.950000 1.000000
          0.750000 0.350000 0.250000
          0.450000 0.900000 0.350000
          0.500000 0.050000 0.400000
          1.000000 0.250000 0.0
          1.000000 0.800000 0.650000
          0.850000 0.750000 0.350000
          0.150000 0.650000 0.0
          0.950000 0.100000 0.100000
          0.550000 0.650000 0.550000
          0.450000 0.950000 0.450000
          0.400000 0.950000 0.850000
          0.450000 0.350000 0.650000
          0.550000 0.950000 0.600000
          0.750000 0.950000 0.0
          0.250000 0.700000 0.300000
          0.750000 0.450000 0.800000
          0.250000 1.000000 0.750000
          0.900000 0.0 0.250000
          0.650000 1.000000 0.550000
          0.650000 0.950000 0.800000
          0.550000 0.750000 0.700000
          0.700000 0.450000 0.550000
          0.300000 1.000000 0.700000
          1.000000 0.100000 0.200000
          0.300000 0.400000 0.300000
          0.200000 0.150000 0.550000
          0.850000 0.700000 0.750000
          0.450000 0.300000 0.450000
          0.500000 0.650000 0.500000
          0.500000 0.650000 0.200000
          0.450000 0.250000 0.650000
          0.0 0.250000 0.500000
          0.900000 0.0 0.150000
          0.850000 0.100000 0.700000
          0.200000 0.350000 0.800000
          0.600000 0.200000 0.550000
          0.550000 0.650000 0.050000
          0.350000 0.550000 0.100000
          0.0 0.200000 0.700000
          1.000000 0.800000 0.150000
          0.050000 0.0 0.200000
          0.600000 0.0 0.200000
          0.400000 0.100000 0.700000
          0.050000 0.500000 0.700000
          0.900000 0.300000 0.800000
          0.450000 0.150000 0.700000
          1.000000 0.350000 0.800000
          0.350000 0.850000 0.100000
          0.350000 0.350000 0.0
          0.650000 0.850000 0.400000
          0.850000 0.600000 0.500000
          0.150000 0.300000 0.500000
          0.850000 0.300000 0.750000
          0.450000 0.700000 0.300000
          0.500000 0.400000 0.450000
          0.050000 0.600000 0.150000
          0.100000 0.800000 0.800000
          0.200000 1.000000 1.000000
          0.150000 0.100000 0.600000
          0.700000 0.050000 0.250000
          0.850000 0.0 0.900000
          0.850000 0.800000 0.900000
          0.400000 0.450000 0.050000
          0.750000 0.400000 0.050000
          0.350000 0.650000 0.400000
          0.950000 0.700000 0.0
          0.200000 0.400000 0.300000
          0.750000 0.750000 0.050000
          0.750000 0.600000 0.900000
          0.550000 0.750000 0.950000
          0.150000 0.900000 0.450000
          0.700000 1.000000 0.100000
          0.450000 0.150000 0.900000
          0.400000 0.100000 0.050000
          0.350000 0.050000 0.800000
          0.650000 0.850000 0.600000
          0.500000 0.350000 0.950000
          0.850000 0.050000 1.000000
          0.900000 0.0 0.450000
          0.250000 0.150000 0.650000
          0.100000 0.650000 0.450000
          0.050000 1.000000 0.100000
          0.950000 0.550000 0.750000
          0.800000 0.150000 0.600000
          0.750000 0.0 0.350000
          0.600000 0.800000 0.150000
          0.450000 0.350000 0.200000
          0.850000 0.800000 0.950000
          0.100000 0.200000 0.750000
          0.750000 0.600000 0.050000
          0.600000 0.750000 0.250000
          0.500000 0.600000 0.500000
          0.100000 0.800000 0.850000
          0.200000 0.500000 0.350000
          0.050000 0.750000 0.700000
          0.0 0.950000 1.000000
          0.0 0.800000 0.850000
          0.850000 0.550000 0.550000
          0.150000 0.950000 0.300000
          0.500000 0.050000 0.800000
          0.400000 0.850000 0.150000
          0.0 0.400000 0.350000
          0.700000 0.200000 0.850000
          0.400000 0.900000 0.750000
          0.800000 0.650000 0.250000
          0.300000 0.850000 0.900000
          0.700000 0.800000 0.400000
          0.650000 0.350000 0.850000
          0.850000 0.550000 0.750000
          0.250000 1.000000 0.450000
          0.500000 0.300000 0.100000
          0.650000 0.450000 0.150000
          0.650000 0.0 0.400000
          0.450000 0.850000 0.450000
          0.250000 0.700000 0.0
          0.550000 0.0 0.950000
          0.150000 0.950000 0.050000
          0.750000 0.250000 0.550000
          0.600000 0.900000 0.600000
          0.900000 0.750000 0.750000
          0.450000 0.450000 0.300000
          0.100000 0.500000 0.950000
          0.400000 0.550000 0.600000
          0.950000 0.550000 0.550000
          0.850000 0.500000 0.750000
          0.0 0.850000 0.050000
          0.850000 0.850000 0.050000
          0.650000 0.450000 0.800000
          0.600000 0.0 0.950000
          0.100000 0.800000 0.750000
          0.0 0.450000 0.050000
          0.950000 0.400000 1.000000
          0.300000 0.200000 0.050000
          0.250000 0.450000 0.200000
          0.850000 0.950000 0.700000
          0.300000 1.000000 0.050000
          0.400000 0.550000 0.050000
          0.750000 0.800000 0.850000
          0.950000 0.800000 0.100000
          0.450000 0.950000 0.0
          0.950000 0.050000 0.500000
          0.250000 0.650000 0.550000
          0.800000 0.450000 0.500000
          0.0 0.550000 0.050000
          0.400000 0.650000 0.800000
          0.500000 0.800000 0.0
          0.300000 0.450000 0.950000
          0.800000 0.300000 0.450000
          0.900000 1.000000 0.950000
          0.250000 0.400000 0.050000
          1.000000 0.250000 0.250000
          0.300000 0.250000 0.350000
          1.000000 0.450000 0.050000
          0.650000 0.650000 0.500000
          1.000000 0.700000 0.600000
          1.000000 1.000000 0.450000
          0.050000 0.550000 0.0
          0.600000 0.350000 0.250000
          0.300000 0.550000 0.850000
          0.750000 0.450000 0.700000
          0.550000 0.550000 0.900000
          0.300000 0.600000 0.500000
          0.450000 0.950000 1.000000
          0.800000 0.600000 0.350000
          0.800000 1.000000 0.900000
          0.150000 0.200000 0.750000
          0.100000 0.600000 0.0
          0.400000 0.750000 0.450000
          0.250000 0.950000 0.350000
          0.400000 0.650000 0.650000
          0.300000 0.800000 0.350000
          0.700000 0.200000 0.0
          0.200000 0.050000 0.750000
          0.250000 0.100000 0.300000
          0.450000 0.950000 0.250000
          0.100000 0.850000 0.950000
          0.250000 0.450000 1.000000
          0.800000 0.550000 0.300000
          0.400000 0.250000 0.950000
          0.450000 0.850000 0.900000
          0.050000 0.950000 0.200000
          0.050000 0.850000 0.850000
          0.300000 0.350000 0.600000
          0.050000 0.100000 0.450000
          0.500000 0.400000 0.050000
          0.850000 0.950000 0.350000
          0.400000 0.0 0.0
          0.750000 0.550000 0.550000
          0.300000 0.150000 0.750000
          0.650000 0.650000 1.000000
          0.700000 0.350000 0.700000
          0.950000 1.000000 0.900000
          0.950000 0.100000 0.250000
          0.800000 0.550000 0.400000
          0.350000 0.250000 0.550000
          0.800000 0.450000 0.150000
          0.900000 0.500000 0.500000
          0.250000 0.050000 0.450000
          0.550000 0.100000 0.350000
          0.300000 0.300000 0.150000
          0.150000 0.250000 0.200000
          0.750000 0.550000 0.450000
          0.150000 0.150000 0.600000
          0.650000 0.0 0.500000
          0.450000 0.850000 0.300000
          0.300000 0.400000 0.950000
          0.150000 1.000000 0.750000
          1.000000 0.400000 0.150000
          0.050000 0.800000 0.400000
          0.800000 1.000000 0.700000
          0.850000 0.950000 0.450000
          0.900000 0.150000 0.800000
          0.100000 0.200000 0.500000
          0.100000 0.250000 0.150000
          0.700000 0.300000 0.900000
          0.900000 0.600000 0.900000
          0.400000 0.400000 0.900000
          0.550000 0.800000 0.550000
          0.750000 0.100000 0.450000
          0.050000 0.700000 0.600000
          0.500000 0.800000 0.200000
          0.750000 0.050000 0.0
          0.300000 0.100000 0.800000
          0.800000 0.700000 0.800000
          0.550000 0.900000 0.0
          0.750000 0.500000 0.250000
          0.500000 1.000000 0.250000
          0.850000 0.400000 0.850000
          0.050000 0.100000 0.050000
          0.850000 0.400000 0.150000
          0.900000 0.300000 0.600000
          0.750000 0.300000 0.750000
          0.900000 0.450000 0.750000
          0.900000 0.250000 0.450000
          0.600000 0.550000 0.550000
          0.800000 0.0 0.800000
          0.050000 0.400000 0.150000
          0.550000 0.350000 0.500000
          0.900000 0.100000 0.700000
          0.200000 0.450000 0.850000
          0.650000 0.800000 0.200000
          0.650000 0.800000 0.0
          0.100000 0.400000 0.500000
          0.900000 0.900000 0.650000
          0.100000 0.750000 0.750000
          0.700000 1.000000 0.850000
          0.600000 0.900000 0.750000
          0.100000 0.300000 0.250000
          0.150000 0.100000 1.000000
          0.950000 0.400000 0.750000
          0.0 1.000000 0.250000
          0.350000 0.600000 0.100000
          0.800000 0.0 0.700000
          1.000000 0.500000 0.800000
          0.800000 0.100000 0.200000
          0.250000 0.450000 0.850000
          0.300000 0.600000 0.300000
          0.300000 0.900000 0.550000
          0.250000 0.750000 0.600000
          0.500000 0.650000 0.350000
          0.700000 0.150000 0.450000
          0.650000 0.600000 0.450000
          0.950000 0.500000 0.0
          0.100000 0.900000 0.650000
          0.450000 0.400000 0.050000
          0.600000 0.150000 0.350000
          0.450000 0.300000 0.950000
          0.950000 0.350000 0.700000
          0.400000 0.850000 0.900000
          0.500000 0.800000 0.350000
          0.450000 0.700000 0.050000
          0.650000 0.600000 0.650000
          0.800000 1.000000 0.500000
          0.800000 0.700000 0.950000
          0.600000 0.800000 0.700000
          0.200000 0.500000 0.750000
          0.500000 0.250000 0.200000
          0.750000 0.150000 0.050000
          0.800000 0.700000 0.150000
          0.950000 0.550000 0.850000
          0.350000 0.050000 0.100000
          1.000000 0.0 0.300000
          0.850000 0.550000 0.400000
          0.550000 0.900000 0.900000
          0.700000 0.100000 0.050000
          0.500000 0.200000 0.700000
          0.350000 0.550000 0.800000
          0.300000 0.950000 0.600000
          0.950000 0.050000 0.300000
          0.500000 0.650000 1.000000
          0.200000 0.050000 0.900000
          0.150000 0.500000 0.750000
          0.400000 0.750000 0.150000
          0.050000 0.350000 0.200000
          0.550000 0.100000 0.500000
          0.750000 0.200000 0.100000
          0.850000 0.150000 0.150000
          0.500000 0.850000 0.950000
          0.150000 0.900000 0.650000
          0.050000 0.950000 0.100000
          0.550000 0.950000 0.150000
          0.650000 0.400000 0.300000
          0.150000 0.150000 0.850000
          0.650000 0.100000 0.500000
          0.450000 0.550000 0.950000
          0.450000 0.350000 1.000000
          1.000000 0.500000 0.700000
          0.750000 0.450000 0.600000
          0.150000 0.600000 0.200000
          0.300000 0.600000 0.050000
          0.700000 0.600000 0.800000
          0.150000 0.700000 0.900000
          0.450000 0.050000 0.500000
          0.900000 0.600000 0.050000
          0.700000 0.200000 0.450000
          0.050000 0.600000 0.800000
          0.600000 0.550000 0.850000
          0.850000 0.750000 0.250000
          1.000000 0.200000 0.750000
          0.550000 0.700000 0.900000
          0.900000 0.450000 0.850000
          0.300000 0.650000 0.200000
          0.150000 0.350000 0.350000
          0.750000 0.550000 0.750000
          0.500000 0.700000 0.950000
          0.500000 0.600000 0.900000
          0.800000 0.350000 0.050000
          0.250000 0.200000 0.300000
          0.250000 0.400000 0.300000
          0.900000 0.150000 1.000000
          0.350000 0.0 0.600000
          1.000000 0.850000 0.650000
          1.000000 0.350000 0.0
          0.500000 0.850000 0.200000
          0.500000 0.050000 0.850000
          0.150000 0.0 0.950000
          0.500000 0.800000 0.700000
          0.850000 0.150000 1.000000
          0.550000 0.300000 0.950000
          0.050000 1.000000 0.200000
          0.700000 1.000000 0.600000
          0.600000 0.800000 0.750000
          0.750000 0.650000 0.800000
          0.150000 0.600000 0.650000
          0.350000 0.100000 0.700000
          0.050000 0.250000 0.400000
          0.300000 0.0 0.300000
          0.800000 0.700000 0.050000
          0.250000 0.750000 0.100000
          0.050000 0.550000 0.450000
          0.950000 0.150000 0.250000
          0.200000 0.900000 1.000000
          0.0 0.550000 0.550000
          0.250000 0.050000 0.100000
          0.400000 0.0 0.150000
          1.000000 0.750000 0.850000
          0.500000 0.800000 0.100000
          0.100000 0.550000 0.750000
          0.800000 0.550000 0.850000
          0.650000 0.800000 0.150000
          0.450000 0.600000 0.850000
          0.800000 0.300000 0.200000
          0.950000 0.150000 0.350000
          0.750000 0.900000 0.700000
          0.650000 0.600000 0.850000
          0.750000 0.100000 0.0
          0.450000 0.100000 0.0
          0.350000 0.900000 0.850000
          0.800000 0.200000 0.800000
          0.650000 0.850000 0.950000
          0.250000 0.150000 0.100000
          0.400000 0.700000 0.200000
          0.050000 0.800000 0.150000
          0.450000 0.500000 0.450000
          0.450000 0.600000 0.750000
          0.200000 0.600000 0.050000
          0.600000 0.750000 0.400000
          0.0 0.450000 0.750000
          0.750000 0.850000 0.800000
          0.950000 0.0 0.450000
          0.800000 0.150000 0.700000
          0.150000 0.950000 0.500000
          0.0 0.150000 0.750000
          0.100000 0.750000 0.200000
          0.250000 0.800000 0.0
          0.600000 0.050000 0.100000
          0.700000 0.900000 0.250000
          0.350000 0.650000 0.950000
          0.250000 0.600000 0.550000
          0.250000 0.500000 0.350000
          0.200000 0.900000 0.050000
          0.600000 0.950000 0.250000
          0.750000 0.100000 0.650000
          0.050000 0.300000 0.200000
          0.700000 0.200000 0.050000
          0.050000 0.0 0.300000
          0.750000 0.600000 0.300000
          0.250000 0.400000 0.200000
          0.100000 0.0 0.0
          0.700000 0.500000 0.550000
          0.350000 0.450000 0.950000
          0.0 0.150000 0.050000
          0.950000 0.350000 0.550000
          0.250000 0.950000 0.600000
          0.450000 0.750000 0.750000
          0.150000 0.400000 0.800000
          0.650000 0.050000 0.200000
          0.850000 0.800000 0.550000
          0.250000 0.650000 0.350000
          0.500000 0.400000 0.350000
          0.600000 0.800000 0.650000
          0.0 0.800000 0.050000
          0.600000 0.800000 0.800000
          0.400000 0.850000 0.650000
          0.550000 0.200000 0.100000
          0.250000 0.250000 0.950000
          0.550000 0.900000 0.800000
          0.850000 0.0 0.200000
          0.300000 0.100000 0.750000
          0.800000 0.450000 0.900000
          0.800000 0.750000 1.000000
          0.050000 0.750000 0.650000
          0.500000 0.050000 0.350000
          0.950000 0.250000 0.850000
          0.700000 0.550000 0.700000
          0.250000 0.200000 0.700000
          0.0 0.700000 0.550000
          0.200000 0.300000 0.350000
          1.000000 0.900000 0.550000
          0.950000 0.150000 0.050000
          0.200000 0.350000 0.550000
          0.850000 0.200000 0.650000
          0.450000 1.000000 0.750000
          0.100000 1.000000 0.050000
          0.750000 0.450000 0.500000
          0.150000 0.200000 0.950000
          0.600000 0.400000 0.700000
          0.350000 0.750000 0.100000
          0.0 0.700000 0.100000
          0.100000 0.350000 0.600000
          0.600000 0.250000 0.450000
          0.0 0.300000 0.800000
          0.900000 0.550000 0.350000
          0.850000 0.400000 0.650000
          0.800000 0.850000 0.800000
          0.100000 0.700000 0.550000
          0.450000 0.050000 0.0
          0.0 0.0 0.850000
          0.600000 0.850000 0.500000
          0.250000 0.500000 0.850000
          1.000000 0.0 0.200000
          0.0 0.400000 0.550000
          0.550000 0.050000 0.600000
          0.500000 1.000000 0.200000
          0.350000 0.300000 0.550000
          0.350000 1.000000 0.450000
          0.0 0.050000 0.350000
          0.800000 0.600000 0.250000
          0.450000 1.000000 0.400000
          0.100000 0.950000 0.500000
          0.750000 0.250000 0.200000
          0.750000 0.600000 0.400000
          0.900000 0.350000 0.950000
          0.900000 0.250000 0.200000
          0.0 0.050000 1.000000
          0.100000 0.600000 0.600000
          0.650000 0.100000 0.100000
          0.650000 0.900000 0.750000
          0.300000 0.950000 0.0
          0.550000 0.750000 0.400000
          0.850000 0.950000 0.500000
          0.350000 0.550000 0.900000
          0.650000 0.800000 0.100000
          0.700000 0.700000 0.250000
          0.200000 0.0 0.600000
          0.150000 0.700000 0.150000
          0.700000 1.000000 0.650000
          0.750000 1.000000 0.600000
          0.250000 0.550000 0.800000
          0.0 1.000000 0.550000
          0.800000 0.950000 0.950000
          0.900000 0.900000 0.200000
          0.850000 0.450000 0.450000
          0.750000 0.700000 0.800000
          0.450000 0.400000 0.750000
          0.600000 0.250000 0.200000
          0.100000 0.800000 0.450000
          0.750000 0.650000 0.050000
          0.300000 0.650000 0.350000
          0.900000 0.800000 0.400000
          0.950000 0.500000 0.600000
          0.0 0.800000 0.700000
          0.850000 0.400000 0.200000
          0.800000 0.500000 0.750000
          0.950000 0.800000 0.550000
          0.550000 0.800000 0.400000
          0.850000 0.600000 0.300000
          0.700000 0.150000 0.550000
          0.450000 0.950000 0.850000
          0.050000 0.600000 1.000000
          0.650000 0.700000 0.850000
          0.400000 0.300000 0.200000
          0.350000 0.900000 0.750000
          0.250000 0.300000 0.750000
          0.150000 0.700000 0.950000
          0.100000 0.550000 0.550000
          0.800000 0.500000 0.150000
          0.350000 0.800000 0.650000
          1.000000 0.650000 0.450000
          0.300000 0.750000 0.750000
          0.500000 0.900000 0.850000
          0.750000 0.800000 0.150000
          0.550000 0.150000 0.650000
          0.150000 0.750000 0.950000
          0.100000 0.350000 0.100000
          0.750000 0.650000 0.150000
          0.100000 0.900000 0.150000
          0.0 0.450000 0.0
          0.0 0.500000 0.450000
          0.600000 1.000000 0.350000
          0.600000 0.050000 0.400000
          0.800000 0.600000 0.400000
          0.800000 0.900000 0.400000
          0.150000 0.400000 0.450000
          0.250000 0.950000 0.300000
          0.300000 0.750000 0.950000
          0.700000 0.400000 0.300000
          0.200000 0.950000 0.900000
          0.400000 0.050000 0.650000
          0.700000 0.850000 0.900000
          0.750000 0.800000 0.600000
          0.0 0.200000 0.600000
          0.450000 0.800000 0.100000
          0.500000 0.250000 0.250000
          0.0 0.350000 0.300000
          0.700000 0.750000 0.350000
          0.800000 0.350000 0.550000
          0.200000 0.150000 0.750000
          1.000000 0.650000 0.750000
          0.950000 0.850000 0.750000
          0.250000 0.800000 0.900000
          0.650000 0.050000 0.0
          0.250000 0.750000 0.900000
          0.600000 0.150000 0.300000
          0.700000 1.000000 0.750000
          0.600000 0.050000 0.850000
          0.350000 0.850000 0.450000
          0.200000 0.0 0.400000
          0.600000 0.350000 0.100000
          0.750000 0.450000 0.650000
          0.200000 0.900000 0.800000
          0.950000 0.700000 0.100000
          0.500000 0.300000 0.550000
          0.050000 0.500000 0.150000
          0.200000 0.150000 0.300000
          0.050000 0.850000 0.100000
          0.700000 0.250000 0.850000
          0.450000 0.050000 0.300000
          0.850000 0.350000 0.400000
          0.650000 0.600000 0.750000
          0.600000 0.950000 0.400000
          0.350000 0.100000 0.500000
          0.0 1.000000 0.700000
          0.300000 0.500000 0.450000
          0.350000 0.200000 0.300000
          1.000000 0.850000 0.950000
          0.350000 0.950000 0.700000
          0.100000 0.050000 0.0
          0.350000 0.350000 0.550000
          0.700000 0.550000 0.900000
          0.200000 0.650000 0.950000
          0.700000 0.300000 0.100000
          0.0 0.650000 0.350000
          0.350000 0.850000 0.650000
          0.550000 0.400000 0.150000
          0.450000 0.450000 0.950000
          1.000000 0.550000 0.0
          0.350000 0.250000 0.150000
          0.500000 0.150000 0.300000
          0.850000 1.000000 1.000000
          0.0 0.350000 0.100000
          0.900000 0.0 0.350000
          0.950000 0.100000 0.450000
          0.650000 0.850000 0.250000
          0.850000 0.600000 0.800000
          0.150000 0.250000 0.400000
          0.050000 0.850000 0.550000
          1.000000 0.100000 0.850000
          1.000000 0.100000 0.950000
          1.000000 0.900000 0.700000
          0.850000 0.900000 0.850000
          0.850000 0.450000 0.700000
          0.700000 0.900000 0.150000
          0.750000 0.300000 0.200000
          0.400000 1.000000 0.350000
          0.300000 0.450000 0.400000
          0.900000 0.550000 0.0
          0.400000 0.850000 0.600000
          0.300000 0.150000 0.650000
          0.450000 0.450000 0.150000
          0.800000 0.100000 0.850000
          0.700000 0.750000 1.000000
          0.950000 0.800000 0.850000
          0.350000 0.850000 1.000000
          0.550000 0.650000 0.950000
          0.550000 0.0 0.0
          1.000000 1.000000 0.250000
          0.400000 0.400000 0.0
          0.400000 0.200000 0.750000
          0.250000 0.350000 0.400000
          0.350000 0.700000 0.700000
          0.350000 0.900000 0.800000
          0.850000 0.750000 1.000000
          0.050000 0.250000 1.000000
          0.700000 1.000000 0.300000
          0.900000 0.750000 0.650000
          0.650000 0.250000 0.800000
          0.450000 0.550000 0.850000
          0.200000 0.250000 0.950000
          0.100000 0.550000 0.650000
          1.000000 0.650000 0.950000
          0.0 0.150000 1.000000
          0.100000 0.850000 0.0
          0.950000 0.450000 0.150000
          0.500000 0.750000 0.450000
          0.700000 0.950000 1.000000
          0.200000 0.300000 0.200000
          0.050000 0.250000 0.650000
          0.400000 0.150000 0.050000
          0.350000 1.000000 0.800000
          0.100000 0.300000 0.850000
          0.100000 0.0 0.150000
          0.600000 0.400000 0.550000
          0.0 0.550000 0.0
          1.000000 0.800000 0.700000
          0.500000 0.750000 0.500000
          0.400000 1.000000 0.150000
          0.450000 0.100000 0.550000
          0.700000 0.700000 0.650000
          0.750000 0.750000 0.150000
          0.0 0.500000 0.550000
          0.700000 1.000000 1.000000
          0.350000 0.400000 0.800000
          0.150000 0.350000 0.850000
          0.100000 0.650000 0.500000
          0.850000 0.850000 0.850000
          0.950000 0.250000 0.100000
          0.600000 0.950000 0.100000
          0.250000 0.100000 0.450000
          1.000000 0.400000 0.050000
          0.850000 0.500000 0.250000
          0.950000 0.050000 0.650000
          0.050000 0.850000 0.700000
          0.100000 0.850000 0.500000
          0.250000 0.0 0.150000
          0.850000 0.550000 0.350000
          0.300000 0.200000 0.500000
          0.700000 0.750000 0.550000
          0.500000 0.300000 0.650000
          0.850000 0.600000 0.900000
          0.200000 0.300000 0.600000
          0.350000 0.400000 0.550000
          0.100000 0.350000 0.800000
          0.500000 0.750000 1.000000
          0.200000 0.850000 0.200000
          1.000000 0.950000 0.900000
          0.700000 0.300000 0.0
          0.0 0.850000 0.250000
          0.550000 1.000000 1.000000
          0.850000 0.200000 0.950000
          0.550000 1.000000 0.800000
          0.300000 0.350000 0.100000
          0.400000 0.450000 0.400000
          0.800000 0.0 0.350000
          0.150000 0.400000 0.300000
          0.600000 0.150000 0.650000
          0.900000 0.500000 0.800000
          0.750000 0.750000 0.600000
          0.700000 0.750000 0.050000
          0.350000 0.150000 0.550000
          1.000000 0.700000 0.400000
          0.700000 0.800000 0.450000
          0.800000 0.800000 0.0
          0.600000 0.300000 0.100000
          0.250000 0.700000 0.250000
          0.250000 0.550000 0.250000
          0.150000 0.800000 0.500000
          0.850000 0.900000 0.600000
          0.0 0.350000 0.700000
          0.450000 0.750000 0.600000
          0.700000 0.950000 0.450000
          0.650000 0.850000 0.800000
          0.250000 0.150000 0.950000
          0.500000 0.550000 0.800000
          0.050000 0.650000 0.950000
          0.450000 0.750000 0.0
          0.900000 0.350000 0.200000
          0.650000 1.000000 0.750000
          0.0 0.350000 0.450000
          0.300000 0.100000 0.650000
          0.500000 0.500000 0.300000
          1.000000 1.000000 0.650000
          0.150000 0.450000 0.200000
          0.050000 0.300000 0.100000
          0.250000 0.050000 0.550000
          0.250000 0.300000 0.0
          0.800000 0.200000 0.050000
          0.900000 0.400000 0.200000
          0.700000 0.0 0.300000
          0.350000 0.750000 0.400000
          0.850000 0.950000 0.750000
          0.400000 0.450000 0.200000
          0.500000 0.050000 0.050000
          0.050000 0.650000 0.850000
          0.0 0.250000 0.150000
          0.0 0.500000 0.350000
          0.650000 0.400000 0.450000
          0.850000 0.700000 0.500000
          0.0 0.900000 0.300000
          0.900000 0.500000 0.600000
          0.800000 0.150000 0.500000
          0.500000 0.500000 0.950000
          0.150000 0.550000 0.950000
          0.300000 0.550000 0.450000
          0.050000 1.000000 0.750000
          0.050000 0.200000 0.650000
          0.750000 0.050000 0.700000
          0.900000 0.0 0.950000
          0.150000 0.600000 0.750000
          0.950000 0.750000 0.400000
          0.650000 0.150000 0.900000
          0.150000 0.350000 0.500000
          0.800000 0.800000 0.050000
          0.900000 0.100000 0.250000
          0.950000 0.300000 0.450000
          0.350000 0.800000 0.450000
          0.300000 0.700000 0.150000
          0.400000 0.850000 0.700000
          0.800000 0.700000 0.650000
          0.950000 0.950000 0.350000
          0.500000 0.600000 0.750000
          0.600000 0.800000 0.500000
          0.600000 1.000000 0.500000
          0.650000 0.650000 0.200000
          0.900000 0.550000 0.150000
          1.000000 0.200000 0.500000
          0.950000 0.0 0.100000
          0.900000 0.650000 0.600000
          0.400000 0.400000 0.500000
          0.300000 0.300000 0.100000
          0.350000 0.050000 0.850000
          0.450000 0.800000 0.850000
          0.800000 0.650000 0.950000
          0.850000 0.050000 0.450000
          0.300000 0.950000 1.000000
          0.700000 0.950000 0.550000
          0.900000 0.300000 0.950000
          0.300000 1.000000 1.000000
          0.500000 0.800000 0.850000
          0.450000 0.650000 0.100000
          0.200000 0.100000 0.950000
          0.900000 0.250000 0.250000
          0.150000 1.000000 0.200000
          0.450000 0.450000 0.600000
          0.800000 0.400000 0.850000
          0.600000 0.300000 0.550000
          0.150000 0.700000 0.0
          0.650000 0.350000 0.950000
          0.900000 0.100000 0.400000
          0.0 0.900000 0.450000
          0.0 1.000000 0.200000
          0.900000 0.450000 0.950000
          0.850000 0.250000 0.500000
          0.600000 0.950000 0.150000
          0.550000 0.750000 1.000000
          0.250000 0.700000 0.800000
          0.050000 0.300000 0.650000
          0.350000 0.550000 0.050000
          0.300000 0.250000 0.500000
          0.0 0.400000 0.500000
          0.400000 0.500000 0.100000
          0.650000 0.800000 0.400000
          0.650000 0.650000 0.400000
          0.600000 0.850000 0.550000
          0.450000 0.300000 0.600000
          0.500000 0.950000 0.600000
          0.600000 0.200000 0.200000
          0.950000 0.750000 0.600000
          0.300000 0.350000 0.0
          0.650000 0.650000 0.0
          0.700000 0.200000 0.550000
          0.900000 0.950000 0.150000
          0.950000 0.650000 0.050000
          0.500000 0.550000 0.500000
          0.500000 0.0 0.650000
          0.600000 0.950000 0.750000
          0.550000 0.0 0.800000
          0.400000 1.000000 0.800000
          0.750000 0.950000 0.850000
          0.300000 1.000000 0.400000
          0.400000 0.800000 0.550000
          0.700000 0.700000 0.050000
          1.000000 1.000000 0.700000
          0.250000 0.150000 0.0
          0.900000 0.850000 0.450000
          0.500000 0.950000 0.350000
          0.350000 0.250000 0.100000
          0.200000 0.900000 0.500000
          0.700000 0.200000 0.200000
          0.750000 0.200000 0.350000
          0.100000 0.600000 0.300000
          0.900000 0.900000 0.350000
          0.250000 0.700000 0.650000
          0.200000 1.000000 0.900000
          0.900000 0.750000 0.550000
          0.450000 0.800000 0.300000
          0.150000 0.900000 0.150000
          0.100000 0.800000 0.250000
          1.000000 0.950000 1.000000
          0.800000 0.500000 0.200000
          0.500000 0.150000 0.800000
          0.050000 0.700000 0.400000
          0.600000 0.550000 0.600000
          0.550000 0.550000 0.150000
          0.500000 0.400000 1.000000
          0.900000 0.300000 0.750000
          0.800000 0.550000 0.800000
          0.550000 0.600000 0.200000
          0.700000 0.300000 0.050000
          1.000000 0.650000 0.050000
          0.700000 1.000000 0.150000
          0.950000 0.850000 0.650000
          0.0 0.100000 0.150000
          0.400000 0.550000 0.800000
          0.200000 0.0 0.100000
          0.300000 0.750000 0.400000
          0.300000 0.500000 0.150000
          0.200000 0.900000 0.650000
          0.650000 0.200000 0.300000
          0.450000 0.500000 0.800000
          0.450000 0.600000 0.950000
          1.000000 0.150000 0.050000
          0.0 0.350000 0.0
          0.850000 0.350000 0.800000
          0.900000 0.700000 0.900000
          0.700000 0.300000 0.800000
          0.0 0.200000 0.100000
          0.500000 0.750000 0.700000
          0.300000 1.000000 0.550000
          0.600000 0.0 0.450000
          0.550000 0.150000 0.750000
          0.200000 0.250000 0.400000
          0.450000 0.250000 0.750000
          0.750000 0.250000 1.000000
          0.800000 0.400000 0.0
          0.450000 0.500000 0.200000
          0.350000 0.150000 0.750000
          0.650000 0.500000 0.950000
          0.0 0.200000 0.550000
          0.150000 0.750000 0.300000
          0.150000 0.550000 0.0
          0.400000 0.0 0.450000
          0.550000 0.050000 0.550000
          0.950000 0.500000 0.500000
          0.400000 0.400000 0.100000
          0.750000 0.100000 0.700000
          0.550000 0.250000 0.700000
          0.250000 0.100000 0.750000
          0.550000 0.400000 0.850000
          0.550000 0.400000 0.900000
          0.450000 0.100000 0.200000
          0.950000 0.850000 0.050000
          0.150000 0.850000 0.300000
          0.750000 0.800000 0.800000
          1.000000 0.500000 0.450000
          0.600000 0.100000 0.250000
          0.250000 0.250000 0.800000
          0.650000 0.100000 0.950000
          0.300000 0.800000 0.750000
          0.400000 0.600000 0.750000
          0.900000 0.400000 0.250000
          0.800000 0.200000 0.100000
          0.750000 0.150000 0.650000
          0.300000 0.450000 0.150000
          0.650000 0.300000 0.400000
          0.950000 0.900000 0.500000
          0.200000 0.850000 0.300000
          0.450000 0.400000 0.600000
          0.050000 0.150000 0.750000
          0.650000 0.150000 0.350000
          0.800000 0.850000 0.0
          0.200000 0.050000 0.650000
          0.0 0.700000 0.700000
          0.300000 0.400000 0.750000
          0.800000 0.700000 0.850000
          0.400000 0.0 0.350000
          1.000000 0.650000 0.600000
          0.300000 0.050000 0.0
          1.000000 0.350000 0.550000
          0.800000 0.0 0.900000
          1.000000 0.400000 0.550000
          0.850000 0.550000 0.600000
          0.150000 0.100000 0.650000
          0.350000 0.050000 0.200000
          0.100000 0.950000 0.050000
          0.150000 0.150000 0.150000
          0.200000 1.000000 0.300000
          0.150000 0.750000 0.400000
          0.450000 0.300000 0.050000
          1.000000 0.600000 0.350000
          0.500000 0.400000 0.100000
          0.300000 0.450000 0.900000
          0.250000 0.800000 0.750000
          0.400000 0.200000 0.900000
          0.300000 0.400000 0.850000
          0.150000 0.500000 0.550000
          0.400000 0.950000 0.650000
          0.800000 0.400000 0.800000
          1.000000 0.650000 0.800000
          0.250000 0.550000 0.400000
          0.700000 0.450000 0.650000
          0.100000 0.0 0.050000
          0.300000 0.800000 0.150000
          0.750000 0.600000 0.600000
          0.900000 0.500000 0.400000
          0.0 0.550000 0.450000
          0.900000 0.0 0.500000
          1.000000 0.400000 0.0
          0.950000 0.750000 0.100000
          0.950000 0.200000 0.100000
          0.350000 0.350000 0.600000
          0.0 0.800000 0.450000
          0.500000 0.100000 0.150000
          0.500000 0.550000 0.150000
          0.250000 0.300000 0.700000
          0.450000 0.950000 0.600000
          0.200000 0.350000 0.650000
          0.300000 0.0 0.700000
          0.550000 0.900000 0.250000
          0.050000 0.200000 0.350000
          0.450000 0.150000 0.400000
          1.000000 0.900000 0.050000
          0.450000 0.550000 0.750000
          0.550000 0.450000 0.800000
          0.100000 0.100000 0.900000
          0.350000 0.150000 0.050000
          0.300000 0.650000 0.100000
          0.450000 0.550000 0.400000
          0.0 0.800000 0.550000
          0.100000 0.550000 0.500000
          0.800000 0.150000 0.900000
          0.300000 0.650000 0.950000
          0.450000 0.300000 0.500000
          0.950000 0.450000 0.550000
          0.450000 0.600000 0.450000
          0.0 0.700000 0.750000
          0.600000 0.400000 0.100000
          0.950000 0.250000 0.800000
          0.300000 0.200000 0.300000
          0.450000 0.950000 0.800000
          0.650000 0.300000 0.500000
          0.350000 0.550000 0.450000
          0.700000 0.750000 0.650000
          0.900000 0.150000 0.050000
          0.150000 0.450000 0.250000
          0.500000 0.850000 0.800000
          0.250000 0.500000 0.050000
          0.750000 0.950000 0.250000
          0.050000 0.350000 0.150000
          0.550000 0.900000 0.750000
          0.400000 0.300000 0.550000
          0.750000 0.0 0.900000
          0.650000 0.950000 0.300000
          0.950000 0.650000 0.850000
          0.800000 0.850000 0.850000
          0.600000 1.000000 0.0
          0.900000 0.950000 0.300000
          0.900000 0.300000 0.0
          0.100000 0.550000 0.400000
          0.900000 1.000000 0.550000
          0.400000 1.000000 0.850000
          0.250000 0.800000 0.300000
          0.650000 0.700000 0.450000
          1.000000 0.050000 0.550000
          0.850000 0.200000 0.900000
          1.000000 0.450000 0.700000
          0.650000 0.300000 0.0
          0.100000 0.150000 0.600000
          0.050000 0.650000 0.650000
          0.050000 0.200000 0.800000
          0.200000 0.800000 0.950000
          0.950000 0.450000 0.400000
          0.100000 0.250000 0.950000
          0.200000 0.700000 0.0
          0.100000 0.150000 0.550000
          0.250000 0.600000 0.950000
          0.0 0.950000 0.400000
          0.500000 0.850000 0.400000
          0.600000 0.600000 0.100000
          0.150000 0.700000 0.200000
          0.550000 0.350000 0.0
          0.550000 0.700000 0.0
          0.200000 0.850000 0.250000
          0.550000 0.800000 0.0
          0.050000 0.350000 0.600000
          0.250000 0.600000 0.050000
          0.850000 0.600000 0.100000
          0.850000 0.850000 0.100000
          0.200000 0.0 0.900000
          0.800000 0.100000 1.000000
          0.350000 0.050000 0.300000
          0.700000 0.0 0.550000
          1.000000 0.400000 0.250000
          0.450000 0.700000 0.250000
          0.200000 0.350000 0.350000
          0.750000 0.450000 0.550000
          0.500000 1.000000 0.150000
          0.600000 0.250000 0.350000
          0.300000 0.500000 0.500000
          0.750000 0.200000 0.0
          0.500000 0.200000 0.100000
          1.000000 0.150000 0.200000
          0.850000 0.550000 0.650000
          0.700000 0.650000 0.200000
          0.600000 0.400000 0.150000
          0.850000 0.900000 0.650000
          0.350000 0.250000 0.900000
          0.850000 0.750000 0.950000
          0.800000 0.500000 0.700000
          0.0 0.950000 0.250000
          0.700000 0.0 0.800000
          0.950000 0.500000 0.150000
          0.250000 0.800000 0.050000
          0.800000 0.400000 0.750000
          0.450000 0.600000 0.250000
          0.650000 0.650000 0.950000
          0.100000 0.200000 0.200000
          0.650000 0.200000 0.550000
          0.450000 0.350000 0.150000
          0.400000 0.600000 0.150000
          0.400000 0.150000 0.0
          0.950000 0.0 0.300000
          0.800000 0.100000 0.500000
          0.550000 0.700000 0.950000
          1.000000 0.150000 0.0
          0.0 0.600000 1.000000
          0.750000 0.150000 0.300000
          0.050000 0.400000 0.500000
          0.0 0.900000 0.500000
          0.250000 0.750000 0.200000
          0.900000 0.700000 0.650000
          0.150000 0.650000 0.950000
          0.650000 0.050000 0.300000
          0.0 0.050000 0.750000
          1.000000 0.750000 0.450000
          0.650000 0.500000 0.850000
          0.850000 0.350000 0.250000
          0.100000 0.500000 0.050000
          0.750000 0.150000 0.500000
          0.0 1.000000 0.600000
          0.900000 0.100000 0.050000
          0.650000 0.800000 0.800000
          0.600000 0.150000 0.050000
          0.500000 0.400000 0.900000
          0.500000 0.400000 0.800000
          0.0 0.900000 0.900000
          0.450000 0.500000 0.050000
          0.300000 1.000000 0.100000
          0.200000 0.850000 0.700000
          0.450000 0.800000 0.700000
          0.400000 1.000000 0.900000
          0.900000 0.100000 0.650000
          0.550000 0.950000 0.300000
          0.150000 0.900000 0.500000
          0.700000 0.100000 0.100000
          0.0 0.300000 0.850000
          0.0 1.000000 0.0
          1.000000 0.700000 0.200000
          0.450000 0.900000 0.400000
          0.750000 0.850000 0.300000
          0.450000 0.700000 1.000000
          0.550000 0.300000 0.600000
          0.850000 0.500000 0.200000
          0.250000 0.600000 0.300000
          0.700000 0.600000 0.400000
          0.100000 0.200000 0.450000
          0.450000 0.850000 0.100000
          0.750000 0.550000 0.250000
          0.200000 0.700000 0.500000
          0.650000 0.900000 0.800000
          1.000000 0.350000 0.950000
          0.800000 0.650000 0.500000
          0.500000 1.000000 0.750000
          0.900000 0.650000 0.950000
          0.650000 0.750000 0.100000
          0.850000 0.400000 0.500000
          0.200000 0.100000 0.650000
          0.050000 0.350000 0.050000
          0.300000 0.700000 0.0
          0.450000 0.600000 0.050000
          0.800000 0.950000 0.400000
          0.400000 0.650000 0.450000
          0.550000 0.750000 0.600000
          0.400000 0.950000 0.750000
          0.950000 0.0 0.950000
          0.200000 0.250000 1.000000
          0.300000 0.600000 0.100000
          0.0 0.450000 0.700000
          0.350000 0.900000 0.0
          0.500000 0.850000 0.300000
          0.950000 0.750000 0.500000
          0.400000 0.650000 0.850000
          0.450000 0.100000 0.250000
        </DataArray>
      </Points>
      <Cells>
        <DataArray type="Int32" Name="connectivity" format="ascii">
          7541 4786 8061 5616 3394 4752 6644 4614 4786 8546 8715 8061 4752 9069 479 6644 8546 6880 1788 8715 9069 6240 6129 479 6880 1699 2925 1788 6240 2131 7469 6129 1699 4728 5852 2925 2131 5799 243 7469 4728 5794 9045 5852 5799 6372 295 243 5794 5540 7524 9045 6372 1743 2340 295 5540 8334 3905 7524 1743 3810 3671 2340 8334 1689 8594 3905 3810 6758 5709 3671 1689 7312 6741 8594 6758 7991 8860 5709 7312 8753 2992 6741 7991 342 3497 8860 8753 3825 2030 2992 342 2831 5800 3497 3825 5156 8689 2030 2831 999 6032 5800 5156 1628 7673 8689 999 2720 1105 6032 1628 6990 8369 7673 2720 1560 263 1105 6990 918 2620 8369 1560 7721 6725 263 918 1623 3541 2620 7721 6660 2572 6725 1623 7864 6222 3541 6660 1144 6433 2572 7864 3762 7579 6222 1144 2891 3299 6433 3762 4615 3537 7579 2891 1713 1214 3299 5616 8061 2952 1970 4614 6644 8376 5600 8061 8715 5249 2952 6644 479 3823 8376 8715 1788 4167 5249 479 6129 5133 3823 1788 2925 896 4167 6129 7469 2224 5133 2925 5852 1804 896 7469 243 8053 2224 5852 9045 3545 1804 243 295 7208 8053 9045 7524 7269 3545 295 2340 5700 7208 7524 3905 1678 7269 2340 3671 8221 5700 3905 8594 8514 1678 3671 5709 564 8221 8594 6741 7224 8514 5709 8860 625 564 6741 2992 294 7224 8860 3497 2747 625 2992 2030 4075 294 3497 5800 526 2747 2030 8689 1761 4075 5800 6032 2197 526 8689 7673 2986 1761 6032 1105 8432 2197 7673 8369 8513 2986 1105 263 1586 8432 8369 2620 3792 8513 263 6725 7573 1586 2620 3541 1323 3792 6725 2572 5247 7573 3541 6222 1776 1323 2572 6433 9208 5247 6222 7579 2476 1776 6433 3299 5440 9208 7579 3537 3191 2476 3299 1214 6981 5440 1970 2952 177 1011 5600 8376 5515 8549 2952 5249 6527 177 8376 3823 5405 5515 5249 4167 7252 6527 3823 5133 705 5405 4167 896 3979 7252 5133 2224 2856 705 896 1804 8951 3979 2224 8053 1562 2856 1804 3545 6160 8951 8053 7208 6565 1562 3545 7269 7039 6160 7208 5700 9093 6565 7269 1678 9188 7039 5700 8221 8776 9093 1678 8514 6284 9188 8221 564 7466 8776 8514 7224 1793 6284 564 625 4977 7466 7224 294 7566 1793 625 2747 5076 4977 294 4075 7648 7566 2747 526 9210 5076 4075 1761 1908 7648 526 2197 6476 9210 1761 2986 4810 1908 2197 8432 4197 6476 2986 8513 5880 4810 8432 1586 8425 4197 8513 3792 7142 5880 1586 7573 593 8425 3792 1323 7998 7142 7573 5247 8114 593 1323 1776 7000 7998 5247 9208 9111 8114 1776 2476 5175 7000 9208 5440 8577 9111 2476 3191 9192 5175 5440 6981 8989 8577 1011 177 1405 8028 8549 5515 7442 381 177 6527 703 1405 5515 5405 1186 7442 6527 7252 1982 703 5405 705 2848 1186 7252 3979 1275 1982 705 2856 7802 2848 3979 8951 4373 1275 2856 1562 6215 7802 8951 6160 7397 4373 1562 6565 8280 6215 6160 7039 5563 7397 6565 9093 1538 8280 7039 9188 204 5563 9093 8776 4847 1538 9188 6284 6159 204 8776 7466 7167 4847 6284 1793 4910 6159 7466 4977 6463 7167 1793 7566 4398 4910 4977 5076 2427 6463 7566 7648 6489 4398 5076 9210 2307 2427 7648 1908 210 6489 9210 6476 4097 2307 1908 4810 8319 210 6476 4197 8542 4097 4810 5880 9167 8319 4197 8425 4818 8542 5880 7142 3817 9167 8425 593 8854 4818 7142 7998 2016 3817 593 8114 66 8854 7998 7000 1113 2016 8114 9111 6604 66 7000 5175 5283 1113 9111 8577 1130 6604 5175 9192 6235 5283 8577 8989 7047 1130 8028 1405 3657 5075 381 7442 770 6418 1405 703 7939 3657 7442 1186 4744 770 703 1982 7379 7939 1186 2848 6419 4744 1982 1275 3144 7379 2848 7802 3336 6419 1275 4373 4107 3144 7802 6215 1839 3336 4373 7397 2338 4107 6215 8280 1726 1839 7397 5563 7844 2338 8280 1538 7902 1726 5563 204 3048 7844 1538 4847 7218 7902 204 6159 5750 3048 4847 7167 2286 7218 6159 4910 4496 5750 7167 6463 3624 2286 4910 4398 553 4496 6463 2427 504 3624 4398 6489 3575 553 2427 2307 6623 504 6489 210 4489 3575 2307 4097 2505 6623 210 8319 6414 4489 4097 8542 2591 2505 8319 9167 7490 6414 8542 4818 8132 2591 9167 3817 4644 7490 4818 8854 6428 8132 3817 2016 7046 4644 8854 66 4814 6428 2016 1113 6626 7046 66 6604 6333 4814 1113 5283 4667 6626 6604 1130 2865 6333 5283 6235 8151 4667 1130 7047 3038 2865 5075 3657 5278 3499 6418 770 3128 6497 3657 7939 5791 5278 770 4744 6046 3128 7939 7379 1618 5791 4744 6419 2204 6046 7379 3144 799 1618 6419 3336 6874 2204 3144 4107 8853 799 3336 1839 319 6874 4107 2338 1047 8853 1839 1726 7823 319 2338 7844 7581 1047 1726 7902 7685 7823 7844 3048 4286 7581 7902 7218 4203 7685 3048 5750 6224 4286 7218 2286 9056 4203 5750 4496 6676 6224 2286 3624 3717 9056 4496 553 1181 6676 3624 504 6282 3717 553 3575 3780 1181 504 6623 5418 6282 3575 4489 9134 3780 6623 2505 3826 5418 4489 6414 8814 9134 2505 2591 8976 3826 6414 7490 710 8814 2591 8132 4212 8976 7490 4644 7411 710 8132 6428 1496 4212 4644 7046 2238 7411 6428 4814 1591 1496 7046 6626 9125 2238 4814 6333 2514 1591 6626 4667 6174 9125 6333 2865 5137 2514 4667 8151 5654 6174 2865 3038 7133 5137 3499 5278 6399 8990 6497 3128 9245 1709 5278 5791 4155 6399 3128 6046 3627 9245 5791 1618 2880 4155 6046 2204 7729 3627 1618 799 7658 2880 2204 6874 4301 7729 799 8853 2557 7658 6874 319 7780 4301 8853 1047 8936 2557 319 7823 6109 7780 1047 7581 8196 8936 7823 7685 3423 6109 7581 4286 1233 8196 7685 4203 1327 3423 4286 6224 3441 1233 4203 9056 5618 1327 6224 6676 852 3441 9056 3717 6832 5618 6676 1181 9148 852 3717 6282 7202 6832 1181 3780 3829 9148 6282 5418 299 7202 3780 9134 5326 3829 5418 3826 7194 299 9134 8814 3882 5326 3826 8976 2930 7194 8814 710 3478 3882 8976 4212 4513 2930 710 7411 4629 3478 4212 1496 8474 4513 7411 2238 5863 4629 1496 1591 7560 8474 2238 9125 4634 5863 1591 2514 5085 7560 9125 6174 4039 4634 2514 5137 7576 5085 6174 5654 8480 4039 5137 7133 3860 7576 8990 6399 5099 57 1709 9245 3910 4908 6399 4155 5007 5099 9245 3627 4371 3910 4155 2880 1670 5007 3627 7729 707 4371 2880 7658 2117 1670 7729 4301 1692 707 7658 2557 5903 2117 4301 7780 8297 1692 2557 8936 8078 5903 7780 6109 7199 8297 8936 8196 2028 8078 6109 3423 5905 7199 8196 1233 8755 2028 3423 1327 4400 5905 1233 3441 3885 8755 1327 5618 8412 4400 3441 852 6093 3885 5618 6832 8332 8412 852 9148 2556 6093 6832 7202 7006 8332 9148 3829 6963 2556 7202 299 6556 7006 3829 5326 279 6963 299 7194 1789 6556 5326 3882 1722 279 7194 2930 903 1789 3882 3478 1868 1722 2930 4513 8211 903 3478 4629 9002 1868 4513 8474 4178 8211 4629 5863 4303 9002 8474 7560 6295 4178 5863 4634 6764 4303 7560 5085 1157 6295 4634 4039 3567 6764 5085 7576 2308 1157 4039 8480 9075 3567 7576 3860 8797 2308 57 5099 2872 8665 4908 3910 3924 8278 5099 5007 2059 2872 3910 4371 538 3924 5007 1670 1142 2059 4371 707 5983 538 1670 2117 4893 1142 707 1692 6610 5983 2117 5903 1593 4893 1692 8297 7501 6610 5903 8078 8002 1593 8297 7199 208 7501 8078 2028 1767 8002 7199 5905 1117 208 2028 8755 5776 1767 5905 4400 8210 1117 8755 3885 7717 5776 4400 8412 6927 8210 3885 6093 546 7717 8412 8332 1036 6927 6093 2556 4636 546 8332 7006 6524 1036 2556 6963 675 4636 7006 6556 1505 6524 6963 279 2415 675 6556 1789 6141 1505 279 1722 2178 2415 1789 903 5961 6141 1722 1868 732 2178 903 8211 4055 5961 1868 9002 1456 732 8211 4178 6011 4055 9002 4303 803 1456 4178 6295 646 6011 4303 6764 288 803 6295 1157 5381 646 6764 3567 4351 288 1157 2308 6705 5381 3567 9075 2206 4351 2308 8797 8300 6705 8665 2872 6211 7965 8278 3924 5795 2259 2872 2059 4144 6211 3924 538 9205 5795 2059 1142 3637 4144 538 5983 3349 9205 1142 4893 6936 3637 5983 6610 1299 3349 4893 1593 158 6936 6610 7501 9114 1299 1593 8002 7862 158 7501 208 5026 9114 8002 1767 7758 7862 208 1117 4734 5026 1767 5776 6015 7758 1117 8210 5453 4734 5776 7717 4843 6015 8210 6927 9214 5453 7717 546 4586 4843 6927 1036 3462 9214 546 4636 1946 4586 1036 6524 2754 3462 4636 675 5351 1946 6524 1505 6136 2754 675 2415 4013 5351 1505 6141 6001 6136 2415 2178 2801 4013 6141 5961 4173 6001 2178 732 4831 2801 5961 4055 1942 4173 732 1456 4445 4831 4055 6011 2878 1942 1456 803 4124 4445 6011 646 8045 2878 803 288 7776 4124 646 5381 2823 8045 288 4351 8410 7776 5381 6705 1701 2823 4351 2206 1424 8410 6705 8300 3251 1701 7965 6211 8304 8781 2259 5795 5193 8291 6211 4144 5124 8304 5795 9205 2820 5193 4144 3637 9008 5124 9205 3349 6746 2820 3637 6936 5619 9008 3349 1299 3212 6746 6936 158 4841 5619 1299 9114 7276 3212 158 7862 5395 4841 9114 5026 692 7276 7862 7758 5466 5395 5026 4734 8925 692 7758 6015 3897 5466 4734 5453 8284 8925 6015 4843 1001 3897 5453 9214 1516 8284 4843 4586 1763 1001 9214 3462 3470 1516 4586 1946 6060 1763 3462 2754 1075 3470 1946 5351 6781 6060 2754 6136 5084 1075 5351 4013 1766 6781 6136 6001 7185 5084 4013 2801 7293 1766 6001 4173 2766 7185 2801 4831 5449 7293 4173 1942 8113 2766 4831 4445 1167 5449 1942 2878 4675 8113 4445 4124 7670 1167 2878 8045 2506 4675 4124 7776 8744 7670 8045 2823 4972 2506 7776 8410 956 8744 2823 1701 4716 4972 8410 1424 8724 956 1701 3251 2796 4716 8781 8304 2420 1509 8291 5193 6289 1910 8304 5124 8314 2420 5193 2820 6944 6289 5124 9008 691 8314 2820 6746 3047 6944 9008 5619 4497 691 6746 3212 8523 3047 5619 4841 6259 4497 3212 7276 9153 8523 4841 5395 167 6259 7276 692 8457 9153 5395 5466 1128 167 692 8925 3745 8457 5466 3897 7034 1128 8925 8284 5336 3745 3897 1001 7734 7034 8284 1516 9247 5336 1001 1763 948 7734 1516 3470 6398 9247 1763 6060 5243 948 3470 1075 5564 6398 6060 6781 6465 5243 1075 5084 5333 5564 6781 1766 4604 6465 5084 7185 3395 5333 1766 7293 126 4604 7185 2766 6105 3395 7293 5449 105 126 2766 8113 8237 6105 5449 1167 5360 105 8113 4675 2579 8237 1167 7670 4125 5360 4675 2506 2972 2579 7670 8744 715 4125 2506 4972 8461 2972 8744 956 7504 715 4972 4716 3343 8461 956 8724 4181 7504 4716 2796 5817 3343 1509 2420 2677 760 1910 6289 3983 372 2420 8314 6627 2677 6289 6944 1339 3983 8314 691 8154 6627 6944 3047 3772 1339 691 4497 3551 8154 3047 8523 2072 3772 4497 6259 2001 3551 8523 9153 3870 2072 6259 167 3869 2001 9153 8457 4708 3870 167 1128 4907 3869 8457 3745 1945 4708 1128 7034 5534 4907 3745 5336 2363 1945 7034 7734 4443 5534 5336 9247 936 2363 7734 948 5089 4443 9247 6398 129 936 948 5243 7959 5089 6398 5564 8184 129 5243 6465 1673 7959 5564 5333 791 8184 6465 4604 8937 1673 5333 3395 5314 791 4604 126 762 8937 3395 6105 1492 5314 126 105 4228 762 6105 8237 8635 1492 105 5360 1971 4228 8237 2579 1200 8635 5360 4125 1546 1971 2579 2972 672 1200 4125 715 942 1546 2972 8461 6519 672 715 7504 7917 942 8461 3343 8940 6519 7504 4181 2231 7917 3343 5817 8977 8940 760 2677 5488 4479 372 3983 2956 3668 2677 6627 499 5488 3983 1339 4846 2956 6627 8154 8914 499 1339 3772 2726 4846 8154 3551 9141 8914 3772 2072 7686 2726 3551 2001 8262 9141 2072 3870 976 7686 2001 3869 9246 8262 3870 4708 2474 976 3869 4907 3132 9246 4708 1945 6675 2474 4907 5534 4477 3132 1945 2363 6900 6675 5534 4443 7048 4477 2363 936 8418 6900 4443 5089 4690 7048 936 129 6875 8418 5089 7959 9149 4690 129 8184 3650 6875 7959 1673 1510 9149 8184 791 2711 3650 1673 8937 3806 1510 791 5314 7299 2711 8937 762 1421 3806 5314 1492 8949 7299 762 4228 2949 1421 1492 8635 5628 8949 4228 1971 2418 2949 8635 1200 8495 5628 1971 1546 327 2418 1200 672 4402 8495 1546 942 4380 327 672 6519 2051 4402 942 7917 8213 4380 6519 8940 1534 2051 7917 2231 6425 8213 8940 8977 2565 1534 4479 5488 2525 5752 3668 2956 4595 1020 5488 499 382 2525 2956 4846 6818 4595 499 8914 2370 382 4846 2726 298 6818 8914 9141 7261 2370 2726 7686 3003 298 9141 8262 7263 7261 7686 976 2501 3003 8262 9246 6801 7263 976 2474 670 2501 9246 3132 4176 6801 2474 6675 53 670 3132 4477 3049 4176 6675 6900 6458 53 4477 7048 8843 3049 6900 8418 5142 6458 7048 4690 384 8843 8418 6875 7083 5142 4690 9149 3687 384 6875 3650 7629 7083 9149 1510 393 3687 3650 2711 254 7629 1510 3806 7792 393 2711 7299 7483 254 3806 1421 4567 7792 7299 8949 8826 7483 1421 2949 7827 4567 8949 5628 8215 8826 2949 2418 6788 7827 5628 8495 1517 8215 2418 327 6326 6788 8495 4402 6270 1517 327 4380 829 6326 4402 2051 286 6270 4380 8213 7676 829 2051 1534 7570 286 8213 6425 6000 7676 1534 2565 6869 7570 5752 2525 4897 6083 1020 4595 3846 8559 2525 382 3479 4897 4595 6818 6103 3846 382 2370 284 3479 6818 298 3381 6103 2370 7261 343 284 298 3003 7674 3381 7261 7263 8532 343 3003 2501 9180 7674 7263 6801 8086 8532 2501 670 963 9180 6801 4176 4357 8086 670 53 774 963 4176 3049 1780 4357 53 6458 2805 774 3049 8843 5332 1780 6458 5142 5950 2805 8843 384 8293 5332 5142 7083 6689 5950 384 3687 9151 8293 7083 7629 1304 6689 3687 393 1044 9151 7629 254 579 1304 393 7792 8389 1044 254 7483 580 579 7792 4567 3224 8389 7483 8826 3992 580 4567 7827 3938 3224 8826 8215 6913 3992 7827 6788 8830 3938 8215 1517 8880 6913 6788 6326 1820 8830 1517 6270 6007 8880 6326 829 2759 1820 6270 286 4122 6007 829 7676 5693 2759 286 7570 2958 4122 7676 6000 1032 5693 7570 6869 2563 2958 6083 4897 4149 4911 8559 3846 1430 8273 4897 3479 8770 4149 3846 6103 448 1430 3479 284 823 8770 6103 3381 4795 448 284 343 7967 823 3381 7674 4287 4795 343 8532 6334 7967 7674 9180 4352 4287 8532 8086 7820 6334 9180 963 2775 4352 8086 4357 6322 7820 963 774 4098 2775 4357 1780 3263 6322 774 2805 6811 4098 1780 5332 6576 3263 2805 5950 5106 6811 5332 8293 6387 6576 5950 6689 6884 5106 8293 9151 4 6387 6689 1304 1638 6884 9151 1044 8146 4 1304 579 3271 1638 1044 8389 163 8146 579 580 7542 3271 8389 3224 2394 163 580 3992 7923 7542 3224 3938 2575 2394 3992 6913 6791 7923 3938 8830 9038 2575 6913 8880 1857 6791 8830 1820 5345 9038 8880 6007 8274 1857 1820 2759 8012 5345 6007 4122 3020 8274 2759 5693 6110 8012 4122 2958 9019 3020 5693 1032 6867 6110 2958 2563 4763 9019 4911 4149 505 7549 8273 1430 4872 1615 4149 8770 5782 505 1430 448 6683 4872 8770 823 5579 5782 448 4795 2515 6683 823 7967 6318 5579 4795 4287 8538 2515 7967 6334 6578 6318 4287 4352 541 8538 6334 7820 1856 6578 4352 2775 1955 541 7820 6322 9256 1856 2775 4098 396 1955 6322 3263 2573 9256 4098 6811 6202 396 3263 6576 3189 2573 6811 5106 3756 6202 6576 6387 5177 3189 5106 6884 756 3756 6387 4 8372 5177 6884 1638 7169 756 4 8146 3159 8372 1638 3271 2716 7169 8146 163 1814 3159 3271 7542 256 2716 163 2394 4468 1814 7542 7923 4676 256 2394 2575 4674 4468 7923 6791 2708 4676 2575 9038 8001 4674 6791 1857 16 2708 9038 5345 2881 8001 1857 8274 7495 16 5345 8012 1927 2881 8274 3020 3044 7495 8012 6110 3016 1927 3020 9019 1833 3044 6110 6867 4524 3016 9019 4763 9089 1833 7549 505 1148 3787 1615 4872 7059 3295 505 5782 7203 1148 4872 6683 9052 7059 5782 5579 5069 7203 6683 2515 8264 9052 5579 6318 1093 5069 2515 8538 248 8264 6318 6578 2477 1093 8538 541 5093 248 6578 1856 8616 2477 541 1955 83 5093 1856 9256 5641 8616 1955 396 3954 83 9256 2573 3187 5641 396 6202 7005 3954 2573 3189 8287 3187 6202 3756 1347 7005 3189 5177 3884 8287 3756 756 3105 1347 5177 8372 2339 3884 756 7169 3800 3105 8372 3159 7886 2339 7169 2716 5732 3800 3159 1814 2243 7886 2716 256 2938 5732 1814 4468 5022 2243 256 4676 5096 2938 4468 4674 8161 5022 4676 2708 4782 5096 4674 8001 2652 8161 2708 16 7301 4782 8001 2881 4490 2652 16 7495 3264 7301 2881 1927 1434 4490 7495 3044 2681 3264 1927 3016 5407 1434 3044 1833 147 2681 3016 4524 2850 5407 1833 9089 1449 147 3787 1148 6829 9224 3295 7059 1523 76 1148 7203 6677 6829 7059 9052 8581 1523 7203 5069 3953 6677 9052 8264 6459 8581 5069 1093 741 3953 8264 248 626 6459 1093 2477 5456 741 248 5093 6948 626 2477 8616 793 5456 5093 83 8283 6948 8616 5641 6793 793 83 3954 1363 8283 5641 3187 4340 6793 3954 7005 2660 1363 3187 8287 2781 4340 7005 1347 6370 2660 8287 3884 113 2781 1347 3105 7821 6370 3884 2339 854 113 3105 3800 7140 7821 2339 7886 9123 854 3800 5732 2903 7140 7886 2243 3726 9123 5732 2938 3290 2903 2243 5022 6268 3726 2938 5096 1700 3290 5022 8161 1494 6268 5096 4782 1209 1700 8161 2652 7807 1494 4782 7301 7533 1209 2652 4490 3382 7807 7301 3264 5267 7533 4490 1434 5568 3382 3264 2681 1452 5267 1434 5407 1414 5568 2681 147 5845 1452 5407 2850 7835 1414 147 1449 7856 5845 3394 4752 6644 4614 7607 373 7730 3008 4752 9069 479 6644 373 2803 3887 7730 9069 6240 6129 479 2803 7634 1597 3887 6240 2131 7469 6129 7634 8982 5981 1597 2131 5799 243 7469 8982 59 8501 5981 5799 6372 295 243 59 935 4034 8501 6372 1743 2340 295 935 5095 8428 4034 1743 3810 3671 2340 5095 1282 5444 8428 3810 6758 5709 3671 1282 3328 7503 5444 6758 7991 8860 5709 3328 6532 5835 7503 7991 342 3497 8860 6532 3801 7972 5835 342 2831 5800 3497 3801 6638 8533 7972 2831 999 6032 5800 6638 7559 6264 8533 999 2720 1105 6032 7559 3900 2396 6264 2720 1560 263 1105 3900 1530 5489 2396 1560 7721 6725 263 1530 1928 4470 5489 7721 6660 2572 6725 1928 5484 6663 4470 6660 1144 6433 2572 5484 4236 4787 6663 1144 2891 3299 6433 4236 8894 1470 4787 2891 1713 1214 3299 8894 2049 7343 1470 4614 6644 8376 5600 3008 7730 5471 6229 6644 479 3823 8376 7730 3887 6005 5471 479 6129 5133 3823 3887 1597 3154 6005 6129 7469 2224 5133 1597 5981 4741 3154 7469 243 8053 2224 5981 8501 4006 4741 243 295 7208 8053 8501 4034 5495 4006 295 2340 5700 7208 4034 8428 1551 5495 2340 3671 8221 5700 8428 5444 4238 1551 3671 5709 564 8221 5444 7503 8139 4238 5709 8860 625 564 7503 5835 7422 8139 8860 3497 2747 625 5835 7972 8035 7422 3497 5800 526 2747 7972 8533 7521 8035 5800 6032 2197 526 8533 6264 8614 7521 6032 1105 8432 2197 6264 2396 9222 8614 1105 263 1586 8432 2396 5489 119 9222 263 6725 7573 1586 5489 4470 3645 119 6725 2572 5247 7573 4470 6663 5047 3645 2572 6433 9208 5247 6663 4787 5385 5047 6433 3299 5440 9208 4787 1470 8155 5385 3299 1214 6981 5440 1470 7343 1815 8155 5600 8376 5515 8549 6229 5471 4555 3259 8376 3823 5405 5515 5471 6005 5544 4555 3823 5133 705 5405 6005 3154 432 5544 5133 2224 2856 705 3154 4741 6482 432 2224 8053 1562 2856 4741 4006 8518 6482 8053 7208 6565 1562 4006 5495 7358 8518 7208 5700 9093 6565 5495 1551 6168 7358 5700 8221 8776 9093 1551 4238 91 6168 8221 564 7466 8776 4238 8139 3640 91 564 625 4977 7466 8139 7422 3281 3640 625 2747 5076 4977 7422 8035 3682 3281 2747 526 9210 5076 8035 7521 8022 3682 526 2197 6476 9210 7521 8614 3165 8022 2197 8432 4197 6476 8614 9222 5290 3165 8432 1586 8425 4197 9222 119 6766 5290 1586 7573 593 8425 119 3645 3293 6766 7573 5247 8114 593 3645 5047 2414 3293 5247 9208 9111 8114 5047 5385 4878 2414 9208 5440 8577 9111 5385 8155 4529 4878 5440 6981 8989 8577 8155 1815 6274 4529 8549 5515 7442 381 3259 4555 1383 8994 5515 5405 1186 7442 4555 5544 1784 1383 5405 705 2848 1186 5544 432 4931 1784 705 2856 7802 2848 432 6482 913 4931 2856 1562 6215 7802 6482 8518 1495 913 1562 6565 8280 6215 8518 7358 1109 1495 6565 9093 1538 8280 7358 6168 7882 1109 9093 8776 4847 1538 6168 91 470 7882 8776 7466 7167 4847 91 3640 6648 470 7466 4977 6463 7167 3640 3281 9168 6648 4977 5076 2427 6463 3281 3682 8562 9168 5076 9210 2307 2427 3682 8022 3858 8562 9210 6476 4097 2307 8022 3165 7090 3858 6476 4197 8542 4097 3165 5290 6969 7090 4197 8425 4818 8542 5290 6766 8443 6969 8425 593 8854 4818 6766 3293 9029 8443 593 8114 66 8854 3293 2414 6852 9029 8114 9111 6604 66 2414 4878 3916 6852 9111 8577 1130 6604 4878 4529 9077 3916 8577 8989 7047 1130 4529 6274 5819 9077 381 7442 770 6418 8994 1383 7382 2320 7442 1186 4744 770 1383 1784 1438 7382 1186 2848 6419 4744 1784 4931 7663 1438 2848 7802 3336 6419 4931 913 2341 7663 7802 6215 1839 3336 913 1495 3851 2341 6215 8280 1726 1839 1495 1109 832 3851 8280 1538 7902 1726 1109 7882 8954 832 1538 4847 7218 7902 7882 470 6002 8954 4847 7167 2286 7218 470 6648 5697 6002 7167 6463 3624 2286 6648 9168 4062 5697 6463 2427 504 3624 9168 8562 6878 4062 2427 2307 6623 504 8562 3858 2862 6878 2307 4097 2505 6623 3858 7090 3280 2862 4097 8542 2591 2505 7090 6969 4174 3280 8542 4818 8132 2591 6969 8443 1002 4174 4818 8854 6428 8132 8443 9029 4898 1002 8854 66 4814 6428 9029 6852 693 4898 66 6604 6333 4814 6852 3916 1069 693 6604 1130 2865 6333 3916 9077 8794 1069 1130 7047 3038 2865 9077 5819 6189 8794 6418 770 3128 6497 2320 7382 8851 5382 770 4744 6046 3128 7382 1438 1906 8851 4744 6419 2204 6046 1438 7663 1641 1906 6419 3336 6874 2204 7663 2341 2586 1641 3336 1839 319 6874 2341 3851 6714 2586 1839 1726 7823 319 3851 832 8897 6714 1726 7902 7685 7823 832 8954 1690 8897 7902 7218 4203 7685 8954 6002 7364 1690 7218 2286 9056 4203 6002 5697 3220 7364 2286 3624 3717 9056 5697 4062 8258 3220 3624 504 6282 3717 4062 6878 3683 8258 504 6623 5418 6282 6878 2862 8831 3683 6623 2505 3826 5418 2862 3280 2011 8831 2505 2591 8976 3826 3280 4174 8719 2011 2591 8132 4212 8976 4174 1002 1422 8719 8132 6428 1496 4212 1002 4898 6629 1422 6428 4814 1591 1496 4898 693 5522 6629 4814 6333 2514 1591 693 1069 3064 5522 6333 2865 5137 2514 1069 8794 7800 3064 2865 3038 7133 5137 8794 6189 6146 7800 6497 3128 9245 1709 5382 8851 4592 8728 3128 6046 3627 9245 8851 1906 8662 4592 6046 2204 7729 3627 1906 1641 1110 8662 2204 6874 4301 7729 1641 2586 7211 1110 6874 319 7780 4301 2586 6714 6518 7211 319 7823 6109 7780 6714 8897 8819 6518 7823 7685 3423 6109 8897 1690 5117 8819 7685 4203 1327 3423 1690 7364 3939 5117 4203 9056 5618 1327 7364 3220 2069 3939 9056 3717 6832 5618 3220 8258 6220 2069 3717 6282 7202 6832 8258 3683 1725 6220 6282 5418 299 7202 3683 8831 8696 1725 5418 3826 7194 299 8831 2011 2839 8696 3826 8976 2930 7194 2011 8719 4092 2839 8976 4212 4513 2930 8719 1422 1550 4092 4212 1496 8474 4513 1422 6629 736 1550 1496 1591 7560 8474 6629 5522 4754 736 1591 2514 5085 7560 5522 3064 3447 4754 2514 5137 7576 5085 3064 7800 5772 3447 5137 7133 3860 7576 7800 6146 1437 5772 1709 9245 3910 4908 8728 4592 7374 2697 9245 3627 4371 3910 4592 8662 6816 7374 3627 7729 707 4371 8662 1110 5415 6816 7729 4301 1692 707 1110 7211 7727 5415 4301 7780 8297 1692 7211 6518 1043 7727 7780 6109 7199 8297 6518 8819 6344 1043 6109 3423 5905 7199 8819 5117 8 6344 3423 1327 4400 5905 5117 3939 9012 8 1327 5618 8412 4400 3939 2069 3644 9012 5618 6832 8332 8412 2069 6220 9058 3644 6832 7202 7006 8332 6220 1725 4299 9058 7202 299 6556 7006 1725 8696 9104 4299 299 7194 1789 6556 8696 2839 4391 9104 7194 2930 903 1789 2839 4092 2776 4391 2930 4513 8211 903 4092 1550 7697 2776 4513 8474 4178 8211 1550 736 5552 7697 8474 7560 6295 4178 736 4754 3330 5552 7560 5085 1157 6295 4754 3447 7399 3330 5085 7576 2308 1157 3447 5772 3116 7399 7576 3860 8797 2308 5772 1437 3396 3116 4908 3910 3924 8278 2697 7374 3150 6147 3910 4371 538 3924 7374 6816 4851 3150 4371 707 5983 538 6816 5415 6175 4851 707 1692 6610 5983 5415 7727 5386 6175 1692 8297 7501 6610 7727 1043 988 5386 8297 7199 208 7501 1043 6344 6739 988 7199 5905 1117 208 6344 8 7100 6739 5905 4400 8210 1117 8 9012 3416 7100 4400 8412 6927 8210 9012 3644 6723 3416 8412 8332 1036 6927 3644 9058 5216 6723 8332 7006 6524 1036 9058 4299 2491 5216 7006 6556 1505 6524 4299 9104 6319 2491 6556 1789 6141 1505 9104 4391 5008 6319 1789 903 5961 6141 4391 2776 7514 5008 903 8211 4055 5961 2776 7697 613 7514 8211 4178 6011 4055 7697 5552 1580 613 4178 6295 646 6011 5552 3330 2376 1580 6295 1157 5381 646 3330 7399 7393 2376 1157 2308 6705 5381 7399 3116 4729 7393 2308 8797 8300 6705 3116 3396 7650 4729 8278 3924 5795 2259 6147 3150 5079 1599 3924 538 9205 5795 3150 4851 1732 5079 538 5983 3349 9205 4851 6175 1055 1732 5983 6610 1299 3349 6175 5386 4433 1055 6610 7501 9114 1299 5386 988 6826 4433 7501 208 5026 9114 988 6739 7716 6826 208 1117 4734 5026 6739 7100 3535 7716 1117 8210 5453 4734 7100 3416 8928 3535 8210 6927 9214 5453 3416 6723 7946 8928 6927 1036 3462 9214 6723 5216 5078 7946 1036 6524 2754 3462 5216 2491 1755 5078 6524 1505 6136 2754 2491 6319 496 1755 1505 6141 6001 6136 6319 5008 246 496 6141 5961 4173 6001 5008 7514 6782 246 5961 4055 1942 4173 7514 613 908 6782 4055 6011 2878 1942 613 1580 5783 908 6011 646 8045 2878 1580 2376 4038 5783 646 5381 2823 8045 2376 7393 7201 4038 5381 6705 1701 2823 7393 4729 7615 7201 6705 8300 3251 1701 4729 7650 7278 7615 2259 5795 5193 8291 1599 5079 458 2052 5795 9205 2820 5193 5079 1732 7509 458 9205 3349 6746 2820 1732 1055 466 7509 3349 1299 3212 6746 1055 4433 3735 466 1299 9114 7276 3212 4433 6826 3857 3735 9114 5026 692 7276 6826 7716 958 3857 5026 4734 8925 692 7716 3535 8185 958 4734 5453 8284 8925 3535 8928 1487 8185 5453 9214 1516 8284 8928 7946 5074 1487 9214 3462 3470 1516 7946 5078 5370 5074 3462 2754 1075 3470 5078 1755 1359 5370 2754 6136 5084 1075 1755 496 5865 1359 6136 6001 7185 5084 496 246 6208 5865 6001 4173 2766 7185 246 6782 5039 6208 4173 1942 8113 2766 6782 908 5751 5039 1942 2878 4675 8113 908 5783 407 5751 2878 8045 2506 4675 5783 4038 6903 407 8045 2823 4972 2506 4038 7201 5878 6903 2823 1701 4716 4972 7201 7615 122 5878 1701 3251 2796 4716 7615 7278 1096 122 8291 5193 6289 1910 2052 458 939 2533 5193 2820 6944 6289 458 7509 5266 939 2820 6746 3047 6944 7509 466 5054 5266 6746 3212 8523 3047 466 3735 7148 5054 3212 7276 9153 8523 3735 3857 195 7148 7276 692 8457 9153 3857 958 9254 195 692 8925 3745 8457 958 8185 8399 9254 8925 8284 5336 3745 8185 1487 673 8399 8284 1516 9247 5336 1487 5074 5543 673 1516 3470 6398 9247 5074 5370 2650 5543 3470 1075 5564 6398 5370 1359 7528 2650 1075 5084 5333 5564 1359 5865 9146 7528 5084 7185 3395 5333 5865 6208 5231 9146 7185 2766 6105 3395 6208 5039 4339 5231 2766 8113 8237 6105 5039 5751 5689 4339 8113 4675 2579 8237 5751 407 3260 5689 4675 2506 2972 2579 407 6903 9154 3260 2506 4972 8461 2972 6903 5878 2026 9154 4972 4716 3343 8461 5878 122 4751 2026 4716 2796 5817 3343 122 1096 3229 4751 1910 6289 3983 372 2533 939 3425 711 6289 6944 1339 3983 939 5266 6735 3425 6944 3047 3772 1339 5266 5054 3074 6735 3047 8523 2072 3772 5054 7148 2208 3074 8523 9153 3870 2072 7148 195 87 2208 9153 8457 4708 3870 195 9254 9094 87 8457 3745 1945 4708 9254 8399 690 9094 3745 5336 2363 1945 8399 673 228 690 5336 9247 936 2363 673 5543 8907 228 9247 6398 129 936 5543 2650 824 8907 6398 5564 8184 129 2650 7528 680 824 5564 5333 791 8184 7528 9146 7537 680 5333 3395 5314 791 9146 5231 730 7537 3395 6105 1492 5314 5231 4339 2651 730 6105 8237 8635 1492 4339 5689 6198 2651 8237 2579 1200 8635 5689 3260 650 6198 2579 2972 672 1200 3260 9154 6123 650 2972 8461 6519 672 9154 2026 5197 6123 8461 3343 8940 6519 2026 4751 1939 5197 3343 5817 8977 8940 4751 3229 1561 1939 372 3983 2956 3668 711 3425 3272 8586 3983 1339 4846 2956 3425 6735 1297 3272 1339 3772 2726 4846 6735 3074 3679 1297 3772 2072 7686 2726 3074 2208 2610 3679 2072 3870 976 7686 2208 87 1212 2610 3870 4708 2474 976 87 9094 6150 1212 4708 1945 6675 2474 9094 690 4658 6150 1945 2363 6900 6675 690 228 3248 4658 2363 936 8418 6900 228 8907 5996 3248 936 129 6875 8418 8907 824 4657 5996 129 8184 3650 6875 824 680 6992 4657 8184 791 2711 3650 680 7537 5647 6992 791 5314 7299 2711 7537 730 6804 5647 5314 1492 8949 7299 730 2651 3041 6804 1492 8635 5628 8949 2651 6198 6062 3041 8635 1200 8495 5628 6198 650 5052 6062 1200 672 4402 8495 650 6123 4819 5052 672 6519 2051 4402 6123 5197 6844 4819 6519 8940 1534 2051 5197 1939 8699 6844 8940 8977 2565 1534 1939 1561 3847 8699 3668 2956 4595 1020 8586 3272 4985 6967 2956 4846 6818 4595 3272 1297 1797 4985 4846 2726 298 6818 1297 3679 5807 1797 2726 7686 3003 298 3679 2610 716 5807 7686 976 2501 3003 2610 1212 8496 716 976 2474 670 2501 1212 6150 1771 8496 2474 6675 53 670 6150 4658 8585 1771 6675 6900 6458 53 4658 3248 1194 8585 6900 8418 5142 6458 3248 5996 3830 1194 8418 6875 7083 5142 5996 4657 5083 3830 6875 3650 7629 7083 4657 6992 4439 5083 3650 2711 254 7629 6992 5647 7735 4439 2711 7299 7483 254 5647 6804 9242 7735 7299 8949 8826 7483 6804 3041 6216 9242 8949 5628 8215 8826 3041 6062 6664 6216 5628 8495 1517 8215 6062 5052 2646 6664 8495 4402 6270 1517 5052 4819 7505 2646 4402 2051 286 6270 4819 6844 3769 7505 2051 1534 7570 286 6844 8699 9076 3769 1534 2565 6869 7570 8699 3847 3134 9076 1020 4595 3846 8559 6967 4985 5617 1702 4595 6818 6103 3846 4985 1797 4227 5617 6818 298 3381 6103 1797 5807 2675 4227 298 3003 7674 3381 5807 716 4702 2675 3003 2501 9180 7674 716 8496 3602 4702 2501 670 963 9180 8496 1771 1659 3602 670 53 774 963 1771 8585 5328 1659 53 6458 2805 774 8585 1194 4738 5328 6458 5142 5950 2805 1194 3830 8680 4738 5142 7083 6689 5950 3830 5083 8504 8680 7083 7629 1304 6689 5083 4439 2994 8504 7629 254 579 1304 4439 7735 1605 2994 254 7483 580 579 7735 9242 8620 1605 7483 8826 3992 580 9242 6216 1442 8620 8826 8215 6913 3992 6216 6664 4033 1442 8215 1517 8880 6913 6664 2646 3934 4033 1517 6270 6007 8880 2646 7505 1816 3934 6270 286 4122 6007 7505 3769 1315 1816 286 7570 2958 4122 3769 9076 8286 1315 7570 6869 2563 2958 9076 3134 1028 8286 8559 3846 1430 8273 1702 5617 8703 296 3846 6103 448 1430 5617 4227 7453 8703 6103 3381 4795 448 4227 2675 2858 7453 3381 7674 4287 4795 2675 4702 4784 2858 7674 9180 4352 4287 4702 3602 1252 4784 9180 963 2775 4352 3602 1659 6092 1252 963 774 4098 2775 1659 5328 8195 6092 774 2805 6811 4098 5328 4738 6542 8195 2805 5950 5106 6811 4738 8680 9234 6542 5950 6689 6884 5106 8680 8504 6085 9234 6689 1304 1638 6884 8504 2994 4064 6085 1304 579 3271 1638 2994 1605 2550 4064 579 580 7542 3271 1605 8620 6553 2550 580 3992 7923 7542 8620 1442 6165 6553 3992 6913 6791 7923 1442 4033 1691 6165 6913 8880 1857 6791 4033 3934 978 1691 8880 6007 8274 1857 3934 1816 9155 978 6007 4122 3020 8274 1816 1315 3383 9155 4122 2958 9019 3020 1315 8286 3852 3383 2958 2563 4763 9019 8286 1028 7655 3852 8273 1430 4872 1615 296 8703 5740 5276 1430 448 6683 4872 8703 7453 2148 5740 448 4795 2515 6683 7453 2858 5135 2148 4795 4287 8538 2515 2858 4784 5427 5135 4287 4352 541 8538 4784 1252 6560 5427 4352 2775 1955 541 1252 6092 4480 6560 2775 4098 396 1955 6092 8195 5667 4480 4098 6811 6202 396 8195 6542 5035 5667 6811 5106 3756 6202 6542 9234 1929 5035 5106 6884 756 3756 9234 6085 8021 1929 6884 1638 7169 756 6085 4064 7088 8021 1638 3271 2716 7169 4064 2550 3669 7088 3271 7542 256 2716 2550 6553 7415 3669 7542 7923 4676 256 6553 6165 6802 7415 7923 6791 2708 4676 6165 1691 4377 6802 6791 1857 16 2708 1691 978 4635 4377 1857 8274 7495 16 978 9155 6876 4635 8274 3020 3044 7495 9155 3383 7052 6876 3020 9019 1833 3044 3383 3852 6440 7052 9019 4763 9089 1833 3852 7655 6840 6440 1615 4872 7059 3295 5276 5740 8447 3366 4872 6683 9052 7059 5740 2148 6026 8447 6683 2515 8264 9052 2148 5135 2609 6026 2515 8538 248 8264 5135 5427 1322 2609 8538 541 5093 248 5427 6560 2738 1322 541 1955 83 5093 6560 4480 4802 2738 1955 396 3954 83 4480 5667 2133 4802 396 6202 7005 3954 5667 5035 3856 2133 6202 3756 1347 7005 5035 1929 8039 3856 3756 756 3105 1347 1929 8021 3320 8039 756 7169 3800 3105 8021 7088 2293 3320 7169 2716 5732 3800 7088 3669 8795 2293 2716 256 2938 5732 3669 7415 5228 8795 256 4676 5096 2938 7415 6802 5882 5228 4676 2708 4782 5096 6802 4377 7666 5882 2708 16 7301 4782 4377 4635 5918 7666 16 7495 3264 7301 4635 6876 6329 5918 7495 3044 2681 3264 6876 7052 4396 6329 3044 1833 147 2681 7052 6440 2779 4396 1833 9089 1449 147 6440 6840 4693 2779 3295 7059 1523 76 3366 8447 8229 4240 7059 9052 8581 1523 8447 6026 4088 8229 9052 8264 6459 8581 6026 2609 7969 4088 8264 248 626 6459 2609 1322 2542 7969 248 5093 6948 626 1322 2738 3802 2542 5093 83 8283 6948 2738 4802 9215 3802 83 3954 1363 8283 4802 2133 2386 9215 3954 7005 2660 1363 2133 3856 2239 2386 7005 1347 6370 2660 3856 8039 1136 2239 1347 3105 7821 6370 8039 3320 5012 1136 3105 3800 7140 7821 3320 2293 1407 5012 3800 5732 2903 7140 2293 8795 7656 1407 5732 2938 3290 2903 8795 5228 7366 7656 2938 5096 1700 3290 5228 5882 8219 7366 5096 4782 1209 1700 5882 7666 2714 8219 4782 7301 7533 1209 7666 5918 1918 2714 7301 3264 5267 7533 5918 6329 446 1918 3264 2681 1452 5267 6329 4396 5688 446 2681 147 5845 1452 4396 2779 7427 5688 147 1449 7856 5845 2779 4693 5356 7427 7607 373 7730 3008 3448 60 3980 3757 373 2803 3887 7730 60 8779 5826 3980 2803 7634 1597 3887 8779 3374 7114 5826 7634 8982 5981 1597 3374 3130 639 7114 8982 59 8501 5981 3130 8802 4095 639 59 935 4034 8501 8802 7297 1100 4095 935 5095 8428 4034 7297 5125 1201 1100 5095 1282 5444 8428 5125 8502 2029 1201 1282 3328 7503 5444 8502 7863 6125 2029 3328 6532 5835 7503 7863 5027 6100 6125 6532 3801 7972 5835 5027 2440 2574 6100 3801 6638 8533 7972 2440 3059 4691 2574 6638 7559 6264 8533 3059 67 5105 4691 7559 3900 2396 6264 67 2685 6394 5105 3900 1530 5489 2396 2685 415 7170 6394 1530 1928 4470 5489 415 2105 5116 7170 1928 5484 6663 4470 2105 8131 2187 5116 5484 4236 4787 6663 8131 8180 5261 2187 4236 8894 1470 4787 8180 7392 3931 5261 8894 2049 7343 1470 7392 4481 7577 3931 3008 7730 5471 6229 3757 3980 1143 8980 7730 3887 6005 5471 3980 5826 3820 1143 3887 1597 3154 6005 5826 7114 1450 3820 1597 5981 4741 3154 7114 639 2291 1450 5981 8501 4006 4741 639 4095 6856 2291 8501 4034 5495 4006 4095 1100 7876 6856 4034 8428 1551 5495 1100 1201 5233 7876 8428 5444 4238 1551 1201 2029 3337 5233 5444 7503 8139 4238 2029 6125 1552 3337 7503 5835 7422 8139 6125 6100 9080 1552 5835 7972 8035 7422 6100 2574 3292 9080 7972 8533 7521 8035 2574 4691 5408 3292 8533 6264 8614 7521 4691 5105 4842 5408 6264 2396 9222 8614 5105 6394 7937 4842 2396 5489 119 9222 6394 7170 3673 7937 5489 4470 3645 119 7170 5116 2641 3673 4470 6663 5047 3645 5116 2187 1775 2641 6663 4787 5385 5047 2187 5261 618 1775 4787 1470 8155 5385 5261 3931 3042 618 1470 7343 1815 8155 3931 7577 5666 3042 6229 5471 4555 3259 8980 1143 4393 7687 5471 6005 5544 4555 1143 3820 1799 4393 6005 3154 432 5544 3820 1450 9053 1799 3154 4741 6482 432 1450 2291 6833 9053 4741 4006 8518 6482 2291 6856 2170 6833 4006 5495 7358 8518 6856 7876 4963 2170 5495 1551 6168 7358 7876 5233 7942 4963 1551 4238 91 6168 5233 3337 4748 7942 4238 8139 3640 91 3337 1552 1902 4748 8139 7422 3281 3640 1552 9080 5058 1902 7422 8035 3682 3281 9080 3292 4251 5058 8035 7521 8022 3682 3292 5408 7152 4251 7521 8614 3165 8022 5408 4842 2195 7152 8614 9222 5290 3165 4842 7937 3797 2195 9222 119 6766 5290 7937 3673 6516 3797 119 3645 3293 6766 3673 2641 3634 6516 3645 5047 2414 3293 2641 1775 8444 3634 5047 5385 4878 2414 1775 618 2053 8444 5385 8155 4529 4878 618 3042 6024 2053 8155 1815 6274 4529 3042 5666 7731 6024 3259 4555 1383 8994 7687 4393 1399 7826 4555 5544 1784 1383 4393 1799 6743 1399 5544 432 4931 1784 1799 9053 22 6743 432 6482 913 4931 9053 6833 1800 22 6482 8518 1495 913 6833 2170 6775 1800 8518 7358 1109 1495 2170 4963 898 6775 7358 6168 7882 1109 4963 7942 4071 898 6168 91 470 7882 7942 4748 2946 4071 91 3640 6648 470 4748 1902 4942 2946 3640 3281 9168 6648 1902 5058 4030 4942 3281 3682 8562 9168 5058 4251 1099 4030 3682 8022 3858 8562 4251 7152 3058 1099 8022 3165 7090 3858 7152 2195 6520 3058 3165 5290 6969 7090 2195 3797 7012 6520 5290 6766 8443 6969 3797 6516 449 7012 6766 3293 9029 8443 6516 3634 855 449 3293 2414 6852 9029 3634 8444 277 855 2414 4878 3916 6852 8444 2053 7300 277 4878 4529 9077 3916 2053 6024 3890 7300 4529 6274 5819 9077 6024 7731 2007 3890 8994 1383 7382 2320 7826 1399 5287 8862 1383 1784 1438 7382 1399 6743 8361 5287 1784 4931 7663 1438 6743 22 5778 8361 4931 913 2341 7663 22 1800 796 5778 913 1495 3851 2341 1800 6775 3619 796 1495 1109 832 3851 6775 898 3993 3619 1109 7882 8954 832 898 4071 8725 3993 7882 470 6002 8954 4071 2946 761 8725 470 6648 5697 6002 2946 4942 1238 761 6648 9168 4062 5697 4942 4030 5268 1238 9168 8562 6878 4062 4030 1099 7162 5268 8562 3858 2862 6878 1099 3058 5169 7162 3858 7090 3280 2862 3058 6520 4767 5169 7090 6969 4174 3280 6520 7012 8024 4767 6969 8443 1002 4174 7012 449 7583 8024 8443 9029 4898 1002 449 855 5906 7583 9029 6852 693 4898 855 277 2232 5906 6852 3916 1069 693 277 7300 7752 2232 3916 9077 8794 1069 7300 3890 3618 7752 9077 5819 6189 8794 3890 2007 2541 3618 2320 7382 8851 5382 8862 5287 7264 5362 7382 1438 1906 8851 5287 8361 2665 7264 1438 7663 1641 1906 8361 5778 6353 2665 7663 2341 2586 1641 5778 796 2800 6353 2341 3851 6714 2586 796 3619 7494 2800 3851 832 8897 6714 3619 3993 8347 7494 832 8954 1690 8897 3993 8725 2731 8347 8954 6002 7364 1690 8725 761 5553 2731 6002 5697 3220 7364 761 1238 7908 5553 5697 4062 8258 3220 1238 5268 2371 7908 4062 6878 3683 8258 5268 7162 5846 2371 6878 2862 8831 3683 7162 5169 4866 5846 2862 3280 2011 8831 5169 4767 1140 4866 3280 4174 8719 2011 4767 8024 1060 1140 4174 1002 1422 8719 8024 7583 5555 1060 1002 4898 6629 1422 7583 5906 4510 5555 4898 693 5522 6629 5906 2232 3384 4510 693 1069 3064 5522 2232 7752 739 3384 1069 8794 7800 3064 7752 3618 5533 739 8794 6189 6146 7800 3618 2541 1332 5533 5382 8851 4592 8728 5362 7264 9116 5226 8851 1906 8662 4592 7264 2665 7508 9116 1906 1641 1110 8662 2665 6353 78 7508 1641 2586 7211 1110 6353 2800 2374 78 2586 6714 6518 7211 2800 7494 5102 2374 6714 8897 8819 6518 7494 8347 1777 5102 8897 1690 5117 8819 8347 2731 3028 1777 1690 7364 3939 5117 2731 5553 1650 3028 7364 3220 2069 3939 5553 7908 9186 1650 3220 8258 6220 2069 7908 2371 5006 9186 8258 3683 1725 6220 2371 5846 3533 5006 3683 8831 8696 1725 5846 4866 883 3533 8831 2011 2839 8696 4866 1140 773 883 2011 8719 4092 2839 1140 1060 3056 773 8719 1422 1550 4092 1060 5555 7995 3056 1422 6629 736 1550 5555 4510 351 7995 6629 5522 4754 736 4510 3384 1482 351 5522 3064 3447 4754 3384 739 2290 1482 3064 7800 5772 3447 739 5533 3685 2290 7800 6146 1437 5772 5533 1332 7783 3685 8728 4592 7374 2697 5226 9116 8384 3227 4592 8662 6816 7374 9116 7508 5998 8384 8662 1110 5415 6816 7508 78 123 5998 1110 7211 7727 5415 78 2374 81 123 7211 6518 1043 7727 2374 5102 8062 81 6518 8819 6344 1043 5102 1777 3495 8062 8819 5117 8 6344 1777 3028 996 3495 5117 3939 9012 8 3028 1650 4117 996 3939 2069 3644 9012 1650 9186 2613 4117 2069 6220 9058 3644 9186 5006 4823 2613 6220 1725 4299 9058 5006 3533 8722 4823 1725 8696 9104 4299 3533 883 9172 8722 8696 2839 4391 9104 883 773 4808 9172 2839 4092 2776 4391 773 3056 5428 4808 4092 1550 7697 2776 3056 7995 7294 5428 1550 736 5552 7697 7995 351 1281 7294 736 4754 3330 5552 351 1482 8377 1281 4754 3447 7399 3330 1482 2290 1960 8377 3447 5772 3116 7399 2290 3685 4758 1960 5772 1437 3396 3116 3685 7783 8355 4758 2697 7374 3150 6147 3227 8384 4336 4687 7374 6816 4851 3150 8384 5998 6794 4336 6816 5415 6175 4851 5998 123 346 6794 5415 7727 5386 6175 123 81 1351 346 7727 1043 988 5386 81 8062 6923 1351 1043 6344 6739 988 8062 3495 9031 6923 6344 8 7100 6739 3495 996 7896 9031 8 9012 3416 7100 996 4117 8088 7896 9012 3644 6723 3416 4117 2613 8747 8088 3644 9058 5216 6723 2613 4823 3940 8747 9058 4299 2491 5216 4823 8722 488 3940 4299 9104 6319 2491 8722 9172 3701 488 9104 4391 5008 6319 9172 4808 8259 3701 4391 2776 7514 5008 4808 5428 2174 8259 2776 7697 613 7514 5428 7294 2985 2174 7697 5552 1580 613 7294 1281 8343 2985 5552 3330 2376 1580 1281 8377 3781 8343 3330 7399 7393 2376 8377 1960 5334 3781 7399 3116 4729 7393 1960 4758 8771 5334 3116 3396 7650 4729 4758 8355 5739 8771 6147 3150 5079 1599 4687 4336 8701 4282 3150 4851 1732 5079 4336 6794 3312 8701 4851 6175 1055 1732 6794 346 33 3312 6175 5386 4433 1055 346 1351 4652 33 5386 988 6826 4433 1351 6923 927 4652 988 6739 7716 6826 6923 9031 8984 927 6739 7100 3535 7716 9031 7896 6166 8984 7100 3416 8928 3535 7896 8088 1504 6166 3416 6723 7946 8928 8088 8747 4958 1504 6723 5216 5078 7946 8747 3940 5285 4958 5216 2491 1755 5078 3940 488 830 5285 2491 6319 496 1755 488 3701 2843 830 6319 5008 246 496 3701 8259 8089 2843 5008 7514 6782 246 8259 2174 3310 8089 7514 613 908 6782 2174 2985 4543 3310 613 1580 5783 908 2985 8343 8654 4543 1580 2376 4038 5783 8343 3781 209 8654 2376 7393 7201 4038 3781 5334 3744 209 7393 4729 7615 7201 5334 8771 9179 3744 4729 7650 7278 7615 8771 5739 7999 9179 1599 5079 458 2052 4282 8701 570 516 5079 1732 7509 458 8701 3312 7683 570 1732 1055 466 7509 3312 33 365 7683 1055 4433 3735 466 33 4652 7943 365 4433 6826 3857 3735 4652 927 7023 7943 6826 7716 958 3857 927 8984 2644 7023 7716 3535 8185 958 8984 6166 2866 2644 3535 8928 1487 8185 6166 1504 7029 2866 8928 7946 5074 1487 1504 4958 6137 7029 7946 5078 5370 5074 4958 5285 9081 6137 5078 1755 1359 5370 5285 830 8971 9081 1755 496 5865 1359 830 2843 4476 8971 496 246 6208 5865 2843 8089 7957 4476 246 6782 5039 6208 8089 3310 2824 7957 6782 908 5751 5039 3310 4543 6089 2824 908 5783 407 5751 4543 8654 2588 6089 5783 4038 6903 407 8654 209 378 2588 4038 7201 5878 6903 209 3744 8892 378 7201 7615 122 5878 3744 9179 2826 8892 7615 7278 1096 122 9179 7999 3273 2826 2052 458 939 2533 516 570 8203 3101 458 7509 5266 939 570 7683 5303 8203 7509 466 5054 5266 7683 365 2497 5303 466 3735 7148 5054 365 7943 1065 2497 3735 3857 195 7148 7943 7023 1503 1065 3857 958 9254 195 7023 2644 8072 1503 958 8185 8399 9254 2644 2866 1068 8072 8185 1487 673 8399 2866 7029 9187 1068 1487 5074 5543 673 7029 6137 4193 9187 5074 5370 2650 5543 6137 9081 3845 4193 5370 1359 7528 2650 9081 8971 471 3845 1359 5865 9146 7528 8971 4476 6167 471 5865 6208 5231 9146 4476 7957 7069 6167 6208 5039 4339 5231 7957 2824 5815 7069 5039 5751 5689 4339 2824 6089 1997 5815 5751 407 3260 5689 6089 2588 7340 1997 407 6903 9154 3260 2588 378 5632 7340 6903 5878 2026 9154 378 8892 4025 5632 5878 122 4751 2026 8892 2826 5255 4025 122 1096 3229 4751 2826 3273 5813 5255 2533 939 3425 711 3101 8203 6155 2990 939 5266 6735 3425 8203 5303 4308 6155 5266 5054 3074 6735 5303 2497 4202 4308 5054 7148 2208 3074 2497 1065 281 4202 7148 195 87 2208 1065 1503 6659 281 195 9254 9094 87 1503 8072 7585 6659 9254 8399 690 9094 8072 1068 6622 7585 8399 673 228 690 1068 9187 5219 6622 673 5543 8907 228 9187 4193 7669 5219 5543 2650 824 8907 4193 3845 1061 7669 2650 7528 680 824 3845 471 1993 1061 7528 9146 7537 680 471 6167 7196 1993 9146 5231 730 7537 6167 7069 4899 7196 5231 4339 2651 730 7069 5815 1783 4899 4339 5689 6198 2651 5815 1997 8663 1783 5689 3260 650 6198 1997 7340 4577 8663 3260 9154 6123 650 7340 5632 4776 4577 9154 2026 5197 6123 5632 4025 258 4776 2026 4751 1939 5197 4025 5255 6193 258 4751 3229 1561 1939 5255 5813 5221 6193 711 3425 3272 8586 2990 6155 1447 5490 3425 6735 1297 3272 6155 4308 4079 1447 6735 3074 3679 1297 4308 4202 8623 4079 3074 2208 2610 3679 4202 281 5872 8623 2208 87 1212 2610 281 6659 603 5872 87 9094 6150 1212 6659 7585 8884 603 9094 690 4658 6150 7585 6622 4366 8884 690 228 3248 4658 6622 5219 6656 4366 228 8907 5996 3248 5219 7669 5518 6656 8907 824 4657 5996 7669 1061 1025 5518 824 680 6992 4657 1061 1993 7383 1025 680 7537 5647 6992 1993 7196 4993 7383 7537 730 6804 5647 7196 4899 6442 4993 730 2651 3041 6804 4899 1783 4760 6442 2651 6198 6062 3041 1783 8663 566 4760 6198 650 5052 6062 8663 4577 8426 566 650 6123 4819 5052 4577 4776 2373 8426 6123 5197 6844 4819 4776 258 3584 2373 5197 1939 8699 6844 258 6193 2854 3584 1939 1561 3847 8699 6193 5221 4864 2854 8586 3272 4985 6967 5490 1447 1838 3452 3272 1297 1797 4985 1447 4079 1568 1838 1297 3679 5807 1797 4079 8623 3076 1568 3679 2610 716 5807 8623 5872 4971 3076 2610 1212 8496 716 5872 603 1924 4971 1212 6150 1771 8496 603 8884 155 1924 6150 4658 8585 1771 8884 4366 517 155 4658 3248 1194 8585 4366 6656 8440 517 3248 5996 3830 1194 6656 5518 556 8440 5996 4657 5083 3830 5518 1025 7144 556 4657 6992 4439 5083 1025 7383 5143 7144 6992 5647 7735 4439 7383 4993 7661 5143 5647 6804 9242 7735 4993 6442 6055 7661 6804 3041 6216 9242 6442 4760 5291 6055 3041 6062 6664 6216 4760 566 8787 5291 6062 5052 2646 6664 566 8426 3261 8787 5052 4819 7505 2646 8426 2373 6786 3261 4819 6844 3769 7505 2373 3584 7632 6786 6844 8699 9076 3769 3584 2854 4166 7632 8699 3847 3134 9076 2854 4864 3140 4166 6967 4985 5617 1702 3452 1838 8520 3799 4985 1797 4227 5617 1838 1568 5003 8520 1797 5807 2675 4227 1568 3076 815 5003 5807 716 4702 2675 3076 4971 2334 815 716 8496 3602 4702 4971 1924 599 2334 8496 1771 1659 3602 1924 155 9070 599 1771 8585 5328 1659 155 517 1111 9070 8585 1194 4738 5328 517 8440 5767 1111 1194 3830 8680 4738 8440 556 5378 5767 3830 5083 8504 8680 556 7144 2584 5378 5083 4439 2994 8504 7144 5143 604 2584 4439 7735 1605 2994 5143 7661 8233 604 7735 9242 8620 1605 7661 6055 8507 8233 9242 6216 1442 8620 6055 5291 5949 8507 6216 6664 4033 1442 5291 8787 8659 5949 6664 2646 3934 4033 8787 3261 5270 8659 2646 7505 1816 3934 3261 6786 5269 5270 7505 3769 1315 1816 6786 7632 3898 5269 3769 9076 8286 1315 7632 4166 3998 3898 9076 3134 1028 8286 4166 3140 8187 3998 1702 5617 8703 296 3799 8520 5208 2298 5617 4227 7453 8703 8520 5003 171 5208 4227 2675 2858 7453 5003 815 6280 171 2675 4702 4784 2858 815 2334 1940 6280 4702 3602 1252 4784 2334 599 6939 1940 3602 1659 6092 1252 599 9070 5394 6939 1659 5328 8195 6092 9070 1111 3667 5394 5328 4738 6542 8195 1111 5767 8248 3667 4738 8680 9234 6542 5767 5378 2254 8248 8680 8504 6085 9234 5378 2584 1026 2254 8504 2994 4064 6085 2584 604 5041 1026 2994 1605 2550 4064 604 8233 6209 5041 1605 8620 6553 2550 8233 8507 607 6209 8620 1442 6165 6553 8507 5949 3612 607 1442 4033 1691 6165 5949 8659 5829 3612 4033 3934 978 1691 8659 5270 7237 5829 3934 1816 9155 978 5270 5269 4473 7237 1816 1315 3383 9155 5269 3898 6640 4473 1315 8286 3852 3383 3898 3998 5808 6640 8286 1028 7655 3852 3998 8187 5755 5808 296 8703 5740 5276 2298 5208 3552 5475 8703 7453 2148 5740 5208 171 8664 3552 7453 2858 5135 2148 171 6280 8964 8664 2858 4784 5427 5135 6280 1940 4358 8964 4784 1252 6560 5427 1940 6939 4099 4358 1252 6092 4480 6560 6939 5394 2722 4099 6092 8195 5667 4480 5394 3667 2687 2722 8195 6542 5035 5667 3667 8248 8077 2687 6542 9234 1929 5035 8248 2254 7978 8077 9234 6085 8021 1929 2254 1026 3482 7978 6085 4064 7088 8021 1026 5041 2964 3482 4064 2550 3669 7088 5041 6209 3560 2964 2550 6553 7415 3669 6209 607 3775 3560 6553 6165 6802 7415 607 3612 8740 3775 6165 1691 4377 6802 3612 5829 1118 8740 1691 978 4635 4377 5829 7237 3403 1118 978 9155 6876 4635 7237 4473 4704 3403 9155 3383 7052 6876 4473 6640 4265 4704 3383 3852 6440 7052 6640 5808 3719 4265 3852 7655 6840 6440 5808 5755 6 3719 5276 5740 8447 3366 5475 3552 6164 2694 5740 2148 6026 8447 3552 8664 7520 6164 2148 5135 2609 6026 8664 8964 1325 7520 5135 5427 1322 2609 8964 4358 7464 1325 5427 6560 2738 1322 4358 4099 7143 7464 6560 4480 4802 2738 4099 2722 3468 7143 4480 5667 2133 4802 2722 2687 2467 3468 5667 5035 3856 2133 2687 8077 3586 2467 5035 1929 8039 3856 8077 7978 411 3586 1929 8021 3320 8039 7978 3482 6298 411 8021 7088 2293 3320 3482 2964 8448 6298 7088 3669 8795 2293 2964 3560 8921 8448 3669 7415 5228 8795 3560 3775 3798 8921 7415 6802 5882 5228 3775 8740 3385 3798 6802 4377 7666 5882 8740 1118 6908 3385 4377 4635 5918 7666 1118 3403 3784 6908 4635 6876 6329 5918 3403 4704 3837 3784 6876 7052 4396 6329 4704 4265 8939 3837 7052 6440 2779 4396 4265 3719 6013 8939 6440 6840 4693 2779 3719 6 4827 6013 3366 8447 8229 4240 2694 6164 6823 797 8447 6026 4088 8229 6164 7520 6309 6823 6026 2609 7969 4088 7520 1325 5144 6309 2609 1322 2542 7969 1325 7464 3502 5144 1322 2738 3802 2542 7464 7143 7475 3502 2738 4802 9215 3802 7143 3468 4749 7475 4802 2133 2386 9215 3468 2467 4921 4749 2133 3856 2239 2386 2467 3586 8784 4921 3856 8039 1136 2239 3586 411 5152 8784 8039 3320 5012 1136 411 6298 9164 5152 3320 2293 1407 5012 6298 8448 121 9164 2293 8795 7656 1407 8448 8921 8091 121 8795 5228 7366 7656 8921 3798 4937 8091 5228 5882 8219 7366 3798 3385 8978 4937 5882 7666 2714 8219 3385 6908 4545 8978 7666 5918 1918 2714 6908 3784 1318 4545 5918 6329 446 1918 3784 3837 6269 1318 6329 4396 5688 446 3837 8939 1710 6269 4396 2779 7427 5688 8939 6013 3055 1710 2779 4693 5356 7427 6013 4827 5960 3055 3448 60 3980 3757 2935 8188 2639 4981 60 8779 5826 3980 8188 6599 5302 2639 8779 3374 7114 5826 6599 6529 102 5302 3374 3130 639 7114 6529 7704 4755 102 3130 8802 4095 639 7704 4279 1976 4755 8802 7297 1100 4095 4279 7797 2459 1976 7297 5125 1201 1100 7797 7019 9051 2459 5125 8502 2029 1201 7019 5506 5635 9051 8502 7863 6125 2029 5506 1473 1035 5635 7863 5027 6100 6125 1473 1207 5765 1035 5027 2440 2574 6100 1207 1969 1980 5765 2440 3059 4691 2574 1969 8189 5988 1980 3059 67 5105 4691 8189 1961 8554 5988 67 2685 6394 5105 1961 8031 143 8554 2685 415 7170 6394 8031 4718 8093 143 415 2105 5116 7170 4718 1751 1723 8093 2105 8131 2187 5116 1751 8565 6369 1723 8131 8180 5261 2187 8565 4938 7477 6369 8180 7392 3931 5261 4938 475 1746 7477 7392 4481 7577 3931 475 8598 304 1746 3757 3980 1143 8980 4981 2639 6450 4765 3980 5826 3820 1143 2639 5302 6090 6450 5826 7114 1450 3820 5302 102 5059 6090 7114 639 2291 1450 102 4755 4252 5059 639 4095 6856 2291 4755 1976 4389 4252 4095 1100 7876 6856 1976 2459 1742 4389 1100 1201 5233 7876 2459 9051 696 1742 1201 2029 3337 5233 9051 5635 1735 696 2029 6125 1552 3337 5635 1035 9018 1735 6125 6100 9080 1552 1035 5765 5856 9018 6100 2574 3292 9080 5765 1980 4682 5856 2574 4691 5408 3292 1980 5988 1147 4682 4691 5105 4842 5408 5988 8554 2682 1147 5105 6394 7937 4842 8554 143 7558 2682 6394 7170 3673 7937 143 8093 4651 7558 7170 5116 2641 3673 8093 1723 8402 4651 5116 2187 1775 2641 1723 6369 2593 8402 2187 5261 618 1775 6369 7477 1520 2593 5261 3931 3042 618 7477 1746 3765 1520 3931 7577 5666 3042 1746 304 8171 3765 8980 1143 4393 7687 4765 6450 542 7679 1143 3820 1799 4393 6450 6090 5535 542 3820 1450 9053 1799 6090 5059 4386 5535 1450 2291 6833 9053 5059 4252 266 4386 2291 6856 2170 6833 4252 4389 4926 266 6856 7876 4963 2170 4389 1742 3661 4926 7876 5233 7942 4963 1742 696 3408 3661 5233 3337 4748 7942 696 1735 3338 3408 3337 1552 1902 4748 1735 9018 816 3338 1552 9080 5058 1902 9018 5856 7590 816 9080 3292 4251 5058 5856 4682 6342 7590 3292 5408 7152 4251 4682 1147 6406 6342 5408 4842 2195 7152 1147 2682 7621 6406 4842 7937 3797 2195 2682 7558 4293 7621 7937 3673 6516 3797 7558 4651 3796 4293 3673 2641 3634 6516 4651 8402 7975 3796 2641 1775 8444 3634 8402 2593 7373 7975 1775 618 2053 8444 2593 1520 7204 7373 618 3042 6024 2053 1520 3765 863 7204 3042 5666 7731 6024 3765 8171 9169 863 7687 4393 1399 7826 7679 542 420 3158 4393 1799 6743 1399 542 5535 9184 420 1799 9053 22 6743 5535 4386 5508 9184 9053 6833 1800 22 4386 266 1646 5508 6833 2170 6775 1800 266 4926 4135 1646 2170 4963 898 6775 4926 3661 2426 4135 4963 7942 4071 898 3661 3408 1471 2426 7942 4748 2946 4071 3408 3338 3773 1471 4748 1902 4942 2946 3338 816 2064 3773 1902 5058 4030 4942 816 7590 5023 2064 5058 4251 1099 4030 7590 6342 2500 5023 4251 7152 3058 1099 6342 6406 8934 2500 7152 2195 6520 3058 6406 7621 7604 8934 2195 3797 7012 6520 7621 4293 8956 7604 3797 6516 449 7012 4293 3796 2661 8956 6516 3634 855 449 3796 7975 5477 2661 3634 8444 277 855 7975 7373 4517 5477 8444 2053 7300 277 7373 7204 1985 4517 2053 6024 3890 7300 7204 863 3118 1985 6024 7731 2007 3890 863 9169 7580 3118 7826 1399 5287 8862 3158 420 7866 5301 1399 6743 8361 5287 420 9184 1267 7866 6743 22 5778 8361 9184 5508 8348 1267 22 1800 796 5778 5508 1646 5936 8348 1800 6775 3619 796 1646 4135 238 5936 6775 898 3993 3619 4135 2426 5634 238 898 4071 8725 3993 2426 1471 3442 5634 4071 2946 761 8725 1471 3773 3451 3442 2946 4942 1238 761 3773 2064 4204 3451 4942 4030 5268 1238 2064 5023 8424 4204 4030 1099 7162 5268 5023 2500 6199 8424 1099 3058 5169 7162 2500 8934 8633 6199 3058 6520 4767 5169 8934 7604 7688 8633 6520 7012 8024 4767 7604 8956 3460 7688 7012 449 7583 8024 8956 2661 8608 3460 449 855 5906 7583 2661 5477 7456 8608 855 277 2232 5906 5477 4517 168 7456 277 7300 7752 2232 4517 1985 8611 168 7300 3890 3618 7752 1985 3118 1676 8611 3890 2007 2541 3618 3118 7580 2066 1676 8862 5287 7264 5362 5301 7866 8541 8050 5287 8361 2665 7264 7866 1267 4374 8541 8361 5778 6353 2665 1267 8348 4730 4374 5778 796 2800 6353 8348 5936 8774 4730 796 3619 7494 2800 5936 238 4224 8774 3619 3993 8347 7494 238 5634 3180 4224 3993 8725 2731 8347 5634 3442 4669 3180 8725 761 5553 2731 3442 3451 8649 4669 761 1238 7908 5553 3451 4204 6283 8649 1238 5268 2371 7908 4204 8424 1995 6283 5268 7162 5846 2371 8424 6199 4565 1995 7162 5169 4866 5846 6199 8633 4989 4565 5169 4767 1140 4866 8633 7688 7803 4989 4767 8024 1060 1140 7688 3460 8019 7803 8024 7583 5555 1060 3460 8608 8741 8019 7583 5906 4510 5555 8608 7456 8509 8741 5906 2232 3384 4510 7456 168 6034 8509 2232 7752 739 3384 168 8611 200 6034 7752 3618 5533 739 8611 1676 330 200 3618 2541 1332 5533 1676 2066 2279 330 5362 7264 9116 5226 8050 8541 8441 2868 7264 2665 7508 9116 8541 4374 6504 8441 2665 6353 78 7508 4374 4730 6301 6504 6353 2800 2374 78 4730 8774 2981 6301 2800 7494 5102 2374 8774 4224 2314 2981 7494 8347 1777 5102 4224 3180 1524 2314 8347 2731 3028 1777 3180 4669 6593 1524 2731 5553 1650 3028 4669 8649 2984 6593 5553 7908 9186 1650 8649 6283 8234 2984 7908 2371 5006 9186 6283 1995 1486 8234 2371 5846 3533 5006 1995 4565 1244 1486 5846 4866 883 3533 4565 4989 7280 1244 4866 1140 773 883 4989 7803 5014 7280 1140 1060 3056 773 7803 8019 1514 5014 1060 5555 7995 3056 8019 8741 4305 1514 5555 4510 351 7995 8741 8509 4017 4305 4510 3384 1482 351 8509 6034 2395 4017 3384 739 2290 1482 6034 200 8844 2395 739 5533 3685 2290 200 330 609 8844 5533 1332 7783 3685 330 2279 6727 609 5226 9116 8384 3227 2868 8441 8017 337 9116 7508 5998 8384 8441 6504 2768 8017 7508 78 123 5998 6504 6301 1705 2768 78 2374 81 123 6301 2981 3376 1705 2374 5102 8062 81 2981 2314 8545 3376 5102 1777 3495 8062 2314 1524 6154 8545 1777 3028 996 3495 1524 6593 4924 6154 3028 1650 4117 996 6593 2984 1202 4924 1650 9186 2613 4117 2984 8234 3498 1202 9186 5006 4823 2613 8234 1486 3370 3498 5006 3533 8722 4823 1486 1244 4769 3370 3533 883 9172 8722 1244 7280 1553 4769 883 773 4808 9172 7280 5014 6777 1553 773 3056 5428 4808 5014 1514 3061 6777 3056 7995 7294 5428 1514 4305 6999 3061 7995 351 1281 7294 4305 4017 602 6999 351 1482 8377 1281 4017 2395 8640 602 1482 2290 1960 8377 2395 8844 8855 8640 2290 3685 4758 1960 8844 609 6654 8855 3685 7783 8355 4758 609 6727 7759 6654 3227 8384 4336 4687 337 8017 656 5587 8384 5998 6794 4336 8017 2768 2449 656 5998 123 346 6794 2768 1705 8850 2449 123 81 1351 346 1705 3376 7546 8850 81 8062 6923 1351 3376 8545 8281 7546 8062 3495 9031 6923 8545 6154 726 8281 3495 996 7896 9031 6154 4924 2067 726 996 4117 8088 7896 4924 1202 8859 2067 4117 2613 8747 8088 1202 3498 5250 8859 2613 4823 3940 8747 3498 3370 6324 5250 4823 8722 488 3940 3370 4769 6598 6324 8722 9172 3701 488 4769 1553 4270 6598 9172 4808 8259 3701 1553 6777 6335 4270 4808 5428 2174 8259 6777 3061 1522 6335 5428 7294 2985 2174 3061 6999 7861 1522 7294 1281 8343 2985 6999 602 198 7861 1281 8377 3781 8343 602 8640 4341 198 8377 1960 5334 3781 8640 8855 6745 4341 1960 4758 8771 5334 8855 6654 561 6745 4758 8355 5739 8771 6654 7759 7786 561 4687 4336 8701 4282 5587 656 2438 250 4336 6794 3312 8701 656 2449 2384 2438 6794 346 33 3312 2449 8850 3201 2384 346 1351 4652 33 8850 7546 2235 3201 1351 6923 927 4652 7546 8281 7522 2235 6923 9031 8984 927 8281 726 909 7522 9031 7896 6166 8984 726 2067 7723 909 7896 8088 1504 6166 2067 8859 3972 7723 8088 8747 4958 1504 8859 5250 9003 3972 8747 3940 5285 4958 5250 6324 853 9003 3940 488 830 5285 6324 6598 1029 853 488 3701 2843 830 6598 4270 7582 1029 3701 8259 8089 2843 4270 6335 4731 7582 8259 2174 3310 8089 6335 1522 6645 4731 2174 2985 4543 3310 1522 7861 3981 6645 2985 8343 8654 4543 7861 198 8967 3981 8343 3781 209 8654 198 4341 9230 8967 3781 5334 3744 209 4341 6745 3783 9230 5334 8771 9179 3744 6745 561 2926 3783 8771 5739 7999 9179 561 7786 2360 2926 4282 8701 570 516 250 2438 7136 4900 8701 3312 7683 570 2438 2384 7229 7136 3312 33 365 7683 2384 3201 24 7229 33 4652 7943 365 3201 2235 4546 24 4652 927 7023 7943 2235 7522 5720 4546 927 8984 2644 7023 7522 909 1741 5720 8984 6166 2866 2644 909 7723 3402 1741 6166 1504 7029 2866 7723 3972 7262 3402 1504 4958 6137 7029 3972 9003 1891 7262 4958 5285 9081 6137 9003 853 1600 1891 5285 830 8971 9081 853 1029 5458 1600 830 2843 4476 8971 1029 7582 1395 5458 2843 8089 7957 4476 7582 4731 3722 1395 8089 3310 2824 7957 4731 6645 2311 3722 3310 4543 6089 2824 6645 3981 5136 2311 4543 8654 2588 6089 3981 8967 6545 5136 8654 209 378 2588 8967 9230 115 6545 209 3744 8892 378 9230 3783 5467 115 3744 9179 2826 8892 3783 2926 6169 5467 9179 7999 3273 2826 2926 2360 7952 6169 516 570 8203 3101 4900 7136 2258 7645 570 7683 5303 8203 7136 7229 7058 2258 7683 365 2497 5303 7229 24 8456 7058 365 7943 1065 2497 24 4546 1030 8456 7943 7023 1503 1065 4546 5720 2377 1030 7023 2644 8072 1503 5720 1741 1594 2377 2644 2866 1068 8072 1741 3402 6907 1594 2866 7029 9187 1068 3402 7262 684 6907 7029 6137 4193 9187 7262 1891 4189 684 6137 9081 3845 4193 1891 1600 1994 4189 9081 8971 471 3845 1600 5458 8975 1994 8971 4476 6167 471 5458 1395 231 8975 4476 7957 7069 6167 1395 3722 7698 231 7957 2824 5815 7069 3722 2311 5503 7698 2824 6089 1997 5815 2311 5136 2469 5503 6089 2588 7340 1997 5136 6545 2219 2469 2588 378 5632 7340 6545 115 8008 2219 378 8892 4025 5632 115 5467 7553 8008 8892 2826 5255 4025 5467 6169 2794 7553 2826 3273 5813 5255 6169 7952 4035 2794 3101 8203 6155 2990 7645 2258 3767 6253 8203 5303 4308 6155 2258 7058 82 3767 5303 2497 4202 4308 7058 8456 2806 82 2497 1065 281 4202 8456 1030 652 2806 1065 1503 6659 281 1030 2377 3035 652 1503 8072 7585 6659 2377 1594 8469 3035 8072 1068 6622 7585 1594 6907 1305 8469 1068 9187 5219 6622 6907 684 3795 1305 9187 4193 7669 5219 684 4189 5929 3795 4193 3845 1061 7669 4189 1994 8177 5929 3845 471 1993 1061 1994 8975 2941 8177 471 6167 7196 1993 8975 231 1801 2941 6167 7069 4899 7196 231 7698 8891 1801 7069 5815 1783 4899 7698 5503 9171 8891 5815 1997 8663 1783 5503 2469 323 9171 1997 7340 4577 8663 2469 2219 7938 323 7340 5632 4776 4577 2219 8008 532 7938 5632 4025 258 4776 8008 7553 3009 532 4025 5255 6193 258 7553 2794 7151 3009 5255 5813 5221 6193 2794 4035 648 7151 2990 6155 1447 5490 6253 3767 5904 1276 6155 4308 4079 1447 3767 82 1962 5904 4308 4202 8623 4079 82 2806 9147 1962 4202 281 5872 8623 2806 652 5705 9147 281 6659 603 5872 652 3035 5698 5705 6659 7585 8884 603 3035 8469 904 5698 7585 6622 4366 8884 8469 1305 6729 904 6622 5219 6656 4366 1305 3795 8519 6729 5219 7669 5518 6656 3795 5929 1488 8519 7669 1061 1025 5518 5929 8177 1695 1488 1061 1993 7383 1025 8177 2941 3252 1695 1993 7196 4993 7383 2941 1801 4645 3252 7196 4899 6442 4993 1801 8891 943 4645 4899 1783 4760 6442 8891 9171 1758 943 1783 8663 566 4760 9171 323 3284 1758 8663 4577 8426 566 323 7938 7217 3284 4577 4776 2373 8426 7938 532 206 7217 4776 258 3584 2373 532 3009 2729 206 258 6193 2854 3584 3009 7151 5768 2729 6193 5221 4864 2854 7151 648 9225 5768 5490 1447 1838 3452 1276 5904 558 7474 1447 4079 1568 1838 5904 1962 8531 558 4079 8623 3076 1568 1962 9147 2883 8531 8623 5872 4971 3076 9147 5705 7155 2883 5872 603 1924 4971 5705 5698 9197 7155 603 8884 155 1924 5698 904 4990 9197 8884 4366 517 155 904 6729 4246 4990 4366 6656 8440 517 6729 8519 5760 4246 6656 5518 556 8440 8519 1488 3888 5760 5518 1025 7144 556 1488 1695 4106 3888 1025 7383 5143 7144 1695 3252 2423 4106 7383 4993 7661 5143 3252 4645 2583 2423 4993 6442 6055 7661 4645 943 5603 2583 6442 4760 5291 6055 943 1758 5244 5603 4760 566 8787 5291 1758 3284 1045 5244 566 8426 3261 8787 3284 7217 5735 1045 8426 2373 6786 3261 7217 206 2696 5735 2373 3584 7632 6786 206 2729 757 2696 3584 2854 4166 7632 2729 5768 2863 757 2854 4864 3140 4166 5768 9225 5530 2863 3452 1838 8520 3799 7474 558 1734 363 1838 1568 5003 8520 558 8531 6212 1734 1568 3076 815 5003 8531 2883 4509 6212 3076 4971 2334 815 2883 7155 1515 4509 4971 1924 599 2334 7155 9197 6065 1515 1924 155 9070 599 9197 4990 5274 6065 155 517 1111 9070 4990 4246 2683 5274 517 8440 5767 1111 4246 5760 7138 2683 8440 556 5378 5767 5760 3888 1935 7138 556 7144 2584 5378 3888 4106 8368 1935 7144 5143 604 2584 4106 2423 6864 8368 5143 7661 8233 604 2423 2583 862 6864 7661 6055 8507 8233 2583 5603 8388 862 6055 5291 5949 8507 5603 5244 846 8388 5291 8787 8659 5949 5244 1045 4732 846 8787 3261 5270 8659 1045 5735 571 4732 3261 6786 5269 5270 5735 2696 2000 571 6786 7632 3898 5269 2696 757 5304 2000 7632 4166 3998 3898 757 2863 6312 5304 4166 3140 8187 3998 2863 5530 4365 6312 3799 8520 5208 2298 363 1734 6047 7388 8520 5003 171 5208 1734 6212 429 6047 5003 815 6280 171 6212 4509 5565 429 815 2334 1940 6280 4509 1515 8812 5565 2334 599 6939 1940 1515 6065 2215 8812 599 9070 5394 6939 6065 5274 2397 2215 9070 1111 3667 5394 5274 2683 7883 2397 1111 5767 8248 3667 2683 7138 8076 7883 5767 5378 2254 8248 7138 1935 2684 8076 5378 2584 1026 2254 1935 8368 8481 2684 2584 604 5041 1026 8368 6864 3590 8481 604 8233 6209 5041 6864 862 6019 3590 8233 8507 607 6209 862 8388 6469 6019 8507 5949 3612 607 8388 846 6568 6469 5949 8659 5829 3612 846 4732 7465 6568 8659 5270 7237 5829 4732 571 4714 7465 5270 5269 4473 7237 571 2000 2594 4714 5269 3898 6640 4473 2000 5304 6658 2594 3898 3998 5808 6640 5304 6312 6294 6658 3998 8187 5755 5808 6312 4365 1810 6294 2298 5208 3552 5475 7388 6047 4839 2921 5208 171 8664 3552 6047 429 267 4839 171 6280 8964 8664 429 5565 3213 267 6280 1940 4358 8964 5565 8812 6521 3213 1940 6939 4099 4358 8812 2215 7051 6521 6939 5394 2722 4099 2215 2397 5354 7051 5394 3667 2687 2722 2397 7883 3646 5354 3667 8248 8077 2687 7883 8076 3279 3646 8248 2254 7978 8077 8076 2684 5914 3279 2254 1026 3482 7978 2684 8481 4485 5914 1026 5041 2964 3482 8481 3590 1508 4485 5041 6209 3560 2964 3590 6019 5550 1508 6209 607 3775 3560 6019 6469 806 5550 607 3612 8740 3775 6469 6568 4411 806 3612 5829 1118 8740 6568 7465 2142 4411 5829 7237 3403 1118 7465 4714 424 2142 7237 4473 4704 3403 4714 2594 890 424 4473 6640 4265 4704 2594 6658 8629 890 6640 5808 3719 4265 6658 6294 6859 8629 5808 5755 6 3719 6294 1810 3285 6859 5475 3552 6164 2694 2921 4839 8328 6860 3552 8664 7520 6164 4839 267 1255 8328 8664 8964 1325 7520 267 3213 4759 1255 8964 4358 7464 1325 3213 6521 4190 4759 4358 4099 7143 7464 6521 7051 7184 4190 4099 2722 3468 7143 7051 5354 2885 7184 2722 2687 2467 3468 5354 3646 7435 2885 2687 8077 3586 2467 3646 3279 6012 7435 8077 7978 411 3586 3279 5914 6817 6012 7978 3482 6298 411 5914 4485 6438 6817 3482 2964 8448 6298 4485 1508 3319 6438 2964 3560 8921 8448 1508 5550 7115 3319 3560 3775 3798 8921 5550 806 4460 7115 3775 8740 3385 3798 806 4411 3155 4460 8740 1118 6908 3385 4411 2142 3169 3155 1118 3403 3784 6908 2142 424 6383 3169 3403 4704 3837 3784 424 890 8052 6383 4704 4265 8939 3837 890 8629 1579 8052 4265 3719 6013 8939 8629 6859 1533 1579 3719 6 4827 6013 6859 3285 2330 1533 2694 6164 6823 797 6860 8328 8487 8918 6164 7520 6309 6823 8328 1255 6302 8487 7520 1325 5144 6309 1255 4759 8910 6302 1325 7464 3502 5144 4759 4190 29 8910 7464 7143 7475 3502 4190 7184 5816 29 7143 3468 4749 7475 7184 2885 946 5816 3468 2467 4921 4749 2885 7435 2362 946 2467 3586 8784 4921 7435 6012 3913 2362 3586 411 5152 8784 6012 6817 7135 3913 411 6298 9164 5152 6817 6438 8601 7135 6298 8448 121 9164 6438 3319 2954 8601 8448 8921 8091 121 3319 7115 4536 2954 8921 3798 4937 8091 7115 4460 6993 4536 3798 3385 8978 4937 4460 3155 3356 6993 3385 6908 4545 8978 3155 3169 1657 3356 6908 3784 1318 4545 3169 6383 4605 1657 3784 3837 6269 1318 6383 8052 7772 4605 3837 8939 1710 6269 8052 1579 2355 7772 8939 6013 3055 1710 1579 1533 6585 2355 6013 4827 5960 3055 1533 2330 6770 6585 2935 8188 2639 4981 216 588 2157 2165 8188 6599 5302 2639 588 5537 139 2157 6599 6529 102 5302 5537 1478 4596 139 6529 7704 4755 102 1478 2241 3738 4596 7704 4279 1976 4755 2241 1871 5886 3738 4279 7797 2459 1976 1871 7830 6217 5886 7797 7019 9051 2459 7830 3017 3274 6217 7019 5506 5635 9051 3017 5811 6040 3274 5506 1473 1035 5635 5811 3000 3133 6040 1473 1207 5765 1035 3000 5223 2509 3133 1207 1969 1980 5765 5223 2402 2777 2509 1969 8189 5988 1980 2402 7336 493 2777 8189 1961 8554 5988 7336 663 3821 493 1961 8031 143 8554 663 2185 8207 3821 8031 4718 8093 143 2185 4997 1874 8207 4718 1751 1723 8093 4997 7591 7304 1874 1751 8565 6369 1723 7591 5644 7171 7304 8565 4938 7477 6369 5644 8165 5277 7171 4938 475 1746 7477 8165 3471 7192 5277 475 8598 304 1746 3471 501 3069 7192 4981 2639 6450 4765 2165 2157 8056 3496 2639 5302 6090 6450 2157 139 2678 8056 5302 102 5059 6090 139 4596 4307 2678 102 4755 4252 5059 4596 3738 545 4307 4755 1976 4389 4252 3738 5886 3466 545 1976 2459 1742 4389 5886 6217 6690 3466 2459 9051 696 1742 6217 3274 2381 6690 9051 5635 1735 696 3274 6040 2679 2381 5635 1035 9018 1735 6040 3133 9260 2679 1035 5765 5856 9018 3133 2509 1682 9260 5765 1980 4682 5856 2509 2777 1639 1682 1980 5988 1147 4682 2777 493 9023 1639 5988 8554 2682 1147 493 3821 6144 9023 8554 143 7558 2682 3821 8207 758 6144 143 8093 4651 7558 8207 1874 7928 758 8093 1723 8402 4651 1874 7304 5030 7928 1723 6369 2593 8402 7304 7171 7476 5030 6369 7477 1520 2593 7171 5277 8881 7476 7477 1746 3765 1520 5277 7192 8340 8881 1746 304 8171 3765 7192 3069 6068 8340 4765 6450 542 7679 3496 8056 1245 37 6450 6090 5535 542 8056 2678 4537 1245 6090 5059 4386 5535 2678 4307 5648 4537 5059 4252 266 4386 4307 545 5597 5648 4252 4389 4926 266 545 3466 1038 5597 4389 1742 3661 4926 3466 6690 5888 1038 1742 696 3408 3661 6690 2381 4709 5888 696 1735 3338 3408 2381 2679 314 4709 1735 9018 816 3338 2679 9260 1556 314 9018 5856 7590 816 9260 1682 8087 1556 5856 4682 6342 7590 1682 1639 5930 8087 4682 1147 6406 6342 1639 9023 2637 5930 1147 2682 7621 6406 9023 6144 63 2637 2682 7558 4293 7621 6144 758 4180 63 7558 4651 3796 4293 758 7928 1904 4180 4651 8402 7975 3796 7928 5030 5855 1904 8402 2593 7373 7975 5030 7476 5830 5855 2593 1520 7204 7373 7476 8881 7849 5830 1520 3765 863 7204 8881 8340 8498 7849 3765 8171 9169 863 8340 6068 3563 8498 7679 542 420 3158 37 1245 2842 7976 542 5535 9184 420 1245 4537 5664 2842 5535 4386 5508 9184 4537 5648 2013 5664 4386 266 1646 5508 5648 5597 5694 2013 266 4926 4135 1646 5597 1038 7850 5694 4926 3661 2426 4135 1038 5888 1790 7850 3661 3408 1471 2426 5888 4709 1319 1790 3408 3338 3773 1471 4709 314 5812 1319 3338 816 2064 3773 314 1556 7189 5812 816 7590 5023 2064 1556 8087 894 7189 7590 6342 2500 5023 8087 5930 1389 894 6342 6406 8934 2500 5930 2637 3305 1389 6406 7621 7604 8934 2637 63 6932 3305 7621 4293 8956 7604 63 4180 537 6932 4293 3796 2661 8956 4180 1904 1778 537 3796 7975 5477 2661 1904 5855 6410 1778 7975 7373 4517 5477 5855 5830 124 6410 7373 7204 1985 4517 5830 7849 7568 124 7204 863 3118 1985 7849 8498 3777 7568 863 9169 7580 3118 8498 3563 390 3777 3158 420 7866 5301 7976 2842 7080 2186 420 9184 1267 7866 2842 5664 79 7080 9184 5508 8348 1267 5664 2013 4722 79 5508 1646 5936 8348 2013 5694 7639 4722 1646 4135 238 5936 5694 7850 502 7639 4135 2426 5634 238 7850 1790 7324 502 2426 1471 3442 5634 1790 1319 4157 7324 1471 3773 3451 3442 1319 5812 3207 4157 3773 2064 4204 3451 5812 7189 6477 3207 2064 5023 8424 4204 7189 894 8681 6477 5023 2500 6199 8424 894 1389 7848 8681 2500 8934 8633 6199 1389 3305 270 7848 8934 7604 7688 8633 3305 6932 2300 270 7604 8956 3460 7688 6932 537 3711 2300 8956 2661 8608 3460 537 1778 5891 3711 2661 5477 7456 8608 1778 6410 4448 5891 5477 4517 168 7456 6410 124 697 4448 4517 1985 8611 168 124 7568 8909 697 1985 3118 1676 8611 7568 3777 317 8909 3118 7580 2066 1676 3777 390 8298 317 5301 7866 8541 8050 2186 7080 1572 4220 7866 1267 4374 8541 7080 79 8395 1572 1267 8348 4730 4374 79 4722 682 8395 8348 5936 8774 4730 4722 7639 2778 682 5936 238 4224 8774 7639 502 5224 2778 238 5634 3180 4224 502 7324 3267 5224 5634 3442 4669 3180 7324 4157 2175 3267 3442 3451 8649 4669 4157 3207 3040 2175 3451 4204 6283 8649 3207 6477 938 3040 4204 8424 1995 6283 6477 8681 3941 938 8424 6199 4565 1995 8681 7848 2380 3941 6199 8633 4989 4565 7848 270 2102 2380 8633 7688 7803 4989 270 2300 455 2102 7688 3460 8019 7803 2300 3711 6025 455 3460 8608 8741 8019 3711 5891 1779 6025 8608 7456 8509 8741 5891 4448 3162 1779 7456 168 6034 8509 4448 697 713 3162 168 8611 200 6034 697 8909 6587 713 8611 1676 330 200 8909 317 937 6587 1676 2066 2279 330 317 8298 489 937 8050 8541 8441 2868 4220 1572 1870 3752 8541 4374 6504 8441 1572 8395 7149 1870 4374 4730 6301 6504 8395 682 5542 7149 4730 8774 2981 6301 682 2778 6935 5542 8774 4224 2314 2981 2778 5224 2488 6935 4224 3180 1524 2314 5224 3267 3011 2488 3180 4669 6593 1524 3267 2175 4320 3011 4669 8649 2984 6593 2175 3040 3985 4320 8649 6283 8234 2984 3040 938 4791 3985 6283 1995 1486 8234 938 3941 525 4791 1995 4565 1244 1486 3941 2380 2592 525 4565 4989 7280 1244 2380 2102 8305 2592 4989 7803 5014 7280 2102 455 5562 8305 7803 8019 1514 5014 455 6025 6759 5562 8019 8741 4305 1514 6025 1779 8148 6759 8741 8509 4017 4305 1779 3162 6916 8148 8509 6034 2395 4017 3162 713 9204 6916 6034 200 8844 2395 713 6587 7489 9204 200 330 609 8844 6587 937 1294 7489 330 2279 6727 609 937 489 3525 1294 2868 8441 8017 337 3752 1870 6432 6738 8441 6504 2768 8017 1870 7149 3647 6432 6504 6301 1705 2768 7149 5542 1903 3647 6301 2981 3376 1705 5542 6935 877 1903 2981 2314 8545 3376 6935 2488 6756 877 2314 1524 6154 8545 2488 3011 7098 6756 1524 6593 4924 6154 3011 4320 6749 7098 6593 2984 1202 4924 4320 3985 4278 6749 2984 8234 3498 1202 3985 4791 5575 4278 8234 1486 3370 3498 4791 525 5527 5575 1486 1244 4769 3370 525 2592 1455 5527 1244 7280 1553 4769 2592 8305 278 1455 7280 5014 6777 1553 8305 5562 1367 278 5014 1514 3061 6777 5562 6759 7040 1367 1514 4305 6999 3061 6759 8148 3088 7040 4305 4017 602 6999 8148 6916 5712 3088 4017 2395 8640 602 6916 9204 694 5712 2395 8844 8855 8640 9204 7489 9028 694 8844 609 6654 8855 7489 1294 5724 9028 609 6727 7759 6654 1294 3525 9160 5724 337 8017 656 5587 6738 6432 6820 7120 8017 2768 2449 656 6432 3647 1662 6820 2768 1705 8850 2449 3647 1903 9112 1662 1705 3376 7546 8850 1903 877 6784 9112 3376 8545 8281 7546 877 6756 906 6784 8545 6154 726 8281 6756 7098 997 906 6154 4924 2067 726 7098 6749 1629 997 4924 1202 8859 2067 6749 4278 1807 1629 1202 3498 5250 8859 4278 5575 6048 1807 3498 3370 6324 5250 5575 5527 3587 6048 3370 4769 6598 6324 5527 1455 5004 3587 4769 1553 4270 6598 1455 278 1284 5004 1553 6777 6335 4270 278 1367 7053 1284 6777 3061 1522 6335 1367 7040 3178 7053 3061 6999 7861 1522 7040 3088 3156 3178 6999 602 198 7861 3088 5712 4772 3156 602 8640 4341 198 5712 694 5109 4772 8640 8855 6745 4341 694 9028 1718 5109 8855 6654 561 6745 9028 5724 2539 1718 6654 7759 7786 561 5724 9160 2037 2539 5587 656 2438 250 7120 6820 2860 215 656 2449 2384 2438 6820 1662 7020 2860 2449 8850 3201 2384 1662 9112 2558 7020 8850 7546 2235 3201 9112 6784 6994 2558 7546 8281 7522 2235 6784 906 2234 6994 8281 726 909 7522 906 997 5723 2234 726 2067 7723 909 997 1629 1634 5723 2067 8859 3972 7723 1629 1807 2464 1634 8859 5250 9003 3972 1807 6048 5762 2464 5250 6324 853 9003 6048 3587 1525 5762 6324 6598 1029 853 3587 5004 4342 1525 6598 4270 7582 1029 5004 1284 7251 4342 4270 6335 4731 7582 1284 7053 1547 7251 6335 1522 6645 4731 7053 3178 7602 1547 1522 7861 3981 6645 3178 3156 8373 7602 7861 198 8967 3981 3156 4772 4639 8373 198 4341 9230 8967 4772 5109 8798 4639 4341 6745 3783 9230 5109 1718 2326 8798 6745 561 2926 3783 1718 2539 8065 2326 561 7786 2360 2926 2539 2037 3288 8065 250 2438 7136 4900 215 2860 3332 2812 2438 2384 7229 7136 2860 7020 6914 3332 2384 3201 24 7229 7020 2558 399 6914 3201 2235 4546 24 2558 6994 6206 399 2235 7522 5720 4546 6994 2234 8833 6206 7522 909 1741 5720 2234 5723 482 8833 909 7723 3402 1741 5723 1634 6580 482 7723 3972 7262 3402 1634 2464 1166 6580 3972 9003 1891 7262 2464 5762 5731 1166 9003 853 1600 1891 5762 1525 5560 5731 853 1029 5458 1600 1525 4342 2143 5560 1029 7582 1395 5458 4342 7251 89 2143 7582 4731 3722 1395 7251 1547 4367 89 4731 6645 2311 3722 1547 7602 193 4367 6645 3981 5136 2311 7602 8373 9235 193 3981 8967 6545 5136 8373 4639 6332 9235 8967 9230 115 6545 4639 8798 4774 6332 9230 3783 5467 115 8798 2326 2608 4774 3783 2926 6169 5467 2326 8065 7624 2608 2926 2360 7952 6169 8065 3288 5610 7624 4900 7136 2258 7645 2812 3332 360 3588 7136 7229 7058 2258 3332 6914 6039 360 7229 24 8456 7058 6914 399 4472 6039 24 4546 1030 8456 399 6206 291 4472 4546 5720 2377 1030 6206 8833 6573 291 5720 1741 1594 2377 8833 482 3974 6573 1741 3402 6907 1594 482 6580 4002 3974 3402 7262 684 6907 6580 1166 2017 4002 7262 1891 4189 684 1166 5731 9182 2017 1891 1600 1994 4189 5731 5560 5978 9182 1600 5458 8975 1994 5560 2143 6672 5978 5458 1395 231 8975 2143 89 2260 6672 1395 3722 7698 231 89 4367 3347 2260 3722 2311 5503 7698 4367 193 4239 3347 2311 5136 2469 5503 193 9235 2295 4239 5136 6545 2219 2469 9235 6332 8605 2295 6545 115 8008 2219 6332 4774 7708 8605 115 5467 7553 8008 4774 2608 65 7708 5467 6169 2794 7553 2608 7624 7272 65 6169 7952 4035 2794 7624 5610 6919 7272 7645 2258 3767 6253 3588 360 5196 2516 2258 7058 82 3767 360 6039 7834 5196 7058 8456 2806 82 6039 4472 6367 7834 8456 1030 652 2806 4472 291 5842 6367 1030 2377 3035 652 291 6573 5629 5842 2377 1594 8469 3035 6573 3974 3031 5629 1594 6907 1305 8469 3974 4002 6227 3031 6907 684 3795 1305 4002 2017 7071 6227 684 4189 5929 3795 2017 9182 6538 7071 4189 1994 8177 5929 9182 5978 4360 6538 1994 8975 2941 8177 5978 6672 6982 4360 8975 231 1801 2941 6672 2260 1754 6982 231 7698 8891 1801 2260 3347 3540 1754 7698 5503 9171 8891 3347 4239 1094 3540 5503 2469 323 9171 4239 2295 2911 1094 2469 2219 7938 323 2295 8605 8252 2911 2219 8008 532 7938 8605 7708 1088 8252 8008 7553 3009 532 7708 65 3341 1088 7553 2794 7151 3009 65 7272 5138 3341 2794 4035 648 7151 7272 6919 6808 5138 6253 3767 5904 1276 2516 5196 3198 7287 3767 82 1962 5904 5196 7834 8143 3198 82 2806 9147 1962 7834 6367 5438 8143 2806 652 5705 9147 6367 5842 3106 5438 652 3035 5698 5705 5842 5629 8832 3106 3035 8469 904 5698 5629 3031 7175 8832 8469 1305 6729 904 3031 6227 7103 7175 1305 3795 8519 6729 6227 7071 1338 7103 3795 5929 1488 8519 7071 6538 9161 1338 5929 8177 1695 1488 6538 4360 6310 9161 8177 2941 3252 1695 4360 6982 1612 6310 2941 1801 4645 3252 6982 1754 7608 1612 1801 8891 943 4645 1754 3540 5421 7608 8891 9171 1758 943 3540 1094 8621 5421 9171 323 3284 1758 1094 2911 7425 8621 323 7938 7217 3284 2911 8252 6074 7425 7938 532 206 7217 8252 1088 1624 6074 532 3009 2729 206 1088 3341 7548 1624 3009 7151 5768 2729 3341 5138 4991 7548 7151 648 9225 5768 5138 6808 4297 4991 1276 5904 558 7474 7287 3198 4785 5127 5904 1962 8531 558 3198 8143 3131 4785 1962 9147 2883 8531 8143 5438 3519 3131 9147 5705 7155 2883 5438 3106 2387 3519 5705 5698 9197 7155 3106 8832 2739 2387 5698 904 4990 9197 8832 7175 4434 2739 904 6729 4246 4990 7175 7103 7308 4434 6729 8519 5760 4246 7103 1338 7852 7308 8519 1488 3888 5760 1338 9161 6971 7852 1488 1695 4106 3888 9161 6310 2622 6971 1695 3252 2423 4106 6310 1612 7594 2622 3252 4645 2583 2423 1612 7608 8238 7594 4645 943 5603 2583 7608 5421 594 8238 943 1758 5244 5603 5421 8621 712 594 1758 3284 1045 5244 8621 7425 6095 712 3284 7217 5735 1045 7425 6074 27 6095 7217 206 2696 5735 6074 1624 8465 27 206 2729 757 2696 1624 7548 6140 8465 2729 5768 2863 757 7548 4991 137 6140 5768 9225 5530 2863 4991 4297 4865 137 7474 558 1734 363 5127 4785 7230 3265 558 8531 6212 1734 4785 3131 8965 7230 8531 2883 4509 6212 3131 3519 1681 8965 2883 7155 1515 4509 3519 2387 985 1681 7155 9197 6065 1515 2387 2739 5086 985 9197 4990 5274 6065 2739 4434 7958 5086 4990 4246 2683 5274 4434 7308 1831 7958 4246 5760 7138 2683 7308 7852 7035 1831 5760 3888 1935 7138 7852 6971 7021 7035 3888 4106 8368 1935 6971 2622 1033 7021 4106 2423 6864 8368 2622 7594 600 1033 2423 2583 862 6864 7594 8238 892 600 2583 5603 8388 862 8238 594 7746 892 5603 5244 846 8388 594 712 3840 7746 5244 1045 4732 846 712 6095 1269 3840 1045 5735 571 4732 6095 27 7131 1269 5735 2696 2000 571 27 8465 597 7131 2696 757 5304 2000 8465 6140 6086 597 757 2863 6312 5304 6140 137 3287 6086 2863 5530 4365 6312 137 4865 4946 3287 363 1734 6047 7388 3265 7230 4057 8815 1734 6212 429 6047 7230 8965 1264 4057 6212 4509 5565 429 8965 1681 1911 1264 4509 1515 8812 5565 1681 985 9150 1911 1515 6065 2215 8812 985 5086 6911 9150 6065 5274 2397 2215 5086 7958 3842 6911 5274 2683 7883 2397 7958 1831 6691 3842 2683 7138 8076 7883 1831 7035 1291 6691 7138 1935 2684 8076 7035 7021 3728 1291 1935 8368 8481 2684 7021 1033 5126 3728 8368 6864 3590 8481 1033 600 2988 5126 6864 862 6019 3590 600 892 2134 2988 862 8388 6469 6019 892 7746 8731 2134 8388 846 6568 6469 7746 3840 1724 8731 846 4732 7465 6568 3840 1269 5507 1724 4732 571 4714 7465 1269 7131 754 5507 571 2000 2594 4714 7131 597 7254 754 2000 5304 6658 2594 597 6086 3438 7254 5304 6312 6294 6658 6086 3287 7380 3438 6312 4365 1810 6294 3287 4946 8133 7380 7388 6047 4839 2921 8815 4057 4681 5139 6047 429 267 4839 4057 1264 3510 4681 429 5565 3213 267 1264 1911 5836 3510 5565 8812 6521 3213 1911 9150 3947 5836 8812 2215 7051 6521 9150 6911 1345 3947 2215 2397 5354 7051 6911 3842 4245 1345 2397 7883 3646 5354 3842 6691 6785 4245 7883 8076 3279 3646 6691 1291 3892 6785 8076 2684 5914 3279 1291 3728 26 3892 2684 8481 4485 5914 3728 5126 6499 26 8481 3590 1508 4485 5126 2988 9086 6499 3590 6019 5550 1508 2988 2134 2901 9086 6019 6469 806 5550 2134 8731 5433 2901 6469 6568 4411 806 8731 1724 8534 5433 6568 7465 2142 4411 1724 5507 5584 8534 7465 4714 424 2142 5507 754 5638 5584 4714 2594 890 424 754 7254 1016 5638 2594 6658 8629 890 7254 3438 2527 1016 6658 6294 6859 8629 3438 7380 4612 2527 6294 1810 3285 6859 7380 8133 1563 4612 2921 4839 8328 6860 5139 4681 4491 9177 4839 267 1255 8328 4681 3510 5879 4491 267 3213 4759 1255 3510 5836 7681 5879 3213 6521 4190 4759 5836 3947 1266 7681 6521 7051 7184 4190 3947 1345 5305 1266 7051 5354 2885 7184 1345 4245 2732 5305 5354 3646 7435 2885 4245 6785 6883 2732 3646 3279 6012 7435 6785 3892 847 6883 3279 5914 6817 6012 3892 26 8322 847 5914 4485 6438 6817 26 6499 2917 8322 4485 1508 3319 6438 6499 9086 4335 2917 1508 5550 7115 3319 9086 2901 8539 4335 5550 806 4460 7115 2901 5433 6478 8539 806 4411 3155 4460 5433 8534 268 6478 4411 2142 3169 3155 8534 5584 9115 268 2142 424 6383 3169 5584 5638 4271 9115 424 890 8052 6383 5638 1016 6044 4271 890 8629 1579 8052 1016 2527 7317 6044 8629 6859 1533 1579 2527 4612 2882 7317 6859 3285 2330 1533 4612 1563 6965 2882 6860 8328 8487 8918 9177 4491 2582 8398 8328 1255 6302 8487 4491 5879 4058 2582 1255 4759 8910 6302 5879 7681 6176 4058 4759 4190 29 8910 7681 1266 5402 6176 4190 7184 5816 29 1266 5305 560 5402 7184 2885 946 5816 5305 2732 3386 560 2885 7435 2362 946 2732 6883 2041 3386 7435 6012 3913 2362 6883 847 2705 2041 6012 6817 7135 3913 847 8322 624 2705 6817 6438 8601 7135 8322 2917 8374 624 6438 3319 2954 8601 2917 4335 967 8374 3319 7115 4536 2954 4335 8539 3678 967 7115 4460 6993 4536 8539 6478 36 3678 4460 3155 3356 6993 6478 268 2176 36 3155 3169 1657 3356 268 9115 3585 2176 3169 6383 4605 1657 9115 4271 50 3585 6383 8052 7772 4605 4271 6044 2404 50 8052 1579 2355 7772 6044 7317 3623 2404 1579 1533 6585 2355 7317 2882 332 3623 1533 2330 6770 6585 2882 6965 8754 332 216 588 2157 2165 7806 8543 2577 162 588 5537 139 2157 8543 1608 2836 2577 5537 1478 4596 139 1608 3160 3124 2836 1478 2241 3738 4596 3160 1978 141 3124 2241 1871 5886 3738 1978 4225 7987 141 1871 7830 6217 5886 4225 8494 1855 7987 7830 3017 3274 6217 8494 2662 9158 1855 3017 5811 6040 3274 2662 4272 3246 9158 5811 3000 3133 6040 4272 4208 8705 3246 3000 5223 2509 3133 4208 1999 8082 8705 5223 2402 2777 2509 1999 6094 5055 8082 2402 7336 493 2777 6094 5342 6257 5055 7336 663 3821 493 5342 4108 9200 6257 663 2185 8207 3821 4108 8856 349 9200 2185 4997 1874 8207 8856 2559 3371 349 4997 7591 7304 1874 2559 275 6207 3371 7591 5644 7171 7304 275 2276 2538 6207 5644 8165 5277 7171 2276 2897 2447 2538 8165 3471 7192 5277 2897 9189 8436 2447 3471 501 3069 7192 9189 8429 5613 8436 2165 2157 8056 3496 162 2577 4409 7225 2157 139 2678 8056 2577 2836 1265 4409 139 4596 4307 2678 2836 3124 4894 1265 4596 3738 545 4307 3124 141 1354 4894 3738 5886 3466 545 141 7987 8321 1354 5886 6217 6690 3466 7987 1855 3631 8321 6217 3274 2381 6690 1855 9158 5573 3631 3274 6040 2679 2381 9158 3246 745 5573 6040 3133 9260 2679 3246 8705 3569 745 3133 2509 1682 9260 8705 8082 1097 3569 2509 2777 1639 1682 8082 5055 664 1097 2777 493 9023 1639 5055 6257 300 664 493 3821 6144 9023 6257 9200 4668 300 3821 8207 758 6144 9200 349 2905 4668 8207 1874 7928 758 349 3371 6814 2905 1874 7304 5030 7928 3371 6207 7242 6814 7304 7171 7476 5030 6207 2538 3547 7242 7171 5277 8881 7476 2538 2447 178 3547 5277 7192 8340 8881 2447 8436 1364 178 7192 3069 6068 8340 8436 5613 4241 1364 3496 8056 1245 37 7225 4409 4874 377 8056 2678 4537 1245 4409 1265 7613 4874 2678 4307 5648 4537 1265 4894 5280 7613 4307 545 5597 5648 4894 1354 8702 5280 545 3466 1038 5597 1354 8321 8015 8702 3466 6690 5888 1038 8321 3631 1881 8015 6690 2381 4709 5888 3631 5573 1747 1881 2381 2679 314 4709 5573 745 631 1747 2679 9260 1556 314 745 3569 3034 631 9260 1682 8087 1556 3569 1097 8726 3034 1682 1639 5930 8087 1097 664 1930 8726 1639 9023 2637 5930 664 300 8691 1930 9023 6144 63 2637 300 4668 767 8691 6144 758 4180 63 4668 2905 2021 767 758 7928 1904 4180 2905 6814 9194 2021 7928 5030 5855 1904 6814 7242 3955 9194 5030 7476 5830 5855 7242 3547 5129 3955 7476 8881 7849 5830 3547 178 3190 5129 8881 8340 8498 7849 178 1364 605 3190 8340 6068 3563 8498 1364 4241 5184 605 37 1245 2842 7976 377 4874 135 4867 1245 4537 5664 2842 4874 7613 2940 135 4537 5648 2013 5664 7613 5280 3832 2940 5648 5597 5694 2013 5280 8702 6252 3832 5597 1038 7850 5694 8702 8015 8475 6252 1038 5888 1790 7850 8015 1881 9106 8475 5888 4709 1319 1790 1881 1747 8712 9106 4709 314 5812 1319 1747 631 583 8712 314 1556 7189 5812 631 3034 495 583 1556 8087 894 7189 3034 8726 6122 495 8087 5930 1389 894 8726 1930 5962 6122 5930 2637 3305 1389 1930 8691 1811 5962 2637 63 6932 3305 8691 767 8986 1811 63 4180 537 6932 767 2021 6352 8986 4180 1904 1778 537 2021 9194 6336 6352 1904 5855 6410 1778 9194 3955 7787 6336 5855 5830 124 6410 3955 5129 3024 7787 5830 7849 7568 124 5129 3190 968 3024 7849 8498 3777 7568 3190 605 7675 968 8498 3563 390 3777 605 5184 6156 7675 7976 2842 7080 2186 4867 135 3665 7274 2842 5664 79 7080 135 2940 4622 3665 5664 2013 4722 79 2940 3832 2128 4622 2013 5694 7639 4722 3832 6252 1072 2128 5694 7850 502 7639 6252 8475 5585 1072 7850 1790 7324 502 8475 9106 7858 5585 1790 1319 4157 7324 9106 8712 787 7858 1319 5812 3207 4157 8712 583 2915 787 5812 7189 6477 3207 583 495 7128 2915 7189 894 8681 6477 495 6122 5627 7128 894 1389 7848 8681 6122 5962 7226 5627 1389 3305 270 7848 5962 1811 3876 7226 3305 6932 2300 270 1811 8986 7728 3876 6932 537 3711 2300 8986 6352 4100 7728 537 1778 5891 3711 6352 6336 4610 4100 1778 6410 4448 5891 6336 7787 4243 4610 6410 124 697 4448 7787 3024 506 4243 124 7568 8909 697 3024 968 3021 506 7568 3777 317 8909 968 7675 4229 3021 3777 390 8298 317 7675 6156 6821 4229 2186 7080 1572 4220 7274 3665 6561 5002 7080 79 8395 1572 3665 4622 4836 6561 79 4722 682 8395 4622 2128 3628 4836 4722 7639 2778 682 2128 1072 8108 3628 7639 502 5224 2778 1072 5585 8005 8108 502 7324 3267 5224 5585 7858 6054 8005 7324 4157 2175 3267 7858 787 1979 6054 4157 3207 3040 2175 787 2915 3911 1979 3207 6477 938 3040 2915 7128 2819 3911 6477 8681 3941 938 7128 5627 5931 2819 8681 7848 2380 3941 5627 7226 813 5931 7848 270 2102 2380 7226 3876 1409 813 270 2300 455 2102 3876 7728 4844 1409 2300 3711 6025 455 7728 4100 389 4844 3711 5891 1779 6025 4100 4610 55 389 5891 4448 3162 1779 4610 4243 1352 55 4448 697 713 3162 4243 506 2184 1352 697 8909 6587 713 506 3021 661 2184 8909 317 937 6587 3021 4229 6075 661 317 8298 489 937 4229 6821 3914 6075 4220 1572 1870 3752 5002 6561 4387 8682 1572 8395 7149 1870 6561 4836 7384 4387 8395 682 5542 7149 4836 3628 7631 7384 682 2778 6935 5542 3628 8108 1397 7631 2778 5224 2488 6935 8108 8005 4419 1397 5224 3267 3011 2488 8005 6054 1836 4419 3267 2175 4320 3011 6054 1979 1809 1836 2175 3040 3985 4320 1979 3911 5968 1809 3040 938 4791 3985 3911 2819 1062 5968 938 3941 525 4791 2819 5931 1909 1062 3941 2380 2592 525 5931 813 4397 1909 2380 2102 8305 2592 813 1409 5857 4397 2102 455 5562 8305 1409 4844 5645 5857 455 6025 6759 5562 4844 389 1086 5645 6025 1779 8148 6759 389 55 276 1086 1779 3162 6916 8148 55 1352 2004 276 3162 713 9204 6916 1352 2184 1573 2004 713 6587 7489 9204 2184 661 6799 1573 6587 937 1294 7489 661 6075 6946 6799 937 489 3525 1294 6075 3914 6767 6946 3752 1870 6432 6738 8682 4387 5721 1192 1870 7149 3647 6432 4387 7384 2213 5721 7149 5542 1903 3647 7384 7631 8822 2213 5542 6935 877 1903 7631 1397 8214 8822 6935 2488 6756 877 1397 4419 8476 8214 2488 3011 7098 6756 4419 1836 8172 8476 3011 4320 6749 7098 1836 1809 679 8172 4320 3985 4278 6749 1809 5968 3032 679 3985 4791 5575 4278 5968 1062 7123 3032 4791 525 5527 5575 1062 1909 5707 7123 525 2592 1455 5527 1909 4397 5260 5707 2592 8305 278 1455 4397 5857 5708 5260 8305 5562 1367 278 5857 5645 8449 5708 5562 6759 7040 1367 5645 1086 8674 8449 6759 8148 3088 7040 1086 276 5956 8674 8148 6916 5712 3088 276 2004 6104 5956 6916 9204 694 5712 2004 1573 5154 6104 9204 7489 9028 694 1573 6799 8083 5154 7489 1294 5724 9028 6799 6946 3544 8083 1294 3525 9160 5724 6946 6767 2861 3544 6738 6432 6820 7120 1192 5721 3446 4429 6432 3647 1662 6820 5721 2213 4087 3446 3647 1903 9112 1662 2213 8822 4829 4087 1903 877 6784 9112 8822 8214 2916 4829 877 6756 906 6784 8214 8476 3115 2916 6756 7098 997 906 8476 8172 6661 3115 7098 6749 1629 997 8172 679 5633 6661 6749 4278 1807 1629 679 3032 2390 5633 4278 5575 6048 1807 3032 7123 8268 2390 5575 5527 3587 6048 7123 5707 7064 8268 5527 1455 5004 3587 5707 5260 891 7064 1455 278 1284 5004 5260 5708 2703 891 278 1367 7053 1284 5708 8449 56 2703 1367 7040 3178 7053 8449 8674 4023 56 7040 3088 3156 3178 8674 5956 606 4023 3088 5712 4772 3156 5956 6104 5001 606 5712 694 5109 4772 6104 5154 1621 5001 694 9028 1718 5109 5154 8083 2471 1621 9028 5724 2539 1718 8083 3544 1956 2471 5724 9160 2037 2539 3544 2861 708 1956 7120 6820 2860 215 4429 3446 5173 4800 6820 1662 7020 2860 3446 4087 7851 5173 1662 9112 2558 7020 4087 4829 6928 7851 9112 6784 6994 2558 4829 2916 4422 6928 6784 906 2234 6994 2916 3115 884 4422 906 997 5723 2234 3115 6661 1588 884 997 1629 1634 5723 6661 5633 3072 1588 1629 1807 2464 1634 5633 2390 5719 3072 1807 6048 5762 2464 2390 8268 4573 5719 6048 3587 1525 5762 8268 7064 8848 4573 3587 5004 4342 1525 7064 891 3921 8848 5004 1284 7251 4342 891 2703 4029 3921 1284 7053 1547 7251 2703 56 1554 4029 7053 3178 7602 1547 56 4023 3405 1554 3178 3156 8373 7602 4023 606 5155 3405 3156 4772 4639 8373 606 5001 4182 5155 4772 5109 8798 4639 5001 1621 1436 4182 5109 1718 2326 8798 1621 2471 7990 1436 1718 2539 8065 2326 2471 1956 1199 7990 2539 2037 3288 8065 1956 708 5080 1199 215 2860 3332 2812 4800 5173 7828 7793 2860 7020 6914 3332 5173 7851 1663 7828 7020 2558 399 6914 7851 6928 8009 1663 2558 6994 6206 399 6928 4422 6762 8009 6994 2234 8833 6206 4422 884 2263 6762 2234 5723 482 8833 884 1588 4018 2263 5723 1634 6580 482 1588 3072 567 4018 1634 2464 1166 6580 3072 5719 4458 567 2464 5762 5731 1166 5719 4573 93 4458 5762 1525 5560 5731 4573 8848 3257 93 1525 4342 2143 5560 8848 3921 4715 3257 4342 7251 89 2143 3921 4029 5341 4715 7251 1547 4367 89 4029 1554 2723 5341 1547 7602 193 4367 1554 3405 4699 2723 7602 8373 9235 193 3405 5155 6912 4699 8373 4639 6332 9235 5155 4182 8325 6912 4639 8798 4774 6332 4182 1436 1196 8325 8798 2326 2608 4774 1436 7990 5271 1196 2326 8065 7624 2608 7990 1199 2462 5271 8065 3288 5610 7624 1199 5080 2245 2462 2812 3332 360 3588 7793 7828 1762 4679 3332 6914 6039 360 7828 1663 8958 1762 6914 399 4472 6039 1663 8009 3967 8958 399 6206 291 4472 8009 6762 7431 3967 6206 8833 6573 291 6762 2263 9231 7431 8833 482 3974 6573 2263 4018 8404 9231 482 6580 4002 3974 4018 567 4324 8404 6580 1166 2017 4002 567 4458 1861 4324 1166 5731 9182 2017 4458 93 1022 1861 5731 5560 5978 9182 93 3257 7166 1022 5560 2143 6672 5978 3257 4715 5459 7166 2143 89 2260 6672 4715 5341 4430 5459 89 4367 3347 2260 5341 2723 7799 4430 4367 193 4239 3347 2723 4699 4920 7799 193 9235 2295 4239 4699 6912 8544 4920 9235 6332 8605 2295 6912 8325 2818 8544 6332 4774 7708 8605 8325 1196 8644 2818 4774 2608 65 7708 1196 5271 3899 8644 2608 7624 7272 65 5271 2462 5784 3899 7624 5610 6919 7272 2462 2245 3663 5784 3588 360 5196 2516 4679 1762 1227 2832 360 6039 7834 5196 1762 8958 4093 1227 6039 4472 6367 7834 8958 3967 5070 4093 4472 291 5842 6367 3967 7431 5118 5070 291 6573 5629 5842 7431 9231 4531 5118 6573 3974 3031 5629 9231 8404 6036 4531 3974 4002 6227 3031 8404 4324 3321 6036 4002 2017 7071 6227 4324 1861 1440 3321 2017 9182 6538 7071 1861 1022 64 1440 9182 5978 4360 6538 1022 7166 4737 64 5978 6672 6982 4360 7166 5459 7867 4737 6672 2260 1754 6982 5459 4430 6510 7867 2260 3347 3540 1754 4430 7799 4840 6510 3347 4239 1094 3540 7799 4920 7966 4840 4239 2295 2911 1094 4920 8544 3808 7966 2295 8605 8252 2911 8544 2818 5195 3808 8605 7708 1088 8252 2818 8644 6417 5195 7708 65 3341 1088 8644 3899 8036 6417 65 7272 5138 3341 3899 5784 8103 8036 7272 6919 6808 5138 5784 3663 6730 8103 2516 5196 3198 7287 2832 1227 2220 6551 5196 7834 8143 3198 1227 4093 784 2220 7834 6367 5438 8143 4093 5070 1575 784 6367 5842 3106 5438 5070 5118 5496 1575 5842 5629 8832 3106 5118 4531 8162 5496 5629 3031 7175 8832 4531 6036 1125 8162 3031 6227 7103 7175 6036 3321 6474 1125 6227 7071 1338 7103 3321 1440 6241 6474 7071 6538 9161 1338 1440 64 8201 6241 6538 4360 6310 9161 64 4737 7578 8201 4360 6982 1612 6310 4737 7867 6940 7578 6982 1754 7608 1612 7867 6510 6589 6940 1754 3540 5421 7608 6510 4840 3816 6589 3540 1094 8621 5421 4840 7966 6536 3816 1094 2911 7425 8621 7966 3808 5761 6536 2911 8252 6074 7425 3808 5195 5557 5761 8252 1088 1624 6074 5195 6417 4313 5557 1088 3341 7548 1624 6417 8036 2485 4313 3341 5138 4991 7548 8036 8103 5716 2485 5138 6808 4297 4991 8103 6730 5191 5716 7287 3198 4785 5127 6551 2220 40 3517 3198 8143 3131 4785 2220 784 2927 40 8143 5438 3519 3131 784 1575 9007 2927 5438 3106 2387 3519 1575 5496 1446 9007 3106 8832 2739 2387 5496 8162 5973 1446 8832 7175 4434 2739 8162 1125 2512 5973 7175 7103 7308 4434 1125 6474 7265 2512 7103 1338 7852 7308 6474 6241 413 7265 1338 9161 6971 7852 6241 8201 54 413 9161 6310 2622 6971 8201 7578 5297 54 6310 1612 7594 2622 7578 6940 1052 5297 1612 7608 8238 7594 6940 6589 5 1052 7608 5421 594 8238 6589 3816 5847 5 5421 8621 712 594 3816 6536 614 5847 8621 7425 6095 712 6536 5761 3135 614 7425 6074 27 6095 5761 5557 1531 3135 6074 1624 8465 27 5557 4313 3298 1531 1624 7548 6140 8465 4313 2485 5373 3298 7548 4991 137 6140 2485 5716 2305 5373 4991 4297 4865 137 5716 5191 1246 2305 5127 4785 7230 3265 3517 40 520 3531 4785 3131 8965 7230 40 2927 4237 520 3131 3519 1681 8965 2927 9007 3188 4237 3519 2387 985 1681 9007 1446 5669 3188 2387 2739 5086 985 1446 5973 9129 5669 2739 4434 7958 5086 5973 2512 6861 9129 4434 7308 1831 7958 2512 7265 6679 6861 7308 7852 7035 1831 7265 413 1218 6679 7852 6971 7021 7035 413 54 8963 1218 6971 2622 1033 7021 54 5297 3990 8963 2622 7594 600 1033 5297 1052 4532 3990 7594 8238 892 600 1052 5 947 4532 8238 594 7746 892 5 5847 5478 947 594 712 3840 7746 5847 614 6996 5478 712 6095 1269 3840 614 3135 3012 6996 6095 27 7131 1269 3135 1531 5504 3012 27 8465 597 7131 1531 3298 1842 5504 8465 6140 6086 597 3298 5373 5322 1842 6140 137 3287 6086 5373 2305 4254 5322 137 4865 4946 3287 2305 1246 2937 4254 3265 7230 4057 8815 3531 520 1000 826 7230 8965 1264 4057 520 4237 6242 1000 8965 1681 1911 1264 4237 3188 9020 6242 1681 985 9150 1911 3188 5669 9034 9020 985 5086 6911 9150 5669 9129 4412 9034 5086 7958 3842 6911 9129 6861 4696 4412 7958 1831 6691 3842 6861 6679 1677 4696 1831 7035 1291 6691 6679 1218 3013 1677 7035 7021 3728 1291 1218 8963 8352 3013 7021 1033 5126 3728 8963 3990 9257 8352 1033 600 2988 5126 3990 4532 17 9257 600 892 2134 2988 4532 947 5350 17 892 7746 8731 2134 947 5478 405 5350 7746 3840 1724 8731 5478 6996 1687 405 3840 1269 5507 1724 6996 3012 9227 1687 1269 7131 754 5507 3012 5504 6170 9227 7131 597 7254 754 5504 1842 7163 6170 597 6086 3438 7254 1842 5322 3889 7163 6086 3287 7380 3438 5322 4254 6646 3889 3287 4946 8133 7380 4254 2937 3289 6646 8815 4057 4681 5139 826 1000 2760 8866 4057 1264 3510 4681 1000 6242 2857 2760 1264 1911 5836 3510 6242 9020 4919 2857 1911 9150 3947 5836 9020 9034 3367 4919 9150 6911 1345 3947 9034 4412 4965 3367 6911 3842 4245 1345 4412 4696 4484 4965 3842 6691 6785 4245 4696 1677 3874 4484 6691 1291 3892 6785 1677 3013 4868 3874 1291 3728 26 3892 3013 8352 3278 4868 3728 5126 6499 26 8352 9257 5598 3278 5126 2988 9086 6499 9257 17 194 5598 2988 2134 2901 9086 17 5350 2944 194 2134 8731 5433 2901 5350 405 436 2944 8731 1724 8534 5433 405 1687 700 436 1724 5507 5584 8534 1687 9227 6854 700 5507 754 5638 5584 9227 6170 7344 6854 754 7254 1016 5638 6170 7163 2755 7344 7254 3438 2527 1016 7163 3889 361 2755 3438 7380 4612 2527 3889 6646 6717 361 7380 8133 1563 4612 6646 3289 114 6717 5139 4681 4491 9177 8866 2760 5413 5015 4681 3510 5879 4491 2760 2857 5436 5413 3510 5836 7681 5879 2857 4919 8246 5436 5836 3947 1266 7681 4919 3367 4659 8246 3947 1345 5305 1266 3367 4965 8672 4659 1345 4245 2732 5305 4965 4484 4101 8672 4245 6785 6883 2732 4484 3874 801 4101 6785 3892 847 6883 3874 4868 4298 801 3892 26 8322 847 4868 3278 2828 4298 26 6499 2917 8322 3278 5598 5620 2828 6499 9086 4335 2917 5598 194 9220 5620 9086 2901 8539 4335 194 2944 5060 9220 2901 5433 6478 8539 2944 436 9120 5060 5433 8534 268 6478 436 700 2 9120 8534 5584 9115 268 700 6854 7197 2 5584 5638 4271 9115 6854 7344 442 7197 5638 1016 6044 4271 7344 2755 7665 442 1016 2527 7317 6044 2755 361 9124 7665 2527 4612 2882 7317 361 6717 4332 9124 4612 1563 6965 2882 6717 114 1189 4332 9177 4491 2582 8398 5015 5413 30 4623 4491 5879 4058 2582 5413 5436 3688 30 5879 7681 6176 4058 5436 8246 2368 3688 7681 1266 5402 6176 8246 4659 9054 2368 1266 5305 560 5402 4659 8672 7001 9054 5305 2732 3386 560 8672 4101 1048 7001 2732 6883 2041 3386 4101 801 6697 1048 6883 847 2705 2041 801 4298 5500 6697 847 8322 624 2705 4298 2828 5692 5500 8322 2917 8374 624 2828 5620 4260 5692 2917 4335 967 8374 5620 9220 2406 4260 4335 8539 3678 967 9220 5060 7543 2406 8539 6478 36 3678 5060 9120 4094 7543 6478 268 2176 36 9120 2 8762 4094 268 9115 3585 2176 2 7197 3004 8762 9115 4271 50 3585 7197 442 2611 3004 4271 6044 2404 50 442 7665 1630 2611 6044 7317 3623 2404 7665 9124 612 1630 7317 2882 332 3623 9124 4332 1083 612 2882 6965 8754 332 4332 1189 4338 1083 7806 8543 2577 162 3763 5624 2035 8604 8543 1608 2836 2577 5624 6810 5636 2035 1608 3160 3124 2836 6810 7954 1185 5636 3160 1978 141 3124 7954 4848 2271 1185 1978 4225 7987 141 4848 881 3378 2271 4225 8494 1855 7987 881 5656 3420 3378 8494 2662 9158 1855 5656 3729 5215 3420 2662 4272 3246 9158 3729 9043 6365 5215 4272 4208 8705 3246 9043 1598 7030 6365 4208 1999 8082 8705 1598 3050 8570 7030 1999 6094 5055 8082 3050 5687 6575 8570 6094 5342 6257 5055 5687 1379 302 6575 5342 4108 9200 6257 1379 6761 3244 302 4108 8856 349 9200 6761 2086 945 3244 8856 2559 3371 349 2086 8232 226 945 2559 275 6207 3371 8232 8821 7076 226 275 2276 2538 6207 8821 1640 6162 7076 2276 2897 2447 2538 1640 8729 7584 6162 2897 9189 8436 2447 8729 2337 3771 7584 9189 8429 5613 8436 2337 1518 950 3771 162 2577 4409 7225 8604 2035 5907 3439 2577 2836 1265 4409 2035 5636 3785 5907 2836 3124 4894 1265 5636 1185 3843 3785 3124 141 1354 4894 1185 2271 7507 3843 141 7987 8321 1354 2271 3378 7219 7507 7987 1855 3631 8321 3378 3420 5653 7219 1855 9158 5573 3631 3420 5215 3641 5653 9158 3246 745 5573 5215 6365 5374 3641 3246 8705 3569 745 6365 7030 7258 5374 8705 8082 1097 3569 7030 8570 6194 7258 8082 5055 664 1097 8570 6575 8346 6194 5055 6257 300 664 6575 302 4507 8346 6257 9200 4668 300 302 3244 6942 4507 9200 349 2905 4668 3244 945 5246 6942 349 3371 6814 2905 945 226 7961 5246 3371 6207 7242 6814 226 7076 2433 7961 6207 2538 3547 7242 7076 6162 4559 2433 2538 2447 178 3547 6162 7584 1380 4559 2447 8436 1364 178 7584 3771 3508 1380 8436 5613 4241 1364 3771 950 7403 3508 7225 4409 4874 377 3439 5907 2790 3137 4409 1265 7613 4874 5907 3785 96 2790 1265 4894 5280 7613 3785 3843 120 96 4894 1354 8702 5280 3843 7507 589 120 1354 8321 8015 8702 7507 7219 4395 589 8321 3631 1881 8015 7219 5653 1365 4395 3631 5573 1747 1881 5653 3641 1785 1365 5573 745 631 1747 3641 5374 5625 1785 745 3569 3034 631 5374 7258 551 5625 3569 1097 8726 3034 7258 6194 7353 551 1097 664 1930 8726 6194 8346 3862 7353 664 300 8691 1930 8346 4507 8413 3862 300 4668 767 8691 4507 6942 9037 8413 4668 2905 2021 767 6942 5246 1444 9037 2905 6814 9194 2021 5246 7961 1894 1444 6814 7242 3955 9194 7961 2433 6498 1894 7242 3547 5129 3955 2433 4559 6825 6498 3547 178 3190 5129 4559 1380 7342 6825 178 1364 605 3190 1380 3508 8510 7342 1364 4241 5184 605 3508 7403 5157 8510 377 4874 135 4867 3137 2790 9087 5601 4874 7613 2940 135 2790 96 1549 9087 7613 5280 3832 2940 96 120 5590 1549 5280 8702 6252 3832 120 589 2411 5590 8702 8015 8475 6252 589 4395 4512 2411 8015 1881 9106 8475 4395 1365 4067 4512 1881 1747 8712 9106 1365 1785 2168 4067 1747 631 583 8712 1785 5625 5128 2168 631 3034 495 583 5625 551 6444 5128 3034 8726 6122 495 551 7353 6320 6444 8726 1930 5962 6122 7353 3862 7081 6320 1930 8691 1811 5962 3862 8413 5100 7081 8691 767 8986 1811 8413 9037 3307 5100 767 2021 6352 8986 9037 1444 7625 3307 2021 9194 6336 6352 1444 1894 8957 7625 9194 3955 7787 6336 1894 6498 2510 8957 3955 5129 3024 7787 6498 6825 6845 2510 5129 3190 968 3024 6825 7342 2221 6845 3190 605 7675 968 7342 8510 2453 2221 605 5184 6156 7675 8510 5157 1557 2453 4867 135 3665 7274 5601 9087 635 4382 135 2940 4622 3665 9087 1549 2435 635 2940 3832 2128 4622 1549 5590 6572 2435 3832 6252 1072 2128 5590 2411 1071 6572 6252 8475 5585 1072 2411 4512 2578 1071 8475 9106 7858 5585 4512 4067 8299 2578 9106 8712 787 7858 4067 2168 3658 8299 8712 583 2915 787 2168 5128 7941 3658 583 495 7128 2915 5128 6444 5954 7941 495 6122 5627 7128 6444 6320 42 5954 6122 5962 7226 5627 6320 7081 4655 42 5962 1811 3876 7226 7081 5100 9165 4655 1811 8986 7728 3876 5100 3307 7635 9165 8986 6352 4100 7728 3307 7625 5841 7635 6352 6336 4610 4100 7625 8957 7122 5841 6336 7787 4243 4610 8957 2510 182 7122 7787 3024 506 4243 2510 6845 6567 182 3024 968 3021 506 6845 2221 1394 6567 968 7675 4229 3021 2221 2453 7236 1394 7675 6156 6821 4229 2453 1557 4394 7236 7274 3665 6561 5002 4382 635 6915 1707 3665 4622 4836 6561 635 2435 3143 6915 4622 2128 3628 4836 2435 6572 5741 3143 2128 1072 8108 3628 6572 1071 8575 5741 1072 5585 8005 8108 1071 2578 849 8575 5585 7858 6054 8005 2578 8299 8066 849 7858 787 1979 6054 8299 3658 3807 8066 787 2915 3911 1979 3658 7941 2845 3807 2915 7128 2819 3911 7941 5954 451 2845 7128 5627 5931 2819 5954 42 7391 451 5627 7226 813 5931 42 4655 5364 7391 7226 3876 1409 813 4655 9165 2524 5364 3876 7728 4844 1409 9165 7635 1004 2524 7728 4100 389 4844 7635 5841 485 1004 4100 4610 55 389 5841 7122 148 485 4610 4243 1352 55 7122 182 1669 148 4243 506 2184 1352 182 6567 3849 1669 506 3021 661 2184 6567 1394 7775 3849 3021 4229 6075 661 1394 7236 1983 7775 4229 6821 3914 6075 7236 4394 4021 1983 5002 6561 4387 8682 1707 6915 6771 1205 6561 4836 7384 4387 6915 3143 2110 6771 4836 3628 7631 7384 3143 5741 8470 2110 3628 8108 1397 7631 5741 8575 9162 8470 8108 8005 4419 1397 8575 849 7865 9162 8005 6054 1836 4419 849 8066 3632 7865 6054 1979 1809 1836 8066 3807 3971 3632 1979 3911 5968 1809 3807 2845 1443 3971 3911 2819 1062 5968 2845 451 719 1443 2819 5931 1909 1062 451 7391 7779 719 5931 813 4397 1909 7391 5364 7334 7779 813 1409 5857 4397 5364 2524 3352 7334 1409 4844 5645 5857 2524 1004 5182 3352 4844 389 1086 5645 1004 485 7 5182 389 55 276 1086 485 148 6590 7 55 1352 2004 276 148 1669 344 6590 1352 2184 1573 2004 1669 3849 1249 344 2184 661 6799 1573 3849 7775 3093 1249 661 6075 6946 6799 7775 1983 7986 3093 6075 3914 6767 6946 1983 4021 7050 7986 8682 4387 5721 1192 1205 6771 4096 8249 4387 7384 2213 5721 6771 2110 7452 4096 7384 7631 8822 2213 2110 8470 2280 7452 7631 1397 8214 8822 8470 9162 7398 2280 1397 4419 8476 8214 9162 7865 7822 7398 4419 1836 8172 8476 7865 3632 6955 7822 1836 1809 679 8172 3632 3971 2520 6955 1809 5968 3032 679 3971 1443 6515 2520 5968 1062 7123 3032 1443 719 7595 6515 1062 1909 5707 7123 719 7779 8557 7595 1909 4397 5260 5707 7779 7334 5970 8557 4397 5857 5708 5260 7334 3352 3247 5970 5857 5645 8449 5708 3352 5182 5486 3247 5645 1086 8674 8449 5182 7 5665 5486 1086 276 5956 8674 7 6590 1592 5665 276 2004 6104 5956 6590 344 2486 1592 2004 1573 5154 6104 344 1249 7874 2486 1573 6799 8083 5154 1249 3093 1344 7874 6799 6946 3544 8083 3093 7986 1764 1344 6946 6767 2861 3544 7986 7050 1360 1764 1192 5721 3446 4429 8249 4096 6546 6851 5721 2213 4087 3446 4096 7452 2079 6546 2213 8822 4829 4087 7452 2280 1845 2079 8822 8214 2916 4829 2280 7398 3181 1845 8214 8476 3115 2916 7398 7822 595 3181 8476 8172 6661 3115 7822 6955 2135 595 8172 679 5633 6661 6955 2520 6121 2135 679 3032 2390 5633 2520 6515 6133 6121 3032 7123 8268 2390 6515 7595 6277 6133 7123 5707 7064 8268 7595 8557 7924 6277 5707 5260 891 7064 8557 5970 5056 7924 5260 5708 2703 891 5970 3247 895 5056 5708 8449 56 2703 3247 5486 6613 895 8449 8674 4023 56 5486 5665 1850 6613 8674 5956 606 4023 5665 1592 7164 1850 5956 6104 5001 606 1592 2486 2351 7164 6104 5154 1621 5001 2486 7874 1376 2351 5154 8083 2471 1621 7874 1344 7094 1376 8083 3544 1956 2471 1344 1764 7796 7094 3544 2861 708 1956 1764 1360 450 7796 4429 3446 5173 4800 6851 6546 6706 8863 3446 4087 7851 5173 6546 2079 1006 6706 4087 4829 6928 7851 2079 1845 5348 1006 4829 2916 4422 6928 1845 3181 8241 5348 2916 3115 884 4422 3181 595 8537 8241 3115 6661 1588 884 595 2135 3759 8537 6661 5633 3072 1588 2135 6121 4072 3759 5633 2390 5719 3072 6121 6133 2236 4072 2390 8268 4573 5719 6133 6277 7760 2236 8268 7064 8848 4573 6277 7924 4992 7760 7064 891 3921 8848 7924 5056 7609 4992 891 2703 4029 3921 5056 895 6669 7609 2703 56 1554 4029 895 6613 788 6669 56 4023 3405 1554 6613 1850 4597 788 4023 606 5155 3405 1850 7164 7818 4597 606 5001 4182 5155 7164 2351 4053 7818 5001 1621 1436 4182 2351 1376 2623 4053 1621 2471 7990 1436 1376 7094 3652 2623 2471 1956 1199 7990 7094 7796 7890 3652 1956 708 5080 1199 7796 450 5038 7890 4800 5173 7828 7793 8863 6706 6448 7441 5173 7851 1663 7828 6706 1006 4230 6448 7851 6928 8009 1663 1006 5348 5162 4230 6928 4422 6762 8009 5348 8241 5232 5162 4422 884 2263 6762 8241 8537 6190 5232 884 1588 4018 2263 8537 3759 6254 6190 1588 3072 567 4018 3759 4072 5916 6254 3072 5719 4458 567 4072 2236 4525 5916 5719 4573 93 4458 2236 7760 3196 4525 4573 8848 3257 93 7760 4992 8034 3196 8848 3921 4715 3257 4992 7609 2031 8034 3921 4029 5341 4715 7609 6669 2196 2031 4029 1554 2723 5341 6669 788 1500 2196 1554 3405 4699 2723 788 4597 1914 1500 3405 5155 6912 4699 4597 7818 3747 1914 5155 4182 8325 6912 7818 4053 3613 3747 4182 1436 1196 8325 4053 2623 8803 3613 1436 7990 5271 1196 2623 3652 8590 8803 7990 1199 2462 5271 3652 7890 292 8590 1199 5080 2245 2462 7890 5038 2792 292 7793 7828 1762 4679 7441 6448 4273 2847 7828 1663 8958 1762 6448 4230 7599 4273 1663 8009 3967 8958 4230 5162 7007 7599 8009 6762 7431 3967 5162 5232 6111 7007 6762 2263 9231 7431 5232 6190 5103 6111 2263 4018 8404 9231 6190 6254 3424 5103 4018 567 4324 8404 6254 5916 1954 3424 567 4458 1861 4324 5916 4525 3176 1954 4458 93 1022 1861 4525 3196 1917 3176 93 3257 7166 1022 3196 8034 2018 1917 3257 4715 5459 7166 8034 2031 7808 2018 4715 5341 4430 5459 2031 2196 106 7808 5341 2723 7799 4430 2196 1500 4431 106 2723 4699 4920 7799 1500 1914 1998 4431 4699 6912 8544 4920 1914 3747 4852 1998 6912 8325 2818 8544 3747 3613 8311 4852 8325 1196 8644 2818 3613 8803 3400 8311 1196 5271 3899 8644 8803 8590 3501 3400 5271 2462 5784 3899 8590 292 1477 3501 2462 2245 3663 5784 292 2792 9057 1477 4679 1762 1227 2832 2847 4273 5695 8720 1762 8958 4093 1227 4273 7599 2292 5695 8958 3967 5070 4093 7599 7007 6357 2292 3967 7431 5118 5070 7007 6111 6488 6357 7431 9231 4531 5118 6111 5103 8556 6488 9231 8404 6036 4531 5103 3424 8636 8556 8404 4324 3321 6036 3424 1954 3489 8636 4324 1861 1440 3321 1954 3176 8104 3489 1861 1022 64 1440 3176 1917 1589 8104 1022 7166 4737 64 1917 2018 8407 1589 7166 5459 7867 4737 2018 7808 7610 8407 5459 4430 6510 7867 7808 106 2020 7610 4430 7799 4840 6510 106 4431 3083 2020 7799 4920 7966 4840 4431 1998 3879 3083 4920 8544 3808 7966 1998 4852 1827 3879 8544 2818 5195 3808 4852 8311 2209 1827 2818 8644 6417 5195 8311 3400 6073 2209 8644 3899 8036 6417 3400 3501 1277 6073 3899 5784 8103 8036 3501 1477 6792 1277 5784 3663 6730 8103 1477 9057 3607 6792 2832 1227 2220 6551 8720 5695 7872 7841 1227 4093 784 2220 5695 2292 6987 7872 4093 5070 1575 784 2292 6357 6404 6987 5070 5118 5496 1575 6357 6488 2034 6404 5118 4531 8162 5496 6488 8556 3573 2034 4531 6036 1125 8162 8556 8636 717 3573 6036 3321 6474 1125 8636 3489 6243 717 3321 1440 6241 6474 3489 8104 2398 6243 1440 64 8201 6241 8104 1589 305 2398 64 4737 7578 8201 1589 8407 6570 305 4737 7867 6940 7578 8407 7610 6299 6570 7867 6510 6589 6940 7610 2020 1907 6299 6510 4840 3816 6589 2020 3083 6072 1907 4840 7966 6536 3816 3083 3879 2336 6072 7966 3808 5761 6536 3879 1827 4160 2336 3808 5195 5557 5761 1827 2209 4945 4160 5195 6417 4313 5557 2209 6073 4576 4945 6417 8036 2485 4313 6073 1277 4799 4576 8036 8103 5716 2485 1277 6792 6806 4799 8103 6730 5191 5716 6792 3607 6978 6806 6551 2220 40 3517 7841 7872 3209 2642 2220 784 2927 40 7872 6987 4213 3209 784 1575 9007 2927 6987 6404 352 4213 1575 5496 1446 9007 6404 2034 1003 352 5496 8162 5973 1446 2034 3573 952 1003 8162 1125 2512 5973 3573 717 1184 952 1125 6474 7265 2512 717 6243 4074 1184 6474 6241 413 7265 6243 2398 2160 4074 6241 8201 54 413 2398 305 530 2160 8201 7578 5297 54 305 6570 5588 530 7578 6940 1052 5297 6570 6299 6378 5588 6940 6589 5 1052 6299 1907 4309 6378 6589 3816 5847 5 1907 6072 4414 4309 3816 6536 614 5847 6072 2336 8683 4414 6536 5761 3135 614 2336 4160 7210 8683 5761 5557 1531 3135 4160 4945 734 7210 5557 4313 3298 1531 4945 4576 8153 734 4313 2485 5373 3298 4576 4799 2899 8153 2485 5716 2305 5373 4799 6806 5241 2899 5716 5191 1246 2305 6806 6978 4294 5241 3517 40 520 3531 2642 3209 1173 4253 40 2927 4237 520 3209 4213 441 1173 2927 9007 3188 4237 4213 352 940 441 9007 1446 5669 3188 352 1003 347 940 1446 5973 9129 5669 1003 952 1963 347 5973 2512 6861 9129 952 1184 8318 1963 2512 7265 6679 6861 1184 4074 1821 8318 7265 413 1218 6679 4074 2160 2149 1821 413 54 8963 1218 2160 530 4797 2149 54 5297 3990 8963 530 5588 8417 4797 5297 1052 4532 3990 5588 6378 5554 8417 1052 5 947 4532 6378 4309 2727 5554 5 5847 5478 947 4309 4414 7601 2727 5847 614 6996 5478 4414 8683 7660 7601 614 3135 3012 6996 8683 7210 1346 7660 3135 1531 5504 3012 7210 734 2288 1346 1531 3298 1842 5504 734 8153 3486 2288 3298 5373 5322 1842 8153 2899 5910 3486 5373 2305 4254 5322 2899 5241 3946 5910 2305 1246 2937 4254 5241 4294 7328 3946 3531 520 1000 826 4253 1173 1021 202 520 4237 6242 1000 1173 441 7887 1021 4237 3188 9020 6242 441 940 4447 7887 3188 5669 9034 9020 940 347 2136 4447 5669 9129 4412 9034 347 1963 2479 2136 9129 6861 4696 4412 1963 8318 4707 2479 6861 6679 1677 4696 8318 1821 3167 4707 6679 1218 3013 1677 1821 2149 5368 3167 1218 8963 8352 3013 2149 4797 6171 5368 8963 3990 9257 8352 4797 8417 472 6171 3990 4532 17 9257 8417 5554 7024 472 4532 947 5350 17 5554 2727 4036 7024 947 5478 405 5350 2727 7601 897 4036 5478 6996 1687 405 7601 7660 2364 897 6996 3012 9227 1687 7660 1346 1489 2364 3012 5504 6170 9227 1346 2288 4670 1489 5504 1842 7163 6170 2288 3486 777 4670 1842 5322 3889 7163 3486 5910 7920 777 5322 4254 6646 3889 5910 3946 2416 7920 4254 2937 3289 6646 3946 7328 7927 2416 826 1000 2760 8866 202 1021 2852 3700 1000 6242 2857 2760 1021 7887 7484 2852 6242 9020 4919 2857 7887 4447 6881 7484 9020 9034 3367 4919 4447 2136 3045 6881 9034 4412 4965 3367 2136 2479 7561 3045 4412 4696 4484 4965 2479 4707 2690 7561 4696 1677 3874 4484 4707 3167 473 2690 1677 3013 4868 3874 3167 5368 3225 473 3013 8352 3278 4868 5368 6171 8149 3225 8352 9257 5598 3278 6171 472 175 8149 9257 17 194 5598 472 7024 5883 175 17 5350 2944 194 7024 4036 7008 5883 5350 405 436 2944 4036 897 6491 7008 405 1687 700 436 897 2364 6472 6491 1687 9227 6854 700 2364 1489 4192 6472 9227 6170 7344 6854 1489 4670 5729 4192 6170 7163 2755 7344 4670 777 2484 5729 7163 3889 361 2755 777 7920 8959 2484 3889 6646 6717 361 7920 2416 3475 8959 6646 3289 114 6717 2416 7927 2399 3475 8866 2760 5413 5015 3700 2852 4134 2791 2760 2857 5436 5413 2852 7484 2032 4134 2857 4919 8246 5436 7484 6881 3010 2032 4919 3367 4659 8246 6881 3045 3606 3010 3367 4965 8672 4659 3045 7561 8316 3606 4965 4484 4101 8672 7561 2690 8033 8316 4484 3874 801 4101 2690 473 2817 8033 3874 4868 4298 801 473 3225 4425 2817 4868 3278 2828 4298 3225 8149 1341 4425 3278 5598 5620 2828 8149 175 8953 1341 5598 194 9220 5620 175 5883 6768 8953 194 2944 5060 9220 5883 7008 6584 6768 2944 436 9120 5060 7008 6491 5081 6584 436 700 2 9120 6491 6472 7636 5081 700 6854 7197 2 6472 4192 4113 7636 6854 7344 442 7197 4192 5729 1123 4113 7344 2755 7665 442 5729 2484 8333 1123 2755 361 9124 7665 2484 8959 6642 8333 361 6717 4332 9124 8959 3475 8887 6642 6717 114 1189 4332 3475 2399 3068 8887 5015 5413 30 4623 2791 4134 6330 34 5413 5436 3688 30 4134 2032 1900 6330 5436 8246 2368 3688 2032 3010 601 1900 8246 4659 9054 2368 3010 3606 5821 601 4659 8672 7001 9054 3606 8316 1014 5821 8672 4101 1048 7001 8316 8033 392 1014 4101 801 6697 1048 8033 2817 3112 392 801 4298 5500 6697 2817 4425 8742 3112 4298 2828 5692 5500 4425 1341 3553 8742 2828 5620 4260 5692 1341 8953 6157 3553 5620 9220 2406 4260 8953 6768 1795 6157 9220 5060 7543 2406 6768 6584 8667 1795 5060 9120 4094 7543 6584 5081 3811 8667 9120 2 8762 4094 5081 7636 4753 3811 2 7197 3004 8762 7636 4113 1431 4753 7197 442 2611 3004 4113 1123 6395 1431 442 7665 1630 2611 1123 8333 7696 6395 7665 9124 612 1630 8333 6642 4041 7696 9124 4332 1083 612 6642 8887 5398 4041 4332 1189 4338 1083 8887 3068 3480 5398 3763 5624 2035 8604 2250 14 6276 4495 5624 6810 5636 2035 14 6035 1453 6276 6810 7954 1185 5636 6035 4046 5814 1453 7954 4848 2271 1185 4046 8695 205 5814 4848 881 3378 2271 8695 3255 7345 205 881 5656 3420 3378 3255 4383 4947 7345 5656 3729 5215 3420 4383 5834 723 4947 3729 9043 6365 5215 5834 7985 5607 723 9043 1598 7030 6365 7985 4231 7288 5607 1598 3050 8570 7030 4231 4432 8150 7288 3050 5687 6575 8570 4432 7438 780 8150 5687 1379 302 6575 7438 2451 8668 780 1379 6761 3244 302 2451 8260 3740 8668 6761 2086 945 3244 8260 1688 5239 3740 2086 8232 226 945 1688 3302 6755 5239 8232 8821 7076 226 3302 2070 1733 6755 8821 1640 6162 7076 2070 4999 4750 1733 1640 8729 7584 6162 4999 7365 5296 4750 8729 2337 3771 7584 7365 1433 3973 5296 2337 1518 950 3771 1433 1175 5379 3973 8604 2035 5907 3439 4495 6276 7626 6904 2035 5636 3785 5907 6276 1453 2468 7626 5636 1185 3843 3785 1453 5814 7321 2468 1185 2271 7507 3843 5814 205 5313 7321 2271 3378 7219 7507 205 7345 2429 5313 3378 3420 5653 7219 7345 4947 7684 2429 3420 5215 3641 5653 4947 723 3948 7684 5215 6365 5374 3641 723 5607 6722 3948 6365 7030 7258 5374 5607 7288 3241 6722 7030 8570 6194 7258 7288 8150 7719 3241 8570 6575 8346 6194 8150 780 5756 7719 6575 302 4507 8346 780 8668 5494 5756 302 3244 6942 4507 8668 3740 6108 5494 3244 945 5246 6942 3740 5239 4504 6108 945 226 7961 5246 5239 6755 2103 4504 226 7076 2433 7961 6755 1733 4570 2103 7076 6162 4559 2433 1733 4750 5873 4570 6162 7584 1380 4559 4750 5296 8916 5873 7584 3771 3508 1380 5296 3973 443 8916 3771 950 7403 3508 3973 5379 6931 443 3439 5907 2790 3137 6904 7626 2906 5848 5907 3785 96 2790 7626 2468 5317 2906 3785 3843 120 96 2468 7321 1234 5317 3843 7507 589 120 7321 5313 3018 1234 7507 7219 4395 589 5313 2429 5422 3018 7219 5653 1365 4395 2429 7684 6549 5422 5653 3641 1785 1365 7684 3948 2686 6549 3641 5374 5625 1785 3948 6722 5536 2686 5374 7258 551 5625 6722 3241 9088 5536 7258 6194 7353 551 3241 7719 403 9088 6194 8346 3862 7353 7719 5756 169 403 8346 4507 8413 3862 5756 5494 6906 169 4507 6942 9037 8413 5494 6108 3505 6906 6942 5246 1444 9037 6108 4504 2083 3505 5246 7961 1894 1444 4504 2103 4494 2083 7961 2433 6498 1894 2103 4570 6300 4494 2433 4559 6825 6498 4570 5873 7953 6300 4559 1380 7342 6825 5873 8916 1759 7953 1380 3508 8510 7342 8916 443 7198 1759 3508 7403 5157 8510 443 6931 1037 7198 3137 2790 9087 5601 5848 2906 7550 1519 2790 96 1549 9087 2906 5317 3335 7550 96 120 5590 1549 5317 1234 4198 3335 120 589 2411 5590 1234 3018 689 4198 589 4395 4512 2411 3018 5422 5492 689 4395 1365 4067 4512 5422 6549 7891 5492 1365 1785 2168 4067 6549 2686 590 7891 1785 5625 5128 2168 2686 5536 1773 590 5625 551 6444 5128 5536 9088 84 1773 551 7353 6320 6444 9088 403 6076 84 7353 3862 7081 6320 403 169 5181 6076 3862 8413 5100 7081 169 6906 7879 5181 8413 9037 3307 5100 6906 3505 1683 7879 9037 1444 7625 3307 3505 2083 7031 1683 1444 1894 8957 7625 2083 4494 7556 7031 1894 6498 2510 8957 4494 6300 274 7556 6498 6825 6845 2510 6300 7953 7419 274 6825 7342 2221 6845 7953 1759 1034 7419 7342 8510 2453 2221 1759 7198 3099 1034 8510 5157 1557 2453 7198 1037 7173 3099 5601 9087 635 4382 1519 7550 8493 3836 9087 1549 2435 635 7550 3335 7433 8493 1549 5590 6572 2435 3335 4198 8733 7433 5590 2411 1071 6572 4198 689 8999 8733 2411 4512 2578 1071 689 5492 6490 8999 4512 4067 8299 2578 5492 7891 5786 6490 4067 2168 3658 8299 7891 590 676 5786 2168 5128 7941 3658 590 1773 5238 676 5128 6444 5954 7941 1773 84 6651 5238 6444 6320 42 5954 84 6076 7478 6651 6320 7081 4655 42 6076 5181 5675 7478 7081 5100 9165 4655 5181 7879 1091 5675 5100 3307 7635 9165 7879 1683 4302 1091 3307 7625 5841 7635 1683 7031 1063 4302 7625 8957 7122 5841 7031 7556 7015 1063 8957 2510 182 7122 7556 274 2481 7015 2510 6845 6567 182 274 7419 2875 2481 6845 2221 1394 6567 7419 1034 2737 2875 2221 2453 7236 1394 1034 3099 2602 2737 2453 1557 4394 7236 3099 7173 4903 2602 4382 635 6915 1707 3836 8493 7516 1410 635 2435 3143 6915 8493 7433 1457 7516 2435 6572 5741 3143 7433 8733 1353 1457 6572 1071 8575 5741 8733 8999 5663 1353 1071 2578 849 8575 8999 6490 5391 5663 2578 8299 8066 849 6490 5786 6772 5391 8299 3658 3807 8066 5786 676 3297 6772 3658 7941 2845 3807 676 5238 3891 3297 7941 5954 451 2845 5238 6651 7496 3891 5954 42 7391 451 6651 7478 11 7496 42 4655 5364 7391 7478 5675 2928 11 4655 9165 2524 5364 5675 1091 6699 2928 9165 7635 1004 2524 1091 4302 9032 6699 7635 5841 485 1004 4302 1063 6998 9032 5841 7122 148 485 1063 7015 5240 6998 7122 182 1669 148 7015 2481 1886 5240 182 6567 3849 1669 2481 2875 1606 1886 6567 1394 7775 3849 2875 2737 763 1606 1394 7236 1983 7775 2737 2602 4280 763 7236 4394 4021 1983 2602 4903 5298 4280 1707 6915 6771 1205 1410 7516 4444 6594 6915 3143 2110 6771 7516 1457 4683 4444 3143 5741 8470 2110 1457 1353 6119 4683 5741 8575 9162 8470 1353 5663 2829 6119 8575 849 7865 9162 5663 5391 8757 2829 849 8066 3632 7865 5391 6772 4418 8757 8066 3807 3971 3632 6772 3297 812 4418 3807 2845 1443 3971 3297 3891 8138 812 2845 451 719 1443 3891 7496 3625 8138 451 7391 7779 719 7496 11 3861 3625 7391 5364 7334 7779 11 2928 7810 3861 5364 2524 3352 7334 2928 6699 3433 7810 2524 1004 5182 3352 6699 9032 7473 3433 1004 485 7 5182 9032 6998 6052 7473 485 148 6590 7 6998 5240 2237 6052 148 1669 344 6590 5240 1886 7805 2237 1669 3849 1249 344 1886 1606 8706 7805 3849 7775 3093 1249 1606 763 2019 8706 7775 1983 7986 3093 763 4280 3621 2019 1983 4021 7050 7986 4280 5298 5766 3621 1205 6771 4096 8249 6594 4444 3214 6400 6771 2110 7452 4096 4444 4683 7179 3214 2110 8470 2280 7452 4683 6119 4290 7179 8470 9162 7398 2280 6119 2829 7973 4290 9162 7865 7822 7398 2829 8757 4881 7973 7865 3632 6955 7822 8757 4418 5999 4881 3632 3971 2520 6955 4418 812 7077 5999 3971 1443 6515 2520 812 8138 2284 7077 1443 719 7595 6515 8138 3625 2097 2284 719 7779 8557 7595 3625 3861 7432 2097 7779 7334 5970 8557 3861 7810 1698 7432 7334 3352 3247 5970 7810 3433 366 1698 3352 5182 5486 3247 3433 7473 944 366 5182 7 5665 5486 7473 6052 3027 944 7 6590 1592 5665 6052 2237 2114 3027 6590 344 2486 1592 2237 7805 4523 2114 344 1249 7874 2486 7805 8706 2042 4523 1249 3093 1344 7874 8706 2019 2811 2042 3093 7986 1764 1344 2019 3621 7309 2811 7986 7050 1360 1764 3621 5766 5306 7309 8249 4096 6546 6851 6400 3214 7032 4646 4096 7452 2079 6546 3214 7179 6608 7032 7452 2280 1845 2079 7179 4290 7418 6608 2280 7398 3181 1845 4290 7973 7238 7418 7398 7822 595 3181 7973 4881 3582 7238 7822 6955 2135 595 4881 5999 8743 3582 6955 2520 6121 2135 5999 7077 1476 8743 2520 6515 6133 6121 7077 2284 8820 1476 6515 7595 6277 6133 2284 2097 5396 8820 7595 8557 7924 6277 2097 7432 8094 5396 8557 5970 5056 7924 7432 1698 427 8094 5970 3247 895 5056 1698 366 4568 427 3247 5486 6613 895 366 944 1841 4568 5486 5665 1850 6613 944 3027 4152 1841 5665 1592 7164 1850 3027 2114 6711 4152 1592 2486 2351 7164 2114 4523 907 6711 2486 7874 1376 2351 4523 2042 4247 907 7874 1344 7094 1376 2042 2811 6989 4247 1344 1764 7796 7094 2811 7309 9139 6989 1764 1360 450 7796 7309 5306 5119 9139 6851 6546 6706 8863 4646 7032 6443 7518 6546 2079 1006 6706 7032 6608 1237 6443 2079 1845 5348 1006 6608 7418 5469 1237 1845 3181 8241 5348 7418 7238 2375 5469 3181 595 8537 8241 7238 3582 6130 2375 595 2135 3759 8537 3582 8743 2353 6130 2135 6121 4072 3759 8743 1476 6731 2353 6121 6133 2236 4072 1476 8820 7761 6731 6133 6277 7760 2236 8820 5396 6457 7761 6277 7924 4992 7760 5396 8094 961 6457 7924 5056 7609 4992 8094 427 7842 961 5056 895 6669 7609 427 4568 7221 7842 895 6613 788 6669 4568 1841 7183 7221 6613 1850 4597 788 1841 4152 966 7183 1850 7164 7818 4597 4152 6711 518 966 7164 2351 4053 7818 6711 907 229 518 2351 1376 2623 4053 907 4247 2287 229 1376 7094 3652 2623 4247 6989 9072 2287 7094 7796 7890 3652 6989 9139 2393 9072 7796 450 5038 7890 9139 5119 2600 2393 8863 6706 6448 7441 7518 6443 2273 3472 6706 1006 4230 6448 6443 1237 9126 2273 1006 5348 5162 4230 1237 5469 4226 9126 5348 8241 5232 5162 5469 2375 7641 4226 8241 8537 6190 5232 2375 6130 9067 7641 8537 3759 6254 6190 6130 2353 870 9067 3759 4072 5916 6254 2353 6731 1613 870 4072 2236 4525 5916 6731 7761 179 1613 2236 7760 3196 4525 7761 6457 9095 179 7760 4992 8034 3196 6457 961 5476 9095 4992 7609 2031 8034 961 7842 5809 5476 7609 6669 2196 2031 7842 7221 5207 5809 6669 788 1500 2196 7221 7183 4438 5207 788 4597 1914 1500 7183 966 1499 4438 4597 7818 3747 1914 966 518 4401 1499 7818 4053 3613 3747 518 229 8341 4401 4053 2623 8803 3613 229 2287 8430 8341 2623 3652 8590 8803 2287 9072 1162 8430 3652 7890 292 8590 9072 2393 3812 1162 7890 5038 2792 292 2393 2600 7368 3812 7441 6448 4273 2847 3472 2273 6051 6323 6448 4230 7599 4273 2273 9126 464 6051 4230 5162 7007 7599 9126 4226 4462 464 5162 5232 6111 7007 4226 7641 3089 4462 5232 6190 5103 6111 7641 9067 6951 3089 6190 6254 3424 5103 9067 870 3315 6951 6254 5916 1954 3424 870 1613 2688 3315 5916 4525 3176 1954 1613 179 7305 2688 4525 3196 1917 3176 179 9095 4426 7305 3196 8034 2018 1917 9095 5476 428 4426 8034 2031 7808 2018 5476 5809 1798 428 2031 2196 106 7808 5809 5207 7186 1798 2196 1500 4431 106 5207 4438 5174 7186 1500 1914 1998 4431 4438 1499 9232 5174 1914 3747 4852 1998 1499 4401 8609 9232 3747 3613 8311 4852 4401 8341 8669 8609 3613 8803 3400 8311 8341 8430 7247 8669 8803 8590 3501 3400 8430 1162 3689 7247 8590 292 1477 3501 1162 3812 2772 3689 292 2792 9057 1477 3812 7368 4869 2772 2847 4273 5695 8720 6323 6051 6838 7764 4273 7599 2292 5695 6051 464 2400 6838 7599 7007 6357 2292 464 4462 3670 2400 7007 6111 6488 6357 4462 3089 1115 3670 6111 5103 8556 6488 3089 6951 3421 1115 5103 3424 8636 8556 6951 3315 8144 3421 3424 1954 3489 8636 3315 2688 8212 8144 1954 3176 8104 3489 2688 7305 180 8212 3176 1917 1589 8104 7305 4426 810 180 1917 2018 8407 1589 4426 428 2795 810 2018 7808 7610 8407 428 1798 7801 2795 7808 106 2020 7610 1798 7186 1865 7801 106 4431 3083 2020 7186 5174 8930 1865 4431 1998 3879 3083 5174 9232 2969 8930 1998 4852 1827 3879 9232 8609 5992 2969 4852 8311 2209 1827 8609 8669 2748 5992 8311 3400 6073 2209 8669 7247 769 2748 3400 3501 1277 6073 7247 3689 977 769 3501 1477 6792 1277 3689 2772 1046 977 1477 9057 3607 6792 2772 4869 8126 1046 8720 5695 7872 7841 7764 6838 8969 1693 5695 2292 6987 7872 6838 2400 8115 8969 2292 6357 6404 6987 2400 3670 7606 8115 6357 6488 2034 6404 3670 1115 8037 7606 6488 8556 3573 2034 1115 3421 1964 8037 8556 8636 717 3573 3421 8144 313 1964 8636 3489 6243 717 8144 8212 1459 313 3489 8104 2398 6243 8212 180 4806 1459 8104 1589 305 2398 180 810 733 4806 1589 8407 6570 305 810 2795 4733 733 8407 7610 6299 6570 2795 7801 5972 4733 7610 2020 1907 6299 7801 1865 5369 5972 2020 3083 6072 1907 1865 8930 4564 5369 3083 3879 2336 6072 8930 2969 2405 4564 3879 1827 4160 2336 2969 5992 3476 2405 1827 2209 4945 4160 5992 2748 615 3476 2209 6073 4576 4945 2748 769 5516 615 6073 1277 4799 4576 769 977 7070 5516 1277 6792 6806 4799 977 1046 2012 7070 6792 3607 6978 6806 1046 8126 8828 2012 7841 7872 3209 2642 1693 8969 4194 7777 7872 6987 4213 3209 8969 8115 3357 4194 6987 6404 352 4213 8115 7606 9055 3357 6404 2034 1003 352 7606 8037 1953 9055 2034 3573 952 1003 8037 1964 5482 1953 3573 717 1184 952 1964 313 8983 5482 717 6243 4074 1184 313 1459 8857 8983 6243 2398 2160 4074 1459 4806 3163 8857 2398 305 530 2160 4806 733 1098 3163 305 6570 5588 530 733 4733 3353 1098 6570 6299 6378 5588 4733 5972 8617 3353 6299 1907 4309 6378 5972 5369 8524 8617 1907 6072 4414 4309 5369 4564 2323 8524 6072 2336 8683 4414 4564 2405 3638 2323 2336 4160 7210 8683 2405 3476 845 3638 4160 4945 734 7210 3476 615 2835 845 4945 4576 8153 734 615 5516 3833 2835 4576 4799 2899 8153 5516 7070 2177 3833 4799 6806 5241 2899 7070 2012 8877 2177 6806 6978 4294 5241 2012 8828 2324 8877 2642 3209 1173 4253 7777 4194 8356 3473 3209 4213 441 1173 4194 3357 6702 8356 4213 352 940 441 3357 9055 3620 6702 352 1003 347 940 9055 1953 2763 3620 1003 952 1963 347 1953 5482 6740 2763 952 1184 8318 1963 5482 8983 7375 6740 1184 4074 1821 8318 8983 8857 522 7375 4074 2160 2149 1821 8857 3163 6063 522 2160 530 4797 2149 3163 1098 7009 6063 530 5588 8417 4797 1098 3353 7193 7009 5588 6378 5554 8417 3353 8617 8643 7193 6378 4309 2727 5554 8617 8524 7771 8643 4309 4414 7601 2727 8524 2323 8929 7771 4414 8683 7660 7601 2323 3638 8254 8929 8683 7210 1346 7660 3638 845 4151 8254 7210 734 2288 1346 845 2835 6350 4151 734 8153 3486 2288 2835 3833 4314 6350 8153 2899 5910 3486 3833 2177 8637 4314 2899 5241 3946 5910 2177 8877 4291 8637 5241 4294 7328 3946 8877 2324 2124 4291 4253 1173 1021 202 3473 8356 3215 4399 1173 441 7887 1021 8356 6702 3467 3215 441 940 4447 7887 6702 3620 5112 3467 940 347 2136 4447 3620 2763 2088 5112 347 1963 2479 2136 2763 6740 1454 2088 1963 8318 4707 2479 6740 7375 4141 1454 8318 1821 3167 4707 7375 522 3477 4141 1821 2149 5368 3167 522 6063 6097 3477 2149 4797 6171 5368 6063 7009 2036 6097 4797 8417 472 6171 7009 7193 9145 2036 8417 5554 7024 472 7193 8643 7455 9145 5554 2727 4036 7024 8643 7771 1358 7455 2727 7601 897 4036 7771 8929 8197 1358 7601 7660 2364 897 8929 8254 7450 8197 7660 1346 1489 2364 8254 4151 4548 7450 1346 2288 4670 1489 4151 6350 1957 4548 2288 3486 777 4670 6350 4314 2073 1957 3486 5910 7920 777 4314 8637 2536 2073 5910 3946 2416 7920 8637 4291 5242 2536 3946 7328 7927 2416 4291 2124 5501 5242 202 1021 2852 3700 4399 3215 5660 3844 1021 7887 7484 2852 3215 3467 3323 5660 7887 4447 6881 7484 3467 5112 7572 3323 4447 2136 3045 6881 5112 2088 2939 7572 2136 2479 7561 3045 2088 1454 4540 2939 2479 4707 2690 7561 1454 4141 2227 4540 4707 3167 473 2690 4141 3477 6225 2227 3167 5368 3225 473 3477 6097 3205 6225 5368 6171 8149 3225 6097 2036 9226 3205 6171 472 175 8149 2036 9145 6631 9226 472 7024 5883 175 9145 7455 4516 6631 7024 4036 7008 5883 7455 1358 969 4516 4036 897 6491 7008 1358 8197 8107 969 897 2364 6472 6491 8197 7450 4665 8107 2364 1489 4192 6472 7450 4548 1458 4665 1489 4670 5729 4192 4548 1957 8670 1458 4670 777 2484 5729 1957 2073 6375 8670 777 7920 8959 2484 2073 2536 6834 6375 7920 2416 3475 8959 2536 5242 2294 6834 2416 7927 2399 3475 5242 5501 6569 2294 3700 2852 4134 2791 3844 5660 1012 9144 2852 7484 2032 4134 5660 3323 6033 1012 7484 6881 3010 2032 3323 7572 8057 6033 6881 3045 3606 3010 7572 2939 6061 8057 3045 7561 8316 3606 2939 4540 7940 6061 7561 2690 8033 8316 4540 2227 6152 7940 2690 473 2817 8033 2227 6225 1757 6152 473 3225 4425 2817 6225 3205 2576 1757 3225 8149 1341 4425 3205 9226 8029 2576 8149 175 8953 1341 9226 6631 3342 8029 175 5883 6768 8953 6631 4516 303 3342 5883 7008 6584 6768 4516 969 8708 303 7008 6491 5081 6584 969 8107 220 8708 6491 6472 7636 5081 8107 4665 474 220 6472 4192 4113 7636 4665 1458 4862 474 4192 5729 1123 4113 1458 8670 9248 4862 5729 2484 8333 1123 8670 6375 6783 9248 2484 8959 6642 8333 6375 6834 5976 6783 8959 3475 8887 6642 6834 2294 2929 5976 3475 2399 3068 8887 2294 6569 375 2929 2791 4134 6330 34 9144 1012 6426 7141 4134 2032 1900 6330 1012 6033 6892 6426 2032 3010 601 1900 6033 8057 1876 6892 3010 3606 5821 601 8057 6061 1445 1876 3606 8316 1014 5821 6061 7940 1479 1445 8316 8033 392 1014 7940 6152 8947 1479 8033 2817 3112 392 6152 1757 3440 8947 2817 4425 8742 3112 1757 2576 4873 3440 4425 1341 3553 8742 2576 8029 8606 4873 1341 8953 6157 3553 8029 3342 3481 8606 8953 6768 1795 6157 3342 303 1674 3481 6768 6584 8667 1795 303 8708 6909 1674 6584 5081 3811 8667 8708 220 1127 6909 5081 7636 4753 3811 220 474 5013 1127 7636 4113 1431 4753 474 4862 461 5013 4113 1123 6395 1431 4862 9248 1285 461 1123 8333 7696 6395 9248 6783 4698 1285 8333 6642 4041 7696 6783 5976 1529 4698 6642 8887 5398 4041 5976 2929 159 1529 8887 3068 3480 5398 2929 375 5737 159 2250 14 6276 4495 2022 5818 6667 989 14 6035 1453 6276 5818 1607 4242 6667 6035 4046 5814 1453 1607 1626 2867 4242 4046 8695 205 5814 1626 1292 4917 2867 8695 3255 7345 205 1292 3387 8345 4917 3255 4383 4947 7345 3387 1958 1350 8345 4383 5834 723 4947 1958 5414 5319 1350 5834 7985 5607 723 5414 9009 596 5319 7985 4231 7288 5607 9009 164 7178 596 4231 4432 8150 7288 164 3702 280 7178 4432 7438 780 8150 3702 1805 7620 280 7438 2451 8668 780 1805 8997 1348 7620 2451 8260 3740 8668 8997 2309 2900 1348 8260 1688 5239 3740 2309 185 197 2900 1688 3302 6755 5239 185 3513 7370 197 3302 2070 1733 6755 3513 2628 3814 7370 2070 4999 4750 1733 2628 3186 8901 3814 4999 7365 5296 4750 3186 8226 2566 8901 7365 1433 3973 5296 8226 8527 1731 2566 1433 1175 5379 3973 8527 7622 5187 1731 4495 6276 7626 6904 989 6667 8331 2526 6276 1453 2468 7626 6667 4242 7523 8331 1453 5814 7321 2468 4242 2867 2162 7523 5814 205 5313 7321 2867 4917 667 2162 205 7345 2429 5313 4917 8345 8796 667 7345 4947 7684 2429 8345 1350 841 8796 4947 723 3948 7684 1350 5319 685 841 723 5607 6722 3948 5319 596 574 685 5607 7288 3241 6722 596 7178 6500 574 7288 8150 7719 3241 7178 280 6571 6500 8150 780 5756 7719 280 7620 1355 6571 780 8668 5494 5756 7620 1348 3734 1355 8668 3740 6108 5494 1348 2900 2973 3734 3740 5239 4504 6108 2900 197 3418 2973 5239 6755 2103 4504 197 7370 8366 3418 6755 1733 4570 2103 7370 3814 6303 8366 1733 4750 5873 4570 3814 8901 7868 6303 4750 5296 8916 5873 8901 2566 3164 7868 5296 3973 443 8916 2566 1731 8730 3164 3973 5379 6931 443 1731 5187 3080 8730 6904 7626 2906 5848 2526 8331 2113 2995 7626 2468 5317 2906 8331 7523 3084 2113 2468 7321 1234 5317 7523 2162 2846 3084 7321 5313 3018 1234 2162 667 2437 2846 5313 2429 5422 3018 667 8796 5702 2437 2429 7684 6549 5422 8796 841 3626 5702 7684 3948 2686 6549 841 685 4673 3626 3948 6722 5536 2686 685 574 3589 4673 6722 3241 9088 5536 574 6500 3571 3589 3241 7719 403 9088 6500 6571 3329 3571 7719 5756 169 403 6571 1355 3334 3329 5756 5494 6906 169 1355 3734 4217 3334 5494 6108 3505 6906 3734 2973 7769 4217 6108 4504 2083 3505 2973 3418 8408 7769 4504 2103 4494 2083 3418 8366 920 8408 2103 4570 6300 4494 8366 6303 3532 920 4570 5873 7953 6300 6303 7868 1792 3532 5873 8916 1759 7953 7868 3164 6620 1792 8916 443 7198 1759 3164 8730 369 6620 443 6931 1037 7198 8730 3080 5820 369 5848 2906 7550 1519 2995 2113 5335 7412 2906 5317 3335 7550 2113 3084 9233 5335 5317 1234 4198 3335 3084 2846 356 9233 1234 3018 689 4198 2846 2437 1753 356 3018 5422 5492 689 2437 5702 5881 1753 5422 6549 7891 5492 5702 3626 7689 5881 6549 2686 590 7891 3626 4673 2264 7689 2686 5536 1773 590 4673 3589 4770 2264 5536 9088 84 1773 3589 3571 1469 4770 9088 403 6076 84 3571 3329 5416 1469 403 169 5181 6076 3329 3334 5900 5416 169 6906 7879 5181 3334 4217 2137 5900 6906 3505 1683 7879 4217 7769 5912 2137 3505 2083 7031 1683 7769 8408 8462 5912 2083 4494 7556 7031 8408 920 7500 8462 4494 6300 274 7556 920 3532 1697 7500 6300 7953 7419 274 3532 1792 5942 1697 7953 1759 1034 7419 1792 6620 371 5942 1759 7198 3099 1034 6620 369 2104 371 7198 1037 7173 3099 369 5820 7798 2104 1519 7550 8493 3836 7412 5335 3883 4606 7550 3335 7433 8493 5335 9233 5726 3883 3335 4198 8733 7433 9233 356 569 5726 4198 689 8999 8733 356 1753 7795 569 689 5492 6490 8999 1753 5881 2487 7795 5492 7891 5786 6490 5881 7689 3087 2487 7891 590 676 5786 7689 2264 3789 3087 590 1773 5238 676 2264 4770 7748 3789 1773 84 6651 5238 4770 1469 844 7748 84 6076 7478 6651 1469 5416 5853 844 6076 5181 5675 7478 5416 5900 6078 5853 5181 7879 1091 5675 5900 2137 8588 6078 7879 1683 4302 1091 2137 5912 7446 8588 1683 7031 1063 4302 5912 8462 6871 7446 7031 7556 7015 1063 8462 7500 1087 6871 7556 274 2481 7015 7500 1697 6621 1087 274 7419 2875 2481 1697 5942 5009 6621 7419 1034 2737 2875 5942 371 8381 5009 1034 3099 2602 2737 371 2104 7386 8381 3099 7173 4903 2602 2104 7798 6244 7386 3836 8493 7516 1410 4606 3883 1794 7757 8493 7433 1457 7516 3883 5726 5031 1794 7433 8733 1353 1457 5726 569 722 5031 8733 8999 5663 1353 569 7795 5733 722 8999 6490 5391 5663 7795 2487 3880 5733 6490 5786 6772 5391 2487 3087 380 3880 5786 676 3297 6772 3087 3789 1652 380 676 5238 3891 3297 3789 7748 3095 1652 5238 6651 7496 3891 7748 844 8175 3095 6651 7478 11 7496 844 5853 7072 8175 7478 5675 2928 11 5853 6078 4653 7072 5675 1091 6699 2928 6078 8588 1159 4653 1091 4302 9032 6699 8588 7446 619 1159 4302 1063 6998 9032 7446 6871 1825 619 1063 7015 5240 6998 6871 1087 2226 1825 7015 2481 1886 5240 1087 6621 8295 2226 2481 2875 1606 1886 6621 5009 3959 8295 2875 2737 763 1606 5009 8381 3592 3959 2737 2602 4280 763 8381 7386 8882 3592 2602 4903 5298 4280 7386 6244 4587 8882 1410 7516 4444 6594 7757 1794 5909 8846 7516 1457 4683 4444 1794 5031 6186 5909 1457 1353 6119 4683 5031 722 7394 6186 1353 5663 2829 6119 722 5733 7044 7394 5663 5391 8757 2829 5733 3880 7188 7044 5391 6772 4418 8757 3880 380 3988 7188 6772 3297 812 4418 380 1652 7460 3988 3297 3891 8138 812 1652 3095 1356 7460 3891 7496 3625 8138 3095 8175 6563 1356 7496 11 3861 3625 8175 7072 3509 6563 11 2928 7810 3861 7072 4653 6715 3509 2928 6699 3433 7810 4653 1159 4080 6715 6699 9032 7473 3433 1159 619 3514 4080 9032 6998 6052 7473 619 1825 3705 3514 6998 5240 2237 6052 1825 2226 8127 3705 5240 1886 7805 2237 2226 8295 6219 8127 1886 1606 8706 7805 8295 3959 6633 6219 1606 763 2019 8706 3959 3592 2301 6633 763 4280 3621 2019 3592 8882 6262 2301 4280 5298 5766 3621 8882 4587 3698 6262 6594 4444 3214 6400 8846 5909 1511 5211 4444 4683 7179 3214 5909 6186 7223 1511 4683 6119 4290 7179 6186 7394 8671 7223 6119 2829 7973 4290 7394 7044 1466 8671 2829 8757 4881 7973 7044 7188 4902 1466 8757 4418 5999 4881 7188 3988 6281 4902 4418 812 7077 5999 3988 7460 1439 6281 812 8138 2284 7077 7460 1356 5525 1439 8138 3625 2097 2284 1356 6563 1601 5525 3625 3861 7432 2097 6563 3509 8202 1601 3861 7810 1698 7432 3509 6715 1468 8202 7810 3433 366 1698 6715 4080 1843 1468 3433 7473 944 366 4080 3514 8864 1843 7473 6052 3027 944 3514 3705 6583 8864 6052 2237 2114 3027 3705 8127 5706 6583 2237 7805 4523 2114 8127 6219 6345 5706 7805 8706 2042 4523 6219 6633 7773 6345 8706 2019 2811 2042 6633 2301 1719 7773 2019 3621 7309 2811 2301 6262 2171 1719 3621 5766 5306 7309 6262 3698 5048 2171 6400 3214 7032 4646 5211 1511 721 21 3214 7179 6608 7032 1511 7223 5140 721 7179 4290 7418 6608 7223 8671 6148 5140 4290 7973 7238 7418 8671 1466 4159 6148 7973 4881 3582 7238 1466 4902 4809 4159 4881 5999 8743 3582 4902 6281 3266 4809 5999 7077 1476 8743 6281 1439 2424 3266 7077 2284 8820 1476 1439 5525 1017 2424 2284 2097 5396 8820 5525 1601 41 1017 2097 7432 8094 5396 1601 8202 7302 41 7432 1698 427 8094 8202 1468 4589 7302 1698 366 4568 427 1468 1843 5969 4589 366 944 1841 4568 1843 8864 1727 5969 944 3027 4152 1841 8864 6583 6886 1727 3027 2114 6711 4152 6583 5706 6348 6886 2114 4523 907 6711 5706 6345 5810 6348 4523 2042 4247 907 6345 7773 8630 5810 2042 2811 6989 4247 7773 1719 957 8630 2811 7309 9139 6989 1719 2171 1704 957 7309 5306 5119 9139 2171 5048 4796 1704 4646 7032 6443 7518 21 721 5851 8666 7032 6608 1237 6443 721 5140 7449 5851 6608 7418 5469 1237 5140 6148 1406 7449 7418 7238 2375 5469 6148 4159 4363 1406 7238 3582 6130 2375 4159 4809 7915 4363 3582 8743 2353 6130 4809 3266 8711 7915 8743 1476 6731 2353 3266 2424 7623 8711 1476 8820 7761 6731 2424 1017 3097 7623 8820 5396 6457 7761 1017 41 8521 3097 5396 8094 961 6457 41 7302 5203 8521 8094 427 7842 961 7302 4589 5566 5203 427 4568 7221 7842 4589 5969 1622 5566 4568 1841 7183 7221 5969 1727 2317 1622 1841 4152 966 7183 1727 6886 6657 2317 4152 6711 518 966 6886 6348 6445 6657 6711 907 229 518 6348 5810 8020 6445 907 4247 2287 229 5810 8630 3483 8020 4247 6989 9072 2287 8630 957 6819 3483 6989 9139 2393 9072 957 1704 4081 6819 9139 5119 2600 2393 1704 4796 9022 4081 7518 6443 2273 3472 8666 5851 8497 9073 6443 1237 9126 2273 5851 7449 2358 8497 1237 5469 4226 9126 7449 1406 5108 2358 5469 2375 7641 4226 1406 4363 6379 5108 2375 6130 9067 7641 4363 7915 7701 6379 6130 2353 870 9067 7915 8711 8871 7701 2353 6731 1613 870 8711 7623 9109 8871 6731 7761 179 1613 7623 3097 5192 9109 7761 6457 9095 179 3097 8521 1188 5192 6457 961 5476 9095 8521 5203 4542 1188 961 7842 5809 5476 5203 5566 3580 4542 7842 7221 5207 5809 5566 1622 8136 3580 7221 7183 4438 5207 1622 2317 4717 8136 7183 966 1499 4438 2317 6657 4156 4717 966 518 4401 1499 6657 6445 8349 4156 518 229 8341 4401 6445 8020 2382 8349 229 2287 8430 8341 8020 3483 7116 2382 2287 9072 1162 8430 3483 6819 433 7116 9072 2393 3812 1162 6819 4081 4788 433 2393 2600 7368 3812 4081 9022 6947 4788 3472 2273 6051 6323 9073 8497 463 2489 2273 9126 464 6051 8497 2358 7409 463 9126 4226 4462 464 2358 5108 8102 7409 4226 7641 3089 4462 5108 6379 222 8102 7641 9067 6951 3089 6379 7701 7367 222 9067 870 3315 6951 7701 8871 6795 7367 870 1613 2688 3315 8871 9109 2240 6795 1613 179 7305 2688 9109 5192 2827 2240 179 9095 4426 7305 5192 1188 9102 2827 9095 5476 428 4426 1188 4542 3608 9102 5476 5809 1798 428 4542 3580 6592 3608 5809 5207 7186 1798 3580 8136 2893 6592 5207 4438 5174 7186 8136 4717 8409 2893 4438 1499 9232 5174 4717 4156 2784 8409 1499 4401 8609 9232 4156 8349 2616 2784 4401 8341 8669 8609 8349 2382 7586 2616 8341 8430 7247 8669 2382 7116 7627 7586 8430 1162 3689 7247 7116 433 1007 7627 1162 3812 2772 3689 433 4788 3603 1007 3812 7368 4869 2772 4788 6947 1972 3603 6323 6051 6838 7764 2489 463 917 2671 6051 464 2400 6838 463 7409 8228 917 464 4462 3670 2400 7409 8102 1163 8228 4462 3089 1115 3670 8102 222 5672 1163 3089 6951 3421 1115 222 7367 3854 5672 6951 3315 8144 3421 7367 6795 5115 3854 3315 2688 8212 8144 6795 2240 8099 5115 2688 7305 180 8212 2240 2827 9249 8099 7305 4426 810 180 2827 9102 107 9249 4426 428 2795 810 9102 3608 1313 107 428 1798 7801 2795 3608 6592 5123 1313 1798 7186 1865 7801 6592 2893 2603 5123 7186 5174 8930 1865 2893 8409 6453 2603 5174 9232 2969 8930 8409 2784 5927 6453 9232 8609 5992 2969 2784 2616 6970 5927 8609 8669 2748 5992 2616 7586 1400 6970 8669 7247 769 2748 7586 7627 6511 1400 7247 3689 977 769 7627 1007 5513 6511 3689 2772 1046 977 1007 3603 1241 5513 2772 4869 8126 1046 3603 1972 8656 1241 7764 6838 8969 1693 2671 917 6343 1081 6838 2400 8115 8969 917 8228 3741 6343 2400 3670 7606 8115 8228 1163 329 3741 3670 1115 8037 7606 1163 5672 6778 329 1115 3421 1964 8037 5672 3854 581 6778 3421 8144 313 1964 3854 5115 2830 581 8144 8212 1459 313 5115 8099 6855 2830 8212 180 4806 1459 8099 9249 5347 6855 180 810 733 4806 9249 107 1852 5347 810 2795 4733 733 107 1313 1498 1852 2795 7801 5972 4733 1313 5123 7894 1498 7801 1865 5369 5972 5123 2603 3824 7894 1865 8930 4564 5369 2603 6453 9130 3824 8930 2969 2405 4564 6453 5927 1555 9130 2969 5992 3476 2405 5927 6970 3309 1555 5992 2748 615 3476 6970 1400 5538 3309 2748 769 5516 615 1400 6511 5572 5538 769 977 7070 5516 6511 5513 1023 5572 977 1046 2012 7070 5513 1241 1616 1023 1046 8126 8828 2012 1241 8656 6037 1616 1693 8969 4194 7777 1081 6343 527 1279 8969 8115 3357 4194 6343 3741 531 527 8115 7606 9055 3357 3741 329 4712 531 7606 8037 1953 9055 329 6778 116 4712 8037 1964 5482 1953 6778 581 3672 116 1964 313 8983 5482 581 2830 5088 3672 313 1459 8857 8983 2830 6855 1664 5088 1459 4806 3163 8857 6855 5347 8315 1664 4806 733 1098 3163 5347 1852 2099 8315 733 4733 3353 1098 1852 1498 8772 2099 4733 5972 8617 3353 1498 7894 746 8772 5972 5369 8524 8617 7894 3824 2728 746 5369 4564 2323 8524 3824 9130 7260 2728 4564 2405 3638 2323 9130 1555 7747 7260 2405 3476 845 3638 1555 3309 5294 7747 3476 615 2835 845 3309 5538 2354 5294 615 5516 3833 2835 5538 5572 1502 2354 5516 7070 2177 3833 5572 1023 3127 1502 7070 2012 8877 2177 1023 1616 5016 3127 2012 8828 2324 8877 1616 6037 9202 5016 7777 4194 8356 3473 1279 527 6267 9079 4194 3357 6702 8356 527 531 8634 6267 3357 9055 3620 6702 531 4712 5165 8634 9055 1953 2763 3620 4712 116 1576 5165 1953 5482 6740 2763 116 3672 6728 1576 5482 8983 7375 6740 3672 5088 4442 6728 8983 8857 522 7375 5088 1664 8883 4442 8857 3163 6063 522 1664 8315 3901 8883 3163 1098 7009 6063 8315 2099 5409 3901 1098 3353 7193 7009 2099 8772 3230 5409 3353 8617 8643 7193 8772 746 7306 3230 8617 8524 7771 8643 746 2728 6905 7306 8524 2323 8929 7771 2728 7260 1472 6905 2323 3638 8254 8929 7260 7747 8829 1472 3638 845 4151 8254 7747 5294 3082 8829 845 2835 6350 4151 5294 2354 747 3082 2835 3833 4314 6350 2354 1502 7755 747 3833 2177 8637 4314 1502 3127 6246 7755 2177 8877 4291 8637 3127 5016 2699 6246 8877 2324 2124 4291 5016 9202 4353 2699 3473 8356 3215 4399 9079 6267 8117 6636 8356 6702 3467 3215 6267 8634 7832 8117 6702 3620 5112 3467 8634 5165 7551 7832 3620 2763 2088 5112 5165 1576 2403 7551 2763 6740 1454 2088 1576 6728 778 2403 6740 7375 4141 1454 6728 4442 857 778 7375 522 3477 4141 4442 8883 8694 857 522 6063 6097 3477 8883 3901 3556 8694 6063 7009 2036 6097 3901 5409 8261 3556 7009 7193 9145 2036 5409 3230 2040 8261 7193 8643 7455 9145 3230 7306 2315 2040 8643 7771 1358 7455 7306 6905 1481 2315 7771 8929 8197 1358 6905 1472 32 1481 8929 8254 7450 8197 1472 8829 7667 32 8254 4151 4548 7450 8829 3082 5558 7667 4151 6350 1957 4548 3082 747 7964 5558 6350 4314 2073 1957 747 7755 3970 7964 4314 8637 2536 2073 7755 6246 8952 3970 8637 4291 5242 2536 6246 2699 3461 8952 4291 2124 5501 5242 2699 4353 7562 3461 4399 3215 5660 3844 6636 8117 1310 8917 3215 3467 3323 5660 8117 7832 2033 1310 3467 5112 7572 3323 7832 7551 8218 2033 5112 2088 2939 7572 7551 2403 3942 8218 2088 1454 4540 2939 2403 778 586 3942 1454 4141 2227 4540 778 857 5662 586 4141 3477 6225 2227 857 8694 3450 5662 3477 6097 3205 6225 8694 3556 3372 3450 6097 2036 9226 3205 3556 8261 6796 3372 2036 9145 6631 9226 8261 2040 5690 6796 9145 7455 4516 6631 2040 2315 3493 5690 7455 1358 969 4516 2315 1481 4952 3493 1358 8197 8107 969 1481 32 2740 4952 8197 7450 4665 8107 32 7667 5147 2740 7450 4548 1458 4665 7667 5558 550 5147 4548 1957 8670 1458 5558 7964 2715 550 1957 2073 6375 8670 7964 3970 5167 2715 2073 2536 6834 6375 3970 8952 5757 5167 2536 5242 2294 6834 8952 3461 2627 5757 5242 5501 6569 2294 3461 7562 2005 2627 3844 5660 1012 9144 8917 1310 3750 4826 5660 3323 6033 1012 1310 2033 2993 3750 3323 7572 8057 6033 2033 8218 2596 2993 7572 2939 6061 8057 8218 3942 6882 2596 2939 4540 7940 6061 3942 586 1133 6882 4540 2227 6152 7940 586 5662 3091 1133 2227 6225 1757 6152 5662 3450 7892 3091 6225 3205 2576 1757 3450 3372 934 7892 3205 9226 8029 2576 3372 6796 8157 934 9226 6631 3342 8029 6796 5690 6431 8157 6631 4516 303 3342 5690 3493 5758 6431 4516 969 8708 303 3493 4952 5330 5758 969 8107 220 8708 4952 2740 3484 5330 8107 4665 474 220 2740 5147 8838 3484 4665 1458 4862 474 5147 550 6557 8838 1458 8670 9248 4862 550 2715 7129 6557 8670 6375 6783 9248 2715 5167 8358 7129 6375 6834 5976 6783 5167 5757 3435 8358 6834 2294 2929 5976 5757 2627 5510 3435 2294 6569 375 2929 2627 2005 814 5510 9144 1012 6426 7141 4826 3750 1619 1330 1012 6033 6892 6426 3750 2993 3877 1619 6033 8057 1876 6892 2993 2596 809 3877 8057 6061 1445 1876 2596 6882 7766 809 6061 7940 1479 1445 6882 1133 8257 7766 7940 6152 8947 1479 1133 3091 4385 8257 6152 1757 3440 8947 3091 7892 8603 4385 1757 2576 4873 3440 7892 934 1050 8603 2576 8029 8606 4873 934 8157 1229 1050 8029 3342 3481 8606 8157 6431 1108 1229 3342 303 1674 3481 6431 5758 1585 1108 303 8708 6909 1674 5758 5330 383 1585 8708 220 1127 6909 5330 3484 4138 383 220 474 5013 1127 3484 8838 3077 4138 474 4862 461 5013 8838 6557 874 3077 4862 9248 1285 461 6557 7129 1527 874 9248 6783 4698 1285 7129 8358 5087 1527 6783 5976 1529 4698 8358 3435 5514 5087 5976 2929 159 1529 3435 5510 7815 5514 2929 375 5737 159 5510 814 8303 7815 2022 5818 6667 989 3120 4185 2741 3834 5818 1607 4242 6667 4185 3170 885 2741 1607 1626 2867 4242 3170 3982 7191 885 1626 1292 4917 2867 3982 2804 6943 7191 1292 3387 8345 4917 2804 2957 7563 6943 3387 1958 1350 8345 2957 3232 3300 7563 1958 5414 5319 1350 3232 1053 10 3300 5414 9009 596 5319 1053 5082 132 10 9009 164 7178 596 5082 7934 8460 132 164 3702 280 7178 7934 2269 425 8460 3702 1805 7620 280 2269 3175 3340 425 1805 8997 1348 7620 3175 2813 5046 3340 8997 2309 2900 1348 2813 8351 3350 5046 2309 185 197 2900 8351 554 422 3350 185 3513 7370 197 554 3110 3238 422 3513 2628 3814 7370 3110 4650 7231 3238 2628 3186 8901 3814 4650 6949 5315 7231 3186 8226 2566 8901 6949 9074 3500 5315 8226 8527 1731 2566 9074 2914 8288 3500 8527 7622 5187 1731 2914 2788 3518 8288 989 6667 8331 2526 3834 2741 4766 6278 6667 4242 7523 8331 2741 885 5189 4766 4242 2867 2162 7523 885 7191 6710 5189 2867 4917 667 2162 7191 6943 2193 6710 4917 8345 8796 667 6943 7563 4637 2193 8345 1350 841 8796 7563 3300 2898 4637 1350 5319 685 841 3300 10 8709 2898 5319 596 574 685 10 132 4304 8709 596 7178 6500 574 132 8460 6619 4304 7178 280 6571 6500 8460 425 5468 6619 280 7620 1355 6571 425 3340 8442 5468 7620 1348 3734 1355 3340 5046 8112 8442 1348 2900 2973 3734 5046 3350 8451 8112 2900 197 3418 2973 3350 422 1770 8451 197 7370 8366 3418 422 3238 1250 1770 7370 3814 6303 8366 3238 7231 9190 1250 3814 8901 7868 6303 7231 5315 4964 9190 8901 2566 3164 7868 5315 3500 5977 4964 2566 1731 8730 3164 3500 8288 7137 5977 1731 5187 3080 8730 8288 3518 1706 7137 2526 8331 2113 2995 6278 4766 7038 5037 8331 7523 3084 2113 4766 5189 3865 7038 7523 2162 2846 3084 5189 6710 1179 3865 2162 667 2437 2846 6710 2193 110 1179 667 8796 5702 2437 2193 4637 4042 110 8796 841 3626 5702 4637 2898 3564 4042 841 685 4673 3626 2898 8709 4492 3564 685 574 3589 4673 8709 4304 5202 4492 574 6500 3571 3589 4304 6619 1146 5202 6500 6571 3329 3571 6619 5468 3578 1146 6571 1355 3334 3329 5468 8442 1858 3578 1355 3734 4217 3334 8442 8112 2321 1858 3734 2973 7769 4217 8112 8451 4421 2321 2973 3418 8408 7769 8451 1770 1049 4421 3418 8366 920 8408 1770 1250 9206 1049 8366 6303 3532 920 1250 9190 8868 9206 6303 7868 1792 3532 9190 4964 7233 8868 7868 3164 6620 1792 4964 5977 1092 7233 3164 8730 369 6620 5977 7137 5874 1092 8730 3080 5820 369 7137 1706 6901 5874 2995 2113 5335 7412 5037 7038 7788 7093 2113 3084 9233 5335 7038 3865 8360 7788 3084 2846 356 9233 3865 1179 5832 8360 2846 2437 1753 356 1179 110 7762 5832 2437 5702 5881 1753 110 4042 3629 7762 5702 3626 7689 5881 4042 3564 8804 3629 3626 4673 2264 7689 3564 4492 6251 8804 4673 3589 4770 2264 4492 5202 4493 6251 3589 3571 1469 4770 5202 1146 5163 4493 3571 3329 5416 1469 1146 3578 207 5163 3329 3334 5900 5416 3578 1858 2322 207 3334 4217 2137 5900 1858 2321 1512 2322 4217 7769 5912 2137 2321 4421 8032 1512 7769 8408 8462 5912 4421 1049 2436 8032 8408 920 7500 8462 1049 9206 7102 2436 920 3532 1697 7500 9206 8868 1366 7102 3532 1792 5942 1697 8868 7233 3233 1366 1792 6620 371 5942 7233 1092 6744 3233 6620 369 2104 371 1092 5874 3579 6744 369 5820 7798 2104 5874 6901 8893 3579 7412 5335 3883 4606 7093 7788 4498 8179 5335 9233 5726 3883 7788 8360 4845 4498 9233 356 569 5726 8360 5832 7471 4845 356 1753 7795 569 5832 7762 4487 7471 1753 5881 2487 7795 7762 3629 5220 4487 5881 7689 3087 2487 3629 8804 8926 5220 7689 2264 3789 3087 8804 6251 6501 8926 2264 4770 7748 3789 6251 4493 1806 6501 4770 1469 844 7748 4493 5163 5166 1806 1469 5416 5853 844 5163 207 5696 5166 5416 5900 6078 5853 207 2322 2163 5696 5900 2137 8588 6078 2322 1512 7333 2163 2137 5912 7446 8588 1512 8032 7819 7333 5912 8462 6871 7446 8032 2436 7809 7819 8462 7500 1087 6871 2436 7102 6223 7809 7500 1697 6621 1087 7102 1366 5430 6223 1697 5942 5009 6621 1366 3233 8920 5430 5942 371 8381 5009 3233 6744 7870 8920 371 2104 7386 8381 6744 3579 8134 7870 2104 7798 6244 7386 3579 8893 3487 8134 4606 3883 1794 7757 8179 4498 610 6830 3883 5726 5031 1794 4498 4845 2709 610 5726 569 722 5031 4845 7471 8199 2709 569 7795 5733 722 7471 4487 743 8199 7795 2487 3880 5733 4487 5220 2383 743 2487 3087 380 3880 5220 8926 7447 2383 3087 3789 1652 380 8926 6501 709 7447 3789 7748 3095 1652 6501 1806 5787 709 7748 844 8175 3095 1806 5166 9100 5787 844 5853 7072 8175 5166 5696 497 9100 5853 6078 4653 7072 5696 2163 430 497 6078 8588 1159 4653 2163 7333 1717 430 8588 7446 619 1159 7333 7819 9108 1717 7446 6871 1825 619 7819 7809 6922 9108 6871 1087 2226 1825 7809 6223 2342 6922 1087 6621 8295 2226 6223 5430 636 2342 6621 5009 3959 8295 5430 8920 2473 636 5009 8381 3592 3959 8920 7870 452 2473 8381 7386 8882 3592 7870 8134 2554 452 7386 6244 4587 8882 8134 3487 156 2554 7757 1794 5909 8846 6830 610 1112 7603 1794 5031 6186 5909 610 2709 783 1112 5031 722 7394 6186 2709 8199 8879 783 722 5733 7044 7394 8199 743 5448 8879 5733 3880 7188 7044 743 2383 6071 5448 3880 380 3988 7188 2383 7447 4452 6071 380 1652 7460 3988 7447 709 1905 4452 1652 3095 1356 7460 709 5787 2785 1905 3095 8175 6563 1356 5787 9100 544 2785 8175 7072 3509 6563 9100 497 5864 544 7072 4653 6715 3509 497 430 8385 5864 4653 1159 4080 6715 430 1717 1543 8385 1159 619 3514 4080 1717 9108 4892 1543 619 1825 3705 3514 9108 6922 7385 4892 1825 2226 8127 3705 6922 2342 5955 7385 2226 8295 6219 8127 2342 636 7571 5955 8295 3959 6633 6219 636 2473 7587 7571 3959 3592 2301 6633 2473 452 7811 7587 3592 8882 6262 2301 452 2554 6077 7811 8882 4587 3698 6262 2554 156 7640 6077 8846 5909 1511 5211 7603 1112 9195 8927 5909 6186 7223 1511 1112 783 8390 9195 6186 7394 8671 7223 783 8879 5967 8390 7394 7044 1466 8671 8879 5448 2478 5967 7044 7188 4902 1466 5448 6071 6917 2478 7188 3988 6281 4902 6071 4452 7096 6917 3988 7460 1439 6281 4452 1905 5780 7096 7460 1356 5525 1439 1905 2785 8896 5780 1356 6563 1601 5525 2785 544 4975 8896 6563 3509 8202 1601 544 5864 2359 4975 3509 6715 1468 8202 5864 8385 3 2359 6715 4080 1843 1468 8385 1543 487 3 4080 3514 8864 1843 1543 4892 6321 487 3514 3705 6583 8864 4892 7385 6031 6321 3705 8127 5706 6583 7385 5955 144 6031 8127 6219 6345 5706 5955 7571 404 144 6219 6633 7773 6345 7571 7587 9243 404 6633 2301 1719 7773 7587 7811 5946 9243 2301 6262 2171 1719 7811 6077 5547 5946 6262 3698 5048 2171 6077 7640 5200 5547 5211 1511 721 21 8927 9195 2725 6422 1511 7223 5140 721 9195 8390 1423 2725 7223 8671 6148 5140 8390 5967 3878 1423 8671 1466 4159 6148 5967 2478 7429 3878 1466 4902 4809 4159 2478 6917 2544 7429 4902 6281 3266 4809 6917 7096 5222 2544 6281 1439 2424 3266 7096 5780 3065 5222 1439 5525 1017 2424 5780 8896 1235 3065 5525 1601 41 1017 8896 4975 7275 1235 1601 8202 7302 41 4975 2359 503 7275 8202 1468 4589 7302 2359 3 4223 503 1468 1843 5969 4589 3 487 4616 4223 1843 8864 1727 5969 487 6321 2090 4616 8864 6583 6886 1727 6321 6031 2188 2090 6583 5706 6348 6886 6031 144 8582 2188 5706 6345 5810 6348 144 404 8290 8582 6345 7773 8630 5810 404 9243 3239 8290 7773 1719 957 8630 9243 5946 4884 3239 1719 2171 1704 957 5946 5547 5359 4884 2171 5048 4796 1704 5547 5200 2879 5359 21 721 5851 8666 6422 2725 374 6069 721 5140 7449 5851 2725 1423 6124 374 5140 6148 1406 7449 1423 3878 6275 6124 6148 4159 4363 1406 3878 7429 7485 6275 4159 4809 7915 4363 7429 2544 2318 7485 4809 3266 8711 7915 2544 5222 9166 2318 3266 2424 7623 8711 5222 3065 6101 9166 2424 1017 3097 7623 3065 1235 6142 6101 1017 41 8521 3097 1235 7275 2654 6142 41 7302 5203 8521 7275 503 188 2654 7302 4589 5566 5203 503 4223 889 188 4589 5969 1622 5566 4223 4616 4602 889 5969 1727 2317 1622 4616 2090 1349 4602 1727 6886 6657 2317 2090 2188 3303 1349 6886 6348 6445 6657 2188 8582 1381 3303 6348 5810 8020 6445 8582 8290 7101 1381 5810 8630 3483 8020 8290 3239 2391 7101 8630 957 6819 3483 3239 4884 8344 2391 957 1704 4081 6819 4884 5359 9011 8344 1704 4796 9022 4081 5359 2879 6158 9011 8666 5851 8497 9073 6069 374 1832 6138 5851 7449 2358 8497 374 6124 9097 1832 7449 1406 5108 2358 6124 6275 3503 9097 1406 4363 6379 5108 6275 7485 5265 3503 4363 7915 7701 6379 7485 2318 5893 5265 7915 8711 8871 7701 2318 9166 6891 5893 8711 7623 9109 8871 9166 6101 7195 6891 7623 3097 5192 9109 6101 6142 1116 7195 3097 8521 1188 5192 6142 2654 5282 1116 8521 5203 4542 1188 2654 188 8941 5282 5203 5566 3580 4542 188 889 2498 8941 5566 1622 8136 3580 889 4602 306 2498 1622 2317 4717 8136 4602 1349 7907 306 2317 6657 4156 4717 1349 3303 1254 7907 6657 6445 8349 4156 3303 1381 2502 1254 6445 8020 2382 8349 1381 7101 5774 2502 8020 3483 7116 2382 7101 2391 2702 5774 3483 6819 433 7116 2391 8344 2450 2702 6819 4081 4788 433 8344 9011 3915 2450 4081 9022 6947 4788 9011 6158 2389 3915 9073 8497 463 2489 6138 1832 1620 4054 8497 2358 7409 463 1832 9097 459 1620 2358 5108 8102 7409 9097 3503 3469 459 5108 6379 222 8102 3503 5265 6879 3469 6379 7701 7367 222 5265 5893 4457 6879 7701 8871 6795 7367 5893 6891 8309 4457 8871 9109 2240 6795 6891 7195 1342 8309 9109 5192 2827 2240 7195 1116 4209 1342 5192 1188 9102 2827 1116 5282 627 4209 1188 4542 3608 9102 5282 8941 8239 627 4542 3580 6592 3608 8941 2498 1649 8239 3580 8136 2893 6592 2498 306 2580 1649 8136 4717 8409 2893 306 7907 866 2580 4717 4156 2784 8409 7907 1254 142 866 4156 8349 2616 2784 1254 2502 1802 142 8349 2382 7586 2616 2502 5774 4169 1802 2382 7116 7627 7586 5774 2702 8198 4169 7116 433 1007 7627 2702 2450 4082 8198 433 4788 3603 1007 2450 3915 6709 4082 4788 6947 1972 3603 3915 2389 5094 6709 2489 463 917 2671 4054 1620 6467 512 463 7409 8228 917 1620 459 8792 6467 7409 8102 1163 8228 459 3469 3053 8792 8102 222 5672 1163 3469 6879 7420 3053 222 7367 3854 5672 6879 4457 2349 7420 7367 6795 5115 3854 4457 8309 2431 2349 6795 2240 8099 5115 8309 1342 4121 2431 2240 2827 9249 8099 1342 4209 6492 4121 2827 9102 107 9249 4209 627 6484 6492 9102 3608 1313 107 627 8239 8176 6484 3608 6592 5123 1313 8239 1649 552 8176 6592 2893 2603 5123 1649 2580 2977 552 2893 8409 6453 2603 2580 866 8301 2977 8409 2784 5927 6453 866 142 434 8301 2784 2616 6970 5927 142 1802 7402 434 2616 7586 1400 6970 1802 4169 9239 7402 7586 7627 6511 1400 4169 8198 4790 9239 7627 1007 5513 6511 8198 4082 686 4790 1007 3603 1241 5513 4082 6709 1010 686 3603 1972 8656 1241 6709 5094 4885 1010 2671 917 6343 1081 512 6467 6780 2306 917 8228 3741 6343 6467 8792 962 6780 8228 1163 329 3741 8792 3053 3595 962 1163 5672 6778 329 3053 7420 9236 3595 5672 3854 581 6778 7420 2349 510 9236 3854 5115 2830 581 2349 2431 5066 510 5115 8099 6855 2830 2431 4121 2198 5066 8099 9249 5347 6855 4121 6492 4563 2198 9249 107 1852 5347 6492 6484 3600 4563 107 1313 1498 1852 6484 8176 2758 3600 1313 5123 7894 1498 8176 552 2838 2758 5123 2603 3824 7894 552 2977 3774 2838 2603 6453 9130 3824 2977 8301 3022 3774 6453 5927 1555 9130 8301 434 5528 3022 5927 6970 3309 1555 434 7402 3730 5528 6970 1400 5538 3309 7402 9239 4205 3730 1400 6511 5572 5538 9239 4790 8865 4205 6511 5513 1023 5572 4790 686 315 8865 5513 1241 1616 1023 686 1010 416 315 1241 8656 6037 1616 1010 4885 971 416 1081 6343 527 1279 2306 6780 2851 3863 6343 3741 531 527 6780 962 1684 2851 3741 329 4712 531 962 3595 4482 1684 329 6778 116 4712 3595 9236 2091 4482 6778 581 3672 116 9236 510 7705 2091 581 2830 5088 3672 510 5066 5913 7705 2830 6855 1664 5088 5066 2198 287 5913 6855 5347 8315 1664 2198 4563 4390 287 5347 1852 2099 8315 4563 3600 354 4390 1852 1498 8772 2099 3600 2758 8783 354 1498 7894 746 8772 2758 2838 3363 8783 7894 3824 2728 746 2838 3774 4613 3363 3824 9130 7260 2728 3774 3022 3528 4613 9130 1555 7747 7260 3022 5528 6733 3528 1555 3309 5294 7747 5528 3730 7314 6733 3309 5538 2354 5294 3730 4205 4191 7314 5538 5572 1502 2354 4205 8865 2048 4191 5572 1023 3127 1502 8865 315 7616 2048 1023 1616 5016 3127 315 416 9258 7616 1616 6037 9202 5016 416 971 1720 9258 1279 527 6267 9079 3863 2851 2101 753 527 531 8634 6267 2851 1684 6680 2101 531 4712 5165 8634 1684 4482 8834 6680 4712 116 1576 5165 4482 2091 3202 8834 116 3672 6728 1576 2091 7705 718 3202 3672 5088 4442 6728 7705 5913 4994 718 5088 1664 8883 4442 5913 287 7789 4994 1664 8315 3901 8883 287 4390 4514 7789 8315 2099 5409 3901 4390 354 6541 4514 2099 8772 3230 5409 354 8783 7651 6541 8772 746 7306 3230 8783 3363 1867 7651 746 2728 6905 7306 3363 4613 8889 1867 2728 7260 1472 6905 4613 3528 740 8889 7260 7747 8829 1472 3528 6733 6979 740 7747 5294 3082 8829 6733 7314 798 6979 5294 2354 747 3082 7314 4191 6893 798 2354 1502 7755 747 4191 2048 2062 6893 1502 3127 6246 7755 2048 7616 970 2062 3127 5016 2699 6246 7616 9258 1736 970 5016 9202 4353 2699 9258 1720 1651 1736 9079 6267 8117 6636 753 2101 6221 103 6267 8634 7832 8117 2101 6680 8801 6221 8634 5165 7551 7832 6680 8834 8116 8801 5165 1576 2403 7551 8834 3202 563 8116 1576 6728 778 2403 3202 718 5586 563 6728 4442 857 778 718 4994 4515 5586 4442 8883 8694 857 4994 7789 6087 4515 8883 3901 3556 8694 7789 4514 3838 6087 3901 5409 8261 3556 4514 6541 3037 3838 5409 3230 2040 8261 6541 7651 3151 3037 3230 7306 2315 2040 7651 1867 1228 3151 7306 6905 1481 2315 1867 8889 8596 1228 6905 1472 32 1481 8889 740 800 8596 1472 8829 7667 32 740 6979 5053 800 8829 3082 5558 7667 6979 798 3809 5053 3082 747 7964 5558 798 6893 3108 3809 747 7755 3970 7964 6893 2062 2316 3108 7755 6246 8952 3970 2062 970 642 2316 6246 2699 3461 8952 970 1736 4909 642 2699 4353 7562 3461 1736 1651 7107 4909 6636 8117 1310 8917 103 6221 1668 9196 8117 7832 2033 1310 6221 8801 833 1668 7832 7551 8218 2033 8801 8116 9221 833 7551 2403 3942 8218 8116 563 8955 9221 2403 778 586 3942 563 5586 2456 8955 778 857 5662 586 5586 4515 5212 2456 857 8694 3450 5662 4515 6087 1329 5212 8694 3556 3372 3450 6087 3838 5608 1329 3556 8261 6796 3372 3838 3037 1362 5608 8261 2040 5690 6796 3037 3151 6411 1362 2040 2315 3493 5690 3151 1228 3445 6411 2315 1481 4952 3493 1228 8596 1506 3445 1481 32 2740 4952 8596 800 58 1506 32 7667 5147 2740 800 5053 5652 58 7667 5558 550 5147 5053 3809 2859 5652 5558 7964 2715 550 3809 3108 4980 2859 7964 3970 5167 2715 3108 2316 7234 4980 3970 8952 5757 5167 2316 642 6486 7234 8952 3461 2627 5757 642 4909 9033 6486 3461 7562 2005 2627 4909 7107 1333 9033 8917 1310 3750 4826 9196 1668 2955 5375 1310 2033 2993 3750 1668 833 8607 2955 2033 8218 2596 2993 833 9221 8529 8607 8218 3942 6882 2596 9221 8955 6972 8529 3942 586 1133 6882 8955 2456 6466 6972 586 5662 3091 1133 2456 5212 7206 6466 5662 3450 7892 3091 5212 1329 3935 7206 3450 3372 934 7892 1329 5608 4781 3935 3372 6796 8157 934 5608 1362 2225 4781 6796 5690 6431 8157 1362 6411 6181 2225 5690 3493 5758 6431 6411 3445 5788 6181 3493 4952 5330 5758 3445 1506 7880 5788 4952 2740 3484 5330 1506 58 2840 7880 2740 5147 8838 3484 58 5652 6813 2840 5147 550 6557 8838 5652 2859 4966 6813 550 2715 7129 6557 2859 4980 5947 4966 2715 5167 8358 7129 4980 7234 8618 5947 5167 5757 3435 8358 7234 6486 7092 8618 5757 2627 5510 3435 6486 9033 6368 7092 2627 2005 814 5510 9033 1333 7320 6368 4826 3750 1619 1330 5375 2955 5957 2228 3750 2993 3877 1619 2955 8607 878 5957 2993 2596 809 3877 8607 8529 3686 878 2596 6882 7766 809 8529 6972 1298 3686 6882 1133 8257 7766 6972 6466 3526 1298 1133 3091 4385 8257 6466 7206 3872 3526 3091 7892 8603 4385 7206 3935 1892 3872 7892 934 1050 8603 3935 4781 5067 1892 934 8157 1229 1050 4781 2225 1714 5067 8157 6431 1108 1229 2225 6181 3604 1714 6431 5758 1585 1108 6181 5788 5801 3604 5758 5330 383 1585 5788 7880 8890 5801 5330 3484 4138 383 7880 2840 467 8890 3484 8838 3077 4138 2840 6813 2199 467 8838 6557 874 3077 6813 4966 2302 2199 6557 7129 1527 874 4966 5947 8420 2302 7129 8358 5087 1527 5947 8618 4815 8420 8358 3435 5514 5087 8618 7092 1258 4815 3435 5510 7815 5514 7092 6368 3712 1258 5510 814 8303 7815 6368 7320 1912 3712 3120 4185 2741 3834 972 5493 2933 6391 4185 3170 885 2741 5493 1176 3429 2933 3170 3982 7191 885 1176 979 5710 3429 3982 2804 6943 7191 979 6502 6637 5710 2804 2957 7563 6943 6502 8010 8852 6637 2957 3232 3300 7563 8010 6021 3067 8852 3232 1053 10 3300 6021 543 4163 3067 1053 5082 132 10 543 3742 2277 4163 5082 7934 8460 132 3742 3398 6452 2277 7934 2269 425 8460 3398 4102 1936 6452 2269 3175 3340 425 4102 3576 9010 1936 3175 2813 5046 3340 3576 480 4777 9010 2813 8351 3350 5046 480 2303 4825 4777 8351 554 422 3350 2303 9159 2876 4825 554 3110 3238 422 9159 161 5943 2876 3110 4650 7231 3238 161 367 4407 5943 4650 6949 5315 7231 367 3444 2712 4407 6949 9074 3500 5315 3444 4232 1079 2712 9074 2914 8288 3500 4232 3690 7646 1079 2914 2788 3518 8288 3690 3005 9131 7646 3834 2741 4766 6278 6391 2933 7078 4471 2741 885 5189 4766 2933 3429 1404 7078 885 7191 6710 5189 3429 5710 6292 1404 7191 6943 2193 6710 5710 6637 529 6292 6943 7563 4637 2193 6637 8852 7212 529 7563 3300 2898 4637 8852 3067 2446 7212 3300 10 8709 2898 3067 4163 6236 2446 10 132 4304 8709 4163 2277 7502 6236 132 8460 6619 4304 2277 6452 8785 7502 8460 425 5468 6619 6452 1936 4549 8785 425 3340 8442 5468 1936 9010 5859 4549 3340 5046 8112 8442 9010 4777 2508 5859 5046 3350 8451 8112 4777 4825 8063 2508 3350 422 1770 8451 4825 2876 8049 8063 422 3238 1250 1770 2876 5943 7536 8049 3238 7231 9190 1250 5943 4407 7073 7536 7231 5315 4964 9190 4407 2712 6261 7073 5315 3500 5977 4964 2712 1079 6577 6261 3500 8288 7137 5977 1079 7646 5668 6577 8288 3518 1706 7137 7646 9131 4688 5668 6278 4766 7038 5037 4471 7078 7371 3822 4766 5189 3865 7038 7078 1404 9142 7371 5189 6710 1179 3865 1404 6292 6384 9142 6710 2193 110 1179 6292 529 8173 6384 2193 4637 4042 110 529 7212 3855 8173 4637 2898 3564 4042 7212 2446 5132 3855 2898 8709 4492 3564 2446 6236 8827 5132 8709 4304 5202 4492 6236 7502 491 8827 4304 6619 1146 5202 7502 8785 1152 491 6619 5468 3578 1146 8785 4549 7949 1152 5468 8442 1858 3578 4549 5859 5417 7949 8442 8112 2321 1858 5859 2508 2060 5417 8112 8451 4421 2321 2508 8063 4706 2060 8451 1770 1049 4421 8063 8049 8645 4706 1770 1250 9206 1049 8049 7536 3918 8645 1250 9190 8868 9206 7536 7073 8084 3918 9190 4964 7233 8868 7073 6261 1656 8084 4964 5977 1092 7233 6261 6577 611 1656 5977 7137 5874 1092 6577 5668 7426 611 7137 1706 6901 5874 5668 4688 7905 7426 5037 7038 7788 7093 3822 7371 6668 9006 7038 3865 8360 7788 7371 9142 1141 6668 3865 1179 5832 8360 9142 6384 921 1141 1179 110 7762 5832 6384 8173 2106 921 110 4042 3629 7762 8173 3855 5703 2106 4042 3564 8804 3629 3855 5132 7860 5703 3564 4492 6251 8804 5132 8827 5049 7860 4492 5202 4493 6251 8827 491 1416 5049 5202 1146 5163 4493 491 1152 5797 1416 1146 3578 207 5163 1152 7949 186 5797 3578 1858 2322 207 7949 5417 5531 186 1858 2321 1512 2322 5417 2060 8183 5531 2321 4421 8032 1512 2060 4706 9185 8183 4421 1049 2436 8032 4706 8645 8938 9185 1049 9206 7102 2436 8645 3918 5827 8938 9206 8868 1366 7102 3918 8084 1781 5827 8868 7233 3233 1366 8084 1656 928 1781 7233 1092 6744 3233 1656 611 1314 928 1092 5874 3579 6744 611 7426 6082 1314 5874 6901 8893 3579 7426 7905 5158 6082 7093 7788 4498 8179 9006 6668 4311 1089 7788 8360 4845 4498 6668 1141 4090 4311 8360 5832 7471 4845 1141 921 4343 4090 5832 7762 4487 7471 921 2106 75 4343 7762 3629 5220 4487 2106 5703 4609 75 3629 8804 8926 5220 5703 7860 6995 4609 8804 6251 6501 8926 7860 5049 8342 6995 6251 4493 1806 6501 5049 1416 3073 8342 4493 5163 5166 1806 1416 5797 5044 3073 5163 207 5696 5166 5797 186 6143 5044 207 2322 2163 5696 186 5531 6265 6143 2322 1512 7333 2163 5531 8183 5487 6265 1512 8032 7819 7333 8183 9185 5804 5487 8032 2436 7809 7819 9185 8938 3732 5804 2436 7102 6223 7809 8938 5827 8265 3732 7102 1366 5430 6223 5827 1781 6562 8265 1366 3233 8920 5430 1781 928 1565 6562 3233 6744 7870 8920 928 1314 6112 1565 6744 3579 8134 7870 1314 6082 949 6112 3579 8893 3487 8134 6082 5158 3583 949 8179 4498 610 6830 1089 4311 5091 7671 4498 4845 2709 610 4311 4090 6682 5091 4845 7471 8199 2709 4090 4343 6751 6682 7471 4487 743 8199 4343 75 6701 6751 4487 5220 2383 743 75 4609 6066 6701 5220 8926 7447 2383 4609 6995 888 6066 8926 6501 709 7447 6995 8342 8602 888 6501 1806 5787 709 8342 3073 9118 8602 1806 5166 9100 5787 3073 5044 4927 9118 5166 5696 497 9100 5044 6143 8700 4927 5696 2163 430 497 6143 6265 3766 8700 2163 7333 1717 430 6265 5487 8913 3766 7333 7819 9108 1717 5487 5804 3893 8913 7819 7809 6922 9108 5804 3732 8128 3893 7809 6223 2342 6922 3732 8265 5042 8128 6223 5430 636 2342 8265 6562 2262 5042 5430 8920 2473 636 6562 1565 4664 2262 8920 7870 452 2473 1565 6112 1635 4664 7870 8134 2554 452 6112 949 2205 1635 8134 3487 156 2554 949 3583 2047 2205 6830 610 1112 7603 7671 5091 7839 6139 610 2709 783 1112 5091 6682 5465 7839 2709 8199 8879 783 6682 6751 136 5465 8199 743 5448 8879 6751 6701 8578 136 743 2383 6071 5448 6701 6066 6938 8578 2383 7447 4452 6071 6066 888 6754 6938 7447 709 1905 4452 888 8602 8716 6754 709 5787 2785 1905 8602 9118 6196 8716 5787 9100 544 2785 9118 4927 1913 6196 9100 497 5864 544 4927 8700 2770 1913 497 430 8385 5864 8700 3766 6255 2770 430 1717 1543 8385 3766 8913 6765 6255 1717 9108 4892 1543 8913 3893 5033 6765 9108 6922 7385 4892 3893 8128 2947 5033 6922 2342 5955 7385 8128 5042 1501 2947 2342 636 7571 5955 5042 2262 8684 1501 636 2473 7587 7571 2262 4664 2095 8684 2473 452 7811 7587 4664 1635 7812 2095 452 2554 6077 7811 1635 2205 8550 7812 2554 156 7640 6077 2205 2047 9046 8550 7603 1112 9195 8927 6139 7839 3286 8599 1112 783 8390 9195 7839 5465 837 3286 783 8879 5967 8390 5465 136 3268 837 8879 5448 2478 5967 136 8578 2281 3268 5448 6071 6917 2478 8578 6938 3684 2281 6071 4452 7096 6917 6938 6754 7322 3684 4452 1905 5780 7096 6754 8716 8809 7322 1905 2785 8896 5780 8716 6196 4337 8809 2785 544 4975 8896 6196 1913 6435 4337 544 5864 2359 4975 1913 2770 1343 6435 5864 8385 3 2359 2770 6255 2547 1343 8385 1543 487 3 6255 6765 8780 2547 1543 4892 6321 487 6765 5033 331 8780 4892 7385 6031 6321 5033 2947 1989 331 7385 5955 144 6031 2947 1501 4200 1989 5955 7571 404 144 1501 8684 1603 4200 7571 7587 9243 404 8684 2095 7574 1603 7587 7811 5946 9243 2095 7812 5365 7574 7811 6077 5547 5946 7812 8550 4849 5365 6077 7640 5200 5547 8550 9046 9048 4849 8927 9195 2725 6422 8599 3286 3920 4428 9195 8390 1423 2725 3286 837 7117 3920 8390 5967 3878 1423 837 3268 3262 7117 5967 2478 7429 3878 3268 2281 7804 3262 2478 6917 2544 7429 2281 3684 5529 7804 6917 7096 5222 2544 3684 7322 6662 5529 7096 5780 3065 5222 7322 8809 4820 6662 5780 8896 1235 3065 8809 4337 7421 4820 8896 4975 7275 1235 4337 6435 7847 7421 4975 2359 503 7275 6435 1343 4552 7847 2359 3 4223 503 1343 2547 893 4552 3 487 4616 4223 2547 8780 7869 893 487 6321 2090 4616 8780 331 5802 7869 6321 6031 2188 2090 331 1989 8169 5802 6031 144 8582 2188 1989 4200 9163 8169 144 404 8290 8582 4200 1603 4318 9163 404 9243 3239 8290 1603 7574 1270 4318 9243 5946 4884 3239 7574 5365 5318 1270 5946 5547 5359 4884 5365 4849 9101 5318 5547 5200 2879 5359 4849 9048 5264 9101 6422 2725 374 6069 4428 3920 6180 8788 2725 1423 6124 374 3920 7117 3033 6180 1423 3878 6275 6124 7117 3262 9063 3033 3878 7429 7485 6275 3262 7804 5602 9063 7429 2544 2318 7485 7804 5529 4768 5602 2544 5222 9166 2318 5529 6662 2730 4768 5222 3065 6101 9166 6662 4820 834 2730 3065 1235 6142 6101 4820 7421 7439 834 1235 7275 2654 6142 7421 7847 2008 7439 7275 503 188 2654 7847 4552 3828 2008 503 4223 889 188 4552 893 1308 3828 4223 4616 4602 889 893 7869 2974 1308 4616 2090 1349 4602 7869 5802 3113 2974 2090 2188 3303 1349 5802 8169 8547 3113 2188 8582 1381 3303 8169 9163 3896 8547 8582 8290 7101 1381 9163 4318 4803 3896 8290 3239 2391 7101 4318 1270 865 4803 3239 4884 8344 2391 1270 5318 1739 865 4884 5359 9011 8344 5318 9101 644 1739 5359 2879 6158 9011 9101 5264 7857 644 6069 374 1832 6138 8788 6180 4348 8500 374 6124 9097 1832 6180 3033 8653 4348 6124 6275 3503 9097 3033 9063 5286 8653 6275 7485 5265 3503 9063 5602 101 5286 7485 2318 5893 5265 5602 4768 1679 101 2318 9166 6891 5893 4768 2730 3739 1679 9166 6101 7195 6891 2730 834 5204 3739 6101 6142 1116 7195 834 7439 4449 5204 6142 2654 5282 1116 7439 2008 2970 4449 2654 188 8941 5282 2008 3828 6508 2970 188 889 2498 8941 3828 1308 3242 6508 889 4602 306 2498 1308 2974 8382 3242 4602 1349 7907 306 2974 3113 5948 8382 1349 3303 1254 7907 3113 8547 1595 5948 3303 1381 2502 1254 8547 3896 8335 1595 1381 7101 5774 2502 3896 4803 668 8335 7101 2391 2702 5774 4803 865 8245 668 2391 8344 2450 2702 865 1739 7250 8245 8344 9011 3915 2450 1739 644 8271 7250 9011 6158 2389 3915 644 7857 4571 8271 6138 1832 1620 4054 8500 4348 735 6595 1832 9097 459 1620 4348 8653 6694 735 9097 3503 3469 459 8653 5286 850 6694 3503 5265 6879 3469 5286 101 6789 850 5265 5893 4457 6879 101 1679 8536 6789 5893 6891 8309 4457 1679 3739 8119 8536 6891 7195 1342 8309 3739 5204 3211 8119 7195 1116 4209 1342 5204 4449 7330 3211 1116 5282 627 4209 4449 2970 3779 7330 5282 8941 8239 627 2970 6508 6210 3779 8941 2498 1649 8239 6508 3242 748 6210 2498 306 2580 1649 3242 8382 7160 748 306 7907 866 2580 8382 5948 5479 7160 7907 1254 142 866 5948 1595 69 5479 1254 2502 1802 142 1595 8335 725 69 2502 5774 4169 1802 8335 668 911 725 5774 2702 8198 4169 668 8245 4631 911 2702 2450 4082 8198 8245 7250 6985 4631 2450 3915 6709 4082 7250 8271 4566 6985 3915 2389 5094 6709 8271 4571 3100 4566 4054 1620 6467 512 6595 735 4137 408 1620 459 8792 6467 735 6694 6356 4137 459 3469 3053 8792 6694 850 2345 6356 3469 6879 7420 3053 850 6789 3574 2345 6879 4457 2349 7420 6789 8536 8289 3574 4457 8309 2431 2349 8536 8119 7014 8289 8309 1342 4121 2431 8119 3211 5043 7014 1342 4209 6492 4121 3211 7330 6397 5043 4209 627 6484 6492 7330 3779 811 6397 627 8239 8176 6484 3779 6210 2448 811 8239 1649 552 8176 6210 748 8156 2448 1649 2580 2977 552 748 7160 260 8156 2580 866 8301 2977 7160 5479 3413 260 866 142 434 8301 5479 69 333 3413 142 1802 7402 434 69 725 5419 333 1802 4169 9239 7402 725 911 7567 5419 4169 8198 4790 9239 911 4631 7791 7567 8198 4082 686 4790 4631 6985 785 7791 4082 6709 1010 686 6985 4566 8110 785 6709 5094 4885 1010 4566 3100 5017 8110 512 6467 6780 2306 408 4137 1232 8574 6467 8792 962 6780 4137 6356 8593 1232 8792 3053 3595 962 6356 2345 2465 8593 3053 7420 9236 3595 2345 3574 1521 2465 7420 2349 510 9236 3574 8289 4863 1521 2349 2431 5066 510 8289 7014 5915 4863 2431 4121 2198 5066 7014 5043 297 5915 4121 6492 4563 2198 5043 6397 2129 297 6492 6484 3600 4563 6397 811 7291 2129 6484 8176 2758 3600 811 2448 3062 7291 8176 552 2838 2758 2448 8156 3651 3062 552 2977 3774 2838 8156 260 3566 3651 2977 8301 3022 3774 260 3413 1703 3566 8301 434 5528 3022 3413 333 1497 1703 434 7402 3730 5528 333 5419 7557 1497 7402 9239 4205 3730 5419 7567 7480 7557 9239 4790 8865 4205 7567 7791 1507 7480 4790 686 315 8865 7791 785 2166 1507 686 1010 416 315 785 8110 6091 2166 1010 4885 971 416 8110 5017 7932 6091 2306 6780 2851 3863 8574 1232 5725 4901 6780 962 1684 2851 1232 8593 1369 5725 962 3595 4482 1684 8593 2465 981 1369 3595 9236 2091 4482 2465 1521 2750 981 9236 510 7705 2091 1521 4863 217 2750 510 5066 5913 7705 4863 5915 4804 217 5066 2198 287 5913 5915 297 5860 4804 2198 4563 4390 287 297 2129 2212 5860 4563 3600 354 4390 2129 7291 4562 2212 3600 2758 8783 354 7291 3062 5979 4562 2758 2838 3363 8783 3062 3651 4538 5979 2838 3774 4613 3363 3651 3566 3490 4538 3774 3022 3528 4613 3566 1703 1401 3490 3022 5528 6733 3528 1703 1497 8805 1401 5528 3730 7314 6733 1497 7557 6127 8805 3730 4205 4191 7314 7557 7480 498 6127 4205 8865 2048 4191 7480 1507 7153 498 8865 315 7616 2048 1507 2166 8962 7153 315 416 9258 7616 2166 6091 5460 8962 416 971 1720 9258 6091 7932 4558 5460 3863 2851 2101 753 4901 5725 6232 9096 2851 1684 6680 2101 5725 1369 3397 6232 1684 4482 8834 6680 1369 981 282 3397 4482 2091 3202 8834 981 2750 1377 282 2091 7705 718 3202 2750 217 5604 1377 7705 5913 4994 718 217 4804 7243 5604 5913 287 7789 4994 4804 5860 1653 7243 287 4390 4514 7789 5860 2212 8948 1653 4390 354 6541 4514 2212 4562 3109 8948 354 8783 7651 6541 4562 5979 2595 3109 8783 3363 1867 7651 5979 4538 8365 2595 3363 4613 8889 1867 4538 3490 3344 8365 4613 3528 740 8889 3490 1401 5256 3344 3528 6733 6979 740 1401 8805 4022 5256 6733 7314 798 6979 8805 6127 7350 4022 7314 4191 6893 798 6127 498 1289 7350 4191 2048 2062 6893 498 7153 8555 1289 2048 7616 970 2062 7153 8962 6149 8555 7616 9258 1736 970 8962 5460 8642 6149 9258 1720 1651 1736 5460 4558 6053 8642 753 2101 6221 103 9096 6232 8734 7316 2101 6680 8801 6221 6232 3397 3926 8734 6680 8834 8116 8801 3397 282 3782 3926 8834 3202 563 8116 282 1377 1879 3782 3202 718 5586 563 1377 5604 5939 1879 718 4994 4515 5586 5604 7243 4684 5939 4994 7789 6087 4515 7243 1653 3622 4684 7789 4514 3838 6087 1653 8948 4283 3622 4514 6541 3037 3838 8948 3109 3818 4283 6541 7651 3151 3037 3109 2595 5288 3818 7651 1867 1228 3151 2595 8365 1915 5288 1867 8889 8596 1228 8365 3344 8931 1915 8889 740 800 8596 3344 5256 5546 8931 740 6979 5053 800 5256 4022 1172 5546 6979 798 3809 5053 4022 7350 4347 1172 798 6893 3108 3809 7350 1289 6528 4347 6893 2062 2316 3108 1289 8555 4263 6528 2062 970 642 2316 8555 6149 2560 4263 970 1736 4909 642 6149 8642 5281 2560 1736 1651 7107 4909 8642 6053 51 5281 103 6221 1668 9196 7316 8734 2773 2884 6221 8801 833 1668 8734 3926 5631 2773 8801 8116 9221 833 3926 3782 5397 5631 8116 563 8955 9221 3782 1879 7479 5397 563 5586 2456 8955 1879 5939 1008 7479 5586 4515 5212 2456 5939 4684 8405 1008 4515 6087 1329 5212 4684 3622 7659 8405 6087 3838 5608 1329 3622 4283 328 7659 3838 3037 1362 5608 4283 3818 5325 328 3037 3151 6411 1362 3818 5288 8046 5325 3151 1228 3445 6411 5288 1915 6361 8046 1228 8596 1506 3445 1915 8931 283 6361 8596 800 58 1506 8931 5546 5423 283 800 5053 5652 58 5546 1172 3831 5423 5053 3809 2859 5652 1172 4347 6201 3831 3809 3108 4980 2859 4347 6528 6045 6201 3108 2316 7234 4980 6528 4263 3951 6045 2316 642 6486 7234 4263 2560 88 3951 642 4909 9033 6486 2560 5281 7837 88 4909 7107 1333 9033 5281 51 8576 7837 9196 1668 2955 5375 2884 2773 1824 7209 1668 833 8607 2955 2773 5631 6950 1824 833 9221 8529 8607 5631 5397 7332 6950 9221 8955 6972 8529 5397 7479 5519 7332 8955 2456 6466 6972 7479 1008 7182 5519 2456 5212 7206 6466 1008 8405 3550 7182 5212 1329 3935 7206 8405 7659 869 3550 1329 5608 4781 3935 7659 328 6952 869 5608 1362 2225 4781 328 5325 899 6952 1362 6411 6181 2225 5325 8046 3943 899 6411 3445 5788 6181 8046 6361 5225 3943 3445 1506 7880 5788 6361 283 5412 5225 1506 58 2840 7880 283 5423 307 5412 58 5652 6813 2840 5423 3831 8903 307 5652 2859 4966 6813 3831 6201 6464 8903 2859 4980 5947 4966 6201 6045 3515 6464 4980 7234 8618 5947 6045 3951 1835 3515 7234 6486 7092 8618 3951 88 6145 1835 6486 9033 6368 7092 88 7837 7463 6145 9033 1333 7320 6368 7837 8576 269 7463 5375 2955 5957 2228 7209 1824 8073 8627 2955 8607 878 5957 1824 6950 1040 8073 8607 8529 3686 878 6950 7332 3758 1040 8529 6972 1298 3686 7332 5519 3359 3758 6972 6466 3526 1298 5519 7182 3197 3359 6466 7206 3872 3526 7182 3550 8996 3197 7206 3935 1892 3872 3550 869 6566 8996 3935 4781 5067 1892 869 6952 7859 6566 4781 2225 1714 5067 6952 899 3210 7859 2225 6181 3604 1714 899 3943 4762 3210 6181 5788 5801 3604 3943 5225 6718 4762 5788 7880 8890 5801 5225 5412 2719 6718 7880 2840 467 8890 5412 307 8166 2719 2840 6813 2199 467 307 8903 7109 8166 6813 4966 2302 2199 8903 6464 4811 7109 4966 5947 8420 2302 6464 3515 7983 4811 5947 8618 4815 8420 3515 1835 1337 7983 8618 7092 1258 4815 1835 6145 9127 1337 7092 6368 3712 1258 6145 7463 2120 9127 6368 7320 1912 3712 7463 269 6038 2120 972 5493 2933 6391 2092 6487 5849 3422 5493 1176 3429 2933 6487 109 4905 5849 1176 979 5710 3429 109 5245 2822 4905 979 6502 6637 5710 5245 8622 6732 2822 6502 8010 8852 6637 8622 385 4289 6732 8010 6021 3067 8852 385 5517 3558 4289 6021 543 4163 3067 5517 8478 1859 3558 543 3742 2277 4163 8478 2814 1160 1859 3742 3398 6452 2277 2814 1106 484 1160 3398 4102 1936 6452 1106 4617 7457 484 4102 3576 9010 1936 4617 2647 8600 7457 3576 480 4777 9010 2647 3145 3054 8600 480 2303 4825 4777 3145 7406 5248 3054 2303 9159 2876 4825 7406 638 6653 5248 9159 161 5943 2876 638 3984 7741 6653 161 367 4407 5943 3984 6815 3790 7741 367 3444 2712 4407 6815 4743 7754 3790 3444 4232 1079 2712 4743 7955 7853 7754 4232 3690 7646 1079 7955 742 5450 7853 3690 3005 9131 7646 742 3692 528 5450 6391 2933 7078 4471 3422 5849 7895 2552 2933 3429 1404 7078 5849 4905 8067 7895 3429 5710 6292 1404 4905 2822 8206 8067 5710 6637 529 6292 2822 6732 2918 8206 6637 8852 7212 529 6732 4289 3591 2918 8852 3067 2446 7212 4289 3558 2412 3591 3067 4163 6236 2446 3558 1859 6846 2412 4163 2277 7502 6236 1859 1160 587 6846 2277 6452 8785 7502 1160 484 6930 587 6452 1936 4549 8785 484 7457 3282 6930 1936 9010 5859 4549 7457 8600 7066 3282 9010 4777 2508 5859 8600 3054 749 7066 4777 4825 8063 2508 3054 5248 1873 749 4825 2876 8049 8063 5248 6653 3096 1873 2876 5943 7536 8049 6653 7741 856 3096 5943 4407 7073 7536 7741 3790 2274 856 4407 2712 6261 7073 3790 7754 2548 2274 2712 1079 6577 6261 7754 7853 6437 2548 1079 7646 5668 6577 7853 5450 5327 6437 7646 9131 4688 5668 5450 528 7877 5327 4471 7078 7371 3822 2552 7895 5352 2266 7078 1404 9142 7371 7895 8067 9135 5352 1404 6292 6384 9142 8067 8206 8350 9135 6292 529 8173 6384 8206 2918 72 8350 529 7212 3855 8173 2918 3591 6392 72 7212 2446 5132 3855 3591 2412 7750 6392 2446 6236 8827 5132 2412 6846 2521 7750 6236 7502 491 8827 6846 587 5183 2521 7502 8785 1152 491 587 6930 5259 5183 8785 4549 7949 1152 6930 3282 3966 5259 4549 5859 5417 7949 3282 7066 3695 3966 5859 2508 2060 5417 7066 749 4739 3695 2508 8063 4706 2060 749 1873 5090 4739 8063 8049 8645 4706 1873 3096 7871 5090 8049 7536 3918 8645 3096 856 426 7871 7536 7073 8084 3918 856 2274 8231 426 7073 6261 1656 8084 2274 2548 5292 8231 6261 6577 611 1656 2548 6437 7381 5292 6577 5668 7426 611 6437 5327 6413 7381 5668 4688 7905 7426 5327 7877 4328 6413 3822 7371 6668 9006 2266 5352 3426 8679 7371 9142 1141 6668 5352 9135 7200 3426 9142 6384 921 1141 9135 8350 1756 7200 6384 8173 2106 921 8350 72 4368 1756 8173 3855 5703 2106 72 6392 6606 4368 3855 5132 7860 5703 6392 7750 1368 6606 5132 8827 5049 7860 7750 2521 7736 1368 8827 491 1416 5049 2521 5183 7112 7736 491 1152 5797 1416 5183 5259 5824 7112 1152 7949 186 5797 5259 3966 2425 5824 7949 5417 5531 186 3966 3695 2780 2425 5417 2060 8183 5531 3695 4739 1195 2780 2060 4706 9185 8183 4739 5090 5491 1195 4706 8645 8938 9185 5090 7871 5843 5491 8645 3918 5827 8938 7871 426 7156 5843 3918 8084 1781 5827 426 8231 5850 7156 8084 1656 928 1781 8231 5292 7249 5850 1656 611 1314 928 5292 7381 929 7249 611 7426 6082 1314 7381 6413 4143 929 7426 7905 5158 6082 6413 4328 8044 4143 9006 6668 4311 1089 8679 3426 5434 5045 6668 1141 4090 4311 3426 7200 7104 5434 1141 921 4343 4090 7200 1756 3182 7104 921 2106 75 4343 1756 4368 7715 3182 2106 5703 4609 75 4368 6606 3360 7715 5703 7860 6995 4609 6606 1368 4792 3360 7860 5049 8342 6995 1368 7736 5461 4792 5049 1416 3073 8342 7736 7112 4083 5461 1416 5797 5044 3073 7112 5824 1887 4083 5797 186 6143 5044 5824 2425 3703 1887 186 5531 6265 6143 2425 2780 1631 3703 5531 8183 5487 6265 2780 1195 5411 1631 8183 9185 5804 5487 1195 5491 4410 5411 9185 8938 3732 5804 5491 5843 1696 4410 8938 5827 8265 3732 5843 7156 3079 1696 5827 1781 6562 8265 7156 5850 4700 3079 1781 928 1565 6562 5850 7249 7326 4700 928 1314 6112 1565 7249 929 6986 7326 1314 6082 949 6112 929 4143 3063 6986 6082 5158 3583 949 4143 8044 3677 3063 1089 4311 5091 7671 5045 5434 4078 6188 4311 4090 6682 5091 5434 7104 3456 4078 4090 4343 6751 6682 7104 3182 5823 3456 4343 75 6701 6751 3182 7715 8808 5823 75 4609 6066 6701 7715 3360 2189 8808 4609 6995 888 6066 3360 4792 364 2189 6995 8342 8602 888 4792 5461 386 364 8342 3073 9118 8602 5461 4083 48 386 3073 5044 4927 9118 4083 1887 8932 48 5044 6143 8700 4927 1887 3703 6434 8932 6143 6265 3766 8700 3703 1631 9229 6434 6265 5487 8913 3766 1631 5411 5011 9229 5487 5804 3893 8913 5411 4410 547 5011 5804 3732 8128 3893 4410 1696 318 547 3732 8265 5042 8128 1696 3079 6625 318 8265 6562 2262 5042 3079 4700 3291 6625 6562 1565 4664 2262 4700 7326 38 3291 1565 6112 1635 4664 7326 6986 8378 38 6112 949 2205 1635 6986 3063 7041 8378 949 3583 2047 2205 3063 3677 77 7041 7671 5091 7839 6139 6188 4078 9152 764 5091 6682 5465 7839 4078 3456 8587 9152 6682 6751 136 5465 3456 5823 483 8587 6751 6701 8578 136 5823 8808 6684 483 6701 6066 6938 8578 8808 2189 2496 6684 6066 888 6754 6938 2189 364 8330 2496 888 8602 8716 6754 364 386 9078 8330 8602 9118 6196 8716 386 48 5643 9078 9118 4927 1913 6196 48 8932 264 5643 4927 8700 2770 1913 8932 6434 308 264 8700 3766 6255 2770 6434 9229 2068 308 3766 8913 6765 6255 9229 5011 4126 2068 8913 3893 5033 6765 5011 547 5120 4126 3893 8128 2947 5033 547 318 4258 5120 8128 5042 1501 2947 318 6625 7565 4258 5042 2262 8684 1501 6625 3291 2618 7565 2262 4664 2095 8684 3291 38 7836 2618 4664 1635 7812 2095 38 8378 776 7836 1635 2205 8550 7812 8378 7041 7401 776 2205 2047 9046 8550 7041 77 5497 7401 6139 7839 3286 8599 764 9152 272 3168 7839 5465 837 3286 9152 8587 637 272 5465 136 3268 837 8587 483 4045 637 136 8578 2281 3268 483 6684 4918 4045 8578 6938 3684 2281 6684 2496 3507 4918 6938 6754 7322 3684 2496 8330 3642 3507 6754 8716 8809 7322 8330 9078 6470 3642 8716 6196 4337 8809 9078 5643 6424 6470 6196 1913 6435 4337 5643 264 9035 6424 1913 2770 1343 6435 264 308 2272 9035 2770 6255 2547 1343 308 2068 6258 2272 6255 6765 8780 2547 2068 4126 4015 6258 6765 5033 331 8780 4126 5120 6249 4015 5033 2947 1989 331 5120 4258 80 6249 2947 1501 4200 1989 4258 7565 6070 80 1501 8684 1603 4200 7565 2618 6203 6070 8684 2095 7574 1603 2618 7836 117 6203 2095 7812 5365 7574 7836 776 2689 117 7812 8550 4849 5365 776 7401 7074 2689 8550 9046 9048 4849 7401 5497 548 7074 8599 3286 3920 4428 3168 272 5734 3173 3286 837 7117 3920 272 637 2343 5734 837 3268 3262 7117 637 4045 3171 2343 3268 2281 7804 3262 4045 4918 6945 3171 2281 3684 5529 7804 4918 3507 2965 6945 3684 7322 6662 5529 3507 3642 2733 2965 7322 8809 4820 6662 3642 6470 1932 2733 8809 4337 7421 4820 6470 6424 4244 1932 4337 6435 7847 7421 6424 9035 8911 4244 6435 1343 4552 7847 9035 2272 916 8911 1343 2547 893 4552 2272 6258 4855 916 2547 8780 7869 893 6258 4015 1658 4855 8780 331 5802 7869 4015 6249 6953 1658 331 1989 8169 5802 6249 80 2841 6953 1989 4200 9163 8169 80 6070 8455 2841 4200 1603 4318 9163 6070 6203 4065 8455 1603 7574 1270 4318 6203 117 4695 4065 7574 5365 5318 1270 117 2689 5769 4695 5365 4849 9101 5318 2689 7074 7538 5769 4849 9048 5264 9101 7074 548 4556 7538 4428 3920 6180 8788 3173 5734 7410 7174 3920 7117 3033 6180 5734 2343 3770 7410 7117 3262 9063 3033 2343 3171 1382 3770 3262 7804 5602 9063 3171 6945 514 1382 7804 5529 4768 5602 6945 2965 1413 514 5529 6662 2730 4768 2965 2733 68 1413 6662 4820 834 2730 2733 1932 839 68 4820 7421 7439 834 1932 4244 1931 839 7421 7847 2008 7439 4244 8911 5958 1931 7847 4552 3828 2008 8911 916 5454 5958 4552 893 1308 3828 916 4855 7448 5454 893 7869 2974 1308 4855 1658 1774 7448 7869 5802 3113 2974 1658 6953 1853 1774 5802 8169 8547 3113 6953 2841 8047 1853 8169 9163 3896 8547 2841 8455 4557 8047 9163 4318 4803 3896 8455 4065 242 4557 4318 1270 865 4803 4065 4695 1134 242 1270 5318 1739 865 4695 5769 8867 1134 5318 9101 644 1739 5769 7538 8638 8867 9101 5264 7857 644 7538 4556 6172 8638 8788 6180 4348 8500 7174 7410 4158 4059 6180 3033 8653 4348 7410 3770 843 4158 3033 9063 5286 8653 3770 1382 8042 843 9063 5602 101 5286 1382 514 4588 8042 5602 4768 1679 101 514 1413 7079 4588 4768 2730 3739 1679 1413 68 4630 7079 2730 834 5204 3739 68 839 9 4630 834 7439 4449 5204 839 1931 8270 9 7439 2008 2970 4449 1931 5958 5908 8270 2008 3828 6508 2970 5958 5454 189 5908 3828 1308 3242 6508 5454 7448 6287 189 1308 2974 8382 3242 7448 1774 8970 6287 2974 3113 5948 8382 1774 1853 2706 8970 3113 8547 1595 5948 1853 8047 6650 2706 8547 3896 8335 1595 8047 4557 211 6650 3896 4803 668 8335 4557 242 620 211 4803 865 8245 668 242 1134 9049 620 865 1739 7250 8245 1134 8867 3152 9049 1739 644 8271 7250 8867 8638 2038 3152 644 7857 4571 8271 8638 6172 2545 2038 8500 4348 735 6595 4059 4158 6128 4569 4348 8653 6694 735 4158 843 8613 6128 8653 5286 850 6694 843 8042 234 8613 5286 101 6789 850 8042 4588 8070 234 101 1679 8536 6789 4588 7079 1425 8070 1679 3739 8119 8536 7079 4630 4830 1425 3739 5204 3211 8119 4630 9 641 4830 5204 4449 7330 3211 9 8270 6363 641 4449 2970 3779 7330 8270 5908 7526 6363 2970 6508 6210 3779 5908 189 2717 7526 6508 3242 748 6210 189 6287 4773 2717 3242 8382 7160 748 6287 8970 368 4773 8382 5948 5479 7160 8970 2706 5383 368 5948 1595 69 5479 2706 6650 7491 5383 1595 8335 725 69 6650 211 9071 7491 8335 668 911 725 211 620 598 9071 668 8245 4631 911 620 9049 7974 598 8245 7250 6985 4631 9049 3152 1544 7974 7250 8271 4566 6985 3152 2038 2815 1544 8271 4571 3100 4566 2038 2545 239 2815 6595 735 4137 408 4569 6128 4111 2121 735 6694 6356 4137 6128 8613 7341 4111 6694 850 2345 6356 8613 234 5986 7341 850 6789 3574 2345 234 8070 2504 5986 6789 8536 8289 3574 8070 1425 6237 2504 8536 8119 7014 8289 1425 4830 3243 6237 8119 3211 5043 7014 4830 641 5901 3243 3211 7330 6397 5043 641 6363 7180 5901 7330 3779 811 6397 6363 7526 2108 7180 3779 6210 2448 811 7526 2717 3737 2108 6210 748 8156 2448 2717 4773 4139 3737 748 7160 260 8156 4773 368 4118 4139 7160 5479 3413 260 368 5383 3749 4118 5479 69 333 3413 5383 7491 1303 3749 69 725 5419 333 7491 9071 2761 1303 725 911 7567 5419 9071 598 3835 2761 911 4631 7791 7567 598 7974 3339 3835 4631 6985 785 7791 7974 1544 8895 3339 6985 4566 8110 785 1544 2815 7738 8895 4566 3100 5017 8110 2815 239 9044 7738 408 4137 1232 8574 2121 4111 8367 7525 4137 6356 8593 1232 4111 7341 6847 8367 6356 2345 2465 8593 7341 5986 6954 6847 2345 3574 1521 2465 5986 2504 5686 6954 3574 8289 4863 1521 2504 6237 995 5686 8289 7014 5915 4863 6237 3243 2282 995 7014 5043 297 5915 3243 5901 5775 2282 5043 6397 2129 297 5901 7180 4215 5775 6397 811 7291 2129 7180 2108 4624 4215 811 2448 3062 7291 2108 3737 6485 4624 2448 8156 3651 3062 3737 4139 775 6485 8156 260 3566 3651 4139 4118 1168 775 260 3413 1703 3566 4118 3749 5870 1168 3413 333 1497 1703 3749 1303 8105 5870 333 5419 7557 1497 1303 2761 7605 8105 5419 7567 7480 7557 2761 3835 4641 7605 7567 7791 1507 7480 3835 3339 6420 4641 7791 785 2166 1507 3339 8895 170 6420 785 8110 6091 2166 8895 7738 5828 170 8110 5017 7932 6091 7738 9044 8302 5828 8574 1232 5725 4901 7525 8367 1660 3864 1232 8593 1369 5725 8367 6847 5743 1660 8593 2465 981 1369 6847 6954 2950 5743 2465 1521 2750 981 6954 5686 2948 2950 1521 4863 217 2750 5686 995 8406 2948 4863 5915 4804 217 995 2282 2039 8406 5915 297 5860 4804 2282 5775 99 2039 297 2129 2212 5860 5775 4215 1896 99 2129 7291 4562 2212 4215 4624 8837 1896 7291 3062 5979 4562 4624 6485 5481 8837 3062 3651 4538 5979 6485 775 9250 5481 3651 3566 3490 4538 775 1168 7612 9250 3566 1703 1401 3490 1168 5870 1384 7612 1703 1497 8805 1401 5870 8105 1460 1384 1497 7557 6127 8805 8105 7605 8825 1460 7557 7480 498 6127 7605 4641 5639 8825 7480 1507 7153 498 4641 6420 4953 5639 1507 2166 8962 7153 6420 170 1559 4953 2166 6091 5460 8962 170 5828 8935 1559 6091 7932 4558 5460 5828 8302 3465 8935 4901 5725 6232 9096 3864 1660 8101 925 5725 1369 3397 6232 1660 5743 8079 8101 1369 981 282 3397 5743 2950 6161 8079 981 2750 1377 282 2950 2948 7313 6161 2750 217 5604 1377 2948 8406 900 7313 217 4804 7243 5604 8406 2039 3724 900 4804 5860 1653 7243 2039 99 727 3724 5860 2212 8948 1653 99 1896 990 727 2212 4562 3109 8948 1896 8837 7630 990 4562 5979 2595 3109 8837 5481 6870 7630 5979 4538 8365 2595 5481 9250 7113 6870 4538 3490 3344 8365 9250 7612 2934 7113 3490 1401 5256 3344 7612 1384 1686 2934 1401 8805 4022 5256 1384 1460 7846 1686 8805 6127 7350 4022 1460 8825 8678 7846 6127 498 1289 7350 8825 5639 6579 8678 498 7153 8555 1289 5639 4953 3523 6579 7153 8962 6149 8555 4953 1559 7486 3523 8962 5460 8642 6149 1559 8935 4378 7486 5460 4558 6053 8642 8935 3465 2407 4378 9096 6232 8734 7316 925 8101 3184 5176 6232 3397 3926 8734 8101 8079 2635 3184 3397 282 3782 3926 8079 6161 1154 2635 282 1377 1879 3782 6161 7313 2767 1154 1377 5604 5939 1879 7313 900 6006 2767 5604 7243 4684 5939 900 3724 4930 6006 7243 1653 3622 4684 3724 727 1231 4930 1653 8948 4283 3622 727 990 8745 1231 8948 3109 3818 4283 990 7630 5254 8745 3109 2595 5288 3818 7630 6870 2704 5254 2595 8365 1915 5288 6870 7113 316 2704 8365 3344 8931 1915 7113 2934 6704 316 3344 5256 5546 8931 2934 1686 8223 6704 5256 4022 1172 5546 1686 7846 7253 8223 4022 7350 4347 1172 7846 8678 3594 7253 7350 1289 6528 4347 8678 6579 6408 3594 1289 8555 4263 6528 6579 3523 7884 6408 8555 6149 2560 4263 3523 7486 4961 7884 6149 8642 5281 2560 7486 4378 7710 4961 8642 6053 51 5281 4378 2407 6279 7710 7316 8734 2773 2884 5176 3184 5670 2783 8734 3926 5631 2773 3184 2635 7436 5670 3926 3782 5397 5631 2635 1154 4575 7436 3782 1879 7479 5397 1154 2767 7916 4575 1879 5939 1008 7479 2767 6006 7929 7916 5939 4684 8405 1008 6006 4930 4742 7929 4684 3622 7659 8405 4930 1231 4028 4742 3622 4283 328 7659 1231 8745 7266 4028 4283 3818 5325 328 8745 5254 2983 7266 3818 5288 8046 5325 5254 2704 5980 2983 5288 1915 6361 8046 2704 316 6493 5980 1915 8931 283 6361 316 6704 8266 6493 8931 5546 5423 283 6704 8223 6712 8266 5546 1172 3831 5423 8223 7253 2490 6712 1172 4347 6201 3831 7253 3594 1426 2490 4347 6528 6045 6201 3594 6408 2666 1426 6528 4263 3951 6045 6408 7884 8835 2666 4263 2560 88 3951 7884 4961 7664 8835 2560 5281 7837 88 4961 7710 2936 7664 5281 51 8576 7837 7710 6279 643 2936 2884 2773 1824 7209 2783 5670 7814 7784 2773 5631 6950 1824 5670 7436 1170 7814 5631 5397 7332 6950 7436 4575 4518 1170 5397 7479 5519 7332 4575 7916 1884 4518 7479 1008 7182 5519 7916 7929 8551 1884 1008 8405 3550 7182 7929 4742 8435 8551 8405 7659 869 3550 4742 4028 7510 8435 7659 328 6952 869 4028 7266 6760 7510 328 5325 899 6952 7266 2983 9083 6760 5325 8046 3943 899 2983 5980 8933 9083 8046 6361 5225 3943 5980 6493 8160 8933 6361 283 5412 5225 6493 8266 5217 8160 283 5423 307 5412 8266 6712 1051 5217 5423 3831 8903 307 6712 2490 3373 1051 3831 6201 6464 8903 2490 1426 6405 3373 6201 6045 3515 6464 1426 2666 7036 6405 6045 3951 1835 3515 2666 8835 324 7036 3951 88 6145 1835 8835 7664 3978 324 88 7837 7463 6145 7664 2936 237 3978 7837 8576 269 7463 2936 643 7267 237 7209 1824 8073 8627 7784 7814 7714 9207 1824 6950 1040 8073 7814 1170 4580 7714 6950 7332 3758 1040 1170 4518 154 4580 7332 5519 3359 3758 4518 1884 7840 154 5519 7182 3197 3359 1884 8551 2249 7840 7182 3550 8996 3197 8551 8435 2756 2249 3550 869 6566 8996 8435 7510 7767 2756 869 6952 7859 6566 7510 6760 4011 7767 6952 899 3210 7859 6760 9083 2093 4011 899 3943 4762 3210 9083 8933 7554 2093 3943 5225 6718 4762 8933 8160 2344 7554 5225 5412 2719 6718 8160 5217 5704 2344 5412 307 8166 2719 5217 1051 2125 5704 307 8903 7109 8166 1051 3373 8488 2125 8903 6464 4811 7109 3373 6405 8625 8488 6464 3515 7983 4811 6405 7036 1803 8625 3515 1835 1337 7983 7036 324 8030 1803 1835 6145 9127 1337 324 3978 4276 8030 6145 7463 2120 9127 3978 237 4312 4276 7463 269 6038 2120 237 7267 357 4312 2092 6487 5849 3422 6611 7042 6552 3873 6487 109 4905 5849 7042 3256 271 6552 109 5245 2822 4905 3256 5896 4333 271 5245 8622 6732 2822 5896 192 9039 4333 8622 385 4289 6732 192 1393 2982 9039 385 5517 3558 4289 1393 4807 1828 2982 5517 8478 1859 3558 4807 737 951 1828 8478 2814 1160 1859 737 5307 8676 951 2814 1106 484 1160 5307 5380 4745 8676 1106 4617 7457 484 5380 8942 3219 4745 4617 2647 8600 7457 8942 4330 4834 3219 2647 3145 3054 8600 4330 394 6191 4834 3145 7406 5248 3054 394 2138 7356 6191 7406 638 6653 5248 2138 507 1796 7356 638 3984 7741 6653 507 3249 3318 1796 3984 6815 3790 7741 3249 982 5295 3318 6815 4743 7754 3790 982 820 4127 5295 4743 7955 7853 7754 820 6183 6429 4127 7955 742 5450 7853 6183 6800 8799 6429 742 3692 528 5450 6800 4136 7903 8799 3422 5849 7895 2552 3873 6552 7205 2054 5849 4905 8067 7895 6552 271 3090 7205 4905 2822 8206 8067 271 4333 9050 3090 2822 6732 2918 8206 4333 9039 9244 9050 6732 4289 3591 2918 9039 2982 2492 9244 4289 3558 2412 3591 2982 1828 8847 2492 3558 1859 6846 2412 1828 951 2590 8847 1859 1160 587 6846 951 8676 46 2590 1160 484 6930 587 8676 4745 5749 46 484 7457 3282 6930 4745 3219 562 5749 7457 8600 7066 3282 3219 4834 3234 562 8600 3054 749 7066 4834 6191 6698 3234 3054 5248 1873 749 6191 7356 3520 6698 5248 6653 3096 1873 7356 1796 4406 3520 6653 7741 856 3096 1796 3318 8540 4406 7741 3790 2274 856 3318 5295 7298 8540 3790 7754 2548 2274 5295 4127 4068 7298 7754 7853 6437 2548 4127 6429 9219 4068 7853 5450 5327 6437 6429 8799 2419 9219 5450 528 7877 5327 8799 7903 3593 2419 2552 7895 5352 2266 2054 7205 1073 3710 7895 8067 9135 5352 7205 3090 4349 1073 8067 8206 8350 9135 3090 9050 4838 4349 8206 2918 72 8350 9050 9244 5894 4838 2918 3591 6392 72 9244 2492 8227 5894 3591 2412 7750 6392 2492 8847 8746 8227 2412 6846 2521 7750 8847 2590 7351 8746 6846 587 5183 2521 2590 46 3697 7351 587 6930 5259 5183 46 5749 1080 3697 6930 3282 3966 5259 5749 562 4705 1080 3282 7066 3695 3966 562 3234 8660 4705 7066 749 4739 3695 3234 6698 8823 8660 749 1873 5090 4739 6698 3520 7428 8823 1873 3096 7871 5090 3520 4406 3720 7428 3096 856 426 7871 4406 8540 9030 3720 856 2274 8231 426 8540 7298 7025 9030 2274 2548 5292 8231 7298 4068 3085 7025 2548 6437 7381 5292 4068 9219 4533 3085 6437 5327 6413 7381 9219 2419 2493 4533 5327 7877 4328 6413 2419 3593 535 2493 2266 5352 3426 8679 3710 1073 8873 926 5352 9135 7200 3426 1073 4349 7430 8873 9135 8350 1756 7200 4349 4838 2413 7430 8350 72 4368 1756 4838 5894 2328 2413 72 6392 6606 4368 5894 8227 549 2328 6392 7750 1368 6606 8227 8746 6239 549 7750 2521 7736 1368 8746 7351 6885 6239 2521 5183 7112 7736 7351 3697 645 6885 5183 5259 5824 7112 3697 1080 8142 645 5259 3966 2425 5824 1080 4705 1145 8142 3966 3695 2780 2425 4705 8660 3568 1145 3695 4739 1195 2780 8660 8823 5185 3568 4739 5090 5491 1195 8823 7428 6920 5185 5090 7871 5843 5491 7428 3720 1990 6920 7871 426 7156 5843 3720 9030 4626 1990 426 8231 5850 7156 9030 7025 6416 4626 8231 5292 7249 5850 7025 3085 8579 6416 5292 7381 929 7249 3085 4533 2144 8579 7381 6413 4143 929 4533 2493 2247 2144 6413 4328 8044 4143 2493 535 6079 2247 8679 3426 5434 5045 926 8873 8775 2887 3426 7200 7104 5434 8873 7430 621 8775 7200 1756 3182 7104 7430 2413 5435 621 1756 4368 7715 3182 2413 2328 1095 5435 4368 6606 3360 7715 2328 549 3485 1095 6606 1368 4792 3360 549 6239 7749 3485 1368 7736 5461 4792 6239 6885 3527 7749 7736 7112 4083 5461 6885 645 3411 3527 7112 5824 1887 4083 645 8142 8178 3411 5824 2425 3703 1887 8142 1145 7709 8178 2425 2780 1631 3703 1145 3568 3554 7709 2780 1195 5411 1631 3568 5185 3803 3554 1195 5491 4410 5411 5185 6920 6724 3803 5491 5843 1696 4410 6920 1990 7691 6724 5843 7156 3079 1696 1990 4626 1018 7691 7156 5850 4700 3079 4626 6416 2999 1018 5850 7249 7326 4700 6416 8579 1158 2999 7249 929 6986 7326 8579 2144 1474 1158 929 4143 3063 6986 2144 2247 2009 1474 4143 8044 3677 3063 2247 6079 3805 2009 5045 5434 4078 6188 2887 8775 8924 7529 5434 7104 3456 4078 8775 621 2081 8924 7104 3182 5823 3456 621 5435 1312 2081 3182 7715 8808 5823 5435 1095 4261 1312 7715 3360 2189 8808 1095 3485 2744 4261 3360 4792 364 2189 3485 7749 3937 2744 4792 5461 386 364 7749 3527 5892 3937 5461 4083 48 386 3527 3411 2943 5892 4083 1887 8932 48 3411 8178 3706 2943 1887 3703 6434 8932 8178 7709 8806 3706 3703 1631 9229 6434 7709 3554 867 8806 1631 5411 5011 9229 3554 3803 339 867 5411 4410 547 5011 3803 6724 3841 339 4410 1696 318 547 6724 7691 7918 3841 1696 3079 6625 318 7691 1018 1378 7918 3079 4700 3291 6625 1018 2999 5457 1378 4700 7326 38 3291 2999 1158 4369 5457 7326 6986 8378 38 1158 1474 4275 4369 6986 3063 7041 8378 1474 2009 2296 4275 3063 3677 77 7041 2009 3805 6828 2296 6188 4078 9152 764 7529 8924 6272 6495 4078 3456 8587 9152 8924 2081 2367 6272 3456 5823 483 8587 2081 1312 1951 2367 5823 8808 6684 483 1312 4261 9084 1951 8808 2189 2496 6684 4261 2744 7925 9084 2189 364 8330 2496 2744 3937 6531 7925 364 386 9078 8330 3937 5892 1411 6531 386 48 5643 9078 5892 2943 2385 1411 48 8932 264 5643 2943 3706 8159 2385 8932 6434 308 264 3706 8806 6381 8159 6434 9229 2068 308 8806 867 4131 6381 9229 5011 4126 2068 867 339 1587 4131 5011 547 5120 4126 339 3841 1567 1587 547 318 4258 5120 3841 7918 5875 1567 318 6625 7565 4258 7918 1378 4222 5875 6625 3291 2618 7565 1378 5457 3605 4222 3291 38 7836 2618 5457 4369 4584 3605 38 8378 776 7836 4369 4275 223 4584 8378 7041 7401 776 4275 2296 585 223 7041 77 5497 7401 2296 6828 1256 585 764 9152 272 3168 6495 6272 1290 7157 9152 8587 637 272 6272 2367 6685 1290 8587 483 4045 637 2367 1951 7282 6685 483 6684 4918 4045 1951 9084 6317 7282 6684 2496 3507 4918 9084 7925 4923 6317 2496 8330 3642 3507 7925 6531 4628 4923 8330 9078 6470 3642 6531 1411 7888 4628 9078 5643 6424 6470 1411 2385 3427 7888 5643 264 9035 6424 2385 8159 1992 3427 264 308 2272 9035 8159 6381 4467 1992 308 2068 6258 2272 6381 4131 7914 4467 2068 4126 4015 6258 4131 1587 6304 7914 4126 5120 6249 4015 1587 1567 5329 6304 5120 4258 80 6249 1567 5875 4089 5329 4258 7565 6070 80 5875 4222 6214 4089 7565 2618 6203 6070 4222 3605 6991 6214 2618 7836 117 6203 3605 4584 8591 6991 7836 776 2689 117 4584 223 7075 8591 776 7401 7074 2689 223 585 3917 7075 7401 5497 548 7074 585 1256 1420 3917 3168 272 5734 3173 7157 1290 2659 7739 272 637 2343 5734 1290 6685 1844 2659 637 4045 3171 2343 6685 7282 2179 1844 4045 4918 6945 3171 7282 6317 2257 2179 4918 3507 2965 6945 6317 4923 1745 2257 3507 3642 2733 2965 4923 4628 4647 1745 3642 6470 1932 2733 4628 7888 3237 4647 6470 6424 4244 1932 7888 3427 3866 3237 6424 9035 8911 4244 3427 1992 6385 3866 9035 2272 916 8911 1992 4467 6346 6385 2272 6258 4855 916 4467 7914 3098 6346 6258 4015 1658 4855 7914 6304 8007 3098 4015 6249 6953 1658 6304 5329 6305 8007 6249 80 2841 6953 5329 4089 9068 6305 80 6070 8455 2841 4089 6214 8697 9068 6070 6203 4065 8455 6214 6991 5472 8697 6203 117 4695 4065 6991 8591 6872 5472 117 2689 5769 4695 8591 7075 3715 6872 2689 7074 7538 5769 7075 3917 7110 3715 7074 548 4556 7538 3917 1420 7931 7110 3173 5734 7410 7174 7739 2659 2519 4060 5734 2343 3770 7410 2659 1844 6126 2519 2343 3171 1382 3770 1844 2179 4856 6126 3171 6945 514 1382 2179 2257 2169 4856 6945 2965 1413 514 2257 1745 417 2169 2965 2733 68 1413 1745 4647 2894 417 2733 1932 839 68 4647 3237 1581 2894 1932 4244 1931 839 3237 3866 8048 1581 4244 8911 5958 1931 3866 6385 5213 8048 8911 916 5454 5958 6385 6346 5523 5213 916 4855 7448 5454 6346 3098 7690 5523 4855 1658 1774 7448 3098 8007 5770 7690 1658 6953 1853 1774 8007 6305 6427 5770 6953 2841 8047 1853 6305 9068 6522 6427 2841 8455 4557 8047 9068 8697 1948 6522 8455 4065 242 4557 8697 5472 3956 1948 4065 4695 1134 242 5472 6872 901 3956 4695 5769 8867 1134 6872 3715 5198 901 5769 7538 8638 8867 3715 7110 3324 5198 7538 4556 6172 8638 7110 7931 4012 3324 7174 7410 4158 4059 4060 2519 1491 3228 7410 3770 843 4158 2519 6126 8767 1491 3770 1382 8042 843 6126 4856 1419 8767 1382 514 4588 8042 4856 2169 5551 1419 514 1413 7079 4588 2169 417 1101 5551 1413 68 4630 7079 417 2894 7980 1101 68 839 9 4630 2894 1581 4530 7980 839 1931 8270 9 1581 8048 2967 4530 1931 5958 5908 8270 8048 5213 2736 2967 5958 5454 189 5908 5213 5523 6941 2736 5454 7448 6287 189 5523 7690 7213 6941 7448 1774 8970 6287 7690 5770 6197 7213 1774 1853 2706 8970 5770 6427 622 6197 1853 8047 6650 2706 6427 6522 2139 622 8047 4557 211 6650 6522 1948 6850 2139 4557 242 620 211 1948 3956 7146 6850 242 1134 9049 620 3956 901 9170 7146 1134 8867 3152 9049 901 5198 4392 9170 8867 8638 2038 3152 5198 3324 7089 4392 8638 6172 2545 2038 3324 4012 5452 7089 4059 4158 6128 4569 3228 1491 4329 6980 4158 843 8613 6128 1491 8767 5366 4329 843 8042 234 8613 8767 1419 8491 5366 8042 4588 8070 234 1419 5551 1665 8491 4588 7079 1425 8070 5551 1101 7339 1665 7079 4630 4830 1425 1101 7980 662 7339 4630 9 641 4830 7980 4530 4319 662 9 8270 6363 641 4530 2967 98 4319 8270 5908 7526 6363 2967 2736 2216 98 5908 189 2717 7526 2736 6941 7481 2216 189 6287 4773 2717 6941 7213 5331 7481 6287 8970 368 4773 7213 6197 6113 5331 8970 2706 5383 368 6197 622 8419 6113 2706 6650 7491 5383 622 2139 1432 8419 6650 211 9071 7491 2139 6850 2629 1432 211 620 598 9071 6850 7146 1391 2629 620 9049 7974 598 7146 9170 1019 1391 9049 3152 1544 7974 9170 4392 5439 1019 3152 2038 2815 1544 4392 7089 5722 5439 2038 2545 239 2815 7089 5452 6182 5722 4569 6128 4111 2121 6980 4329 9136 5837 6128 8613 7341 4111 4329 5366 5251 9136 8613 234 5986 7341 5366 8491 214 5251 234 8070 2504 5986 8491 1665 3680 214 8070 1425 6237 2504 1665 7339 2844 3680 1425 4830 3243 6237 7339 662 2024 2844 4830 641 5901 3243 662 4319 7722 2024 641 6363 7180 5901 4319 98 8317 7722 6363 7526 2108 7180 98 2216 3995 8317 7526 2717 3737 2108 2216 7481 5898 3995 2717 4773 4139 3737 7481 5331 2130 5898 4773 368 4118 4139 5331 6113 7711 2130 368 5383 3749 4118 6113 8419 4879 7711 5383 7491 1303 3749 8419 1432 1975 4879 7491 9071 2761 1303 1432 2629 7652 1975 9071 598 3835 2761 2629 1391 1412 7652 598 7974 3339 3835 1391 1019 6177 1412 7974 1544 8895 3339 1019 5439 8023 6177 1544 2815 7738 8895 5439 5722 4962 8023 2815 239 9044 7738 5722 6182 4713 4962 2121 4111 8367 7525 5837 9136 6256 4455 4111 7341 6847 8367 9136 5251 1295 6256 7341 5986 6954 6847 5251 214 1965 1295 5986 2504 5686 6954 214 3680 1694 1965 2504 6237 995 5686 3680 2844 8960 1694 6237 3243 2282 995 2844 2024 5040 8960 3243 5901 5775 2282 2024 7722 6665 5040 5901 7180 4215 5775 7722 8317 3936 6665 7180 2108 4624 4215 8317 3995 1708 3936 2108 3737 6485 4624 3995 5898 983 1708 3737 4139 775 6485 5898 2130 2297 983 4139 4118 1168 775 2130 7711 1161 2297 4118 3749 5870 1168 7711 4879 3361 1161 3749 1303 8105 5870 4879 1975 8786 3361 1303 2761 7605 8105 1975 7652 6968 8786 2761 3835 4641 7605 7652 1412 8886 6968 3835 3339 6420 4641 1412 6177 1768 8886 3339 8895 170 6420 6177 8023 9198 1768 8895 7738 5828 170 8023 4962 8016 9198 7738 9044 8302 5828 4962 4713 4854 8016 7525 8367 1660 3864 4455 6256 8569 2161 8367 6847 5743 1660 6256 1295 7637 8569 6847 6954 2950 5743 1295 1965 4970 7637 6954 5686 2948 2950 1965 1694 728 4970 5686 995 8406 2948 1694 8960 3944 728 995 2282 2039 8406 8960 5040 4450 3944 2282 5775 99 2039 5040 6665 2089 4450 5775 4215 1896 99 6665 3936 2190 2089 4215 4624 8837 1896 3936 1708 5963 2190 4624 6485 5481 8837 1708 983 7515 5963 6485 775 9250 5481 983 2297 4835 7515 775 1168 7612 9250 2297 1161 409 4835 1168 5870 1384 7612 1161 3361 3081 409 5870 8105 1460 1384 3361 8786 9110 3081 8105 7605 8825 1460 8786 6968 1210 9110 7605 4641 5639 8825 6968 8886 4210 1210 4641 6420 4953 5639 8886 1768 2968 4210 6420 170 1559 4953 1768 9198 8763 2968 170 5828 8935 1559 9198 8016 7444 8763 5828 8302 3465 8935 8016 4854 2159 7444 3864 1660 8101 925 2161 8569 6617 6064 1660 5743 8079 8101 8569 7637 4719 6617 5743 2950 6161 8079 7637 4970 875 4719 2950 2948 7313 6161 4970 728 494 875 2948 8406 900 7313 728 3944 805 494 8406 2039 3724 900 3944 4450 3727 805 2039 99 727 3724 4450 2089 8655 3727 99 1896 990 727 2089 2190 5188 8655 1896 8837 7630 990 2190 5963 5146 5188 8837 5481 6870 7630 5963 7515 61 5146 5481 9250 7113 6870 7515 4835 4821 61 9250 7612 2934 7113 4835 409 8558 4821 7612 1384 1686 2934 409 3081 1672 8558 1384 1460 7846 1686 3081 9110 2902 1672 1460 8825 8678 7846 9110 1210 608 2902 8825 5639 6579 8678 1210 4210 7407 608 5639 4953 3523 6579 4210 2968 1215 7407 4953 1559 7486 3523 2968 8763 2145 1215 1559 8935 4378 7486 8763 7444 1334 2145 8935 3465 2407 4378 7444 2159 8152 1334 925 8101 3184 5176 6064 6617 183 7467 8101 8079 2635 3184 6617 4719 5592 183 8079 6161 1154 2635 4719 875 3157 5592 6161 7313 2767 1154 875 494 4607 3157 7313 900 6006 2767 494 805 7124 4607 900 3724 4930 6006 805 3727 6737 7124 3724 727 1231 4930 3727 8655 8721 6737 727 990 8745 1231 8655 5188 8561 8721 990 7630 5254 8745 5188 5146 2996 8561 7630 6870 2704 5254 5146 61 5072 2996 6870 7113 316 2704 61 4821 1627 5072 7113 2934 6704 316 4821 8558 4833 1627 2934 1686 8223 6704 8558 1672 6382 4833 1686 7846 7253 8223 1672 2902 6195 6382 7846 8678 3594 7253 2902 608 5473 6195 8678 6579 6408 3594 608 7407 7360 5473 6579 3523 7884 6408 7407 1215 5346 7360 3523 7486 4961 7884 1215 2145 6328 5346 7486 4378 7710 4961 2145 1334 8979 6328 4378 2407 6279 7710 1334 8152 8479 8979 5176 3184 5670 2783 7467 183 3813 7906 3184 2635 7436 5670 183 5592 8411 3813 2635 1154 4575 7436 5592 3157 8446 8411 1154 2767 7916 4575 3157 4607 8985 8446 2767 6006 7929 7916 4607 7124 4685 8985 6006 4930 4742 7929 7124 6737 5353 4685 4930 1231 4028 4742 6737 8721 616 5353 1231 8745 7266 4028 8721 8561 4325 616 8745 5254 2983 7266 8561 2996 2076 4325 5254 2704 5980 2983 2996 5072 980 2076 2704 316 6493 5980 5072 1627 5441 980 316 6704 8266 6493 1627 4833 4857 5441 6704 8223 6712 8266 4833 6382 1875 4857 8223 7253 2490 6712 6382 6195 1643 1875 7253 3594 1426 2490 6195 5473 7181 1643 3594 6408 2666 1426 5473 7360 2793 7181 6408 7884 8835 2666 7360 5346 9173 2793 7884 4961 7664 8835 5346 6328 8391 9173 4961 7710 2936 7664 6328 8979 3406 8391 7710 6279 643 2936 8979 8479 3174 3406 2783 5670 7814 7784 7906 3813 3723 4321 5670 7436 1170 7814 3813 8411 3221 3723 7436 4575 4518 1170 8411 8446 4995 3221 4575 7916 1884 4518 8446 8985 5779 4995 7916 7929 8551 1884 8985 4685 3177 5779 7929 4742 8435 8551 4685 5353 5730 3177 4742 4028 7510 8435 5353 616 5876 5730 4028 7266 6760 7510 616 4325 9064 5876 7266 2983 9083 6760 4325 2076 1357 9064 2983 5980 8933 9083 2076 980 7377 1357 5980 6493 8160 8933 980 5441 3630 7377 6493 8266 5217 8160 5441 4857 476 3630 8266 6712 1051 5217 4857 1875 1981 476 6712 2490 3373 1051 1875 1643 1119 1981 2490 1426 6405 3373 1643 7181 2980 1119 1426 2666 7036 6405 7181 2793 5308 2980 2666 8835 324 7036 2793 9173 7699 5308 8835 7664 3978 324 9173 8391 4793 7699 7664 2936 237 3978 8391 3406 4300 4793 2936 643 7267 237 3406 3174 4511 4300 7784 7814 7714 9207 4321 3723 5371 5237 7814 1170 4580 7714 3723 3221 6439 5371 1170 4518 154 4580 3221 4995 5227 6439 4518 1884 7840 154 4995 5779 3543 5227 1884 8551 2249 7840 5779 3177 2111 3543 8551 8435 2756 2249 3177 5730 5179 2111 8435 7510 7767 2756 5730 5876 2417 5179 7510 6760 4011 7767 5876 9064 1526 2417 6760 9083 2093 4011 9064 1357 5309 1526 9083 8933 7554 2093 1357 7377 5462 5309 8933 8160 2344 7554 7377 3630 2742 5462 8160 5217 5704 2344 3630 476 617 2742 5217 1051 2125 5704 476 1981 1193 617 1051 3373 8488 2125 1981 1119 8624 1193 3373 6405 8625 8488 1119 2980 7813 8624 6405 7036 1803 8625 2980 5308 5683 7813 7036 324 8030 1803 5308 7699 251 5683 324 3978 4276 8030 7699 4793 4756 251 3978 237 4312 4276 4793 4300 4654 4756 237 7267 357 4312 4300 4511 8849 4654 6611 7042 6552 3873 628 7295 2043 3218 7042 3256 271 6552 7295 5989 7445 2043 3256 5896 4333 271 5989 2877 4195 7445 5896 192 9039 4333 2877 1056 4547 4195 192 1393 2982 9039 1056 4091 5975 4547 1393 4807 1828 2982 4091 9085 7404 5975 4807 737 951 1828 9085 4084 172 7404 737 5307 8676 951 4084 2507 4501 172 5307 5380 4745 8676 2507 2987 2002 4501 5380 8942 3219 4745 2987 5574 6632 2002 8942 4330 4834 3219 5574 70 6888 6632 4330 394 6191 4834 70 5661 4019 6888 394 2138 7356 6191 5661 5387 7049 4019 2138 507 1796 7356 5387 4440 4427 7049 507 3249 3318 1796 4440 2457 8874 4427 3249 982 5295 3318 2457 8400 35 8874 982 820 4127 5295 8400 5861 3653 35 820 6183 6429 4127 5861 1604 4086 3653 6183 6800 8799 6429 1604 1826 3141 4086 6800 4136 7903 8799 1826 3368 2789 3141 3873 6552 7205 2054 3218 2043 7527 2543 6552 271 3090 7205 2043 7445 3559 7527 271 4333 9050 3090 7445 4195 4541 3559 4333 9039 9244 9050 4195 4547 6977 4541 9039 2982 2492 9244 4547 5975 1074 6977 2982 1828 8847 2492 5975 7404 1625 1074 1828 951 2590 8847 7404 172 8492 1625 951 8676 46 2590 172 4501 8190 8492 8676 4745 5749 46 4501 2002 7530 8190 4745 3219 562 5749 2002 6632 1155 7530 3219 4834 3234 562 6632 6888 2475 1155 4834 6191 6698 3234 6888 4019 848 2475 6191 7356 3520 6698 4019 7049 1242 848 7356 1796 4406 3520 7049 4427 7611 1242 1796 3318 8540 4406 4427 8874 9013 7611 3318 5295 7298 8540 8874 35 6858 9013 5295 4127 4068 7298 35 3653 8181 6858 4127 6429 9219 4068 3653 4086 8386 8181 6429 8799 2419 9219 4086 3141 5582 8386 8799 7903 3593 2419 3141 2789 6848 5582 2054 7205 1073 3710 2543 7527 3269 1336 7205 3090 4349 1073 7527 3559 44 3269 3090 9050 4838 4349 3559 4541 7912 44 9050 9244 5894 4838 4541 6977 1943 7912 9244 2492 8227 5894 6977 1074 3945 1943 2492 8847 8746 8227 1074 1625 273 3945 8847 2590 7351 8746 1625 8492 2441 273 2590 46 3697 7351 8492 8190 370 2441 46 5749 1080 3697 8190 7530 8193 370 5749 562 4705 1080 7530 1155 7172 8193 562 3234 8660 4705 1155 2475 2439 7172 3234 6698 8823 8660 2475 848 6512 2439 6698 3520 7428 8823 848 1242 3962 6512 3520 4406 3720 7428 1242 7611 653 3962 4406 8540 9030 3720 7611 9013 1064 653 8540 7298 7025 9030 9013 6858 8528 1064 7298 4068 3085 7025 6858 8181 6554 8528 4068 9219 4533 3085 8181 8386 7682 6554 9219 2419 2493 4533 8386 5582 6325 7682 2419 3593 535 2493 5582 6848 7028 6325 3710 1073 8873 926 1336 3269 5941 8186 1073 4349 7430 8873 3269 44 5777 5941 4349 4838 2413 7430 44 7912 6366 5777 4838 5894 2328 2413 7912 1943 3258 6366 5894 8227 549 2328 1943 3945 8573 3258 8227 8746 6239 549 3945 273 6600 8573 8746 7351 6885 6239 273 2441 7255 6600 7351 3697 645 6885 2441 370 7695 7255 3697 1080 8142 645 370 8193 2442 7695 1080 4705 1145 8142 8193 7172 8433 2442 4705 8660 3568 1145 7172 2439 5559 8433 8660 8823 5185 3568 2439 6512 2156 5559 8823 7428 6920 5185 6512 3962 5862 2156 7428 3720 1990 6920 3962 653 887 5862 3720 9030 4626 1990 653 1064 5994 887 9030 7025 6416 4626 1064 8528 5272 5994 7025 3085 8579 6416 8528 6554 5822 5272 3085 4533 2144 8579 6554 7682 6959 5822 4533 2493 2247 2144 7682 6325 2710 6959 2493 535 6079 2247 6325 7028 6008 2710 926 8873 8775 2887 8186 5941 7933 3235 8873 7430 621 8775 5941 5777 2098 7933 7430 2413 5435 621 5777 6366 7215 2098 2413 2328 1095 5435 6366 3258 7125 7215 2328 549 3485 1095 3258 8573 6862 7125 549 6239 7749 3485 8573 6600 7060 6862 6239 6885 3527 7749 6600 7255 578 7060 6885 645 3411 3527 7255 7695 5866 578 645 8142 8178 3411 7695 2442 1744 5866 8142 1145 7709 8178 2442 8433 752 1744 1145 3568 3554 7709 8433 5559 9014 752 3568 5185 3803 3554 5559 2156 8122 9014 5185 6920 6724 3803 2156 5862 5159 8122 6920 1990 7691 6724 5862 887 43 5159 1990 4626 1018 7691 887 5994 1225 43 4626 6416 2999 1018 5994 5272 6616 1225 6416 8579 1158 2999 5272 5822 4726 6616 8579 2144 1474 1158 5822 6959 2452 4726 2144 2247 2009 1474 6959 2710 7214 2452 2247 6079 3805 2009 2710 6008 3961 7214 2887 8775 8924 7529 3235 7933 2513 2495 8775 621 2081 8924 7933 2098 7970 2513 621 5435 1312 2081 2098 7215 4746 7970 5435 1095 4261 1312 7215 7125 923 4746 1095 3485 2744 4261 7125 6862 9082 923 3485 7749 3937 2744 6862 7060 6023 9082 7749 3527 5892 3937 7060 578 490 6023 3527 3411 2943 5892 578 5866 453 490 3411 8178 3706 2943 5866 1744 6507 453 8178 7709 8806 3706 1744 752 3912 6507 7709 3554 867 8806 752 9014 1041 3912 3554 3803 339 867 9014 8122 7256 1041 3803 6724 3841 339 8122 5159 1532 7256 6724 7691 7918 3841 5159 43 5149 1532 7691 1018 1378 7918 43 1225 7962 5149 1018 2999 5457 1378 1225 6616 4944 7962 2999 1158 4369 5457 6616 4726 3610 4944 1158 1474 4275 4369 4726 2452 1817 3610 1474 2009 2296 4275 2452 7214 5253 1817 2009 3805 6828 2296 7214 3961 5792 5253 7529 8924 6272 6495 2495 2513 1373 8836 8924 2081 2367 6272 2513 7970 7922 1373 2081 1312 1951 2367 7970 4746 6523 7922 1312 4261 9084 1951 4746 923 3474 6523 4261 2744 7925 9084 923 9082 557 3474 2744 3937 6531 7925 9082 6023 73 557 3937 5892 1411 6531 6023 490 149 73 5892 2943 2385 1411 490 453 6678 149 2943 3706 8159 2385 453 6507 4183 6678 3706 8806 6381 8159 6507 3912 2605 4183 8806 867 4131 6381 3912 1041 8003 2605 867 339 1587 4131 1041 7256 0 8003 339 3841 1567 1587 7256 1532 660 0 3841 7918 5875 1567 1532 5149 8338 660 7918 1378 4222 5875 5149 7962 2734 8338 1378 5457 3605 4222 7962 4944 2401 2734 5457 4369 4584 3605 4944 3610 2676 2401 4369 4275 223 4584 3610 1817 2971 2676 4275 2296 585 223 1817 5253 8415 2971 2296 6828 1256 585 5253 5792 7513 8415 6495 6272 1290 7157 8836 1373 2612 400 6272 2367 6685 1290 1373 7922 7873 2612 2367 1951 7282 6685 7922 6523 7712 7873 1951 9084 6317 7282 6523 3474 2466 7712 9084 7925 4923 6317 3474 557 6703 2466 7925 6531 4628 4923 557 73 6084 6703 6531 1411 7888 4628 73 149 5190 6084 1411 2385 3427 7888 149 6678 4170 5190 2385 8159 1992 3427 6678 4183 4527 4170 8159 6381 4467 1992 4183 2605 6564 4527 6381 4131 7914 4467 2605 8003 1895 6564 4131 1587 6304 7914 8003 0 8584 1895 1587 1567 5329 6304 0 660 2657 8584 1567 5875 4089 5329 660 8338 1485 2657 5875 4222 6214 4089 8338 2734 3301 1485 4222 3605 6991 6214 2734 2401 657 3301 3605 4584 8591 6991 2401 2676 7763 657 4584 223 7075 8591 2676 2971 2434 7763 223 585 3917 7075 2971 8415 1680 2434 585 1256 1420 3917 8415 7513 4508 1680 7157 1290 2659 7739 400 2612 6639 9255 1290 6685 1844 2659 2612 7873 991 6639 6685 7282 2179 1844 7873 7712 4880 991 7282 6317 2257 2179 7712 2466 6581 4880 6317 4923 1745 2257 2466 6703 1309 6581 4923 4628 4647 1745 6703 6084 7363 1309 4628 7888 3237 4647 6084 5190 1224 7363 7888 3427 3866 3237 5190 4170 4932 1224 3427 1992 6385 3866 4170 4527 3226 4932 1992 4467 6346 6385 4527 6564 3778 3226 4467 7914 3098 6346 6564 1895 7948 3778 7914 6304 8007 3098 1895 8584 2422 7948 6304 5329 6305 8007 8584 2657 7248 2422 5329 4089 9068 6305 2657 1485 3617 7248 4089 6214 8697 9068 1485 3301 8307 3617 6214 6991 5472 8697 3301 657 5464 8307 6991 8591 6872 5472 657 7763 8739 5464 8591 7075 3715 6872 7763 2434 5050 8739 7075 3917 7110 3715 2434 1680 7843 5050 3917 1420 7931 7110 1680 4508 9133 7843 7739 2659 2519 4060 9255 6639 8191 7158 2659 1844 6126 2519 6639 991 4384 8191 1844 2179 4856 6126 991 4880 6635 4384 2179 2257 2169 4856 4880 6581 2057 6635 2257 1745 417 2169 6581 1309 157 2057 1745 4647 2894 417 1309 7363 1219 157 4647 3237 1581 2894 7363 1224 572 1219 3237 3866 8048 1581 1224 4932 7026 572 3866 6385 5213 8048 4932 3226 4618 7026 6385 6346 5523 5213 3226 3778 4954 4618 6346 3098 7690 5523 3778 7948 2147 4954 3098 8007 5770 7690 7948 2422 5431 2147 8007 6305 6427 5770 2422 7248 7134 5431 6305 9068 6522 6427 7248 3617 3066 7134 9068 8697 1948 6522 3617 8307 7359 3066 8697 5472 3956 1948 8307 5464 9176 7359 5472 6872 901 3956 5464 8739 8145 9176 6872 3715 5198 901 8739 5050 3375 8145 3715 7110 3324 5198 5050 7843 1818 3375 7110 7931 4012 3324 7843 9133 8454 1818 4060 2519 1491 3228 7158 8191 2540 4554 2519 6126 8767 1491 8191 4384 7778 2540 6126 4856 1419 8767 4384 6635 1183 7778 4856 2169 5551 1419 6635 2057 1302 1183 2169 417 1101 5551 2057 157 5945 1302 417 2894 7980 1101 157 1219 1647 5945 2894 1581 4530 7980 1219 572 151 1647 1581 8048 2967 4530 572 7026 3963 151 8048 5213 2736 2967 7026 4618 5443 3963 5213 5523 6941 2736 4618 4954 4172 5443 5523 7690 7213 6941 4954 2147 481 4172 7690 5770 6197 7213 2147 5431 4008 481 5770 6427 622 6197 5431 7134 582 4008 6427 6522 2139 622 7134 3066 8572 582 6522 1948 6850 2139 3066 7359 3581 8572 1948 3956 7146 6850 7359 9176 4632 3581 3956 901 9170 7146 9176 8145 1984 4632 901 5198 4392 9170 8145 3375 7817 1984 5198 3324 7089 4392 3375 1818 6049 7817 3324 4012 5452 7089 1818 8454 4528 6049 3228 1491 4329 6980 4554 2540 2244 7535 1491 8767 5366 4329 2540 7778 8135 2244 8767 1419 8491 5366 7778 1183 6004 8135 1419 5551 1665 8491 1183 1302 7207 6004 5551 1101 7339 1665 1302 5945 4040 7207 1101 7980 662 7339 5945 1647 5583 4040 7980 4530 4319 662 1647 151 4344 5583 4530 2967 98 4319 151 3963 1728 4344 2967 2736 2216 98 3963 5443 2200 1728 2736 6941 7481 2216 5443 4172 4266 2200 6941 7213 5331 7481 4172 481 4689 4266 7213 6197 6113 5331 481 4008 5480 4689 6197 622 8419 6113 4008 582 3111 5480 622 2139 1432 8419 582 8572 4933 3111 2139 6850 2629 1432 8572 3581 6022 4933 6850 7146 1391 2629 3581 4632 1126 6022 7146 9170 1019 1391 4632 1984 4939 1126 9170 4392 5439 1019 1984 7817 7130 4939 4392 7089 5722 5439 7817 6049 4316 7130 7089 5452 6182 5722 6049 4528 1103 4316 6980 4329 9136 5837 7535 2244 7614 4642 4329 5366 5251 9136 2244 8135 5068 7614 5366 8491 214 5251 8135 6004 5024 5068 8491 1665 3680 214 6004 7207 13 5024 1665 7339 2844 3680 7207 4040 5984 13 7339 662 2024 2844 4040 5583 1973 5984 662 4319 7722 2024 5583 4344 702 1973 4319 98 8317 7722 4344 1728 2173 702 98 2216 3995 8317 1728 2200 5657 2173 2216 7481 5898 3995 2200 4266 5252 5657 7481 5331 2130 5898 4266 4689 152 5252 5331 6113 7711 2130 4689 5480 7279 152 6113 8419 4879 7711 5480 3111 240 7279 8419 1432 1975 4879 3111 4933 5121 240 1432 2629 7652 1975 4933 6022 6890 5121 2629 1391 1412 7652 6022 1126 765 6890 1391 1019 6177 1412 1126 4939 5388 765 1019 5439 8023 6177 4939 7130 2695 5388 5439 5722 4962 8023 7130 4316 5229 2695 5722 6182 4713 4962 4316 1103 3902 5229 5837 9136 6256 4455 4642 7614 1156 9040 9136 5251 1295 6256 7614 5068 4982 1156 5251 214 1965 1295 5068 5024 1296 4982 214 3680 1694 1965 5024 13 5077 1296 3680 2844 8960 1694 13 5984 341 5077 2844 2024 5040 8960 5984 1973 7346 341 2024 7722 6665 5040 1973 702 8758 7346 7722 8317 3936 6665 702 2173 4656 8758 8317 3995 1708 3936 2173 5657 2561 4656 3995 5898 983 1708 5657 5252 1493 2561 5898 2130 2297 983 5252 152 3172 1493 2130 7711 1161 2297 152 7279 2762 3172 7711 4879 3361 1161 7279 240 3345 2762 4879 1975 8786 3361 240 5121 2743 3345 1975 7652 6968 8786 5121 6890 5599 2743 7652 1412 8886 6968 6890 765 7045 5599 1412 6177 1768 8886 765 5388 127 7045 6177 8023 9198 1768 5388 2695 4132 127 8023 4962 8016 9198 2695 5229 6230 4132 4962 4713 4854 8016 5229 3902 7289 6230 4455 6256 8569 2161 9040 1156 8242 4207 6256 1295 7637 8569 1156 4982 7378 8242 1295 1965 4970 7637 4982 1296 3964 7378 1965 1694 728 4970 1296 5077 1880 3964 1694 8960 3944 728 5077 341 4153 1880 8960 5040 4450 3944 341 7346 1596 4153 5040 6665 2089 4450 7346 8758 6574 1596 6665 3936 2190 2089 8758 4656 2951 6574 3936 1708 5963 2190 4656 2561 468 2951 1708 983 7515 5963 2561 1493 8995 468 983 2297 4835 7515 1493 3172 8168 8995 2297 1161 409 4835 3172 2762 3919 8168 1161 3361 3081 409 2762 3345 1654 3919 3361 8786 9110 3081 3345 2743 4277 1654 8786 6968 1210 9110 2743 5599 469 4277 6968 8886 4210 1210 5599 7045 6285 469 8886 1768 2968 4210 7045 127 6692 6285 1768 9198 8763 2968 127 4132 7259 6692 9198 8016 7444 8763 4132 6230 6964 7259 8016 4854 2159 7444 6230 7289 2673 6964 2161 8569 6617 6064 4207 8242 4736 8639 8569 7637 4719 6617 8242 7378 5073 4736 7637 4970 875 4719 7378 3964 5470 5073 4970 728 494 875 3964 1880 2517 5470 728 3944 805 494 1880 4153 6308 2517 3944 4450 3727 805 4153 1596 6539 6308 4450 2089 8655 3727 1596 6574 1 6539 2089 2190 5188 8655 6574 2951 4262 1 2190 5963 5146 5188 2951 468 9217 4262 5963 7515 61 5146 468 8995 8484 9217 7515 4835 4821 61 8995 8168 2122 8484 4835 409 8558 4821 8168 3919 8422 2122 409 3081 1672 8558 3919 1654 456 8422 3081 9110 2902 1672 1654 4277 7327 456 9110 1210 608 2902 4277 469 792 7327 1210 4210 7407 608 469 6285 7003 792 4210 2968 1215 7407 6285 6692 2855 7003 2968 8763 2145 1215 6692 7259 8075 2855 8763 7444 1334 2145 7259 6964 95 8075 7444 2159 8152 1334 6964 2673 8782 95 6064 6617 183 7467 8639 4736 8800 3333 6617 4719 5592 183 4736 5073 3721 8800 4719 875 3157 5592 5073 5470 5867 3721 875 494 4607 3157 5470 2517 9216 5867 494 805 7124 4607 2517 6308 6341 9216 805 3727 6737 7124 6308 6539 4145 6341 3727 8655 8721 6737 6539 1 5451 4145 8655 5188 8561 8721 1 4262 8885 5451 5188 5146 2996 8561 4262 9217 3859 8885 5146 61 5072 2996 9217 8484 766 3859 61 4821 1627 5072 8484 2122 397 766 4821 8558 4833 1627 2122 8422 1882 397 8558 1672 6382 4833 8422 456 6687 1882 1672 2902 6195 6382 456 7327 2310 6687 2902 608 5473 6195 7327 792 4000 2310 608 7407 7360 5473 792 7003 534 4000 7407 1215 5346 7360 7003 2855 6853 534 1215 2145 6328 5346 2855 8075 3694 6853 2145 1334 8979 6328 8075 95 1067 3694 1334 8152 8479 8979 95 8782 5678 1067 7467 183 3813 7906 3333 8800 2597 4218 183 5592 8411 3813 8800 3721 868 2597 5592 3157 8446 8411 3721 5867 3530 868 3157 4607 8985 8446 5867 9216 293 3530 4607 7124 4685 8985 9216 6341 2617 293 7124 6737 5353 4685 6341 4145 751 2617 6737 8721 616 5353 4145 5451 2118 751 8721 8561 4325 616 5451 8885 5355 2118 8561 2996 2076 4325 8885 3859 1611 5355 2996 5072 980 2076 3859 766 2953 1611 5072 1627 5441 980 766 397 825 2953 1627 4833 4857 5441 397 1882 3614 825 4833 6382 1875 4857 1882 6687 4600 3614 6382 6195 1643 1875 6687 2310 4579 4600 6195 5473 7181 1643 2310 4000 8511 4579 5473 7360 2793 7181 4000 534 5985 8511 7360 5346 9173 2793 534 6853 4069 5985 5346 6328 8391 9173 6853 3694 6009 4069 6328 8979 3406 8391 3694 1067 7816 6009 8979 8479 3174 3406 1067 5678 8737 7816 7906 3813 3723 4321 4218 2597 2745 5424 3813 8411 3221 3723 2597 868 4109 2745 8411 8446 4995 3221 868 3530 6245 4109 8446 8985 5779 4995 3530 293 632 6245 8985 4685 3177 5779 293 2617 3968 632 4685 5353 5730 3177 2617 751 5763 3968 5353 616 5876 5730 751 2118 8714 5763 616 4325 9064 5876 2118 5355 5310 8714 4325 2076 1357 9064 5355 1611 1243 5310 2076 980 7377 1357 1611 2953 6135 1243 980 5441 3630 7377 2953 825 2534 6135 5441 4857 476 3630 825 3614 1165 2534 4857 1875 1981 476 3614 4600 2735 1165 1875 1643 1119 1981 4600 4579 3404 2735 1643 7181 2980 1119 4579 8511 5358 3404 7181 2793 5308 2980 8511 5985 224 5358 2793 9173 7699 5308 5985 4069 8282 224 9173 8391 4793 7699 4069 6009 8120 8282 8391 3406 4300 4793 6009 7816 5637 8120 3406 3174 4511 4300 7816 8737 3764 5637 4321 3723 5371 5237 5424 2745 6027 8710 3723 3221 6439 5371 2745 4109 871 6027 3221 4995 5227 6439 4109 6245 1737 871 4995 5779 3543 5227 6245 632 3407 1737 5779 3177 2111 3543 632 3968 4249 3407 3177 5730 5179 2111 3968 5763 8170 4249 5730 5876 2417 5179 5763 8714 5339 8170 5876 9064 1526 2417 8714 5310 7992 5339 9064 1357 5309 1526 5310 1243 4142 7992 1357 7377 5462 5309 1243 6135 358 4142 7377 3630 2742 5462 6135 2534 3714 358 3630 476 617 2742 2534 1165 2978 3714 476 1981 1193 617 1165 2735 2100 2978 1981 1119 8624 1193 2735 3404 1448 2100 1119 2980 7813 8624 3404 5358 4895 1448 2980 5308 5683 7813 5358 224 8357 4895 5308 7699 251 5683 224 8282 4027 8357 7699 4793 4756 251 8282 8120 5257 4027 4793 4300 4654 4756 8120 5637 1966 5257 4300 4511 8849 4654 5637 3764 8950 1966 628 7295 2043 3218 6248 2365 2494 9201 7295 5989 7445 2043 2365 6056 4934 2494 5989 2877 4195 7445 6056 7875 2350 4934 2877 1056 4547 4195 7875 2261 8320 2350 1056 4091 5975 4547 2261 4474 5699 8320 4091 9085 7404 5975 4474 1084 5539 5699 9085 4084 172 7404 1084 3691 3925 5539 4084 2507 4501 172 3691 2825 1226 3925 2507 2987 2002 4501 2825 1340 1311 1226 2987 5574 6632 2002 1340 6120 1211 1311 5574 70 6888 6632 6120 5938 2909 1211 70 5661 4019 6888 5938 573 3986 2909 5661 5387 7049 4019 573 4502 218 3986 5387 4440 4427 7049 4502 5899 1288 218 4440 2457 8874 4427 5899 6187 6624 1288 2457 8400 35 8874 6187 2180 3928 6624 8400 5861 3653 35 2180 401 3379 3928 5861 1604 4086 3653 401 6462 1578 3379 1604 1826 3141 4086 6462 1138 5524 1578 1826 3368 2789 3141 1138 153 6962 5524 3218 2043 7527 2543 9201 2494 3075 1286 2043 7445 3559 7527 2494 4934 1403 3075 7445 4195 4541 3559 4934 2350 97 1403 4195 4547 6977 4541 2350 8320 4941 97 4547 5975 1074 6977 8320 5699 9015 4941 5975 7404 1625 1074 5699 5539 8566 9015 7404 172 8492 1625 5539 3925 5621 8566 172 4501 8190 8492 3925 1226 3529 5621 4501 2002 7530 8190 1226 1311 6843 3529 2002 6632 1155 7530 1311 1211 6734 6843 6632 6888 2475 1155 1211 2909 7588 6734 6888 4019 848 2475 2909 3986 8095 7588 4019 7049 1242 848 3986 218 460 8095 7049 4427 7611 1242 218 1288 3548 460 4427 8874 9013 7611 1288 6624 2275 3548 8874 35 6858 9013 6624 3928 7770 2275 35 3653 8181 6858 3928 3379 5194 7770 3653 4086 8386 8181 3379 1578 4861 5194 4086 3141 5582 8386 1578 5524 8097 4861 3141 2789 6848 5582 5524 6962 5107 8097 2543 7527 3269 1336 1286 3075 9036 8530 7527 3559 44 3269 3075 1403 4146 9036 3559 4541 7912 44 1403 97 62 4146 4541 6977 1943 7912 97 4941 8685 62 6977 1074 3945 1943 4941 9015 2648 8685 1074 1625 273 3945 9015 8566 8336 2648 1625 8492 2441 273 8566 5621 9004 8336 8492 8190 370 2441 5621 3529 2201 9004 8190 7530 8193 370 3529 6843 7347 2201 7530 1155 7172 8193 6843 6734 5844 7347 1155 2475 2439 7172 6734 7588 8998 5844 2475 848 6512 2439 7588 8095 1539 8998 848 1242 3962 6512 8095 460 2691 1539 1242 7611 653 3962 460 3548 4350 2691 7611 9013 1064 653 3548 2275 7740 4350 9013 6858 8528 1064 2275 7770 1102 7740 6858 8181 6554 8528 7770 5194 2721 1102 8181 8386 7682 6554 5194 4861 3704 2721 8386 5582 6325 7682 4861 8097 7997 3704 5582 6848 7028 6325 8097 5107 1316 7997 1336 3269 5941 8186 8530 9036 3409 6029 3269 44 5777 5941 9036 4146 8236 3409 44 7912 6366 5777 4146 62 8313 8236 7912 1943 3258 6366 62 8685 6670 8313 1943 3945 8573 3258 8685 2648 1239 6670 3945 273 6600 8573 2648 8336 6017 1239 273 2441 7255 6600 8336 9004 7971 6017 2441 370 7695 7255 9004 2201 8756 7971 370 8193 2442 7695 2201 7347 1182 8756 8193 7172 8433 2442 7347 5844 2109 1182 7172 2439 5559 8433 5844 8998 3674 2109 2439 6512 2156 5559 8998 1539 4119 3674 6512 3962 5862 2156 1539 2691 340 4119 3962 653 887 5862 2691 4350 4003 340 653 1064 5994 887 4350 7740 6496 4003 1064 8528 5272 5994 7740 1102 1253 6496 8528 6554 5822 5272 1102 2721 4177 1253 6554 7682 6959 5822 2721 3704 2082 4177 7682 6325 2710 6959 3704 7997 5372 2082 6325 7028 6008 2710 7997 1316 8466 5372 8186 5941 7933 3235 6029 3409 7944 779 5941 5777 2098 7933 3409 8236 1513 7944 5777 6366 7215 2098 8236 8313 6018 1513 6366 3258 7125 7215 8313 6670 5934 6018 3258 8573 6862 7125 6670 1239 5673 5934 8573 6600 7060 6862 1239 6017 2833 5673 6600 7255 578 7060 6017 7971 2751 2833 7255 7695 5866 578 7971 8756 190 2751 7695 2442 1744 5866 8756 1182 9000 190 2442 8433 752 1744 1182 2109 6273 9000 8433 5559 9014 752 2109 3674 1220 6273 5559 2156 8122 9014 3674 4119 5404 1220 2156 5862 5159 8122 4119 340 3903 5404 5862 887 43 5159 340 4003 1197 3903 887 5994 1225 43 4003 6496 4633 1197 5994 5272 6616 1225 6496 1253 683 4633 5272 5822 4726 6616 1253 4177 4423 683 5822 6959 2452 4726 4177 2082 5940 4423 6959 2710 7214 2452 2082 5372 5570 5940 2710 6008 3961 7214 5372 8466 1840 5570 3235 7933 2513 2495 779 7944 7022 6757 7933 2098 7970 2513 7944 1513 6763 7022 2098 7215 4746 7970 1513 6018 858 6763 7215 7125 923 4746 6018 5934 6910 858 7125 6862 9082 923 5934 5673 8651 6910 6862 7060 6023 9082 5673 2833 2904 8651 7060 578 490 6023 2833 2751 4047 2904 578 5866 453 490 2751 190 7539 4047 5866 1744 6507 453 190 9000 7600 7539 1744 752 3912 6507 9000 6273 7335 7600 752 9014 1041 3912 6273 1220 1435 7335 9014 8122 7256 1041 1220 5404 6897 1435 8122 5159 1532 7256 5404 3903 4288 6897 5159 43 5149 1532 3903 1197 166 4288 43 1225 7962 5149 1197 4633 8379 166 1225 6616 4944 7962 4633 683 1760 8379 6616 4726 3610 4944 683 4423 8200 1760 4726 2452 1817 3610 4423 5940 8973 8200 2452 7214 5253 1817 5940 5570 7245 8973 7214 3961 5792 5253 5570 1840 5323 7245 2495 2513 1373 8836 6757 7022 4506 5858 2513 7970 7922 1373 7022 6763 2598 4506 7970 4746 6523 7922 6763 858 6250 2598 4746 923 3474 6523 858 6910 5953 6250 923 9082 557 3474 6910 8651 6997 5953 9082 6023 73 557 8651 2904 919 6997 6023 490 149 73 2904 4047 4161 919 490 453 6678 149 4047 7539 3555 4161 453 6507 4183 6678 7539 7600 4955 3555 6507 3912 2605 4183 7600 7335 3434 4955 3912 1041 8003 2605 7335 1435 7897 3434 1041 7256 0 8003 1435 6897 1169 7897 7256 1532 660 0 6897 4288 1528 1169 1532 5149 8338 660 4288 166 7246 1528 5149 7962 2734 8338 166 8379 6263 7246 7962 4944 2401 2734 8379 1760 6960 6263 4944 3610 2676 2401 1760 8200 3965 6960 3610 1817 2971 2676 8200 8973 6364 3965 1817 5253 8415 2971 8973 7245 1415 6364 5253 5792 7513 8415 7245 5323 5363 1415 8836 1373 2612 400 5858 4506 5990 1293 1373 7922 7873 2612 4506 2598 5718 5990 7922 6523 7712 7873 2598 6250 5649 5718 6523 3474 2466 7712 6250 5953 7454 5649 3474 557 6703 2466 5953 6997 4601 7454 557 73 6084 6703 6997 919 9041 4601 73 149 5190 6084 919 4161 4832 9041 149 6678 4170 5190 4161 3555 6865 4832 6678 4183 4527 4170 3555 4955 8632 6865 4183 2605 6564 4527 4955 3434 2746 8632 2605 8003 1895 6564 3434 7897 1370 2746 8003 0 8584 1895 7897 1169 876 1370 0 660 2657 8584 1169 1528 851 876 660 8338 1485 2657 1528 7246 4822 851 8338 2734 3301 1485 7246 6263 7056 4822 2734 2401 657 3301 6263 6960 9181 7056 2401 2676 7763 657 6960 3965 973 9181 2676 2971 2434 7763 3965 6364 4456 973 2971 8415 1680 2434 6364 1415 8397 4456 8415 7513 4508 1680 1415 5363 4268 8397 400 2612 6639 9255 1293 5990 592 8525 2612 7873 991 6639 5990 5718 2975 592 7873 7712 4880 991 5718 5649 6331 2975 7712 2466 6581 4880 5649 7454 2014 6331 2466 6703 1309 6581 7454 4601 1542 2014 6703 6084 7363 1309 4601 9041 6681 1542 6084 5190 1224 7363 9041 4832 992 6681 5190 4170 4932 1224 4832 6865 2873 992 4170 4527 3226 4932 6865 8632 2890 2873 4527 6564 3778 3226 8632 2746 5671 2890 6564 1895 7948 3778 2746 1370 7222 5671 1895 8584 2422 7948 1370 876 5029 7222 8584 2657 7248 2422 876 851 3419 5029 2657 1485 3617 7248 851 4822 6423 3419 1485 3301 8307 3617 4822 7056 4561 6423 3301 657 5464 8307 7056 9181 4162 4561 657 7763 8739 5464 9181 973 6471 4162 7763 2434 5050 8739 973 4456 8380 6471 2434 1680 7843 5050 4456 8397 6630 8380 1680 4508 9133 7843 8397 4268 4463 6630 9255 6639 8191 7158 8525 592 5455 1834 6639 991 4384 8191 592 2975 5005 5455 991 4880 6635 4384 2975 6331 8439 5005 4880 6581 2057 6635 6331 2014 8423 8439 6581 1309 157 2057 2014 1542 1872 8423 1309 7363 1219 157 1542 6681 6537 1872 7363 1224 572 1219 6681 992 3609 6537 1224 4932 7026 572 992 2873 7628 3609 4932 3226 4618 7026 2873 2890 3786 7628 3226 3778 4954 4618 2890 5671 6666 3786 3778 7948 2147 4954 5671 7222 5764 6666 7948 2422 5431 2147 7222 5029 2786 5764 2422 7248 7134 5431 5029 3419 1854 2786 7248 3617 3066 7134 3419 6423 6218 1854 3617 8307 7359 3066 6423 4561 5798 6218 8307 5464 9176 7359 4561 4162 8641 5798 5464 8739 8145 9176 4162 6471 8272 8641 8739 5050 3375 8145 6471 8380 1385 8272 5050 7843 1818 3375 8380 6630 3393 1385 7843 9133 8454 1818 6630 4463 5727 3393 7158 8191 2540 4554 1834 5455 1024 4206 8191 4384 7778 2540 5455 5005 8505 1024 4384 6635 1183 7778 5005 8439 7159 8505 6635 2057 1302 1183 8439 8423 7106 7159 2057 157 5945 1302 8423 1872 7547 7106 157 1219 1647 5945 1872 6537 5923 7547 1219 572 151 1647 6537 3609 191 5923 572 7026 3963 151 3609 7628 3436 191 7026 4618 5443 3963 7628 3786 9090 3436 4618 4954 4172 5443 3786 6666 5420 9090 4954 2147 481 4172 6666 5764 1862 5420 2147 5431 4008 481 5764 2786 8000 1862 5431 7134 582 4008 2786 1854 6041 8000 7134 3066 8572 582 1854 6218 5549 6041 3066 7359 3581 8572 6218 5798 8471 5549 7359 9176 4632 3581 5798 8641 2752 8471 9176 8145 1984 4632 8641 8272 8256 2752 8145 3375 7817 1984 8272 1385 886 8256 3375 1818 6049 7817 1385 3393 8230 886 1818 8454 4528 6049 3393 5727 201 8230 4554 2540 2244 7535 4206 1024 6098 3410 2540 7778 8135 2244 1024 8505 4464 6098 7778 1183 6004 8135 8505 7159 8876 4464 1183 1302 7207 6004 7159 7106 3635 8876 1302 5945 4040 7207 7106 7547 2522 3635 5945 1647 5583 4040 7547 5923 5781 2522 1647 151 4344 5583 5923 191 5101 5781 151 3963 1728 4344 191 3436 9027 5101 3963 5443 2200 1728 3436 9090 8522 9027 5443 4172 4266 2200 9090 5420 8888 8522 4172 481 4689 4266 5420 1862 2003 8888 481 4008 5480 4689 1862 8000 2923 2003 4008 582 3111 5480 8000 6041 8707 2923 582 8572 4933 3111 6041 5549 5502 8707 8572 3581 6022 4933 5549 8471 7434 5502 3581 4632 1126 6022 8471 2752 6192 7434 4632 1984 4939 1126 2752 8256 3753 6192 1984 7817 7130 4939 8256 886 2518 3753 7817 6049 4316 7130 886 8230 7232 2518 6049 4528 1103 4316 8230 201 3046 7232 7535 2244 7614 4642 3410 6098 7389 4129 2244 8135 5068 7614 6098 4464 3662 7389 8135 6004 5024 5068 4464 8876 6607 3662 6004 7207 13 5024 8876 3635 4727 6607 7207 4040 5984 13 3635 2522 3536 4727 4040 5583 1973 5984 2522 5781 4780 3536 5583 4344 702 1973 5781 5101 1715 4780 4344 1728 2173 702 5101 9027 320 1715 1728 2200 5657 2173 9027 8522 289 320 2200 4266 5252 5657 8522 8888 3014 289 4266 4689 152 5252 8888 2003 3932 3014 4689 5480 7279 152 2003 2923 3412 3932 5480 3111 240 7279 2923 8707 2913 3412 3111 4933 5121 240 8707 5502 1535 2913 4933 6022 6890 5121 5502 7434 5505 1535 6022 1126 765 6890 7434 6192 2115 5505 1126 4939 5388 765 6192 3753 447 2115 4939 7130 2695 5388 3753 2518 7994 447 7130 4316 5229 2695 2518 7232 3414 7994 4316 1103 3902 5229 7232 3046 8686 3414 4642 7614 1156 9040 4129 7389 5406 9103 7614 5068 4982 1156 7389 3662 3960 5406 5068 5024 1296 4982 3662 6607 1216 3960 5024 13 5077 1296 6607 4727 6822 1216 13 5984 341 5077 4727 3536 3611 6822 5984 1973 7346 341 3536 4780 3125 3611 1973 702 8758 7346 4780 1715 6841 3125 702 2173 4656 8758 1715 320 8038 6841 2173 5657 2561 4656 320 289 3521 8038 5657 5252 1493 2561 289 3014 5959 3521 5252 152 3172 1493 3014 3932 7790 5959 152 7279 2762 3172 3932 3412 7361 7790 7279 240 3345 2762 3412 2913 3195 7361 240 5121 2743 3345 2913 1535 5205 3195 5121 6890 5599 2743 1535 5505 253 5205 6890 765 7045 5599 5505 2115 7497 253 765 5388 127 7045 2115 447 8174 7497 5388 2695 4132 127 447 7994 5569 8174 2695 5229 6230 4132 7994 3414 3051 5569 5229 3902 7289 6230 3414 8686 8040 3051 9040 1156 8242 4207 9103 5406 7718 575 1156 4982 7378 8242 5406 3960 8392 7718 4982 1296 3964 7378 3960 1216 4794 8392 1296 5077 1880 3964 1216 6822 5674 4794 5077 341 4153 1880 6822 3611 2378 5674 341 7346 1596 4153 3611 3125 8657 2378 7346 8758 6574 1596 3125 6841 4295 8657 8758 4656 2951 6574 6841 8038 8026 4295 4656 2561 468 2951 8038 3521 8552 8026 2561 1493 8995 468 3521 5959 5442 8552 1493 3172 8168 8995 5959 7790 4031 5442 3172 2762 3919 8168 7790 7361 3761 4031 2762 3345 1654 3919 7361 3195 4967 3761 3345 2743 4277 1654 3195 5205 6028 4967 2743 5599 469 4277 5205 253 2181 6028 5599 7045 6285 469 253 7497 3166 2181 7045 127 6692 6285 7497 8174 2680 3166 127 4132 7259 6692 8174 5569 8267 2680 4132 6230 6964 7259 5569 3051 309 8267 6230 7289 2673 6964 3051 8040 7951 309 4207 8242 4736 8639 575 7718 353 2285 8242 7378 5073 4736 7718 8392 8277 353 7378 3964 5470 5073 8392 4794 2991 8277 3964 1880 2517 5470 4794 5674 905 2991 1880 4153 6308 2517 5674 2378 9060 905 4153 1596 6539 6308 2378 8657 9026 9060 1596 6574 1 6539 8657 4295 4413 9026 6574 2951 4262 1 4295 8026 4070 4413 2951 468 9217 4262 8026 8552 831 4070 468 8995 8484 9217 8552 5442 3731 831 8995 8168 2122 8484 5442 4031 3139 3731 8168 3919 8422 2122 4031 3761 8489 3139 3919 1654 456 8422 3761 4967 2997 8489 1654 4277 7327 456 4967 6028 7472 2997 4277 469 792 7327 6028 2181 3923 7472 469 6285 7003 792 2181 3166 7099 3923 6285 6692 2855 7003 3166 2680 1944 7099 6692 7259 8075 2855 2680 8267 7376 1944 7259 6964 95 8075 8267 309 7161 7376 6964 2673 8782 95 309 7951 7904 7161 8639 4736 8800 3333 2285 353 1490 5161 4736 5073 3721 8800 353 8277 4697 1490 5073 5470 5867 3721 8277 2991 4936 4697 5470 2517 9216 5867 2991 905 4710 4936 2517 6308 6341 9216 905 9060 3253 4710 6308 6539 4145 6341 9060 9026 2167 3253 6539 1 5451 4145 9026 4413 6747 2167 1 4262 8885 5451 4413 4070 2553 6747 4262 9217 3859 8885 4070 831 521 2553 9217 8484 766 3859 831 3731 4469 521 8484 2122 397 766 3731 3139 6468 4469 2122 8422 1882 397 3139 8489 2568 6468 8422 456 6687 1882 8489 2997 1888 2568 456 7327 2310 6687 2997 7472 3648 1888 7327 792 4000 2310 7472 3923 6401 3648 792 7003 534 4000 3923 7099 7668 6401 7003 2855 6853 534 7099 1944 3392 7668 2855 8075 3694 6853 1944 7376 540 3392 8075 95 1067 3694 7376 7161 8687 540 95 8782 5678 1067 7161 7904 5429 8687 3333 8800 2597 4218 5161 1490 2222 5887 8800 3721 868 2597 1490 4697 3707 2222 3721 5867 3530 868 4697 4936 150 3707 5867 9216 293 3530 4936 4710 5964 150 9216 6341 2617 293 4710 3253 125 5964 6341 4145 751 2617 3253 2167 8109 125 4145 5451 2118 751 2167 6747 8650 8109 5451 8885 5355 2118 6747 2553 8251 8650 8885 3859 1611 5355 2553 521 4983 8251 3859 766 2953 1611 521 4469 7461 4983 766 397 825 2953 4469 6468 9117 7461 397 1882 3614 825 6468 2568 8394 9117 1882 6687 4600 3614 2568 1888 8615 8394 6687 2310 4579 4600 1888 3648 2889 8615 2310 4000 8511 4579 3648 6401 7416 2889 4000 534 5985 8511 6401 7668 6857 7416 534 6853 4069 5985 7668 3392 4370 6857 6853 3694 6009 4069 3392 540 539 4370 3694 1067 7816 6009 540 8687 922 539 1067 5678 8737 7816 8687 5429 1015 922 4218 2597 2745 5424 5887 2222 623 2152 2597 868 4109 2745 2222 3707 3206 623 868 3530 6245 4109 3707 150 47 3206 3530 293 632 6245 150 5964 7596 47 293 2617 3968 632 5964 125 4906 7596 2617 751 5763 3968 125 8109 6842 4906 751 2118 8714 5763 8109 8650 2480 6842 2118 5355 5310 8714 8650 8251 9251 2480 5355 1611 1243 5310 8251 4983 7725 9251 1611 2953 6135 1243 4983 7461 3596 7725 2953 825 2534 6135 7461 9117 3377 3596 825 3614 1165 2534 9117 8394 8943 3377 3614 4600 2735 1165 8394 8615 2633 8943 4600 4579 3404 2735 8615 2889 8064 2633 4579 8511 5358 3404 2889 7416 7318 8064 8511 5985 224 5358 7416 6857 345 7318 5985 4069 8282 224 6857 4370 8858 345 4069 6009 8120 8282 4370 539 1177 8858 6009 7816 5637 8120 539 922 7963 1177 7816 8737 3764 5637 922 1015 7190 7963 5424 2745 6027 8710 2152 623 8872 165 2745 4109 871 6027 623 3206 7057 8872 4109 6245 1737 871 3206 47 8354 7057 6245 632 3407 1737 47 7596 5520 8354 632 3968 4249 3407 7596 4906 8164 5520 3968 5763 8170 4249 4906 6842 1685 8164 5763 8714 5339 8170 6842 2480 4269 1685 8714 5310 7992 5339 2480 9251 7657 4269 5310 1243 4142 7992 9251 7725 8580 7657 1243 6135 358 4142 7725 3596 9240 8580 6135 2534 3714 358 3596 3377 3002 9240 2534 1165 2978 3714 3377 8943 85 3002 1165 2735 2100 2978 8943 2633 8845 85 2735 3404 1448 2100 2633 8064 8692 8845 3404 5358 4895 1448 8064 7318 3597 8692 5358 224 8357 4895 7318 345 1388 3597 224 8282 4027 8357 345 8858 4764 1388 8282 8120 5257 4027 8858 1177 4978 4764 8120 5637 1966 5257 1177 7963 3969 4978 5637 3764 8950 1966 7963 7190 5831 3969 6248 2365 2494 9201 2912 181 8098 7408 2365 6056 4934 2494 181 2078 5771 8098 6056 7875 2350 4934 2078 4375 2908 5771 7875 2261 8320 2350 4375 4187 3023 2908 2261 4474 5699 8320 4187 4211 1590 3023 4474 1084 5539 5699 4211 964 1180 1590 1084 3691 3925 5539 964 984 8222 1180 3691 2825 1226 3925 984 7147 7824 8222 2825 1340 1311 1226 7147 2410 2202 7824 1340 6120 1211 1311 2410 4701 8247 2202 6120 5938 2909 1211 4701 8944 5425 8247 5938 573 3986 2909 8944 5399 7647 5425 573 4502 218 3986 5399 1461 5180 7647 4502 5899 1288 218 1461 9178 4778 5180 5899 6187 6624 1288 9178 6096 334 4778 6187 2180 3928 6624 6096 8383 2366 334 2180 401 3379 3928 8383 8011 819 2366 401 6462 1578 3379 8011 6961 5615 819 6462 1138 5524 1578 6961 1847 2482 5615 1138 153 6962 5524 1847 5917 3216 2482 9201 2494 3075 1286 7408 8098 1583 4154 2494 4934 1403 3075 8098 5771 5580 1583 4934 2350 97 1403 5771 2908 1221 5580 2350 8320 4941 97 2908 3023 2834 1221 8320 5699 9015 4941 3023 1590 6020 2834 5699 5539 8566 9015 1590 1180 8370 6020 5539 3925 5621 8566 1180 8222 2922 8370 3925 1226 3529 5621 8222 7824 6238 2922 1226 1311 6843 3529 7824 2202 1729 6238 1311 1211 6734 6843 2202 8247 3538 1729 1211 2909 7588 6734 8247 5425 6057 3538 2909 3986 8095 7588 5425 7647 3549 6057 3986 218 460 8095 7647 5180 6540 3549 218 1288 3548 460 5180 4778 7037 6540 1288 6624 2275 3548 4778 334 1124 7037 6624 3928 7770 2275 334 2366 5871 1124 3928 3379 5194 7770 2366 819 2408 5871 3379 1578 4861 5194 819 5615 1642 2408 1578 5524 8097 4861 5615 2482 5032 1642 5524 6962 5107 8097 2482 3216 1441 5032 1286 3075 9036 8530 4154 1583 790 4355 3075 1403 4146 9036 1583 5580 7633 790 1403 97 62 4146 5580 1221 4914 7633 97 4941 8685 62 1221 2834 6290 4914 4941 9015 2648 8685 2834 6020 1959 6290 9015 8566 8336 2648 6020 8370 1483 1959 8566 5621 9004 8336 8370 2922 5150 1483 5621 3529 2201 9004 2922 6238 1153 5150 3529 6843 7347 2201 6238 1729 6509 1153 6843 6734 5844 7347 1729 3538 8968 6509 6734 7588 8998 5844 3538 6057 2886 8968 7588 8095 1539 8998 6057 3549 3572 2886 8095 460 2691 1539 3549 6540 1462 3572 460 3548 4350 2691 6540 7037 1386 1462 3548 2275 7740 4350 7037 1124 4599 1386 2275 7770 1102 7740 1124 5871 6643 4599 7770 5194 2721 1102 5871 2408 4188 6643 5194 4861 3704 2721 2408 1642 8359 4188 4861 8097 7997 3704 1642 5032 362 8359 8097 5107 1316 7997 5032 1441 1716 362 8530 9036 3409 6029 4355 790 9137 7534 9036 4146 8236 3409 790 7633 7458 9137 4146 62 8313 8236 7633 4914 6925 7458 62 8685 6670 8313 4914 6290 2027 6925 8685 2648 1239 6670 6290 1959 2874 2027 2648 8336 6017 1239 1959 1483 31 2874 8336 9004 7971 6017 1483 5150 3449 31 9004 2201 8756 7971 5150 1153 7492 3449 2201 7347 1182 8756 1153 6509 1769 7492 7347 5844 2109 1182 6509 8968 5789 1769 5844 8998 3674 2109 8968 2886 5065 5789 8998 1539 4119 3674 2886 3572 6652 5065 1539 2691 340 4119 3572 1462 25 6652 2691 4350 4003 340 1462 1386 7033 25 4350 7740 6496 4003 1386 4599 3001 7033 7740 1102 1253 6496 4599 6643 8516 3001 1102 2721 4177 1253 6643 4188 6388 8516 2721 3704 2082 4177 4188 8359 3362 6388 3704 7997 5372 2082 8359 362 6525 3362 7997 1316 8466 5372 362 1716 376 6525 6029 3409 7944 779 7534 9137 4663 2230 3409 8236 1513 7944 9137 7458 6863 4663 8236 8313 6018 1513 7458 6925 5122 6863 8313 6670 5934 6018 6925 2027 5170 5122 6670 1239 5673 5934 2027 2874 9024 5170 1239 6017 2833 5673 2874 31 8096 9024 6017 7971 2751 2833 31 3449 998 8096 7971 8756 190 2751 3449 7492 7285 998 8756 1182 9000 190 7492 1769 3709 7285 1182 2109 6273 9000 1769 5789 1371 3709 2109 3674 1220 6273 5789 5065 6887 1371 3674 4119 5404 1220 5065 6652 3693 6887 4119 340 3903 5404 6652 25 8764 3693 340 4003 1197 3903 25 7033 6889 8764 4003 6496 4633 1197 7033 3001 4345 6889 6496 1253 683 4633 3001 8516 462 4345 1253 4177 4423 683 8516 6388 5320 462 4177 2082 5940 4423 6388 3362 6628 5320 2082 5372 5570 5940 3362 6525 9105 6628 5372 8466 1840 5570 6525 376 4048 9105 779 7944 7022 6757 2230 4663 1846 8589 7944 1513 6763 7022 4663 6863 3511 1846 1513 6018 858 6763 6863 5122 7387 3511 6018 5934 6910 858 5122 5170 6449 7387 5934 5673 8651 6910 5170 9024 7061 6449 5673 2833 2904 8651 9024 8096 6534 7061 2833 2751 4047 2904 8096 998 2998 6534 2751 190 7539 4047 998 7285 6827 2998 190 9000 7600 7539 7285 3709 7423 6827 9000 6273 7335 7600 3709 1371 4943 7423 6273 1220 1435 7335 1371 6887 7055 4943 1220 5404 6897 1435 6887 3693 7638 7055 5404 3903 4288 6897 3693 8764 5785 7638 3903 1197 166 4288 8764 6889 8993 5785 1197 4633 8379 166 6889 4345 5445 8993 4633 683 1760 8379 4345 462 7121 5445 683 4423 8200 1760 462 5320 6337 7121 4423 5940 8973 8200 5320 6628 8192 6337 5940 5570 7245 8973 6628 9105 5701 8192 5570 1840 5323 7245 9105 4048 738 5701 6757 7022 4506 5858 8589 1846 5338 1039 7022 6763 2598 4506 1846 3511 8810 5338 6763 858 6250 2598 3511 7387 1187 8810 858 6910 5953 6250 7387 6449 8182 1187 6910 8651 6997 5953 6449 7061 7654 8182 8651 2904 919 6997 7061 6534 3733 7654 2904 4047 4161 919 6534 2998 771 3733 4047 7539 3555 4161 2998 6827 5753 771 7539 7600 4955 3555 6827 7423 4877 5753 7600 7335 3434 4955 7423 4943 4593 4877 7335 1435 7897 3434 4943 7055 5928 4593 1435 6897 1169 7897 7055 7638 523 5928 6897 4288 1528 1169 7638 5785 4889 523 4288 166 7246 1528 5785 8993 5944 4889 166 8379 6263 7246 8993 5445 2625 5944 8379 1760 6960 6263 5445 7121 2919 2625 1760 8200 3965 6960 7121 6337 8991 2919 8200 8973 6364 3965 6337 8192 5446 8991 8973 7245 1415 6364 8192 5701 3666 5446 7245 5323 5363 1415 5701 738 8194 3666 5858 4506 5990 1293 1039 5338 4441 5884 4506 2598 5718 5990 5338 8810 2463 4441 2598 6250 5649 5718 8810 1187 8553 2463 6250 5953 7454 5649 1187 8182 750 8553 5953 6997 4601 7454 8182 7654 5311 750 6997 919 9041 4601 7654 3733 4620 5311 919 4161 4832 9041 3733 771 8790 4620 4161 3555 6865 4832 771 5753 8121 8790 3555 4955 8632 6865 5753 4877 3659 8121 4955 3434 2746 8632 4877 4593 9212 3659 3434 7897 1370 2746 4593 5928 108 9212 7897 1169 876 1370 5928 523 4310 108 1169 1528 851 876 523 4889 7002 4310 1528 7246 4822 851 4889 5944 1042 7002 7246 6263 7056 4822 5944 2625 5389 1042 6263 6960 9181 7056 2625 2919 9065 5389 6960 3965 973 9181 2919 8991 3185 9065 3965 6364 4456 973 8991 5446 5676 3185 6364 1415 8397 4456 5446 3666 6688 5676 1415 5363 4268 8397 3666 8194 410 6688 1293 5990 592 8525 5884 4441 1566 3296 5990 5718 2975 592 4441 2463 6596 1566 5718 5649 6331 2975 2463 8553 6602 6596 5649 7454 2014 6331 8553 750 5400 6602 7454 4601 1542 2014 750 5311 2535 5400 4601 9041 6681 1542 5311 4620 7911 2535 9041 4832 992 6681 4620 8790 2096 7911 4832 6865 2873 992 8790 8121 5171 2096 6865 8632 2890 2873 8121 3659 7413 5171 8632 2746 5671 2890 3659 9212 4666 7413 2746 1370 7222 5671 9212 108 9091 4666 1370 876 5029 7222 108 4310 1283 9091 876 851 3419 5029 4310 7002 8275 1283 851 4822 6423 3419 7002 1042 7372 8275 4822 7056 4561 6423 1042 5389 8163 7372 7056 9181 4162 4561 5389 9065 3736 8163 9181 973 6471 4162 9065 3185 4594 3736 973 4456 8380 6471 3185 5676 5178 4594 4456 8397 6630 8380 5676 6688 7004 5178 8397 4268 4463 6630 6688 410 4979 7004 8525 592 5455 1834 3296 1566 2061 3136 592 2975 5005 5455 1566 6596 3455 2061 2975 6331 8439 5005 6596 6602 2229 3455 6331 2014 8423 8439 6602 5400 5199 2229 2014 1542 1872 8423 5400 2535 5937 5199 1542 6681 6537 1872 2535 7911 4771 5937 6681 992 3609 6537 7911 2096 3389 4771 992 2873 7628 3609 2096 5171 5840 3389 2873 2890 3786 7628 5171 7413 8987 5840 2890 5671 6666 3786 7413 4666 6582 8987 5671 7222 5764 6666 4666 9091 794 6582 7222 5029 2786 5764 9091 1283 5474 794 5029 3419 1854 2786 1283 8275 133 5474 3419 6423 6218 1854 8275 7372 5390 133 6423 4561 5798 6218 7372 8163 1408 5390 4561 4162 8641 5798 8163 3736 7488 1408 4162 6471 8272 8641 3736 4594 5548 7488 6471 8380 1385 8272 4594 5178 8824 5548 8380 6630 3393 1385 5178 7004 5312 8824 6630 4463 5727 3393 7004 4979 8401 5312 1834 5455 1024 4206 3136 2061 7545 3643 5455 5005 8505 1024 2061 3455 8123 7545 5005 8439 7159 8505 3455 2229 5206 8123 8439 8423 7106 7159 2229 5199 7331 5206 8423 1872 7547 7106 5199 5937 8626 7331 1872 6537 5923 7547 5937 4771 2655 8626 6537 3609 191 5923 4771 3389 8434 2655 3609 7628 3436 191 3389 5840 8981 8434 7628 3786 9090 3436 5840 8987 6451 8981 3786 6666 5420 9090 8987 6582 8841 6451 6666 5764 1862 5420 6582 794 2569 8841 5764 2786 8000 1862 794 5474 5746 2569 2786 1854 6041 8000 5474 133 6721 5746 1854 6218 5549 6041 133 5390 3092 6721 6218 5798 8471 5549 5390 1408 7825 3092 5798 8641 2752 8471 1408 7488 8974 7825 8641 8272 8256 2752 7488 5548 1666 8974 8272 1385 886 8256 5548 8824 4870 1666 1385 3393 8230 886 8824 5312 3886 4870 3393 5727 201 8230 5312 8401 6421 3886 4206 1024 6098 3410 3643 7545 8463 5164 1024 8505 4464 6098 7545 8123 3991 8463 8505 7159 8876 4464 8123 5206 4233 3991 7159 7106 3635 8876 5206 7331 6340 4233 7106 7547 2522 3635 7331 8626 5728 6340 7547 5923 5781 2522 8626 2655 2346 5728 5923 191 5101 5781 2655 8434 2085 2346 191 3436 9027 5101 8434 8981 5646 2085 3436 9090 8522 9027 8981 6451 2532 5646 9090 5420 8888 8522 6451 8841 252 2532 5420 1862 2003 8888 8841 2569 3660 252 1862 8000 2923 2003 2569 5746 2499 3660 8000 6041 8707 2923 5746 6721 7220 2499 6041 5549 5502 8707 6721 3092 8458 7220 5549 8471 7434 5502 3092 7825 6902 8458 8471 2752 6192 7434 7825 8974 5595 6902 2752 8256 3753 6192 8974 1666 8732 5595 8256 886 2518 3753 1666 4870 5606 8732 886 8230 7232 2518 4870 3886 6736 5606 8230 201 3046 7232 3886 6421 4010 6736 3410 6098 7389 4129 5164 8463 3428 4049 6098 4464 3662 7389 8463 3991 2614 3428 4464 8876 6607 3662 3991 4233 5151 2614 8876 3635 4727 6607 4233 6340 5991 5151 3635 2522 3536 4727 6340 5728 515 5991 2522 5781 4780 3536 5728 2346 7348 515 5781 5101 1715 4780 2346 2085 3331 7348 5101 9027 320 1715 2085 5646 8292 3331 9027 8522 289 320 5646 2532 6058 8292 8522 8888 3014 289 2532 252 3649 6058 8888 2003 3932 3014 252 3660 2718 3649 2003 2923 3412 3932 3660 2499 4461 2718 2923 8707 2913 3412 2499 7220 4703 4461 8707 5502 1535 2913 7220 8458 1974 4703 5502 7434 5505 1535 8458 6902 8490 1974 7434 6192 2115 5505 6902 5595 5426 8490 6192 3753 447 2115 5595 8732 3957 5426 3753 2518 7994 447 8732 5606 160 3957 2518 7232 3414 7994 5606 6736 4451 160 7232 3046 8686 3414 6736 4010 9066 4451 4129 7389 5406 9103 4049 3428 6555 2587 7389 3662 3960 5406 3428 2614 39 6555 3662 6607 1216 3960 2614 5151 6373 39 6607 4727 6822 1216 5151 5991 4165 6373 4727 3536 3611 6822 5991 515 8923 4165 3536 4780 3125 3611 515 7348 524 8923 4780 1715 6841 3125 7348 3331 3026 524 1715 320 8038 6841 3331 8292 3748 3026 320 289 3521 8038 8292 6058 6956 3748 289 3014 5959 3521 6058 3649 768 6956 3014 3932 7790 5959 3649 2718 772 768 3932 3412 7361 7790 2718 4461 2924 772 3412 2913 3195 7361 4461 4703 912 2924 2913 1535 5205 3195 4703 1974 4678 912 1535 5505 253 5205 1974 8490 8631 4678 5505 2115 7497 253 8490 5426 8371 8631 2115 447 8174 7497 5426 3957 1916 8371 447 7994 5569 8174 3957 160 312 1916 7994 3414 3051 5569 160 4451 4354 312 3414 8686 8040 3051 4451 9066 6543 4354 9103 5406 7718 575 2587 6555 6151 4475 5406 3960 8392 7718 6555 39 5796 6151 3960 1216 4794 8392 39 6373 7187 5796 1216 6822 5674 4794 6373 4165 4362 7187 6822 3611 2378 5674 4165 8923 2963 4362 3611 3125 8657 2378 8923 524 7677 2963 3125 6841 4295 8657 524 3026 5919 7677 6841 8038 8026 4295 3026 3748 802 5919 8038 3521 8552 8026 3748 6956 6601 802 3521 5959 5442 8552 6956 768 3254 6601 5959 7790 4031 5442 768 772 842 3254 7790 7361 3761 4031 772 2924 2107 842 7361 3195 4967 3761 2924 912 7414 2107 3195 5205 6028 4967 912 4678 3696 7414 5205 253 2181 6028 4678 8631 6803 3696 253 7497 3166 2181 8631 8371 6812 6803 7497 8174 2680 3166 8371 1916 3275 6812 8174 5569 8267 2680 1916 312 7960 3275 5569 3051 309 8267 312 4354 7993 7960 3051 8040 7951 309 4354 6543 5289 7993 575 7718 353 2285 4475 6151 634 872 7718 8392 8277 353 6151 5796 8204 634 8392 4794 2991 8277 5796 7187 7257 8204 4794 5674 905 2991 7187 4362 6247 7257 5674 2378 9060 905 4362 2963 2319 6247 2378 8657 9026 9060 2963 7677 4535 2319 8657 4295 4413 9026 7677 5919 7794 4535 4295 8026 4070 4413 5919 802 7644 7794 8026 8552 831 4070 802 6601 4128 7644 8552 5442 3731 831 6601 3254 3203 4128 5442 4031 3139 3731 3254 842 7018 3203 4031 3761 8489 3139 842 2107 8560 7018 3761 4967 2997 8489 2107 7414 9209 8560 4967 6028 7472 2997 7414 3696 6043 9209 6028 2181 3923 7472 3696 6803 9021 6043 2181 3166 7099 3923 6803 6812 5561 9021 3166 2680 1944 7099 6812 3275 1582 5561 2680 8267 7376 1944 3275 7960 5376 1582 8267 309 7161 7376 7960 7993 4648 5376 309 7951 7904 7161 7993 5289 7470 4648 2285 353 1490 5161 872 634 3104 5612 353 8277 4697 1490 634 8204 6877 3104 8277 2991 4936 4697 8204 7257 1475 6877 2991 905 4710 4936 7257 6247 5685 1475 905 9060 3253 4710 6247 2319 2797 5685 9060 9026 2167 3253 2319 4535 4216 2797 9026 4413 6747 2167 4535 7794 3524 4216 4413 4070 2553 6747 7794 7644 1738 3524 4070 831 521 2553 7644 4128 2531 1738 831 3731 4469 521 4128 3203 9113 2531 3731 3139 6468 4469 3203 7018 5545 9113 3139 8489 2568 6468 7018 8560 3399 5545 8489 2997 1888 2568 8560 9209 8839 3399 2997 7472 3648 1888 9209 6043 5717 8839 7472 3923 6401 3648 6043 9021 8526 5717 3923 7099 7668 6401 9021 5561 8592 8526 7099 1944 3392 7668 5561 1582 6547 8592 1944 7376 540 3392 1582 5376 511 6547 7376 7161 8687 540 5376 4648 6173 511 7161 7904 5429 8687 4648 7470 1602 6173 5161 1490 2222 5887 5612 3104 2976 4317 1490 4697 3707 2222 3104 6877 3542 2976 4697 4936 150 3707 6877 1475 2379 3542 4936 4710 5964 150 1475 5685 8698 2379 4710 3253 125 5964 5685 2797 23 8698 3253 2167 8109 125 2797 4216 5010 23 2167 6747 8650 8109 4216 3524 8759 5010 6747 2553 8251 8650 3524 1738 3029 8759 2553 521 4983 8251 1738 2531 3129 3029 521 4469 7461 4983 2531 9113 5744 3129 4469 6468 9117 7461 9113 5545 8564 5744 6468 2568 8394 9117 5545 3399 4359 8564 2568 1888 8615 8394 3399 8839 9237 4359 1888 3648 2889 8615 8839 5717 2664 9237 3648 6401 7416 2889 5717 8526 5630 2664 6401 7668 6857 7416 8526 8592 4553 5630 7668 3392 4370 6857 8592 6547 1996 4553 3392 540 539 4370 6547 511 4110 1996 540 8687 922 539 511 6173 3231 4110 8687 5429 1015 922 6173 1602 6634 3231 5887 2222 623 2152 4317 2976 4175 1848 2222 3707 3206 623 2976 3542 3827 4175 3707 150 47 3206 3542 2379 3313 3827 150 5964 7596 47 2379 8698 2155 3313 5964 125 4906 7596 8698 23 5273 2155 125 8109 6842 4906 23 5010 3598 5273 8109 8650 2480 6842 5010 8759 859 3598 8650 8251 9251 2480 8759 3029 1076 859 8251 4983 7725 9251 3029 3129 9107 1076 4983 7461 3596 7725 3129 5744 4201 9107 7461 9117 3377 3596 5744 8564 4417 4201 9117 8394 8943 3377 8564 4359 7732 4417 8394 8615 2633 8943 4359 9237 8167 7732 8615 2889 8064 2633 9237 2664 5234 8167 2889 7416 7318 8064 2664 5630 7310 5234 7416 6857 345 7318 5630 4553 249 7310 6857 4370 8858 345 4553 1996 7017 249 4370 539 1177 8858 1996 4110 2809 7017 539 922 7963 1177 4110 3231 1564 2809 922 1015 7190 7963 3231 6634 4813 1564 2152 623 8872 165 1848 4175 3570 2774 623 3206 7057 8872 4175 3827 4284 3570 3206 47 8354 7057 3827 3313 4677 4284 47 7596 5520 8354 3313 2155 3561 4677 7596 4906 8164 5520 2155 5273 1540 3561 4906 6842 1685 8164 5273 3598 4140 1540 6842 2480 4269 1685 3598 859 8777 4140 2480 9251 7657 4269 859 1076 8945 8777 9251 7725 8580 7657 1076 9107 8060 8945 7725 3596 9240 8580 9107 4201 4925 8060 3596 3377 3002 9240 4201 4417 8818 4925 3377 8943 85 3002 4417 7732 5148 8818 8943 2633 8845 85 7732 8167 1730 5148 2633 8064 8692 8845 8167 5234 4043 1730 8064 7318 3597 8692 5234 7310 2369 4043 7318 345 1388 3597 7310 249 7930 2369 345 8858 4764 1388 249 7017 8004 7930 8858 1177 4978 4764 7017 2809 2075 8004 1177 7963 3969 4978 2809 1564 3746 2075 7963 7190 5831 3969 1564 4813 3458 3746 2912 181 8098 7408 8595 7702 4984 2252 181 2078 5771 8098 7702 629 1829 4984 2078 4375 2908 5771 629 187 513 1829 4375 4187 3023 2908 187 4789 6934 513 4187 4211 1590 3023 4789 6205 7733 6934 4211 964 1180 1590 6205 3791 6403 7733 964 984 8222 1180 3791 2044 8898 6403 984 7147 7824 8222 2044 5110 2698 8898 7147 2410 2202 7824 5110 12 6708 2698 2410 4701 8247 2202 12 261 8482 6708 4701 8944 5425 8247 261 4661 688 8482 8944 5399 7647 5425 4661 4974 8693 688 5399 1461 5180 7647 4974 5684 6614 8693 1461 9178 4778 5180 5684 2461 678 6614 9178 6096 334 4778 2461 6544 1558 678 6096 8383 2366 334 6544 7619 1465 1558 8383 8011 819 2366 7619 5577 6306 1465 8011 6961 5615 819 5577 2265 7555 6306 6961 1847 2482 5615 2265 457 7512 7555 1847 5917 3216 2482 457 7597 7617 7512 7408 8098 1583 4154 2252 4984 1135 18 8098 5771 5580 1583 4984 1829 959 1135 5771 2908 1221 5580 1829 513 6204 959 2908 3023 2834 1221 513 6934 3999 6204 3023 1590 6020 2834 6934 7733 1149 3999 1590 1180 8370 6020 7733 6403 3015 1149 1180 8222 2922 8370 6403 8898 4957 3015 8222 7824 6238 2922 8898 2698 2006 4957 7824 2202 1729 6238 2698 6708 6396 2006 2202 8247 3538 1729 6708 8482 15 6396 8247 5425 6057 3538 8482 688 3094 15 5425 7647 3549 6057 688 8693 3908 3094 7647 5180 6540 3549 8693 6614 584 3908 5180 4778 7037 6540 6614 678 4928 584 4778 334 1124 7037 678 1558 2055 4928 334 2366 5871 1124 1558 1465 8748 2055 2366 819 2408 5871 1465 6306 3949 8748 819 5615 1642 2408 6306 7555 1813 3949 5615 2482 5032 1642 7555 7512 755 1813 2482 3216 1441 5032 7512 7617 8735 755 4154 1583 790 4355 18 1135 7989 301 1583 5580 7633 790 1135 959 2672 7989 5580 1221 4914 7633 959 6204 8450 2672 1221 2834 6290 4914 6204 3999 221 8450 2834 6020 1959 6290 3999 1149 1885 221 6020 8370 1483 1959 1149 3015 6597 1885 8370 2922 5150 1483 3015 4957 5485 6597 2922 6238 1153 5150 4957 2006 840 5485 6238 1729 6509 1153 2006 6396 910 840 1729 3538 8968 6509 6396 15 1223 910 3538 6057 2886 8968 15 3094 3192 1223 6057 3549 3572 2886 3094 3908 7706 3192 3549 6540 1462 3572 3908 584 6603 7706 6540 7037 1386 1462 584 4928 6973 6603 7037 1124 4599 1386 4928 2055 6407 6973 1124 5871 6643 4599 2055 8748 4986 6407 5871 2408 4188 6643 8748 3949 4598 4986 2408 1642 8359 4188 3949 1813 7062 4598 1642 5032 362 8359 1813 755 4274 7062 5032 1441 1716 362 755 8735 7277 4274 4355 790 9137 7534 301 7989 2025 6358 790 7633 7458 9137 7989 2672 5932 2025 7633 4914 6925 7458 2672 8450 4420 5932 4914 6290 2027 6925 8450 221 3078 4420 6290 1959 2874 2027 221 1885 2607 3078 1959 1483 31 2874 1885 6597 2798 2607 1483 5150 3449 31 6597 5485 1671 2798 5150 1153 7492 3449 5485 840 7910 1671 1153 6509 1769 7492 840 910 5357 7910 6509 8968 5789 1769 910 1223 6506 5357 8968 2886 5065 5789 1223 3192 7400 6506 2886 3572 6652 5065 3192 7706 5051 7400 3572 1462 25 6652 7706 6603 225 5051 1462 1386 7033 25 6603 6973 8250 225 1386 4599 3001 7033 6973 6407 7091 8250 4599 6643 8516 3001 6407 4986 6050 7091 6643 4188 6388 8516 4986 4598 2549 6050 4188 8359 3362 6388 4598 7062 1427 2549 8359 362 6525 3362 7062 4274 2931 1427 362 1716 376 6525 4274 7277 4660 2931 7534 9137 4663 2230 6358 2025 1864 3909 9137 7458 6863 4663 2025 5932 1889 1864 7458 6925 5122 6863 5932 4420 2555 1889 6925 2027 5170 5122 4420 3078 2015 2555 2027 2874 9024 5170 3078 2607 4437 2015 2874 31 8096 9024 2607 2798 1467 4437 31 3449 998 8096 2798 1671 5993 1467 3449 7492 7285 998 1671 7910 1463 5993 7492 1769 3709 7285 7910 5357 6673 1463 1769 5789 1371 3709 5357 6506 5062 6673 5789 5065 6887 1371 6506 7400 7082 5062 5065 6652 3693 6887 7400 5051 4560 7082 6652 25 8764 3693 5051 225 5020 4560 25 7033 6889 8764 225 8250 8704 5020 7033 3001 4345 6889 8250 7091 4850 8704 3001 8516 462 4345 7091 6050 6609 4850 8516 6388 5320 462 6050 2549 7357 6609 6388 3362 6628 5320 2549 1427 6693 7357 3362 6525 9105 6628 1427 2931 8571 6693 6525 376 4048 9105 2931 4660 8085 8571 2230 4663 1846 8589 3909 1864 1577 9223 4663 6863 3511 1846 1864 1889 8778 1577 6863 5122 7387 3511 1889 2555 5349 8778 5122 5170 6449 7387 2555 2015 3122 5349 5170 9024 7061 6449 2015 4437 2632 3122 9024 8096 6534 7061 4437 1467 630 2632 8096 998 2998 6534 1467 5993 5511 630 998 7285 6827 2998 5993 1463 6107 5511 7285 3709 7423 6827 1463 6673 8058 6107 3709 1371 4943 7423 6673 5062 1287 8058 1371 6887 7055 4943 5062 7082 4063 1287 6887 3693 7638 7055 7082 4560 7462 4063 3693 8764 5785 7638 4560 5020 5925 7462 8764 6889 8993 5785 5020 8704 4248 5925 6889 4345 5445 8993 8704 4850 173 4248 4345 462 7121 5445 4850 6609 4466 173 462 5320 6337 7121 6609 7357 8081 4466 5320 6628 8192 6337 7357 6693 7307 8081 6628 9105 5701 8192 6693 8571 3240 7307 9105 4048 738 5701 8571 8085 3639 3240 8589 1846 5338 1039 9223 1577 4465 4061 1846 3511 8810 5338 1577 8778 7390 4465 3511 7387 1187 8810 8778 5349 8791 7390 7387 6449 8182 1187 5349 3122 1132 8791 6449 7061 7654 8182 3122 2632 4264 1132 7061 6534 3733 7654 2632 630 7672 4264 6534 2998 771 3733 630 5511 1926 7672 2998 6827 5753 771 5511 6107 654 1926 6827 7423 4877 5753 6107 8058 1320 654 7423 4943 4593 4877 8058 1287 1899 1320 4943 7055 5928 4593 1287 4063 241 1899 7055 7638 523 5928 4063 7462 3314 241 7638 5785 4889 523 7462 5925 8255 3314 5785 8993 5944 4889 5925 4248 655 8255 8993 5445 2625 5944 4248 173 8051 655 5445 7121 2919 2625 173 4466 1609 8051 7121 6337 8991 2919 4466 8081 2942 1609 6337 8192 5446 8991 8081 7307 3675 2942 8192 5701 3666 5446 7307 3240 6184 3675 5701 738 8194 3666 3240 3639 2063 6184 1039 5338 4441 5884 4061 4465 1644 5951 5338 8810 2463 4441 4465 7390 4888 1644 8810 1187 8553 2463 7390 8791 4783 4888 1187 8182 750 8553 8791 1132 2692 4783 8182 7654 5311 750 1132 4264 3676 2692 7654 3733 4620 5311 4264 7672 9062 3676 3733 771 8790 4620 7672 1926 2864 9062 771 5753 8121 8790 1926 654 2837 2864 5753 4877 3659 8121 654 1320 262 2837 4877 4593 9212 3659 1320 1899 7889 262 4593 5928 108 9212 1899 241 9016 7889 5928 523 4310 108 241 3314 8100 9016 523 4889 7002 4310 3314 8255 6014 8100 4889 5944 1042 7002 8255 655 7531 6014 5944 2625 5389 1042 655 8051 5803 7531 2625 2919 9065 5389 8051 1609 8912 5803 2919 8991 3185 9065 1609 2942 8375 8912 8991 5446 5676 3185 2942 3675 3401 8375 5446 3666 6688 5676 3675 6184 2707 3401 3666 8194 410 6688 6184 2063 1268 2707 5884 4441 1566 3296 5951 1644 7756 7845 4441 2463 6596 1566 1644 4888 7642 7756 2463 8553 6602 6596 4888 4783 1317 7642 8553 750 5400 6602 4783 2692 8387 1317 750 5311 2535 5400 2692 3676 8403 8387 5311 4620 7911 2535 3676 9062 8018 8403 4620 8790 2096 7911 9062 2864 6719 8018 8790 8121 5171 2096 2864 2837 6921 6719 8121 3659 7413 5171 2837 262 4522 6921 3659 9212 4666 7413 262 7889 4621 4522 9212 108 9091 4666 7889 9016 1059 4621 108 4310 1283 9091 9016 8100 1361 1059 4310 7002 8275 1283 8100 6014 714 1361 7002 1042 7372 8275 6014 7531 1574 714 1042 5389 8163 7372 7531 5803 7440 1574 5389 9065 3736 8163 5803 8912 348 7440 9065 3185 4594 3736 8912 8375 3052 348 3185 5676 5178 4594 8375 3401 8468 3052 5676 6688 7004 5178 3401 2707 924 8468 6688 410 4979 7004 2707 1268 591 924 3296 1566 2061 3136 7845 7756 6533 8129 1566 6596 3455 2061 7756 7642 7598 6533 6596 6602 2229 3455 7642 1317 1321 7598 6602 5400 5199 2229 1317 8387 7013 1321 5400 2535 5937 5199 8387 8403 8597 7013 2535 7911 4771 5937 8403 8018 559 8597 7911 2096 3389 4771 8018 6719 4711 559 2096 5171 5840 3389 6719 6921 6849 4711 5171 7413 8987 5840 6921 4522 1301 6849 7413 4666 6582 8987 4522 4621 2640 1301 4666 9091 794 6582 4621 1059 7084 2640 9091 1283 5474 794 1059 1361 2211 7084 1283 8275 133 5474 1361 714 9203 2211 8275 7372 5390 133 714 1574 4890 9203 7372 8163 1408 5390 1574 7440 5410 4890 8163 3736 7488 1408 7440 348 6696 5410 3736 4594 5548 7488 348 3052 3491 6696 4594 5178 8824 5548 3052 8468 4405 3491 5178 7004 5312 8824 8468 924 5838 4405 7004 4979 8401 5312 924 591 2656 5838 3136 2061 7545 3643 8129 6533 2116 6926 2061 3455 8123 7545 6533 7598 2289 2116 3455 2229 5206 8123 7598 1321 1324 2289 2229 5199 7331 5206 1321 7013 2283 1324 5199 5937 8626 7331 7013 8597 5854 2283 5937 4771 2655 8626 8597 559 8306 5854 4771 3389 8434 2655 559 4711 3380 8306 3389 5840 8981 8434 4711 6849 6483 3380 5840 8987 6451 8981 6849 1301 8765 6483 8987 6582 8841 6451 1301 2640 4724 8765 6582 794 2569 8841 2640 7084 8106 4724 794 5474 5746 2569 7084 2211 8464 8106 5474 133 6721 5746 2211 9203 960 8464 133 5390 3092 6721 9203 4890 3025 960 5390 1408 7825 3092 4890 5410 5230 3025 1408 7488 8974 7825 5410 6696 8506 5230 7488 5548 1666 8974 6696 3491 4503 8506 5548 8824 4870 1666 3491 4405 1429 4503 8824 5312 3886 4870 4405 5838 8427 1429 5312 8401 6421 3886 5838 2656 4775 8427 3643 7545 8463 5164 6926 2116 4887 2892 7545 8123 3991 8463 2116 2289 2888 4887 8123 5206 4233 3991 2289 1324 8111 2888 5206 7331 6340 4233 1324 2283 6526 8111 7331 8626 5728 6340 2283 5854 4805 6526 8626 2655 2346 5728 5854 8306 3506 4805 2655 8434 2085 2346 8306 3380 4016 3506 8434 8981 5646 2085 3380 6483 7424 4016 8981 6451 2532 5646 6483 8765 8508 7424 6451 8841 252 2532 8765 4724 5214 8508 8841 2569 3660 252 4724 8106 255 5214 2569 5746 2499 3660 8106 8464 3365 255 5746 6721 7220 2499 8464 960 8512 3365 6721 3092 8458 7220 960 3025 3453 8512 3092 7825 6902 8458 3025 5230 1941 3453 7825 8974 5595 6902 5230 8506 49 1941 8974 1666 8732 5595 8506 4503 414 49 1666 4870 5606 8732 4503 1429 7417 414 4870 3886 6736 5606 1429 8427 5392 7417 3886 6421 4010 6736 8427 4775 1390 5392 5164 8463 3428 4049 2892 4887 8861 6003 8463 3991 2614 3428 4887 2888 6415 8861 3991 4233 5151 2614 2888 8111 6558 6415 4233 6340 5991 5151 8111 6526 2127 6558 6340 5728 515 5991 6526 4805 7765 2127 5728 2346 7348 515 4805 3506 1536 7765 2346 2085 3331 7348 3506 4016 4968 1536 2085 5646 8292 3331 4016 7424 9259 4968 5646 2532 6058 8292 7424 8508 1151 9259 2532 252 3649 6058 8508 5214 6530 1151 252 3660 2718 3649 5214 255 4147 6530 3660 2499 4461 2718 255 3365 437 4147 2499 7220 4703 4461 3365 8512 431 437 7220 8458 1974 4703 8512 3453 4948 431 8458 6902 8490 1974 3453 1941 5877 4948 6902 5595 5426 8490 1941 49 4896 5877 5595 8732 3957 5426 49 414 1417 4896 8732 5606 160 3957 414 7417 5833 1417 5606 6736 4451 160 7417 5392 9121 5833 6736 4010 9066 4451 5392 1390 2010 9121 4049 3428 6555 2587 6003 8861 5920 7315 3428 2614 39 6555 8861 6415 1849 5920 2614 5151 6373 39 6415 6558 4171 1849 5151 5991 4165 6373 6558 2127 4883 4171 5991 515 8923 4165 2127 7765 1667 4883 515 7348 524 8923 7765 1536 7283 1667 7348 3331 3026 524 1536 4968 5567 7283 3331 8292 3748 3026 4968 9259 2207 5567 8292 6058 6956 3748 9259 1151 4103 2207 6058 3649 768 6956 1151 6530 5790 4103 3649 2718 772 768 6530 4147 6641 5790 2718 4461 2924 772 4147 437 1851 6641 4461 4703 912 2924 437 431 8648 1851 4703 1974 4678 912 431 4948 1171 8648 1974 8490 8631 4678 4948 5877 6674 1171 8490 5426 8371 8631 5877 4896 9042 6674 5426 3957 1916 8371 4896 1417 2910 9042 3957 160 312 1916 1417 5833 1271 2910 160 4451 4354 312 5833 9121 1335 1271 4451 9066 6543 4354 9121 2010 5965 1335 2587 6555 6151 4475 7315 5920 1890 1428 6555 39 5796 6151 5920 1849 5018 1890 39 6373 7187 5796 1849 4171 4649 5018 6373 4165 4362 7187 4171 4883 1306 4649 4165 8923 2963 4362 4883 1667 6402 1306 8923 524 7677 2963 1667 7283 7311 6402 524 3026 5919 7677 7283 5567 4037 7311 3026 3748 802 5919 5567 2207 7506 4037 3748 6956 6601 802 2207 4103 236 7506 6956 768 3254 6601 4103 5790 5952 236 768 772 842 3254 5790 6641 7511 5952 772 2924 2107 842 6641 1851 6307 7511 2924 912 7414 2107 1851 8648 7296 6307 912 4678 3696 7414 8648 1171 6748 7296 4678 8631 6803 3696 1171 6674 5889 6748 8631 8371 6812 6803 6674 9042 3927 5889 8371 1916 3275 6812 9042 2910 4638 3927 1916 312 7960 3275 2910 1271 8055 4638 312 4354 7993 7960 1271 1335 2853 8055 4354 6543 5289 7993 1335 5965 8503 2853 4475 6151 634 872 1428 1890 1204 8244 6151 5796 8204 634 1890 5018 8240 1204 5796 7187 7257 8204 5018 4649 3117 8240 7187 4362 6247 7257 4649 1306 1058 3117 4362 2963 2319 6247 1306 6402 5773 1058 2963 7677 4535 2319 6402 7311 5982 5773 7677 5919 7794 4535 7311 4037 5748 5982 5919 802 7644 7794 4037 7506 7956 5748 802 6601 4128 7644 7506 236 8899 7956 6601 3254 3203 4128 236 5952 8906 8899 3254 842 7018 3203 5952 7511 5714 8906 842 2107 8560 7018 7511 6307 2150 5714 2107 7414 9209 8560 6307 7296 3030 2150 7414 3696 6043 9209 7296 6748 2242 3030 3696 6803 9021 6043 6748 5889 8285 2242 6803 6812 5561 9021 5889 3927 2058 8285 6812 3275 1582 5561 3927 4638 2663 2058 3275 7960 5376 1582 4638 8055 651 2663 7960 7993 4648 5376 8055 2853 8750 651 7993 5289 7470 4648 2853 8503 974 8750 872 634 3104 5612 8244 1204 8329 2331 634 8204 6877 3104 1204 8240 4882 8329 8204 7257 1475 6877 8240 3117 2409 4882 7257 6247 5685 1475 3117 1058 3867 2409 6247 2319 2797 5685 1058 5773 1772 3867 2319 4535 4216 2797 5773 5982 4858 1772 4535 7794 3524 4216 5982 5748 2071 4858 7794 7644 1738 3524 5748 7956 658 2071 7644 4128 2531 1738 7956 8899 4076 658 4128 3203 9113 2531 8899 8906 3148 4076 3203 7018 5545 9113 8906 5714 8027 3148 7018 8560 3399 5545 5714 2150 310 8027 8560 9209 8839 3399 2150 3030 879 310 9209 6043 5717 8839 3030 2242 3654 879 6043 9021 8526 5717 2242 8285 2191 3654 9021 5561 8592 8526 8285 2058 9122 2191 5561 1582 6547 8592 2058 2663 8793 9122 1582 5376 511 6547 2663 651 2045 8793 5376 4648 6173 511 651 8750 2164 2045 4648 7470 1602 6173 8750 974 5498 2164 5612 3104 2976 4317 2331 8329 7977 174 3104 6877 3542 2976 8329 4882 402 7977 6877 1475 2379 3542 4882 2409 781 402 1475 5685 8698 2379 2409 3867 3804 781 5685 2797 23 8698 3867 1772 325 3804 2797 4216 5010 23 1772 4858 1752 325 4216 3524 8759 5010 4858 2071 8515 1752 3524 1738 3029 8759 2071 658 19 8515 1738 2531 3129 3029 658 4076 7744 19 2531 9113 5744 3129 4076 3148 8658 7744 9113 5545 8564 5744 3148 8027 7105 8658 5545 3399 4359 8564 8027 310 1822 7105 3399 8839 9237 4359 310 879 1750 1822 8839 5717 2664 9237 879 3654 6106 1750 5717 8526 5630 2664 3654 2191 1178 6106 8526 8592 4553 5630 2191 9122 1782 1178 8592 6547 1996 4553 9122 8793 8738 1782 6547 511 4110 1996 8793 2045 7482 8738 511 6173 3231 4110 2045 2164 4424 7482 6173 1602 6634 3231 2164 5498 519 4424 4317 2976 4175 1848 174 7977 2615 1787 2976 3542 3827 4175 7977 402 1786 2615 3542 2379 3313 3827 402 781 5921 1786 2379 8698 2155 3313 781 3804 2700 5921 8698 23 5273 2155 3804 325 4761 2700 23 5010 3598 5273 325 1752 695 4761 5010 8759 859 3598 1752 8515 2327 695 8759 3029 1076 859 8515 19 8158 2327 3029 3129 9107 1076 19 7744 8646 8158 3129 5744 4201 9107 7744 8658 423 8646 5744 8564 4417 4201 8658 7105 1005 423 8564 4359 7732 4417 7105 1822 1230 1005 4359 9237 8167 7732 1822 1750 2267 1230 9237 2664 5234 8167 1750 6106 1129 2267 2664 5630 7310 5234 6106 1178 8946 1129 5630 4553 249 7310 1178 1782 7325 8946 4553 1996 7017 249 1782 8738 724 7325 1996 4110 2809 7017 8738 7482 6460 724 4110 3231 1564 2809 7482 4424 1633 6460 3231 6634 4813 1564 4424 519 321 1633 1848 4175 3570 2774 1787 2615 6286 6787 4175 3827 4284 3570 2615 1786 219 6286 3827 3313 4677 4284 1786 5921 3788 219 3313 2155 3561 4677 5921 2700 1077 3788 2155 5273 1540 3561 2700 4761 4315 1077 5273 3598 4140 1540 4761 695 6153 4315 3598 859 8777 4140 695 2327 7693 6153 859 1076 8945 8777 2327 8158 9128 7693 1076 9107 8060 8945 8158 8646 2203 9128 9107 4201 4925 8060 8646 423 3322 2203 4201 4417 8818 4925 423 1005 5111 3322 4417 7732 5148 8818 1005 1230 2432 5111 7732 8167 1730 5148 1230 2267 4009 2432 8167 5234 4043 1730 2267 1129 8393 4009 5234 7310 2369 4043 1129 8946 2268 8393 7310 249 7930 2369 8946 7325 4214 2268 249 7017 8004 7930 7325 724 6924 4214 7017 2809 2075 8004 724 6460 4735 6924 2809 1564 3746 2075 6460 1633 1987 4735 1564 4813 3458 3746 1633 321 4123 1987 8595 7702 4984 2252 3351 5344 3976 5885 7702 629 1829 4984 5344 1830 1637 3976 629 187 513 1829 1830 439 2667 1637 187 4789 6934 513 439 9156 8438 2667 4789 6205 7733 6934 9156 2807 795 8438 6205 3791 6403 7733 2807 3236 5677 795 3791 2044 8898 6403 3236 6479 6473 5677 2044 5110 2698 8898 6479 955 1537 6473 5110 12 6708 2698 955 2056 7782 1537 12 261 8482 6708 2056 5532 1257 7782 261 4661 688 8482 5532 1808 6311 1257 4661 4974 8693 688 1808 5393 3488 6311 4974 5684 6614 8693 5393 3355 759 3488 5684 2461 678 6614 3355 3276 5895 759 2461 6544 1558 678 3276 9119 2537 5895 6544 7619 1465 1558 9119 9047 6550 2537 7619 5577 6306 1465 9047 8208 244 6550 5577 2265 7555 6306 8208 2564 807 244 2265 457 7512 7555 2564 1933 5447 807 457 7597 7617 7512 1933 4824 2126 5447 2252 4984 1135 18 5885 3976 6742 4346 4984 1829 959 1135 3976 1637 9092 6742 1829 513 6204 959 1637 2667 2895 9092 513 6934 3999 6204 2667 8438 8141 2895 6934 7733 1149 3999 8438 795 7854 8141 7733 6403 3015 1149 795 5677 444 7854 6403 8898 4957 3015 5677 6473 1402 444 8898 2698 2006 4957 6473 1537 7319 1402 2698 6708 6396 2006 1537 7782 1451 7319 6708 8482 15 6396 7782 1257 2907 1451 8482 688 3094 15 1257 6311 5593 2907 688 8693 3908 3094 6311 3488 4583 5593 8693 6614 584 3908 3488 759 7878 4583 6614 678 4928 584 759 5895 7303 7878 678 1558 2055 4928 5895 2537 3123 7303 1558 1465 8748 2055 2537 6550 3987 3123 1465 6306 3949 8748 6550 244 3793 3987 6306 7555 1813 3949 244 807 1898 3793 7555 7512 755 1813 807 5447 2713 1898 7512 7617 8735 755 5447 2126 2626 2713 18 1135 7989 301 4346 6742 3725 3922 1135 959 2672 7989 6742 9092 8118 3725 959 6204 8450 2672 9092 2895 5890 8118 6204 3999 221 8450 2895 8141 782 5890 3999 1149 1885 221 8141 7854 4740 782 1149 3015 6597 1885 7854 444 7703 4740 3015 4957 5485 6597 444 1402 1009 7703 4957 2006 840 5485 1402 7319 930 1009 2006 6396 910 840 7319 1451 8220 930 6396 15 1223 910 1451 2907 5596 8220 15 3094 3192 1223 2907 5593 1259 5596 3094 3908 7706 3192 5593 4583 3599 1259 3908 584 6603 7706 4583 7878 8878 3599 584 4928 6973 6603 7878 7303 3200 8878 4928 2055 6407 6973 7303 3123 128 3200 2055 8748 4986 6407 3123 3987 9098 128 8748 3949 4598 4986 3987 3793 5134 9098 3949 1813 7062 4598 3793 1898 5622 5134 1813 755 4274 7062 1898 2713 7984 5622 755 8735 7277 4274 2713 2626 454 7984 301 7989 2025 6358 3922 3725 4519 533 7989 2672 5932 2025 3725 8118 1749 4519 2672 8450 4420 5932 8118 5890 6200 1749 8450 221 3078 4420 5890 782 2782 6200 221 1885 2607 3078 782 4740 3950 2782 1885 6597 2798 2607 4740 7703 5521 3950 6597 5485 1671 2798 7703 1009 1260 5521 5485 840 7910 1671 1009 930 9061 1260 840 910 5357 7910 930 8220 7979 9061 910 1223 6506 5357 8220 5596 8025 7979 1223 3192 7400 6506 5596 1259 5299 8025 3192 7706 5051 7400 1259 3599 7680 5299 7706 6603 225 5051 3599 8878 1203 7680 6603 6973 8250 225 8878 3200 4483 1203 6973 6407 7091 8250 3200 128 3006 4483 6407 4986 6050 7091 128 9098 7216 3006 4986 4598 2549 6050 9098 5134 9132 7216 4598 7062 1427 2549 5134 5622 6494 9132 7062 4274 2931 1427 5622 7984 4020 6494 4274 7277 4660 2931 7984 454 7838 4020 6358 2025 1864 3909 533 4519 4860 8092 2025 5932 1889 1864 4519 1749 2335 4860 5932 4420 2555 1889 1749 6200 7950 2335 4420 3078 2015 2555 6200 2782 7227 7950 3078 2607 4437 2015 2782 3950 3102 7227 2607 2798 1467 4437 3950 5521 1765 3102 2798 1671 5993 1467 5521 1260 9174 1765 1671 7910 1463 5993 1260 9061 4256 9174 7910 5357 6673 1463 9061 7979 4331 4256 5357 6506 5062 6673 7979 8025 508 4331 6506 7400 7082 5062 8025 5299 3036 508 7400 5051 4560 7082 5299 7680 2084 3036 5051 225 5020 4560 7680 1203 5713 2084 225 8250 8704 5020 1203 4483 2571 5713 8250 7091 4850 8704 4483 3006 6010 2571 7091 6050 6609 4850 3006 7216 5172 6010 6050 2549 7357 6609 7216 9132 3894 5172 2549 1427 6693 7357 9132 6494 3751 3894 1427 2931 8571 6693 6494 4020 5321 3751 2931 4660 8085 8571 4020 7838 1869 5321 3909 1864 1577 9223 8092 4860 7881 3895 1864 1889 8778 1577 4860 2335 4066 7881 1889 2555 5349 8778 2335 7950 3103 4066 2555 2015 3122 5349 7950 7227 2749 3103 2015 4437 2632 3122 7227 3102 7132 2749 4437 1467 630 2632 3102 1765 6958 7132 1467 5993 5511 630 1765 9174 4281 6958 5993 1463 6107 5511 9174 4256 7694 4281 1463 6673 8058 6107 4256 4331 647 7694 6673 5062 1287 8058 4331 508 4024 647 5062 7082 4063 1287 508 3036 212 4024 7082 4560 7462 4063 3036 2084 3708 212 4560 5020 5925 7462 2084 5713 3989 3708 5020 8704 4248 5925 5713 2571 8362 3989 8704 4850 173 4248 2571 6010 7468 8362 4850 6609 4466 173 6010 5172 2151 7468 6609 7357 8081 4466 5172 3894 5432 2151 7357 6693 7307 8081 3894 3751 3760 5432 6693 8571 3240 7307 3751 5321 1247 3760 8571 8085 3639 3240 5321 1869 6088 1247 9223 1577 4465 4061 3895 7881 2278 3326 1577 8778 7390 4465 7881 4066 4285 2278 8778 5349 8791 7390 4066 3103 6178 4285 5349 3122 1132 8791 3103 2749 203 6178 3122 2632 4264 1132 2749 7132 4828 203 2632 630 7672 4264 7132 6958 2669 4828 630 5511 1926 7672 6958 4281 4435 2669 5511 6107 654 1926 4281 7694 6713 4435 6107 8058 1320 654 7694 647 2920 6713 8058 1287 1899 1320 647 4024 5576 2920 1287 4063 241 1899 4024 212 2372 5576 4063 7462 3314 241 212 3708 699 2372 7462 5925 8255 3314 3708 3989 2551 699 5925 4248 655 8255 3989 8362 5581 2551 4248 173 8051 655 8362 7468 4116 5581 173 4466 1609 8051 7468 2151 7947 4116 4466 8081 2942 1609 2151 5432 6389 7947 8081 7307 3675 2942 5432 3760 4757 6389 7307 3240 6184 3675 3760 1247 232 4757 3240 3639 2063 6184 1247 6088 2529 232 4061 4465 1644 5951 3326 2278 4001 3388 4465 7390 4888 1644 2278 4285 2214 4001 7390 8791 4783 4888 4285 6178 1387 2214 8791 1132 2692 4783 6178 203 3417 1387 1132 4264 3676 2692 203 4828 5933 3417 4264 7672 9062 3676 4828 2669 5935 5933 7672 1926 2864 9062 2669 4435 4871 5935 1926 654 2837 2864 4435 6713 8364 4871 654 1320 262 2837 6713 2920 1823 8364 1320 1899 7889 262 2920 5576 9211 1823 1899 241 9016 7889 5576 2372 9017 9211 241 3314 8100 9016 2372 699 706 9017 3314 8255 6014 8100 699 2551 7451 706 8255 655 7531 6014 2551 5581 2570 7451 655 8051 5803 7531 5581 4116 6649 2570 8051 1609 8912 5803 4116 7947 4044 6649 1609 2942 8375 8912 7947 6389 5869 4044 2942 3675 3401 8375 6389 4757 1721 5869 3675 6184 2707 3401 4757 232 3364 1721 6184 2063 1268 2707 232 2529 2256 3364 5951 1644 7756 7845 3388 4001 4747 6513 1644 4888 7642 7756 4001 2214 1174 4747 4888 4783 1317 7642 2214 1387 744 1174 4783 2692 8387 1317 1387 3417 2119 744 2692 3676 8403 8387 3417 5933 4500 2119 3676 9062 8018 8403 5933 5935 9059 4500 9062 2864 6719 8018 5935 4871 6293 9059 2864 2837 6921 6719 4871 8364 7145 6293 2837 262 4522 6921 8364 1823 4671 7145 262 7889 4621 4522 1823 9211 2962 4671 7889 9016 1059 4621 9211 9017 1090 2962 9016 8100 1361 1059 9017 706 836 1090 8100 6014 714 1361 706 7451 4935 836 6014 7531 1574 714 7451 2570 880 4935 7531 5803 7440 1574 2570 6649 8006 880 5803 8912 348 7440 6649 4044 8567 8006 8912 8375 3052 348 4044 5869 3655 8567 8375 3401 8468 3052 5869 1721 7011 3655 3401 2707 924 8468 1721 3364 492 7011 2707 1268 591 924 3364 2256 3270 492 7845 7756 6533 8129 6513 4747 6836 3179 7756 7642 7598 6533 4747 1174 52 6836 7642 1317 1321 7598 1174 744 1150 52 1317 8387 7013 1321 744 2119 2246 1150 8387 8403 8597 7013 2119 4500 671 2246 8403 8018 559 8597 4500 9059 6535 671 8018 6719 4711 559 9059 6293 2046 6535 6719 6921 6849 4711 6293 7145 3994 2046 6921 4522 1301 6849 7145 4671 3930 3994 4522 4621 2640 1301 4671 2962 4619 3930 4621 1059 7084 2640 2962 1090 1326 4619 1059 1361 2211 7084 1090 836 6505 1326 1361 714 9203 2211 836 4935 6059 6505 714 1574 4890 9203 4935 880 987 6059 1574 7440 5410 4890 880 8006 4960 987 7440 348 6696 5410 8006 8567 5036 4960 348 3052 3491 6696 8567 3655 5316 5036 3052 8468 4405 3491 3655 7011 2701 5316 8468 924 5838 4405 7011 492 7097 2701 924 591 2656 5838 492 3270 5034 7097 8129 6533 2116 6926 3179 6836 1375 5556 6533 7598 2289 2116 6836 52 7893 1375 7598 1321 1324 2289 52 1150 3443 7893 1321 7013 2283 1324 1150 2246 7901 3443 7013 8597 5854 2283 2246 671 6868 7901 8597 559 8306 5854 671 6535 2619 6868 559 4711 3380 8306 6535 2046 8619 2619 4711 6849 6483 3380 2046 3994 3454 8619 6849 1301 8765 6483 3994 3930 7337 3454 1301 2640 4724 8765 3930 4619 3308 7337 2640 7084 8106 4724 4619 1326 8308 3308 7084 2211 8464 8106 1326 6505 5594 8308 2211 9203 960 8464 6505 6059 8068 5594 9203 4890 3025 960 6059 987 8717 8068 4890 5410 5230 3025 987 4960 7649 8717 5410 6696 8506 5230 4960 5036 7323 7649 6696 3491 4503 8506 5036 5316 7352 7323 3491 4405 1429 4503 5316 2701 3664 7352 4405 5838 8427 1429 2701 7097 7926 3664 5838 2656 4775 8427 7097 5034 5113 7926 6926 2116 4887 2892 5556 1375 20 953 2116 2289 2888 4887 1375 7893 8071 20 2289 1324 8111 2888 7893 3443 1923 8071 1324 2283 6526 8111 3443 7901 821 1923 2283 5854 4805 6526 7901 6868 6824 821 5854 8306 3506 4805 6868 2619 2172 6824 8306 3380 4016 3506 2619 8619 5805 2172 3380 6483 7424 4016 8619 3454 6591 5805 6483 8765 8508 7424 3454 7337 2182 6591 8765 4724 5214 8508 7337 3308 8473 2182 4724 8106 255 5214 3308 8308 5098 8473 8106 8464 3365 255 8308 5594 3457 5098 8464 960 8512 3365 5594 8068 7150 3457 960 3025 3453 8512 8068 8717 1263 7150 3025 5230 1941 3453 8717 7649 8216 1263 5230 8506 49 1941 7649 7323 3743 8216 8506 4503 414 49 7323 7352 8807 3743 4503 1429 7417 414 7352 3664 8363 8807 1429 8427 5392 7417 3664 7926 6716 8363 8427 4775 1390 5392 7926 5113 6233 6716 2892 4887 8861 6003 953 20 1131 5747 4887 2888 6415 8861 20 8071 3107 1131 2888 8111 6558 6415 8071 1923 1122 3107 8111 6526 2127 6558 1923 821 6371 1122 6526 4805 7765 2127 821 6824 3492 6371 4805 3506 1536 7765 6824 2172 359 3492 3506 4016 4968 1536 2172 5805 4014 359 4016 7424 9259 4968 5805 6591 1114 4014 7424 8508 1151 9259 6591 2182 6266 1114 8508 5214 6530 1151 2182 8473 3390 6266 5214 255 4147 6530 8473 5098 2050 3390 255 3365 437 4147 5098 3457 681 2050 3365 8512 431 437 3457 7150 2443 681 8512 3453 4948 431 7150 1263 7085 2443 3453 1941 5877 4948 1263 8216 6374 7085 1941 49 4896 5877 8216 3743 4817 6374 49 414 1417 4896 3743 8807 2304 4817 414 7417 5833 1417 8807 8363 3114 2304 7417 5392 9121 5833 8363 6716 659 3114 5392 1390 2010 9121 6716 6233 2810 659 6003 8861 5920 7315 5747 1131 134 3304 8861 6415 1849 5920 1131 3107 4388 134 6415 6558 4171 1849 3107 1122 8459 4388 6558 2127 4883 4171 1122 6371 7239 8459 2127 7765 1667 4883 6371 3492 4408 7239 7765 1536 7283 1667 3492 359 4453 4408 1536 4968 5567 7283 359 4014 804 4453 4968 9259 2207 5567 4014 1114 1139 804 9259 1151 4103 2207 1114 6266 3346 1139 1151 6530 5790 4103 6266 3390 3656 3346 6530 4147 6641 5790 3390 2050 8467 3656 4147 437 1851 6641 2050 681 1947 8467 437 431 8648 1851 681 2443 6700 1947 431 4948 1171 8648 2443 7085 5589 6700 4948 5877 6674 1171 7085 6374 1222 5589 5877 4896 9042 6674 6374 4817 6586 1222 4896 1417 2910 9042 4817 2304 2658 6586 1417 5833 1271 2910 2304 3114 8992 2658 5833 9121 1335 1271 3114 659 1952 8992 9121 2010 5965 1335 659 2810 2158 1952 7315 5920 1890 1428 3304 134 3369 213 5920 1849 5018 1890 134 4388 1950 3369 1849 4171 4649 5018 4388 8459 860 1950 4171 4883 1306 4649 8459 7239 5063 860 4883 1667 6402 1306 7239 4408 8690 5063 1667 7283 7311 6402 4408 4453 7692 8690 7283 5567 4037 7311 4453 804 1919 7692 5567 2207 7506 4037 804 1139 4590 1919 2207 4103 236 7506 1139 3346 100 4590 4103 5790 5952 236 3346 3656 4572 100 5790 6641 7511 5952 3656 8467 5153 4572 6641 1851 6307 7511 8467 1947 7498 5153 1851 8648 7296 6307 1947 6700 5680 7498 8648 1171 6748 7296 6700 5589 1920 5680 1171 6674 5889 6748 5589 1222 6773 1920 6674 9042 3927 5889 1222 6586 5806 6773 9042 2910 4638 3927 6586 2658 6067 5806 2910 1271 8055 4638 2658 8992 6895 6067 1271 1335 2853 8055 8992 1952 4372 6895 1335 5965 8503 2853 1952 2158 1261 4372 1428 1890 1204 8244 213 3369 391 1748 1890 5018 8240 1204 3369 1950 2183 391 5018 4649 3117 8240 1950 860 3577 2183 4649 1306 1058 3117 860 5063 7362 3577 1306 6402 5773 1058 5063 8690 8688 7362 6402 7311 5982 5773 8690 7692 3636 8688 7311 4037 5748 5982 7692 1919 3208 3636 4037 7506 7956 5748 1919 4590 227 3208 7506 236 8899 7956 4590 100 2562 227 236 5952 8906 8899 100 4572 7240 2562 5952 7511 5714 8906 4572 5153 902 7240 7511 6307 2150 5714 5153 7498 7643 902 6307 7296 3030 2150 7498 5680 4168 7643 7296 6748 2242 3030 5680 1920 1328 4168 6748 5889 8285 2242 1920 6773 5650 1328 5889 3927 2058 8285 6773 5806 5258 5650 3927 4638 2663 2058 5806 6067 8209 5258 4638 8055 651 2663 6067 6895 1236 8209 8055 2853 8750 651 6895 4372 1206 1236 2853 8503 974 8750 4372 1261 5499 1206 8244 1204 8329 2331 1748 391 3142 1949 1204 8240 4882 8329 391 2183 3161 3142 8240 3117 2409 4882 2183 3577 6313 3161 3117 1058 3867 2409 3577 7362 1545 6313 1058 5773 1772 3867 7362 8688 2638 1545 5773 5982 4858 1772 8688 3636 8253 2638 5982 5748 2071 4858 3636 3208 914 8253 5748 7956 658 2071 3208 227 8416 914 7956 8899 4076 658 227 2562 8327 8416 8899 8906 3148 4076 2562 7240 4662 8327 8906 5714 8027 3148 7240 902 6430 4662 5714 2150 310 8027 902 7643 2546 6430 2150 3030 879 310 7643 4168 4581 2546 3030 2242 3654 879 4168 1328 8677 4581 2242 8285 2191 3654 1328 5650 2460 8677 8285 2058 9122 2191 5650 5258 7268 2460 2058 2663 8793 9122 5258 8209 3193 7268 2663 651 2045 8793 8209 1236 3952 3193 651 8750 2164 2045 1236 1206 3153 3952 8750 974 5498 2164 1206 5499 565 3153 2331 8329 7977 174 1949 3142 7235 9213 8329 4882 402 7977 3142 3161 2693 7235 4882 2409 781 402 3161 6313 2312 2693 2409 3867 3804 781 6313 1545 5571 2312 3867 1772 325 3804 1545 2638 94 5571 1772 4858 1752 325 2638 8253 7913 94 4858 2071 8515 1752 8253 914 5679 7913 2071 658 19 8515 914 8416 827 5679 658 4076 7744 19 8416 8327 2112 827 4076 3148 8658 7744 8327 4662 2589 2112 3148 8027 7105 8658 4662 6430 8431 2589 8027 310 1822 7105 6430 2546 7751 8431 310 879 1750 1822 2546 4581 5897 7751 879 3654 6106 1750 4581 8677 2802 5897 3654 2191 1178 6106 8677 2460 6975 2802 2191 9122 1782 1178 2460 7268 1610 6975 9122 8793 8738 1782 7268 3193 145 1610 8793 2045 7482 8738 3193 3952 915 145 2045 2164 4424 7482 3952 3153 786 915 2164 5498 519 4424 3153 565 2630 786 174 7977 2615 1787 9213 7235 7270 1645 7977 402 1786 2615 7235 2693 6933 7270 402 781 5921 1786 2693 2312 5987 6933 781 3804 2700 5921 2312 5571 8675 5987 3804 325 4761 2700 5571 94 1921 8675 325 1752 695 4761 94 7913 2470 1921 1752 8515 2327 695 7913 5679 5201 2470 8515 19 8158 2327 5679 827 4085 5201 19 7744 8646 8158 827 2112 1190 4085 7744 8658 423 8646 2112 2589 6776 1190 8658 7105 1005 423 2589 8431 6362 6776 7105 1822 1230 1005 8431 7751 6412 6362 1822 1750 2267 1230 7751 5897 2065 6412 1750 6106 1129 2267 5897 2802 7564 2065 6106 1178 8946 1129 2802 6975 1569 7564 1178 1782 7325 8946 6975 1610 2074 1569 1782 8738 724 7325 1610 145 6455 2074 8738 7482 6460 724 145 915 245 6455 7482 4424 1633 6460 915 786 3904 245 4424 519 321 1633 786 2630 8813 3904 1787 2615 6286 6787 1645 7270 7176 5995 2615 1786 219 6286 7270 6933 2325 7176 1786 5921 3788 219 6933 5987 6873 2325 5921 2700 1077 3788 5987 8675 8961 6873 2700 4761 4315 1077 8675 1921 435 8961 4761 695 6153 4315 1921 2470 8140 435 695 2327 7693 6153 2470 5201 4520 8140 2327 8158 9128 7693 5201 4085 9218 4520 8158 8646 2203 9128 4085 1190 649 9218 8646 423 3322 2203 1190 6776 6976 649 423 1005 5111 3322 6776 6362 7487 6976 1005 1230 2432 5111 6362 6412 1897 7487 1230 2267 4009 2432 6412 2065 6807 1897 2267 1129 8393 4009 2065 7564 4179 6807 1129 8946 2268 8393 7564 1569 5300 4179 8946 7325 4214 2268 1569 2074 8312 5300 7325 724 6924 4214 2074 6455 1617 8312 724 6460 4735 6924 6455 245 7405 1617 6460 1633 1987 4735 245 3904 8339 7405 1633 321 4123 1987 3904 8813 5463 8339 3351 5344 3976 5885 2966 4949 4250 6790 5344 1830 1637 3976 4949 387 861 4250 1830 439 2667 1637 387 8483 3616 861 439 9156 8438 2667 8483 4837 7177 3616 9156 2807 795 8438 4837 4026 5130 7177 2807 3236 5677 795 4026 975 6480 5130 3236 6479 6473 5677 975 4446 2333 6480 6479 955 1537 6473 4446 6988 311 2333 955 2056 7782 1537 6988 5263 6213 311 2056 5532 1257 7782 5263 2023 4199 6213 5532 1808 6311 1257 2023 8263 2511 4199 1808 5393 3488 6311 8263 8276 5971 2511 5393 3355 759 3488 8276 3146 2585 5971 3355 3276 5895 759 3146 3119 350 2585 3276 9119 2537 5895 3119 2643 7273 350 9119 9047 6550 2537 2643 3294 5640 7273 9047 8208 244 6550 3294 2979 6314 5640 8208 2564 807 244 2979 8875 4364 6314 2564 1933 5447 807 8875 9252 322 4364 1933 4824 2126 5447 9252 2428 2961 322 5885 3976 6742 4346 6790 4250 7707 4120 3976 1637 9092 6742 4250 861 5104 7707 1637 2667 2895 9092 861 3616 2154 5104 2667 8438 8141 2895 3616 7177 8908 2154 8438 795 7854 8141 7177 5130 5340 8908 795 5677 444 7854 5130 6480 6315 5340 5677 6473 1402 444 6480 2333 8043 6315 6473 1537 7319 1402 2333 311 1280 8043 1537 7782 1451 7319 311 6213 2313 1280 7782 1257 2907 1451 6213 4199 3681 2313 1257 6311 5593 2907 4199 2511 6042 3681 6311 3488 4583 5593 2511 5971 4334 6042 3488 759 7878 4583 5971 2585 9025 4334 759 5895 7303 7878 2585 350 6752 9025 5895 2537 3123 7303 350 7273 6720 6752 2537 6550 3987 3123 7273 5640 1986 6720 6550 244 3793 3987 5640 6314 7618 1986 244 807 1898 3793 6314 4364 2458 7618 807 5447 2713 1898 4364 322 1082 2458 5447 2126 2626 2713 322 2961 8736 1082 4346 6742 3725 3922 4120 7707 1648 4904 6742 9092 8118 3725 7707 5104 6102 1648 9092 2895 5890 8118 5104 2154 1571 6102 2895 8141 782 5890 2154 8908 3850 1571 8141 7854 4740 782 8908 5340 8840 3850 7854 444 7703 4740 5340 6315 184 8840 444 1402 1009 7703 6315 8043 6726 184 1402 7319 930 1009 8043 1280 1078 6726 7319 1451 8220 930 1280 2313 74 1078 1451 2907 5596 8220 2313 3681 6612 74 2907 5593 1259 5596 3681 6042 7271 6612 5593 4583 3599 1259 6042 4334 6937 7271 4583 7878 8878 3599 4334 9025 8041 6937 7878 7303 3200 8878 9025 6752 2251 8041 7303 3123 128 3200 6752 6720 666 2251 3123 3987 9098 128 6720 1986 2421 666 3987 3793 5134 9098 1986 7618 674 2421 3793 1898 5622 5134 7618 2458 4381 674 1898 2713 7984 5622 2458 1082 1137 4381 2713 2626 454 7984 1082 8736 4680 1137 3922 3725 4519 533 4904 1648 6016 4996 3725 8118 1749 4519 1648 6102 3776 6016 8118 5890 6200 1749 6102 1571 8583 3776 5890 782 2782 6200 1571 3850 2649 8583 782 4740 3950 2782 3850 8840 4998 2649 4740 7703 5521 3950 8840 184 4323 4998 7703 1009 1260 5521 184 6726 5681 4323 1009 930 9061 1260 6726 1078 822 5681 930 8220 7979 9061 1078 74 1711 822 8220 5596 8025 7979 74 6612 8013 1711 5596 1259 5299 8025 6612 7271 1191 8013 1259 3599 7680 5299 7271 6937 111 1191 3599 8878 1203 7680 6937 8041 2870 111 8878 3200 4483 1203 8041 2251 6288 2870 3200 128 3006 4483 2251 666 6271 6288 128 9098 7216 3006 666 2421 6436 6271 9098 5134 9132 7216 2421 674 8817 6436 5134 5622 6494 9132 674 4381 4234 8817 5622 7984 4020 6494 4381 1137 7126 4234 7984 454 7838 4020 1137 4680 986 7126 533 4519 4860 8092 4996 6016 6296 7437 4519 1749 2335 4860 6016 3776 9140 6296 1749 6200 7950 2335 3776 8583 4148 9140 6200 2782 7227 7950 8583 2649 8766 4148 2782 3950 3102 7227 2649 4998 8563 8766 3950 5521 1765 3102 4998 4323 4112 8563 5521 1260 9174 1765 4323 5681 1066 4112 1260 9061 4256 9174 5681 822 8326 1066 9061 7979 4331 4256 822 1711 4219 8326 7979 8025 508 4331 1711 8013 4720 4219 8025 5299 3036 508 8013 1191 4544 4720 5299 7680 2084 3036 1191 111 5262 4544 7680 1203 5713 2084 111 2870 4929 5262 1203 4483 2571 5713 2870 6288 131 4929 4483 3006 6010 2571 6288 6271 3718 131 3006 7216 5172 6010 6271 6436 7720 3718 7216 9132 3894 5172 6436 8817 3138 7720 9132 6494 3751 3894 8817 4234 7919 3138 6494 4020 5321 3751 4234 7126 8130 7919 4020 7838 1869 5321 7126 986 6615 8130 8092 4860 7881 3895 7437 6296 6695 3147 4860 2335 4066 7881 6296 9140 4130 6695 2335 7950 3103 4066 9140 4148 7569 4130 7950 7227 2749 3103 4148 8766 7921 7569 7227 3102 7132 2749 8766 8563 6456 7921 3102 1765 6958 7132 8563 4112 2194 6456 1765 9174 4281 6958 4112 1066 6316 2194 9174 4256 7694 4281 1066 8326 8080 6316 4256 4331 647 7694 8326 4219 8414 8080 4331 508 4024 647 4219 4720 6894 8414 508 3036 212 4024 4720 4544 8486 6894 3036 2084 3708 212 4544 5262 1925 8486 2084 5713 3989 3708 5262 4929 1584 1925 5713 2571 8362 3989 4929 131 4875 1584 2571 6010 7468 8362 131 3718 1967 4875 6010 5172 2151 7468 3718 7720 6441 1967 5172 3894 5432 2151 7720 3138 4526 6441 3894 3751 3760 5432 3138 7919 8904 4526 3751 5321 1247 3760 7919 8130 7589 8904 5321 1869 6088 1247 8130 6615 5997 7589 3895 7881 2278 3326 3147 6695 4969 5759 7881 4066 4285 2278 6695 4130 1120 4969 4066 3103 6178 4285 4130 7569 2356 1120 3103 2749 203 6178 7569 7921 2141 2356 2749 7132 4828 203 7921 6456 335 2141 7132 6958 2669 4828 6456 2194 3464 335 6958 4281 4435 2669 2194 6316 2123 3464 4281 7694 6713 4435 6316 8080 2896 2123 7694 647 2920 6713 8080 8414 2217 2896 647 4024 5576 2920 8414 6894 8224 2217 4024 212 2372 5576 6894 8486 6837 8224 212 3708 699 2372 8486 1925 7284 6837 3708 3989 2551 699 1925 1584 8915 7284 3989 8362 5581 2551 1584 4875 2959 8915 8362 7468 4116 5581 4875 1967 465 2959 7468 2151 7947 4116 1967 6441 4361 465 2151 5432 6389 7947 6441 4526 4114 4361 5432 3760 4757 6389 4526 8904 8610 4114 3760 1247 232 4757 8904 7589 5611 8610 1247 6088 2529 232 7589 5997 9238 5611 3326 2278 4001 3388 5759 4969 1272 1240 2278 4285 2214 4001 4969 1120 6080 1272 4285 6178 1387 2214 1120 2356 2347 6080 6178 203 3417 1387 2356 2141 5512 2347 203 4828 5933 3417 2141 335 7724 5512 4828 2669 5935 5933 335 3464 8353 7724 2669 4435 4871 5935 3464 2123 1031 8353 4435 6713 8364 4871 2123 2896 4221 1031 6713 2920 1823 8364 2896 2217 2989 4221 2920 5576 9211 1823 2217 8224 1217 2989 5576 2372 9017 9211 8224 6837 2077 1217 2372 699 706 9017 6837 7284 4478 2077 699 2551 7451 706 7284 8915 4976 4478 2551 5581 2570 7451 8915 2959 8069 4976 5581 4116 6649 2570 2959 465 7988 8069 4116 7947 4044 6649 465 4361 233 7988 7947 6389 5869 4044 4361 4114 789 233 6389 4757 1721 5869 4114 8610 7396 789 4757 232 3364 1721 8610 5611 5642 7396 232 2529 2256 3364 5611 9238 3534 5642 3388 4001 4747 6513 1240 1272 7027 4436 4001 2214 1174 4747 1272 6080 2764 7027 2214 1387 744 1174 6080 2347 3815 2764 1387 3417 2119 744 2347 5512 1866 3815 3417 5933 4500 2119 5512 7724 7829 1866 5933 5935 9059 4500 7724 8353 8294 7829 5935 4871 6293 9059 8353 1031 8548 8294 4871 8364 7145 6293 1031 4221 5343 8548 8364 1823 4671 7145 4221 2989 8723 5343 1823 9211 2962 4671 2989 1217 4454 8723 9211 9017 1090 2962 1217 2077 2871 4454 9017 706 836 1090 2077 4478 7785 2871 706 7451 4935 836 4478 4976 669 7785 7451 2570 880 4935 4976 8069 3977 669 2570 6649 8006 880 8069 7988 4505 3977 6649 4044 8567 8006 7988 233 2357 4505 4044 5869 3655 8567 233 789 6355 2357 5869 1721 7011 3655 789 7396 8919 6355 1721 3364 492 7011 7396 5642 3868 8919 3364 2256 3270 492 5642 3534 2454 3868 6513 4747 6836 3179 4436 7027 6359 5658 4747 1174 52 6836 7027 2764 8269 6359 1174 744 1150 52 2764 3815 4004 8269 744 2119 2246 1150 3815 1866 7139 4004 2119 4500 671 2246 1866 7829 6686 7139 4500 9059 6535 671 7829 8294 5097 6686 9059 6293 2046 6535 8294 8548 4922 5097 6293 7145 3994 2046 8548 5343 6260 4922 7145 4671 3930 3994 5343 8723 1248 6260 4671 2962 4619 3930 8723 4454 8869 1248 2962 1090 1326 4619 4454 2871 257 8869 1090 836 6505 1326 2871 7785 2599 257 836 4935 6059 6505 7785 669 9005 2599 4935 880 987 6059 669 3977 1164 9005 880 8006 4960 987 3977 4505 336 1164 8006 8567 5036 4960 4505 2357 640 336 8567 3655 5316 5036 2357 6355 6774 640 3655 7011 2701 5316 6355 8919 4876 6774 7011 492 7097 2701 8919 3868 3007 4876 492 3270 5034 7097 3868 2454 6360 3007 3179 6836 1375 5556 5658 6359 2210 5483 6836 52 7893 1375 6359 8269 6231 2210 52 1150 3443 7893 8269 4004 8870 6231 1150 2246 7901 3443 4004 7139 5911 8870 2246 671 6868 7901 7139 6686 2631 5911 671 6535 2619 6868 6686 5097 2218 2631 6535 2046 8619 2619 5097 4922 5384 2218 2046 3994 3454 8619 4922 6260 933 5384 3994 3930 7337 3454 6260 1248 8452 933 3930 4619 3308 7337 1248 8869 5160 8452 4619 1326 8308 3308 8869 257 4886 5160 1326 6505 5594 8308 257 2599 3391 4886 6505 6059 8068 5594 2599 9005 2668 3391 6059 987 8717 8068 9005 1164 509 2668 987 4960 7649 8717 1164 336 6588 509 4960 5036 7323 7649 336 640 6655 6588 5036 5316 7352 7323 640 6774 5168 6655 5316 2701 3664 7352 6774 4876 1398 5168 2701 7097 7926 3664 4876 3007 7898 1398 7097 5034 5113 7926 3007 6360 5141 7898 5556 1375 20 953 5483 2210 7552 230 1375 7893 8071 20 2210 6231 3060 7552 7893 3443 1923 8071 6231 8870 3463 3060 3443 7901 821 1923 8870 5911 6798 3463 7901 6868 6824 821 5911 2631 9143 6798 6868 2619 2172 6824 2631 2218 3755 9143 2619 8619 5805 2172 2218 5384 3325 3755 8619 3454 6591 5805 5384 933 2248 3325 3454 7337 2182 6591 933 8452 8988 2248 7337 3308 8473 2182 8452 5160 2581 8988 3308 8308 5098 8473 5160 4886 3043 2581 8308 5594 3457 5098 4886 3391 5025 3043 5594 8068 7150 3457 3391 2668 4005 5025 8068 8717 1263 7150 2668 509 2080 4005 8717 7649 8216 1263 509 6588 6769 2080 7649 7323 3743 8216 6588 6655 2674 6769 7323 7352 8807 3743 6655 5168 6393 2674 7352 3664 8363 8807 5168 1398 6234 6393 3664 7926 6716 8363 1398 7898 388 6234 7926 5113 6233 6716 7898 5141 7290 388 953 20 1131 5747 230 7552 8842 2094 20 8071 3107 1131 7552 3060 3437 8842 8071 1923 1122 3107 3060 3463 9199 3437 1923 821 6371 1122 3463 6798 8718 9199 821 6824 3492 6371 6798 9143 4627 8718 6824 2172 359 3492 9143 3755 9099 4627 2172 5805 4014 359 3755 3325 8535 9099 5805 6591 1114 4014 3325 2248 4534 8535 6591 2182 6266 1114 2248 8988 5284 4534 2182 8473 3390 6266 8988 2581 1396 5284 8473 5098 2050 3390 2581 3043 8752 1396 5098 3457 681 2050 3043 5025 2299 8752 3457 7150 2443 681 5025 4005 9183 2299 7150 1263 7085 2443 4005 2080 7281 9183 1263 8216 6374 7085 2080 6769 828 7281 8216 3743 4817 6374 6769 2674 8900 828 3743 8807 2304 4817 2674 6393 1027 8900 8807 8363 3114 2304 6393 6234 9241 1027 8363 6716 659 3114 6234 388 477 9241 6716 6233 2810 659 388 7290 8768 477 5747 1131 134 3304 2094 8842 1878 5021 1131 3107 4388 134 8842 3437 5966 1878 3107 1122 8459 4388 3437 9199 8652 5966 1122 6371 7239 8459 9199 8718 5793 8652 6371 3492 4408 7239 8718 4627 7395 5793 3492 359 4453 4408 4627 9099 7726 7395 359 4014 804 4453 9099 8535 835 7726 4014 1114 1139 804 8535 4534 5651 835 1114 6266 3346 1139 4534 5284 4133 5651 6266 3390 3656 3346 5284 1396 8472 4133 3390 2050 8467 3656 1396 8752 9191 8472 2050 681 1947 8467 8752 2299 3348 9191 681 2443 6700 1947 2299 9183 576 3348 2443 7085 5589 6700 9183 7281 4115 576 7085 6374 1222 5589 7281 828 1392 4115 6374 4817 6586 1222 828 8900 8421 1392 4817 2304 2658 6586 8900 1027 1655 8421 2304 3114 8992 2658 1027 9241 6618 1655 3114 659 1952 8992 9241 477 1541 6618 659 2810 2158 1952 477 8768 146 1541 3304 134 3369 213 5021 1878 3199 4150 134 4388 1950 3369 1878 5966 6839 3199 4388 8459 860 1950 5966 8652 8661 6839 8459 7239 5063 860 8652 5793 5974 8661 7239 4408 8690 5063 5793 7395 864 5974 4408 4453 7692 8690 7395 7726 8673 864 4453 804 1919 7692 7726 835 6163 8673 804 1139 4590 1919 835 5651 2670 6163 1139 3346 100 4590 5651 4133 6114 2670 3346 3656 4572 100 4133 8472 8074 6114 3656 8467 5153 4572 8472 9191 8217 8074 8467 1947 7498 5153 9191 3348 7575 8217 1947 6700 5680 7498 3348 576 6957 7575 6700 5589 1920 5680 576 4115 398 6957 5589 1222 6773 1920 4115 1392 7737 398 1222 6586 5806 6773 1392 8421 3848 7737 6586 2658 6067 5806 8421 1655 9175 3848 2658 8992 6895 6067 1655 6618 7286 9175 8992 1952 4372 6895 6618 1541 2849 7286 1952 2158 1261 4372 1541 146 3881 2849 213 3369 391 1748 4150 3199 931 1484 3369 1950 2183 391 3199 6839 6461 931 1950 860 3577 2183 6839 8661 7292 6461 860 5063 7362 3577 8661 5974 9138 7292 5063 8690 8688 7362 5974 864 3126 9138 8690 7692 3636 8688 864 8673 3121 3126 7692 1919 3208 3636 8673 6163 665 3121 1919 4590 227 3208 6163 2670 5131 665 4590 100 2562 227 2670 6114 5745 5131 100 4572 7240 2562 6114 8074 6115 5745 4572 5153 902 7240 8074 8217 7592 6115 5153 7498 7643 902 8217 7575 4940 7592 7498 5680 4168 7643 7575 6957 1922 4940 5680 1920 1328 4168 6957 398 4356 1922 1920 6773 5650 1328 398 7737 4582 4356 6773 5806 5258 5650 7737 3848 5218 4582 5806 6067 8209 5258 3848 9175 8235 5218 6067 6895 1236 8209 9175 7286 6647 8235 6895 4372 1206 1236 7286 2849 2455 6647 4372 1261 5499 1206 2849 3881 1464 2455 1748 391 3142 1949 1484 931 4812 406 391 2183 3161 3142 931 6461 8323 4812 2183 3577 6313 3161 6461 7292 6291 8323 3577 7362 1545 6313 7292 9138 3557 6291 7362 8688 2638 1545 9138 3126 1307 3557 8688 3636 8253 2638 3126 3121 2624 1307 3636 3208 914 8253 3121 665 7459 2624 3208 227 8416 914 665 5131 5377 7459 227 2562 8327 8416 5131 5745 1901 5377 2562 7240 4662 8327 5745 6115 8445 1901 7240 902 6430 4662 6115 7592 7899 8445 902 7643 2546 6430 7592 4940 6116 7899 7643 4168 4581 2546 4940 1922 8517 6116 4168 1328 8677 4581 1922 4356 5210 8517 1328 5650 2460 8677 4356 4582 4077 5210 5650 5258 7268 2460 4582 5218 4798 4077 5258 8209 3193 7268 5218 8235 1418 4798 8209 1236 3952 3193 8235 6647 4859 1418 1236 1206 3153 3952 6647 2455 138 4859 1206 5499 565 3153 2455 1464 8713 138 1949 3142 7235 9213 406 4812 4672 4801 3142 3161 2693 7235 4812 8323 5028 4672 3161 6313 2312 2693 8323 6291 6446 5028 6313 1545 5571 2312 6291 3557 3958 6446 1545 2638 94 5571 3557 1307 2132 3958 2638 8253 7913 94 1307 2624 4725 2132 8253 914 5679 7913 2624 7459 486 4725 914 8416 827 5679 7459 5377 4056 486 8416 8327 2112 827 5377 1901 2604 4056 8327 4662 2589 2112 1901 8445 7068 2604 4662 6430 8431 2589 8445 7899 3039 7068 6430 2546 7751 8431 7899 6116 729 3039 2546 4581 5897 7751 6116 8517 478 729 4581 8677 2802 5897 8517 5210 6338 478 8677 2460 6975 2802 5210 4077 1104 6338 2460 7268 1610 6975 4077 4798 4915 1104 7268 3193 145 1610 4798 1418 421 4915 3193 3952 915 145 1418 4859 4950 421 3952 3153 786 915 4859 138 6409 4950 3153 565 2630 786 138 8713 4104 6409 9213 7235 7270 1645 4801 4672 5235 2621 7235 2693 6933 7270 4672 5028 698 5235 2693 2312 5987 6933 5028 6446 4603 698 2312 5571 8675 5987 6446 3958 7544 4603 5571 94 1921 8675 3958 2132 7118 7544 94 7913 2470 1921 2132 4725 5754 7118 7913 5679 5201 2470 4725 486 1863 5754 5679 827 4085 5201 486 4056 4550 1863 827 2112 1190 4085 4056 2604 7909 4550 2112 2589 6776 1190 2604 7068 338 7909 2589 8431 6362 6776 7068 3039 3250 338 8431 7751 6412 6362 3039 729 6099 3250 7751 5897 2065 6412 729 478 6377 6099 5897 2802 7564 2065 478 6338 3459 6377 2802 6975 1569 7564 6338 1104 3906 3459 6975 1610 2074 1569 1104 4915 8628 3906 1610 145 6455 2074 4915 421 6131 8628 145 915 245 6455 421 4950 4326 6131 915 786 3904 245 4950 6409 6185 4326 786 2630 8813 3904 6409 4104 7831 6185 1645 7270 7176 5995 2621 5235 45 3516 7270 6933 2325 7176 5235 698 3929 45 6933 5987 6873 2325 698 4603 3204 3929 5987 8675 8961 6873 4603 7544 4692 3204 8675 1921 435 8961 7544 7118 7065 4692 1921 2470 8140 435 7118 5754 7228 7065 2470 5201 4520 8140 5754 1863 5000 7228 5201 4085 9218 4520 1863 4550 3311 5000 4085 1190 649 9218 4550 7909 5209 3311 1190 6776 6976 649 7909 338 3768 5209 6776 6362 7487 6976 338 3250 1273 3768 6362 6412 1897 7487 3250 6099 6390 1273 6412 2065 6807 1897 6099 6377 3819 6390 2065 7564 4179 6807 6377 3459 2348 3819 7564 1569 5300 4179 3459 3906 7329 2348 1569 2074 8312 5300 3906 8628 1054 7329 2074 6455 1617 8312 8628 6131 6974 1054 6455 245 7405 1617 6131 4326 8296 6974 245 3904 8339 7405 4326 6185 7127 8296 3904 8813 5463 8339 6185 7831 2530 7127 2966 4949 4250 6790 4987 4415 6835 8612 4949 387 861 4250 4415 7369 2270 6835 387 8483 3616 861 7369 5902 2361 2270 8483 4837 7177 3616 5902 7968 7745 2361 4837 4026 5130 7177 7968 6898 1893 7745 4026 975 6480 5130 6898 196 7662 1893 975 4446 2333 6480 196 1883 7768 7662 4446 6988 311 2333 1883 5019 8137 7768 6988 5263 6213 311 5019 290 4306 8137 5263 2023 4199 6213 290 2753 817 4306 2023 8263 2511 4199 2753 5092 8125 817 8263 8276 5971 2511 5092 6753 3871 8125 8276 3146 2585 5971 6753 90 7781 3871 3146 3119 350 2585 90 412 3601 7781 3119 2643 7273 350 412 4539 1085 3601 2643 3294 5640 7273 4539 577 5337 1085 3294 2979 6314 5640 577 3522 8225 5337 2979 8875 4364 6314 3522 4376 3183 8225 8875 9252 322 4364 4376 2255 4459 3183 9252 2428 2961 322 2255 4073 2765 4459 6790 4250 7707 4120 8612 6835 6351 326 4250 861 5104 7707 6835 2270 438 6351 861 3616 2154 5104 2270 2361 8396 438 3616 7177 8908 2154 2361 7745 7753 8396 7177 5130 5340 8908 7745 1893 677 7753 5130 6480 6315 5340 1893 7662 5711 677 6480 2333 8043 6315 7662 7768 5578 5711 2333 311 1280 8043 7768 8137 500 5578 311 6213 2313 1280 8137 4306 5922 500 6213 4199 3681 2313 4306 817 4267 5922 4199 2511 6042 3681 817 8125 7981 4267 2511 5971 4334 6042 8125 3871 247 7981 5971 2585 9025 4334 3871 7781 808 247 2585 350 6752 9025 7781 3601 2724 808 350 7273 6720 6752 3601 1085 5145 2724 7273 5640 1986 6720 1085 5337 9157 5145 5640 6314 7618 1986 5337 8225 3504 9157 6314 4364 2458 7618 8225 3183 5614 3504 4364 322 1082 2458 3183 4459 7244 5614 322 2961 8736 1082 4459 2765 4379 7244 4120 7707 1648 4904 326 6351 3633 8769 7707 5104 6102 1648 6351 438 1614 3633 5104 2154 1571 6102 438 8396 5061 1614 2154 8908 3850 1571 8396 7753 8014 5061 8908 5340 8840 3850 7753 677 1860 8014 5340 6315 184 8840 677 5711 1374 1860 6315 8043 6726 184 5711 5578 3997 1374 8043 1280 1078 6726 5578 500 1251 3997 1280 2313 74 1078 500 5922 7154 1251 2313 3681 6612 74 5922 4267 4186 7154 3681 6042 7271 6612 4267 7981 445 4186 6042 4334 6937 7271 7981 247 1121 445 4334 9025 8041 6937 247 808 2223 1121 9025 6752 2251 8041 808 2724 6983 2223 6752 6720 666 2251 2724 5145 3070 6983 6720 1986 2421 666 5145 9157 3245 3070 1986 7618 674 2421 9157 3504 8485 3245 7618 2458 4381 674 3504 5614 8477 8485 2458 1082 1137 4381 5614 7244 1661 8477 1082 8736 4680 1137 7244 4379 4050 1661 4904 1648 6016 4996 8769 3633 7855 4499 1648 6102 3776 6016 3633 1614 4235 7855 6102 1571 8583 3776 1614 5061 5293 4235 1571 3850 2649 8583 5061 8014 5591 5293 3850 8840 4998 2649 8014 1860 1208 5591 8840 184 4323 4998 1860 1374 4578 1208 184 6726 5681 4323 1374 3997 5924 4578 6726 1078 822 5681 3997 1251 5682 5924 1078 74 1711 822 1251 7154 3996 5682 74 6612 8013 1711 7154 4186 2388 3996 6612 7271 1191 8013 4186 445 1636 2388 7271 6937 111 1191 445 1121 7119 1636 6937 8041 2870 111 1121 2223 4816 7119 8041 2251 6288 2870 2223 6983 118 4816 2251 666 6271 6288 6983 3070 7996 118 666 2421 6436 6271 3070 3245 1057 7996 2421 674 8817 6436 3245 8485 2233 1057 674 4381 4234 8817 8485 8477 2352 2233 4381 1137 7126 4234 8477 1661 7700 2352 1137 4680 986 7126 1661 4050 3512 7700 4996 6016 6296 7437 4499 7855 8761 4853 6016 3776 9140 6296 7855 4235 5825 8761 3776 8583 4148 9140 4235 5293 3875 5825 8583 2649 8766 4148 5293 5591 9253 3875 2649 4998 8563 8766 5591 1208 4912 9253 4998 4323 4112 8563 1208 4578 2444 4912 4323 5681 1066 4112 4578 5924 3539 2444 5681 822 8326 1066 5924 5682 7354 3539 822 1711 4219 8326 5682 3996 4640 7354 1711 8013 4720 4219 3996 2388 7095 4640 8013 1191 4544 4720 2388 1636 71 7095 1191 111 5262 4544 1636 7119 6117 71 111 2870 4929 5262 7119 4816 3277 6117 2870 6288 131 4929 4816 118 7540 3277 6288 6271 3718 131 118 7996 9001 7540 6271 6436 7720 3718 7996 1057 7086 9001 6436 8817 3138 7720 1057 2233 720 7086 8817 4234 7919 3138 2233 2352 6481 720 4234 7126 8130 7919 2352 7700 6118 6481 7126 986 6615 8130 7700 3512 5742 6118 7437 6296 6695 3147 4853 8761 418 130 6296 9140 4130 6695 8761 5825 731 418 9140 4148 7569 4130 5825 3875 259 731 4148 8766 7921 7569 3875 9253 1934 259 8766 8563 6456 7921 9253 4912 993 1934 8563 4112 2194 6456 4912 2444 2787 993 4112 1066 6316 2194 2444 3539 5401 2787 1066 8326 8080 6316 3539 7354 7517 5401 8326 4219 8414 8080 7354 4640 7493 7517 4219 4720 6894 8414 4640 7095 1991 7493 4720 4544 8486 6894 7095 71 3415 1991 4544 5262 1925 8486 71 6117 7349 3415 5262 4929 1584 1925 6117 3277 5926 7349 4929 131 4875 1584 3277 7540 2192 5926 131 3718 1967 4875 7540 9001 2757 2192 3718 7720 6441 1967 9001 7086 6132 2757 7720 3138 4526 6441 7086 720 1013 6132 3138 7919 8904 4526 720 6481 3306 1013 7919 8130 7589 8904 6481 6118 3430 3306 8130 6615 5997 7589 6118 5742 7043 3430 3147 6695 4969 5759 130 418 5659 4105 6695 4130 1120 4969 418 731 4723 5659 4130 7569 2356 1120 731 259 7936 4723 7569 7921 2141 2356 259 1934 5868 7936 7921 6456 335 2141 1934 993 4196 5868 6456 2194 3464 335 993 2787 5114 4196 2194 6316 2123 3464 2787 5401 3354 5114 6316 8080 2896 2123 5401 7517 140 3354 8080 8414 2217 2896 7517 7493 8453 140 8414 6894 8224 2217 7493 1991 7900 8453 6894 8486 6837 8224 1991 3415 3699 7900 8486 1925 7284 6837 3415 7349 7087 3699 1925 1584 8915 7284 7349 5926 112 7087 1584 4875 2959 8915 5926 2192 4608 112 4875 1967 465 2959 2192 2757 176 4608 1967 6441 4361 465 2757 6132 4574 176 6441 4526 4114 4361 6132 1013 7982 4574 4526 8904 8610 4114 1013 3306 3562 7982 8904 7589 5611 8610 3306 3430 8124 3562 7589 5997 9238 5611 3430 7043 3975 8124 5759 4969 1272 1240 4105 5659 4255 965 4969 1120 6080 1272 5659 4723 7067 4255 1120 2356 2347 6080 4723 7936 6297 7067 2356 2141 5512 2347 7936 5868 6228 6297 2141 335 7724 5512 5868 4196 2472 6228 335 3464 8353 7724 4196 5114 3086 2472 3464 2123 1031 8353 5114 3354 4164 3086 2123 2896 4221 1031 3354 140 7355 4164 2896 2217 2989 4221 140 8453 7165 7355 2217 8224 1217 2989 8453 7900 8972 7165 8224 6837 2077 1217 7900 3699 3071 8972 6837 7284 4478 2077 3699 7087 4956 3071 7284 8915 4976 4478 7087 112 199 4956 8915 2959 8069 4976 112 4608 6896 199 2959 465 7988 8069 4608 176 4416 6896 465 4361 233 7988 176 4574 1107 4416 4361 4114 789 233 4574 7982 2769 1107 4114 8610 7396 789 7982 3562 6918 2769 8610 5611 5642 7396 3562 8124 8279 6918 5611 9238 3534 5642 8124 3975 1812 8279 1240 1272 7027 4436 965 4255 6226 2636 1272 6080 2764 7027 4255 7067 3222 6226 6080 2347 3815 2764 7067 6297 3431 3222 2347 5512 1866 3815 6297 6228 1968 3431 5512 7724 7829 1866 6228 2472 8324 1968 7724 8353 8294 7829 2472 3086 882 8324 8353 1031 8548 8294 3086 4164 873 882 1031 4221 5343 8548 4164 7355 3358 873 4221 2989 8723 5343 7355 7165 3907 3358 2989 1217 4454 8723 7165 8972 285 3907 1217 2077 2871 4454 8972 3071 104 285 2077 4478 7785 2871 3071 4956 6559 104 4478 4976 669 7785 4956 199 6809 6559 4976 8069 3977 669 199 6896 1791 6809 8069 7988 4505 3977 6896 4416 4404 1791 7988 233 2357 4505 4416 1107 86 4404 233 789 6355 2357 1107 2769 28 86 789 7396 8919 6355 2769 6918 5736 28 7396 5642 3868 8919 6918 8279 2808 5736 5642 3534 2454 3868 8279 1812 3546 2808 4436 7027 6359 5658 2636 6226 4686 4585 7027 2764 8269 6359 6226 3222 838 4686 2764 3815 4004 8269 3222 3431 7742 838 3815 1866 7139 4004 3431 1968 3853 7742 1866 7829 6686 7139 1968 8324 395 3853 7829 8294 5097 6686 8324 882 6030 395 8294 8548 4922 5097 882 873 4591 6030 8548 5343 6260 4922 873 3358 5437 4591 5343 8723 1248 6260 3358 3907 7010 5437 8723 4454 8869 1248 3907 285 2430 7010 4454 2871 257 8869 285 104 1300 2430 2871 7785 2599 257 104 6559 265 1300 7785 669 9005 2599 6559 6809 1632 265 669 3977 1164 9005 6809 1791 3283 1632 3977 4505 336 1164 1791 4404 4951 3283 4505 2357 640 336 4404 86 4521 4951 2357 6355 6774 640 86 28 4032 4521 6355 8919 4876 6774 28 5736 2392 4032 8919 3868 3007 4876 5736 2808 6503 2392 3868 2454 6360 3007 2808 3546 5738 6503 5658 6359 2210 5483 4585 4686 6866 2932 6359 8269 6231 2210 4686 838 4611 6866 8269 4004 8870 6231 838 7742 2869 4611 4004 7139 5911 8870 7742 3853 2567 2869 7139 6686 2631 5911 3853 395 6797 2567 6686 5097 2218 2631 395 6030 5655 6797 5097 4922 5384 2218 6030 4591 954 5655 4922 6260 933 5384 4591 5437 633 954 6260 1248 8452 933 5437 7010 3494 633 1248 8869 5160 8452 7010 2430 6179 3494 8869 257 4886 5160 2430 1300 7532 6179 257 2599 3391 4886 1300 265 6707 7532 2599 9005 2668 3391 265 1632 4551 6707 9005 1164 509 2668 1632 3283 6605 4551 1164 336 6588 509 3283 4951 6514 6605 336 640 6655 6588 4951 4521 4292 6514 640 6774 5168 6655 4521 4032 7678 4292 6774 4876 1398 5168 4032 2392 4257 7678 4876 3007 7898 1398 2392 6503 4625 4257 3007 6360 5141 7898 6503 5738 3933 4625 5483 2210 7552 230 2932 6866 8647 9193 2210 6231 3060 7552 6866 4611 6750 8647 6231 8870 3463 3060 4611 2869 4488 6750 8870 5911 6798 3463 2869 2567 568 4488 5911 2631 9143 6798 2567 6797 6475 568 2631 2218 3755 9143 6797 5655 994 6475 2218 5384 3325 3755 5655 954 7519 994 5384 933 2248 3325 954 633 2799 7519 933 8452 8988 2248 633 3494 687 2799 8452 5160 2581 8988 3494 6179 3019 687 5160 4886 3043 2581 6179 7532 6354 3019 4886 3391 5025 3043 7532 6707 2332 6354 3391 2668 4005 5025 6707 4551 7111 2332 2668 509 2080 4005 4551 6605 5275 7111 509 6588 6769 2080 6605 6514 2960 5275 6588 6655 2674 6769 6514 4292 5541 2960 6655 5168 6393 2674 4292 7678 3754 5541 5168 1398 6234 6393 7678 4257 7338 3754 1398 7898 388 6234 4257 4625 1213 7338 7898 5141 7290 388 4625 3933 4259 1213 230 7552 8842 2094 9193 8647 8059 6376 7552 3060 3437 8842 8647 6750 7833 8059 3060 3463 9199 3437 6750 4488 7653 7833 3463 6798 8718 9199 4488 568 3716 7653 6798 9143 4627 8718 568 6475 6899 3716 9143 3755 9099 4627 6475 994 7016 6899 3755 3325 8535 9099 994 7519 5609 7016 3325 2248 4534 8535 7519 2799 8054 5609 2248 8988 5284 4534 2799 687 6966 8054 8988 2581 1396 5284 687 3019 8437 6966 2581 3043 8752 1396 3019 6354 2816 8437 3043 5025 2299 8752 6354 2332 6929 2816 5025 4005 9183 2299 2332 7111 8337 6929 4005 2080 7281 9183 7111 5275 7885 8337 2080 6769 828 7281 5275 2960 1837 7885 6769 2674 8900 828 2960 5541 3317 1837 2674 6393 1027 8900 5541 3754 3194 3317 6393 6234 9241 1027 3754 7338 5509 3194 6234 388 477 9241 7338 1213 4973 5509 388 7290 8768 477 1213 4259 7063 4973 2094 8842 1878 5021 6376 8059 4779 2771 8842 3437 5966 1878 8059 7833 2445 4779 3437 9199 8652 5966 7833 7653 2601 2445 9199 8718 5793 8652 7653 3716 2645 2601 8718 4627 7395 5793 3716 6899 701 2645 4627 9099 7726 7395 6899 7016 6347 701 9099 8535 835 7726 7016 5609 7499 6347 8535 4534 5651 835 5609 8054 4486 7499 4534 5284 4133 5651 8054 6966 9228 4486 5284 1396 8472 4133 6966 8437 4296 9228 1396 8752 9191 8472 8437 2816 6805 4296 8752 2299 3348 9191 2816 6929 3057 6805 2299 9183 576 3348 6929 8337 6339 3057 9183 7281 4115 576 8337 7885 7168 6339 7281 828 1392 4115 7885 1837 5071 7168 828 8900 8421 1392 1837 3317 92 5071 8900 1027 1655 8421 3317 3194 1988 92 1027 9241 6618 1655 3194 5509 5064 1988 9241 477 1541 6618 5509 4973 1278 5064 477 8768 146 1541 4973 7063 5361 1278 5021 1878 3199 4150 2771 4779 3316 3149 1878 5966 6839 3199 4779 2445 4916 3316 5966 8652 8661 6839 2445 2601 5367 4916 8652 5793 5974 8661 2601 2645 5623 5367 5793 7395 864 5974 2645 701 2253 5623 7395 7726 8673 864 701 6347 5403 2253 7726 835 6163 8673 6347 7499 6327 5403 835 5651 2670 6163 7499 4486 7593 6327 5651 4133 6114 2670 4486 9228 7108 7593 4133 8472 8074 6114 9228 4296 8811 7108 8472 9191 8217 8074 4296 6805 8922 8811 9191 3348 7575 8217 6805 3057 704 8922 3348 576 6957 7575 3057 6339 7935 704 576 4115 398 6957 6339 7168 8749 7935 4115 1392 7737 398 7168 5071 2606 8749 1392 8421 3848 7737 5071 92 8568 2606 8421 1655 9175 3848 92 1988 8760 8568 1655 6618 7286 9175 1988 5064 7945 8760 6618 1541 2849 7286 5064 1278 1372 7945 1541 146 3881 2849 1278 5361 2945 1372 4150 3199 931 1484 3149 3316 3713 1070 3199 6839 6461 931 3316 4916 3217 3713 6839 8661 7292 6461 4916 5367 1570 3217 8661 5974 9138 7292 5367 5623 2329 1570 5974 864 3126 9138 5623 2253 6386 2329 864 8673 3121 3126 2253 5403 4959 6386 8673 6163 665 3121 5403 6327 1675 4959 6163 2670 5131 665 6327 7593 4694 1675 2670 6114 5745 5131 7593 7108 6517 4694 6114 8074 6115 5745 7108 8811 6380 6517 8074 8217 7592 6115 8811 8922 7743 6380 8217 7575 4940 7592 8922 704 932 7743 7575 6957 1922 4940 704 7935 5715 932 6957 398 4356 1922 7935 8749 419 5715 398 7737 4582 4356 8749 2606 818 419 7737 3848 5218 4582 2606 8568 4327 818 3848 9175 8235 5218 8568 8760 2634 4327 9175 7286 6647 8235 8760 7945 6831 2634 7286 2849 2455 6647 7945 1372 5279 6831 2849 3881 1464 2455 1372 2945 1937 5279 1484 931 4812 406 1070 3713 3327 7713 931 6461 8323 4812 3713 3217 355 3327 6461 7292 6291 8323 3217 1570 3432 355 7292 9138 3557 6291 1570 2329 3223 3432 9138 3126 1307 3557 2329 6386 3839 3223 3126 3121 2624 1307 6386 4959 6447 3839 3121 665 7459 2624 4959 1675 8751 6447 665 5131 5377 7459 1675 4694 4913 8751 5131 5745 1901 5377 4694 6517 5691 4913 5745 6115 8445 1901 6517 6380 440 5691 6115 7592 7899 8445 6380 7743 1977 440 7592 4940 6116 7899 7743 932 4051 1977 4940 1922 8517 6116 932 5715 3615 4051 1922 4356 5210 8517 5715 419 5526 3615 4356 4582 4077 5210 419 818 1274 5526 4582 5218 4798 4077 818 4327 2087 1274 5218 8235 1418 4798 4327 2634 4721 2087 8235 6647 4859 1418 2634 6831 2653 4721 6647 2455 138 4859 6831 5279 2503 2653 2455 1464 8713 138 5279 1937 2140 2503 406 4812 4672 4801 7713 3327 6134 6454 4812 8323 5028 4672 3327 355 555 6134 8323 6291 6446 5028 355 3432 7241 555 6291 3557 3958 6446 3432 3223 8499 7241 3557 1307 2132 3958 3223 3839 2821 8499 1307 2624 4725 2132 3839 6447 6548 2821 2624 7459 486 4725 6447 8751 2153 6548 7459 5377 4056 486 8751 4913 7774 2153 5377 1901 2604 4056 4913 5691 2146 7774 1901 8445 7068 2604 5691 440 5605 2146 8445 7899 3039 7068 440 1977 2523 5605 7899 6116 729 3039 1977 4051 1262 2523 6116 8517 478 729 4051 3615 7443 1262 8517 5210 6338 478 3615 5526 2483 7443 5210 4077 1104 6338 5526 1274 8090 2483 4077 4798 4915 1104 1274 2087 941 8090 4798 1418 421 4915 2087 4721 1938 941 1418 4859 4950 421 4721 2653 5839 1938 4859 138 6409 4950 2653 2503 1819 5839 138 8713 4104 6409 2503 2140 3565 1819 4801 4672 5235 2621 6454 6134 8147 8243 4672 5028 698 5235 6134 555 1198 8147 5028 6446 4603 698 555 7241 4184 1198 6446 3958 7544 4603 7241 8499 5186 4184 3958 2132 7118 7544 8499 2821 536 5186 2132 4725 5754 7118 2821 6548 8902 536 4725 486 1863 5754 6548 2153 5236 8902 486 4056 4550 1863 2153 7774 6081 5236 4056 2604 7909 4550 7774 2146 8310 6081 2604 7068 338 7909 2146 5605 1712 8310 7068 3039 3250 338 5605 2523 1480 1712 3039 729 6099 3250 2523 1262 5057 1480 729 478 6377 6099 1262 7443 6349 5057 478 6338 3459 6377 7443 2483 8773 6349 6338 1104 3906 3459 2483 8090 6984 8773 1104 4915 8628 3906 8090 941 2528 6984 4915 421 6131 8628 941 1938 4007 2528 421 4950 4326 6131 1938 5839 7054 4007 4950 6409 6185 4326 5839 1819 6779 7054 6409 4104 7831 6185 1819 3565 8966 6779 2621 5235 45 3516 8243 8147 1740 4988 5235 698 3929 45 8147 1198 4052 1740 698 4603 3204 3929 1198 4184 4643 4052 4603 7544 4692 3204 4184 5186 8205 4643 7544 7118 7065 4692 5186 536 6671 8205 7118 5754 7228 7065 536 8902 8905 6671 5754 1863 5000 7228 8902 5236 379 8905 1863 4550 3311 5000 5236 6081 1331 379 4550 7909 5209 3311 6081 8310 235 1331 7909 338 3768 5209 8310 1712 1548 235 338 3250 1273 3768 1712 1480 8816 1548 3250 6099 6390 1273 1480 5057 4403 8816 6099 6377 3819 6390 5057 6349 1877 4403 6377 3459 2348 3819 6349 8773 8789 1877 3459 3906 7329 2348 8773 6984 3794 8789 3906 8628 1054 7329 6984 2528 4322 3794 8628 6131 6974 1054 2528 4007 8727 4322 6131 4326 8296 6974 4007 7054 4891 8727 4326 6185 7127 8296 7054 6779 5324 4891 6185 7831 2530 7127 6779 8966 5626 5324 
        </DataArray>
        <DataArray type="Int32" Name="offsets" format="ascii">
          8 16 24 32 40 48 56 64 72 80 88 96 104 112 120 128 136 144 152 160 168 176 184 192 200 208 216 224 232 240 248 256 264 272 280 288 296 304 312 320 328 336 344 352 360 368 376 384 392 400 408 416 424 432 440 448 456 464 472 480 488 496 504 512 520 528 536 544 552 560 568 576 584 592 600 608 616 624 632 640 648 656 664 672 680 688 696 704 712 720 728 736 744 752 760 768 776 784 792 800 808 816 824 832 840 848 856 864 872 880 888 896 904 912 920 928 936 944 952 960 968 976 984 992 1000 1008 1016 1024 1032 1040 1048 1056 1064 1072 1080 1088 1096 1104 1112 1120 1128 1136 1144 1152 1160 1168 1176 1184 1192 1200 1208 1216 1224 1232 1240 1248 1256 1264 1272 1280 1288 1296 1304 1312 1320 1328 1336 1344 1352 1360 1368 1376 1384 1392 1400 1408 1416 1424 1432 1440 1448 1456 1464 1472 1480 1488 1496 1504 1512 1520 1528 1536 1544 1552 1560 1568 1576 1584 1592 1600 1608 1616 1624 1632 1640 1648 1656 1664 1672 1680 1688 1696 1704 1712 1720 1728 1736 1744 1752 1760 1768 1776 1784 1792 1800 1808 1816 1824 1832 1840 1848 1856 1864 1872 1880 1888 1896 1904 1912 1920 1928 1936 1944 1952 1960 1968 1976 1984 1992 2000 2008 2016 2024 2032 2040 2048 2056 2064 2072 2080 2088 2096 2104 2112 2120 2128 2136 2144 2152 2160 2168 2176 2184 2192 2200 2208 2216 2224 2232 2240 2248 2256 2264 2272 2280 2288 2296 2304 2312 2320 2328 2336 2344 2352 2360 2368 2376 2384 2392 2400 2408 2416 2424 2432 2440 2448 2456 2464 2472 2480 2488 2496 2504 2512 2520 2528 2536 2544 2552 2560 2568 2576 2584 2592 2600 2608 2616 2624 2632 2640 2648 2656 2664 2672 2680 2688 2696 2704 2712 2720 2728 2736 2744 2752 2760 2768 2776 2784 2792 2800 2808 2816 2824 2832 2840 2848 2856 2864 2872 2880 2888 2896 2904 2912 2920 2928 2936 2944 2952 2960 2968 2976 2984 2992 3000 3008 3016 3024 3032 3040 3048 3056 3064 3072 3080 3088 3096 3104 3112 3120 3128 3136 3144 3152 3160 3168 3176 3184 3192 3200 3208 3216 3224 3232 3240 3248 3256 3264 3272 3280 3288 3296 3304 3312 3320 3328 3336 3344 3352 3360 3368 3376 3384 3392 3400 3408 3416 3424 3432 3440 3448 3456 3464 3472 3480 3488 3496 3504 3512 3520 3528 3536 3544 3552 3560 3568 3576 3584 3592 3600 3608 3616 3624 3632 3640 3648 3656 3664 3672 3680 3688 3696 3704 3712 3720 3728 3736 3744 3752 3760 3768 3776 3784 3792 3800 3808 3816 3824 3832 3840 3848 3856 3864 3872 3880 3888 3896 3904 3912 3920 3928 3936 3944 3952 3960 3968 3976 3984 3992 4000 4008 4016 4024 4032 4040 4048 4056 4064 4072 4080 4088 4096 4104 4112 4120 4128 4136 4144 4152 4160 4168 4176 4184 4192 4200 4208 4216 4224 4232 4240 4248 4256 4264 4272 4280 4288 4296 4304 4312 4320 4328 4336 4344 4352 4360 4368 4376 4384 4392 4400 4408 4416 4424 4432 4440 4448 4456 4464 4472 4480 4488 4496 4504 4512 4520 4528 4536 4544 4552 4560 4568 4576 4584 4592 4600 4608 4616 4624 4632 4640 4648 4656 4664 4672 4680 4688 4696 4704 4712 4720 4728 4736 4744 4752 4760 4768 4776 4784 4792 4800 4808 4816 4824 4832 4840 4848 4856 4864 4872 4880 4888 4896 4904 4912 4920 4928 4936 4944 4952 4960 4968 4976 4984 4992 5000 5008 5016 5024 5032 5040 5048 5056 5064 5072 5080 5088 5096 5104 5112 5120 5128 5136 5144 5152 5160 5168 5176 5184 5192 5200 5208 5216 5224 5232 5240 5248 5256 5264 5272 5280 5288 5296 5304 5312 5320 5328 5336 5344 5352 5360 5368 5376 5384 5392 5400 5408 5416 5424 5432 5440 5448 5456 5464 5472 5480 5488 5496 5504 5512 5520 5528 5536 5544 5552 5560 5568 5576 5584 5592 5600 5608 5616 5624 5632 5640 5648 5656 5664 5672 5680 5688 5696 5704 5712 5720 5728 5736 5744 5752 5760 5768 5776 5784 5792 5800 5808 5816 5824 5832 5840 5848 5856 5864 5872 5880 5888 5896 5904 5912 5920 5928 5936 5944 5952 5960 5968 5976 5984 5992 6000 6008 6016 6024 6032 6040 6048 6056 6064 6072 6080 6088 6096 6104 6112 6120 6128 6136 6144 6152 6160 6168 6176 6184 6192 6200 6208 6216 6224 6232 6240 6248 6256 6264 6272 6280 6288 6296 6304 6312 6320 6328 6336 6344 6352 6360 6368 6376 6384 6392 6400 6408 6416 6424 6432 6440 6448 6456 6464 6472 6480 6488 6496 6504 6512 6520 6528 6536 6544 6552 6560 6568 6576 6584 6592 6600 6608 6616 6624 6632 6640 6648 6656 6664 6672 6680 6688 6696 6704 6712 6720 6728 6736 6744 6752 6760 6768 6776 6784 6792 6800 6808 6816 6824 6832 6840 6848 6856 6864 6872 6880 6888 6896 6904 6912 6920 6928 6936 6944 6952 6960 6968 6976 6984 6992 7000 7008 7016 7024 7032 7040 7048 7056 7064 7072 7080 7088 7096 7104 7112 7120 7128 7136 7144 7152 7160 7168 7176 7184 7192 7200 7208 7216 7224 7232 7240 7248 7256 7264 7272 7280 7288 7296 7304 7312 7320 7328 7336 7344 7352 7360 7368 7376 7384 7392 7400 7408 7416 7424 7432 7440 7448 7456 7464 7472 7480 7488 7496 7504 7512 7520 7528 7536 7544 7552 7560 7568 7576 7584 7592 7600 7608 7616 7624 7632 7640 7648 7656 7664 7672 7680 7688 7696 7704 7712 7720 7728 7736 7744 7752 7760 7768 7776 7784 7792 7800 7808 7816 7824 7832 7840 7848 7856 7864 7872 7880 7888 7896 7904 7912 7920 7928 7936 7944 7952 7960 7968 7976 7984 7992 8000 8008 8016 8024 8032 8040 8048 8056 8064 8072 8080 8088 8096 8104 8112 8120 8128 8136 8144 8152 8160 8168 8176 8184 8192 8200 8208 8216 8224 8232 8240 8248 8256 8264 8272 8280 8288 8296 8304 8312 8320 8328 8336 8344 8352 8360 8368 8376 8384 8392 8400 8408 8416 8424 8432 8440 8448 8456 8464 8472 8480 8488 8496 8504 8512 8520 8528 8536 8544 8552 8560 8568 8576 8584 8592 8600 8608 8616 8624 8632 8640 8648 8656 8664 8672 8680 8688 8696 8704 8712 8720 8728 8736 8744 8752 8760 8768 8776 8784 8792 8800 8808 8816 8824 8832 8840 8848 8856 8864 8872 8880 8888 8896 8904 8912 8920 8928 8936 8944 8952 8960 8968 8976 8984 8992 9000 9008 9016 9024 9032 9040 9048 9056 9064 9072 9080 9088 9096 9104 9112 9120 9128 9136 9144 9152 9160 9168 9176 9184 9192 9200 9208 9216 9224 9232 9240 9248 9256 9264 9272 9280 9288 9296 9304 9312 9320 9328 9336 9344 9352 9360 9368 9376 9384 9392 9400 9408 9416 9424 9432 9440 9448 9456 9464 9472 9480 9488 9496 9504 9512 9520 9528 9536 9544 9552 9560 9568 9576 9584 9592 9600 9608 9616 9624 9632 9640 9648 9656 9664 9672 9680 9688 9696 9704 9712 9720 9728 9736 9744 9752 9760 9768 9776 9784 9792 9800 9808 9816 9824 9832 9840 9848 9856 9864 9872 9880 9888 9896 9904 9912 9920 9928 9936 9944 9952 9960 9968 9976 9984 9992 10000 10008 10016 10024 10032 10040 10048 10056 10064 10072 10080 10088 10096 10104 10112 10120 10128 10136 10144 10152 10160 10168 10176 10184 10192 10200 10208 10216 10224 10232 10240 10248 10256 10264 10272 10280 10288 10296 10304 10312 10320 10328 10336 10344 10352 10360 10368 10376 10384 10392 10400 10408 10416 10424 10432 10440 10448 10456 10464 10472 10480 10488 10496 10504 10512 10520 10528 10536 10544 10552 10560 10568 10576 10584 10592 10600 10608 10616 10624 10632 10640 10648 10656 10664 10672 10680 10688 10696 10704 10712 10720 10728 10736 10744 10752 10760 10768 10776 10784 10792 10800 10808 10816 10824 10832 10840 10848 10856 10864 10872 10880 10888 10896 10904 10912 10920 10928 10936 10944 10952 10960 10968 10976 10984 10992 11000 11008 11016 11024 11032 11040 11048 11056 11064 11072 11080 11088 11096 11104 11112 11120 11128 11136 11144 11152 11160 11168 11176 11184 11192 11200 11208 11216 11224 11232 11240 11248 11256 11264 11272 11280 11288 11296 11304 11312 11320 11328 11336 11344 11352 11360 11368 11376 11384 11392 11400 11408 11416 11424 11432 11440 11448 11456 11464 11472 11480 11488 11496 11504 11512 11520 11528 11536 11544 11552 11560 11568 11576 11584 11592 11600 11608 11616 11624 11632 11640 11648 11656 11664 11672 11680 11688 11696 11704 11712 11720 11728 11736 11744 11752 11760 11768 11776 11784 11792 11800 11808 11816 11824 11832 11840 11848 11856 11864 11872 11880 11888 11896 11904 11912 11920 11928 11936 11944 11952 11960 11968 11976 11984 11992 12000 12008 12016 12024 12032 12040 12048 12056 12064 12072 12080 12088 12096 12104 12112 12120 12128 12136 12144 12152 12160 12168 12176 12184 12192 12200 12208 12216 12224 12232 12240 12248 12256 12264 12272 12280 12288 12296 12304 12312 12320 12328 12336 12344 12352 12360 12368 12376 12384 12392 12400 12408 12416 12424 12432 12440 12448 12456 12464 12472 12480 12488 12496 12504 12512 12520 12528 12536 12544 12552 12560 12568 12576 12584 12592 12600 12608 12616 12624 12632 12640 12648 12656 12664 12672 12680 12688 12696 12704 12712 12720 12728 12736 12744 12752 12760 12768 12776 12784 12792 12800 12808 12816 12824 12832 12840 12848 12856 12864 12872 12880 12888 12896 12904 12912 12920 12928 12936 12944 12952 12960 12968 12976 12984 12992 13000 13008 13016 13024 13032 13040 13048 13056 13064 13072 13080 13088 13096 13104 13112 13120 13128 13136 13144 13152 13160 13168 13176 13184 13192 13200 13208 13216 13224 13232 13240 13248 13256 13264 13272 13280 13288 13296 13304 13312 13320 13328 13336 13344 13352 13360 13368 13376 13384 13392 13400 13408 13416 13424 13432 13440 13448 13456 13464 13472 13480 13488 13496 13504 13512 13520 13528 13536 13544 13552 13560 13568 13576 13584 13592 13600 13608 13616 13624 13632 13640 13648 13656 13664 13672 13680 13688 13696 13704 13712 13720 13728 13736 13744 13752 13760 13768 13776 13784 13792 13800 13808 13816 13824 13832 13840 13848 13856 13864 13872 13880 13888 13896 13904 13912 13920 13928 13936 13944 13952 13960 13968 13976 13984 13992 14000 14008 14016 14024 14032 14040 14048 14056 14064 14072 14080 14088 14096 14104 14112 14120 14128 14136 14144 14152 14160 14168 14176 14184 14192 14200 14208 14216 14224 14232 14240 14248 14256 14264 14272 14280 14288 14296 14304 14312 14320 14328 14336 14344 14352 14360 14368 14376 14384 14392 14400 14408 14416 14424 14432 14440 14448 14456 14464 14472 14480 14488 14496 14504 14512 14520 14528 14536 14544 14552 14560 14568 14576 14584 14592 14600 14608 14616 14624 14632 14640 14648 14656 14664 14672 14680 14688 14696 14704 14712 14720 14728 14736 14744 14752 14760 14768 14776 14784 14792 14800 14808 14816 14824 14832 14840 14848 14856 14864 14872 14880 14888 14896 14904 14912 14920 14928 14936 14944 14952 14960 14968 14976 14984 14992 15000 15008 15016 15024 15032 15040 15048 15056 15064 15072 15080 15088 15096 15104 15112 15120 15128 15136 15144 15152 15160 15168 15176 15184 15192 15200 15208 15216 15224 15232 15240 15248 15256 15264 15272 15280 15288 15296 15304 15312 15320 15328 15336 15344 15352 15360 15368 15376 15384 15392 15400 15408 15416 15424 15432 15440 15448 15456 15464 15472 15480 15488 15496 15504 15512 15520 15528 15536 15544 15552 15560 15568 15576 15584 15592 15600 15608 15616 15624 15632 15640 15648 15656 15664 15672 15680 15688 15696 15704 15712 15720 15728 15736 15744 15752 15760 15768 15776 15784 15792 15800 15808 15816 15824 15832 15840 15848 15856 15864 15872 15880 15888 15896 15904 15912 15920 15928 15936 15944 15952 15960 15968 15976 15984 15992 16000 16008 16016 16024 16032 16040 16048 16056 16064 16072 16080 16088 16096 16104 16112 16120 16128 16136 16144 16152 16160 16168 16176 16184 16192 16200 16208 16216 16224 16232 16240 16248 16256 16264 16272 16280 16288 16296 16304 16312 16320 16328 16336 16344 16352 16360 16368 16376 16384 16392 16400 16408 16416 16424 16432 16440 16448 16456 16464 16472 16480 16488 16496 16504 16512 16520 16528 16536 16544 16552 16560 16568 16576 16584 16592 16600 16608 16616 16624 16632 16640 16648 16656 16664 16672 16680 16688 16696 16704 16712 16720 16728 16736 16744 16752 16760 16768 16776 16784 16792 16800 16808 16816 16824 16832 16840 16848 16856 16864 16872 16880 16888 16896 16904 16912 16920 16928 16936 16944 16952 16960 16968 16976 16984 16992 17000 17008 17016 17024 17032 17040 17048 17056 17064 17072 17080 17088 17096 17104 17112 17120 17128 17136 17144 17152 17160 17168 17176 17184 17192 17200 17208 17216 17224 17232 17240 17248 17256 17264 17272 17280 17288 17296 17304 17312 17320 17328 17336 17344 17352 17360 17368 17376 17384 17392 17400 17408 17416 17424 17432 17440 17448 17456 17464 17472 17480 17488 17496 17504 17512 17520 17528 17536 17544 17552 17560 17568 17576 17584 17592 17600 17608 17616 17624 17632 17640 17648 17656 17664 17672 17680 17688 17696 17704 17712 17720 17728 17736 17744 17752 17760 17768 17776 17784 17792 17800 17808 17816 17824 17832 17840 17848 17856 17864 17872 17880 17888 17896 17904 17912 17920 17928 17936 17944 17952 17960 17968 17976 17984 17992 18000 18008 18016 18024 18032 18040 18048 18056 18064 18072 18080 18088 18096 18104 18112 18120 18128 18136 18144 18152 18160 18168 18176 18184 18192 18200 18208 18216 18224 18232 18240 18248 18256 18264 18272 18280 18288 18296 18304 18312 18320 18328 18336 18344 18352 18360 18368 18376 18384 18392 18400 18408 18416 18424 18432 18440 18448 18456 18464 18472 18480 18488 18496 18504 18512 18520 18528 18536 18544 18552 18560 18568 18576 18584 18592 18600 18608 18616 18624 18632 18640 18648 18656 18664 18672 18680 18688 18696 18704 18712 18720 18728 18736 18744 18752 18760 18768 18776 18784 18792 18800 18808 18816 18824 18832 18840 18848 18856 18864 18872 18880 18888 18896 18904 18912 18920 18928 18936 18944 18952 18960 18968 18976 18984 18992 19000 19008 19016 19024 19032 19040 19048 19056 19064 19072 19080 19088 19096 19104 19112 19120 19128 19136 19144 19152 19160 19168 19176 19184 19192 19200 19208 19216 19224 19232 19240 19248 19256 19264 19272 19280 19288 19296 19304 19312 19320 19328 19336 19344 19352 19360 19368 19376 19384 19392 19400 19408 19416 19424 19432 19440 19448 19456 19464 19472 19480 19488 19496 19504 19512 19520 19528 19536 19544 19552 19560 19568 19576 19584 19592 19600 19608 19616 19624 19632 19640 19648 19656 19664 19672 19680 19688 19696 19704 19712 19720 19728 19736 19744 19752 19760 19768 19776 19784 19792 19800 19808 19816 19824 19832 19840 19848 19856 19864 19872 19880 19888 19896 19904 19912 19920 19928 19936 19944 19952 19960 19968 19976 19984 19992 20000 20008 20016 20024 20032 20040 20048 20056 20064 20072 20080 20088 20096 20104 20112 20120 20128 20136 20144 20152 20160 20168 20176 20184 20192 20200 20208 20216 20224 20232 20240 20248 20256 20264 20272 20280 20288 20296 20304 20312 20320 20328 20336 20344 20352 20360 20368 20376 20384 20392 20400 20408 20416 20424 20432 20440 20448 20456 20464 20472 20480 20488 20496 20504 20512 20520 20528 20536 20544 20552 20560 20568 20576 20584 20592 20600 20608 20616 20624 20632 20640 20648 20656 20664 20672 20680 20688 20696 20704 20712 20720 20728 20736 20744 20752 20760 20768 20776 20784 20792 20800 20808 20816 20824 20832 20840 20848 20856 20864 20872 20880 20888 20896 20904 20912 20920 20928 20936 20944 20952 20960 20968 20976 20984 20992 21000 21008 21016 21024 21032 21040 21048 21056 21064 21072 21080 21088 21096 21104 21112 21120 21128 21136 21144 21152 21160 21168 21176 21184 21192 21200 21208 21216 21224 21232 21240 21248 21256 21264 21272 21280 21288 21296 21304 21312 21320 21328 21336 21344 21352 21360 21368 21376 21384 21392 21400 21408 21416 21424 21432 21440 21448 21456 21464 21472 21480 21488 21496 21504 21512 21520 21528 21536 21544 21552 21560 21568 21576 21584 21592 21600 21608 21616 21624 21632 21640 21648 21656 21664 21672 21680 21688 21696 21704 21712 21720 21728 21736 21744 21752 21760 21768 21776 21784 21792 21800 21808 21816 21824 21832 21840 21848 21856 21864 21872 21880 21888 21896 21904 21912 21920 21928 21936 21944 21952 21960 21968 21976 21984 21992 22000 22008 22016 22024 22032 22040 22048 22056 22064 22072 22080 22088 22096 22104 22112 22120 22128 22136 22144 22152 22160 22168 22176 22184 22192 22200 22208 22216 22224 22232 22240 22248 22256 22264 22272 22280 22288 22296 22304 22312 22320 22328 22336 22344 22352 22360 22368 22376 22384 22392 22400 22408 22416 22424 22432 22440 22448 22456 22464 22472 22480 22488 22496 22504 22512 22520 22528 22536 22544 22552 22560 22568 22576 22584 22592 22600 22608 22616 22624 22632 22640 22648 22656 22664 22672 22680 22688 22696 22704 22712 22720 22728 22736 22744 22752 22760 22768 22776 22784 22792 22800 22808 22816 22824 22832 22840 22848 22856 22864 22872 22880 22888 22896 22904 22912 22920 22928 22936 22944 22952 22960 22968 22976 22984 22992 23000 23008 23016 23024 23032 23040 23048 23056 23064 23072 23080 23088 23096 23104 23112 23120 23128 23136 23144 23152 23160 23168 23176 23184 23192 23200 23208 23216 23224 23232 23240 23248 23256 23264 23272 23280 23288 23296 23304 23312 23320 23328 23336 23344 23352 23360 23368 23376 23384 23392 23400 23408 23416 23424 23432 23440 23448 23456 23464 23472 23480 23488 23496 23504 23512 23520 23528 23536 23544 23552 23560 23568 23576 23584 23592 23600 23608 23616 23624 23632 23640 23648 23656 23664 23672 23680 23688 23696 23704 23712 23720 23728 23736 23744 23752 23760 23768 23776 23784 23792 23800 23808 23816 23824 23832 23840 23848 23856 23864 23872 23880 23888 23896 23904 23912 23920 23928 23936 23944 23952 23960 23968 23976 23984 23992 24000 24008 24016 24024 24032 24040 24048 24056 24064 24072 24080 24088 24096 24104 24112 24120 24128 24136 24144 24152 24160 24168 24176 24184 24192 24200 24208 24216 24224 24232 24240 24248 24256 24264 24272 24280 24288 24296 24304 24312 24320 24328 24336 24344 24352 24360 24368 24376 24384 24392 24400 24408 24416 24424 24432 24440 24448 24456 24464 24472 24480 24488 24496 24504 24512 24520 24528 24536 24544 24552 24560 24568 24576 24584 24592 24600 24608 24616 24624 24632 24640 24648 24656 24664 24672 24680 24688 24696 24704 24712 24720 24728 24736 24744 24752 24760 24768 24776 24784 24792 24800 24808 24816 24824 24832 24840 24848 24856 24864 24872 24880 24888 24896 24904 24912 24920 24928 24936 24944 24952 24960 24968 24976 24984 24992 25000 25008 25016 25024 25032 25040 25048 25056 25064 25072 25080 25088 25096 25104 25112 25120 25128 25136 25144 25152 25160 25168 25176 25184 25192 25200 25208 25216 25224 25232 25240 25248 25256 25264 25272 25280 25288 25296 25304 25312 25320 25328 25336 25344 25352 25360 25368 25376 25384 25392 25400 25408 25416 25424 25432 25440 25448 25456 25464 25472 25480 25488 25496 25504 25512 25520 25528 25536 25544 25552 25560 25568 25576 25584 25592 25600 25608 25616 25624 25632 25640 25648 25656 25664 25672 25680 25688 25696 25704 25712 25720 25728 25736 25744 25752 25760 25768 25776 25784 25792 25800 25808 25816 25824 25832 25840 25848 25856 25864 25872 25880 25888 25896 25904 25912 25920 25928 25936 25944 25952 25960 25968 25976 25984 25992 26000 26008 26016 26024 26032 26040 26048 26056 26064 26072 26080 26088 26096 26104 26112 26120 26128 26136 26144 26152 26160 26168 26176 26184 26192 26200 26208 26216 26224 26232 26240 26248 26256 26264 26272 26280 26288 26296 26304 26312 26320 26328 26336 26344 26352 26360 26368 26376 26384 26392 26400 26408 26416 26424 26432 26440 26448 26456 26464 26472 26480 26488 26496 26504 26512 26520 26528 26536 26544 26552 26560 26568 26576 26584 26592 26600 26608 26616 26624 26632 26640 26648 26656 26664 26672 26680 26688 26696 26704 26712 26720 26728 26736 26744 26752 26760 26768 26776 26784 26792 26800 26808 26816 26824 26832 26840 26848 26856 26864 26872 26880 26888 26896 26904 26912 26920 26928 26936 26944 26952 26960 26968 26976 26984 26992 27000 27008 27016 27024 27032 27040 27048 27056 27064 27072 27080 27088 27096 27104 27112 27120 27128 27136 27144 27152 27160 27168 27176 27184 27192 27200 27208 27216 27224 27232 27240 27248 27256 27264 27272 27280 27288 27296 27304 27312 27320 27328 27336 27344 27352 27360 27368 27376 27384 27392 27400 27408 27416 27424 27432 27440 27448 27456 27464 27472 27480 27488 27496 27504 27512 27520 27528 27536 27544 27552 27560 27568 27576 27584 27592 27600 27608 27616 27624 27632 27640 27648 27656 27664 27672 27680 27688 27696 27704 27712 27720 27728 27736 27744 27752 27760 27768 27776 27784 27792 27800 27808 27816 27824 27832 27840 27848 27856 27864 27872 27880 27888 27896 27904 27912 27920 27928 27936 27944 27952 27960 27968 27976 27984 27992 28000 28008 28016 28024 28032 28040 28048 28056 28064 28072 28080 28088 28096 28104 28112 28120 28128 28136 28144 28152 28160 28168 28176 28184 28192 28200 28208 28216 28224 28232 28240 28248 28256 28264 28272 28280 28288 28296 28304 28312 28320 28328 28336 28344 28352 28360 28368 28376 28384 28392 28400 28408 28416 28424 28432 28440 28448 28456 28464 28472 28480 28488 28496 28504 28512 28520 28528 28536 28544 28552 28560 28568 28576 28584 28592 28600 28608 28616 28624 28632 28640 28648 28656 28664 28672 28680 28688 28696 28704 28712 28720 28728 28736 28744 28752 28760 28768 28776 28784 28792 28800 28808 28816 28824 28832 28840 28848 28856 28864 28872 28880 28888 28896 28904 28912 28920 28928 28936 28944 28952 28960 28968 28976 28984 28992 29000 29008 29016 29024 29032 29040 29048 29056 29064 29072 29080 29088 29096 29104 29112 29120 29128 29136 29144 29152 29160 29168 29176 29184 29192 29200 29208 29216 29224 29232 29240 29248 29256 29264 29272 29280 29288 29296 29304 29312 29320 29328 29336 29344 29352 29360 29368 29376 29384 29392 29400 29408 29416 29424 29432 29440 29448 29456 29464 29472 29480 29488 29496 29504 29512 29520 29528 29536 29544 29552 29560 29568 29576 29584 29592 29600 29608 29616 29624 29632 29640 29648 29656 29664 29672 29680 29688 29696 29704 29712 29720 29728 29736 29744 29752 29760 29768 29776 29784 29792 29800 29808 29816 29824 29832 29840 29848 29856 29864 29872 29880 29888 29896 29904 29912 29920 29928 29936 29944 29952 29960 29968 29976 29984 29992 30000 30008 30016 30024 30032 30040 30048 30056 30064 30072 30080 30088 30096 30104 30112 30120 30128 30136 30144 30152 30160 30168 30176 30184 30192 30200 30208 30216 30224 30232 30240 30248 30256 30264 30272 30280 30288 30296 30304 30312 30320 30328 30336 30344 30352 30360 30368 30376 30384 30392 30400 30408 30416 30424 30432 30440 30448 30456 30464 30472 30480 30488 30496 30504 30512 30520 30528 30536 30544 30552 30560 30568 30576 30584 30592 30600 30608 30616 30624 30632 30640 30648 30656 30664 30672 30680 30688 30696 30704 30712 30720 30728 30736 30744 30752 30760 30768 30776 30784 30792 30800 30808 30816 30824 30832 30840 30848 30856 30864 30872 30880 30888 30896 30904 30912 30920 30928 30936 30944 30952 30960 30968 30976 30984 30992 31000 31008 31016 31024 31032 31040 31048 31056 31064 31072 31080 31088 31096 31104 31112 31120 31128 31136 31144 31152 31160 31168 31176 31184 31192 31200 31208 31216 31224 31232 31240 31248 31256 31264 31272 31280 31288 31296 31304 31312 31320 31328 31336 31344 31352 31360 31368 31376 31384 31392 31400 31408 31416 31424 31432 31440 31448 31456 31464 31472 31480 31488 31496 31504 31512 31520 31528 31536 31544 31552 31560 31568 31576 31584 31592 31600 31608 31616 31624 31632 31640 31648 31656 31664 31672 31680 31688 31696 31704 31712 31720 31728 31736 31744 31752 31760 31768 31776 31784 31792 31800 31808 31816 31824 31832 31840 31848 31856 31864 31872 31880 31888 31896 31904 31912 31920 31928 31936 31944 31952 31960 31968 31976 31984 31992 32000 32008 32016 32024 32032 32040 32048 32056 32064 32072 32080 32088 32096 32104 32112 32120 32128 32136 32144 32152 32160 32168 32176 32184 32192 32200 32208 32216 32224 32232 32240 32248 32256 32264 32272 32280 32288 32296 32304 32312 32320 32328 32336 32344 32352 32360 32368 32376 32384 32392 32400 32408 32416 32424 32432 32440 32448 32456 32464 32472 32480 32488 32496 32504 32512 32520 32528 32536 32544 32552 32560 32568 32576 32584 32592 32600 32608 32616 32624 32632 32640 32648 32656 32664 32672 32680 32688 32696 32704 32712 32720 32728 32736 32744 32752 32760 32768 32776 32784 32792 32800 32808 32816 32824 32832 32840 32848 32856 32864 32872 32880 32888 32896 32904 32912 32920 32928 32936 32944 32952 32960 32968 32976 32984 32992 33000 33008 33016 33024 33032 33040 33048 33056 33064 33072 33080 33088 33096 33104 33112 33120 33128 33136 33144 33152 33160 33168 33176 33184 33192 33200 33208 33216 33224 33232 33240 33248 33256 33264 33272 33280 33288 33296 33304 33312 33320 33328 33336 33344 33352 33360 33368 33376 33384 33392 33400 33408 33416 33424 33432 33440 33448 33456 33464 33472 33480 33488 33496 33504 33512 33520 33528 33536 33544 33552 33560 33568 33576 33584 33592 33600 33608 33616 33624 33632 33640 33648 33656 33664 33672 33680 33688 33696 33704 33712 33720 33728 33736 33744 33752 33760 33768 33776 33784 33792 33800 33808 33816 33824 33832 33840 33848 33856 33864 33872 33880 33888 33896 33904 33912 33920 33928 33936 33944 33952 33960 33968 33976 33984 33992 34000 34008 34016 34024 34032 34040 34048 34056 34064 34072 34080 34088 34096 34104 34112 34120 34128 34136 34144 34152 34160 34168 34176 34184 34192 34200 34208 34216 34224 34232 34240 34248 34256 34264 34272 34280 34288 34296 34304 34312 34320 34328 34336 34344 34352 34360 34368 34376 34384 34392 34400 34408 34416 34424 34432 34440 34448 34456 34464 34472 34480 34488 34496 34504 34512 34520 34528 34536 34544 34552 34560 34568 34576 34584 34592 34600 34608 34616 34624 34632 34640 34648 34656 34664 34672 34680 34688 34696 34704 34712 34720 34728 34736 34744 34752 34760 34768 34776 34784 34792 34800 34808 34816 34824 34832 34840 34848 34856 34864 34872 34880 34888 34896 34904 34912 34920 34928 34936 34944 34952 34960 34968 34976 34984 34992 35000 35008 35016 35024 35032 35040 35048 35056 35064 35072 35080 35088 35096 35104 35112 35120 35128 35136 35144 35152 35160 35168 35176 35184 35192 35200 35208 35216 35224 35232 35240 35248 35256 35264 35272 35280 35288 35296 35304 35312 35320 35328 35336 35344 35352 35360 35368 35376 35384 35392 35400 35408 35416 35424 35432 35440 35448 35456 35464 35472 35480 35488 35496 35504 35512 35520 35528 35536 35544 35552 35560 35568 35576 35584 35592 35600 35608 35616 35624 35632 35640 35648 35656 35664 35672 35680 35688 35696 35704 35712 35720 35728 35736 35744 35752 35760 35768 35776 35784 35792 35800 35808 35816 35824 35832 35840 35848 35856 35864 35872 35880 35888 35896 35904 35912 35920 35928 35936 35944 35952 35960 35968 35976 35984 35992 36000 36008 36016 36024 36032 36040 36048 36056 36064 36072 36080 36088 36096 36104 36112 36120 36128 36136 36144 36152 36160 36168 36176 36184 36192 36200 36208 36216 36224 36232 36240 36248 36256 36264 36272 36280 36288 36296 36304 36312 36320 36328 36336 36344 36352 36360 36368 36376 36384 36392 36400 36408 36416 36424 36432 36440 36448 36456 36464 36472 36480 36488 36496 36504 36512 36520 36528 36536 36544 36552 36560 36568 36576 36584 36592 36600 36608 36616 36624 36632 36640 36648 36656 36664 36672 36680 36688 36696 36704 36712 36720 36728 36736 36744 36752 36760 36768 36776 36784 36792 36800 36808 36816 36824 36832 36840 36848 36856 36864 36872 36880 36888 36896 36904 36912 36920 36928 36936 36944 36952 36960 36968 36976 36984 36992 37000 37008 37016 37024 37032 37040 37048 37056 37064 37072 37080 37088 37096 37104 37112 37120 37128 37136 37144 37152 37160 37168 37176 37184 37192 37200 37208 37216 37224 37232 37240 37248 37256 37264 37272 37280 37288 37296 37304 37312 37320 37328 37336 37344 37352 37360 37368 37376 37384 37392 37400 37408 37416 37424 37432 37440 37448 37456 37464 37472 37480 37488 37496 37504 37512 37520 37528 37536 37544 37552 37560 37568 37576 37584 37592 37600 37608 37616 37624 37632 37640 37648 37656 37664 37672 37680 37688 37696 37704 37712 37720 37728 37736 37744 37752 37760 37768 37776 37784 37792 37800 37808 37816 37824 37832 37840 37848 37856 37864 37872 37880 37888 37896 37904 37912 37920 37928 37936 37944 37952 37960 37968 37976 37984 37992 38000 38008 38016 38024 38032 38040 38048 38056 38064 38072 38080 38088 38096 38104 38112 38120 38128 38136 38144 38152 38160 38168 38176 38184 38192 38200 38208 38216 38224 38232 38240 38248 38256 38264 38272 38280 38288 38296 38304 38312 38320 38328 38336 38344 38352 38360 38368 38376 38384 38392 38400 38408 38416 38424 38432 38440 38448 38456 38464 38472 38480 38488 38496 38504 38512 38520 38528 38536 38544 38552 38560 38568 38576 38584 38592 38600 38608 38616 38624 38632 38640 38648 38656 38664 38672 38680 38688 38696 38704 38712 38720 38728 38736 38744 38752 38760 38768 38776 38784 38792 38800 38808 38816 38824 38832 38840 38848 38856 38864 38872 38880 38888 38896 38904 38912 38920 38928 38936 38944 38952 38960 38968 38976 38984 38992 39000 39008 39016 39024 39032 39040 39048 39056 39064 39072 39080 39088 39096 39104 39112 39120 39128 39136 39144 39152 39160 39168 39176 39184 39192 39200 39208 39216 39224 39232 39240 39248 39256 39264 39272 39280 39288 39296 39304 39312 39320 39328 39336 39344 39352 39360 39368 39376 39384 39392 39400 39408 39416 39424 39432 39440 39448 39456 39464 39472 39480 39488 39496 39504 39512 39520 39528 39536 39544 39552 39560 39568 39576 39584 39592 39600 39608 39616 39624 39632 39640 39648 39656 39664 39672 39680 39688 39696 39704 39712 39720 39728 39736 39744 39752 39760 39768 39776 39784 39792 39800 39808 39816 39824 39832 39840 39848 39856 39864 39872 39880 39888 39896 39904 39912 39920 39928 39936 39944 39952 39960 39968 39976 39984 39992 40000 40008 40016 40024 40032 40040 40048 40056 40064 40072 40080 40088 40096 40104 40112 40120 40128 40136 40144 40152 40160 40168 40176 40184 40192 40200 40208 40216 40224 40232 40240 40248 40256 40264 40272 40280 40288 40296 40304 40312 40320 40328 40336 40344 40352 40360 40368 40376 40384 40392 40400 40408 40416 40424 40432 40440 40448 40456 40464 40472 40480 40488 40496 40504 40512 40520 40528 40536 40544 40552 40560 40568 40576 40584 40592 40600 40608 40616 40624 40632 40640 40648 40656 40664 40672 40680 40688 40696 40704 40712 40720 40728 40736 40744 40752 40760 40768 40776 40784 40792 40800 40808 40816 40824 40832 40840 40848 40856 40864 40872 40880 40888 40896 40904 40912 40920 40928 40936 40944 40952 40960 40968 40976 40984 40992 41000 41008 41016 41024 41032 41040 41048 41056 41064 41072 41080 41088 41096 41104 41112 41120 41128 41136 41144 41152 41160 41168 41176 41184 41192 41200 41208 41216 41224 41232 41240 41248 41256 41264 41272 41280 41288 41296 41304 41312 41320 41328 41336 41344 41352 41360 41368 41376 41384 41392 41400 41408 41416 41424 41432 41440 41448 41456 41464 41472 41480 41488 41496 41504 41512 41520 41528 41536 41544 41552 41560 41568 41576 41584 41592 41600 41608 41616 41624 41632 41640 41648 41656 41664 41672 41680 41688 41696 41704 41712 41720 41728 41736 41744 41752 41760 41768 41776 41784 41792 41800 41808 41816 41824 41832 41840 41848 41856 41864 41872 41880 41888 41896 41904 41912 41920 41928 41936 41944 41952 41960 41968 41976 41984 41992 42000 42008 42016 42024 42032 42040 42048 42056 42064 42072 42080 42088 42096 42104 42112 42120 42128 42136 42144 42152 42160 42168 42176 42184 42192 42200 42208 42216 42224 42232 42240 42248 42256 42264 42272 42280 42288 42296 42304 42312 42320 42328 42336 42344 42352 42360 42368 42376 42384 42392 42400 42408 42416 42424 42432 42440 42448 42456 42464 42472 42480 42488 42496 42504 42512 42520 42528 42536 42544 42552 42560 42568 42576 42584 42592 42600 42608 42616 42624 42632 42640 42648 42656 42664 42672 42680 42688 42696 42704 42712 42720 42728 42736 42744 42752 42760 42768 42776 42784 42792 42800 42808 42816 42824 42832 42840 42848 42856 42864 42872 42880 42888 42896 42904 42912 42920 42928 42936 42944 42952 42960 42968 42976 42984 42992 43000 43008 43016 43024 43032 43040 43048 43056 43064 43072 43080 43088 43096 43104 43112 43120 43128 43136 43144 43152 43160 43168 43176 43184 43192 43200 43208 43216 43224 43232 43240 43248 43256 43264 43272 43280 43288 43296 43304 43312 43320 43328 43336 43344 43352 43360 43368 43376 43384 43392 43400 43408 43416 43424 43432 43440 43448 43456 43464 43472 43480 43488 43496 43504 43512 43520 43528 43536 43544 43552 43560 43568 43576 43584 43592 43600 43608 43616 43624 43632 43640 43648 43656 43664 43672 43680 43688 43696 43704 43712 43720 43728 43736 43744 43752 43760 43768 43776 43784 43792 43800 43808 43816 43824 43832 43840 43848 43856 43864 43872 43880 43888 43896 43904 43912 43920 43928 43936 43944 43952 43960 43968 43976 43984 43992 44000 44008 44016 44024 44032 44040 44048 44056 44064 44072 44080 44088 44096 44104 44112 44120 44128 44136 44144 44152 44160 44168 44176 44184 44192 44200 44208 44216 44224 44232 44240 44248 44256 44264 44272 44280 44288 44296 44304 44312 44320 44328 44336 44344 44352 44360 44368 44376 44384 44392 44400 44408 44416 44424 44432 44440 44448 44456 44464 44472 44480 44488 44496 44504 44512 44520 44528 44536 44544 44552 44560 44568 44576 44584 44592 44600 44608 44616 44624 44632 44640 44648 44656 44664 44672 44680 44688 44696 44704 44712 44720 44728 44736 44744 44752 44760 44768 44776 44784 44792 44800 44808 44816 44824 44832 44840 44848 44856 44864 44872 44880 44888 44896 44904 44912 44920 44928 44936 44944 44952 44960 44968 44976 44984 44992 45000 45008 45016 45024 45032 45040 45048 45056 45064 45072 45080 45088 45096 45104 45112 45120 45128 45136 45144 45152 45160 45168 45176 45184 45192 45200 45208 45216 45224 45232 45240 45248 45256 45264 45272 45280 45288 45296 45304 45312 45320 45328 45336 45344 45352 45360 45368 45376 45384 45392 45400 45408 45416 45424 45432 45440 45448 45456 45464 45472 45480 45488 45496 45504 45512 45520 45528 45536 45544 45552 45560 45568 45576 45584 45592 45600 45608 45616 45624 45632 45640 45648 45656 45664 45672 45680 45688 45696 45704 45712 45720 45728 45736 45744 45752 45760 45768 45776 45784 45792 45800 45808 45816 45824 45832 45840 45848 45856 45864 45872 45880 45888 45896 45904 45912 45920 45928 45936 45944 45952 45960 45968 45976 45984 45992 46000 46008 46016 46024 46032 46040 46048 46056 46064 46072 46080 46088 46096 46104 46112 46120 46128 46136 46144 46152 46160 46168 46176 46184 46192 46200 46208 46216 46224 46232 46240 46248 46256 46264 46272 46280 46288 46296 46304 46312 46320 46328 46336 46344 46352 46360 46368 46376 46384 46392 46400 46408 46416 46424 46432 46440 46448 46456 46464 46472 46480 46488 46496 46504 46512 46520 46528 46536 46544 46552 46560 46568 46576 46584 46592 46600 46608 46616 46624 46632 46640 46648 46656 46664 46672 46680 46688 46696 46704 46712 46720 46728 46736 46744 46752 46760 46768 46776 46784 46792 46800 46808 46816 46824 46832 46840 46848 46856 46864 46872 46880 46888 46896 46904 46912 46920 46928 46936 46944 46952 46960 46968 46976 46984 46992 47000 47008 47016 47024 47032 47040 47048 47056 47064 47072 47080 47088 47096 47104 47112 47120 47128 47136 47144 47152 47160 47168 47176 47184 47192 47200 47208 47216 47224 47232 47240 47248 47256 47264 47272 47280 47288 47296 47304 47312 47320 47328 47336 47344 47352 47360 47368 47376 47384 47392 47400 47408 47416 47424 47432 47440 47448 47456 47464 47472 47480 47488 47496 47504 47512 47520 47528 47536 47544 47552 47560 47568 47576 47584 47592 47600 47608 47616 47624 47632 47640 47648 47656 47664 47672 47680 47688 47696 47704 47712 47720 47728 47736 47744 47752 47760 47768 47776 47784 47792 47800 47808 47816 47824 47832 47840 47848 47856 47864 47872 47880 47888 47896 47904 47912 47920 47928 47936 47944 47952 47960 47968 47976 47984 47992 48000 48008 48016 48024 48032 48040 48048 48056 48064 48072 48080 48088 48096 48104 48112 48120 48128 48136 48144 48152 48160 48168 48176 48184 48192 48200 48208 48216 48224 48232 48240 48248 48256 48264 48272 48280 48288 48296 48304 48312 48320 48328 48336 48344 48352 48360 48368 48376 48384 48392 48400 48408 48416 48424 48432 48440 48448 48456 48464 48472 48480 48488 48496 48504 48512 48520 48528 48536 48544 48552 48560 48568 48576 48584 48592 48600 48608 48616 48624 48632 48640 48648 48656 48664 48672 48680 48688 48696 48704 48712 48720 48728 48736 48744 48752 48760 48768 48776 48784 48792 48800 48808 48816 48824 48832 48840 48848 48856 48864 48872 48880 48888 48896 48904 48912 48920 48928 48936 48944 48952 48960 48968 48976 48984 48992 49000 49008 49016 49024 49032 49040 49048 49056 49064 49072 49080 49088 49096 49104 49112 49120 49128 49136 49144 49152 49160 49168 49176 49184 49192 49200 49208 49216 49224 49232 49240 49248 49256 49264 49272 49280 49288 49296 49304 49312 49320 49328 49336 49344 49352 49360 49368 49376 49384 49392 49400 49408 49416 49424 49432 49440 49448 49456 49464 49472 49480 49488 49496 49504 49512 49520 49528 49536 49544 49552 49560 49568 49576 49584 49592 49600 49608 49616 49624 49632 49640 49648 49656 49664 49672 49680 49688 49696 49704 49712 49720 49728 49736 49744 49752 49760 49768 49776 49784 49792 49800 49808 49816 49824 49832 49840 49848 49856 49864 49872 49880 49888 49896 49904 49912 49920 49928 49936 49944 49952 49960 49968 49976 49984 49992 50000 50008 50016 50024 50032 50040 50048 50056 50064 50072 50080 50088 50096 50104 50112 50120 50128 50136 50144 50152 50160 50168 50176 50184 50192 50200 50208 50216 50224 50232 50240 50248 50256 50264 50272 50280 50288 50296 50304 50312 50320 50328 50336 50344 50352 50360 50368 50376 50384 50392 50400 50408 50416 50424 50432 50440 50448 50456 50464 50472 50480 50488 50496 50504 50512 50520 50528 50536 50544 50552 50560 50568 50576 50584 50592 50600 50608 50616 50624 50632 50640 50648 50656 50664 50672 50680 50688 50696 50704 50712 50720 50728 50736 50744 50752 50760 50768 50776 50784 50792 50800 50808 50816 50824 50832 50840 50848 50856 50864 50872 50880 50888 50896 50904 50912 50920 50928 50936 50944 50952 50960 50968 50976 50984 50992 51000 51008 51016 51024 51032 51040 51048 51056 51064 51072 51080 51088 51096 51104 51112 51120 51128 51136 51144 51152 51160 51168 51176 51184 51192 51200 51208 51216 51224 51232 51240 51248 51256 51264 51272 51280 51288 51296 51304 51312 51320 51328 51336 51344 51352 51360 51368 51376 51384 51392 51400 51408 51416 51424 51432 51440 51448 51456 51464 51472 51480 51488 51496 51504 51512 51520 51528 51536 51544 51552 51560 51568 51576 51584 51592 51600 51608 51616 51624 51632 51640 51648 51656 51664 51672 51680 51688 51696 51704 51712 51720 51728 51736 51744 51752 51760 51768 51776 51784 51792 51800 51808 51816 51824 51832 51840 51848 51856 51864 51872 51880 51888 51896 51904 51912 51920 51928 51936 51944 51952 51960 51968 51976 51984 51992 52000 52008 52016 52024 52032 52040 52048 52056 52064 52072 52080 52088 52096 52104 52112 52120 52128 52136 52144 52152 52160 52168 52176 52184 52192 52200 52208 52216 52224 52232 52240 52248 52256 52264 52272 52280 52288 52296 52304 52312 52320 52328 52336 52344 52352 52360 52368 52376 52384 52392 52400 52408 52416 52424 52432 52440 52448 52456 52464 52472 52480 52488 52496 52504 52512 52520 52528 52536 52544 52552 52560 52568 52576 52584 52592 52600 52608 52616 52624 52632 52640 52648 52656 52664 52672 52680 52688 52696 52704 52712 52720 52728 52736 52744 52752 52760 52768 52776 52784 52792 52800 52808 52816 52824 52832 52840 52848 52856 52864 52872 52880 52888 52896 52904 52912 52920 52928 52936 52944 52952 52960 52968 52976 52984 52992 53000 53008 53016 53024 53032 53040 53048 53056 53064 53072 53080 53088 53096 53104 53112 53120 53128 53136 53144 53152 53160 53168 53176 53184 53192 53200 53208 53216 53224 53232 53240 53248 53256 53264 53272 53280 53288 53296 53304 53312 53320 53328 53336 53344 53352 53360 53368 53376 53384 53392 53400 53408 53416 53424 53432 53440 53448 53456 53464 53472 53480 53488 53496 53504 53512 53520 53528 53536 53544 53552 53560 53568 53576 53584 53592 53600 53608 53616 53624 53632 53640 53648 53656 53664 53672 53680 53688 53696 53704 53712 53720 53728 53736 53744 53752 53760 53768 53776 53784 53792 53800 53808 53816 53824 53832 53840 53848 53856 53864 53872 53880 53888 53896 53904 53912 53920 53928 53936 53944 53952 53960 53968 53976 53984 53992 54000 54008 54016 54024 54032 54040 54048 54056 54064 54072 54080 54088 54096 54104 54112 54120 54128 54136 54144 54152 54160 54168 54176 54184 54192 54200 54208 54216 54224 54232 54240 54248 54256 54264 54272 54280 54288 54296 54304 54312 54320 54328 54336 54344 54352 54360 54368 54376 54384 54392 54400 54408 54416 54424 54432 54440 54448 54456 54464 54472 54480 54488 54496 54504 54512 54520 54528 54536 54544 54552 54560 54568 54576 54584 54592 54600 54608 54616 54624 54632 54640 54648 54656 54664 54672 54680 54688 54696 54704 54712 54720 54728 54736 54744 54752 54760 54768 54776 54784 54792 54800 54808 54816 54824 54832 54840 54848 54856 54864 54872 54880 54888 54896 54904 54912 54920 54928 54936 54944 54952 54960 54968 54976 54984 54992 55000 55008 55016 55024 55032 55040 55048 55056 55064 55072 55080 55088 55096 55104 55112 55120 55128 55136 55144 55152 55160 55168 55176 55184 55192 55200 55208 55216 55224 55232 55240 55248 55256 55264 55272 55280 55288 55296 55304 55312 55320 55328 55336 55344 55352 55360 55368 55376 55384 55392 55400 55408 55416 55424 55432 55440 55448 55456 55464 55472 55480 55488 55496 55504 55512 55520 55528 55536 55544 55552 55560 55568 55576 55584 55592 55600 55608 55616 55624 55632 55640 55648 55656 55664 55672 55680 55688 55696 55704 55712 55720 55728 55736 55744 55752 55760 55768 55776 55784 55792 55800 55808 55816 55824 55832 55840 55848 55856 55864 55872 55880 55888 55896 55904 55912 55920 55928 55936 55944 55952 55960 55968 55976 55984 55992 56000 56008 56016 56024 56032 56040 56048 56056 56064 56072 56080 56088 56096 56104 56112 56120 56128 56136 56144 56152 56160 56168 56176 56184 56192 56200 56208 56216 56224 56232 56240 56248 56256 56264 56272 56280 56288 56296 56304 56312 56320 56328 56336 56344 56352 56360 56368 56376 56384 56392 56400 56408 56416 56424 56432 56440 56448 56456 56464 56472 56480 56488 56496 56504 56512 56520 56528 56536 56544 56552 56560 56568 56576 56584 56592 56600 56608 56616 56624 56632 56640 56648 56656 56664 56672 56680 56688 56696 56704 56712 56720 56728 56736 56744 56752 56760 56768 56776 56784 56792 56800 56808 56816 56824 56832 56840 56848 56856 56864 56872 56880 56888 56896 56904 56912 56920 56928 56936 56944 56952 56960 56968 56976 56984 56992 57000 57008 57016 57024 57032 57040 57048 57056 57064 57072 57080 57088 57096 57104 57112 57120 57128 57136 57144 57152 57160 57168 57176 57184 57192 57200 57208 57216 57224 57232 57240 57248 57256 57264 57272 57280 57288 57296 57304 57312 57320 57328 57336 57344 57352 57360 57368 57376 57384 57392 57400 57408 57416 57424 57432 57440 57448 57456 57464 57472 57480 57488 57496 57504 57512 57520 57528 57536 57544 57552 57560 57568 57576 57584 57592 57600 57608 57616 57624 57632 57640 57648 57656 57664 57672 57680 57688 57696 57704 57712 57720 57728 57736 57744 57752 57760 57768 57776 57784 57792 57800 57808 57816 57824 57832 57840 57848 57856 57864 57872 57880 57888 57896 57904 57912 57920 57928 57936 57944 57952 57960 57968 57976 57984 57992 58000 58008 58016 58024 58032 58040 58048 58056 58064 58072 58080 58088 58096 58104 58112 58120 58128 58136 58144 58152 58160 58168 58176 58184 58192 58200 58208 58216 58224 58232 58240 58248 58256 58264 58272 58280 58288 58296 58304 58312 58320 58328 58336 58344 58352 58360 58368 58376 58384 58392 58400 58408 58416 58424 58432 58440 58448 58456 58464 58472 58480 58488 58496 58504 58512 58520 58528 58536 58544 58552 58560 58568 58576 58584 58592 58600 58608 58616 58624 58632 58640 58648 58656 58664 58672 58680 58688 58696 58704 58712 58720 58728 58736 58744 58752 58760 58768 58776 58784 58792 58800 58808 58816 58824 58832 58840 58848 58856 58864 58872 58880 58888 58896 58904 58912 58920 58928 58936 58944 58952 58960 58968 58976 58984 58992 59000 59008 59016 59024 59032 59040 59048 59056 59064 59072 59080 59088 59096 59104 59112 59120 59128 59136 59144 59152 59160 59168 59176 59184 59192 59200 59208 59216 59224 59232 59240 59248 59256 59264 59272 59280 59288 59296 59304 59312 59320 59328 59336 59344 59352 59360 59368 59376 59384 59392 59400 59408 59416 59424 59432 59440 59448 59456 59464 59472 59480 59488 59496 59504 59512 59520 59528 59536 59544 59552 59560 59568 59576 59584 59592 59600 59608 59616 59624 59632 59640 59648 59656 59664 59672 59680 59688 59696 59704 59712 59720 59728 59736 59744 59752 59760 59768 59776 59784 59792 59800 59808 59816 59824 59832 59840 59848 59856 59864 59872 59880 59888 59896 59904 59912 59920 59928 59936 59944 59952 59960 59968 59976 59984 59992 60000 60008 60016 60024 60032 60040 60048 60056 60064 60072 60080 60088 60096 60104 60112 60120 60128 60136 60144 60152 60160 60168 60176 60184 60192 60200 60208 60216 60224 60232 60240 60248 60256 60264 60272 60280 60288 60296 60304 60312 60320 60328 60336 60344 60352 60360 60368 60376 60384 60392 60400 60408 60416 60424 60432 60440 60448 60456 60464 60472 60480 60488 60496 60504 60512 60520 60528 60536 60544 60552 60560 60568 60576 60584 60592 60600 60608 60616 60624 60632 60640 60648 60656 60664 60672 60680 60688 60696 60704 60712 60720 60728 60736 60744 60752 60760 60768 60776 60784 60792 60800 60808 60816 60824 60832 60840 60848 60856 60864 60872 60880 60888 60896 60904 60912 60920 60928 60936 60944 60952 60960 60968 60976 60984 60992 61000 61008 61016 61024 61032 61040 61048 61056 61064 61072 61080 61088 61096 61104 61112 61120 61128 61136 61144 61152 61160 61168 61176 61184 61192 61200 61208 61216 61224 61232 61240 61248 61256 61264 61272 61280 61288 61296 61304 61312 61320 61328 61336 61344 61352 61360 61368 61376 61384 61392 61400 61408 61416 61424 61432 61440 61448 61456 61464 61472 61480 61488 61496 61504 61512 61520 61528 61536 61544 61552 61560 61568 61576 61584 61592 61600 61608 61616 61624 61632 61640 61648 61656 61664 61672 61680 61688 61696 61704 61712 61720 61728 61736 61744 61752 61760 61768 61776 61784 61792 61800 61808 61816 61824 61832 61840 61848 61856 61864 61872 61880 61888 61896 61904 61912 61920 61928 61936 61944 61952 61960 61968 61976 61984 61992 62000 62008 62016 62024 62032 62040 62048 62056 62064 62072 62080 62088 62096 62104 62112 62120 62128 62136 62144 62152 62160 62168 62176 62184 62192 62200 62208 62216 62224 62232 62240 62248 62256 62264 62272 62280 62288 62296 62304 62312 62320 62328 62336 62344 62352 62360 62368 62376 62384 62392 62400 62408 62416 62424 62432 62440 62448 62456 62464 62472 62480 62488 62496 62504 62512 62520 62528 62536 62544 62552 62560 62568 62576 62584 62592 62600 62608 62616 62624 62632 62640 62648 62656 62664 62672 62680 62688 62696 62704 62712 62720 62728 62736 62744 62752 62760 62768 62776 62784 62792 62800 62808 62816 62824 62832 62840 62848 62856 62864 62872 62880 62888 62896 62904 62912 62920 62928 62936 62944 62952 62960 62968 62976 62984 62992 63000 63008 63016 63024 63032 63040 63048 63056 63064 63072 63080 63088 63096 63104 63112 63120 63128 63136 63144 63152 63160 63168 63176 63184 63192 63200 63208 63216 63224 63232 63240 63248 63256 63264 63272 63280 63288 63296 63304 63312 63320 63328 63336 63344 63352 63360 63368 63376 63384 63392 63400 63408 63416 63424 63432 63440 63448 63456 63464 63472 63480 63488 63496 63504 63512 63520 63528 63536 63544 63552 63560 63568 63576 63584 63592 63600 63608 63616 63624 63632 63640 63648 63656 63664 63672 63680 63688 63696 63704 63712 63720 63728 63736 63744 63752 63760 63768 63776 63784 63792 63800 63808 63816 63824 63832 63840 63848 63856 63864 63872 63880 63888 63896 63904 63912 63920 63928 63936 63944 63952 63960 63968 63976 63984 63992 64000 
        </DataArray>
        <DataArray type="UInt8" Name="types" format="ascii">
          12 12 12 12 12 12 12 12 12 12 12 12 12 12 12 12 12 12 12 12 12 12 12 12 12 12 12 12 12 12 12 12 12 12 12 12 12 12 12 12 12 12 12 12 12 12 12 12 12 12 12 12 12 12 12 12 12 12 12 12 12 12 12 12 12 12 12 12 12 12 12 12 12 12 12 12 12 12 12 12 12 12 12 12 12 12 12 12 12 12 12 12 12 12 12 12 12 12 12 12 12 12 12 12 12 12 12 12 12 12 12 12 12 12 12 12 12 12 12 12 12 12 12 12 12 12 12 12 12 12 12 12 12 12 12 12 12 12 12 12 12 12 12 12 12 12 12 12 12 12 12 12 12 12 12 12 12 12 12 12 12 12 12 12 12 12 12 12 12 12 12 12 12 12 12 12 12 12 12 12 12 12 12 12 12 12 12 12 12 12 12 12 12 12 12 12 12 12 12 12 12 12 12 12 12 12 12 12 12 12 12 12 12 12 12 12 12 12 12 12 12 12 12 12 12 12 12 12 12 12 12 12 12 12 12 12 12 12 12 12 12 12 12 12 12 12 12 12 12 12 12 12 12 12 12 12 12 12 12 12 12 12 12 12 12 12 12 12 12 12 12 12 12 12 12 12 12 12 12 12 12 12 12 12 12 12 12 12 12 12 12 12 12 12 12 12 12 12 12 12 12 12 12 12 12 12 12 12 12 12 12 12 12 12 12 12 12 12 12 12 12 12 12 12 12 12 12 12 12 12 12 12 12 12 12 12 12 12 12 12 12 12 12 12 12 12 12 12 12 12 12 12 12 12 12 12 12 12 12 12 12 12 12 12 12 12 12 12 12 12 12 12 12 12 12 12 12 12 12 12 12 12 12 12 12 12 12 12 12 12 12 12 12 12 12 12 12 12 12 12 12 12 12 12 12 12 12 12 12 12 12 12 12 12 12 12 12 12 12 12 12 12 12 12 12 12 12 12 12 12 12 12 12 12 12 12 12 12 12 12 12 12 12 12 12 12 12 12 12 12 12 12 12 12 12 12 12 12 12 12 12 12 12 12 12 12 12 12 12 12 12 12 12 12 12 12 12 12 12 12 12 12 12 12 12 12 12 12 12 12 12 12 12 12 12 12 12 12 12 12 12 12 12 12 12 12 12 12 12 12 12 12 12 12 12 12 12 12 12 12 12 12 12 12 12 12 12 12 12 12 12 12 12 12 12 12 12 12 12 12 12 12 12 12 12 12 12 12 12 12 12 12 12 12 12 12 12 12 12 12 12 12 12 12 12 12 12 12 12 12 12 12 12 12 12 12 12 12 12 12 12 12 12 12 12 12 12 12 12 12 12 12 12 12 12 12 12 12 12 12 12 12 12 12 12 12 12 12 12 12 12 12 12 12 12 12 12 12 12 12 12 12 12 12 12 12 12 12 12 12 12 12 12 12 12 12 12 12 12 12 12 12 12 12 12 12 12 12 12 12 12 12 12 12 12 12 12 12 12 12 12 12 12 12 12 12 12 12 12 12 12 12 12 12 12 12 12 12 12 12 12 12 12 12 12 12 12 12 12 12 12 12 12 12 12 12 12 12 12 12 12 12 12 12 12 12 12 12 12 12 12 12 12 12 12 12 12 12 12 12 12 12 12 12 12 12 12 12 12 12 12 12 12 12 12 12 12 12 12 12 12 12 12 12 12 12 12 12 12 12 12 12 12 12 12 12 12 12 12 12 12 12 12 12 12 12 12 12 12 12 12 12 12 12 12 12 12 12 12 12 12 12 12 12 12 12 12 12 12 12 12 12 12 12 12 12 12 12 12 12 12 12 12 12 12 12 12 12 12 12 12 12 12 12 12 12 12 12 12 12 12 12 12 12 12 12 12 12 12 12 12 12 12 12 12 12 12 12 12 12 12 12 12 12 12 12 12 12 12 12 12 12 12 12 12 12 12 12 12 12 12 12 12 12 12 12 12 12 12 12 12 12 12 12 12 12 12 12 12 12 12 12 12 12 12 12 12 12 12 12 12 12 12 12 12 12 12 12 12 12 12 12 12 12 12 12 12 12 12 12 12 12 12 12 12 12 12 12 12 12 12 12 12 12 12 12 12 12 12 12 12 12 12 12 12 12 12 12 12 12 12 12 12 12 12 12 12 12 12 12 12 12 12 12 12 12 12 12 12 12 12 12 12 12 12 12 12 12 12 12 12 12 12 12 12 12 12 12 12 12 12 12 12 12 12 12 12 12 12 12 12 12 12 12 12 12 12 12 12 12 12 12 12 12 12 12 12 12 12 12 12 12 12 12 12 12 12 12 12 12 12 12 12 12 12 12 12 12 12 12 12 12 12 12 12 12 12 12 12 12 12 12 12 12 12 12 12 12 12 12 12 12 12 12 12 12 12 12 12 12 12 12 12 12 12 12 12 12 12 12 12 12 12 12 12 12 12 12 12 12 12 12 12 12 12 12 12 12 12 12 12 12 12 12 12 12 12 12 12 12 12 12 12 12 12 12 12 12 12 12 12 12 12 12 12 12 12 12 12 12 12 12 12 12 12 12 12 12 12 12 12 12 12 12 12 12 12 12 12 12 12 12 12 12 12 12 12 12 12 12 12 12 12 12 12 12 12 12 12 12 12 12 12 12 12 12 12 12 12 12 12 12 12 12 12 12 12 12 12 12 12 12 12 12 12 12 12 12 12 12 12 12 12 12 12 12 12 12 12 12 12 12 12 12 12 12 12 12 12 12 12 12 12 12 12 12 12 12 12 12 12 12 12 12 12 12 12 12 12 12 12 12 12 12 12 12 12 12 12 12 12 12 12 12 12 12 12 12 12 12 12 12 12 12 12 12 12 12 12 12 12 12 12 12 12 12 12 12 12 12 12 12 12 12 12 12 12 12 12 12 12 12 12 12 12 12 12 12 12 12 12 12 12 12 12 12 12 12 12 12 12 12 12 12 12 12 12 12 12 12 12 12 12 12 12 12 12 12 12 12 12 12 12 12 12 12 12 12 12 12 12 12 12 12 12 12 12 12 12 12 12 12 12 12 12 12 12 12 12 12 12 12 12 12 12 12 12 12 12 12 12 12 12 12 12 12 12 12 12 12 12 12 12 12 12 12 12 12 12 12 12 12 12 12 12 12 12 12 12 12 12 12 12 12 12 12 12 12 12 12 12 12 12 12 12 12 12 12 12 12 12 12 12 12 12 12 12 12 12 12 12 12 12 12 12 12 12 12 12 12 12 12 12 12 12 12 12 12 12 12 12 12 12 12 12 12 12 12 12 12 12 12 12 12 12 12 12 12 12 12 12 12 12 12 12 12 12 12 12 12 12 12 12 12 12 12 12 12 12 12 12 12 12 12 12 12 12 12 12 12 12 12 12 12 12 12 12 12 12 12 12 12 12 12 12 12 12 12 12 12 12 12 12 12 12 12 12 12 12 12 12 12 12 12 12 12 12 12 12 12 12 12 12 12 12 12 12 12 12 12 12 12 12 12 12 12 12 12 12 12 12 12 12 12 12 12 12 12 12 12 12 12 12 12 12 12 12 12 12 12 12 12 12 12 12 12 12 12 12 12 12 12 12 12 12 12 12 12 12 12 12 12 12 12 12 12 12 12 12 12 12 12 12 12 12 12 12 12 12 12 12 12 12 12 12 12 12 12 12 12 12 12 12 12 12 12 12 12 12 12 12 12 12 12 12 12 12 12 12 12 12 12 12 12 12 12 12 12 12 12 12 12 12 12 12 12 12 12 12 12 12 12 12 12 12 12 12 12 12 12 12 12 12 12 12 12 12 12 12 12 12 12 12 12 12 12 12 12 12 12 12 12 12 12 12 12 12 12 12 12 12 12 12 12 12 12 12 12 12 12 12 12 12 12 12 12 12 12 12 12 12 12 12 12 12 12 12 12 12 12 12 12 12 12 12 12 12 12 12 12 12 12 12 12 12 12 12 12 12 12 12 12 12 12 12 12 12 12 12 12 12 12 12 12 12 12 12 12 12 12 12 12 12 12 12 12 12 12 12 12 12 12 12 12 12 12 12 12 12 12 12 12 12 12 12 12 12 12 12 12 12 12 12 12 12 12 12 12 12 12 12 12 12 12 12 12 12 12 12 12 12 12 12 12 12 12 12 12 12 12 12 12 12 12 12 12 12 12 12 12 12 12 12 12 12 12 12 12 12 12 12 12 12 12 12 12 12 12 12 12 12 12 12 12 12 12 12 12 12 12 12 12 12 12 12 12 12 12 12 12 12 12 12 12 12 12 12 12 12 12 12 12 12 12 12 12 12 12 12 12 12 12 12 12 12 12 12 12 12 12 12 12 12 12 12 12 12 12 12 12 12 12 12 12 12 12 12 12 12 12 12 12 12 12 12 12 12 12 12 12 12 12 12 12 12 12 12 12 12 12 12 12 12 12 12 12 12 12 12 12 12 12 12 12 12 12 12 12 12 12 12 12 12 12 12 12 12 12 12 12 12 12 12 12 12 12 12 12 12 12 12 12 12 12 12 12 12 12 12 12 12 12 12 12 12 12 12 12 12 12 12 12 12 12 12 12 12 12 12 12 12 12 12 12 12 12 12 12 12 12 12 12 12 12 12 12 12 12 12 12 12 12 12 12 12 12 12 12 12 12 12 12 12 12 12 12 12 12 12 12 12 12 12 12 12 12 12 12 12 12 12 12 12 12 12 12 12 12 12 12 12 12 12 12 12 12 12 12 12 12 12 12 12 12 12 12 12 12 12 12 12 12 12 12 12 12 12 12 12 12 12 12 12 12 12 12 12 12 12 12 12 12 12 12 12 12 12 12 12 12 12 12 12 12 12 12 12 12 12 12 12 12 12 12 12 12 12 12 12 12 12 12 12 12 12 12 12 12 12 12 12 12 12 12 12 12 12 12 12 12 12 12 12 12 12 12 12 12 12 12 12 12 12 12 12 12 12 12 12 12 12 12 12 12 12 12 12 12 12 12 12 12 12 12 12 12 12 12 12 12 12 12 12 12 12 12 12 12 12 12 12 12 12 12 12 12 12 12 12 12 12 12 12 12 12 12 12 12 12 12 12 12 12 12 12 12 12 12 12 12 12 12 12 12 12 12 12 12 12 12 12 12 12 12 12 12 12 12 12 12 12 12 12 12 12 12 12 12 12 12 12 12 12 12 12 12 12 12 12 12 12 12 12 12 12 12 12 12 12 12 12 12 12 12 12 12 12 12 12 12 12 12 12 12 12 12 12 12 12 12 12 12 12 12 12 12 12 12 12 12 12 12 12 12 12 12 12 12 12 12 12 12 12 12 12 12 12 12 12 12 12 12 12 12 12 12 12 12 12 12 12 12 12 12 12 12 12 12 12 12 12 12 12 12 12 12 12 12 12 12 12 12 12 12 12 12 12 12 12 12 12 12 12 12 12 12 12 12 12 12 12 12 12 12 12 12 12 12 12 12 12 12 12 12 12 12 12 12 12 12 12 12 12 12 12 12 12 12 12 12 12 12 12 12 12 12 12 12 12 12 12 12 12 12 12 12 12 12 12 12 12 12 12 12 12 12 12 12 12 12 12 12 12 12 12 12 12 12 12 12 12 12 12 12 12 12 12 12 12 12 12 12 12 12 12 12 12 12 12 12 12 12 12 12 12 12 12 12 12 12 12 12 12 12 12 12 12 12 12 12 12 12 12 12 12 12 12 12 12 12 12 12 12 12 12 12 12 12 12 12 12 12 12 12 12 12 12 12 12 12 12 12 12 12 12 12 12 12 12 12 12 12 12 12 12 12 12 12 12 12 12 12 12 12 12 12 12 12 12 12 12 12 12 12 12 12 12 12 12 12 12 12 12 12 12 12 12 12 12 12 12 12 12 12 12 12 12 12 12 12 12 12 12 12 12 12 12 12 12 12 12 12 12 12 12 12 12 12 12 12 12 12 12 12 12 12 12 12 12 12 12 12 12 12 12 12 12 12 12 12 12 12 12 12 12 12 12 12 12 12 12 12 12 12 12 12 12 12 12 12 12 12 12 12 12 12 12 12 12 12 12 12 12 12 12 12 12 12 12 12 12 12 12 12 12 12 12 12 12 12 12 12 12 12 12 12 12 12 12 12 12 12 12 12 12 12 12 12 12 12 12 12 12 12 12 12 12 12 12 12 12 12 12 12 12 12 12 12 12 12 12 12 12 12 12 12 12 12 12 12 12 12 12 12 12 12 12 12 12 12 12 12 12 12 12 12 12 12 12 12 12 12 12 12 12 12 12 12 12 12 12 12 12 12 12 12 12 12 12 12 12 12 12 12 12 12 12 12 12 12 12 12 12 12 12 12 12 12 12 12 12 12 12 12 12 12 12 12 12 12 12 12 12 12 12 12 12 12 12 12 12 12 12 12 12 12 12 12 12 12 12 12 12 12 12 12 12 12 12 12 12 12 12 12 12 12 12 12 12 12 12 12 12 12 12 12 12 12 12 12 12 12 12 12 12 12 12 12 12 12 12 12 12 12 12 12 12 12 12 12 12 12 12 12 12 12 12 12 12 12 12 12 12 12 12 12 12 12 12 12 12 12 12 12 12 12 12 12 12 12 12 12 12 12 12 12 12 12 12 12 12 12 12 12 12 12 12 12 12 12 12 12 12 12 12 12 12 12 12 12 12 12 12 12 12 12 12 12 12 12 12 12 12 12 12 12 12 12 12 12 12 12 12 12 12 12 12 12 12 12 12 12 12 12 12 12 12 12 12 12 12 12 12 12 12 12 12 12 12 12 12 12 12 12 12 12 12 12 12 12 12 12 12 12 12 12 12 12 12 12 12 12 12 12 12 12 12 12 12 12 12 12 12 12 12 12 12 12 12 12 12 12 12 12 12 12 12 12 12 12 12 12 12 12 12 12 12 12 12 12 12 12 12 12 12 12 12 12 12 12 12 12 12 12 12 12 12 12 12 12 12 12 12 12 12 12 12 12 12 12 12 12 12 12 12 12 12 12 12 12 12 12 12 12 12 12 12 12 12 12 12 12 12 12 12 12 12 12 12 12 12 12 12 12 12 12 12 12 12 12 12 12 12 12 12 12 12 12 12 12 12 12 12 12 12 12 12 12 12 12 12 12 12 12 12 12 12 12 12 12 12 12 12 12 12 12 12 12 12 12 12 12 12 12 12 12 12 12 12 12 12 12 12 12 12 12 12 12 12 12 12 12 12 12 12 12 12 12 12 12 12 12 12 12 12 12 12 12 12 12 12 12 12 12 12 12 12 12 12 12 12 12 12 12 12 12 12 12 12 12 12 12 12 12 12 12 12 12 12 12 12 12 12 12 12 12 12 12 12 12 12 12 12 12 12 12 12 12 12 12 12 12 12 12 12 12 12 12 12 12 12 12 12 12 12 12 12 12 12 12 12 12 12 12 12 12 12 12 12 12 12 12 12 12 12 12 12 12 12 12 12 12 12 12 12 12 12 12 12 12 12 12 12 12 12 12 12 12 12 12 12 12 12 12 12 12 12 12 12 12 12 12 12 12 12 12 12 12 12 12 12 12 12 12 12 12 12 12 12 12 12 12 12 12 12 12 12 12 12 12 12 12 12 12 12 12 12 12 12 12 12 12 12 12 12 12 12 12 12 12 12 12 12 12 12 12 12 12 12 12 12 12 12 12 12 12 12 12 12 12 12 12 12 12 12 12 12 12 12 12 12 12 12 12 12 12 12 12 12 12 12 12 12 12 12 12 12 12 12 12 12 12 12 12 12 12 12 12 12 12 12 12 12 12 12 12 12 12 12 12 12 12 12 12 12 12 12 12 12 12 12 12 12 12 12 12 12 12 12 12 12 12 12 12 12 12 12 12 12 12 12 12 12 12 12 12 12 12 12 12 12 12 12 12 12 12 12 12 12 12 12 12 12 12 12 12 12 12 12 12 12 12 12 12 12 12 12 12 12 12 12 12 12 12 12 12 12 12 12 12 12 12 12 12 12 12 12 12 12 12 12 12 12 12 12 12 12 12 12 12 12 12 12 12 12 12 12 12 12 12 12 12 12 12 12 12 12 12 12 12 12 12 12 12 12 12 12 12 12 12 12 12 12 12 12 12 12 12 12 12 12 12 12 12 12 12 12 12 12 12 12 12 12 12 12 12 12 12 12 12 12 12 12 12 12 12 12 12 12 12 12 12 12 12 12 12 12 12 12 12 12 12 12 12 12 12 12 12 12 12 12 12 12 12 12 12 12 12 12 12 12 12 12 12 12 12 12 12 12 12 12 12 12 12 12 12 12 12 12 12 12 12 12 12 12 12 12 12 12 12 12 12 12 12 12 12 12 12 12 12 12 12 12 12 12 12 12 12 12 12 12 12 12 12 12 12 12 12 12 12 12 12 12 12 12 12 12 12 12 12 12 12 12 12 12 12 12 12 12 12 12 12 12 12 12 12 12 12 12 12 12 12 12 12 12 12 12 12 12 12 12 12 12 12 12 12 12 12 12 12 12 12 12 12 12 12 12 12 12 12 12 12 12 12 12 12 12 12 12 12 12 12 12 12 12 12 12 12 12 12 12 12 12 12 12 12 12 12 12 12 12 12 12 12 12 12 12 12 12 12 12 12 12 12 12 12 12 12 12 12 12 12 12 12 12 12 12 12 12 12 12 12 12 12 12 12 12 12 12 12 12 12 12 12 12 12 12 12 12 12 12 12 12 12 12 12 12 12 12 12 12 12 12 12 12 12 12 12 12 12 12 12 12 12 12 12 12 12 12 12 12 12 12 12 12 12 12 12 12 12 12 12 12 12 12 12 12 12 12 12 12 12 12 12 12 12 12 12 12 12 12 12 12 12 12 12 12 12 12 12 12 12 12 12 12 12 12 12 12 12 12 12 12 12 12 12 12 12 12 12 12 12 12 12 12 12 12 12 12 12 12 12 12 12 12 12 12 12 12 12 12 12 12 12 12 12 12 12 12 12 12 12 12 12 12 12 12 12 12 12 12 12 12 12 12 12 12 12 12 12 12 12 12 12 12 12 12 12 12 12 12 12 12 12 12 12 12 12 12 12 12 12 12 12 12 12 12 12 12 12 12 12 12 12 12 12 12 12 12 12 12 12 12 12 12 12 12 12 12 12 12 12 12 12 12 12 12 12 12 12 12 12 12 12 12 12 12 12 12 12 12 12 12 12 12 12 12 12 12 12 12 12 12 12 12 12 12 12 12 12 12 12 12 12 12 12 12 12 12 12 12 12 12 12 12 12 12 12 12 12 12 12 12 12 12 12 12 12 12 12 12 12 12 12 12 12 12 12 12 12 12 12 12 12 12 12 12 12 12 12 12 12 12 12 12 12 12 12 12 12 12 12 12 12 12 12 12 12 12 12 12 12 12 12 12 12 12 12 12 12 12 12 12 12 12 12 12 12 12 12 12 12 12 12 12 12 12 12 12 12 12 12 12 12 12 12 12 12 12 12 12 12 12 12 12 12 12 12 12 12 12 12 12 12 12 12 12 12 12 12 12 12 12 12 12 12 12 12 12 12 12 12 12 12 12 12 12 12 12 12 12 12 12 12 12 12 12 12 12 12 12 12 12 12 12 12 12 12 12 12 12 12 12 12 12 12 12 12 12 12 12 12 12 12 12 12 12 12 12 12 12 12 12 12 12 12 12 12 12 12 12 12 12 12 12 12 12 12 12 12 12 12 12 12 12 12 12 12 12 12 12 12 12 12 12 12 12 12 12 12 12 12 12 12 12 12 12 12 12 12 12 12 12 12 12 12 12 12 12 12 12 12 12 12 12 12 12 12 12 12 12 12 12 12 12 12 12 12 12 12 12 12 12 12 12 12 12 12 12 12 12 12 12 12 12 12 12 12 12 12 12 12 12 12 12 12 12 12 12 12 12 12 12 12 12 12 12 12 12 12 12 12 12 12 12 12 12 12 12 12 12 12 12 12 12 12 12 12 12 12 12 12 12 12 12 12 12 12 12 12 12 12 12 12 12 12 12 12 12 12 12 12 12 12 12 12 12 12 12 12 12 12 12 12 12 12 12 12 12 12 12 12 12 12 12 12 12 12 12 12 12 12 12 12 12 12 12 12 12 12 12 12 12 12 12 12 12 12 12 12 12 12 12 12 12 12 12 12 12 12 12 12 12 12 12 12 12 12 12 12 12 12 12 12 12 12 12 12 12 12 12 12 12 12 12 12 12 12 12 12 12 12 12 12 12 12 12 12 12 12 12 12 12 12 12 12 12 12 12 12 12 12 12 12 12 12 12 12 12 12 12 12 12 12 12 12 12 12 12 12 12 12 12 12 12 12 12 12 12 12 12 12 12 12 12 12 12 12 12 12 12 12 12 12 12 12 12 12 12 12 12 12 12 12 12 12 12 12 12 12 12 12 12 12 12 12 12 12 12 12 12 12 12 12 12 12 12 12 12 12 12 12 12 12 12 12 12 12 12 12 12 12 12 12 12 12 12 12 12 12 12 12 12 12 12 12 12 12 12 12 12 12 12 12 12 12 12 12 12 12 12 12 12 12 12 12 12 12 12 12 12 12 12 12 12 12 12 12 12 12 12 12 12 12 12 12 12 12 12 12 12 12 12 12 12 12 12 12 12 12 12 12 12 12 12 12 12 12 12 12 12 12 12 12 12 12 12 12 12 12 12 12 12 12 12 12 12 12 12 12 12 12 12 12 12 12 12 12 12 12 12 12 12 12 12 12 12 12 12 12 12 12 12 12 12 12 12 12 12 12 12 12 12 12 12 12 12 12 12 12 12 12 12 12 12 12 12 12 12 12 12 12 12 12 12 12 12 12 12 12 12 12 12 12 12 12 12 12 12 12 12 12 12 12 12 12 12 12 12 12 12 12 12 12 12 12 12 12 12 12 12 12 12 12 12 12 12 12 12 12 12 12 12 12 12 12 12 12 12 12 12 12 12 12 12 12 12 12 12 12 12 12 12 12 12 12 12 12 12 12 12 12 12 12 12 12 12 12 12 12 12 12 12 12 12 12 12 12 12 12 12 12 12 12 12 12 12 12 12 12 12 12 12 12 12 12 12 12 12 12 12 12 12 12 12 12 12 12 12 12 12 12 12 12 12 12 12 12 12 12 12 12 12 12 12 12 12 12 12 12 12 12 12 12 12 12 12 12 12 12 12 12 12 12 12 12 12 12 12 12 12 12 12 12 12 12 12 12 12 12 12 12 12 12 12 12 12 12 12 12 12 12 12 12 12 12 12 12 12 12 12 12 12 12 12 12 12 12 12 12 12 12 12 12 12 12 12 12 12 12 12 12 12 12 12 12 12 12 12 12 12 12 12 12 12 12 12 12 12 12 12 12 12 12 12 12 12 12 12 12 12 12 12 12 12 12 12 12 12 12 12 12 12 12 12 12 12 12 12 12 12 12 12 12 12 12 12 12 12 12 12 12 12 12 12 12 12 12 12 12 12 12 12 12 12 12 12 12 12 12 12 12 12 12 12 12 12 12 12 12 12 12 12 12 12 12 12 12 12 12 12 12 12 12 12 12 12 12 12 12 12 12 12 12 12 12 12 12 12 12 12 12 12 12 12 12 12 12 12 12 12 12 12 12 12 12 12 12 12 12 12 12 12 12 12 12 12 12 12 12 12 12 12 12 12 12 12 12 12 12 12 12 12 12 12 12 12 12 12 12 12 12 12 12 12 12 12 12 12 12 12 12 12 12 12 12 12 12 12 12 12 12 12 12 12 12 12 12 12 12 12 12 12 12 12 12 12 12 12 12 12 12 12 12 12 12 12 12 12 12 12 12 12 12 12 12 12 12 12 12 12 12 12 12 12 12 12 12 12 12 12 12 12 12 12 12 12 12 12 12 12 12 12 12 12 12 12 12 12 12 12 12 12 12 12 12 12 12 12 12 12 12 12 12 12 12 12 12 12 12 12 12 12 12 12 12 12 12 12 12 12 12 12 12 12 12 12 12 12 12 12 12 12 12 12 12 12 12 12 12 12 12 12 12 12 12 12 12 12 12 12 12 12 12 12 12 12 12 12 12 12 12 12 12 12 12 12 12 12 12 12 12 12 12 12 12 12 12 12 12 12 12 12 12 12 12 12 12 12 12 12 12 12 12 12 12 12 12 12 12 12 12 12 12 12 12 12 12 12 12 12 12 12 12 12 12 12 12 12 12 12 12 12 12 12 12 12 12 12 12 12 12 12 12 12 12 12 12 12 12 12 12 12 12 12 12 12 12 12 12 12 12 12 12 12 12 12 12 12 12 12 12 12 12 12 12 12 12 12 12 12 12 12 12 12 12 12 12 12 12 12 12 12 12 12 12 12 12 12 12 12 12 12 12 12 12 12 12 12 12 12 12 12 12 12 12 12 12 12 12 12 12 12 12 12 12 12 12 12 12 12 12 12 12 12 12 12 12 12 12 12 12 12 12 12 12 12 12 12 12 12 12 12 12 12 12 12 12 12 12 12 12 12 12 12 12 12 12 12 12 12 12 12 12 12 12 12 12 12 12 12 12 12 12 12 12 12 12 12 12 12 12 12 12 12 12 12 12 12 12 12 12 12 12 12 12 12 12 12 12 12 12 12 12 12 12 12 12 12 12 12 12 12 12 12 12 12 12 12 12 12 12 12 12 12 12 12 12 12 12 12 12 12 12 12 12 12 12 12 12 12 12 12 12 12 12 12 12 12 12 12 12 12 12 12 12 12 12 12 12 12 12 12 12 12 12 12 12 12 12 12 12 12 12 12 12 12 12 12 12 12 12 12 12 12 12 12 12 12 12 12 12 12 12 12 12 12 12 12 12 12 12 12 12 12 12 12 12 12 12 12 12 12 12 12 12 12 12 12 12 12 12 12 12 12 12 12 12 12 12 12 12 12 12 12 12 12 12 12 12 12 12 12 12 12 12 12 12 12 12 12 12 12 12 12 12 12 12 12 12 12 12 12 12 12 12 12 12 12 12 12 12 12 12 12 12 12 12 12 12 12 12 12 12 12 12 12 12 12 12 12 12 12 12 12 12 12 12 12 12 12 12 12 12 12 12 12 12 12 12 12 12 12 12 12 12 12 12 12 12 12 12 12 12 12 12 12 12 12 12 12 12 12 12 12 12 12 12 12 12 12 12 12 12 12 12 12 12 12 12 12 12 12 12 12 12 12 12 12 12 12 12 12 12 12 12 12 12 12 12 12 12 12 12 12 12 12 12 12 12 12 12 12 12 12 12 12 12 12 12 12 12 12 12 12 12 12 12 12 12 12 12 12 12 12 12 12 12 12 12 12 12 12 12 12 12 12 12 12 12 12 12 12 12 12 12 12 12 12 12 12 12 12 12 12 12 12 12 12 12 12 12 12 12 12 12 12 12 12 12 12 12 12 12 12 12 12 12 12 12 12 12 12 12 12 12 12 12 12 12 12 12 12 12 12 12 12 12 12 12 12 12 12 12 12 12 12 12 12 12 12 12 12 12 12 12 12 12 12 12 12 12 12 12 12 12 12 12 12 12 12 12 12 12 12 12 12 12 12 12 12 12 12 12 12 12 12 12 12 12 12 12 12 12 12 12 12 12 12 12 12 12 12 12 12 12 12 12 12 12 12 12 12 12 12 12 12 12 12 12 12 12 12 12 12 12 12 12 12 12 12 12 12 12 12 12 12 12 12 12 12 12 12 12 12 12 12 12 12 12 12 12 12 12 12 12 12 12 12 12 12 12 12 12 12 12 12 12 12 12 12 12 12 12 12 12 12 12 12 12 12 12 12 12 12 12 12 12 12 12 12 12 12 12 12 12 12 12 12 12 12 12 12 12 12 12 12 12 12 12 12 12 12 12 12 12 12 12 12 12 12 12 12 12 12 12 12 12 12 12 12 12 12 12 12 12 12 12 12 12 12 12 12 12 12 12 12 12 12 12 12 12 12 12 12 12 12 12 12 12 12 12 12 12 12 12 12 12 12 12 12 12 12 12 12 12 12 12 12 12 12 12 12 12 12 12 12 12 12 12 12 12 12 12 12 12 12 12 12 12 12 12 12 12 12 12 12 12 12 12 12 12 12 12 12 12 12 12 12 12 12 12 12 12 12 12 12 12 12 12 12 12 12 12 12 12 12 12 12 12 12 12 12 12 12 12 12 12 12 12 12 12 12 12 12 12 12 12 12 12 12 12 12 12 12 12 12 12 12 12 12 12 12 12 12 12 12 12 12 12 12 12 12 12 12 12 12 12 12 12 12 12 12 12 12 12 12 12 12 12 12 12 12 12 12 12 12 12 12 12 12 12 12 12 12 12 12 12 12 12 12 12 12 12 12 12 12 12 12 12 12 12 12 12 12 12 12 12 12 12 12 12 12 12 12 12 12 12 12 12 12 12 12 12 12 12 12 12 12 12 12 12 12 12 12 12 12 12 12 12 12 12 12 12 12 12 12 12 12 12 12 12 12 12 12 12 12 12 12 12 12 12 12 12 12 12 12 12 12 12 12 12 12 12 12 12 12 12 12 12 12 12 12 12 12 12 12 12 12 12 12 12 12 12 12 12 12 12 12 12 12 12 12 12 12 12 12 12 12 12 12 12 12 12 12 12 12 12 12 12 12 12 12 12 12 12 12 12 12 12 12 12 12 12 12 12 12 12 12 12 12 12 12 12 12 12 12 12 12 12 12 12 12 12 12 12 12 12 12 12 12 12 12 12 12 12 12 12 12 12 12 12 12 12 12 12 12 12 12 12 12 12 12 12 12 12 12 12 12 12 12 12 12 12 12 12 12 12 12 12 12 12 12 12 12 12 12 12 12 12 12 12 12 12 12 12 12 12 12 12 12 12 12 12 12 12 12 12 12 12 12 12 12 12 12 12 12 12 12 12 12 12 12 12 12 12 12 12 12 12 12 12 12 12 12 12 12 12 12 12 12 12 12 12 12 12 12 12 12 12 12 12 12 12 12 12 12 12 12 12 12 12 12 12 12 12 12 12 12 12 12 12 12 12 12 12 12 12 12 12 12 12 12 12 12 12 12 12 12 12 12 12 12 12 12 12 12 12 12 12 12 12 12 12 12 12 12 12 12 12 12 12 12 12 12 12 12 12 12 12 12 12 12 12 12 12 12 12 12 12 12 12 12 12 12 12 12 12 12 12 12 12 12 12 12 12 12 12 12 12 12 12 12 12 12 12 12 12 12 12 12 12 12 12 12 12 12 12 12 12 12 12 12 12 12 12 12 12 12 12 12 12 12 12 12 12 12 12 12 12 12 12 12 12 12 12 12 12 12 12 12 12 12 12 12 12 12 12 12 12 12 12 12 12 12 12 12 12 12 12 12 12 12 12 12 12 12 12 12 12 12 12 12 12 12 12 12 12 12 12 12 12 12 12 12 12 12 12 12 12 12 12 12 12 12 12 12 12 12 12 12 12 12 12 12 12 12 12 12 12 12 12 12 12 12 12 12 12 12 12 12 12 12 12 12 12 12 12 12 12 12 12 12 12 12 12 12 12 12 12 12 12 12 12 12 12 12 12 12 12 12 12 12 12 12 12 12 12 12 12 12 12 12 12 12 12 12 12 12 12 12 12 12 12 12 12 12 12 12 12 12 12 12 12 12 12 12 12 12 12 12 12 12 12 12 12 12 12 12 12 12 12 12 12 12 12 12 12 12 12 12 12 12 12 12 12 12 12 12 12 12 12 12 12 12 12 12 12 12 12 12 12 12 12 12 12 12 12 12 12 12 12 12 12 12 12 12 12 12 12 12 12 12 12 12 12 12 12 12 12 12 12 12 12 12 12 12 12 12 12 12 12 12 12 12 12 12 12 12 12 12 12 12 12 12 12 12 12 12 12 12 12 12 12 12 12 12 12 12 12 12 12 12 12 12 12 12 12 12 12 12 12 12 12 12 12 12 12 12 12 12 12 12 12 12 12 12 12 12 12 12 12 12 12 12 12 12 12 12 12 12 12 12 12 12 12 12 12 12 12 12 12 12 12 12 12 12 12 12 12 12 12 12 12 12 12 12 12 12 12 12 12 12 12 12 12 12 12 12 12 12 12 12 12 12 12 12 12 12 12 12 12 12 12 12 12 12 12 12 12 12 12 12 12 12 12 12 12 12 12 12 12 12 12 12 12 12 12 12 12 12 12 12 12 12 12 12 12 12 12 12 12 12 12 12 12 12 12 12 12 12 12 12 12 12 12 12 12 12 12 12 12 12 12 12 12 12 12 12 12 12 12 12 12 12 12 12 12 12 12 12 12 12 12 12 12 12 12 12 12 12 12 12 12 12 12 12 12 12 12 12 12 12 12 12 12 12 12 12 12 12 12 12 12 12 12 12 12 12 12 12 12 12 12 12 12 12 12 12 12 12 12 12 12 12 12 12 12 12 12 12 12 12 12 12 12 12 12 12 12 12 12 12 12 12 12 12 12 12 12 12 12 12 12 12 12 12 12 12 12 12 12 12 12 12 12 12 12 12 12 12 12 12 12 12 12 12 12 12 12 12 12 12 12 12 12 12 12 12 12 12 12 12 12 12 12 12 12 12 12 12 12 12 12 12 12 12 12 12 12 12 12 12 12 12 12 12 12 12 12 12 12 12 12 12 12 12 12 12 12 12 12 12 12 12 12 12 12 12 12 12 12 12 12 12 12 12 12 12 12 12 12 12 12 12 12 12 12 12 12 12 12 12 12 12 12 12 12 12 12 12 12 12 12 12 12 12 12 12 12 12 12 12 12 12 12 12 12 12 12 12 12 12 12 12 12 12 12 12 12 12 12 12 12 12 12 12 12 12 12 12 12 12 12 12 12 12 12 12 12 12 12 12 12 12 12 12 12 12 12 12 12 12 12 12 12 12 12 12 12 12 12 12 12 12 12 12 12 12 12 12 12 12 12 12 12 12 12 12 12 12 12 12 12 12 12 12 12 12 12 12 12 12 12 12 12 12 12 12 12 12 12 12 12 12 12 12 12 12 12 12 12 12 12 12 12 12 12 12 12 12 12 12 12 12 12 12 12 12 12 12 12 12 12 12 12 12 12 12 12 12 12 12 12 12 12 12 12 12 12 12 12 12 12 12 12 12 12 12 12 12 12 12 12 12 12 12 12 12 12 12 12 12 12 12 12 12 12 12 12 12 12 12 12 12 12 12 12 12 12 12 12 12 12 12 12 12 12 12 12 12 12 12 12 12 12 12 12 12 12 12 12 12 12 12 12 12 12 12 12 12 12 12 12 12 12 12 12 12 12 12 12 12 12 12 12 12 12 12 12 12 12 12 12 12 12 12 12 12 12 12 12 12 12 12 12 12 12 12 12 12 12 12 12 12 12 12 12 12 12 12 12 12 12 12 12 12 12 12 12 12 12 12 12 12 12 12 12 12 12 12 12 12 12 12 12 12 12 12 12 12 12 12 12 12 12 12 12 12 12 12 12 12 12 12 12 12 12 12 12 12 12 12 12 12 12 12 12 12 12 12 12 12 12 12 12 12 12 12 12 12 12 12 12 12 12 12 12 12 12 12 12 12 12 12 12 12 12 12 12 12 12 12 12 12 12 12 12 12 12 12 12 12 12 12 12 12 12 12 12 12 12 12 12 12 12 12 12 12 12 12 12 12 12 12 12 12 12 12 12 12 12 12 12 12 12 12 12 12 12 12 12 12 12 12 12 12 12 12 12 12 12 12 12 12 12 12 12 12 12 12 12 12 12 12 12 12 12 12 12 12 12 12 12 12 12 12 12 12 12 12 12 12 12 12 12 12 12 12 12 12 12 12 12 12 12 12 12 12 12 12 12 12 12 12 12 12 12 12 12 12 12 12 12 12 12 12 12 12 12 12 12 12 12 12 12 12 12 12 12 12 12 12 12 12 12 12 12 12 12 12 12 12 12 12 12 12 12 12 12 12 12 12 12 12 12 12 12 12 12 12 12 12 12 12 12 12 12 12 12 12 12 12 12 12 12 12 12 12 12 12 12 12 12 12 12 12 12 12 12 12 12 12 12 12 12 12 12 12 12 12 12 12 12 12 12 12 12 12 12 12 12 12 12 12 12 12 12 12 12 12 12 12 12 12 12 12 12 12 12 12 12 12 12 12 12 12 12 12 12 
        </DataArray>
      </Cells>
      <PointData Scalars="value">
        <DataArray type="Float64" Name="value" format="ascii">
          354.550540 336.445513 302.157214 337.095971 306.398083 312.701385 300.000000 321.690803 326.889375 346.542936 349.180536 334.897250 381.108312 352.822747 347.129219 379.864979 302.124350 308.640227 384.488641 339.108002 384.208886 342.397768 335.079941 331.007516 326.559295 366.210120 306.096427 306.424172 400.000000 300.000000 300.000000 377.193722 310.326351 327.423962 300.000000 337.824929 300.000000 339.334881 321.754102 362.776043 318.975954 336.089547 333.085890 348.394226 369.235065 300.000000 360.185813 313.387112 353.277783 357.394010 300.000000 300.000000 386.449011 313.282711 315.655957 317.636381 320.734435 329.818466 308.183952 334.165062 337.165621 329.299147 373.789038 323.227063 320.721230 304.900449 309.036715 321.462101 349.715488 326.610095 359.721639 400.000000 359.404451 364.387918 393.575241 353.979477 300.000000 300.000000 332.121872 337.568367 336.082675 330.237789 322.139156 302.900080 338.300070 300.000000 400.000000 319.451856 303.403730 318.727417 400.000000 329.949284 400.000000 324.926282 352.811138 306.558641 343.371726 374.066682 347.930561 332.422110 375.927196 344.253696 337.669456 317.576492 400.000000 309.452540 320.375232 327.450043 369.255535 361.006105 351.547612 391.969733 400.000000 300.000000 300.000000 307.345229 324.112717 320.941833 400.000000 315.364142 342.946027 300.000000 302.248621 330.753943 310.737910 325.170496 311.132647 322.768123 377.023109 315.152070 400.000000 389.868603 347.685488 362.754788 380.243631 340.623281 352.349037 301.661664 350.293824 339.738185 400.000000 340.675442 323.252956 319.681530 324.697177 343.693097 300.000000 300.267722 319.181417 363.483621 325.364558 357.128550 346.747561 300.000000 300.000000 314.616631 300.000000 360.657052 324.919309 300.000000 327.933973 330.640776 342.054373 305.219568 342.520695 300.000000 354.455877 320.473080 309.857053 334.541809 310.508533 309.825221 366.569564 366.265067 339.649252 306.930139 400.000000 334.726880 308.046799 330.729254 325.850748 379.593057 316.132450 325.933719 394.321818 328.709179 346.710741 384.351488 336.161668 342.618171 369.406693 363.272939 364.428516 314.869377 305.846977 321.668016 400.000000 328.663483 311.038866 400.000000 306.471355 300.000000 312.925585 388.086592 328.737861 345.742460 305.297260 342.812625 325.948580 307.466868 319.427002 328.580658 384.870971 377.062066 347.567631 330.625605 340.147396 329.625161 359.685757 300.000000 303.106782 383.790617 334.330472 317.314617 306.558546 373.975061 320.628737 371.753151 317.426453 314.848187 392.060175 316.070220 331.120138 385.447344 346.130517 350.000000 365.147282 301.105608 334.197598 300.000000 342.350898 377.093784 325.128095 333.542321 365.254247 321.898584 315.516551 400.000000 303.061251 312.225821 329.126435 300.000000 365.280140 339.825162 309.531866 372.279151 303.544094 391.525798 303.819263 400.000000 329.477787 379.972998 378.868229 315.160165 350.697896 400.000000 336.359424 306.974330 301.952488 300.000000 324.817222 365.213914 355.658735 367.090770 318.039287 315.649837 317.082090 309.586585 322.419898 316.938157 340.384117 320.581348 325.240364 310.431472 311.955016 400.000000 302.622828 325.386550 304.977071 356.204567 400.000000 325.294090 303.283287 321.061339 324.442042 332.562269 309.537314 332.739859 314.795502 319.895537 327.751015 384.309424 329.981145 303.693497 300.000000 319.976133 330.225887 304.931055 348.818469 309.958366 349.532885 393.966778 326.757731 324.424602 333.596870 307.345744 318.885070 303.592633 337.538872 330.597298 357.097255 300.000000 353.123881 309.730441 303.144607 339.497216 400.000000 304.563401 312.478701 328.227877 303.266857 335.443297 300.000000 324.589806 358.005662 393.940460 387.543059 332.593955 352.934418 349.650316 359.162614 348.359774 324.842686 311.746967 315.283353 308.777694 329.188832 316.398699 359.487690 322.275919 390.029625 311.511418 320.248753 343.839800 323.830955 400.000000 348.106242 300.000000 300.000000 381.996805 326.122402 301.529001 316.771039 313.629929 355.680142 325.458274 328.454049 325.571590 336.303983 305.410138 364.887058 310.509027 320.252095 336.253924 343.708819 300.000000 300.000000 341.330136 306.922646 350.000000 344.024526 334.348823 314.866450 300.000000 311.187968 359.349122 354.600725 394.833814 352.769431 320.605649 300.000000 372.432427 300.000000 309.449356 351.506708 400.000000 305.542195 326.802843 385.551592 327.994787 365.286972 335.670345 339.649558 336.824616 320.512026 307.174359 381.603247 308.720297 338.888415 331.655038 300.000000 302.702244 400.000000 316.410998 349.534249 316.055353 303.739127 355.313690 400.000000 400.000000 337.000169 368.728115 331.613848 321.463411 302.464519 343.816082 334.067712 329.466947 325.898612 310.323983 339.114967 367.154195 334.791827 308.285794 321.358713 300.000000 304.851450 368.941706 400.000000 389.544192 400.000000 316.774396 301.501106 304.897924 388.748553 400.000000 300.000000 330.271004 309.270453 315.434470 300.000000 334.117464 311.447192 363.238814 300.000000 321.775980 330.471996 322.046070 325.141372 338.300702 359.584972 300.000000 351.035525 335.161101 332.158107 388.035220 324.680093 300.000000 341.070703 329.654091 329.421702 316.648697 310.217635 307.941420 302.757135 303.575560 307.697348 352.630105 372.887673 335.371414 342.380334 351.786966 326.276996 356.569852 354.047969 322.351566 373.670915 334.604882 320.876014 300.000000 364.396181 350.964651 330.980915 326.226673 332.438325 333.363200 317.288940 341.392490 314.248645 317.490577 400.000000 300.000000 335.808418 337.828036 323.291246 306.238902 311.339690 343.841809 386.063056 388.786467 330.447528 319.128707 335.240600 384.317518 351.014310 365.903184 325.964319 314.103534 318.028355 300.000000 315.536137 333.889803 316.845910 367.830790 361.926115 327.316765 322.476730 324.674117 300.000000 355.713643 317.143094 324.572641 306.037503 389.331801 317.815596 300.000000 400.000000 320.135844 328.182318 309.801721 313.637849 305.930093 337.633559 353.072196 342.307632 338.422284 321.137078 341.404887 300.000000 362.639931 305.426558 336.154649 327.734643 323.139052 331.658574 400.000000 312.813938 365.103962 316.692752 378.878741 300.000000 302.865769 356.581944 317.228548 328.263560 300.000000 308.033108 327.165826 400.000000 347.294370 325.922796 304.819076 359.238575 362.955343 343.996207 350.387190 387.744378 400.000000 365.121870 307.747668 306.938168 327.479872 346.751198 334.991441 374.241602 308.955942 310.327940 355.563907 340.078276 342.333906 341.437966 300.000000 369.184632 312.094181 310.490581 334.925608 344.221670 303.988205 322.783256 312.261418 310.364515 300.000000 311.621306 317.669334 309.092316 304.028922 315.668205 305.669046 320.762522 303.152569 350.321581 313.539892 300.000000 312.333265 310.125350 310.440918 317.305416 300.000000 306.669973 330.245050 324.070200 363.435749 340.795028 313.423760 300.000000 326.526321 300.000000 333.370681 370.030592 384.520772 382.023842 335.533854 310.984048 400.000000 351.428471 342.141134 321.583842 355.481268 339.143014 335.783364 385.139919 343.850203 304.098400 300.000000 305.958530 359.425140 307.449735 386.561381 300.000000 300.000000 307.131266 332.060978 321.541274 348.994526 380.311077 370.101882 330.915949 335.943748 351.496657 330.262832 351.344032 307.485450 349.619751 323.697533 330.168523 385.545666 388.296818 348.552468 320.700686 390.452977 313.783516 386.051668 305.269950 319.415237 381.606977 317.890259 340.696140 400.000000 371.161852 332.339278 314.378115 378.866050 336.155637 343.357683 321.099425 345.489053 308.185254 400.000000 378.512742 344.434931 318.213818 321.978214 322.566446 309.022422 309.487453 321.885528 333.801897 310.509517 353.115095 383.366836 304.276033 400.000000 351.323407 333.866883 400.000000 334.248889 383.018692 329.375607 300.000000 346.372124 313.709375 320.657551 309.232528 310.226440 372.047627 303.926774 314.854709 322.318780 321.943549 333.095594 400.000000 342.347504 346.276520 342.639838 315.756171 323.280393 328.431682 327.266690 338.257303 373.144949 311.781652 400.000000 311.946850 322.022796 307.920484 342.221456 311.081251 361.775885 300.000000 306.136897 315.435818 300.000000 308.052469 349.181266 387.138216 335.917339 319.043362 308.543909 334.003948 346.461365 375.553520 320.761683 360.691231 322.705474 303.988042 322.030678 304.697330 303.032959 320.693797 382.563826 320.117579 329.592660 309.972631 309.069082 357.134861 330.473618 327.611342 324.809329 359.420357 309.029255 333.477810 374.864546 358.287371 318.893183 310.808893 332.435223 314.797511 303.797140 315.139049 373.279505 335.050848 339.619176 389.165628 348.867243 322.057169 309.647326 321.898589 335.658486 321.379027 381.362372 379.178010 312.815336 325.612954 300.000000 367.231181 389.118365 333.703597 300.000000 312.054319 331.143596 311.960921 303.661116 356.334208 307.387838 379.565998 332.174507 304.069226 352.942495 400.000000 300.000000 324.788870 334.314116 338.642041 328.073846 300.000000 312.753877 330.438585 400.000000 400.000000 342.765673 326.019190 383.990316 393.808484 309.094941 315.508784 318.903493 311.887327 352.551130 386.338716 302.596956 319.611347 341.653849 331.135655 311.988013 344.348318 389.671084 382.571521 351.232543 400.000000 348.799432 381.737882 346.734286 353.977089 349.277935 340.689810 310.918423 306.959951 303.236214 356.761009 339.151586 341.817887 357.110207 323.334004 322.158843 300.000000 312.582104 334.249206 314.842357 372.155308 316.522470 377.001397 394.822216 308.821206 303.499525 388.196065 316.933316 325.917230 352.391093 321.213429 306.546107 332.710062 300.000000 351.426705 400.000000 300.000000 332.630392 360.092022 333.015887 300.000000 348.532090 378.922897 342.292952 400.000000 321.024157 330.827901 353.224248 323.315249 348.738870 351.405332 334.209611 301.869848 324.935722 309.508488 339.699739 329.653062 324.910500 333.899157 307.993949 332.760888 306.191813 328.094174 323.198014 370.672877 314.958612 318.023148 343.542976 330.763471 315.628144 311.568191 326.746952 380.846820 319.466539 354.835268 333.590014 364.853266 336.521116 346.299995 332.058638 312.286901 369.813576 324.445686 355.295002 305.163304 366.636096 321.616130 328.800154 364.362249 326.363729 319.514236 315.401159 387.768933 385.778731 400.000000 392.079062 304.867419 333.177569 316.155014 303.494919 329.973044 322.979256 316.622502 400.000000 303.511976 311.423275 325.869733 324.039812 300.000000 310.395822 316.767942 306.787476 300.000000 361.712722 319.610965 384.206611 400.000000 387.953780 302.169061 309.215117 323.019897 384.382230 370.270941 329.802763 331.399377 311.217741 377.890575 400.000000 320.934719 300.000000 307.840088 306.745259 305.300254 300.000000 357.294600 334.356860 300.000000 394.421299 316.705049 306.134358 303.260052 356.609118 316.175784 330.242602 332.926569 338.818123 377.152488 314.017954 300.000000 378.444488 327.226653 350.151336 326.692654 363.584520 366.760051 400.000000 400.000000 338.019900 327.724309 329.949106 376.068580 320.375187 311.882112 319.580340 314.551943 319.975036 325.247251 321.261603 334.472934 307.705661 313.242460 388.253578 304.168619 334.792779 304.896002 400.000000 300.000000 300.000000 302.042346 337.554731 337.972388 321.336160 315.086721 312.920181 322.932070 306.280435 365.419030 314.142396 307.461153 380.318746 300.000000 320.601556 323.939169 393.397696 300.000000 311.132745 309.436113 331.014152 321.285337 300.000000 337.188594 377.078685 300.000000 357.900386 360.988323 328.709197 307.679131 307.271941 303.107460 329.530083 300.000000 331.249902 300.000000 305.923003 313.805551 349.254902 300.000000 326.610078 369.041331 400.000000 360.712862 375.843500 317.199476 316.112378 330.847798 325.008302 343.878839 322.903556 393.943143 305.270814 320.999034 306.086346 400.000000 340.909241 338.558234 364.834211 368.182162 317.146988 316.410222 300.000000 393.884301 313.672808 358.259299 328.591883 353.120209 300.000000 372.647938 400.000000 319.958254 323.782700 306.532603 355.166557 383.723000 330.982972 311.940191 303.037587 312.294778 362.627369 300.000000 332.330278 318.963050 325.089690 333.988811 353.004184 343.734061 300.000000 371.880815 317.825477 354.110652 400.000000 300.000000 331.875258 331.243716 311.492982 349.073479 306.048093 381.436942 328.600063 337.080570 325.015264 302.835892 306.656298 394.171477 400.000000 382.425026 301.695110 357.942168 320.572875 332.138991 300.000000 319.731149 320.049337 303.072868 382.519896 382.200048 305.254188 319.713809 384.472737 300.000000 353.113892 313.454755 379.284380 319.585616 355.678606 327.677480 336.809260 306.353845 355.894514 345.345521 324.691699 303.143839 383.622156 386.363396 372.042105 349.230853 375.869747 322.396096 361.803020 349.186917 305.303083 325.457284 333.149790 355.763079 335.582143 307.288087 331.672684 389.107276 309.486011 324.405779 308.425566 330.672395 360.869998 308.000588 362.415078 312.680359 316.856141 387.229511 300.000000 357.007015 305.163295 334.447321 352.134437 377.848895 322.449227 368.556059 359.238380 319.151905 343.654034 334.047529 376.751942 332.369086 300.000000 330.979886 392.617233 336.110008 300.000000 312.997514 345.823225 308.644417 354.848541 400.000000 303.169781 306.939991 332.800938 327.712421 382.342427 360.891429 339.906025 328.118594 329.249413 400.000000 300.000000 324.358024 367.582712 317.063945 400.000000 300.000000 314.051301 355.321660 392.543093 313.438690 360.031960 364.476648 379.069952 371.656124 379.725978 360.954913 343.359712 370.620169 325.129180 313.920979 300.000000 320.986886 321.377156 334.972199 326.234522 345.659248 341.056202 347.208980 337.084058 328.096001 372.481251 393.941094 303.574257 353.355541 310.385853 324.045423 339.267710 300.000000 331.166417 392.285745 311.718062 327.320900 400.000000 308.997440 343.574301 324.880084 303.521460 300.000000 386.533168 300.000000 385.399107 388.096213 300.000000 400.000000 376.960690 310.984415 341.466803 303.659917 335.945106 300.000000 306.423809 317.601598 335.979168 393.947033 300.000000 400.000000 332.872122 319.609158 305.418268 400.000000 324.693209 393.936354 311.016029 330.623186 366.342636 321.339599 300.000000 374.518414 378.891152 355.614536 311.920457 360.277786 309.476334 348.890682 370.577440 303.377641 343.614499 348.938490 317.976231 300.000000 325.671137 400.000000 377.104232 358.908905 328.543493 308.493898 319.801814 366.623575 381.542634 338.117231 362.450430 310.719947 369.261835 362.236176 326.169316 313.419637 302.189667 300.000000 380.817539 300.000000 334.437639 379.481669 379.693941 303.132830 309.255844 378.273045 303.309257 383.104864 326.400013 367.845320 311.180896 300.000000 350.000000 300.000000 300.000000 305.061688 320.049545 369.449132 300.000000 317.787507 320.088087 369.306786 303.705882 335.601736 343.200145 307.662650 307.091528 307.920107 302.525449 335.265128 329.295496 346.976077 328.699516 314.444247 343.191494 340.415225 337.810785 340.395555 308.605333 309.925325 317.539227 300.000000 374.205541 310.499671 300.000000 304.072479 340.518203 322.283399 320.213096 357.247834 330.419097 362.452156 372.693376 400.000000 366.498616 400.000000 385.494514 310.797111 325.024493 337.548792 330.039220 308.765816 322.826963 351.435100 334.827249 325.173952 323.845914 362.705385 387.751532 300.000000 327.616523 300.000000 326.929779 385.551701 363.746075 308.395933 317.544465 390.183098 336.361550 373.324030 335.732388 313.390722 321.519173 388.361770 374.334359 356.681674 334.103488 339.775640 300.000000 354.978217 325.828391 343.872486 358.315205 325.295206 350.446592 300.000000 313.108460 350.452874 348.532948 374.716383 353.864849 300.000000 308.727660 314.121541 345.609651 300.000000 345.278125 309.279856 339.581353 366.840961 338.233258 309.326525 300.000000 335.584787 304.932994 300.532164 363.954037 309.264933 300.000000 333.785709 340.387690 321.720001 300.000000 306.240921 334.631665 323.665690 300.000000 318.417631 318.708512 300.000000 300.000000 336.135676 387.256982 300.000000 346.793135 313.606333 324.422487 309.717379 343.586038 304.683546 323.760200 322.928189 366.668891 366.416800 381.210582 300.000000 360.942944 343.034010 382.445739 333.683448 341.364108 303.268695 332.846678 313.388699 331.085702 317.742838 342.625178 335.726270 303.026713 339.391697 300.000000 400.000000 311.300239 308.767729 377.506582 385.767084 346.664530 325.861390 321.243345 315.863230 306.062115 335.595682 354.247681 310.059944 344.645959 300.000000 332.823457 311.241980 322.214054 323.348538 319.664686 320.013193 328.615985 307.969630 322.393290 323.678824 318.023037 308.908407 312.681351 304.953362 322.430764 311.129859 344.121152 337.694065 373.104791 317.434468 313.177229 319.721665 305.146274 300.000000 345.750861 307.012896 334.347341 315.875791 300.000000 331.216704 323.519019 300.000000 300.000000 357.821466 300.000000 315.517243 307.080260 351.980622 300.313727 301.556480 346.367118 373.462201 387.933765 330.219390 362.617866 300.000000 352.419026 368.076913 335.626668 312.376490 365.134409 305.221188 318.130284 350.000000 342.735966 313.609119 331.685577 329.610540 321.117475 319.583559 316.713260 331.977370 300.000000 366.899650 309.280253 315.198207 300.000000 332.875187 300.000000 304.079956 319.280874 374.971281 345.644408 315.827443 329.203601 400.000000 394.671402 336.779554 310.701951 369.147489 321.838724 319.927153 383.231781 325.482405 300.628661 310.038940 353.762995 330.717759 379.411129 390.941923 300.000000 315.045858 348.890069 330.051271 322.562111 378.429444 308.553259 317.942055 326.564620 322.779672 328.316002 342.948330 335.489425 336.808801 327.155024 320.597578 337.561716 300.000000 323.309245 321.300750 307.955496 313.332191 349.928641 341.823787 360.181891 347.208913 319.911619 314.863951 331.808433 400.000000 306.283135 303.187312 300.000000 331.697199 300.000000 338.451059 309.812551 328.668416 309.350930 305.744294 367.391656 349.503718 322.364423 317.748855 328.967742 300.000000 348.129330 400.000000 306.765809 327.296011 313.054666 400.000000 389.634513 306.454708 328.382042 313.013720 332.406935 331.237967 312.878528 381.932415 331.239099 335.749108 357.873607 394.754712 330.223079 327.732801 300.000000 342.868554 323.878969 335.355978 379.774148 319.689404 300.000000 341.676481 311.475735 334.268312 400.000000 332.261287 330.083228 322.699932 350.671572 340.113419 370.658608 312.025647 315.748708 329.204046 382.214634 325.293439 312.709844 300.000000 400.000000 303.362444 310.686986 329.635563 343.697172 310.572328 314.236225 330.476492 328.655247 327.248096 300.000000 321.219896 306.326498 326.201709 328.378217 329.151227 304.018490 328.865224 326.084169 343.163420 314.923240 338.059010 319.967723 330.745141 334.239656 300.000000 302.367086 312.539121 324.588620 304.685363 331.968276 300.000000 341.163208 339.990392 331.363826 300.000000 393.502949 400.000000 300.000000 300.000000 357.803427 300.000000 336.470111 306.102038 309.579055 300.000000 352.553812 314.845273 313.699698 305.743319 322.224111 330.609002 327.463057 353.662409 374.924848 300.000000 305.480831 326.927829 318.539031 313.618227 332.404831 302.693846 300.000000 341.675140 311.646119 350.000000 324.863237 334.995315 331.470415 362.480787 357.222774 303.567151 336.961612 372.423550 389.269868 337.005085 313.731502 339.400518 347.515829 315.492073 318.917123 359.389044 304.470699 310.035039 309.559910 343.074475 320.038240 327.821683 318.365727 303.880809 388.254719 313.930060 324.854156 318.452168 374.454152 331.478653 314.093217 352.051493 339.993859 340.211111 309.878689 306.242456 330.002743 317.198275 316.383380 310.249984 325.064075 332.060883 310.774673 334.589649 339.294365 322.017487 322.008902 334.762779 317.064045 335.612154 400.000000 315.585127 326.032242 346.886043 300.000000 343.803943 315.290370 324.324742 336.118674 334.488703 314.454946 320.216846 300.000000 333.113153 338.060219 345.867488 327.812626 385.554283 333.639380 300.000000 327.042969 350.000000 339.673583 303.510791 300.000000 303.260208 320.772949 310.156020 400.000000 303.133259 315.264064 337.719188 385.813990 306.972045 326.967588 311.108420 312.719218 362.804928 384.486438 389.657671 312.928478 341.271556 300.537863 367.523483 302.530078 334.732864 400.000000 315.925869 331.529928 300.000000 324.802039 304.415516 331.288375 358.476797 336.092458 377.799969 316.816997 316.776900 371.061393 319.989458 366.331641 324.486351 337.327785 355.081041 338.833921 305.708223 303.164514 340.885157 357.180703 400.000000 324.038223 358.426274 353.051796 383.685066 320.490969 393.496226 317.964993 312.615955 300.000000 335.552606 337.952041 366.456269 343.024505 317.793605 313.992105 300.000000 350.000000 390.006641 319.482729 343.617714 338.172177 325.774350 400.000000 307.908331 383.452293 317.340062 352.458723 330.269711 383.599179 366.843768 321.890294 300.000000 400.000000 320.308072 356.206467 331.730576 300.000000 352.928124 378.431840 300.000000 381.258171 329.252683 333.540420 317.477859 345.251007 332.796472 316.351697 319.784232 329.131155 322.576438 310.871941 300.000000 346.267793 317.722212 316.126579 336.385397 324.898532 300.000000 376.488718 371.655902 331.198455 384.121253 384.101838 315.044086 391.784866 380.967895 301.064882 312.640945 305.142373 329.849010 347.670866 350.683419 331.271538 400.000000 311.028683 347.680714 350.000000 400.000000 301.834040 309.554270 362.674650 311.288365 368.479965 323.112664 317.825712 318.369556 376.959802 334.493282 365.209450 377.048841 361.150327 329.850080 321.858393 327.012459 305.753606 303.358881 305.674791 347.055918 378.078213 305.659721 322.429867 319.465109 316.100300 324.966737 343.433703 300.000000 388.129623 400.000000 327.194870 335.237437 306.876956 300.000000 351.952875 354.835977 333.374801 336.243180 400.000000 340.761897 334.742638 327.132384 307.234060 333.456978 304.151976 326.806319 306.812061 385.786393 300.000000 400.000000 331.941782 343.210990 400.000000 354.463054 314.954096 318.869734 326.778281 319.128670 310.210464 316.354766 332.602611 303.662941 318.921700 363.812675 356.324170 313.989657 300.000000 381.892091 300.000000 341.788273 309.177592 300.000000 318.921670 302.757553 337.971846 368.520589 383.200024 308.969139 322.401274 323.581644 308.819840 318.466939 321.903778 350.238826 393.266187 346.306860 384.034550 304.073083 378.190312 326.225970 331.413994 322.500320 323.926048 304.422409 310.681613 323.280164 344.337964 312.006223 300.000000 306.717780 332.979209 312.877686 300.000000 312.529858 369.923557 382.732686 328.166908 385.502938 300.000000 309.338021 300.000000 379.800498 303.097614 325.182519 306.587655 365.246330 366.851377 387.334013 361.137342 347.881590 328.014696 341.888281 373.531129 307.756596 300.000000 329.930392 330.262594 300.000000 327.466313 346.564976 325.516066 318.571602 351.732224 319.504838 304.352331 328.118553 300.000000 316.637351 392.081069 379.470886 336.441222 388.351155 362.555447 325.301536 325.781480 383.848165 367.816365 324.086089 400.000000 313.837725 336.993794 330.615848 326.795510 361.275708 300.000000 391.187056 318.611196 372.956308 334.510090 368.145688 321.169666 300.000000 322.693683 324.154628 322.393997 305.346731 313.090086 354.737570 352.666248 338.656553 366.915052 339.627878 300.000000 352.405455 349.378483 319.788540 337.081587 378.453620 328.694458 320.542230 386.999372 300.000000 343.089936 333.441375 393.624879 300.000000 300.000000 300.000000 373.948414 339.146032 331.924138 340.791027 334.420616 373.742748 302.861918 307.253092 334.092343 312.573710 334.386669 348.023574 337.375155 350.000000 394.045339 303.032561 320.400445 317.888851 309.805499 400.000000 353.587419 306.391976 314.716140 357.392441 372.119615 313.412744 400.000000 394.730941 316.725171 356.225750 339.988689 300.000000 300.000000 317.925010 338.739794 349.159776 339.856436 315.756194 340.057592 308.718414 334.988645 338.727182 355.843331 334.309286 304.871333 383.628329 350.530580 315.067710 332.800155 300.000000 304.683970 314.060308 358.196378 343.928991 336.483653 382.568328 372.417472 311.050630 320.877411 337.866974 309.951187 327.443847 356.545666 336.331001 344.992157 400.000000 351.965320 393.986418 320.999646 322.079976 320.172387 329.233834 300.000000 352.578900 370.233723 375.037275 300.000000 331.874491 306.682268 300.000000 369.676287 319.905970 310.437901 392.727224 373.367215 327.889391 335.844604 387.847815 309.831994 346.772265 393.111066 392.412347 308.824396 322.178460 308.556616 325.437794 400.000000 334.079782 305.353706 323.306685 309.055578 300.000000 373.271588 378.410779 300.000000 309.365416 400.000000 328.985833 328.109958 330.170312 320.478551 308.487036 300.000000 332.279304 338.768322 354.375748 301.765022 356.795345 300.000000 386.232653 309.253156 391.471641 300.000000 347.197209 389.979149 384.593712 400.000000 307.947611 400.000000 300.000000 357.782686 324.759351 326.667126 317.188201 373.885273 324.377299 328.763927 344.532267 339.702535 360.574116 320.603093 300.000000 343.881185 400.000000 343.030067 347.682006 334.947458 328.780864 350.379286 311.975568 351.533213 388.390816 300.000000 337.787596 350.404232 337.508595 378.092146 336.018879 343.841504 326.766654 311.414317 306.493085 378.392061 305.916465 335.525865 326.916275 302.247240 301.006477 311.646764 309.079799 337.370334 309.886746 389.349860 322.374454 309.884959 300.000000 339.010143 362.625247 301.840798 331.541523 321.796232 302.671804 332.211795 322.767293 313.875181 352.891411 393.624837 332.100721 312.147274 306.002695 326.177674 342.144347 351.015038 334.079993 338.102073 340.442208 314.268234 300.000000 300.000000 305.746115 321.817855 363.299561 400.000000 300.000000 352.281304 400.000000 394.214668 312.541624 389.034590 313.123265 304.477639 330.433722 302.167689 331.392654 332.810077 325.994603 353.770033 300.000000 338.496660 368.327266 393.875774 300.000000 333.999046 374.229725 314.084487 400.000000 334.867639 310.338286 300.000000 394.121456 385.314920 337.724462 339.236799 300.000000 400.000000 300.000000 317.046170 307.072794 374.703960 351.489599 361.458415 300.000000 300.000000 314.690366 325.650001 384.577972 304.967011 331.582137 336.284667 307.637190 323.422715 349.766373 331.167984 326.311745 335.399100 315.751618 348.448743 328.895869 357.095008 300.000000 317.150993 400.000000 300.000000 329.653502 314.695251 400.000000 303.935914 304.562479 309.247752 318.190751 309.560360 320.887657 300.000000 329.214910 336.461237 328.634213 315.371429 300.000000 314.725883 300.000000 300.000000 342.724566 352.226468 375.074302 341.715889 358.127601 363.789811 309.409995 316.044798 301.293221 300.000000 306.013571 309.348097 322.395167 385.764002 352.588019 311.817805 338.790654 351.069028 334.005211 323.853136 300.000000 344.671508 400.000000 333.388418 300.000000 316.839208 320.270014 341.906463 330.922342 348.124795 329.079753 359.299632 326.089930 366.106651 363.000154 377.587144 400.000000 400.000000 353.979434 308.097751 332.977371 330.719292 309.531391 332.475766 320.947037 304.336125 300.000000 351.482103 311.636981 344.149708 373.799045 335.240734 359.965412 371.180274 302.955651 376.025186 326.208450 334.652710 364.445632 302.978982 346.527741 310.824425 331.163913 306.643693 400.000000 316.720307 316.213832 359.536634 303.147791 302.966041 346.516517 312.344949 313.104579 317.729312 316.812034 400.000000 302.566285 304.276798 314.730701 345.949632 333.685159 335.197726 310.507796 320.157082 363.477082 309.309317 374.649228 367.546265 355.429547 323.292760 332.370220 362.170689 326.186151 314.202022 321.626292 400.000000 342.392713 319.097195 306.458622 365.386982 342.163892 330.680058 316.439520 392.749983 317.607022 367.507052 305.766785 306.178754 323.575208 337.406573 322.623837 356.645160 334.622519 356.623903 361.937990 400.000000 327.865323 314.963309 349.887489 301.373024 400.000000 300.000000 300.000000 341.283455 366.336149 323.015195 309.860589 374.057259 302.949517 377.110555 311.950708 303.081262 359.581108 300.000000 300.000000 369.775203 344.140062 300.000000 363.339346 341.021598 322.551988 352.171491 306.046439 381.759966 360.967010 334.348522 305.839089 383.439214 320.675563 329.314976 330.068170 319.106151 304.964682 345.760420 371.488307 300.000000 352.947212 300.000000 310.771235 400.000000 331.563422 365.786718 379.289733 379.962445 309.395535 305.252045 326.027876 303.865258 304.319942 341.985441 340.134261 307.750754 328.230921 390.955145 300.000000 310.821126 309.802423 391.219475 331.850271 362.838991 309.097181 352.212392 361.521908 316.745790 325.443330 310.377379 302.781798 321.726520 305.394999 321.240505 371.521124 390.956029 300.000000 400.000000 304.707300 322.949146 373.546239 359.254723 400.000000 383.205756 305.345808 303.187286 317.462687 300.000000 365.252143 325.209840 366.501311 322.021819 317.719708 320.932254 327.284628 384.861854 312.255847 353.100634 313.626848 310.223739 381.497731 356.811112 300.000000 301.183061 320.497857 331.658090 300.000000 392.524547 382.441027 311.469821 400.000000 322.500954 400.000000 325.762298 365.066371 338.351605 376.161101 312.963857 320.557473 388.345221 323.782203 400.000000 305.295444 349.588281 372.868917 394.502345 317.282576 310.324563 301.054634 400.000000 337.822813 370.499379 300.000000 350.545411 361.576819 358.632915 300.000000 316.194946 337.679559 341.745168 326.757243 333.687789 307.825929 389.521279 389.828914 387.602903 387.910222 332.089935 384.204449 300.000000 384.580900 312.307070 329.170252 320.087676 339.470654 333.978774 326.232475 300.537853 322.223301 312.109696 308.406138 318.851153 342.003831 305.906491 329.430127 314.487749 308.181680 359.412802 381.495494 352.910674 303.354054 317.265371 304.503902 330.509004 381.982337 302.270157 321.975125 352.213828 313.925234 322.944111 319.708087 300.000000 335.703322 321.731661 302.622444 350.107888 310.994052 311.224701 319.883038 331.261281 300.000000 304.479915 303.961188 340.204985 361.498071 300.000000 317.870036 335.518362 306.123695 318.280055 400.000000 345.798871 317.402870 311.516468 317.716183 303.569495 345.297181 330.012629 303.488185 351.649564 342.479507 309.005258 349.294083 309.273401 303.060457 316.797110 307.037744 353.460518 300.000000 336.431019 361.139158 311.075367 364.332059 324.596466 311.750934 388.467406 329.980309 370.456833 339.952997 400.000000 318.505802 302.270149 300.000000 400.000000 326.259106 302.103116 308.046141 325.175681 341.485193 317.998520 393.610978 350.000000 312.303720 322.237029 332.331173 400.000000 344.367913 400.000000 303.419525 313.622227 300.000000 308.534132 315.301125 328.571313 335.587559 300.276495 348.673549 300.000000 388.995660 315.590923 320.486426 343.908335 357.882505 400.000000 300.000000 300.000000 343.616410 304.432213 300.000000 309.805330 302.284263 323.551182 300.000000 342.394501 382.770279 400.000000 332.736079 313.179165 350.328957 336.005738 352.295576 310.332179 321.894648 389.140466 400.000000 307.609761 300.000000 308.521760 328.509679 338.611665 355.828996 306.359508 400.000000 304.022821 310.399147 331.855263 324.509151 400.000000 360.554886 304.701225 313.128828 370.667275 302.350650 331.270480 303.356032 341.401203 326.935318 322.702114 325.161056 371.297169 378.743494 308.987085 341.734756 379.672359 324.874554 318.238531 304.167945 335.097557 338.630669 317.942385 346.847312 335.704149 348.724860 329.915580 333.637141 352.078769 300.000000 327.347331 308.765668 319.218500 301.681537 317.815735 333.652363 308.008314 309.368365 306.384279 330.578492 300.000000 321.713042 301.525416 380.307739 302.998321 322.951926 349.418045 334.012019 400.000000 391.109327 391.838889 328.207769 365.831926 377.757347 313.631685 335.068388 369.499423 309.181326 300.000000 330.543436 301.590603 300.344097 316.411920 313.619855 303.260156 371.534098 363.668249 376.565201 320.492342 364.670996 303.204470 376.624953 325.123200 354.627914 389.451706 393.398697 308.114669 350.180638 304.104123 332.160149 304.898511 323.265989 300.000000 370.641572 322.137042 346.323741 386.478470 379.204479 365.503651 347.104115 310.492367 379.619331 349.441642 306.170287 334.284601 333.315535 302.898612 359.784028 350.495741 386.232623 307.008694 376.989600 354.345857 356.804328 334.154621 302.692333 318.874171 332.743075 300.506012 315.649904 321.981631 400.000000 357.152398 322.780095 338.509786 302.167321 300.000000 301.781961 309.413506 340.382205 315.780485 351.739615 358.056742 305.375246 350.000000 330.280455 332.763662 333.761103 307.405335 334.011116 341.845257 335.170430 319.467023 300.000000 306.133624 317.727602 351.500413 301.065605 389.674641 400.000000 300.000000 384.601497 357.435486 304.663665 352.421682 394.858131 350.539724 316.472887 316.569478 339.690983 320.550778 305.888096 332.004211 335.758438 369.064637 331.225730 325.915320 300.000000 381.637506 305.939608 332.812455 363.679248 314.101448 328.911990 312.825470 317.570691 363.864617 307.908340 392.900189 321.339589 343.693432 324.626541 305.434309 308.715480 349.443138 323.858777 337.080151 375.538305 332.203337 332.628490 357.674735 300.000000 314.539085 300.000000 300.000000 376.942186 352.934806 336.233257 304.070452 304.383447 332.790483 307.079889 310.279127 355.075382 383.176201 300.532175 335.716008 345.050702 400.000000 301.607159 307.682047 321.357494 378.875979 311.572023 367.542677 361.510578 322.982029 328.955917 330.504337 356.143287 321.741108 331.099669 347.400991 333.878997 321.076678 385.098317 315.337539 300.000000 373.323524 331.488157 309.043926 303.366327 390.570905 301.076111 308.533981 300.000000 322.123045 328.059875 312.600050 334.827632 310.827882 351.194269 334.833111 346.615456 300.000000 316.590267 400.000000 322.961098 323.877319 392.052306 316.709148 329.740143 307.839570 305.904095 342.292812 344.652974 354.206484 300.000000 300.000000 400.000000 400.000000 329.111607 349.776523 320.252381 374.483334 315.648252 300.000000 383.539154 333.456023 300.000000 329.714188 310.337904 316.739348 349.140384 325.825908 400.000000 344.980904 315.205588 331.475589 365.001893 305.150603 358.290558 307.951726 378.436860 341.481554 338.978246 335.753951 349.301958 304.790341 300.000000 323.752193 388.544765 388.624581 342.712889 302.365133 320.083438 382.489586 307.756426 322.584730 327.475642 344.802919 300.000000 332.985333 351.083769 332.655641 302.739238 360.806233 303.439846 390.035727 353.609664 385.622530 382.759809 377.078368 341.299598 354.432531 385.680830 305.426983 332.486163 330.229653 335.869034 317.602145 315.510460 332.556574 300.000000 308.657883 373.546903 343.683305 381.547022 339.949265 300.000000 311.101598 365.220131 340.874134 332.096731 346.666349 391.226400 394.388206 350.788522 400.000000 328.880453 314.689167 313.071028 326.127800 335.228343 301.796226 314.471313 325.787743 337.065538 303.924933 341.387557 365.210593 313.391049 319.771474 310.719835 320.321106 332.048285 311.702969 355.702531 301.525195 353.308657 353.467315 343.247139 353.980599 300.000000 341.438824 326.038496 309.169551 316.947051 386.492086 332.326216 335.589291 358.655937 400.000000 322.554317 341.682204 315.812238 302.645832 315.304491 304.971655 307.961232 300.000000 378.307010 352.710043 400.000000 346.366265 326.989283 300.000000 320.734260 388.317866 380.184974 328.573385 322.243200 348.954911 300.000000 308.513936 313.413390 332.356540 371.955945 320.538040 300.000000 339.442966 323.796271 306.900171 341.051893 314.186276 300.000000 400.000000 369.967193 356.747612 326.466203 309.328994 400.000000 400.000000 306.012641 307.654870 358.616255 331.375346 354.278353 300.000000 316.692542 307.609769 350.493947 317.260552 354.195193 368.351895 388.835466 355.587251 327.437178 315.345939 321.889091 339.179838 336.233786 341.372958 327.158352 400.000000 336.145859 326.056786 315.283868 338.844912 352.865500 300.000000 313.869882 335.205376 354.973179 345.007511 365.283949 323.546025 368.025299 335.519781 307.958599 305.550486 349.159281 307.794161 300.804954 314.477149 339.817277 333.916041 350.896519 369.406599 300.000000 305.885497 318.092978 300.000000 335.636949 334.059942 380.299087 400.000000 306.637994 305.975485 319.495360 326.678857 351.809989 400.000000 308.544430 300.000000 351.420685 301.351751 300.000000 300.000000 300.000000 327.751982 325.841337 312.358596 385.803696 303.158840 374.989213 339.768379 305.405453 303.196282 350.416188 341.858845 322.553126 326.267913 380.238249 325.351415 400.000000 326.357560 383.103799 314.457773 314.150721 300.000000 327.743867 316.760030 375.369387 330.260197 400.000000 400.000000 338.812247 302.497079 302.428084 322.578489 300.000000 309.608503 308.368094 391.645512 388.394129 400.000000 329.050774 339.844024 308.061610 365.077248 328.467248 330.170921 337.494619 345.448347 332.274941 331.188613 332.025240 316.663053 341.378172 304.410132 303.933794 301.993699 319.463247 339.256957 378.919108 315.493951 388.350722 326.124613 335.312123 389.722749 327.038240 318.019626 400.000000 382.577761 300.000000 322.320523 400.000000 300.000000 357.445666 333.373736 331.116965 321.620606 331.059848 370.851962 303.231327 307.817468 300.000000 377.069158 324.787478 319.066668 309.571244 305.395483 336.485014 319.470478 331.447935 312.312327 342.208589 335.653899 377.083943 312.042587 300.000000 301.657397 309.092838 301.681152 300.000000 348.079527 387.899336 371.625518 380.498615 390.571283 318.963538 312.591881 335.774625 312.817109 300.000000 325.384726 349.838568 339.227576 308.826851 339.111890 324.019424 302.301205 308.385119 317.290876 302.788530 300.000000 333.405483 373.793391 362.850585 358.825409 351.806666 327.229453 311.470314 400.000000 324.403475 387.605592 328.525498 356.213443 341.179936 328.115008 361.199000 327.598031 327.830849 320.627269 359.957037 355.908638 366.568497 356.926090 400.000000 400.000000 400.000000 329.455646 365.220900 301.183049 362.441495 391.182229 302.042403 344.136600 300.000000 324.869620 332.121824 385.376300 319.906762 309.528425 334.364006 305.687231 337.234148 376.477324 309.874646 330.795762 315.944051 366.332978 384.198803 373.440509 358.067974 380.231670 300.000000 352.418949 318.573469 301.744647 319.965849 392.016662 393.802441 300.000000 337.613893 314.125899 303.089120 338.031685 318.501972 303.809247 334.989800 318.470513 365.656901 300.871523 312.681395 312.951691 313.203275 312.097358 300.000000 300.000000 305.031018 312.883838 303.573578 361.981279 304.967252 300.000000 384.252742 324.473341 323.277005 350.791446 382.184131 308.282801 400.000000 328.726439 339.787466 324.781207 326.341741 332.367996 312.076666 305.983666 300.000000 340.814059 400.000000 329.033109 375.754324 354.067370 304.442746 336.943242 307.429364 377.688152 350.000000 324.803645 329.478968 303.254943 300.000000 318.995177 300.000000 317.418657 347.851571 352.503202 400.000000 311.316408 341.978872 300.000000 300.000000 360.109274 318.572078 370.477269 321.154031 315.548484 320.203115 322.976660 300.000000 323.937153 358.792340 300.000000 373.495034 400.000000 313.963411 309.327182 331.209237 300.000000 303.523986 332.142182 350.000000 311.875837 355.525039 369.442743 306.675666 319.371808 306.667375 300.000000 353.044317 368.015909 314.031771 381.575762 358.341571 369.558449 304.258977 300.000000 400.000000 300.000000 349.780888 350.000000 326.607148 302.649543 353.552419 334.243486 300.000000 341.876475 369.286287 322.854710 338.151647 321.138688 345.273814 372.379295 343.287296 306.028732 329.069737 338.876989 337.586960 300.000000 303.343495 300.000000 302.850099 324.956930 326.159625 343.618361 307.341198 359.056756 310.138721 300.000000 313.413043 331.185608 312.590325 300.000000 316.609252 384.125417 327.430887 400.000000 311.820195 303.914458 300.000000 331.406995 304.324521 300.000000 328.661670 365.207060 329.490484 354.817996 304.966070 312.485174 318.185281 400.000000 394.765792 345.770806 303.189583 332.949873 318.223671 304.475893 318.596599 300.000000 325.120418 335.742291 346.324855 331.091928 338.132110 350.184892 308.068509 338.586790 337.052618 400.000000 312.805339 362.300193 372.111455 325.963270 312.680671 300.000000 328.411524 339.694829 353.259269 371.743633 324.410600 312.515721 306.236134 333.905726 328.547346 362.750129 312.298593 328.310628 306.934332 330.233193 347.103623 364.490204 378.441926 333.298061 337.986202 372.177486 363.925504 334.584397 359.518110 300.000000 351.953257 339.790766 316.525804 308.753198 317.751645 304.071229 328.964705 330.031025 323.745344 315.901110 364.879100 339.278656 381.198355 300.000000 300.000000 317.766413 347.262734 393.229885 324.751166 323.053659 349.744142 302.984004 300.000000 310.358659 300.000000 306.747290 307.008282 371.766112 300.000000 368.750075 310.126508 349.081840 348.532136 359.874107 300.000000 400.000000 308.763982 319.100784 340.450750 350.487276 325.388201 326.288472 356.521845 325.415619 383.638128 374.077766 364.883553 319.710446 300.000000 400.000000 300.000000 316.642499 400.000000 324.375814 388.202063 300.584977 343.493634 330.128430 315.784949 309.343820 327.728574 389.502069 300.000000 331.829430 309.018627 340.012484 316.675033 340.907686 333.975028 375.532876 335.092746 324.257684 349.605247 337.320169 338.681990 342.983665 329.456267 328.445939 351.602470 370.037015 305.034959 319.870517 300.000000 315.209494 360.977683 331.375965 305.452640 352.817528 335.611053 331.565484 400.000000 391.780157 305.014021 337.144963 300.000000 332.259907 352.751709 344.258015 303.180504 344.496217 300.000000 303.541865 343.015798 322.276466 300.000000 302.701509 351.721058 304.468946 319.849269 331.490062 323.249924 303.818055 394.639413 303.671506 357.015806 337.216553 320.507241 307.955580 319.648987 305.338689 301.155304 343.820785 363.216594 303.134866 300.000000 343.794564 328.869175 383.305075 312.162554 365.233646 350.000000 318.985046 316.471047 318.443854 301.921400 312.988371 302.187408 325.308458 300.000000 350.254567 339.568957 300.000000 309.971517 337.062820 311.476319 309.337527 330.105413 300.000000 303.695002 318.067503 320.465543 393.565653 313.413447 311.787519 317.593388 300.000000 336.562677 323.645582 356.550188 335.107736 320.483348 322.556522 318.527871 316.781354 340.111622 319.756177 312.321812 308.717649 339.963123 306.900937 353.524550 321.221772 344.915336 300.874196 315.880742 400.000000 307.535028 346.337123 310.207034 343.389810 309.645389 317.935952 312.262094 300.000000 382.391591 312.075528 394.587574 332.061623 300.830477 400.000000 330.826224 354.556545 302.735520 323.705026 322.230628 328.250177 300.000000 333.921966 332.001108 327.365668 334.283532 352.540046 354.457064 352.154177 352.985616 318.363913 319.053710 400.000000 300.000000 365.460243 307.238118 400.000000 326.501728 300.000000 345.275645 314.822698 344.967847 300.000000 315.534169 347.921477 302.344373 323.776835 315.829653 335.917750 313.520324 302.270207 303.265715 338.391774 306.407161 337.121465 365.075254 388.786536 326.006638 320.660012 302.301382 305.377222 318.235514 318.188403 300.000000 358.824389 312.944177 329.858804 352.078725 400.000000 376.611024 383.699443 329.937187 333.406214 360.056296 300.000000 300.000000 304.857724 306.234520 308.800904 330.300451 337.323406 349.660114 323.550088 389.507476 332.048011 328.375663 371.717143 319.759237 351.793193 343.907891 300.000000 384.600104 303.391311 353.641003 350.000000 304.298714 305.702736 340.938509 360.328553 305.096835 326.897963 322.485019 328.248893 310.486521 305.956468 337.938713 367.873439 301.695225 307.241510 342.401901 352.303315 388.769948 304.964624 343.693117 300.000000 302.792966 315.356005 329.305859 338.034351 373.765474 314.861963 355.461145 300.000000 353.157130 356.194134 343.827686 334.719050 351.505961 327.387524 310.916981 300.000000 305.069356 335.946126 324.774476 304.924263 324.117630 350.000000 389.693602 389.348566 302.167311 333.472213 337.076655 312.725635 352.894657 320.222083 334.391232 330.445989 362.918741 372.444394 342.858326 382.006853 312.108397 369.384796 306.069197 332.016062 385.106734 343.707142 400.000000 400.000000 301.155413 383.963937 320.592442 387.896872 323.329474 355.149613 393.172595 389.350126 333.831260 400.000000 349.547935 300.000000 300.000000 300.000000 300.000000 315.041829 381.752570 342.884124 375.358553 312.128304 328.041174 356.889302 331.228524 300.000000 316.268800 318.307169 385.820373 304.260851 394.574685 300.000000 314.787838 321.670091 327.019002 345.726798 400.000000 305.295098 333.096668 300.000000 308.824011 365.973071 307.160013 302.775197 355.762743 300.000000 350.768309 300.000000 371.757707 355.163480 346.449531 369.820447 300.000000 366.576469 350.000000 400.000000 350.000000 313.338133 338.486399 312.042847 373.617129 311.043190 300.000000 349.461055 356.679279 382.668506 325.600611 377.525264 306.626392 325.995998 388.728764 339.930737 325.934481 310.126460 342.238319 331.616699 331.305338 350.000000 318.592142 322.331449 351.190206 378.915447 358.262326 318.590725 332.304616 304.466368 308.910424 354.098536 366.626121 331.058454 321.287625 334.165188 300.000000 340.954505 354.898555 368.423479 315.999508 324.989491 300.000000 334.981611 338.364797 319.560048 308.221934 306.304440 321.142276 303.780066 347.743406 369.141759 300.000000 400.000000 312.717453 331.352912 325.283400 311.062529 314.135190 343.064113 394.130189 302.072105 381.440841 386.869888 376.495625 326.553157 333.738571 362.342370 394.810919 332.631029 302.124524 300.000000 306.919998 305.835043 343.873820 325.998189 349.598820 359.615708 394.367582 351.570485 316.078135 389.346728 304.440642 334.970967 300.000000 338.860059 300.000000 335.699047 300.000000 313.312499 300.000000 307.919332 326.279112 329.474149 374.053807 370.268957 394.467958 309.258150 388.307108 308.986704 322.036109 343.328456 379.437024 330.916553 322.026151 333.706128 349.426372 341.314264 311.259197 369.015763 341.661508 352.999684 400.000000 362.488483 301.425350 334.502666 369.142505 316.801498 361.262872 370.975963 353.584346 313.285335 317.104673 316.788834 313.181793 335.393722 310.345846 300.000000 320.462612 300.000000 312.115936 360.967084 400.000000 353.545449 400.000000 378.919637 342.654103 320.054912 303.428260 312.054696 304.103703 319.089444 322.422955 369.437366 400.000000 317.467703 345.033376 393.257203 327.905672 316.076568 320.930840 327.394055 329.270923 313.860165 365.438997 344.048738 334.532772 334.587302 320.762857 378.472219 313.811868 320.435615 300.000000 336.065704 342.214128 334.801785 321.235136 393.404811 336.840853 393.178988 337.013627 335.774543 333.242580 339.940592 334.472523 312.450635 308.464862 303.886849 332.236623 339.467791 313.689092 369.241108 373.769802 400.000000 306.495635 315.455044 330.324302 313.644586 300.000000 300.000000 349.841956 314.821080 349.494874 306.903291 314.841832 312.014736 370.426867 300.000000 394.850694 325.529184 336.792500 316.868692 301.501220 400.000000 387.412480 400.000000 336.887294 350.000000 300.000000 361.768718 335.931963 307.233319 381.891162 301.169058 351.228982 400.000000 300.000000 300.000000 320.066545 301.351639 336.221773 329.877725 322.010781 317.553890 300.000000 332.848661 329.223073 336.327230 304.603045 387.605456 327.972597 318.144303 300.000000 388.339208 327.226194 309.004350 358.383896 359.276409 340.478099 301.945763 400.000000 319.316015 300.000000 349.001897 400.000000 300.000000 303.520134 321.259083 301.431764 330.184321 328.158875 307.804942 347.466096 314.863590 400.000000 339.039562 321.172941 314.031716 367.174736 355.110697 300.000000 306.327492 305.674962 300.000000 309.486855 331.216983 322.595082 348.867791 331.713077 309.334250 350.000000 394.240401 324.989363 317.008226 347.495120 400.000000 300.000000 351.359343 354.401050 386.817512 300.384409 364.867310 392.068375 302.696154 329.725427 346.575225 300.000000 311.514748 300.000000 308.414204 321.906345 354.524356 354.530255 357.459004 389.628501 311.104517 345.107698 364.642095 355.372074 302.506565 308.794822 300.000000 314.421539 379.203441 383.443630 310.724898 306.449204 328.780520 318.122062 385.548661 357.644083 339.307395 373.805932 300.000000 316.566699 316.882765 358.860368 325.183792 313.637806 329.732415 329.203684 332.110183 334.938724 379.248818 400.000000 302.701121 304.012862 350.000000 303.067770 373.787200 342.204693 343.975948 361.727903 300.000000 336.965396 337.515830 380.218169 335.990450 324.680491 317.444232 315.603964 336.361963 300.000000 341.527774 300.555181 327.189766 323.699854 314.191738 325.245108 316.935573 304.607125 350.000000 400.000000 338.611213 343.689128 325.540908 379.949345 341.715561 341.989579 303.568758 311.314410 342.697110 312.717362 400.000000 400.000000 315.828713 339.758025 335.637353 383.783260 334.901292 331.448984 335.224608 312.150914 303.876916 327.263823 349.274143 349.705386 334.415625 318.610945 318.468885 337.438177 326.154341 316.354350 387.250101 393.626452 382.873106 322.127944 310.713118 349.308188 376.127985 319.239874 316.032548 342.550504 309.104461 394.225091 312.744813 313.760533 341.006580 337.522749 315.048173 346.361789 379.783223 392.286409 343.729831 324.579311 337.110002 326.130128 400.000000 302.049393 359.867881 331.879948 300.000000 362.739428 382.656022 360.416355 352.699334 303.067059 333.302838 312.609680 356.966694 325.691573 302.596838 373.346100 357.940363 316.651395 314.827909 391.474003 317.630422 305.890913 300.000000 327.065559 380.090872 307.472034 305.334697 400.000000 350.168633 400.000000 318.965187 300.796587 303.772373 348.564393 346.564901 322.192556 347.108288 324.960915 321.595068 351.343094 400.000000 386.807691 365.332562 359.718942 350.256994 326.016234 387.753097 371.654177 329.806112 300.000000 313.392343 311.936567 300.000000 340.923351 313.304166 320.497667 316.700918 307.285098 310.081598 307.964363 389.326740 300.000000 400.000000 378.091418 316.297416 300.000000 328.228116 381.501016 359.916241 300.000000 303.202585 351.549719 323.901938 311.301576 317.997382 390.656510 350.784321 300.000000 339.022396 324.757793 400.000000 309.255904 369.249267 330.844087 312.042957 392.530565 300.000000 326.129326 368.980260 306.900440 347.491196 353.023036 400.000000 341.793326 322.664076 359.606866 335.453568 300.000000 329.849268 300.000000 312.913265 376.079924 347.762680 327.032344 328.415068 316.568239 324.900322 305.335508 307.404684 327.275686 346.542064 318.440761 300.000000 375.510526 326.707672 400.000000 315.488762 307.073805 307.457431 400.000000 316.077493 300.000000 362.624662 382.391530 384.205824 324.837627 400.000000 319.822912 300.000000 348.617959 332.378330 376.244759 400.000000 331.834347 371.636668 341.288656 315.069005 339.303842 318.931087 352.249817 357.833415 317.264302 369.385866 331.932366 353.110541 312.711615 300.000000 347.982656 325.639202 400.000000 353.251545 318.095853 400.000000 300.688531 320.213367 335.685977 300.000000 333.382189 352.048450 357.011672 383.949237 374.662662 377.106381 339.555448 300.000000 335.085458 400.000000 338.300335 391.030604 358.039581 310.743266 347.402103 315.171113 333.445595 349.794263 305.507493 302.189492 319.589299 351.177287 344.992398 311.140132 400.000000 319.336055 353.398825 350.000000 311.504454 312.702769 339.348955 356.498857 312.225893 366.737020 322.805771 316.666757 326.964758 335.701285 300.000000 330.952154 346.649895 313.598253 315.975967 303.955667 300.000000 378.537707 364.213247 378.386837 318.982726 305.445888 369.942318 302.974870 325.073684 331.226435 304.967083 385.281285 373.790965 345.094049 302.596573 308.498692 303.096902 300.000000 352.178222 327.859368 300.000000 307.466591 326.944478 342.332519 318.963714 317.727054 400.000000 329.775935 300.000000 349.545732 313.170926 323.820520 300.000000 300.000000 400.000000 320.389534 311.031073 335.560129 300.000000 316.139466 328.124353 373.636262 312.097079 357.717062 301.743582 356.300389 338.564435 312.055860 318.494479 335.000436 335.368532 378.423583 324.386713 300.000000 303.662780 321.981805 302.188782 324.680661 316.822401 332.757300 393.022076 400.000000 337.160126 400.000000 374.945918 373.711846 329.741567 359.121131 333.445657 302.593627 334.544712 316.984779 305.921230 320.925689 323.468899 300.000000 337.751954 319.575172 310.580836 346.199763 388.936569 334.621847 315.034806 322.642996 333.246934 358.732358 367.058406 387.275603 330.811487 300.000000 314.254658 302.049727 335.706651 300.000000 308.433533 337.051183 300.000000 352.665733 302.853833 303.484268 309.449032 321.936992 300.000000 300.000000 300.000000 338.151072 353.204179 320.166240 346.059576 323.046214 343.079830 372.212469 311.824921 338.436907 307.912449 300.000000 305.670698 342.326557 362.904937 400.000000 358.359568 305.544448 301.316655 381.711987 309.208640 317.702894 335.524191 306.479408 304.210658 384.098938 311.962702 328.982372 356.558362 302.788519 350.200797 309.162926 300.000000 314.073759 377.458635 304.791362 332.481315 373.777723 302.970187 321.733928 329.167427 376.059811 322.963436 362.870122 318.086378 340.653438 317.347203 300.000000 381.615788 300.000000 308.819815 300.000000 400.000000 369.143135 314.586077 304.739958 346.252985 328.241028 353.317051 323.691605 300.000000 338.961451 305.444233 300.000000 387.877567 333.816931 344.645302 311.195918 368.010170 321.333638 354.349969 333.221359 338.529655 394.691827 364.301974 307.010926 315.196376 323.094760 321.257127 321.131806 323.338694 351.122029 317.611507 328.908558 343.116316 306.390206 366.482471 328.686330 314.035219 400.000000 300.000000 344.196802 356.234081 314.885384 351.913404 368.728125 389.090082 325.447664 302.369534 333.934804 300.000000 300.000000 321.793735 340.689005 306.960836 300.000000 329.406438 386.799436 306.285797 300.000000 341.262918 389.784282 373.452477 372.964581 306.349137 336.370373 363.331964 339.252230 352.271181 370.843616 310.505428 300.000000 391.116154 376.620698 381.855998 365.092111 368.452502 350.000000 332.656333 327.194725 341.034861 300.000000 356.144222 312.174042 311.851713 312.281515 327.069705 330.531600 342.340572 300.000000 394.750259 360.930008 313.285816 317.697122 329.990886 302.080689 325.564972 309.262186 400.000000 400.000000 378.840620 370.808761 400.000000 348.806410 354.696348 307.931867 314.848274 300.000000 392.741122 358.796878 328.903750 300.000000 335.567316 347.279840 371.105807 391.037126 321.735676 334.177890 359.910850 341.487602 374.499182 381.032708 335.485263 300.000000 307.079207 325.776670 384.580382 373.671800 328.748752 372.229217 336.871556 309.237532 300.000000 343.894366 364.692682 394.862365 363.938420 400.000000 307.703626 313.413508 355.482579 366.770397 400.000000 382.607908 322.479536 400.000000 375.513095 306.139893 307.234660 333.336065 317.565313 307.664592 303.247547 342.343894 373.101777 394.196174 338.489966 315.387493 304.348812 400.000000 376.703879 341.062752 390.659066 326.193550 300.000000 300.000000 305.300064 338.420257 349.100540 324.253281 384.577593 315.387943 360.834381 400.000000 350.000000 322.815777 315.364920 301.952887 327.310955 311.999874 321.559188 309.295231 394.662144 317.832787 394.389014 314.279716 300.000000 312.830011 338.819359 312.898869 323.245400 367.388483 324.745896 329.560355 316.537201 315.164283 330.881541 344.677599 300.000000 300.000000 319.827026 304.061573 302.752316 300.000000 366.809510 400.000000 373.759912 389.996742 301.540934 328.163479 353.097783 390.056172 324.345315 328.096285 373.790026 359.113795 314.449817 346.664585 316.796933 336.366426 300.000000 305.427850 371.141771 352.834175 300.000000 312.609711 342.313255 306.918676 329.195727 336.341674 348.098420 359.263124 338.555864 309.530174 300.000000 351.877124 319.916380 376.316925 306.241859 310.737984 322.559386 330.358815 326.998603 400.000000 327.492361 337.406167 302.714711 400.000000 379.249412 376.925950 400.000000 371.287381 329.906096 300.000000 353.281410 303.091469 324.740441 400.000000 323.192608 337.693818 320.148064 333.360402 324.287582 348.694663 320.397105 327.109162 300.000000 302.738741 347.757614 311.560219 315.659059 305.552128 313.728677 300.000000 323.277447 315.034064 342.787347 354.116441 400.000000 302.989495 300.000000 331.997954 301.556102 392.896601 381.236318 329.764855 329.094208 360.852365 330.876908 328.503156 394.786992 321.410947 307.441841 300.000000 337.424630 309.026826 382.012048 300.000000 314.010139 300.000000 400.000000 330.211150 313.058579 328.105594 324.379234 300.000000 340.673308 339.257929 378.061736 324.675963 324.354660 332.879278 308.496527 317.721783 337.300541 311.750085 394.563619 385.445119 353.596888 334.684066 365.198247 306.319684 311.823217 302.906755 302.223359 307.464563 342.152825 300.000000 312.031399 311.165756 300.000000 400.000000 330.151775 306.279647 300.000000 347.947043 376.780539 366.372054 300.000000 374.956210 310.290409 314.797667 320.240735 300.000000 300.000000 352.482391 391.525286 335.593030 331.932022 344.842050 369.471268 320.151889 344.177498 303.446795 380.938861 322.438940 377.749913 372.173790 372.240548 332.433934 320.492924 303.106794 322.557448 304.656588 330.233282 300.000000 366.641608 334.087429 324.499623 355.226850 300.000000 350.723972 400.000000 300.000000 330.838534 352.969549 362.351033 300.000000 333.667701 324.675601 335.603908 309.391434 323.543684 303.646438 316.179526 373.018020 300.000000 331.118267 347.094486 332.739463 342.094592 343.542963 371.489847 324.327633 309.882329 300.000000 379.773981 344.175026 311.433879 351.366750 373.364421 339.933240 321.732403 306.358539 380.644612 318.068528 349.416461 300.000000 343.313348 330.747706 334.842953 305.673382 332.773428 300.000000 301.833423 309.005811 363.744763 313.136406 331.491346 332.565453 314.421280 353.115078 400.000000 300.000000 339.282220 326.155533 321.055692 302.072339 301.489286 315.534448 308.543754 360.630183 323.900331 309.324058 343.164135 334.925860 325.031891 347.772409 348.298535 310.833989 320.381623 302.145383 317.998117 300.000000 362.730640 353.536162 326.146331 306.719178 391.889917 393.663341 300.000000 340.385948 322.827567 300.000000 326.406024 303.423917 304.510438 305.849888 337.441239 316.675658 312.537507 400.000000 306.424973 307.518259 332.308112 400.000000 340.590781 302.530123 335.765506 303.049209 390.451221 321.124010 344.667646 334.917379 316.927373 300.000000 317.831213 308.032443 322.435632 400.000000 312.505316 332.899519 309.698459 314.789113 300.000000 385.271619 300.000000 336.242405 338.101945 323.563022 302.464699 303.583787 300.000000 360.430283 305.061586 300.000000 310.569096 375.167548 316.077898 345.484595 311.487389 317.639314 364.215231 346.081455 312.105649 345.724085 342.410976 331.201825 302.980515 300.000000 350.000000 312.100016 317.722070 308.020185 311.062885 344.782742 303.913422 343.596188 309.707427 314.295448 305.366028 348.748226 319.003266 400.000000 377.057194 300.000000 394.530003 320.227621 327.983603 392.899361 389.716906 302.372384 311.149048 325.452433 334.145050 382.992812 307.945771 316.774302 360.519214 317.541807 306.458103 320.263587 300.000000 380.632832 307.584470 305.356592 307.682212 350.000000 333.973760 300.000000 330.209924 312.486267 351.234786 400.000000 311.282123 318.210174 318.913282 300.000000 313.354205 303.651423 338.227996 306.125111 322.664195 381.360534 310.439019 300.000000 358.790259 305.019440 333.080977 333.740343 392.266628 306.430649 327.861359 353.510242 324.459931 356.344208 359.425443 341.869385 320.987400 384.268166 309.073669 322.415954 333.063156 313.511330 300.000000 369.564348 374.425589 400.000000 300.000000 400.000000 361.970355 334.667032 355.534236 300.264843 323.649729 317.502041 364.544729 345.320825 305.334502 304.070086 345.801497 329.891274 339.360854 344.739407 320.648758 321.520976 360.082608 312.293596 344.246811 309.646052 311.065149 371.803028 345.509589 306.211930 315.880380 300.000000 321.975167 351.234185 364.981113 304.408882 359.210977 363.107597 304.052120 400.000000 320.397643 314.887179 303.171687 315.601322 346.864903 355.030321 330.548560 357.175953 330.723587 331.269003 347.971564 310.363896 308.044459 329.157822 300.000000 322.447597 344.629392 367.500659 300.000000 331.851708 319.149205 320.224750 303.897163 355.452623 300.000000 300.000000 335.293585 352.698997 321.604887 304.956168 343.619486 336.757652 337.580075 335.898909 330.161179 316.472449 365.283848 306.664955 327.977703 313.217761 309.389468 329.479641 347.441481 329.841276 321.491308 392.719589 309.625971 382.447568 323.612199 340.967249 317.606453 315.479018 318.733120 342.445758 343.644073 357.233779 332.243555 332.853561 321.520906 300.000000 300.000000 300.000000 300.000000 300.000000 348.527055 312.705658 305.787049 342.345204 332.706864 304.893822 336.344279 400.000000 300.596373 381.490340 393.802748 307.039058 300.000000 334.908546 308.020381 358.412610 315.055391 306.858542 300.000000 388.474384 308.753549 349.747279 313.448781 339.094727 400.000000 326.221087 319.172028 348.060240 300.000000 344.310249 386.551159 303.095801 316.920230 337.389135 340.536460 339.827123 311.954468 372.597392 331.294783 400.000000 334.951530 318.412735 335.211329 340.110807 314.027871 305.548325 340.779455 350.194189 304.531296 353.499766 310.594515 328.744699 312.479934 314.645033 385.493616 308.284025 307.969132 358.956723 321.902295 336.524927 321.057104 330.045371 315.656395 310.213108 330.848091 370.090801 300.000000 320.492915 313.292674 352.858533 309.218442 337.361786 362.000963 327.819424 385.508266 352.344717 400.000000 306.132137 379.290101 379.573333 311.080879 355.220765 303.299997 337.786154 316.997572 330.966894 316.238577 374.117999 342.317627 400.000000 325.884963 385.486488 381.237100 347.005106 386.384840 337.987093 306.267379 332.849240 335.419652 343.041677 346.654847 309.728692 324.731420 400.000000 328.781778 341.146104 310.871971 400.000000 300.000000 353.052759 342.707572 300.000000 400.000000 331.266638 335.503513 312.527978 325.030803 323.643042 303.167713 371.568618 352.903423 400.000000 344.427401 337.844266 333.333333 330.867943 307.473496 322.329572 325.086908 313.585959 306.323440 330.833025 333.254008 332.631494 344.088188 301.923528 302.687152 317.077603 385.799420 302.770193 353.023756 352.257586 311.136483 322.605043 367.164720 311.511944 338.596729 370.192250 365.878797 389.530155 307.344963 340.932931 300.000000 400.000000 341.262001 349.538304 393.228243 400.000000 309.647010 356.931592 310.125267 342.622107 338.389901 320.906324 300.000000 305.677288 306.974584 315.083167 315.594004 363.220159 331.310278 371.960766 350.018747 333.490898 330.509251 388.813940 300.000000 352.662144 373.158315 394.049968 400.000000 300.000000 374.325655 342.529412 338.414715 332.575211 300.000000 309.785123 308.782222 400.000000 300.000000 301.054740 337.372937 327.056646 342.185446 327.263535 318.532333 373.294242 331.159021 316.613701 347.329288 353.994712 300.000000 318.940872 322.018640 328.011595 324.056865 328.475535 356.528967 400.000000 312.426341 382.197562 358.299672 400.000000 302.157620 336.384771 370.422635 327.999749 325.565178 336.054637 307.698264 328.219761 303.240019 330.514530 347.693532 300.000000 368.723468 303.360043 309.073684 323.235880 301.992761 345.714343 353.939072 305.921587 400.000000 300.000000 350.000000 300.000000 306.427541 340.476827 350.000000 334.178477 329.872902 385.313295 363.927078 382.516124 360.172763 358.557041 326.601472 310.718381 314.980976 374.021990 353.073659 300.000000 334.861216 302.340938 304.209149 394.190662 314.227767 310.126055 324.951402 310.828281 360.085273 329.182152 300.000000 311.002277 301.796617 314.106883 345.352666 379.426066 302.866927 360.581024 317.970206 336.864325 323.769882 368.768874 334.280845 309.242560 343.900386 361.462300 306.203728 309.414120 302.715714 365.563032 341.882082 344.987892 304.856227 373.049836 368.448632 332.084843 300.000000 389.923902 332.464877 326.621510 357.890460 348.743588 346.870954 333.625440 322.645838 300.000000 334.326537 365.620726 337.729140 383.359754 365.878919 315.112829 300.874240 326.273000 317.512792 334.282307 333.057602 300.000000 346.362523 312.002710 300.000000 300.000000 350.172310 300.000000 300.000000 300.000000 329.934514 357.724036 353.073752 400.000000 336.828098 330.026370 305.395875 304.215831 310.913484 300.000000 351.529649 337.005729 342.719087 327.212728 307.354047 347.906540 321.464471 400.000000 370.880775 322.896516 322.800634 338.464427 367.233863 300.000000 323.817383 311.474494 346.389819 361.142856 328.414150 340.280026 333.362620 338.724694 377.841953 314.287689 328.979889 325.015905 371.684055 345.038676 328.594290 330.252148 352.869606 308.171246 340.416643 316.027682 363.938563 330.041224 400.000000 364.698619 328.542357 351.436924 318.072415 314.179053 306.091742 341.724226 308.951307 361.212678 304.466276 303.754736 314.749669 346.732641 301.602215 306.485357 376.147837 389.699397 337.867679 325.430851 336.195287 356.205975 389.332904 316.834447 359.311875 339.813075 363.804163 380.286772 364.936521 351.083322 342.400448 355.643996 337.043741 340.649414 400.000000 328.029690 319.584165 326.391442 312.292970 344.068642 344.188406 345.626037 303.360233 392.609028 331.365260 325.965730 305.675257 333.403870 329.287033 300.000000 301.098565 356.797607 371.103203 322.001712 400.000000 363.930924 400.000000 373.477439 400.000000 318.720329 369.961312 318.044310 328.064725 330.080493 383.946650 387.404578 372.472171 387.139969 334.957713 372.669829 365.543355 319.256338 325.183894 368.937774 315.403729 330.603618 361.525122 358.459523 310.879700 302.693730 331.383436 306.534146 309.787278 381.943642 364.540870 370.925087 334.961048 325.408740 316.427853 300.000000 346.295129 351.486663 300.000000 314.170510 329.396941 335.506921 325.283815 300.000000 389.995181 347.026830 332.347455 330.083052 328.243890 392.091745 319.659031 318.058259 388.248790 368.363614 301.006465 312.025985 320.103524 325.998307 313.636637 334.878288 360.404234 327.844604 352.445981 312.586778 342.720844 331.241496 324.863822 369.811496 370.549639 366.175458 314.270108 381.899903 343.657869 300.000000 314.491470 300.000000 331.114322 338.373339 300.000000 315.159829 328.739178 374.246866 356.481230 335.653363 322.019167 303.164669 300.000000 307.145522 376.831609 309.797232 303.015279 300.291580 372.646100 322.295257 394.666773 371.804895 372.849315 306.718205 378.299625 354.281807 337.326196 365.327163 303.324534 319.182949 303.223485 300.000000 339.824651 373.827153 400.000000 328.433165 320.324549 304.877624 309.579624 346.881205 323.303623 300.000000 300.000000 325.966835 334.206590 353.644177 392.724532 343.459766 301.026035 306.379795 332.262627 310.381891 326.477582 309.861822 360.734018 332.314538 323.785169 300.000000 335.874302 309.161482 374.553547 371.703758 363.721943 380.500939 317.017145 304.778752 307.680340 316.282797 332.830583 312.892762 352.310333 359.965578 300.000000 343.753215 331.746250 347.262631 314.821469 307.995725 307.536012 303.786838 336.337584 305.707868 336.449666 300.000000 393.923624 400.000000 306.869812 312.184981 363.223710 307.154346 302.687336 316.331594 300.000000 311.171074 337.835378 304.454718 308.734418 322.307395 330.422002 307.874265 358.026541 312.518391 362.833722 352.769241 328.029444 340.396841 394.726825 312.185240 313.453081 311.227492 335.978780 380.815634 329.298663 328.626577 300.796629 329.037845 313.259411 341.447113 387.751306 385.138760 380.683268 400.000000 400.000000 341.951377 367.625199 333.079516 331.501310 305.417991 343.531207 329.824396 356.498476 317.030349 346.511573 334.944432 335.658132 350.293815 400.000000 331.876295 400.000000 310.154281 316.902287 320.866844 341.311711 352.943542 303.300402 316.167239 339.225030 346.101158 323.489247 301.731944 300.000000 328.930584 341.810638 306.379981 316.568857 357.938694 304.596229 300.000000 329.920194 321.308951 300.000000 300.000000 300.000000 327.244608 331.737540 328.581668 312.988695 388.031857 303.362882 304.739028 324.724005 315.228476 331.293649 302.498491 304.415350 310.788657 300.000000 310.315070 302.883592 328.347188 300.000000 320.051057 388.238632 400.000000 347.571075 305.126012 300.000000 318.130790 321.820518 336.148046 345.411856 350.481998 358.312585 300.000000 330.908780 351.459638 338.709574 301.922024 334.555251 318.451266 347.860982 343.598616 308.771039 325.611116 389.160395 307.631659 305.295690 326.706173 384.214405 383.754429 327.560477 315.617444 314.382445 306.320798 335.752028 326.459404 313.539133 393.653811 336.345800 332.288374 307.679683 336.854916 351.492808 318.783276 323.958235 317.571555 306.290830 326.468687 325.810541 308.809498 400.000000 321.030886 400.000000 335.966228 308.385459 392.708924 325.461288 300.000000 373.145295 300.000000 352.780962 341.947998 376.070881 361.792383 335.031095 319.175654 311.822530 321.665679 300.000000 311.032080 304.480106 351.188032 374.739520 339.771163 371.280699 348.012111 339.361644 322.307583 330.176991 342.117338 343.712026 327.925619 345.497323 321.093855 392.541597 319.811231 305.027678 349.018055 320.729572 343.740525 381.029075 320.384711 300.000000 300.000000 303.903638 388.256807 361.632302 366.485468 300.000000 343.216603 347.040510 330.469885 353.267643 300.000000 309.715804 341.463178 322.599835 328.456124 327.742150 325.613262 300.000000 340.721769 389.932436 322.540749 378.517581 381.598767 356.286852 386.228716 300.938368 307.868679 394.547960 400.000000 302.535286 317.716584 318.275116 333.356309 300.000000 320.367950 347.946059 343.718316 352.334480 362.673078 337.166732 300.000000 315.960756 385.537506 301.238434 365.181932 381.634218 394.377786 393.803640 359.383466 306.025473 318.423948 333.723792 331.727966 308.156780 332.351961 323.554536 311.045484 303.865707 400.000000 307.775745 300.830434 300.000000 368.845863 310.369562 305.947411 308.727802 318.056901 318.465085 342.226626 372.500106 400.000000 369.023674 329.720256 326.629825 328.566445 327.880386 318.202955 351.371319 400.000000 321.182043 400.000000 307.394297 400.000000 321.573440 333.296169 400.000000 381.259524 338.730696 326.665974 384.049593 393.235246 300.000000 311.091073 330.734871 342.867641 324.831852 338.456519 368.467761 323.158140 300.716472 310.450650 300.000000 382.324605 332.642939 362.662410 373.158879 302.949458 400.000000 352.629981 315.203747 336.988012 400.000000 353.780908 320.049476 301.238324 355.878163 353.068574 400.000000 306.914358 342.551164 364.858282 300.000000 357.213062 358.685155 380.683726 318.806086 300.000000 380.993930 335.425326 316.895931 331.131119 341.106814 326.232115 366.464255 383.273149 323.600642 304.762174 324.403369 366.768585 311.316248 347.495122 314.058598 310.055182 330.540267 307.978905 316.626887 374.195895 332.475340 307.176105 333.540235 332.846543 315.185738 300.000000 345.846925 352.512305 351.008820 300.000000 300.000000 342.407582 311.590795 318.116297 363.844989 304.464244 334.114988 306.337709 349.744301 345.036923 385.731154 315.596800 302.690333 300.000000 300.555192 385.626527 310.773537 337.269173 335.637388 320.197646 373.781126 400.000000 332.409036 377.179933 338.083076 368.357943 349.772196 320.969235 400.000000 326.127783 394.128723 331.385018 312.698837 300.000000 312.150908 385.772570 325.493834 325.725573 303.896934 314.180952 305.936413 335.210452 332.546761 306.035824 352.249396 333.895951 304.790583 388.425062 319.933220 400.000000 319.917954 330.798546 302.222713 388.445894 394.410524 400.000000 334.193078 376.537381 330.603072 333.889357 302.795036 361.219419 326.302108 321.652107 342.855168 305.416971 331.709529 313.068233 352.867181 361.676260 350.054813 332.546134 316.674028 305.742056 342.236155 347.286395 356.031202 400.000000 333.735909 381.993346 379.523628 361.811190 338.113440 374.732885 316.816748 310.328149 356.542357 387.277079 400.000000 333.359108 315.707373 400.000000 330.007528 303.545281 320.636824 306.789490 338.825817 366.065479 319.730632 316.733189 376.290315 334.485624 309.287906 337.757022 371.272525 359.302368 327.279207 379.889347 376.226044 385.812351 311.838926 365.907576 319.226111 336.850897 366.558683 319.795198 308.050808 300.000000 366.915513 309.641119 336.640063 325.891513 400.000000 343.235692 372.470941 322.204169 365.409710 305.416357 330.077320 362.834066 319.020646 302.752080 374.098354 400.000000 306.069036 338.757906 324.762480 338.805590 358.255053 331.914775 300.000000 312.370306 305.296304 300.000000 318.922076 340.183070 341.497569 324.770873 342.461245 332.511984 307.379948 313.623520 305.884155 314.408749 325.417574 362.958209 368.747838 325.470831 303.025693 300.000000 367.845647 306.916621 387.262211 314.845253 318.614839 383.013774 327.019734 330.155486 342.608441 342.254781 374.874209 383.010655 321.899700 338.190602 366.656452 355.739510 374.694480 374.133234 306.094423 400.000000 358.152719 359.359839 339.100142 360.597031 327.361057 365.530930 393.183099 322.575364 374.304857 300.000000 337.193585 332.823264 372.500242 345.697972 310.633016 319.657036 318.868521 321.281755 350.456565 333.006614 305.901478 319.953968 331.019075 311.499971 312.807671 307.756606 361.951870 314.490715 300.000000 361.490163 315.724519 355.952271 323.140628 363.724407 301.743637 367.540249 300.871512 351.346662 335.618225 314.931727 301.142094 370.808795 327.911048 376.249858 332.440366 337.622855 369.058578 339.102119 303.019043 384.904656 315.863061 323.357498 301.869904 320.122585 309.419327 331.830607 347.254649 309.602051 306.519038 341.702509 361.828997 350.085020 355.896642 323.588494 373.002870 350.000000 318.724598 380.343162 359.163848 315.626252 324.217944 300.000000 362.357842 313.970540 322.614147 367.497851 353.912218 306.250523 356.083475 360.112562 393.016647 324.458476 316.412709 309.174281 336.608410 309.871732 320.592846 339.506436 342.077169 394.393359 358.977004 300.000000 351.316982 330.294478 375.786186 353.019503 318.376060 363.913664 317.881578 302.528165 334.659217 400.000000 381.079986 304.539786 352.559106 318.975504 311.530364 386.801570 331.124021 334.784742 330.540629 300.767876 300.000000 379.475581 388.324114 361.500688 340.918400 323.147924 346.886877 312.343870 394.128818 300.000000 319.625081 317.410524 300.000000 333.901130 360.008186 316.674317 367.453777 320.492472 315.498540 325.166231 334.170123 326.440527 317.697186 326.563354 389.622851 335.493721 311.817253 305.680787 324.216479 334.707931 359.163517 330.437876 400.000000 353.549442 390.011046 400.000000 350.273170 322.513512 332.327732 372.573607 328.546084 318.549453 307.444744 327.210775 329.341492 372.404084 305.259436 339.467393 315.172007 300.000000 303.281798 386.878392 300.000000 339.847461 340.922570 369.409883 381.123113 333.716906 330.875622 319.003341 327.907945 400.000000 331.517052 315.537112 313.606502 301.489240 331.417018 306.675631 304.216289 300.000000 305.097178 341.436685 394.846435 303.903188 302.739410 300.000000 329.530136 333.115729 309.209301 400.000000 391.961128 307.248343 309.378347 313.680999 303.187602 345.233298 310.323440 400.000000 302.421058 300.000000 300.000000 400.000000 344.176983 307.857896 340.596172 303.738712 318.947750 328.898321 330.249507 302.863001 314.971970 308.786457 332.459237 300.000000 355.110172 300.000000 383.834926 312.786359 325.558551 374.672702 300.000000 300.000000 350.377563 400.000000 323.489565 335.095090 301.996472 400.000000 386.491732 392.269676 329.354851 388.309007 300.000000 353.936089 313.206928 369.125452 303.188320 312.606198 356.972986 338.900968 300.000000 377.842999 333.226345 336.691655 309.240975 314.337452 303.651010 326.263762 334.730085 316.617329 337.750952 300.628672 303.530029 314.419319 366.831444 378.271737 309.636174 367.043293 400.000000 300.000000 385.085771 300.000000 325.120975 327.521144 323.866261 300.000000 331.320096 313.277100 301.657343 342.685670 323.749808 337.637773 334.849362 308.650003 305.335191 303.372553 306.973908 360.731794 324.499538 370.953521 359.675765 362.272318 335.357464 339.082634 300.000000 310.016966 392.900407 349.156046 400.000000 361.486570 400.000000 400.000000 314.941288 300.000000 352.668295 306.630324 346.840340 314.649457 331.949765 322.006460 301.425132 300.000000 371.787849 310.484353 313.811206 305.145930 328.296103 341.101937 312.947339 345.835445 400.000000 300.000000 347.313416 378.865503 329.937967 328.059520 300.000000 378.508501 378.459891 322.684686 331.920596 400.000000 353.858179 300.000000 322.856627 331.251552 384.065488 334.403619 325.510575 392.028303 351.150102 309.340420 316.133920 347.764866 327.000367 352.213348 322.389852 353.021990 303.666250 300.000000 300.000000 317.663790 306.954670 330.938504 306.386409 338.668458 338.705421 335.685728 360.295836 386.338439 387.968529 321.080750 342.711101 331.276062 300.000000 318.884143 307.584662 300.000000 400.000000 315.405828 327.313596 317.514514 316.193535 314.459324 306.017292 371.009737 300.000000 349.155899 300.000000 368.795097 300.000000 313.859141 351.386132 300.000000 316.878191 400.000000 400.000000 310.433445 315.246435 323.820396 393.976788 308.170382 315.092493 330.851324 312.604565 300.000000 329.600335 352.323557 308.283020 370.441943 324.457165 314.243946 306.161636 300.000000 364.492303 322.144375 316.266986 302.668093 320.820868 329.441808 305.981657 315.617354 400.000000 352.407436 318.124328 379.499727 337.088532 321.528905 400.000000 310.315041 348.114557 334.117357 330.393260 311.814543 372.542113 324.474709 309.564192 332.677674 358.245587 393.632889 300.000000 321.981016 336.736680 325.447350 339.297661 362.521730 318.866741 312.412191 304.012752 362.831354 352.771723 330.593682 317.805646 307.736997 365.480236 350.000000 344.493123 328.342138 308.752803 300.000000 314.048042 353.471896 300.000000 306.642298 301.110309 319.239068 400.000000 370.518150 348.464393 300.000000 324.605189 303.167797 366.074902 376.765942 339.636163 350.000000 326.713034 300.000000 349.365716 400.000000 373.451761 313.678071 305.446675 320.194176 337.923610 325.448048 307.448414 317.015162 316.937383 337.300980 356.906532 348.086882 337.803276 331.546636 377.861143 311.280413 374.947550 375.786548 400.000000 400.000000 304.463535 308.069844 319.961244 366.647530 301.416825 352.216065 307.324661 400.000000 344.969242 330.876369 331.470498 328.198165 325.500312 318.964810 326.842250 318.524893 359.010294 338.231793 364.837650 300.000000 400.000000 300.000000 308.607918 400.000000 354.742568 324.065316 336.397803 302.283297 312.151576 349.479970 353.090147 400.000000 332.510590 350.799918 319.648655 329.659972 325.434473 367.417016 353.104611 300.000000 332.690801 302.270040 318.186937 305.238138 388.251640 300.000000 348.305022 300.000000 327.027752 306.135716 311.607390 393.107282 300.000000 300.000000 312.006641 303.180765 312.034915 385.812237 328.245628 376.227540 322.173435 335.333428 378.866597 302.050027 323.363786 311.105000 400.000000 316.147853 333.806015 360.318349 361.887825 365.124028 331.928773 308.777779 324.520545 303.366394 317.155508 400.000000 321.663259 327.410909 400.000000 304.346084 316.016853 311.111860 361.549589 300.000000 351.919078 319.150614 300.000000 394.680529 342.449766 340.843305 339.753884 311.497488 306.778853 323.559625 303.353617 314.042459 322.527160 357.793581 343.771174 331.464923 300.000000 352.811126 303.800734 314.840474 317.850593 338.178393 313.676272 301.840568 304.853531 327.375449 359.751577 304.824745 321.776916 303.127297 306.929556 365.196257 305.832362 356.177653 332.319901 306.963316 309.657050 330.707440 354.950142 345.891488 310.924525 367.850553 372.331967 306.960916 328.229414 341.954516 359.868969 325.905431 361.402445 343.915746 326.364562 341.783848 328.807317 388.766069 300.000000 326.858046 314.465107 322.774059 311.950201 317.440047 304.098341 352.915074 304.254252 303.423759 338.251359 380.073521 371.139403 400.000000 315.519883 324.353134 400.000000 313.212088 353.953618 309.928194 349.548476 322.267747 311.093974 320.110261 334.067961 315.184783 303.034044 365.685765 355.248648 351.311448 336.519512 314.547123 316.191662 314.434543 323.029751 314.098328 333.913191 317.059583 314.480441 300.000000 357.336577 330.983735 331.252789 392.680918 302.471800 388.340004 339.854570 339.577676 323.246864 300.000000 300.000000 344.801412 322.032417 387.744555 359.817568 370.412016 391.648911 375.184113 371.880889 320.759660 339.395998 300.000000 300.000000 330.933586 385.754217 312.202626 313.519077 369.986803 361.211836 334.070051 332.817472 310.058828 306.471776 301.065498 334.372216 380.249289 314.546477 328.435974 315.746340 339.407440 315.819517 304.323859 313.528038 366.251260 326.629516 328.375568 314.503683 371.102908 319.820138 300.688520 309.958195 387.872944 300.000000 346.100303 348.900421 370.674501 334.854347 317.913316 322.043013 328.341305 300.000000 300.000000 338.435950 371.253426 306.916769 337.154114 329.310536 365.928382 326.284335 383.720549 400.000000 350.214018 308.312544 342.942386 308.679352 300.000000 302.980329 344.923832 347.920591 368.892930 365.542939 400.000000 314.248276 361.197951 363.846375 334.211491 400.000000 400.000000 347.980909 352.064495 332.447059 340.104517 314.051150 348.524943 372.317525 361.790728 327.898921 309.715559 300.000000 333.795189 300.000000 400.000000 324.764395 356.490935 360.303370 310.254653 330.455055 317.314974 316.617468 308.366212 343.966417 332.667546 301.026079 315.516721 334.017329 313.123629 337.295993 329.258180 305.263044 377.483741 310.386565 359.602227 382.575839 332.290125 303.399624 305.147808 345.036704 389.862210 373.618463 331.168748 337.258332 305.435258 378.117824 307.608127 318.573928 300.000000 367.568552 300.000000 343.210241 317.706889 379.574127 335.006860 351.880652 311.156638 348.811366 371.187315 350.914481 303.645244 318.846665 337.720184 338.753262 313.870174 334.476950 345.030395 327.012949 373.588325 374.850856 309.233219 306.931608 300.000000 347.631450 344.789485 364.124781 326.986237 332.758079 344.620139 344.260470 303.147521 315.559895 394.543099 335.113728 343.188638 365.152814 332.451795 334.284395 400.000000 305.939816 369.748702 330.869826 347.518243 342.621794 340.097721 308.019359 381.442239 338.154864 309.476628 369.850717 310.716885 312.924431 351.989233 378.722908 381.438377 341.738999 323.842828 375.769284 300.879204 303.254123 304.503437 327.909198 325.935344 376.685544 334.335501 300.000000 350.733275 334.925650 326.776739 316.711267 300.000000 311.037758 307.062660 335.698401 313.397675 316.269800 345.346933 321.749946 308.539099 308.727374 342.757892 307.826108 300.000000 348.959483 306.685756 314.135130 330.675215 375.577879 400.000000 332.004532 301.607105 336.774353 334.926388 374.204320 400.000000 324.159867 326.729771 351.322933 328.979987 301.975246 304.018943 365.613062 342.770283 332.499017 324.974171 307.603257 363.742203 322.042265 300.000000 314.503704 334.485765 343.811871 400.000000 337.316183 400.000000 303.345892 322.914372 327.502444 349.580559 331.217105 339.028108 341.665773 369.732003 316.025013 362.781823 363.655236 369.684382 400.000000 300.000000 378.865367 356.817578 330.491168 313.134626 307.252021 368.792964 400.000000 335.592083 305.268327 300.000000 353.102251 371.730239 329.881871 364.445213 303.875978 306.236208 345.686258 315.543831 392.068506 304.533198 300.000000 339.695377 321.905791 319.448209 319.544911 320.780419 308.236401 308.378434 300.000000 351.419990 329.849933 332.443053 324.133596 318.000070 307.264102 394.315735 301.316869 321.100014 309.530615 312.250406 318.155356 386.877879 302.797971 300.000000 317.281980 303.172333 300.000000 328.465519 318.876313 315.080913 308.817213 319.552412 314.652870 316.346503 365.383131 353.074944 328.641158 314.578593 384.903861 400.000000 312.688786 331.883313 313.345039 300.000000 379.822269 329.720471 367.515171 310.435900 315.969458 349.127267 321.597114 322.928861 325.716602 336.322125 313.641630 325.563126 320.008466 349.170812 327.037178 341.017365 353.380462 302.430045 306.384700 300.000000 381.624201 360.956077 337.998151 321.963545 300.000000 336.923324 302.697591 323.332611 346.773200 311.303111 364.323922 310.446645 325.986037 336.912571 302.836284 379.058382 335.576311 325.863943 302.420645 338.644780 368.347147 336.575060 300.000000 334.032048 380.954207 370.035960 350.096888 324.796131 306.999914 369.534237 322.049136 374.957917 300.000000 318.957215 329.715813 400.000000 376.056757 300.000000 300.000000 300.000000 330.010237 312.789471 309.236510 310.207222 400.000000 333.383933 304.238424 301.142049 301.356625 309.217418 323.112539 317.150327 306.401992 354.169160 381.486361 317.704367 311.834040 303.967266 301.303729 357.158029 400.000000 337.700462 384.007995 303.716919 321.179679 325.754470 343.648598 328.636661 317.101027 336.428510 321.120867 345.743407 347.768257 342.831571 376.676319 300.000000 387.144689 364.481825 300.000000 313.013384 314.456780 304.009266 400.000000 336.406436 384.612143 388.636815 337.137214 326.431727 376.491387 394.815250 307.255829 355.351819 303.144651 338.809346 364.837991 400.000000 300.000000 358.138770 324.820322 322.530961 350.381311 337.167197 385.686158 312.374978 345.621846 325.839075 393.701934 312.805528 389.779493 329.378603 323.946605 330.718315 336.165276 300.000000 315.497897 383.721658 317.879033 309.781918 356.121368 384.348662 305.923638 358.670074 350.247138 334.355985 400.000000 400.000000 338.892387 400.000000 308.564687 314.457049 342.371364 361.150310 357.766353 351.593462 306.321752 400.000000 322.620414 306.583366 381.026247 346.945200 323.313456 300.000000 328.842729 332.745588 350.952536 328.765887 329.386852 373.739649 300.000000 300.000000 400.000000 331.740954 343.843763 312.914770 300.000000 314.043207 400.000000 308.195163 304.660479 322.442374 359.459801 331.325861 329.487865 400.000000 387.314943 300.000000 308.007840 391.248626 300.000000 315.123929 352.155131 321.081033 350.190341 314.029611 308.463177 330.298245 350.483956 346.716526 303.708768 335.322350 300.000000 316.818666 302.976861 322.123208 333.051502 320.531438 348.689820 316.865239 342.144263 300.000000 322.077082 330.488399 331.832287 311.191099 312.799468 300.000000 308.016917 300.000000 303.712584 318.905930 316.247261 334.042318 308.467905 300.000000 336.560591 329.703653 376.188722 353.980429 335.797390 306.280052 330.255450 393.400152 336.936855 300.000000 315.659193 400.000000 323.405133 300.000000 321.391269 301.731955 300.000000 352.894631 300.000000 323.968255 327.981742 310.388246 329.336760 381.036013 319.335093 343.556067 327.033606 307.383417 336.588343 332.247759 315.189062 315.643889 389.051241 400.000000 300.000000 300.000000 336.822445 300.000000 353.048776 313.532045 324.187569 329.895538 306.306934 337.964541 336.179014 318.275384 315.712142 337.227729 311.654231 338.767768 323.942346 365.103952 311.293532 374.283486 333.744617 300.000000 382.521424 331.531808 304.538759 388.782511 330.742312 309.233112 308.884494 400.000000 301.974310 312.860007 357.087340 377.847874 303.510152 342.649546 305.022495 385.455556 322.020529 360.911317 326.314461 363.289191 352.865775 380.938179 400.000000 385.254665 329.509604 300.000000 300.000000 300.000000 318.063427 327.739255 327.291123 352.985083 381.513722 373.574498 368.929309 352.746927 350.553329 338.684152 315.379737 301.765634 342.341987 373.745930 302.566343 394.237018 366.343202 304.606201 328.848037 360.088491 330.735400 300.000000 317.675678 315.229953 300.000000 300.000000 300.000000 368.311259 345.976049 400.000000 400.000000 318.670600 307.930089 333.067449 304.698409 336.590022 332.171445 325.032457 373.246725 400.000000 321.727037 371.962073 355.037459 347.170413 388.927456 300.000000 300.000000 314.051613 343.741764 315.659428 359.872445 314.958472 313.366358 313.925742 325.087172 320.509195 342.972396 302.711193 306.583195 326.504933 313.414655 308.936759 400.000000 300.000000 367.345847 370.949222 325.246760 339.950534 317.884250 313.443782 338.696323 339.659905 305.360558 387.013381 352.361545 400.000000 400.000000 300.000000 331.248006 341.221903 304.027995 339.856080 387.912703 384.293876 306.271510 326.791607 300.000000 313.528184 321.711719 314.125032 400.000000 313.399526 309.136639 300.000000 356.326087 302.102942 325.785119 357.147372 300.000000 336.810918 375.930876 346.782306 306.720888 329.779696 355.260750 342.779185 301.590656 393.114844 400.000000 339.175001 306.656667 332.539208 379.955081 318.054954 316.700236 304.820834 322.630362 313.993264 317.710167 386.248356 348.452401 350.254954 334.167832 304.141776 300.000000 319.726950 334.531703 304.145172 325.559073 325.061325 304.852725 325.395114 353.304205 302.590904 300.000000 391.162235 349.011112 394.182992 300.000000 306.979553 311.642017 333.897556 352.688858 334.937796 335.226333 365.983439 300.938324 333.292597 400.000000 334.447531 339.719212 304.838332 379.965262 400.000000 300.000000 335.435842 329.563064 338.814136 310.827579 302.900644 338.207713 360.699884 379.801808 389.532749 345.768242 384.174069 321.759297 300.000000 387.541807 312.586934 308.848837 305.652278 327.207589 328.718739 393.571239 351.923216 332.534711 306.968533 325.290524 300.000000 311.132389 330.135166 325.202561 316.120221 400.000000 300.000000 389.094686 316.783567 331.390459 362.807608 376.772272 313.430617 379.547949 329.453296 374.858379 328.790826 334.731776 302.449617 323.593012 325.981691 373.791120 306.133047 337.561115 325.019704 304.931714 376.456453 338.387237 310.451886 309.204604 325.936442 317.399080 315.719191 389.444151 340.264791 303.712575 373.202444 355.799827 371.646753 400.000000 400.000000 300.000000 322.722439 333.435130 379.897458 353.091873 309.975305 314.238807 300.000000 305.945185 356.684647 327.022597 400.000000 337.310195 328.767262 300.000000 389.282646 357.830296 320.613984 327.501770 327.616321 305.832449 400.000000 315.841664 307.318885 337.370681 300.000000 300.000000 306.062606 319.715564 303.243949 331.378961 304.682451 321.729677 355.600843 306.716368 301.303516 321.100394 355.746734 300.000000 307.534999 300.000000 315.047751 338.872431 330.946197 300.000000 300.000000 333.388245 355.310913 328.548085 339.841976 329.287294 316.976768 357.257080 351.401892 306.735547 330.175630 376.457925 341.492774 314.038141 322.200047 368.979452 300.000000 338.440916 324.921049 365.167640 361.858863 330.890259 363.387308 300.000000 308.419054 327.429282 309.027460 313.019832 349.730514 335.003311 318.293981 335.766146 323.715859 351.390562 350.000000 360.327240 320.831619 365.261010 357.336635 323.927809 312.714723 326.750780 301.541311 334.949760 306.339257 374.205370 387.261378 310.603846 300.000000 387.157816 329.807519 377.112124 316.661378 392.743647 400.000000 310.788254 363.133963 331.920505 300.000000 312.313428 328.630723 320.668395 308.309407 327.481776 377.458664 373.648445 309.535054 311.643393 331.925753 360.865084 333.671366 344.039130 400.000000 360.885988 316.130737 304.013684 373.601278 308.378114 338.420126 370.869386 324.573553 308.566614 364.974439 310.439885 373.113020 332.549851 300.000000 324.851326 317.162630 329.508514 313.502337 316.586130 392.758350 303.115279 329.661487 312.374590 318.846974 328.282910 393.215040 345.482851 305.674847 333.307268 309.330605 302.396616 363.729247 392.099425 343.791109 328.425543 400.000000 331.345206 329.235324 305.270777 300.000000 320.805279 351.793012 301.098672 302.503851 306.161694 337.686439 319.805807 324.716505 364.481644 309.097420 393.273215 319.264823 300.000000 328.199264 300.000000 339.163503 300.000000 323.799147 300.000000 300.000000 324.520850 323.356583 377.511250 341.080548 382.300195 336.436397 400.000000 311.519850 300.000000 373.387708 322.244548 322.001699 304.245360 344.766480 315.723631 317.032968 373.832346 339.601718 303.078457 381.612321 400.000000 311.306730 393.705673 364.487450 303.538758 352.289439 354.590351 349.821784 322.459805 301.293175 329.933109 324.763329 372.182852 400.000000 347.378799 300.000000 303.775116 313.947956 351.173961 310.449061 310.059376 347.997150 332.321468 331.097987 335.538949 319.049130 359.941733 335.362625 309.804211 393.569021 300.000000 300.000000 318.457930 300.000000 301.744601 331.188808 351.927933 334.684671 379.793081 351.594152 386.365594 320.695602 324.645864 339.007377 310.371958 315.054514 377.722390 343.460388 304.307363 313.635217 300.000000 351.502178 335.352563 308.388972 315.047471 349.454004 324.257539 310.345362 334.006668 351.506917 331.321025 338.201488 321.247766 380.611460 307.928201 306.875136 347.377275 305.417255 350.320054 300.000000 322.622360 336.551835 400.000000 312.976237 300.000000 320.290878 337.849293 300.000000 313.604036 380.327986 325.793157 313.041606 333.420726 321.370568 328.292505 322.951089 302.346325 318.036442 323.934807 329.511754 393.276303 310.718420 364.694876 313.330476 314.158263 338.811004 300.000000 383.443791 332.136260 366.875834 327.543568 314.854762 306.535095 321.262353 331.919958 300.000000 310.721185 351.952243 317.691583 361.183168 369.948116 307.730592 304.098419 400.000000 389.351161 367.182726 313.503131 333.953935 341.194917 314.901667 309.757381 381.122137 317.970350 303.240234 302.349256 321.739247 384.038458 335.159488 391.837716 400.000000 300.000000 330.891858 324.332430 320.614569 356.806080 380.161893 345.906855 303.963032 327.959909 369.460473 372.280340 304.894297 300.000000 377.810523 338.895256 320.497905 339.244427 345.730809 389.106032 381.991514 310.827255 338.571745 334.255655 400.000000 357.249664 300.000000 300.000000 307.903835 379.946253 394.777267 334.470174 400.000000 392.416700 300.000000 300.000000 338.707159 350.915576 351.008066 366.398143 344.852554 338.916028 306.070128 314.515176 337.893385 303.732165 400.000000 345.145559 334.081715 331.488970 300.000000 309.407052 365.315403 358.302091 307.455575 374.200663 312.561962 304.398674 314.546777 368.942532 314.940405 328.096038 339.273454 351.214870 380.318457 333.412488 316.691506 312.976990 334.366792 359.105871 321.739179 315.682483 369.210078 334.059636 305.489536 337.624641 306.076714 374.235589 316.593196 311.472908 323.084148 303.875228 390.814853 340.923511 333.045712 306.071811 302.470815 338.713182 335.165369 317.152838 342.075116 312.704830 330.766660 335.276973 329.748704 393.109225 334.974527 306.551138 307.831180 347.754007 375.835902 322.378331 309.288073 325.819762 330.182258 326.926802 312.273085 347.003079 324.394552 324.314748 394.276009 329.404585 310.475012 372.444072 371.491634 400.000000 338.727058 334.759747 321.941776 343.251533 367.427822 334.995133 339.904989 300.000000 303.130597 351.836662 325.668710 300.000000 300.000000 323.843142 394.584888 353.676500 313.587697 318.117252 356.901426 333.839470 377.822829 306.488316 324.404661 330.717653 334.859134 328.307751 384.628334 313.016989 379.231888 300.000000 351.468030 349.533013 300.000000 350.283714 300.000000 344.406565 309.511744 300.000000 306.115603 315.836536 315.686016 373.672699 306.659638 400.000000 346.375825 320.576743 321.710766 302.876917 316.929785 302.080643 384.571581 307.129430 310.822241 360.082356 318.379059 300.000000 300.000000 370.927926 300.000000 351.482081 301.255177 313.510836 348.532564 365.836531 323.469547 320.303490 308.540788 325.212688 303.849232 307.011549 337.756720 308.859803 340.913138 303.255057 313.942671 307.948563 334.716368 321.614667 400.000000 364.692139 329.938089 324.824172 371.289224 389.967649 344.949843 309.809552 331.389978 300.000000 349.432634 338.609135 305.550136 353.932043 388.285959 331.618744 309.163201 306.631354 328.257561 340.326226 300.000000 332.417946 312.918184 303.849041 343.555690 303.877977 388.125121 319.194187 331.223915 360.369533 361.576483 317.077248 360.010763 310.028967 329.025889 337.574471 311.258480 323.897538 373.398335 300.000000 307.197504 372.229716 320.190171 376.819372 327.457876 300.000000 376.680898 314.475631 345.827999 320.315875 335.517667 331.101552 301.602596 345.326722 327.926366 339.978697 309.533104 370.678241 334.460638 312.966831 351.807983 303.418492 348.953665 300.000000 337.894557 336.395718 300.000000 310.714109 335.189286 349.185429 377.812133 391.100604 316.600177 327.088797 324.824217 321.997069 392.631093 300.000000 330.898268 331.987063 350.000000 331.891656 308.834265 305.454541 306.530891 339.229320 344.214374 319.815915 300.000000 300.000000 300.000000 328.166878 328.257081 303.342769 315.393563 300.000000 336.750031 304.310087 320.931167 362.273498 323.926874 360.902972 400.000000 317.913374 400.000000 389.828278 324.687945 300.000000 325.082866 369.881068 340.673654 347.358873 330.717018 400.000000 400.000000 300.000000 311.497863 365.929771 375.839736 394.387109 354.111434 300.000000 400.000000 309.202216 302.704984 320.188958 400.000000 333.980573 363.621069 329.433897 300.000000 383.148449 336.916407 338.453084 324.561674 300.000000 322.818406 300.000000 349.571199 330.651348 306.826049 347.612794 350.000000 374.017432 382.425506 335.075729 336.547542 303.069277 302.048784 347.748508 300.000000 308.502426 309.370848 330.171232 317.512724 335.065292 309.568451 349.211159 319.447510 354.654991 363.340274 357.220985 347.852609 376.949465 400.000000 310.049266 300.000000 316.127693 311.048145 350.000000 381.581691 300.000000 329.141212 334.502518 316.969952 335.477596 351.074317 329.875530 320.243917 307.472844 352.409201 300.000000 311.953434 304.134342 321.075424 319.668854 326.989444 322.465072 306.139838 366.535756 330.880450 303.186894 338.033256 394.472551 367.229006 391.196144 311.935395 306.246170 300.000000 345.683085 362.607800 325.227160 300.000000 330.375419 333.020763 355.183450 330.421994 311.874572 305.982993 322.322031 320.455870 307.197471 326.334507 326.725364 374.244802 334.980390 334.706580 328.557211 310.738999 308.044307 313.640591 322.515901 391.955846 392.669708 335.668745 300.000000 364.313891 344.120321 373.808191 362.563862 302.369770 382.448713 348.502684 304.175027 307.467886 305.157396 318.764049 317.168110 328.756542 323.266895 300.437163 357.877982 316.798124 300.000000 313.001604 304.666431 300.000000 303.276932 311.531591 342.607079 330.225334 382.701778 359.482726 384.121564 315.787340 400.000000 304.454311 373.714224 350.000000 358.973472 316.524998 394.646212 307.108921 300.000000 348.048361 359.879239 340.298024 317.282353 390.818422 309.646868 310.718263 300.000000 373.547225 317.022548 302.144430 400.000000 362.246766 362.735972 321.753149 348.461654 347.627357 322.906696 311.748913 318.642440 315.168335 351.674195 307.009560 323.996894 304.762394 328.455416 311.390230 334.398277 300.584966 301.782574 334.205691 356.802297 311.949447 371.835707 300.000000 319.218384 300.000000 323.295219 308.806085 300.000000 332.696222 303.446855 303.508053 330.029124 311.794949 318.992995 320.022539 327.664859 301.732358 342.794307 300.000000 307.632071 312.819432 306.558240 314.384964 350.000000 310.379197 373.313546 326.058277 338.439504 318.202036 400.000000 325.029862 348.117687 317.541711 316.245243 300.000000 300.000000 304.009307 336.876908 369.246868 334.963629 321.026237 325.617907 317.868245 324.435017 369.939429 391.247090 300.000000 331.188094 341.988314 350.329227 361.945546 334.891912 340.097640 300.000000 335.322226 365.177469 343.628952 368.102553 400.000000 310.263655 323.548958 371.315528 390.184222 355.954490 318.688703 324.062486 344.296500 345.215382 305.128118 325.733524 344.031108 358.495908 373.136930 376.543850 384.203006 330.798973 300.804997 311.708531 340.595940 300.000000 326.053175 377.325366 391.198399 343.056025 360.079778 306.414760 312.137570 338.544442 327.265650 327.535968 301.416836 311.539571 349.501242 374.201073 326.734655 303.133104 364.360381 349.201067 368.780303 354.376231 338.532453 300.000000 332.384290 300.000000 372.479658 300.000000 318.889070 364.657792 334.038633 303.151202 335.697174 300.000000 322.133336 325.974073 300.000000 322.919132 386.554835 343.333579 387.617552 380.808272 347.098194 308.797419 350.105676 300.000000 333.447640 340.001766 335.459180 311.912273 327.040426 307.760838 337.934943 312.093428 300.000000 301.356841 303.144434 353.542809 320.397070 327.828526 319.607455 366.065327 307.249293 360.698277 367.626927 305.342951 342.976251 338.816399 300.000000 361.396266 368.362975 389.564199 330.768481 318.888399 329.457642 325.472092 341.107013 372.398795 390.937065 343.338601 306.194639 330.071321 355.544051 319.432596 316.681604 337.585977 316.265152 333.421942 334.761264 327.312964 306.208240 331.914898 340.775710 325.078713 301.661439 332.715754 323.313073 348.919380 377.121127 302.448958 320.603430 341.745084 300.000000 300.767865 305.721404 334.776058 300.000000 300.000000 314.789037 318.719094 300.000000 365.146333 300.000000 318.397349 360.310203 347.884045 378.840580 385.723998 304.144687 394.521299 316.981162 356.268762 391.883526 304.887615 311.408161 314.641763 319.251148 321.628567 312.197501 310.705524 308.420777 357.087593 321.236886 306.049053 302.470355 389.373723 400.000000 337.600318 335.111546 300.000000 316.934152 338.692272 327.044218 300.000000 328.547819 341.362921 314.481556 326.208823 300.000000 322.368199 311.424431 320.127408 307.775693 387.883232 378.915529 334.476337 303.763754 362.929140 302.537262 311.559261 342.248777 321.327667 388.688572 336.760339 338.205899 326.330358 320.109886 329.262425 304.107033 322.678182 388.785683 300.000000 400.000000 318.747995 347.575780 312.023727 315.799498 312.879224 391.150486 325.231116 374.684666 300.000000 371.276052 309.886530 326.440948 327.124118 300.000000 306.289237 345.508383 322.193976 385.109884 370.887348 352.902753 321.280046 300.000000 329.906792 335.284938 300.000000 318.072327 302.954187 311.911249 318.056225 383.245311 300.000000 300.000000 308.164562 305.404970 400.000000 347.433406 307.909629 326.456608 318.213264 348.514596 307.629275 312.694320 330.870755 327.933160 300.000000 315.437819 300.000000 372.887898 308.769341 315.892044 364.154242 331.306764 316.096235 318.011824 301.945646 328.538458 328.575351 312.973335 353.125085 400.000000 321.041171 363.756410 305.497561 309.258922 303.247782 372.638043 332.340181 
        </DataArray>
      </PointData>
    </Piece>
  </UnstructuredGrid>
</VTKFile>
