<?xml version="1.0"?>
<VTKFile type="UnstructuredGrid" version="0.1" byte_order="LittleEndian">
  <UnstructuredGrid>
    <Piece NumberOfPoints="3302" NumberOfCells="13369">
      <Points>
        <DataArray type="Float64" NumberOfComponents="3" format="ascii">
          1.477561 0.299589 0.645142
          1.057219 0.305242 0.078162
          0.825074 0.376629 0.250624
          1.900000 0.259808 1.000000
          1.035059 0.264273 0.236744
          2.000000 0.357740 0.381627
          0.936200 0.175991 0.0
          1.166485 0.500000 0.694579
          3.351669 0.117331 0.0
          1.866493 0.337138 0.575886
          1.857143 0.0 0.500000
          2.525000 0.0 0.0
          1.642857 0.0 0.500000
          3.275000 0.0 0.0
          2.200000 0.500000 1.000000
          2.500224 0.0 0.242928
          1.316315 0.175253 0.727354
          0.530883 0.0 0.437839
          2.095762 0.500000 0.940032
          1.000000 0.357143 1.000000
          0.100723 0.396049 0.397394
          2.187500 0.064952 0.0
          2.559990 0.396622 0.500000
          2.825030 0.120008 0.0
          2.038343 0.426829 0.784794
          3.368133 0.0 0.300341
          2.082259 0.180357 0.159068
          0.433135 0.393048 0.392718
          0.487500 0.435048 0.0
          2.508536 0.500000 0.117963
          1.000000 0.391627 0.555725
          2.440905 0.500000 0.607143
          1.430415 0.379651 0.0
          0.0 0.392677 0.440696
          2.079851 0.190417 0.327875
          1.446622 0.323266 0.558476
          3.200000 0.240192 0.0
          0.279314 0.323657 0.396236
          1.770791 0.250638 0.605198
          1.187510 0.194850 1.000000
          2.657212 0.500000 0.120625
          0.185982 0.083561 0.207098
          1.933535 0.410732 0.908891
          2.550436 0.421482 0.426436
          1.244479 0.500000 0.568228
          0.392783 0.0 0.118405
          0.523651 0.087126 0.335769
          1.709002 0.255709 0.500000
          0.069242 0.251855 0.500000
          1.237375 0.500000 0.047089
          2.762635 0.500000 0.307578
          0.131577 0.500000 0.300509
          1.483388 0.0 0.942527
          2.188211 0.435459 0.0
          2.500000 0.321815 0.562673
          0.300000 0.120099 0.0
          1.085446 0.298217 0.679867
          2.717344 0.188759 0.203699
          2.914185 0.500000 0.181981
          2.496692 0.245055 0.383273
          1.937500 0.435048 1.000000
          1.224913 0.093171 0.685370
          0.409465 0.500000 0.373070
          2.399348 0.340852 0.065766
          2.976094 0.117892 0.0
          1.386450 0.420146 0.615740
          2.107974 0.392740 0.811707
          1.484098 0.392857 0.592666
          1.106172 0.0 0.945739
          2.441406 0.0 0.674394
          3.090535 0.0 0.373070
          1.037173 0.500000 0.177917
          2.074927 0.500000 0.757143
          2.732454 0.075883 0.322819
          0.131577 0.0 0.300509
          1.996461 0.422257 0.634038
          0.711656 0.386691 0.245881
          2.386733 0.442223 1.000000
          1.551926 0.448074 0.500000
          1.892857 0.0 0.561859
          0.291204 0.421360 0.212201
          2.636558 0.408681 0.192504
          1.132587 0.343544 0.297836
          1.784126 0.380765 0.500000
          1.149743 0.500000 0.242728
          0.945696 0.0 0.057033
          3.362831 0.0 0.179271
          0.0 0.442811 0.107143
          1.737330 0.245295 0.746341
          0.300000 0.283494 0.061300
          0.849775 0.500000 0.243133
          2.481618 0.200288 0.298100
          1.439088 0.316961 0.911204
          2.204498 0.135685 0.228423
          0.466795 0.322521 0.500000
          2.000000 0.382151 0.201825
          1.171120 0.0 0.057188
          0.778332 0.0 0.372101
          1.438141 0.500000 0.321429
          2.433347 0.0 0.116768
          2.447183 0.117271 0.0
          1.187761 0.0 0.181309
          1.825000 0.0 1.000000
          1.375251 0.221611 0.413341
          1.066651 0.0 0.116765
          1.275000 0.0 0.0
          1.050612 0.180829 1.000000
          3.175233 0.0 0.243872
          0.214286 0.500000 0.500000
          2.225140 0.370177 0.0
          2.500000 0.107143 0.942811
          1.500000 0.428571 0.0
          0.831877 0.255036 0.376576
          2.440337 0.323739 0.445906
          0.148619 0.310211 0.350497
          0.975000 0.500000 0.0
          1.887154 0.0 0.819537
          1.000000 0.129476 0.627127
          3.085585 0.392852 0.101439
          0.527728 0.243335 0.423462
          1.500000 0.500000 0.0
          0.482302 0.500000 0.371649
          0.616791 0.323970 0.500000
          2.928571 0.0 0.500000
          2.975000 0.500000 0.0
          0.948074 0.448074 0.500000
          1.551926 0.051926 0.500000
          2.258125 0.128303 0.879248
          1.774755 0.0 0.756768
          1.237652 0.500000 0.692636
          3.312500 0.175240 0.0
          0.898143 0.102502 0.249424
          0.0 0.283399 0.256930
          1.037377 0.0 0.307670
          2.728260 0.351533 0.148687
          0.774769 0.500000 0.243194
          2.068212 0.245802 0.0
          0.570694 0.500000 0.057273
          1.799307 0.500000 0.752279
          2.337500 0.435048 0.0
          0.491591 0.086388 0.182564
          3.195437 0.316741 0.500000
          0.510399 0.0 0.182076
          2.857143 0.500000 0.500000
          0.225000 0.0 0.0
          2.380396 0.241234 0.179411
          1.367126 0.321648 0.828828
          1.247596 0.206503 0.250378
          1.390221 0.246753 0.265360
          1.422208 0.330006 0.073027
          2.033248 0.500000 0.821604
          2.603764 0.094474 0.117216
          1.370136 0.500000 0.118493
          0.0 0.448074 0.448074
          0.272054 0.221762 0.126848
          0.393322 0.062832 0.500000
          1.146652 0.0 0.121839
          1.386496 0.0 0.582932
          2.705732 0.254700 0.500000
          0.897147 0.117246 0.0
          3.351089 0.240959 0.0
          1.823388 0.101352 0.701756
          2.224852 0.500000 0.757271
          2.868246 0.500000 0.372836
          1.950134 0.155307 0.576481
          2.510066 0.180897 0.226648
          2.598666 0.095861 0.406492
          1.603427 0.0 0.560939
          2.669852 0.356393 0.435069
          1.500000 0.428571 0.500000
          2.074842 0.0 0.627258
          2.000000 0.248174 0.438550
          0.578450 0.380747 0.500000
          0.812904 0.084538 0.407833
          2.149835 0.0 0.756926
          1.112010 0.324042 1.000000
          1.500000 0.249443 0.062693
          1.380765 0.380930 0.878843
          0.330284 0.263917 0.421662
          1.937500 0.194855 1.000000
          1.737134 0.0 0.821595
          1.323632 0.0 0.573205
          1.275147 0.0 0.757269
          2.750000 0.120128 0.0
          0.737174 0.0 0.181066
          2.000000 0.428571 0.500000
          2.546681 0.101024 0.248921
          2.262500 0.064952 0.0
          1.500000 0.357143 0.500000
          2.300722 0.327228 0.163150
          1.247427 0.163786 0.699022
          1.824883 0.308582 0.916277
          0.060874 0.500000 0.326638
          1.000000 0.500000 0.857143
          3.287827 0.0 0.181700
          1.309280 0.500000 0.065297
          0.106608 0.057709 0.500000
          1.447790 0.0 0.051160
          2.816870 0.320218 0.500000
          1.444534 0.445421 0.0
          2.124986 0.129893 1.000000
          0.296040 0.301765 0.133985
          1.437601 0.0 0.881595
          1.186487 0.147523 0.068633
          2.387421 0.058693 1.000000
          0.464286 0.500000 0.438141
          0.496331 0.0 0.059667
          2.500000 0.116563 0.805006
          0.991463 0.0 0.117961
          0.177578 0.061847 0.500000
          1.938772 0.084520 0.818746
          3.500000 0.320456 0.439551
          1.000189 0.500000 0.372233
          0.605644 0.219713 0.220554
          0.177745 0.500000 0.242639
          3.025233 0.500000 0.243556
          2.187055 0.083685 0.451176
          2.196635 0.500000 0.131814
          1.000000 0.428571 1.000000
          1.000000 0.358396 0.615161
          1.661923 0.0 0.820196
          3.108576 0.0 0.118565
          0.0 0.214286 0.500000
          2.750000 0.240192 0.0
          0.0 0.209020 0.255722
          3.440101 0.500000 0.106231
          2.374659 0.400225 0.218399
          3.227567 0.0 0.060931
          2.894046 0.0 0.439695
          0.989763 0.269494 0.112774
          1.988128 0.225644 0.740914
          0.673805 0.239013 0.181642
          1.751330 0.097200 0.573575
          1.275148 0.500000 0.757233
          1.459741 0.0 0.392857
          3.312500 0.064952 0.0
          1.942811 0.107143 0.500000
          0.0 0.207030 0.376779
          3.382367 0.0 0.233928
          0.587365 0.0 0.308346
          1.787500 0.435048 1.000000
          2.678391 0.168032 0.066874
          1.162500 0.305144 0.0
          2.582344 0.430750 0.073837
          1.736719 0.413445 0.586873
          3.142857 0.500000 0.500000
          0.971692 0.102382 0.104035
          3.394356 0.443785 0.500000
          1.419379 0.099632 0.277025
          2.387885 0.0 0.433344
          2.861337 0.301679 0.200936
          3.005885 0.292210 0.086027
          2.237421 0.437068 1.000000
          2.767379 0.105935 0.391945
          2.825000 0.240192 0.0
          0.557084 0.0 0.373222
          3.250004 0.0 0.435651
          0.272433 0.0 0.060931
          1.300000 0.500000 1.000000
          2.048965 0.177847 0.0
          2.300000 0.500000 0.0
          2.571429 0.500000 0.500000
          1.430663 0.500000 0.178735
          1.045807 0.417083 0.208705
          0.0 0.116440 0.200939
          2.262352 0.128752 0.757452
          1.402719 0.500000 0.939690
          2.500000 0.0 0.928571
          0.662169 0.500000 0.178468
          0.642857 0.500000 0.500000
          2.525000 0.500000 0.0
          1.150000 0.500000 1.000000
          1.000000 0.382150 0.798181
          0.650192 0.382773 0.500000
          1.321044 0.416027 0.084196
          1.600000 0.379872 1.000000
          2.750000 0.370096 0.0
          2.406228 0.259532 0.315190
          2.606082 0.079500 0.197351
          1.892801 0.322065 0.500000
          1.231472 0.500000 0.112959
          3.329285 0.267913 0.095682
          0.870483 0.177683 0.083573
          1.525000 0.259808 1.000000
          0.219721 0.301949 0.315412
          1.342943 0.500000 0.181457
          2.001647 0.0 0.626388
          1.000000 0.249356 0.559771
          0.582147 0.130097 0.500000
          2.492874 0.081232 0.183740
          2.668363 0.305364 0.377515
          0.375000 0.370096 0.0
          2.299853 0.500000 0.757229
          2.975000 0.370096 0.0
          1.576232 0.500000 0.756121
          3.447335 0.051638 0.0
          0.765958 0.149103 0.149504
          3.003485 0.500000 0.059600
          0.898930 0.076029 0.068591
          2.440427 0.0 0.898320
          0.187510 0.305150 0.0
          2.607143 0.442811 0.500000
          1.550055 0.399533 0.763788
          0.528008 0.114602 0.427152
          1.924933 0.235316 0.679778
          1.487500 0.194856 1.000000
          1.500000 0.0 0.500000
          3.100932 0.422108 0.330614
          2.448503 0.204872 0.120657
          2.825000 0.370096 0.0
          1.430663 0.0 0.178735
          2.927490 0.263777 0.111668
          2.989670 0.314869 0.266768
          1.791026 0.082532 0.814586
          0.616423 0.500000 0.118344
          0.779605 0.242176 0.430892
          1.726440 0.237242 0.668816
          0.672147 0.117246 0.0
          1.549726 0.350104 0.655757
          0.750000 0.0 0.0
          2.500224 0.500000 0.242928
          1.157397 0.500000 0.819247
          1.000000 0.500000 1.000000
          2.435561 0.390128 1.000000
          0.0 0.321815 0.062673
          2.500000 0.070039 0.751962
          3.194168 0.189928 0.500000
          2.187205 0.264139 0.528370
          1.866228 0.500000 0.752596
          2.619066 0.399170 0.396218
          2.454880 0.422919 0.209840
          1.010983 0.177751 0.0
          1.974999 0.259807 1.000000
          1.000189 0.0 0.372233
          2.762635 0.0 0.307578
          1.562500 0.323120 1.000000
          1.085108 0.210317 0.691106
          2.121016 0.227288 0.749031
          1.525000 0.500000 1.000000
          2.000000 0.0 0.071429
          3.500000 0.500000 0.071429
          2.101029 0.392857 0.497555
          1.275089 0.250000 0.714086
          0.450000 0.120096 0.0
          2.113743 0.440223 0.0
          1.571429 0.500000 0.500000
          0.112833 0.500000 0.129298
          1.630404 0.500000 0.942241
          2.265328 0.156357 0.080212
          2.202947 0.090506 0.816221
          1.171120 0.500000 0.057188
          2.166028 0.500000 0.385422
          1.285034 0.073965 0.603126
          2.675000 0.370096 0.0
          2.742809 0.319336 0.415347
          3.120496 0.318059 0.500000
          1.085492 0.203002 0.194411
          1.074876 0.0 0.372027
          2.375000 0.240192 0.0
          0.0 0.175267 0.316326
          1.000000 0.209010 0.744258
          2.140970 0.500000 0.880474
          2.000000 0.320356 0.322169
          2.493401 0.431452 0.328958
          0.616423 0.0 0.118344
          3.441104 0.0 0.393379
          1.225000 0.379904 1.000000
          3.430415 0.379651 0.0
          3.071623 0.250498 0.125401
          3.155470 0.161897 0.163067
          1.785601 0.126893 0.500000
          2.500000 0.442811 0.607143
          2.140613 0.0 0.881559
          2.987828 0.500000 0.180927
          0.345108 0.344053 0.080779
          0.482302 0.0 0.371649
          2.725232 0.0 0.243197
          1.500236 0.322680 0.857907
          2.500000 0.369016 0.632727
          1.262990 0.500000 0.180857
          1.866651 0.153951 0.932835
          0.095719 0.400944 0.099940
          0.900000 0.0 0.0
          1.011571 0.060814 0.0
          2.299840 0.0 0.628019
          0.745874 0.0 0.436187
          2.323006 0.500000 0.943058
          1.037506 0.500000 0.433463
          1.449772 0.500000 0.252380
          0.0 0.320454 0.439551
          1.862255 0.380296 0.929096
          2.417308 0.415300 0.816898
          1.331386 0.286259 0.176879
          3.416516 0.315807 0.354720
          2.356193 0.143008 0.491690
          2.309443 0.299559 0.393828
          0.926173 0.167260 0.328655
          2.731761 0.184679 0.282399
          1.441671 0.161173 0.558619
          3.422078 0.113745 0.173185
          2.525000 0.370096 0.0
          2.224844 0.500000 0.629312
          1.500000 0.283398 0.256934
          2.284009 0.500000 0.501129
          3.162500 0.064952 0.0
          0.642385 0.0 0.055624
          1.284969 0.424800 0.736059
          2.371956 0.114763 0.887020
          1.000000 0.211344 0.874056
          0.189756 0.165542 0.422086
          1.600926 0.416369 0.674962
          0.362365 0.0 0.308628
          1.795003 0.500000 0.624518
          0.785714 0.500000 0.500000
          1.327052 0.339625 0.921837
          2.227190 0.0 0.430543
          3.212827 0.500000 0.181231
          1.123247 0.0 0.884221
          2.112423 0.500000 0.692199
          1.411986 0.090974 0.363288
          0.911857 0.424381 0.425596
          2.426632 0.073166 0.926672
          0.223610 0.300377 0.091809
          1.327964 0.317129 0.666583
          2.233717 0.112445 0.142429
          2.500000 0.214286 0.500000
          2.170785 0.500000 0.943027
          3.500000 0.428571 0.0
          0.651691 0.430119 0.219734
          3.500000 0.064161 0.330089
          2.312140 0.063709 1.000000
          0.201895 0.389315 0.386581
          1.215407 0.388306 0.730658
          2.233202 0.281733 0.165874
          1.052402 0.448639 1.000000
          2.500000 0.116688 0.700827
          0.313863 0.267372 0.201214
          0.117633 0.0 0.233928
          0.287364 0.500000 0.307931
          2.808582 0.500000 0.117139
          0.0 0.249443 0.062693
          0.963932 0.0 0.437108
          1.349489 0.370391 0.0
          2.837447 0.184333 0.414503
          2.160977 0.322246 1.000000
          0.737365 0.0 0.307578
          0.388496 0.0 0.439734
          0.985449 0.303722 0.292969
          3.110551 0.191631 0.231477
          1.035943 0.073577 0.155169
          0.825000 0.240192 0.0
          1.321728 0.500000 0.314582
          3.256170 0.061417 0.500000
          2.263221 0.120095 0.408714
          2.440427 0.500000 0.898320
          1.074152 0.323641 0.911536
          0.691418 0.500000 0.117138
          1.321728 0.0 0.314582
          0.825000 0.500000 0.0
          2.427044 0.324243 0.870306
          2.181154 0.183718 0.698850
          0.173396 0.315500 0.500000
          2.780195 0.255620 0.500000
          2.615136 0.200506 0.500000
          2.961247 0.394941 0.239332
          2.009727 0.170492 0.919020
          0.457263 0.102224 0.397983
          0.212363 0.0 0.307890
          2.262608 0.391838 0.093080
          3.322941 0.0 0.378522
          1.186940 0.0 0.307687
          1.977117 0.340602 0.934722
          2.124990 0.259802 1.000000
          3.500000 0.448074 0.448074
          2.000000 0.500000 0.285714
          1.699517 0.0 0.886456
          3.230088 0.083504 0.189705
          1.946365 0.410362 0.693001
          2.330865 0.0 0.568886
          1.000000 0.0 0.571429
          1.386733 0.057777 0.0
          1.336138 0.074250 0.266171
          0.417072 0.176115 0.256330
          1.714810 0.152888 0.918624
          2.000000 0.285714 0.500000
          1.487025 0.394866 0.898022
          1.500000 0.130123 0.131809
          1.000000 0.500000 0.571429
          1.099088 0.168920 0.363255
          2.418883 0.085975 0.472314
          2.516876 0.243175 0.178009
          2.754126 0.0 0.436188
          1.149743 0.0 0.242728
          1.264014 0.213548 0.808365
          2.987828 0.0 0.180927
          0.412500 0.435048 0.0
          2.367243 0.246181 0.383072
          2.040259 0.0 0.392857
          2.403859 0.0 0.058530
          1.887294 0.413348 0.790782
          0.249996 0.500000 0.435651
          2.190720 0.0 0.065297
          2.069337 0.0 0.178735
          1.307695 0.077806 0.715085
          2.102626 0.374238 0.180222
          3.037041 0.062242 0.500000
          1.862500 0.064952 1.000000
          2.782912 0.126697 0.500000
          2.300000 0.120096 0.0
          0.242088 0.318595 0.500000
          1.649668 0.306822 0.818376
          1.296885 0.339437 0.071972
          1.230301 0.162632 0.625639
          1.970111 0.382002 0.776442
          1.000000 0.319609 0.806216
          2.986920 0.090913 0.221513
          1.037506 0.0 0.433463
          1.907351 0.311976 0.923718
          1.066651 0.500000 0.116765
          2.037196 0.0 0.819248
          2.000000 0.285714 0.0
          2.687629 0.500000 0.307770
          3.076401 0.184114 0.079663
          1.440507 0.304886 0.805674
          2.275000 0.379904 1.000000
          2.162467 0.194836 1.000000
          0.0 0.214286 0.0
          1.747315 0.191171 0.500000
          1.973690 0.155307 0.764687
          3.336626 0.312331 0.230205
          1.229813 0.077896 0.374750
          2.060652 0.500000 0.102242
          3.175037 0.0 0.373844
          3.091263 0.083109 0.190756
          1.052214 0.0 0.948836
          1.161695 0.182453 0.590463
          1.148881 0.258866 1.000000
          3.404595 0.205892 0.091432
          1.061859 0.500000 0.535714
          2.628651 0.372395 0.500000
          0.489117 0.431569 0.144119
          0.647142 0.320468 0.179250
          2.704306 0.0 0.057129
          2.074201 0.328873 0.111717
          3.390140 0.112831 0.249535
          0.087721 0.313618 0.418854
          0.402198 0.251885 0.177394
          3.185471 0.243526 0.330954
          1.459741 0.500000 0.392857
          0.901614 0.098841 0.403482
          2.973257 0.152154 0.347956
          2.000000 0.245364 0.321051
          3.423078 0.420252 0.321324
          3.003884 0.126782 0.500000
          3.442844 0.105715 0.500000
          2.392677 0.250013 0.604654
          0.430230 0.257707 0.500000
          2.152548 0.346863 0.415588
          0.721515 0.0 0.059498
          1.375603 0.380871 1.000000
          3.062714 0.377922 0.263647
          0.0 0.453751 0.321429
          2.862579 0.062932 0.0
          3.050222 0.276704 0.377091
          3.150034 0.216435 0.087092
          0.399767 0.0 0.243627
          1.071475 0.500000 0.480880
          3.397365 0.394168 0.393997
          1.606930 0.059000 0.500000
          2.059798 0.184922 0.805809
          1.808438 0.420312 0.824694
          2.425125 0.500000 0.372041
          1.106172 0.500000 0.945739
          1.069478 0.500000 0.821594
          2.097248 0.0 0.394193
          2.157057 0.0 0.181458
          0.474767 0.500000 0.243556
          0.285714 0.0 0.500000
          1.008753 0.257391 0.359968
          0.138000 0.071891 0.339873
          2.612595 0.0 0.307931
          0.070662 0.0 0.179843
          1.333972 0.0 0.385422
          3.500000 0.249443 0.062693
          1.377938 0.0 0.521711
          1.303364 0.0 0.131812
          3.500000 0.214286 0.500000
          1.430624 0.261954 0.698590
          0.690546 0.410541 0.154369
          2.195978 0.096465 0.073372
          1.711001 0.317490 0.584817
          0.675000 0.240192 0.0
          2.052665 0.448362 0.0
          1.938084 0.097150 0.731965
          2.750000 0.323930 0.072579
          1.573714 0.415283 0.589477
          1.500000 0.143562 0.254133
          2.500000 0.500000 0.785714
          2.516795 0.399495 0.098137
          1.000000 0.437763 0.824412
          1.822596 0.500000 0.559357
          1.675000 0.259808 1.000000
          1.929432 0.195502 0.909736
          0.681025 0.444464 0.500000
          2.403859 0.500000 0.058530
          0.857143 0.0 0.500000
          2.000000 0.247401 0.191239
          2.942916 0.0 0.373222
          3.500000 0.207030 0.376779
          3.250233 0.500000 0.243872
          0.450000 0.370096 0.0
          2.060652 0.0 0.102242
          3.275000 0.500000 0.0
          1.432456 0.500000 0.879245
          1.819601 0.193777 0.500000
          1.576013 0.351686 0.852527
          1.500000 0.070039 0.251962
          3.158061 0.336936 0.162224
          3.183891 0.062764 0.500000
          1.413429 0.439186 1.000000
          1.870676 0.0 0.942909
          1.500000 0.500000 0.071429
          3.249529 0.110226 0.389614
          1.173446 0.299636 0.569854
          1.687873 0.500000 0.690225
          2.337500 0.305144 0.0
          0.428571 0.0 0.500000
          3.500000 0.0 0.285714
          2.132597 0.170945 0.921310
          1.565184 0.0 0.756948
          2.607143 0.500000 0.438141
          1.676612 0.440219 0.500000
          0.671784 0.419124 0.068908
          1.860616 0.125597 0.790501
          2.207036 0.414330 0.430583
          2.000000 0.355578 0.258783
          2.500000 0.500000 0.571429
          1.500000 0.453753 0.321429
          2.562417 0.251499 0.101150
          1.262500 0.324760 1.000000
          0.192648 0.254173 0.170153
          0.248635 0.062811 0.500000
          1.025375 0.378118 0.285919
          2.779663 0.377592 0.500000
          1.671754 0.202184 0.801908
          2.693818 0.185479 0.367253
          1.897744 0.500000 0.691069
          2.750713 0.177480 0.422029
          2.500000 0.500000 0.642857
          3.321732 0.0 0.451397
          1.500000 0.106796 0.057557
          0.345694 0.500000 0.057417
          2.268526 0.500000 0.112962
          1.059095 0.0 0.607143
          2.087958 0.068337 0.717155
          3.404408 0.087828 0.096592
          2.500000 0.391627 0.944275
          1.000000 0.178571 0.938141
          0.603884 0.246602 0.395270
          1.342943 0.0 0.181457
          1.767182 0.397266 0.752696
          0.111254 0.0 0.433701
          0.802288 0.133024 0.500000
          0.107143 0.442811 0.500000
          0.383919 0.163689 0.163245
          2.199395 0.380888 1.000000
          2.070574 0.101254 0.478880
          1.637500 0.064952 1.000000
          1.539326 0.246948 0.609276
          0.409465 0.0 0.373070
          3.500000 0.282017 0.378237
          2.325651 0.426925 0.732487
          2.387885 0.500000 0.433344
          1.500000 0.500000 0.500000
          2.225000 0.500000 0.0
          1.125000 0.240192 0.0
          3.441104 0.500000 0.393379
          2.354069 0.327923 0.475420
          0.991463 0.500000 0.117961
          1.825000 0.500000 1.000000
          2.500000 0.176612 0.940219
          2.122042 0.500000 0.337491
          3.500000 0.177875 0.062150
          0.812372 0.500000 0.307767
          1.201829 0.500000 0.875505
          1.000000 0.432602 0.745304
          0.728512 0.131998 0.500000
          2.867307 0.286970 0.305946
          0.275043 0.165842 0.434376
          1.500000 0.129420 0.372881
          0.962432 0.0 0.308040
          0.287173 0.0 0.181231
          3.387005 0.309163 0.0
          2.560970 0.422828 0.163429
          2.500000 0.284128 0.880766
          1.262500 0.194856 1.000000
          2.000132 0.500000 0.757214
          1.390259 0.500000 0.056199
          1.149807 0.500000 0.372177
          3.351238 0.194794 0.239544
          2.800233 0.0 0.243249
          3.110227 0.439292 0.500000
          2.714286 0.500000 0.500000
          3.163874 0.254826 0.258768
          1.153186 0.093722 0.379715
          1.753300 0.331694 0.931620
          1.000000 0.285601 0.873107
          2.333288 0.063222 0.654018
          0.465285 0.500000 0.117691
          3.376452 0.132306 0.500000
          2.612825 0.0 0.180454
          1.735986 0.336096 0.835590
          0.934514 0.241189 0.165464
          2.780452 0.338999 0.339692
          2.208163 0.188008 0.552692
          1.155343 0.341322 0.429174
          2.629141 0.131438 0.500000
          3.500000 0.051926 0.448074
          2.000000 0.0 0.214286
          2.000000 0.392987 0.058209
          2.425000 0.0 1.000000
          1.425146 0.500000 0.757095
          2.225525 0.333287 0.668068
          1.124046 0.184001 0.751661
          1.796010 0.0 0.940995
          1.651445 0.500000 0.754945
          1.236520 0.432911 0.336639
          3.111504 0.500000 0.439734
          0.571429 0.0 0.500000
          1.712500 0.324760 1.000000
          2.774653 0.410527 0.090707
          2.950722 0.409777 0.090607
          0.787500 0.305144 0.0
          1.704793 0.086171 0.837293
          0.512266 0.429862 0.230980
          2.706029 0.376815 0.500000
          2.391131 0.0 0.704061
          3.500000 0.116490 0.305079
          0.049022 0.177559 0.0
          0.631754 0.500000 0.372836
          1.004255 0.112240 0.390491
          1.312648 0.500000 0.692828
          1.935395 0.500000 0.632553
          3.016112 0.369386 0.071561
          2.087493 0.194852 1.000000
          1.496761 0.0 0.757902
          1.735949 0.500000 0.880568
          0.797993 0.381821 0.500000
          0.754154 0.352216 0.351922
          1.300030 0.380033 1.000000
          2.000000 0.051926 0.448074
          1.000000 0.285714 1.000000
          3.210372 0.307827 0.225437
          3.001247 0.068658 0.149559
          0.787500 0.435048 0.0
          2.224910 0.250000 0.714086
          0.784900 0.058413 0.0
          2.441406 0.500000 0.674394
          2.679661 0.0 0.437683
          1.500000 0.320456 0.439551
          2.311506 0.088830 0.090518
          0.185324 0.320003 0.244782
          1.479483 0.500000 0.942822
          2.712969 0.059577 0.0
          0.962432 0.500000 0.308040
          2.857143 0.0 0.500000
          0.0 0.500000 0.500000
          3.245921 0.175378 0.182087
          2.425235 0.500000 0.242819
          1.637500 0.108253 0.898138
          0.916647 0.251161 0.244275
          2.312428 0.192953 1.000000
          3.500000 0.321815 0.062673
          0.307565 0.190074 0.203578
          0.337500 0.064952 0.0
          0.120740 0.248069 0.233581
          2.111918 0.324558 0.894838
          2.200000 0.0 1.000000
          2.178906 0.326977 0.125365
          2.883577 0.0 0.118344
          3.500000 0.437252 0.387486
          1.312490 0.305150 0.0
          0.828153 0.290371 0.172266
          2.975469 0.240789 0.0
          0.318783 0.191302 0.500000
          3.183259 0.500000 0.120310
          2.112161 0.311839 0.0
          0.0 0.282017 0.378237
          2.930595 0.127116 0.500000
          1.489732 0.107143 0.602719
          1.162500 0.064952 0.0
          1.359007 0.0 0.880477
          1.807222 0.500000 0.881029
          3.429338 0.500000 0.179843
          2.431747 0.253560 1.000000
          1.301818 0.083536 0.344247
          0.0 0.285714 0.500000
          2.129864 0.500000 0.118493
          2.187510 0.305150 0.0
          0.0 0.357143 0.0
          3.257590 0.124658 0.259652
          1.085136 0.304909 0.814684
          1.187761 0.500000 0.181309
          1.179946 0.191830 0.305944
          3.500000 0.392678 0.440696
          1.187026 0.500000 0.437312
          3.162869 0.099128 0.240500
          0.064439 0.109872 0.0
          0.496331 0.500000 0.059667
          3.500000 0.062696 0.174582
          0.785714 0.0 0.500000
          0.193295 0.090074 0.092537
          0.721515 0.500000 0.059498
          3.100233 0.0 0.243627
          0.324767 0.0 0.243872
          2.000000 0.432602 0.254699
          3.071429 0.0 0.500000
          0.115137 0.200622 0.500000
          3.500000 0.0 0.071429
          1.000000 0.392987 0.941791
          0.512363 0.0 0.307709
          0.530883 0.500000 0.437839
          3.157332 0.254318 0.500000
          0.540824 0.500000 0.119443
          1.248955 0.422263 0.660462
          2.379880 0.323295 0.185201
          0.950069 0.155455 0.425831
          0.282895 0.126706 0.500000
          0.800759 0.323957 0.419977
          2.500000 0.428571 0.500000
          2.373836 0.0 0.757516
          0.766794 0.0 0.119395
          1.351669 0.117331 0.0
          2.415193 0.200561 0.531171
          1.000000 0.442811 0.892857
          2.298171 0.500000 0.875505
          2.554304 0.500000 0.057033
          1.188211 0.064541 1.000000
          1.346853 0.174860 0.531287
          2.297649 0.419390 0.812173
          1.726492 0.500000 0.753808
          1.500000 0.248174 0.438550
          1.282054 0.0 0.879561
          2.486200 0.176264 0.0
          0.540824 0.0 0.119443
          2.275000 0.0 1.000000
          0.110818 0.250433 0.110639
          0.068393 0.244751 0.0
          2.121880 0.266141 0.326908
          2.157382 0.422836 0.550187
          2.499811 0.0 0.372233
          2.426425 0.425318 0.521928
          0.506066 0.129458 0.500000
          1.059192 0.500000 0.746459
          2.975000 0.0 0.0
          1.612726 0.500000 0.690712
          2.411634 0.163418 0.823263
          3.500000 0.175748 0.192289
          2.232091 0.265045 0.245601
          0.0 0.0 0.500000
          3.322255 0.500000 0.242639
          3.107099 0.412958 0.189727
          3.142857 0.0 0.500000
          1.825000 0.259808 1.000000
          2.000000 0.214286 0.500000
          2.177987 0.413685 0.150206
          2.969117 0.500000 0.437839
          0.936535 0.059063 0.0
          2.000000 0.177876 0.062148
          3.003485 0.0 0.059600
          2.462826 0.500000 0.177921
          2.150694 0.265967 0.830712
          0.465026 0.439705 0.500000
          0.272433 0.500000 0.060931
          1.900000 0.129904 1.000000
          2.500000 0.437763 0.675588
          2.500000 0.283392 0.756926
          1.186940 0.500000 0.307687
          1.764747 0.500000 0.817972
          1.166484 0.0 0.694580
          0.900000 0.370096 0.0
          2.794616 0.0 0.372349
          1.500000 0.209016 0.255750
          1.562496 0.0 0.939450
          2.262349 0.500000 0.692637
          0.0 0.392987 0.058209
          0.928571 0.0 0.500000
          1.077548 0.076667 0.595425
          1.752780 0.253204 0.896197
          2.086198 0.324008 1.000000
          1.500000 0.214286 0.500000
          1.295512 0.417688 0.278477
          3.389721 0.0 0.366516
          2.074834 0.0 0.757139
          2.511021 0.318976 0.409395
          1.500000 0.0 0.357143
          1.497224 0.343903 0.771041
          2.035779 0.110134 0.754858
          1.224583 0.500000 0.242975
          1.597420 0.309588 0.923456
          1.488385 0.440741 1.000000
          0.712500 0.435048 0.0
          0.348408 0.183551 0.416554
          1.500000 0.392678 0.440696
          2.037403 0.295138 0.923593
          1.000000 0.176231 0.807447
          0.196806 0.163787 0.249053
          2.196635 0.0 0.131814
          2.125000 0.0 1.000000
          1.072683 0.214330 0.929524
          3.436881 0.500000 0.257184
          0.465285 0.0 0.117691
          2.119943 0.500000 0.261739
          1.328874 0.398406 0.676263
          2.447598 0.051361 1.000000
          1.000000 0.355798 0.741383
          2.104211 0.253045 0.105567
          0.0 0.437251 0.387486
          0.511396 0.359487 0.144442
          3.200000 0.0 0.0
          1.450000 0.500000 1.000000
          0.094338 0.099794 0.403144
          3.175037 0.500000 0.373844
          1.370136 0.0 0.118493
          0.676614 0.500000 0.437762
          1.071475 0.0 0.480880
          2.105135 0.347322 0.642350
          2.253998 0.195018 0.488054
          2.500000 0.448074 0.551926
          2.270778 0.339099 0.516314
          0.071429 0.500000 0.500000
          0.196405 0.500000 0.059299
          3.321732 0.500000 0.451397
          2.450000 0.500000 0.0
          3.357143 0.500000 0.500000
          1.962704 0.0 0.691912
          3.287827 0.500000 0.181700
          1.691215 0.500000 0.816377
          0.907099 0.337056 0.161729
          0.678571 0.061859 0.500000
          3.500000 0.142857 0.0
          0.0 0.355578 0.258783
          0.600000 0.370096 0.0
          2.637500 0.305144 0.0
          3.500000 0.320356 0.322169
          2.000000 0.392677 0.440696
          1.840100 0.500000 0.816685
          2.351705 0.382508 1.000000
          2.862500 0.382462 0.112830
          2.862500 0.305144 0.0
          1.787500 0.394725 0.904216
          2.315309 0.087618 0.820111
          2.000000 0.130129 0.131794
          0.075000 0.500000 0.0
          0.148911 0.240959 0.0
          2.996212 0.351000 0.149760
          1.500000 0.500000 0.214286
          1.169135 0.0 0.568886
          1.317580 0.279116 0.784803
          2.368898 0.171223 0.246702
          0.412500 0.305144 0.0
          0.662364 0.0 0.307630
          2.672930 0.192292 0.500000
          1.681659 0.500000 0.563036
          0.417412 0.0 0.055789
          1.453267 0.0 0.556400
          2.019240 0.379571 0.884574
          3.111504 0.0 0.439734
          2.071759 0.294035 0.692611
          1.000000 0.246545 0.680985
          1.249543 0.405529 0.810144
          0.745874 0.500000 0.436187
          2.725232 0.500000 0.243197
          0.454438 0.182585 0.418870
          1.963907 0.0 0.563123
          0.321344 0.0 0.445967
          2.224174 0.246597 0.604169
          2.561141 0.106402 0.500000
          1.966926 0.272965 0.881329
          2.079543 0.299065 0.410254
          2.299199 0.210431 0.746659
          1.378792 0.108930 0.738547
          0.349430 0.415863 0.151053
          2.781054 0.082934 0.127702
          2.049997 0.129902 1.000000
          1.500000 0.285601 0.126893
          0.580230 0.260016 0.500000
          2.653003 0.099876 0.319184
          1.869015 0.132727 0.500000
          3.212636 0.0 0.307931
          3.382089 0.0 0.067117
          2.072980 0.316779 0.284099
          0.600000 0.500000 0.0
          2.900000 0.0 0.0
          2.312975 0.0 0.437316
          2.224842 0.0 0.629310
          1.300201 0.196188 0.084595
          0.375000 0.120097 0.0
          2.987637 0.500000 0.307709
          1.270309 0.078387 0.440084
          2.500000 0.0 0.857143
          2.050000 0.500000 1.000000
          1.280203 0.083323 0.066083
          0.837531 0.202691 0.500000
          2.000000 0.448074 0.051926
          0.695834 0.346599 0.087324
          1.608874 0.418255 0.817742
          1.199056 0.084011 0.823643
          2.892857 0.441526 0.500000
          0.0 0.500000 0.0
          1.620065 0.088452 0.705665
          1.500000 0.0 0.214286
          2.500000 0.214286 1.000000
          1.000000 0.357143 0.500000
          2.107037 0.110933 0.408930
          1.157342 0.336448 0.644908
          0.077156 0.112889 0.175848
          3.017698 0.0 0.371649
          3.052817 0.117271 0.0
          3.323028 0.077548 0.416826
          1.500000 0.369017 0.132728
          1.424714 0.324876 0.269387
          3.296330 0.184964 0.087611
          2.482582 0.500000 0.055381
          2.225000 0.120114 0.0
          2.067040 0.384520 0.0
          2.192188 0.414955 0.794156
          3.003569 0.182382 0.274730
          1.416192 0.082685 0.123492
          1.433596 0.083784 0.670408
          3.250004 0.500000 0.435651
          1.252515 0.0 0.940192
          0.750000 0.061859 0.500000
          2.162512 0.073080 0.142522
          3.336780 0.193048 0.500000
          2.931203 0.380472 0.500000
          2.489358 0.288733 0.303163
          1.705048 0.500000 0.939924
          3.137057 0.329639 0.240647
          2.257186 0.384047 0.742066
          2.956886 0.093366 0.092117
          2.357120 0.354127 0.814468
          2.176366 0.500000 0.573208
          1.662190 0.170516 0.703336
          0.558325 0.328542 0.081204
          2.003169 0.240018 0.818123
          3.500000 0.175267 0.316330
          2.687826 0.500000 0.180918
          2.992657 0.089593 0.414832
          1.490095 0.068187 0.852698
          2.146515 0.146053 0.309797
          2.000000 0.448074 0.448074
          1.058594 0.0 0.674394
          2.323006 0.0 0.943058
          2.916211 0.346398 0.161567
          1.600000 0.500000 1.000000
          3.072109 0.318588 0.192645
          3.500000 0.369017 0.132728
          2.721634 0.423835 0.319493
          2.000000 0.283399 0.256930
          0.487500 0.305144 0.0
          2.500000 0.285714 1.000000
          1.226880 0.068866 0.155207
          2.375000 0.0 0.0
          2.214406 0.194153 0.290039
          1.067040 0.115480 1.000000
          0.751899 0.171915 0.418902
          2.778658 0.245924 0.393117
          1.132498 0.0 0.504742
          0.926129 0.500000 0.372383
          1.500529 0.500000 0.756257
          1.224583 0.0 0.242975
          1.583707 0.500000 0.878808
          0.570694 0.0 0.057273
          0.847882 0.066132 0.204322
          0.443405 0.404601 0.197743
          3.082339 0.255144 0.500000
          0.642385 0.500000 0.055624
          1.714452 0.0 0.947207
          0.189979 0.209374 0.085964
          3.017698 0.500000 0.371649
          2.639626 0.164599 0.425478
          1.112281 0.500000 0.307572
          3.500000 0.116434 0.200955
          2.000000 0.369017 0.132729
          1.221626 0.0 0.371276
          1.000000 0.321815 0.937327
          2.714286 0.0 0.500000
          3.033019 0.174626 0.195564
          1.102145 0.312306 0.218222
          0.705384 0.500000 0.372349
          3.243975 0.200647 0.302777
          1.150323 0.358285 0.503928
          3.013800 0.176264 0.0
          2.226095 0.268537 0.451637
          2.192034 0.311888 0.347387
          2.808582 0.0 0.117139
          0.991276 0.338519 0.201513
          1.162500 0.435048 0.0
          1.675000 0.379904 1.000000
          1.595001 0.187009 0.830728
          1.920468 0.100629 0.902985
          0.341486 0.318061 0.257862
          2.316760 0.409093 0.158845
          1.433630 0.177040 0.665161
          2.868246 0.0 0.372836
          2.722701 0.400200 0.400334
          0.412500 0.064952 0.0
          2.299853 0.0 0.757223
          2.818768 0.191289 0.500000
          1.466278 0.0 0.821700
          3.087500 0.435048 0.0
          0.0 0.143570 0.254117
          1.778993 0.0 0.627459
          2.265859 0.093992 0.666215
          2.168438 0.092916 0.904519
          3.500000 0.248174 0.438550
          2.837831 0.0 0.178468
          1.290586 0.254852 0.597246
          3.212636 0.500000 0.307931
          2.918117 0.336158 0.073696
          3.500000 0.285714 0.0
          2.500000 0.057588 0.606616
          1.525000 0.129904 1.000000
          0.262500 0.064952 0.0
          2.900000 0.500000 0.0
          1.074876 0.500000 0.372027
          2.487054 0.058255 0.0
          0.388496 0.500000 0.439734
          3.232329 0.253680 0.500000
          2.447786 0.0 0.948836
          1.375000 0.0 1.000000
          1.000000 0.142857 0.500000
          2.675000 0.0 0.0
          1.326327 0.421161 0.551164
          0.902488 0.252493 0.328528
          1.000000 0.051926 0.948074
          1.937763 0.175590 0.500000
          0.772717 0.362264 0.136873
          3.107843 0.319756 0.418162
          3.200000 0.370096 0.0
          3.305750 0.253888 0.500000
          1.017418 0.500000 0.055380
          2.929037 0.164522 0.076254
          0.052316 0.314391 0.0
          1.123140 0.0 0.636027
          2.500000 0.142857 0.500000
          1.325519 0.367002 0.224506
          2.149853 0.500000 0.631101
          2.113500 0.500000 0.582983
          0.732423 0.179799 0.083745
          3.274998 0.370097 0.0
          2.101158 0.276166 0.218185
          1.237500 0.435048 0.0
          0.287364 0.0 0.307931
          0.840144 0.324638 0.500000
          2.832563 0.089211 0.317947
          3.382089 0.500000 0.067117
          0.926129 0.0 0.372383
          0.242906 0.500000 0.121465
          1.123247 0.500000 0.884221
          2.500000 0.500000 0.857143
          1.737260 0.101285 0.751065
          1.184363 0.122631 0.748531
          0.968071 0.089641 0.311380
          1.149737 0.333949 0.721254
          3.062637 0.0 0.307678
          2.000000 0.500000 0.357143
          3.415670 0.395109 0.182229
          1.424158 0.158612 0.404674
          3.436881 0.0 0.257184
          2.441197 0.427161 0.077573
          2.062315 0.500000 0.881586
          1.108869 0.500000 0.704061
          2.500000 0.0 0.785714
          3.139185 0.0 0.182250
          0.675000 0.0 0.0
          3.448074 0.448074 0.500000
          1.332027 0.233339 0.328325
          2.004716 0.078199 0.681945
          1.300332 0.402111 0.366541
          0.362360 0.343191 0.419348
          2.225000 0.0 0.0
          1.352678 0.351577 0.298037
          2.862191 0.391699 0.391070
          0.887176 0.500000 0.180452
          2.875233 0.0 0.243342
          0.768665 0.198060 0.500000
          2.112383 0.431557 0.742629
          3.424686 0.319104 0.500000
          0.937500 0.305144 0.0
          1.035415 0.331167 0.420268
          2.403790 0.251790 0.900472
          0.0 0.500000 0.214286
          1.275000 0.500000 0.0
          0.070662 0.500000 0.179843
          2.762827 0.500000 0.181067
          0.560460 0.422440 0.166903
          2.500000 0.392987 0.558209
          0.060874 0.0 0.326638
          1.917754 0.0 0.879444
          0.989041 0.190272 0.204518
          2.857649 0.220132 0.273249
          1.000000 0.071429 0.500000
          3.237500 0.175240 0.0
          1.075000 0.0 1.000000
          0.0 0.071429 0.500000
          1.976013 0.160999 0.840073
          1.704807 0.0 0.626904
          0.067933 0.175879 0.245220
          1.329021 0.355081 0.145589
          0.0 0.285601 0.126893
          2.210524 0.395793 0.340198
          2.447786 0.500000 0.948836
          1.539116 0.500000 0.818779
          1.176994 0.0 0.943058
          2.808462 0.335419 0.251021
          0.632063 0.301654 0.078275
          1.052665 0.051638 1.000000
          1.507109 0.115316 0.734153
          0.717314 0.244733 0.386605
          1.863132 0.500000 0.626893
          1.165090 0.081867 0.619693
          1.000000 0.106923 0.940989
          1.275000 0.240192 0.0
          2.590710 0.332158 0.075266
          2.262359 0.500000 0.819795
          2.933764 0.077905 0.335184
          1.849772 0.0 0.756812
          2.000000 0.319615 0.193788
          1.821815 0.062673 0.500000
          0.618684 0.195631 0.500000
          0.0 0.500000 0.142857
          2.000000 0.320454 0.439551
          2.987637 0.0 0.307709
          2.684293 0.078329 0.398322
          3.050000 0.0 0.0
          2.113267 0.057777 0.0
          1.237641 0.500000 0.819787
          2.086607 0.440755 1.000000
          2.808216 0.363037 0.175398
          2.081716 0.412961 0.251876
          0.663487 0.312490 0.414332
          0.795694 0.500000 0.057129
          1.000000 0.285714 0.500000
          3.183259 0.0 0.120310
          1.300000 0.259808 1.000000
          1.407396 0.271349 0.487104
          1.675000 0.500000 1.000000
          2.500000 0.0 1.000000
          1.000000 0.0 1.000000
          2.350219 0.0 0.242795
          0.0 0.0 0.0
          0.799397 0.124150 0.217220
          1.524009 0.322906 0.582841
          0.972897 0.090734 0.195952
          2.262348 0.0 0.692636
          2.722558 0.258719 0.327572
          1.791541 0.323404 0.575471
          1.500000 0.051926 0.051926
          1.307695 0.280010 0.871726
          1.619209 0.066983 0.836215
          1.310571 0.428515 0.159419
          0.595568 0.109857 0.248436
          1.445156 0.406232 0.812717
          2.251893 0.250000 0.342851
          3.414136 0.182543 0.299552
          0.681367 0.343974 0.325115
          1.561209 0.323932 0.733021
          1.059192 0.0 0.746460
          1.500000 0.116434 0.200955
          2.841655 0.091890 0.195218
          2.883577 0.500000 0.118344
          1.000000 0.369016 0.867273
          1.531722 0.422803 0.837985
          2.093443 0.0 0.943430
          2.337500 0.176164 0.0
          0.924778 0.500000 0.243055
          1.312667 0.500000 0.819402
          2.945325 0.159469 0.162493
          3.344610 0.154836 0.345439
          1.080829 0.265547 0.384139
          3.227567 0.500000 0.060931
          2.328880 0.0 0.057188
          0.605954 0.500000 0.439695
          0.562500 0.435048 0.0
          2.562482 0.176195 0.0
          2.534732 0.175683 0.418253
          1.533999 0.0 0.561365
          0.052665 0.0 0.051638
          1.600000 0.0 1.000000
          2.079124 0.350674 0.755535
          0.754620 0.440887 0.500000
          1.311915 0.435386 0.0
          0.655222 0.261104 0.500000
          0.417412 0.500000 0.055789
          2.147601 0.321429 0.579057
          2.487500 0.435048 0.0
          1.714286 0.0 0.500000
          0.595640 0.105807 0.390307
          2.313055 0.0 0.307715
          1.498323 0.500000 0.626113
          2.000000 0.071429 0.0
          2.600000 0.370096 0.0
          2.447402 0.272938 0.226363
          2.281452 0.369737 0.445388
          2.500000 0.285714 0.500000
          3.500000 0.500000 0.357143
          3.069503 0.123381 0.266672
          1.059095 0.500000 0.607143
          3.249651 0.0 0.360767
          3.077375 0.115043 0.384210
          2.000000 0.064161 0.330089
          1.581394 0.417081 0.914664
          0.249996 0.0 0.435651
          2.500000 0.143675 0.754119
          1.000000 0.0 0.857143
          1.351089 0.240959 0.0
          1.412500 0.194856 1.000000
          1.675000 0.129904 1.000000
          1.124970 0.119966 0.0
          0.857143 0.500000 0.500000
          1.500000 0.051926 0.448074
          2.612825 0.500000 0.180454
          0.621890 0.321750 0.258370
          1.000000 0.428571 0.500000
          3.137635 0.500000 0.308628
          3.500000 0.437763 0.175588
          3.000000 0.500000 0.500000
          2.725236 0.322781 0.243047
          0.362292 0.397300 0.251279
          2.447398 0.133248 0.236293
          2.374541 0.098762 0.296002
          0.689143 0.280471 0.280489
          0.249767 0.500000 0.243872
          2.105898 0.380031 0.325375
          2.425328 0.085290 0.806953
          2.500000 0.357143 0.500000
          0.232767 0.180688 0.181193
          0.656491 0.178093 0.420308
          2.381401 0.239543 0.723402
          3.045514 0.318555 0.500000
          2.069499 0.223248 0.890681
          0.813267 0.302071 0.085219
          2.619129 0.259157 0.320171
          0.525000 0.240192 0.0
          2.016633 0.500000 0.942531
          0.928571 0.500000 0.500000
          2.500000 0.063606 0.673897
          3.077564 0.126213 0.500000
          2.000000 0.393683 0.321626
          2.462494 0.0 0.433463
          0.637500 0.305144 0.0
          3.303595 0.0 0.059299
          3.384506 0.436777 0.0
          3.320890 0.419372 0.112419
          1.380352 0.419760 0.742898
          0.225085 0.370145 0.0
          1.000000 0.0 0.785714
          0.474767 0.0 0.243556
          1.262619 0.064883 1.000000
          1.402752 0.500000 0.394192
          0.893566 0.206715 0.500000
          2.604736 0.175899 0.081943
          1.422255 0.427077 0.924456
          1.279882 0.301669 0.230086
          1.108817 0.239637 0.606923
          0.0 0.0 0.357143
          1.211598 0.301013 0.752578
          1.000000 0.500000 0.500000
          0.637500 0.435048 0.0
          1.102087 0.406724 0.680862
          0.785947 0.178050 0.0
          2.539173 0.0 0.181553
          0.429371 0.087075 0.317557
          1.456675 0.385110 0.720087
          0.262500 0.175240 0.0
          2.000000 0.071429 0.500000
          1.629476 0.372871 0.500000
          0.462312 0.165965 0.321278
          3.428571 0.0 0.500000
          0.910093 0.163539 0.163469
          2.075000 0.500000 0.0
          1.228868 0.218739 0.903642
          1.562500 0.064952 1.000000
          3.328132 0.440072 0.500000
          2.886887 0.415055 0.192986
          2.037645 0.0 0.692028
          2.787500 0.435048 0.0
          2.000000 0.500000 0.142857
          2.412031 0.059577 0.0
          0.068345 0.333107 0.125626
          0.421391 0.396880 0.099787
          2.462494 0.500000 0.433463
          2.508736 0.101894 0.100933
          2.333515 0.0 0.694579
          2.310997 0.297041 0.894795
          2.274554 0.129519 1.000000
          3.216551 0.309647 0.411359
          2.600000 0.240192 0.0
          0.0 0.116492 0.305074
          1.500000 0.442811 0.107143
          1.641586 0.0 0.940046
          1.857143 0.500000 0.500000
          1.175515 0.080857 0.481695
          0.433751 0.312960 0.429748
          0.337500 0.175240 0.0
          3.500000 0.500000 0.428571
          0.712500 0.305144 0.0
          2.170856 0.173004 0.477439
          1.000000 0.175463 0.684011
          1.637500 0.323836 1.000000
          1.049396 0.119111 0.0
          1.707030 0.376779 0.500000
          1.147957 0.382611 1.000000
          3.360645 0.145964 0.071925
          0.647084 0.179827 0.321903
          0.250096 0.0 0.360144
          2.642857 0.0 0.500000
          0.544175 0.324639 0.285658
          1.553360 0.500000 0.939439
          0.0 0.107143 0.442811
          2.285387 0.349360 0.838130
          3.238929 0.293481 0.309703
          2.427015 0.173261 0.903136
          2.200325 0.500000 0.243429
          1.136268 0.109389 0.109485
          2.804785 0.422674 0.332889
          3.500000 0.382150 0.201819
          3.368133 0.500000 0.300341
          2.367503 0.0 0.504743
          3.257040 0.441356 0.500000
          0.600000 0.120128 0.0
          0.0 0.319615 0.193788
          1.000000 0.059988 0.603412
          0.571429 0.500000 0.500000
          3.500000 0.500000 0.0
          0.063119 0.500000 0.257184
          0.192980 0.248146 0.406486
          2.299201 0.414257 0.520670
          0.059899 0.0 0.106231
          2.307229 0.076681 0.919402
          2.170788 0.0 0.943036
          3.050991 0.119275 0.120551
          3.202866 0.178464 0.414790
          1.867090 0.070513 0.844600
          1.794553 0.183898 0.917375
          1.412500 0.064952 1.000000
          0.345576 0.414317 0.341458
          1.093358 0.086733 0.672913
          1.500000 0.177875 0.062150
          2.190720 0.500000 0.065297
          0.208579 0.127151 0.500000
          0.585814 0.0 0.181610
          0.437169 0.0 0.178797
          2.110959 0.268618 0.485943
          1.682280 0.306995 0.916140
          0.587365 0.500000 0.308346
          2.937500 0.305144 0.0
          1.350166 0.0 0.757156
          1.237499 0.391747 0.099740
          2.200856 0.0 0.504004
          2.615267 0.304548 0.500000
          0.759411 0.218174 0.318075
          3.389721 0.500000 0.366516
          0.535127 0.230582 0.178337
          0.953435 0.189951 0.088109
          1.500000 0.0 0.142857
          1.571429 0.0 0.500000
          1.359112 0.070697 0.658893
          3.312490 0.305150 0.0
          1.989014 0.159366 0.690730
          1.646738 0.374520 0.734387
          3.388182 0.0 0.436377
          0.170563 0.0 0.122333
          3.033583 0.500000 0.117314
          2.012498 0.194855 1.000000
          0.852064 0.500000 0.372146
          3.269166 0.189322 0.500000
          0.345694 0.0 0.057417
          0.131150 0.326731 0.080617
          1.346126 0.407231 0.472916
          1.162500 0.227008 0.111131
          0.316793 0.321051 0.500000
          0.728192 0.094478 0.097180
          2.573871 0.500000 0.372384
          1.150000 0.0 1.000000
          3.285714 0.0 0.500000
          1.398011 0.335774 0.629828
          0.465959 0.246654 0.122412
          3.081303 0.196575 0.419427
          1.320864 0.211395 0.179309
          1.156230 0.155779 0.669291
          1.919924 0.083768 0.584918
          0.505236 0.258869 0.500000
          0.174806 0.236934 0.304904
          1.215992 0.0 0.501128
          1.328058 0.248410 0.504715
          0.750000 0.420059 0.076566
          2.953641 0.408744 0.411794
          2.575221 0.0 0.243057
          1.200147 0.500000 0.757223
          1.202400 0.242020 0.644565
          1.818585 0.0 0.563564
          2.500000 0.249443 0.562693
          1.937500 0.064952 1.000000
          1.999885 0.0 0.756580
          2.721668 0.500000 0.372101
          1.748479 0.0 0.562287
          1.862500 0.324760 1.000000
          2.825000 0.500000 0.0
          1.551374 0.088730 0.807971
          1.350000 0.500000 0.0
          2.606610 0.057703 0.500000
          0.875523 0.413143 0.312492
          0.317194 0.0 0.120154
          0.319066 0.438731 0.500000
          1.187500 0.324760 1.000000
          3.447335 0.500000 0.051638
          1.350000 0.0 0.0
          1.500000 0.500000 0.357143
          1.225143 0.129821 1.000000
          2.562500 0.435048 0.0
          1.664466 0.0 0.690445
          2.500000 0.500000 0.500000
          3.230026 0.398211 0.393244
          0.951358 0.309270 0.407003
          3.500000 0.070039 0.251962
          2.570931 0.422271 0.327724
          0.921801 0.324516 0.500000
          0.762411 0.218133 0.190497
          2.762827 0.0 0.181067
          2.500000 0.357143 1.000000
          2.411151 0.417140 0.347794
          1.570043 0.251959 0.500000
          0.321344 0.500000 0.445967
          2.500000 0.071429 1.000000
          2.430522 0.500000 0.821594
          3.500000 0.500000 0.500000
          1.887987 0.074889 0.659490
          2.312975 0.500000 0.437316
          1.258793 0.0 0.306342
          2.273176 0.355526 0.356766
          3.387961 0.250099 0.176903
          1.087421 0.062932 0.0
          3.346444 0.351844 0.150620
          2.129864 0.0 0.118493
          1.384506 0.436777 0.0
          0.428571 0.500000 0.500000
          2.342603 0.0 0.819247
          3.033583 0.0 0.117314
          0.057189 0.0 0.392857
          1.300000 0.0 1.000000
          1.521181 0.176288 0.571822
          1.112528 0.0 0.180346
          0.373001 0.325525 0.333400
          0.317033 0.192522 0.304375
          2.259028 0.165575 0.347717
          1.170661 0.407015 0.366752
          1.647371 0.500000 0.626446
          2.069619 0.323585 0.537164
          0.212173 0.0 0.181700
          2.199600 0.312486 0.923959
          1.449772 0.0 0.252380
          2.785714 0.0 0.500000
          2.123899 0.382164 1.000000
          1.750000 0.500000 1.000000
          1.833135 0.500000 0.688942
          1.712500 0.194856 1.000000
          0.693673 0.196919 0.500000
          1.536068 0.500000 0.562892
          1.692290 0.226489 0.933824
          2.562500 0.305144 0.0
          1.573553 0.500000 0.626452
          2.097248 0.500000 0.394193
          0.737365 0.500000 0.307578
          1.387542 0.0 0.692121
          3.167764 0.418331 0.085693
          1.988570 0.369145 0.572769
          1.439348 0.0 0.102242
          1.263911 0.273458 0.106012
          2.901517 0.184013 0.325598
          2.500000 0.051926 0.948074
          3.013385 0.059259 0.0
          1.081219 0.267477 0.149643
          2.950233 0.0 0.243552
          2.675000 0.240192 0.0
          0.861591 0.058483 0.0
          1.953751 0.321429 0.500000
          3.000000 0.0 0.500000
          0.337500 0.435048 0.0
          0.096979 0.098379 0.098442
          2.500000 0.247367 0.691229
          2.451049 0.321906 1.000000
          0.847320 0.392575 0.393038
          1.353486 0.146051 0.309802
          0.249767 0.0 0.243872
          2.500000 0.059988 0.896588
          2.074842 0.500000 0.627258
          2.000000 0.500000 0.500000
          2.122059 0.500000 0.521760
          1.286349 0.140653 0.482207
          1.237641 0.0 0.819794
          1.110295 0.376102 0.771853
          2.220418 0.237077 0.888613
          1.350141 0.0 0.631087
          2.355696 0.428409 0.291012
          2.823386 0.0 0.437762
          0.345474 0.095712 0.403264
          1.872014 0.249509 0.751220
          1.435561 0.109872 0.0
          3.500000 0.0 0.500000
          3.500000 0.393685 0.321625
          2.350195 0.500000 0.372194
          1.149539 0.127000 1.000000
          1.387611 0.500000 0.692160
          2.650231 0.0 0.243145
          3.154306 0.0 0.057417
          0.110894 0.113653 0.249716
          0.812372 0.0 0.307767
          2.000000 0.051926 0.051926
          1.500000 0.0 0.428571
          1.050000 0.500000 0.0
          2.061859 0.0 0.321429
          2.265336 0.233872 0.108317
          3.425000 0.500000 0.0
          3.322941 0.500000 0.378522
          1.753939 0.500000 0.561662
          0.725155 0.381526 0.500000
          1.083646 0.221307 0.076989
          2.312500 0.435048 1.000000
          3.329437 0.0 0.122333
          1.500000 0.211525 0.126181
          0.0 0.357740 0.381627
          1.414017 0.322204 1.000000
          0.605954 0.0 0.439695
          2.063028 0.111401 0.890275
          1.500000 0.060643 0.105744
          2.500000 0.246545 0.819015
          1.096140 0.500000 0.058529
          1.331246 0.084366 0.807414
          1.621459 0.250802 0.750037
          1.237500 0.305144 0.0
          0.763569 0.414985 0.414894
          3.450978 0.177559 0.0
          2.778485 0.500000 0.059498
          3.316851 0.083593 0.203794
          0.287267 0.124615 0.262366
          0.760902 0.322915 0.269806
          2.573871 0.0 0.372384
          0.562491 0.176169 0.0
          0.280289 0.255662 0.500000
          1.125504 0.391084 0.238201
          2.138145 0.076519 0.345478
          1.487500 0.064952 1.000000
          3.500000 0.245364 0.321051
          1.112115 0.500000 0.433341
          1.948123 0.448123 0.500000
          0.150000 0.500000 0.0
          0.141482 0.253745 0.500000
          2.000000 0.143570 0.254117
          0.888680 0.327268 0.240189
          0.675000 0.500000 0.0
          0.170563 0.500000 0.122333
          1.237650 0.0 0.692634
          3.404645 0.094404 0.400544
          0.285714 0.500000 0.500000
          2.162485 0.064939 1.000000
          3.300255 0.378718 0.500000
          1.112309 0.440543 1.000000
          0.875420 0.297995 0.427157
          0.0 0.051926 0.051926
          0.055466 0.445421 0.0
          2.425000 0.500000 1.000000
          1.536760 0.258593 0.892131
          1.433625 0.118502 0.893239
          1.411870 0.294126 0.344304
          1.090571 0.312249 0.555016
          0.062923 0.173565 0.500000
          3.137635 0.0 0.308628
          0.175793 0.0 0.375403
          3.349489 0.370391 0.0
          1.557589 0.106614 0.500000
          1.821679 0.321200 0.500000
          1.798009 0.424780 0.680158
          1.823762 0.299040 0.697552
          2.200862 0.500000 0.504005
          1.655705 0.383237 0.617666
          1.189540 0.414176 0.450846
          0.558311 0.308566 0.208370
          2.500000 0.355798 0.758617
          2.422046 0.316019 0.732412
          2.211715 0.169240 0.929199
          3.262619 0.319069 0.168638
          2.929306 0.500000 0.057273
          2.350973 0.258040 1.000000
          1.000000 0.176612 0.559781
          3.160512 0.070003 0.163698
          1.279560 0.317630 0.310005
          2.572469 0.074643 0.328557
          2.676166 0.239834 0.425450
          1.262990 0.0 0.180857
          1.323570 0.081192 0.534448
          0.155419 0.158809 0.345582
          0.0 0.285714 0.0
          2.050000 0.0 1.000000
          0.177745 0.0 0.242639
          0.323513 0.426867 0.077282
          1.055819 0.082500 0.081291
          2.430155 0.181504 0.737863
          2.925064 0.166643 0.428286
          2.187345 0.500000 0.819403
          1.336746 0.111517 0.420151
          1.598022 0.0 0.691350
          1.855794 0.258617 0.500000
          2.500000 0.500000 1.000000
          1.085108 0.201572 0.528238
          0.063119 0.0 0.257184
          2.669781 0.216547 0.126576
          2.402723 0.400915 0.733526
          2.417914 0.187643 0.661922
          2.462630 0.500000 0.307722
          1.000000 0.321684 0.678800
          0.428789 0.380178 0.500000
          0.289829 0.152505 0.079028
          1.187223 0.078304 0.224711
          2.500000 0.051926 0.551926
          2.433347 0.500000 0.116768
          3.500000 0.142857 0.500000
          1.275154 0.0 0.629307
          2.158074 0.241547 0.260944
          1.500000 0.064161 0.330089
          1.963558 0.500000 0.692700
          2.856219 0.256232 0.500000
          3.500000 0.071429 0.500000
          3.142702 0.091854 0.093664
          2.278374 0.500000 0.371279
          1.151351 0.328431 0.925117
          0.463704 0.323258 0.081542
          2.914185 0.0 0.181981
          2.284009 0.0 0.501129
          2.617696 0.434847 0.267570
          2.500000 0.285601 0.626893
          1.516666 0.165040 0.840948
          3.312289 0.348329 0.073034
          1.333973 0.500000 0.385422
          1.826782 0.105501 0.602657
          2.666689 0.376407 0.276754
          2.387717 0.0 0.307621
          0.162706 0.155390 0.155986
          1.948074 0.051926 0.500000
          1.061859 0.0 0.535714
          2.187352 0.0 0.692830
          2.000000 0.249443 0.062693
          0.115288 0.304683 0.500000
          2.428525 0.500000 0.480880
          3.103286 0.072580 0.320134
          1.032240 0.193134 0.418580
          2.350219 0.500000 0.242795
          0.557084 0.500000 0.373222
          2.900000 0.370096 0.0
          1.200160 0.0 0.628019
          0.212173 0.500000 0.181700
          1.242644 0.138422 0.117710
          0.262500 0.435048 0.0
          3.379406 0.175115 0.433294
          0.580725 0.253383 0.112961
          2.406020 0.081666 0.184720
          1.037377 0.500000 0.307670
          1.309280 0.0 0.065297
          0.267909 0.109086 0.149974
          1.892987 0.058209 0.500000
          2.205674 0.342489 0.843758
          1.244477 0.0 0.568226
          0.657882 0.273707 0.349325
          2.562941 0.173481 0.500000
          3.350000 0.0 0.0
          1.377900 0.160263 0.105054
          2.006953 0.316193 0.740475
          1.958742 0.347528 0.846086
          1.677750 0.107827 0.606449
          2.217949 0.500000 0.879561
          2.562500 0.056635 0.0
          2.554304 0.0 0.057033
          0.0 0.0 0.142857
          2.143166 0.500000 0.451393
          1.900000 0.500000 1.000000
          1.425000 0.0 0.0
          0.076187 0.177833 0.093255
          1.900000 0.379904 1.000000
          2.000000 0.0 0.285714
          2.046434 0.0 0.556651
          2.844560 0.305294 0.414381
          3.087500 0.305144 0.0
          0.362173 0.500000 0.181476
          2.994605 0.411556 0.320919
          1.000000 0.500000 0.928571
          0.069599 0.379659 0.0
          1.248107 0.250000 0.342847
          3.404408 0.409345 0.096592
          1.048733 0.322066 1.000000
          1.345759 0.088674 0.909250
          2.500000 0.176231 0.692553
          2.350000 0.500000 1.000000
          1.276815 0.100437 0.210001
          2.199926 0.129840 1.000000
          3.500000 0.432602 0.254696
          2.781638 0.260795 0.263445
          1.390259 0.0 0.056199
          1.106772 0.248863 0.454099
          2.157057 0.500000 0.181458
          1.280617 0.500000 0.362594
          2.082352 0.178571 0.493005
          2.354297 0.401444 0.084614
          1.377987 0.500000 0.521747
          3.382112 0.382380 0.262074
          1.712500 0.435048 1.000000
          1.546372 0.278699 0.800254
          2.475984 0.293503 0.094900
          0.303459 0.145057 0.362734
          2.939017 0.177796 0.0
          2.150000 0.0 0.0
          2.931960 0.256530 0.500000
          3.428896 0.197767 0.221197
          1.428064 0.207341 0.068332
          2.352811 0.123142 1.000000
          1.075000 0.500000 1.000000
          2.000000 0.060646 0.105734
          2.148314 0.117396 0.0
          0.084748 0.193711 0.173547
          0.279069 0.377259 0.500000
          3.386733 0.057777 0.0
          2.307829 0.076452 0.341303
          2.837636 0.0 0.307630
          2.862087 0.389835 0.275635
          1.660251 0.247142 0.627408
          2.583292 0.500000 0.119654
          1.537174 0.079261 0.665300
          3.158299 0.336315 0.340093
          2.797436 0.265986 0.110253
          1.975000 0.129904 1.000000
          1.128578 0.266119 0.750309
          1.105905 0.110314 0.762466
          0.317194 0.500000 0.120154
          2.000000 0.357143 0.0
          0.430648 0.127804 0.500000
          2.164810 0.407451 0.906286
          1.299673 0.0 0.243425
          0.437169 0.500000 0.178797
          3.500000 0.060643 0.105744
          0.525000 0.370096 0.0
          3.429221 0.166985 0.376794
          1.200000 0.240192 0.0
          1.405896 0.403164 0.097679
          2.000000 0.116492 0.305074
          0.214286 0.0 0.500000
          2.500000 0.129890 0.631606
          1.500000 0.207030 0.376779
          1.858391 0.384840 0.500000
          1.500000 0.0 0.285714
          2.778485 0.0 0.059498
          2.829116 0.325644 0.068858
          0.385390 0.101387 0.244504
          2.359674 0.094119 0.404552
          2.007342 0.235058 0.661034
          2.237009 0.500000 0.180860
          3.500000 0.0 0.0
          1.000000 0.284128 0.619234
          2.000000 0.0 0.0
          1.927875 0.500000 0.755911
          2.434830 0.113560 1.000000
          2.227190 0.500000 0.430543
          0.244419 0.108027 0.394136
          1.870282 0.427097 0.869156
          2.376860 0.500000 0.636027
          2.302755 0.247695 0.175361
          2.394363 0.250583 0.457577
          2.857615 0.0 0.055624
          0.0 0.247401 0.191239
          2.590396 0.318327 0.416557
          1.439348 0.500000 0.102242
          2.050228 0.0 0.252381
          3.035714 0.500000 0.438141
          2.312230 0.500000 0.181327
          3.162500 0.176164 0.0
          0.128620 0.372487 0.500000
          2.143160 0.0 0.451392
          2.748651 0.062802 0.500000
          2.937500 0.435048 0.0
          2.262500 0.175240 0.0
          2.112279 0.0 0.818863
          0.355249 0.256626 0.500000
          3.500000 0.0 0.142857
          2.638800 0.176264 0.0
          2.500000 0.0 0.714286
          1.500000 0.500000 0.428571
          1.109897 0.109730 0.897417
          1.000000 0.051926 0.551926
          0.611866 0.154897 0.177004
          2.000000 0.437251 0.387486
          1.087500 0.175240 0.0
          1.812377 0.0 0.692300
          2.262625 0.0 0.047089
          3.500000 0.051926 0.051926
          3.500000 0.0 0.214286
          2.746761 0.438743 0.500000
          1.185317 0.321716 0.348920
          0.942016 0.177519 0.500000
          0.242906 0.0 0.121465
          1.135491 0.332852 0.089884
          1.388278 0.0 0.819236
          1.714286 0.500000 0.500000
          1.971537 0.424520 0.842004
          0.407176 0.247221 0.396718
          0.646915 0.410827 0.304420
          2.350195 0.0 0.372194
          0.129120 0.131511 0.500000
          2.409321 0.274409 0.807834
          2.255520 0.181718 0.667137
          2.037842 0.500000 0.692207
          0.0 0.382151 0.201825
          1.660232 0.500000 0.879400
          1.864684 0.374866 0.712970
          2.820871 0.062693 0.500000
          2.342370 0.313673 0.592324
          3.237500 0.435048 0.0
          0.399767 0.500000 0.243627
          2.375000 0.120128 0.0
          0.180640 0.418905 0.307489
          2.404535 0.170921 0.358899
          1.823093 0.390832 0.608135
          1.737367 0.0 0.692269
          1.500000 0.285714 0.500000
          0.247253 0.249443 0.252664
          2.388814 0.186835 1.000000
          2.339136 0.426662 0.600550
          0.541790 0.323477 0.500000
          0.963932 0.500000 0.437108
          2.109741 0.0 0.056199
          2.500000 0.175463 0.815989
          2.000000 0.175759 0.192251
          1.825000 0.129904 1.000000
          1.746541 0.319007 0.500000
          2.148881 0.241134 0.0
          0.0 0.175759 0.192251
          1.052214 0.500000 0.948836
          1.000000 0.143675 0.745881
          1.675461 0.315983 0.500000
          2.500000 0.392805 0.822064
          2.928571 0.500000 0.500000
          3.125000 0.500000 0.0
          2.687826 0.0 0.180918
          2.237500 0.064952 1.000000
          2.247486 0.0 0.940194
          2.215134 0.088846 0.335537
          1.562969 0.440423 1.000000
          0.0 0.0 0.428571
          2.440808 0.0 0.746459
          1.500000 0.382150 0.201819
          0.887405 0.0 0.307930
          1.367970 0.247447 0.654377
          1.030478 0.127206 0.258723
          1.762895 0.500000 0.688994
          0.437363 0.0 0.307678
          0.0 0.0 0.285714
          2.050612 0.319171 0.0
          1.841688 0.0 0.880806
          2.500000 0.358396 0.884839
          0.391785 0.322169 0.500000
          2.750000 0.0 0.0
          0.0 0.320356 0.322169
          3.168235 0.169491 0.336127
          3.303595 0.500000 0.059299
          1.000000 0.0 0.714286
          1.566129 0.0 0.624257
          3.050000 0.500000 0.0
          2.050228 0.500000 0.252381
          2.350000 0.0 1.000000
          2.447335 0.448362 1.000000
          0.144015 0.065263 0.145024
          1.689652 0.409280 0.806988
          2.077434 0.181255 0.072792
          3.448074 0.051926 0.500000
          1.431607 0.244751 0.0
          1.312635 0.0 0.692820
          1.500000 0.500000 0.142857
          1.425158 0.500000 0.627258
          0.714286 0.0 0.500000
          1.500000 0.175748 0.192289
          1.000000 0.129890 0.868394
          2.101660 0.112969 0.551568
          1.377958 0.500000 0.337491
          2.395754 0.436701 0.138304
          1.056468 0.362405 0.139465
          2.944271 0.339687 0.339534
          1.197741 0.338071 0.833509
          2.298077 0.314766 0.077910
          2.462630 0.0 0.307722
          2.000000 0.059988 0.396588
          0.207254 0.322669 0.428864
          1.895660 0.500000 0.563913
          1.108869 0.0 0.704061
          1.090440 0.102696 0.452725
          1.441854 0.165563 0.781999
          1.710705 0.187868 0.582730
          1.852340 0.0 0.627429
          2.969066 0.191703 0.500000
          2.390855 0.500000 0.570503
          2.061859 0.500000 0.321429
          1.123140 0.500000 0.636027
          1.631487 0.0 0.754612
          2.119943 0.0 0.261739
          3.275000 0.120114 0.0
          2.430522 0.0 0.821594
          2.875233 0.500000 0.243342
          2.067835 0.0 0.879395
          1.175369 0.426340 0.678595
          0.869827 0.385386 0.500000
          1.500000 0.245364 0.321051
          2.607143 0.0 0.438141
          1.500000 0.448074 0.051926
          1.000000 0.0 0.500000
          1.525000 0.0 1.000000
          3.357143 0.0 0.500000
          2.000000 0.107143 0.442811
          2.161571 0.439186 1.000000
          2.146993 0.426955 0.370448
          1.200160 0.500000 0.628019
          1.500000 0.071429 0.0
          2.500000 0.500000 0.928571
          1.979838 0.500000 0.881515
          1.500000 0.059988 0.396588
          1.936098 0.388773 0.500000
          2.102750 0.090378 0.645137
          0.187999 0.435336 0.0
          2.327321 0.407428 0.370753
          0.562500 0.305144 0.0
          2.642857 0.500000 0.500000
          0.750000 0.240192 0.0
          1.150943 0.169733 0.474543
          1.580494 0.148200 0.647538
          1.714410 0.261531 0.828902
          2.500000 0.129476 0.872873
          3.159343 0.403768 0.266198
          1.387785 0.500000 0.818795
          1.616563 0.305000 0.500000
          1.072873 0.073136 0.520052
          3.154306 0.500000 0.057417
          0.0 0.064161 0.330089
          0.730214 0.262237 0.500000
          3.311905 0.340509 0.351205
          0.975000 0.0 0.0
          3.313906 0.409526 0.418387
          1.171701 0.172234 0.829106
          1.500000 0.282017 0.378237
          1.495860 0.0 0.624693
          2.462826 0.0 0.177921
          0.375000 0.0 0.0
          3.500000 0.283398 0.256934
          2.000000 0.175267 0.316326
          3.108576 0.500000 0.118565
          3.214286 0.500000 0.500000
          3.500000 0.285714 0.500000
          1.305388 0.131023 0.653957
          1.450978 0.177559 0.0
          3.425000 0.0 0.0
          2.787500 0.064952 0.0
          0.051926 0.448074 0.500000
          0.100244 0.230501 0.399900
          0.915971 0.336867 0.328364
          1.000000 0.247367 0.808771
          0.504209 0.250333 0.331055
          3.500000 0.176415 0.439940
          1.822160 0.166892 0.842519
          1.230055 0.348024 0.412610
          2.911962 0.330490 0.255798
          0.624767 0.500000 0.243341
          0.862500 0.305144 0.0
          3.249651 0.500000 0.360767
          2.977817 0.268238 0.191554
          0.482265 0.375506 0.282254
          0.608376 0.391888 0.106525
          2.402647 0.396588 0.899822
          1.109145 0.500000 0.570502
          2.500000 0.319609 0.693784
          3.500000 0.143562 0.254133
          1.500000 0.176415 0.439940
          1.329216 0.500000 0.943026
          2.300000 0.0 0.0
          2.825000 0.0 0.0
          0.272467 0.382210 0.117718
          2.412500 0.305144 0.0
          1.711232 0.125845 0.500000
          1.000000 0.142857 1.000000
          2.878411 0.110312 0.391055
          0.578802 0.324067 0.422524
          1.881039 0.352475 0.856373
          2.492000 0.349127 0.195683
          0.784735 0.141751 0.344380
          3.382367 0.500000 0.233928
          0.220659 0.430935 0.147180
          1.417472 0.201725 0.337350
          2.673342 0.315278 0.500000
          3.500000 0.500000 0.285714
          0.425542 0.311824 0.241016
          2.000000 0.070043 0.251959
          2.525611 0.116045 0.0
          0.150000 0.0 0.0
          2.000000 0.142857 0.0
          2.569224 0.251753 0.500000
          2.012024 0.440427 1.000000
          1.843211 0.202010 0.673699
          3.125000 0.120128 0.0
          1.191573 0.278462 0.454415
          0.225000 0.240192 0.0
          1.299138 0.0 0.503998
          3.440225 0.394342 0.500000
          2.056496 0.390612 0.595023
          1.200000 0.370096 0.0
          2.353346 0.0 0.121843
          0.0 0.051926 0.448074
          2.150000 0.500000 0.0
          1.817991 0.107906 0.891440
          1.530500 0.0 0.690156
          2.287934 0.415264 0.661359
          0.0 0.248174 0.438550
          1.200000 0.500000 0.0
          1.099236 0.397853 0.584957
          2.375000 0.370096 0.0
          1.000000 0.500000 0.785714
          2.174750 0.403493 0.628729
          2.312230 0.0 0.181327
          3.260226 0.234618 0.382785
          2.440808 0.500000 0.746460
          2.647936 0.0 0.372147
          0.960825 0.500000 0.181551
          2.862500 0.175240 0.0
          1.287767 0.171086 0.369515
          2.143169 0.252620 0.919986
          1.275158 0.500000 0.629309
          0.449580 0.312238 0.317308
          2.219383 0.0 0.362594
          0.774769 0.0 0.243194
          2.330865 0.500000 0.568886
          3.500000 0.448074 0.051926
          2.456430 0.380896 0.282333
          1.506178 0.256945 0.717494
          2.627705 0.0 0.060297
          3.285714 0.500000 0.500000
          1.955378 0.230531 0.596863
          1.261433 0.325230 0.160832
          2.051280 0.266390 0.598372
          0.375000 0.500000 0.0
          1.479238 0.232489 0.812098
          0.892857 0.500000 0.438141
          2.708642 0.127088 0.500000
          1.500000 0.071429 0.500000
          1.087500 0.435048 0.0
          1.450000 0.259808 1.000000
          2.554678 0.396341 0.246450
          0.419060 0.183134 0.086240
          1.225598 0.211670 0.067928
          0.088694 0.323962 0.199877
          2.637500 0.435048 0.0
          0.239833 0.169065 0.318570
          1.527817 0.382729 1.000000
          3.350000 0.500000 0.0
          2.237500 0.324760 1.000000
          1.552910 0.190507 0.760446
          2.252434 0.107361 0.522189
          0.496839 0.250000 0.249260
          3.045046 0.390397 0.392006
          0.052665 0.500000 0.051638
          3.410638 0.315396 0.091992
          1.059573 0.0 0.898320
          1.500000 0.175267 0.316330
          2.800233 0.500000 0.243249
          2.277732 0.404818 0.905519
          0.604509 0.337681 0.336858
          3.270219 0.316650 0.500000
          0.0 0.393683 0.321626
          1.329216 0.0 0.943026
          1.414571 0.211370 0.177554
          3.090535 0.500000 0.373070
          2.000000 0.106796 0.057556
          1.992150 0.0 0.880026
          0.0 0.0 0.214286
          0.225000 0.500000 0.0
          2.438141 0.0 0.535714
          0.842788 0.0 0.120624
          0.519079 0.185741 0.366777
          0.795694 0.0 0.057129
          2.046712 0.500000 0.556691
          3.310881 0.223108 0.162909
          0.0 0.369017 0.132729
          2.176365 0.0 0.573207
          1.928571 0.0 0.500000
          2.837636 0.500000 0.307630
          2.405540 0.105328 0.104268
          2.199973 0.259796 1.000000
          1.157396 0.0 0.819249
          3.500000 0.285601 0.126893
          2.387938 0.322987 1.000000
          1.269768 0.195405 0.546098
          1.920512 0.312026 0.713873
          2.275410 0.0 0.242992
          1.787500 0.064952 1.000000
          0.624767 0.0 0.243341
          0.895293 0.059752 0.500000
          0.0 0.142857 0.0
          1.539298 0.094857 0.907884
          1.112281 0.0 0.307572
          2.484194 0.392857 0.396207
          0.423035 0.420115 0.316377
          2.333515 0.500000 0.694580
          0.916707 0.500000 0.119653
          0.939932 0.397813 0.500000
          1.225000 0.259808 1.000000
          0.916884 0.334564 0.076737
          0.117911 0.0 0.067117
          2.673658 0.250068 0.250951
          1.000000 0.207030 0.623221
          2.912635 0.0 0.308346
          2.049055 0.180545 0.575402
          2.300043 0.370121 0.0
          0.637283 0.177005 0.0
          1.050000 0.240192 0.0
          0.450000 0.0 0.0
          0.075000 0.0 0.0
          2.486782 0.107143 0.396204
          3.320174 0.080255 0.083804
          2.307281 0.082030 0.466595
          2.712500 0.435048 0.0
          3.356462 0.436311 0.349085
          1.447686 0.314390 0.0
          1.862993 0.186710 0.586936
          0.287173 0.500000 0.181231
          1.243877 0.118784 0.552616
          0.178837 0.500000 0.448951
          2.856820 0.126705 0.500000
          1.750000 0.0 1.000000
          2.376860 0.0 0.636027
          1.050000 0.0 0.0
          1.402752 0.0 0.394192
          0.550771 0.171874 0.287934
          0.0 0.432602 0.254699
          2.165040 0.074847 0.270064
          2.413940 0.157321 0.170879
          0.887405 0.500000 0.307930
          1.423440 0.242120 0.575627
          0.774163 0.423469 0.198311
          3.447686 0.314390 0.0
          1.299673 0.500000 0.243425
          1.932602 0.254699 0.500000
          2.374452 0.375824 0.549388
          1.785351 0.500000 0.944243
          1.749355 0.440229 0.500000
          1.071598 0.133644 0.831118
          3.237500 0.305144 0.0
          1.058594 0.500000 0.674394
          2.500000 0.436099 0.888772
          2.500000 0.209010 0.755742
          0.0 0.177876 0.062148
          0.356820 0.126705 0.500000
          3.500000 0.130123 0.131809
          1.500000 0.448074 0.448074
          2.969117 0.0 0.437839
          0.965913 0.399393 0.100663
          1.710352 0.412872 0.683107
          2.425235 0.0 0.242819
          2.052665 0.051638 0.0
          3.008686 0.376597 0.500000
          1.122671 0.076028 0.829358
          0.269442 0.076585 0.078412
          3.162500 0.435048 0.0
          1.317317 0.198594 0.911307
          0.537638 0.083699 0.084970
          1.151347 0.245925 0.194005
          0.668719 0.401235 0.395511
          2.900000 0.240192 0.0
          3.245972 0.386985 0.109176
          3.275000 0.240192 0.0
          1.897393 0.346801 0.650408
          1.637500 0.435048 1.000000
          0.675000 0.370096 0.0
          0.718544 0.195166 0.247546
          2.423016 0.077666 0.361330
          2.049997 0.259806 1.000000
          2.000000 0.0 0.500000
          0.979377 0.394814 0.397247
          2.771407 0.105029 0.255481
          2.249677 0.070804 0.215963
          0.945696 0.500000 0.057033
          1.462362 0.500000 0.691975
          1.520030 0.0 0.881546
          2.785714 0.500000 0.500000
          0.0 0.500000 0.071429
          2.000000 0.0 0.357143
          0.642857 0.0 0.500000
          0.111254 0.500000 0.433701
          2.069337 0.500000 0.178735
          2.500000 0.106923 0.559011
          2.787500 0.176164 0.0
          1.450000 0.0 1.000000
          3.190979 0.176845 0.243900
          1.033621 0.148807 0.331145
          2.000000 0.142857 0.500000
          1.000000 0.214286 1.000000
          2.500000 0.071429 0.500000
          1.353665 0.163867 0.835408
          2.742023 0.317963 0.500000
          2.556977 0.247320 0.258167
          3.151846 0.125600 0.500000
          3.387167 0.0 0.129298
          2.575221 0.500000 0.243057
          3.391605 0.323930 0.428844
          1.065468 0.393430 0.516811
          3.500000 0.453753 0.321429
          0.0 0.130129 0.131794
          2.118745 0.111053 0.199638
          0.702125 0.103202 0.400390
          0.113267 0.057777 0.0
          3.287637 0.500000 0.307890
          0.999766 0.0 0.242925
          2.600000 0.0 0.0
          2.412500 0.435048 0.0
          1.500000 0.142857 0.0
          1.785714 0.0 0.500000
          3.500000 0.357143 0.0
          3.082615 0.0 0.055763
          0.370707 0.329274 0.165769
          2.255522 0.500000 0.568229
          2.861620 0.201532 0.089511
          0.858657 0.393965 0.092868
          2.566031 0.159111 0.334399
          2.095774 0.410379 0.090498
          3.146952 0.249607 0.171984
          3.139185 0.500000 0.182250
          2.500000 0.382150 0.701819
          1.324982 0.302100 0.380798
          2.087500 0.064952 1.000000
          0.820339 0.500000 0.437683
          1.258793 0.500000 0.306342
          1.187189 0.080047 0.916473
          2.157520 0.265087 0.405905
          1.337500 0.194856 1.000000
          3.311915 0.435386 0.0
          3.178656 0.500000 0.445967
          0.736982 0.289165 0.186739
          1.500000 0.107143 0.442811
          0.709545 0.103660 0.275339
          2.373762 0.326401 0.267181
          0.051926 0.500000 0.448074
          1.000000 0.0 0.928571
          1.387005 0.309163 0.0
          0.711281 0.058787 0.0
          1.186935 0.324676 0.172726
          2.061859 0.0 0.464286
          3.125000 0.309738 0.082362
          3.500000 0.0 0.428571
          1.819341 0.322852 0.787299
          0.900000 0.500000 0.0
          1.189102 0.416888 0.913226
          0.365289 0.239595 0.252244
          2.387717 0.500000 0.307621
          2.900603 0.119129 0.0
          2.857615 0.500000 0.055624
          1.272811 0.0 0.430542
          1.937598 0.500000 0.939265
          1.716494 0.328180 0.752526
          2.400394 0.400825 0.453905
          2.194842 0.183968 0.384439
          1.424749 0.082046 0.811281
          0.662169 0.0 0.178468
          1.377495 0.243601 0.830600
          2.425125 0.0 0.372041
          3.012500 0.435048 0.0
          2.000000 0.500000 0.214286
          3.214286 0.0 0.500000
          1.450000 0.129904 1.000000
          2.237374 0.194803 1.000000
          0.324963 0.500000 0.373844
          2.160061 0.425549 0.279711
          2.312500 0.324760 1.000000
          3.323963 0.080994 0.300021
          2.487500 0.305144 0.0
          2.298171 0.0 0.875505
          2.113452 0.0 0.582975
          1.852013 0.228892 0.876501
          1.109145 0.0 0.570502
          0.452222 0.105255 0.105680
          0.712853 0.162569 0.354880
          2.499811 0.500000 0.372233
          0.077779 0.419822 0.322283
          1.375003 0.129902 1.000000
          2.248055 0.402466 0.205892
          0.0 0.129420 0.372880
          0.320871 0.062693 0.500000
          1.962160 0.0 0.819286
          0.300000 0.0 0.0
          2.178272 0.500000 0.314584
          0.450000 0.500000 0.0
          0.059899 0.500000 0.106231
          1.902385 0.197747 0.813483
          2.754126 0.500000 0.436188
          3.257094 0.0 0.121465
          0.600000 0.240192 0.0
          3.362831 0.500000 0.179271
          2.056087 0.298679 0.805764
          0.171955 0.074731 0.414907
          3.500000 0.106796 0.057557
          1.280617 0.0 0.362594
          0.0 0.060646 0.105734
          1.200000 0.0 0.0
          0.937500 0.435048 0.0
          2.299925 0.370963 0.287000
          0.207991 0.407894 0.219532
          1.603819 0.311158 0.591498
          2.100285 0.426774 0.654328
          2.213045 0.073316 0.733936
          1.074765 0.500000 0.242796
          1.037173 0.0 0.177917
          3.050000 0.370096 0.0
          0.300000 0.240192 0.0
          1.314110 0.163085 0.242491
          0.624197 0.104136 0.101690
          1.000000 0.321759 0.557467
          3.372862 0.257553 0.500000
          0.919396 0.224559 0.407489
          1.197870 0.201786 0.741211
          0.729024 0.348517 0.430969
          1.000000 0.071429 1.000000
          2.735633 0.263469 0.181293
          0.300000 0.370096 0.0
          0.357143 0.0 0.500000
          2.537569 0.0 0.308049
          0.115494 0.436777 0.0
          0.842788 0.500000 0.120624
          0.253933 0.372398 0.300536
          1.607143 0.442811 0.500000
          1.629879 0.131577 0.500000
          0.999766 0.500000 0.242925
          1.000000 0.453753 0.678571
          1.069478 0.0 0.821594
          3.383884 0.264269 0.288926
          2.196584 0.140761 0.615634
          2.557801 0.336629 0.333648
          2.328030 0.087116 0.215058
          2.122042 0.0 0.337491
          0.574718 0.176460 0.426305
          1.237500 0.175240 0.0
          2.794616 0.500000 0.372349
          0.324767 0.500000 0.243872
          1.169496 0.432552 0.525837
          1.312667 0.0 0.819409
          2.179139 0.211405 0.179308
          2.187326 0.0 0.819417
          0.862283 0.177005 0.0
          2.610670 0.259620 0.183575
          2.331221 0.250408 0.251503
          0.543689 0.194677 0.500000
          2.390989 0.336564 0.375182
          2.280128 0.130290 0.283557
          1.169135 0.500000 0.568886
          0.665835 0.085446 0.200724
          0.631754 0.0 0.372836
          1.918549 0.149633 0.647698
          2.147954 0.115310 0.726387
          1.616686 0.200803 0.500000
          1.000000 0.214286 0.500000
          1.500000 0.319614 0.193791
          1.258386 0.115899 0.887082
          2.425609 0.366583 0.132260
          3.086049 0.306054 0.304659
          1.000000 0.116688 0.799173
          1.642504 0.235268 0.876967
          0.150608 0.370448 0.0
          3.178656 0.0 0.445967
          0.876154 0.137846 0.500000
          3.444534 0.445421 0.0
          1.380057 0.0 0.261738
          2.679661 0.500000 0.437683
          1.447335 0.051638 0.0
          2.133524 0.210284 0.568841
          0.366358 0.250634 0.101041
          1.755985 0.164387 0.665249
          1.500000 0.116490 0.305079
          1.675000 0.0 1.000000
          1.496363 0.165710 0.922094
          1.785714 0.500000 0.500000
          0.500000 0.500000 0.500000
          2.390855 0.0 0.570503
          0.820339 0.0 0.437683
          1.200000 0.120099 0.0
          0.225000 0.120114 0.0
          0.960825 0.0 0.181551
          1.205845 0.074054 0.077598
          2.122012 0.0 0.521753
          1.275000 0.120114 0.0
          2.000000 0.428571 0.0
          1.110005 0.387902 0.884112
          2.262359 0.0 0.819787
          2.044766 0.398757 0.707946
          0.823414 0.117781 0.0
          2.537569 0.500000 0.308049
          0.540680 0.398404 0.402684
          1.500000 0.500000 0.285714
          0.714286 0.500000 0.500000
          0.205825 0.254829 0.500000
          1.107088 0.335877 0.369652
          0.971320 0.420226 0.178263
          2.040259 0.500000 0.392857
          2.000000 0.500000 0.428571
          3.344988 0.318121 0.500000
          2.704182 0.428909 0.145485
          1.086074 0.417437 0.338912
          2.149543 0.162669 0.835874
          1.195107 0.285403 0.069154
          1.591513 0.228311 0.673731
          0.639393 0.190971 0.088075
          2.900104 0.112579 0.265180
          1.463240 0.500000 0.819016
          0.0 0.500000 0.428571
          0.337500 0.305144 0.0
          2.729915 0.074556 0.191454
          1.500000 0.437252 0.387486
          3.012500 0.305144 0.0
          0.984674 0.248475 0.435209
          1.299144 0.500000 0.504003
          1.500000 0.355578 0.258781
          0.0 0.428571 0.500000
          1.947267 0.0 0.939746
          2.900195 0.238770 0.386108
          1.825000 0.379904 1.000000
          1.500000 0.392987 0.058209
          0.521660 0.198819 0.076188
          1.081075 0.402771 0.442833
          0.827929 0.110577 0.110742
          2.964884 0.062433 0.500000
          2.670618 0.125146 0.217422
          1.350153 0.500000 0.631094
          2.297196 0.200264 0.913043
          1.899051 0.172210 0.729874
          2.819859 0.439070 0.500000
          0.052665 0.051638 0.0
          2.733206 0.500000 0.119396
          1.000000 0.116563 0.694994
          0.276178 0.215291 0.375612
          0.537461 0.439972 0.500000
          2.482582 0.0 0.055381
          1.149807 0.0 0.372177
          0.187500 0.064952 0.0
          1.124800 0.123589 0.551593
          1.237375 0.0 0.047089
          1.200147 0.0 0.757229
          2.047147 0.382753 1.000000
          1.438141 0.0 0.321429
          1.237500 0.064952 0.0
          1.300020 0.129892 1.000000
          0.082438 0.305837 0.290307
          2.125000 0.500000 1.000000
          0.071429 0.0 0.500000
          0.872973 0.266567 0.500000
          1.870620 0.279984 0.626116
          2.217950 0.0 0.879564
          1.179738 0.256295 0.817736
          0.362365 0.500000 0.308628
          1.000000 0.448074 0.948074
          3.500000 0.442811 0.107143
          3.246718 0.114245 0.111468
          2.141697 0.147971 0.102513
          0.699767 0.0 0.243248
          0.737174 0.500000 0.181066
          1.563620 0.173877 0.500000
          1.787500 0.324760 1.000000
          1.162500 0.175240 0.0
          1.232894 0.120617 0.303766
          2.428525 0.0 0.480880
          1.412600 0.413986 0.321816
          2.278374 0.0 0.371279
          2.918021 0.081075 0.164459
          0.973900 0.117835 0.0
          2.855319 0.378086 0.500000
          3.062831 0.0 0.178797
          2.397900 0.103433 0.578312
          2.376753 0.0 0.884221
          3.225637 0.418563 0.313269
          1.996221 0.074791 0.920341
          1.559988 0.396588 0.500000
          2.000000 0.442811 0.107143
          1.000000 0.057588 0.893384
          3.438455 0.0 0.326501
          0.393620 0.191910 0.500000
          2.381957 0.122376 0.749497
          0.835592 0.307447 0.305121
          0.916707 0.0 0.119653
          2.000000 0.0 0.428571
          1.862500 0.194856 1.000000
          0.262500 0.305144 0.0
          1.899206 0.500000 0.810692
          1.375000 0.500000 1.000000
          1.500000 0.285714 0.0
          0.0 0.428571 0.0
          1.000000 0.0 0.642857
          0.841609 0.169648 0.412858
          3.125000 0.370096 0.0
          1.356834 0.0 0.451387
          1.418309 0.184126 0.480508
          2.895579 0.322103 0.500000
          1.132498 0.500000 0.504742
          3.022610 0.422625 0.187316
          2.837831 0.500000 0.178468
          0.688548 0.161863 0.162588
          3.226878 0.378356 0.500000
          1.615070 0.500000 0.818480
          1.272366 0.391427 0.894169
          2.500000 0.432602 0.754696
          2.000000 0.214286 0.0
          1.000000 0.283392 0.743074
          0.487500 0.175240 0.0
          1.126164 0.500000 0.757516
          3.137327 0.396634 0.409164
          0.862500 0.435048 0.0
          2.675000 0.500000 0.0
          2.861988 0.109655 0.105719
          1.391418 0.386415 0.404534
          0.210456 0.093250 0.308534
          1.938790 0.314965 0.585280
          1.600000 0.259808 1.000000
          1.000000 0.392805 0.677936
          1.500000 0.247397 0.191268
          0.121132 0.415490 0.180836
          1.206239 0.313707 0.245647
          0.278301 0.335954 0.208439
          1.087500 0.305144 0.0
          0.172916 0.192434 0.500000
          1.125000 0.500000 0.0
          2.539173 0.500000 0.181553
          1.424362 0.349494 0.469714
          1.000000 0.500000 0.714286
          3.212827 0.0 0.181231
          2.006282 0.107143 0.601566
          1.356840 0.500000 0.451391
          0.849775 0.0 0.243133
          2.450332 0.181177 1.000000
          0.300000 0.500000 0.0
          1.578255 0.178374 0.910666
          2.747628 0.193493 0.083362
          3.441696 0.173876 0.500000
          1.350227 0.427550 0.819230
          1.438141 0.0 0.464286
          1.874918 0.281756 0.823725
          2.265402 0.332271 0.230792
          0.495140 0.305113 0.381909
          1.783382 0.256916 0.500000
          0.0 0.176415 0.439940
          2.677589 0.061832 0.500000
          2.646317 0.396746 0.098642
          0.785916 0.073134 0.280519
          1.500000 0.357143 0.0
          3.422478 0.313621 0.230213
          0.900000 0.240192 0.0
          2.416171 0.297671 0.531559
          1.083019 0.157033 0.621051
          0.750000 0.500000 0.0
          3.208772 0.317998 0.078185
          1.633020 0.0 0.624238
          3.035714 0.0 0.438141
          0.063701 0.329829 0.500000
          2.342603 0.500000 0.819249
          2.958661 0.0 0.119240
          3.394073 0.059448 0.500000
          1.129151 0.411001 0.069106
          0.352030 0.095394 0.095411
          0.324963 0.0 0.373844
          3.438455 0.500000 0.326501
          2.571429 0.0 0.500000
          3.500000 0.500000 0.214286
          2.450000 0.370096 0.0
          2.721668 0.0 0.372101
          0.0 0.142857 0.500000
          2.958661 0.500000 0.119240
          1.323635 0.500000 0.573206
          0.398043 0.075395 0.164318
          1.500000 0.321815 0.062673
          2.802869 0.179488 0.241995
          1.147844 0.187096 0.911829
          1.125000 0.370096 0.0
          1.176994 0.500000 0.943058
          0.852064 0.0 0.372146
          3.237500 0.064952 0.0
          0.998122 0.202576 0.291519
          3.081521 0.376903 0.500000
          2.308200 0.251926 0.657172
          1.098232 0.192565 0.271275
          1.357498 0.299631 0.559292
          2.367753 0.190215 0.083628
          1.386263 0.103104 0.595142
          2.196574 0.420905 0.704160
          0.774876 0.421934 0.304815
          2.500000 0.453753 0.821429
          0.585618 0.392956 0.240201
          1.221626 0.500000 0.371276
          0.853181 0.083029 0.327086
          3.396389 0.237989 0.394585
          0.0 0.106796 0.057556
          0.797389 0.250000 0.249382
          2.988538 0.326953 0.414336
          1.232734 0.213638 0.163376
          0.392220 0.439057 0.500000
          1.945398 0.292425 0.791738
          1.514113 0.181320 0.684508
          3.448074 0.500000 0.448074
          1.887421 0.0 0.691909
          2.549761 0.232461 0.331519
          1.252515 0.500000 0.940191
          0.766146 0.324632 0.500000
          2.450000 0.240192 0.0
          2.300000 0.240192 0.0
          3.403205 0.074079 0.320877
          2.149834 0.500000 0.757156
          1.975000 0.0 1.000000
          2.942916 0.500000 0.373222
          0.898883 0.079305 0.148567
          2.913226 0.420926 0.332820
          2.181224 0.075869 0.662955
          2.052210 0.500000 0.051160
          2.931653 0.225560 0.262138
          0.212363 0.500000 0.307890
          2.367503 0.500000 0.504743
          2.000000 0.209020 0.255722
          2.353346 0.500000 0.121843
          2.145067 0.243359 0.657853
          2.268526 0.0 0.112962
          0.812175 0.500000 0.180915
          1.046828 0.169245 0.134870
          1.898314 0.500000 0.870048
          1.337500 0.064952 1.000000
          1.012500 0.435048 0.0
          1.447790 0.500000 0.051160
          2.650231 0.500000 0.243145
          3.428571 0.500000 0.500000
          2.508536 0.0 0.117963
          0.676614 0.0 0.437762
          1.274676 0.335113 0.829052
          3.500000 0.129420 0.372881
          3.329437 0.500000 0.122333
          3.119161 0.189822 0.500000
          3.175233 0.500000 0.243872
          3.500000 0.211525 0.126181
          0.362173 0.0 0.181476
          2.551926 0.448074 0.500000
          1.747540 0.331747 0.669582
          0.825000 0.370096 0.0
          0.750000 0.370096 0.0
          2.075000 0.0 0.0
          1.225000 0.500000 1.000000
          2.687629 0.0 0.307770
          2.500000 0.142857 1.000000
          1.062291 0.077822 0.336257
          1.303364 0.500000 0.131812
          2.423175 0.325410 0.635380
          0.540102 0.150569 0.145896
          1.445433 0.222556 0.891845
          3.500000 0.107143 0.442811
          1.282054 0.500000 0.879559
          2.324358 0.197853 0.325428
          1.312500 0.175240 0.0
          0.142857 0.500000 0.500000
          2.479501 0.088748 0.308058
          1.425158 0.0 0.627258
          2.241207 0.500000 0.306347
          0.525000 0.120096 0.0
          1.789721 0.245610 0.816856
          3.050000 0.240192 0.0
          3.500000 0.357143 0.500000
          2.372994 0.278533 0.100332
          0.296672 0.281554 0.319577
          0.187269 0.399340 0.085430
          2.500000 0.321759 0.942533
          2.676555 0.439911 0.500000
          0.549767 0.500000 0.243552
          1.676800 0.0 0.561145
          2.376753 0.500000 0.884221
          1.712500 0.064952 1.000000
          0.872295 0.500000 0.060297
          0.889222 0.257899 0.099895
          0.0 0.059988 0.396588
          1.201829 0.0 0.875505
          1.564161 0.330089 0.500000
          2.262625 0.500000 0.047089
          0.691697 0.323552 0.500000
          3.153133 0.377976 0.500000
          2.393828 0.0 0.945739
          2.641442 0.253564 0.500000
          2.178272 0.0 0.314584
          2.500000 0.178571 0.561859
          3.232228 0.248089 0.119002
          2.064439 0.109872 0.0
          2.328880 0.500000 0.057188
          0.0 0.0 0.071429
          0.061138 0.106410 0.500000
          0.892857 0.0 0.438141
          0.825012 0.442155 0.500000
          3.500000 0.071429 0.0
          0.585814 0.500000 0.181610
          2.536068 0.500000 0.437108
          0.887176 0.0 0.180452
          1.745929 0.169934 0.834186
          0.775598 0.070815 0.159714
          2.224852 0.0 0.757233
          2.500000 0.207030 0.876779
          0.148331 0.117331 0.0
          0.483564 0.124847 0.261769
          1.168876 0.417188 0.831448
          1.000000 0.063606 0.826103
          2.864723 0.204360 0.194338
          2.656280 0.328788 0.182844
          0.892857 0.442811 0.500000
          0.187500 0.175240 0.0
          1.335579 0.425314 0.923453
          0.931661 0.396035 0.244042
          0.206029 0.376814 0.500000
          2.762998 0.400108 0.237203
          2.012500 0.064952 1.000000
          1.225000 0.0 1.000000
          0.243856 0.190756 0.500000
          3.007338 0.255847 0.500000
          1.274998 0.370097 0.0
          0.928463 0.174353 0.251009
          2.083694 0.082687 0.287769
          0.637025 0.059573 0.0
          1.389695 0.173384 0.928069
          0.799063 0.216947 0.124455
          1.874731 0.427362 0.655096
          2.600000 0.500000 0.0
          2.318489 0.074555 0.726871
          0.500000 0.0 0.500000
          1.965854 0.500000 0.563404
          2.970490 0.319679 0.500000
          1.821757 0.442534 0.500000
          0.607143 0.061859 0.500000
          1.793780 0.173305 0.750012
          3.020173 0.080251 0.326245
          2.272814 0.191018 0.219829
          3.082615 0.500000 0.055763
          2.688500 0.064796 0.261074
          0.0 0.245364 0.321051
          1.264091 0.403207 0.493288
          1.637500 0.194856 1.000000
          0.512363 0.500000 0.307709
          2.823386 0.500000 0.437762
          3.387722 0.176028 0.0
          1.357951 0.177951 0.612319
          1.302516 0.207590 0.656414
          2.000000 0.0 0.142857
          2.912547 0.342749 0.426176
          1.453562 0.500000 0.556618
          1.377958 0.0 0.337491
          0.0 0.500000 0.357143
          2.019722 0.079278 0.828834
          0.753215 0.070786 0.351242
          1.749443 0.062693 0.500000
          3.325979 0.060700 0.500000
          1.164488 0.162749 0.210110
          0.748616 0.117490 0.0
          0.117633 0.500000 0.233928
          2.862500 0.435048 0.0
          2.223218 0.289785 0.071282
          1.500000 0.437763 0.175588
          1.500000 0.432602 0.254696
          2.647936 0.500000 0.372147
          0.535714 0.061859 0.500000
          1.190616 0.411329 0.599774
          1.000000 0.448123 0.551877
          2.743844 0.190698 0.500000
          3.372107 0.382357 0.500000
          3.448074 0.0 0.448074
          3.200000 0.500000 0.0
          2.733206 0.0 0.119396
          1.000000 0.064161 0.669911
          2.247119 0.427397 0.279432
          2.000000 0.129420 0.372880
          2.344961 0.343656 0.668677
          3.257094 0.500000 0.121465
          2.095759 0.210394 0.405894
          2.796634 0.134185 0.071142
          2.337145 0.156858 0.643610
          1.329574 0.324431 0.478495
          0.079983 0.127808 0.325892
          0.657138 0.131203 0.500000
          1.600000 0.129904 1.000000
          1.508560 0.500000 0.879685
          3.087969 0.059577 0.0
          2.336196 0.210295 0.834142
          1.253676 0.396843 0.200456
          0.864808 0.413581 0.179739
          0.0 0.062702 0.174574
          0.388866 0.160816 0.337495
          1.148301 0.408050 0.147149
          0.699767 0.500000 0.243248
          1.750000 0.259808 1.000000
          3.087500 0.176880 0.0
          1.215992 0.500000 0.501128
          1.187484 0.437183 1.000000
          1.975000 0.500000 1.000000
          2.712500 0.305144 0.0
          1.097323 0.094224 0.196867
          2.286168 0.183995 0.567763
          2.310481 0.296242 0.313817
          2.000000 0.062702 0.174574
          1.389257 0.266336 0.105986
          1.631071 0.126256 0.789117
          2.500000 0.211344 0.625944
          2.225000 0.240192 0.0
          0.0 0.071429 0.0
          2.000000 0.500000 0.0
          3.431607 0.244751 0.0
          1.087303 0.320659 0.477544
          1.500000 0.214286 0.0
          3.500000 0.209016 0.255750
          1.500000 0.142857 0.500000
          2.627705 0.500000 0.060297
          2.111665 0.500000 0.819233
          0.468701 0.193383 0.500000
          1.699750 0.0 0.756666
          3.435561 0.109872 0.0
          1.000000 0.070039 0.748038
          3.322255 0.0 0.242639
          2.112176 0.176418 0.0
          1.112115 0.0 0.433341
          0.778332 0.500000 0.372101
          1.068212 0.254198 1.000000
          1.375000 0.259808 1.000000
          2.275000 0.500000 1.000000
          2.387465 0.500000 0.180362
          2.274936 0.259819 1.000000
          1.665465 0.066282 0.760735
          1.000000 0.500000 0.642857
          3.022681 0.339894 0.336255
          2.387465 0.0 0.180362
          0.250096 0.500000 0.360144
          2.996828 0.199907 0.091834
          2.187200 0.310084 0.764883
          1.262500 0.435048 1.000000
          3.500000 0.0 0.357143
          2.000000 0.357143 0.500000
          0.487500 0.064952 0.0
          3.276233 0.246556 0.234431
          2.500000 0.0 0.642857
          1.125000 0.0 0.0
          1.386547 0.500000 0.582970
          0.821429 0.061859 0.500000
          1.666097 0.393575 0.893702
          2.500000 0.249356 0.940229
          1.386195 0.321240 0.723129
          2.677817 0.117271 0.0
          1.017418 0.0 0.055380
          1.231842 0.310164 0.914386
          2.987118 0.217967 0.412443
          2.187500 0.175240 0.0
          1.113743 0.059777 1.000000
          3.500000 0.500000 0.142857
          3.183630 0.082384 0.325506
          2.638178 0.058289 0.0
          2.084069 0.405964 0.409462
          1.380057 0.500000 0.261738
          0.825000 0.0 0.0
          2.612595 0.500000 0.307931
          0.975000 0.370096 0.0
          0.176125 0.439949 0.500000
          0.804188 0.433930 0.128741
          0.812175 0.0 0.180915
          2.299840 0.500000 0.628020
          2.893322 0.062832 0.500000
          2.002826 0.500000 0.627463
          0.116908 0.382879 0.260336
          1.500000 0.0 0.071429
          1.072798 0.284687 0.310553
          2.787500 0.305144 0.0
          2.894046 0.500000 0.439695
          1.387722 0.176028 0.0
          2.563675 0.329752 0.500000
          2.712500 0.176880 0.0
          1.746538 0.077874 0.652386
          0.550721 0.419735 0.317199
          2.699019 0.109447 0.109958
          3.161914 0.085626 0.411850
          1.000000 0.436099 0.611228
          2.669572 0.304622 0.089866
          1.050000 0.370096 0.0
          1.357816 0.500000 0.879953
          1.500000 0.393685 0.321625
          2.893945 0.191634 0.500000
          0.437363 0.500000 0.307678
          3.350734 0.147380 0.148104
          2.373836 0.500000 0.757518
          2.598503 0.231786 0.401858
          3.500000 0.247397 0.191268
          1.247252 0.326502 0.668257
          2.000000 0.116440 0.200939
          2.255521 0.0 0.568228
          0.112833 0.0 0.129298
          1.812146 0.0 0.819041
          1.379965 0.229718 0.748444
          1.431724 0.293566 0.418123
          0.464286 0.061859 0.500000
          0.357143 0.500000 0.500000
          2.084275 0.083205 0.122616
          2.340592 0.312761 0.745039
          1.750000 0.379904 1.000000
          2.000000 0.321815 0.062673
          2.412500 0.176880 0.0
          2.412474 0.411494 0.629548
          0.392783 0.500000 0.118405
          1.337500 0.324760 1.000000
          3.500000 0.355578 0.258781
          1.337579 0.437068 1.000000
          2.108895 0.088886 0.803381
          2.657212 0.0 0.120625
          1.642857 0.500000 0.500000
          0.0 0.500000 0.285714
          1.012500 0.305144 0.0
          3.447335 0.0 0.051638
          3.317943 0.229813 0.324236
          1.924829 0.0 0.756928
          2.704306 0.500000 0.057129
          1.862500 0.435048 1.000000
          1.074765 0.0 0.242796
          3.048972 0.250000 0.251043
          0.637830 0.082187 0.318618
          0.178837 0.0 0.448951
          3.125000 0.240192 0.0
          0.059991 0.396630 0.500000
          1.130573 0.101788 0.288744
          2.440905 0.0 0.607143
          0.0 0.357143 0.500000
          3.324521 0.284214 0.418693
          1.404228 0.0 0.940033
          0.196405 0.0 0.059299
          2.500000 0.500000 0.714286
          1.154717 0.248324 0.369595
          2.524783 0.240363 0.0
          1.643675 0.254099 0.500000
          0.939155 0.248955 0.500000
          1.983632 0.330536 0.661531
          0.137169 0.0 0.179271
          1.146652 0.500000 0.121839
          2.000000 0.211534 0.126140
          1.607143 0.500000 0.561859
          1.924982 0.0 0.627052
          1.540627 0.0 0.819231
          3.500000 0.214286 0.0
          2.500000 0.0 0.571429
          1.000000 0.107143 0.557189
          1.882151 0.201825 0.500000
          1.900000 0.0 1.000000
          0.109057 0.500000 0.365993
          2.337500 0.064952 0.0
          0.341045 0.083867 0.317228
          2.225553 0.206290 0.798666
          3.250233 0.0 0.243872
          2.083373 0.420164 0.919215
          0.433229 0.234802 0.311310
          0.975000 0.240192 0.0
          3.320206 0.417370 0.206681
          1.262747 0.120522 0.767324
          2.112390 0.0 0.692169
          1.269938 0.234717 0.450830
          2.000000 0.453751 0.321429
          2.000000 0.207030 0.376779
          0.766794 0.500000 0.119395
          3.125000 0.0 0.0
          2.309988 0.091979 0.588656
          2.603391 0.322090 0.246271
          3.044155 0.190987 0.500000
          3.200000 0.120096 0.0
          1.425681 0.175607 0.249455
          0.051926 0.0 0.448074
          1.401590 0.309904 0.192158
          0.163595 0.344732 0.156508
          3.393509 0.208151 0.500000
          0.115490 0.165124 0.433735
          1.937491 0.323831 1.000000
          3.201179 0.412038 0.181558
          2.183978 0.394878 0.070858
          0.924778 0.0 0.243055
          1.222889 0.137136 0.425638
          0.711200 0.175991 0.0
          3.300280 0.125200 0.500000
          2.617489 0.180966 0.263887
          2.088363 0.160644 0.735533
          1.787500 0.194856 1.000000
          0.960002 0.417477 0.319424
          3.500000 0.319614 0.193791
          1.126164 0.0 0.757518
          3.304682 0.170097 0.421846
          2.500000 0.0 0.500000
          2.950233 0.500000 0.243552
          0.600000 0.0 0.0
          1.401523 0.392857 0.535249
          0.375000 0.240192 0.0
          0.086048 0.209587 0.310592
          1.000000 0.249443 0.937307
          2.141046 0.363487 0.713597
          3.500000 0.392987 0.058209
          0.0 0.211534 0.126140
          2.279318 0.287912 0.794363
          2.166028 0.0 0.385422
          3.440101 0.0 0.106231
          3.500000 0.428571 0.500000
          3.039188 0.439176 0.500000
          1.891626 0.444276 0.500000
          1.500000 0.357741 0.381627
          1.096140 0.0 0.058529
          1.562500 0.194856 1.000000
          1.451094 0.382108 1.000000
          2.149848 0.0 0.631096
          1.274886 0.371612 0.591256
          3.100233 0.500000 0.243627
          1.721457 0.500000 0.625814
          3.062637 0.500000 0.307678
          2.241207 0.0 0.306347
          0.287681 0.415404 0.414589
          1.050000 0.422595 0.077273
          1.059573 0.500000 0.898320
          0.353445 0.378237 0.500000
          2.450000 0.0 0.0
          2.000000 0.500000 0.071429
          2.337363 0.166155 0.164893
          2.066170 0.177097 0.665343
          3.429338 0.0 0.179843
          2.781730 0.163426 0.163313
          0.412500 0.175240 0.0
          2.551926 0.051926 0.500000
          2.262500 0.305144 0.0
          0.112278 0.176028 0.0
          2.750000 0.500000 0.0
          1.537563 0.500000 0.691514
          2.500000 0.064161 0.830089
          1.187026 0.0 0.437312
          0.109057 0.0 0.365993
          1.112528 0.500000 0.180346
          2.000000 0.437764 0.175590
          1.320088 0.366007 0.774914
          0.0 0.070043 0.251959
          3.287637 0.0 0.307890
          2.262619 0.435117 0.0
          0.366616 0.422900 0.425856
          0.574645 0.252906 0.304569
          1.500000 0.062696 0.174582
          2.200325 0.0 0.243429
          1.625254 0.182701 0.583233
          2.000000 0.285601 0.126893
          1.220431 0.371254 0.293576
          1.975000 0.379872 1.000000
          1.786989 0.167985 0.574459
          1.372270 0.272019 0.919970
          3.225920 0.125705 0.500000
          1.927878 0.398963 0.604350
          0.697885 0.255792 0.106335
          2.020685 0.0 0.943038
          0.113014 0.309174 0.0
          0.247415 0.438313 0.500000
          0.649328 0.163648 0.247623
          0.525000 0.0 0.0
          1.500000 0.0 0.0
          1.272811 0.500000 0.430542
          3.251270 0.371914 0.242828
          2.577435 0.342439 0.158385
          2.000000 0.176415 0.439940
          1.488800 0.323736 1.000000
          2.558629 0.164658 0.166079
          2.393828 0.500000 0.945739
          0.503355 0.379827 0.500000
          2.000000 0.282017 0.378237
          0.803983 0.264036 0.500000
          2.631181 0.184552 0.186148
          2.500000 0.448123 0.948123
          1.195347 0.426926 0.243909
          1.395415 0.404444 0.214521
          0.845478 0.175623 0.281052
          2.149539 0.373000 0.0
          1.746805 0.074532 0.923093
          1.623188 0.307197 0.681396
          2.233081 0.072373 0.596766
          1.063442 0.389233 1.000000
          2.965184 0.442942 0.500000
          0.527723 0.419281 0.080473
          1.509917 0.423897 0.667007
          2.375000 0.500000 0.0
          1.214999 0.210621 0.401247
          0.057189 0.500000 0.392857
          2.438141 0.500000 0.535714
          0.525000 0.500000 0.0
          3.148263 0.250608 0.397063
          1.600076 0.0 0.804286
          0.117911 0.500000 0.067117
          1.500000 0.320356 0.322169
          0.450000 0.240192 0.0
          1.087286 0.210324 0.813559
          2.929306 0.0 0.057273
          0.051926 0.051926 0.500000
          2.090825 0.187341 0.246578
          3.185185 0.438696 0.500000
          0.0 0.448074 0.051926
          0.318101 0.073064 0.205242
          3.107143 0.060221 0.500000
          1.112162 0.188161 1.000000
          0.137169 0.500000 0.179271
          0.510399 0.500000 0.182076
          2.306369 0.212341 0.421218
          1.425000 0.500000 0.0
          2.360216 0.168859 0.572488
          1.750000 0.129904 1.000000
          1.149682 0.272281 0.275571
          0.662364 0.500000 0.307630
          3.025233 0.0 0.243556
          1.231472 0.0 0.112959
          0.839133 0.196970 0.197125
          0.705384 0.0 0.372349
          2.175691 0.347897 0.251138
          2.226105 0.331975 0.411311
          0.361859 0.245593 0.335551
          2.247485 0.500000 0.940192
          0.175793 0.500000 0.375403
          0.562500 0.064952 0.0
          2.500000 0.428571 1.000000
          1.321386 0.090895 0.129283
          2.012282 0.322994 1.000000
          2.820270 0.177099 0.322040
          1.574869 0.081668 0.586761
          2.536068 0.0 0.437108
          2.600785 0.116254 0.0
          0.468473 0.183463 0.192832
          2.061859 0.500000 0.464286
          0.549767 0.0 0.243552
          3.388182 0.500000 0.436377
          1.195758 0.226083 0.533252
          2.219383 0.500000 0.362594
          2.304654 0.270927 0.533284
          2.237009 0.0 0.180860
          0.142857 0.0 0.500000
          0.582105 0.082719 0.170590
          1.523976 0.334721 0.931239
          2.391131 0.500000 0.704061
          2.313055 0.500000 0.307715
          3.500000 0.059988 0.396588
          2.431001 0.167956 0.446039
          1.601161 0.0 0.870443
          2.109741 0.500000 0.056199
          2.199132 0.367689 0.504797
          2.975508 0.256592 0.333101
          2.258845 0.370085 0.586887
          0.609827 0.441984 0.500000
          1.069893 0.430277 0.930141
          2.518376 0.182902 0.078088
          1.117668 0.264278 0.884159
          0.691418 0.0 0.117138
          1.425067 0.0 0.757049
          0.948074 0.051926 0.500000
          3.306915 0.413138 0.299342
          2.500000 0.321684 0.821200
          2.335705 0.216054 0.491086
          2.796089 0.425039 0.423874
          3.387167 0.500000 0.129298
          0.872295 0.0 0.060297
          3.062831 0.500000 0.178797
          3.218546 0.178968 0.076411
          2.052210 0.0 0.051160
          2.175268 0.075106 0.534438
          2.694788 0.431764 0.234216
          1.858953 0.500000 0.938901
          1.958789 0.500000 0.819372
          1.350166 0.500000 0.756920
          1.312500 0.064952 0.0
          1.402789 0.098667 0.495548
          3.075269 0.195602 0.330737
          3.162500 0.305144 0.0
          3.500000 0.357741 0.381627
          1.676215 0.192503 0.500000
          2.183921 0.217480 0.077414
          3.440442 0.244284 0.500000
          2.912635 0.500000 0.308346
          1.438141 0.500000 0.464286
          1.316350 0.238431 0.250518
          0.940384 0.106884 0.500000
          0.0 0.437764 0.175590
          0.464286 0.0 0.438141
          1.766390 0.0 0.882911
          3.071429 0.500000 0.500000
          2.403974 0.084173 0.668392
          1.928571 0.500000 0.500000
          1.678571 0.061859 0.500000
          1.461951 0.0 0.691738
          2.275410 0.500000 0.242992
          1.381257 0.111048 0.199647
          0.481313 0.296045 0.184598
          1.242029 0.311692 0.520879
          2.938429 0.060814 0.0
          2.187358 0.500000 0.692836
          2.583292 0.0 0.119654
        </DataArray>
      </Points>
      <Cells>
        <DataArray type="Int32" Name="connectivity" format="ascii">
          2202 1396 2082 459 739 2278 2505 2985 642 1191 2289 447 2969 2267 2218 1 2145 2212 2461 1036 713 290 1747 1257 1580 2911 781 511 1396 2177 947 2082 1998 1014 497 1653 3130 2483 2445 2033 2179 3037 1398 2052 328 1922 499 1684 2735 246 331 1708 308 1394 3172 2247 1394 289 3172 2247 3254 172 2505 2278 1399 2989 638 1363 2871 1058 329 1741 642 2978 1191 447 1082 1558 2515 3179 328 499 138 1684 2969 2218 3022 1 3236 1263 2813 46 3295 2395 226 1606 1630 2177 386 2082 755 722 3107 3009 2893 1583 2329 1443 1747 290 713 1058 1090 2278 1914 2699 2293 1375 1615 65 100 308 2198 3256 2439 1687 3049 595 88 1043 1162 644 3107 722 1039 3009 1310 2963 622 2384 2941 3123 2438 1448 3221 1152 778 433 2584 3073 394 2231 265 2593 2894 951 1196 730 439 1240 2461 1036 2212 894 1650 2276 2425 2535 1312 1998 497 1653 2894 2593 265 980 2446 290 1747 329 250 1839 2816 2432 1082 877 1558 3179 1162 2842 88 644 1592 1720 1340 2761 638 2989 1718 1363 226 2395 3295 1103 3259 1219 1029 2372 2812 1591 1079 1788 1162 1043 88 2842 439 730 948 1240 438 1448 2438 80 713 1257 1747 1329 2220 1747 1344 1257 2783 2082 2177 839 1650 2425 2519 2535 2813 1263 3236 140 2293 1375 65 3189 439 948 2611 1240 100 308 3012 2198 660 499 1922 1684 353 730 2657 594 1312 1014 1998 1653 3130 2445 2483 2732 1946 1842 2546 336 2812 1591 811 1079 1322 3276 2349 419 1196 439 2611 1240 1521 1383 2471 2686 250 2816 1807 2432 1048 2959 553 1490 331 246 2735 1466 1633 2559 20 545 290 1344 1747 1257 138 499 660 1684 3262 391 1691 459 1842 1449 2546 336 2066 983 2624 2886 755 2693 722 3009 2986 983 763 2886 2159 1036 2097 3074 480 3228 1808 1028 118 2358 1056 251 2887 2593 980 2836 1521 2686 2471 2343 311 1839 250 1861 1738 2535 1345 1044 869 2329 1583 1443 183 2986 763 2886 2001 1842 879 1449 387 2536 2289 2515 387 2289 1126 2515 2509 1191 642 2978 1993 263 2899 3124 1037 1816 2953 950 746 950 2953 1980 20 2559 1633 2393 1922 499 2360 2204 580 1699 987 278 2066 763 983 2886 480 832 3228 1028 879 1449 1842 1163 2887 980 265 2836 2941 2438 438 1448 781 1580 1317 2911 1082 2515 1652 3179 2232 2657 353 730 387 1126 2536 2515 1162 1010 1043 2984 272 1603 599 2500 580 278 987 2846 1747 329 1058 1741 212 1126 2289 2515 1417 2626 1872 3059 311 250 1054 1861 2762 2813 1263 2244 1900 1708 1426 1629 1615 65 1375 1356 1284 3254 2505 2278 739 1914 2278 2985 1749 811 1591 1079 1808 3228 480 1002 1196 730 1240 2514 3221 1152 433 1730 1758 3295 226 1606 846 1480 1144 1391 100 843 308 3256 2202 1192 1396 459 2066 183 763 2886 1304 1818 145 825 3112 2000 1930 3159 2941 431 2438 3123 1056 2358 368 251 1607 1923 2094 253 100 843 3012 308 1398 3037 2050 2052 3130 2445 2732 460 3238 2237 2039 1601 2239 2094 1923 253 1340 1720 555 2761 1758 226 3295 1103 1608 902 1845 973 265 127 2894 3060 466 1608 1845 973 2097 1036 2311 3074 769 483 733 644 3262 1691 1917 459 1432 2425 1650 2276 733 483 2808 644 387 212 1126 2289 2179 1398 1525 2052 2265 2625 903 2638 3144 2999 342 1368 3238 3087 3068 1601 1652 2515 1558 3179 2323 1961 3028 449 2948 2797 767 2336 1430 3073 2584 2231 948 1386 2611 1240 373 58 2681 1386 746 950 1980 570 1877 2624 2066 983 2289 1191 1526 447 2813 2762 3234 2244 2038 3160 2833 1343 2948 2797 2336 752 3295 2395 1606 2881 1929 3211 1863 3248 289 165 3172 2247 2620 1603 432 2814 2888 1180 2074 1481 290 1106 713 1058 353 276 730 594 1412 331 2735 1629 2735 1708 1412 1629 2505 2278 172 2095 763 2986 542 983 668 2249 1104 0 1592 555 1720 2761 551 34 3203 991 1412 2735 331 1708 504 2382 865 1241 1228 633 593 161 1747 290 2446 1344 918 2330 1392 1738 229 1466 3064 1629 1714 2149 2563 2235 229 2218 2267 1 918 2330 1738 3297 3298 2873 2848 2453 2823 2611 1386 1240 250 1839 311 2816 118 1056 955 251 2730 551 3203 991 1317 2911 1580 996 1603 2500 272 801 915 56 1603 801 2893 1018 1583 1443 2038 1408 3160 1343 2475 483 769 644 3253 1439 3251 849 600 2840 3112 1930 2226 229 3064 1629 219 1677 2127 56 394 1863 3211 3248 223 2989 2647 594 1961 2907 3028 449 2653 2505 2080 27 668 1104 2249 1553 1718 2989 1839 2647 2445 2483 1990 2033 3238 2039 3087 1601 265 2894 127 951 642 2515 2289 1191 265 980 2593 2836 1749 1079 1591 1788 2871 329 1528 1741 3234 2244 2762 1465 2461 59 1036 894 1781 2177 1846 1026 1118 2999 3118 623 3253 2331 1439 849 2948 2336 767 2304 599 1603 573 2500 1417 1154 2626 3059 2279 2332 311 1861 869 1443 1583 1040 1408 1005 3160 1343 2330 918 1392 1075 227 2569 2690 1735 438 1330 1448 80 1712 3276 2243 419 879 61 1449 1163 1196 2611 2823 1240 3130 2033 2445 460 2220 1747 1257 1329 2279 311 949 1861 3238 2237 1601 2203 2948 703 2336 2304 1305 2370 1540 1439 1839 2989 1718 2432 2620 432 1603 2016 223 2989 1586 2647 1489 2535 1738 1044 1196 1240 2823 2514 3221 433 858 1730 2455 1152 778 916 229 3022 2218 1 2762 1465 2244 1898 2330 918 1075 3297 342 2999 3144 423 2864 1482 1426 356 86 1646 655 2230 2461 59 113 496 1280 800 622 1091 3184 2369 88 316 1092 2873 3298 2453 1541 1071 2576 1804 1191 2978 578 447 219 2127 1371 56 2974 228 2094 1048 1233 341 2946 1560 2727 2520 1279 1027 915 2618 56 801 1228 633 3025 593 631 3049 2439 1687 711 2360 950 191 2970 20 2238 431 121 2985 27 2213 100 2198 1394 3256 1641 3184 88 316 800 806 3061 2963 1310 3146 2963 2384 1900 1412 1708 1629 2888 2074 2848 1481 1541 1804 2576 481 1430 2584 394 2231 947 2202 1396 2082 580 1616 278 2846 1090 1643 2278 2699 1180 2848 2074 1481 1834 2823 2176 1386 1228 3025 633 210 1304 2472 1818 825 3146 800 2963 2384 294 302 1472 1006 786 543 778 3085 2082 839 2783 391 2735 1426 1482 356 103 1712 838 1601 1472 302 294 410 1592 1340 1691 2761 294 1472 725 1006 725 1472 294 410 2730 1059 551 991 1641 88 3184 2369 1090 1914 1575 2699 2096 950 2360 191 864 1455 2151 2223 642 2509 2515 1191 342 3144 1368 958 3025 593 633 210 1043 1010 1780 2984 2096 499 2710 2651 2505 2278 2178 2985 2986 278 1951 2524 64 1443 1093 2942 2232 353 276 730 864 1812 1455 2223 184 2464 2350 2809 2899 263 518 3124 424 1624 2455 2844 2147 2986 2964 151 2505 27 121 2985 2948 2336 703 752 1426 1708 2735 1629 2611 2176 2823 1386 1839 3132 2816 2432 2563 38 1714 2235 1540 2370 1305 2035 237 2889 2068 3082 2620 432 1501 2814 213 2244 1465 1898 1952 1115 127 1441 936 2280 3065 3084 748 1914 2278 2699 1304 1331 91 959 580 1500 1699 278 1233 979 341 1560 3245 2214 3013 671 1839 311 2816 2332 3259 1219 3294 1029 838 1712 103 2607 1686 3251 1439 849 1304 1818 308 145 2066 763 1860 983 1304 1818 2472 2097 507 2239 1923 253 3094 1168 2173 2660 64 1443 2942 1040 3130 230 337 968 2414 2267 2292 2333 778 1152 2455 433 1971 1490 1311 1444 2438 1448 1330 80 396 3181 2604 1135 787 2068 2559 545 86 1631 1646 2230 112 2604 3181 1135 3238 3068 3087 2039 1127 2198 2549 1394 169 3284 2265 2638 968 2732 3104 2943 748 2278 1914 1267 2584 1720 833 3213 1630 386 77 2082 981 1029 1219 2372 112 1220 748 1463 1312 2830 1014 1653 1304 1331 959 2247 3240 395 1094 677 2074 2848 1180 1688 1311 1490 2987 1444 441 3260 740 549 2762 2244 1263 1898 2864 1482 1763 203 1228 210 633 1445 1881 2319 2105 2830 1475 2610 731 743 936 3065 2280 1355 1914 2699 748 1267 464 1386 2610 1054 394 2584 1430 489 963 3049 631 1687 1041 2177 1396 2082 832 480 3228 1002 1777 3228 832 1028 2094 253 2239 443 2864 1426 1482 203 497 1014 574 1653 2520 515 1279 1027 2177 1026 1781 839 3253 976 1296 327 1809 623 2113 2918 2329 2893 1443 1735 324 440 1144 846 337 2732 968 2943 2461 59 277 1036 1961 2323 1255 449 2864 1763 1426 203 2312 2987 1490 1444 1118 3118 3298 623 2080 918 1689 3297 1690 1691 3262 391 2883 722 2693 3009 1839 2647 2989 594 918 2080 1689 734 2894 3107 1396 1917 1253 2285 2098 3181 3259 1029 981 2372 112 748 2594 1463 2467 3060 2516 349 265 3060 2467 349 2096 2360 499 2651 169 3100 3284 2638 1460 2895 802 2899 59 2461 277 496 1971 1311 2987 1444 1651 1438 37 178 2050 1423 529 3024 2311 490 2097 3074 553 1311 1048 1490 1359 1862 2813 140 1807 1067 3230 687 787 2068 3102 2559 1455 557 3251 327 1253 2350 2612 2464 3010 2953 1816 950 2909 2652 1095 1542 1523 1780 1010 2984 1986 2293 65 3189 1094 3251 557 327 1396 3107 1041 1917 573 2500 1603 2814 3169 2097 490 3074 1860 763 542 983 541 1689 2081 1044 3240 3253 976 1924 1633 2559 1970 2393 2438 431 2941 1928 1736 1212 2035 634 3254 273 172 2278 3259 745 3294 1219 464 2610 955 1054 2848 3298 3118 2873 1455 1094 557 327 3199 2484 1489 1738 20 2559 114 545 913 824 2139 1134 2571 2350 184 2464 2797 281 2281 2665 396 578 1757 2305 655 1646 86 399 622 2963 800 2384 2014 1834 464 2724 1877 2066 1860 983 1807 2432 2816 2685 1104 2063 981 16 2974 2094 788 1048 3284 1481 2625 2638 1233 945 341 2965 2258 2281 281 2665 2278 1914 2178 2985 847 1144 440 846 2894 1340 2593 980 2408 337 230 968 368 369 1088 522 1475 118 2610 743 2214 3013 671 1935 2894 2593 1340 856 1359 1862 140 2683 1390 2549 1127 2198 1714 2253 2563 2149 2237 838 2853 352 2014 464 3098 2724 3284 2625 2265 2638 3028 3034 1961 2759 1540 2035 1305 634 2584 833 1146 489 1233 2965 341 979 1359 140 1454 2683 2245 2976 1920 2631 3284 3100 1481 2638 324 846 1144 1391 2080 2505 2653 2985 3174 27 2505 1405 2038 2833 3160 1150 396 1757 578 826 536 1383 3257 1737 3026 2657 2232 730 3240 395 677 3263 1092 3298 2848 2453 1020 3180 1853 3079 2080 27 2505 2985 3174 2505 2653 1405 3068 2137 103 1601 2657 730 3026 2514 811 1079 1770 1724 2080 2985 2653 1419 3232 2229 3134 166 1372 1150 2537 282 615 1472 510 1268 2540 913 2139 1134 2887 2593 1340 980 2732 722 3104 2943 1095 2909 858 2652 1432 1650 2425 2519 488 704 803 3191 1706 2626 1618 579 1815 393 3016 552 2031 234 1322 419 1455 341 1296 3251 2532 3230 1067 687 1770 811 1749 1079 360 1841 2618 3200 127 1115 2564 1441 64 1018 1093 1443 760 2447 424 2291 976 327 3253 929 1228 161 593 1539 3075 553 2959 1490 820 3236 2813 46 2331 3253 2130 849 2776 145 1818 825 3129 1624 424 2844 3112 2000 600 1930 1340 856 2593 1709 1010 2984 1162 2937 2446 1036 2159 3074 2 2348 1138 782 488 2691 578 2978 3240 677 1094 929 2158 1674 2763 92 1430 394 489 2231 148 1365 1183 1147 3199 960 2484 1738 1714 38 2563 1258 148 1365 1147 392 1523 2984 1010 2937 2080 27 2985 2213 3019 1951 2986 278 1929 59 3248 1287 1525 1398 2050 2052 1253 2350 2098 2285 2812 1079 3136 1788 488 2694 2691 2978 1502 336 1841 56 1809 3238 2113 623 3087 2576 704 803 1929 1863 3211 2766 1858 3112 1930 3159 1770 1079 1749 1338 1152 2455 433 1730 786 916 778 543 2612 1253 2464 296 2 1138 2348 1648 615 302 1472 1268 1375 67 1488 65 2467 2516 3060 460 2239 253 507 443 1961 3034 3028 2907 745 1219 3259 2372 424 1624 3129 348 1426 2907 101 1725 1228 593 2713 1539 1280 622 800 2384 787 3102 2847 2559 169 2265 903 2638 1706 1618 2626 41 3016 393 1815 2660 668 0 1104 2711 550 2520 515 1227 1651 2547 1438 178 1712 103 2137 1601 2081 1689 918 1044 1630 947 2177 2082 2038 732 1408 1343 1929 3248 2229 1287 1359 2813 3236 140 2098 3181 2285 1463 2653 2985 2505 1419 1970 2559 1633 545 3203 34 848 991 2743 1299 939 2320 497 1623 1312 1653 1747 2446 3074 1344 1714 2253 2149 2235 3144 958 342 423 3118 1488 2695 1134 1331 2769 2269 289 441 3260 1203 740 1822 2959 2532 2707 148 1147 3079 392 2475 1817 1674 510 957 1222 2237 1404 1674 1817 615 510 2782 1780 568 3231 167 2782 568 3231 2475 1674 615 510 3130 230 968 1864 2455 424 3281 348 578 2691 488 2305 2816 2432 3132 2685 873 1764 2090 2778 2348 782 2 1648 2334 645 3090 1344 2785 2414 2292 2333 2946 1233 945 341 1550 2329 869 1443 2779 1593 2082 459 778 2395 3221 433 1094 677 395 929 103 1601 838 1497 386 2177 2783 2082 297 2376 118 743 2131 760 424 2291 1953 1115 1952 1441 1649 2229 3232 166 2717 308 2776 2696 1686 1439 3251 634 778 1152 3221 504 1104 981 2063 1469 2888 2074 1180 2339 2063 2237 2853 352 1596 41 1647 3206 1586 2989 1718 2647 1822 2707 2532 2856 2425 2276 2762 2535 1037 2953 746 950 646 328 1922 499 550 515 2520 1027 2366 948 2867 731 1455 2483 2151 2223 488 2691 2694 2305 3087 2039 2237 1601 3076 2690 2569 1735 1104 2063 16 2853 1260 2565 2958 2744 513 966 2408 24 1594 1514 2594 2699 3236 1359 820 2813 1594 2594 748 2699 1284 2505 739 2278 1260 1383 2958 2565 550 515 2843 1227 3080 422 2633 640 562 2624 3201 1040 1041 1396 2177 1422 3012 2198 308 2696 1993 2267 229 1097 229 2267 938 1097 562 2066 1877 2624 2796 833 2584 1720 1372 2865 2537 1150 1426 1725 101 1062 1607 2094 881 253 1014 2830 2882 34 1472 302 615 1006 521 1058 2871 1741 438 2452 1330 80 52 1675 1654 2210 557 341 1455 3251 1331 1332 2269 2769 1412 1900 331 1629 534 1136 1218 1896 1060 1738 1345 1044 2446 2212 2145 1036 52 1447 1654 1675 2131 2447 760 2291 2752 2369 3184 316 645 3230 253 397 484 864 1455 2151 438 2438 1334 80 86 2313 655 399 172 2278 273 2095 230 3130 337 3091 2420 1652 2515 263 1304 165 1331 2247 2080 1075 918 3297 396 578 2428 826 2808 2842 1162 644 1747 2446 329 1528 1834 1184 713 687 1659 1754 461 545 2475 644 769 1100 103 3068 1601 1497 1596 2626 1647 41 1526 1191 578 447 2813 1862 1359 1374 713 1067 1807 687 1092 2113 623 2918 2762 1263 2813 140 2455 3281 1624 348 2237 1702 2115 999 2215 2292 2267 2333 965 789 2156 3276 226 2395 2415 1606 3010 2953 950 705 1304 91 277 959 3245 3013 1719 671 553 1349 1311 1490 2237 1702 838 352 2484 1406 2160 1724 3134 2229 977 166 2717 2776 308 1818 3221 433 2395 2652 769 733 2912 644 1264 1356 2955 146 1101 2403 633 2073 2762 2519 2425 2535 2749 537 399 1823 1228 116 210 1445 580 1616 1500 278 3087 803 704 3191 127 1115 1952 1692 3066 2471 2309 493 1815 567 2050 393 1770 1724 1079 1338 337 3060 2516 460 2620 1501 432 2016 2048 1199 1717 2889 1275 1636 2340 1115 2455 1624 424 348 3019 2986 151 278 1772 1846 2177 1026 1540 1736 2035 634 2831 2425 405 1484 3117 2387 2033 3270 1455 1296 341 1560 2503 1372 2865 2537 1437 2976 2245 2631 1228 116 3025 210 3238 1601 3068 2203 67 65 1375 3189 835 2783 2177 839 838 2237 2853 2203 15 2269 2769 289 2323 133 3028 1961 1702 2853 838 352 1488 913 1375 65 3182 2335 543 3085 2081 1689 541 1197 2201 2173 1543 2660 2666 1010 1780 3231 3118 65 1488 1134 2467 337 2516 460 1876 113 59 496 1384 667 883 769 2420 2515 642 263 1717 1618 3145 2889 1936 2653 3174 2505 850 3232 1649 2229 944 3016 393 552 660 499 138 570 486 1270 1988 3296 629 1010 1219 1511 2050 567 1815 2233 396 2604 3181 2703 3167 1180 2848 1688 748 1463 1333 1648 37 1438 1651 1999 915 1371 1603 56 2612 2350 1253 2285 2229 166 1649 1699 1841 1502 56 1165 1443 1040 869 753 2050 1423 3168 529 664 2484 2160 1724 2753 1343 2333 1498 987 1699 186 278 2349 419 3276 1169 2080 918 1075 734 1101 380 2403 2073 1280 699 800 1091 2053 2471 3066 493 2096 2360 950 570 2334 91 2229 1287 1455 1812 2483 2223 1839 2432 1718 2647 748 2594 1463 1648 2964 2986 2956 151 490 165 1304 2247 977 3134 2308 2229 978 904 332 465 966 3062 66 24 2258 281 1744 2665 567 393 1815 552 360 2618 1841 336 542 2964 2147 2986 2001 3095 879 1842 2405 2569 1646 2230 2693 722 2883 1924 1443 1088 369 522 2278 1643 748 2699 3257 1383 536 2686 1183 1365 148 3285 2179 1668 3037 2052 1365 148 3285 392 1280 1091 622 3096 396 1757 826 2305 2462 1832 3122 2291 1253 2809 2464 296 2205 3122 1832 2291 325 1957 2593 3291 800 2963 622 1091 2263 1845 1608 902 237 2396 2889 3082 2650 3276 1322 419 615 1674 2475 899 1768 642 2420 2515 567 552 1815 2233 3253 1296 3251 327 1384 769 883 2210 1936 2653 2505 2095 3253 327 3251 929 2090 2633 3080 422 2237 2063 2853 2203 3230 253 397 73 59 3248 1876 496 740 2002 516 2759 2156 3276 789 398 470 2576 3034 530 186 1699 1500 278 2415 1606 2395 2881 2334 2997 645 1344 1929 3248 59 496 331 1466 2735 1629 1132 1716 2002 1757 2613 1525 2179 1398 2831 405 2355 1484 3117 3270 2033 2725 2190 1416 1299 2244 2050 529 2444 3024 1502 2429 1841 336 308 490 1304 2247 1373 151 1394 289 1346 966 2110 42 1310 2384 622 1019 745 1219 2372 1049 154 2484 664 1724 948 1054 250 1861 2214 671 2124 1935 598 1818 400 1225 2598 2090 1357 422 1219 1010 629 1837 1264 2955 523 146 2312 2987 1311 1490 2078 2052 1525 3261 1357 2598 2433 2090 484 2151 1455 1560 29 330 598 693 1644 2926 537 1415 936 2884 2280 3084 1764 873 2090 1707 76 1138 2250 1648 1260 493 1383 2565 2253 2563 2149 2627 1489 1766 2535 1044 3144 432 2999 1368 2 2250 1138 1648 755 722 2732 2943 3061 806 800 476 1158 441 740 549 1304 959 145 2247 1994 1184 1834 687 2467 3060 265 460 2408 230 337 569 1972 2280 1925 1355 2127 1677 1015 56 2050 393 3037 3024 778 916 1152 543 133 3028 1961 2759 401 2130 3253 2124 1304 2097 2472 825 486 3296 2182 1028 646 499 1922 477 1900 1629 1426 203 2678 1818 598 63 881 253 2094 1156 2040 1010 1043 2168 1394 151 3233 1363 1810 865 2382 1241 1304 308 1818 490 1883 1758 3295 1103 2331 3253 401 2130 2423 1406 2484 1724 37 1438 2547 178 1300 2447 2205 1832 3232 2308 3134 2229 76 2348 1138 1648 66 2943 871 1291 2190 1299 1416 2449 853 1603 685 1371 550 2843 515 1027 1104 2063 2853 1469 965 2697 789 3276 2865 1484 2537 1150 2718 2776 1624 2696 1472 615 510 1006 1334 2416 2438 1928 470 3034 704 530 2888 1180 2625 2339 212 2515 2289 3093 725 2268 1472 410 2887 265 980 1918 1402 769 2784 3183 368 1088 369 448 2752 2268 1687 3184 1280 699 1091 3024 2173 1168 1545 2660 3168 1838 2043 752 114 2559 20 2393 534 1218 68 1896 3173 77 386 2082 2444 1815 2050 393 1686 1439 2331 849 2145 2097 2159 1036 1104 1553 668 2711 1345 1060 3199 1738 1071 2576 1804 1725 2537 1150 2833 282 2754 1343 2753 1498 609 2043 3084 2586 725 1980 1472 2268 404 227 2690 1735 2974 2538 228 1048 2618 3200 1841 801 1340 555 2883 2761 1260 1383 1246 2958 2215 2785 2292 2333 2461 113 59 894 2779 1192 1593 459 918 1689 2081 1197 950 2360 711 570 2752 1472 2268 3184 3175 848 2885 34 1260 493 2565 2744 645 987 2334 3090 1306 59 1876 113 3112 2840 1858 1930 2405 1646 2569 476 1296 976 3253 722 2346 1925 2280 1355 1777 2182 3296 1028 2633 640 422 201 3168 1423 1838 752 2864 1804 1763 2708 424 2570 2319 93 186 3090 987 278 424 2455 2570 93 2319 2570 2455 93 1322 2349 2031 419 2625 1180 2888 1481 2766 1832 1863 1557 745 1511 1219 1049 3118 824 913 1134 360 1841 3200 336 3069 1335 2008 2965 2293 1615 1986 65 2730 3203 551 34 2461 277 2145 1036 1375 65 913 1356 850 2229 1649 1699 2423 1724 2484 89 2014 464 1834 1386 1320 1426 1900 1708 622 2963 1971 1091 1954 216 2371 1653 1015 56 1502 1165 1957 736 2593 3291 2894 1604 1396 3107 1410 1946 2546 336 2376 2845 297 118 2014 3098 3283 2724 396 2691 578 2305 2598 2433 2090 89 609 3084 3168 2586 2989 2432 1839 594 3167 1180 1688 726 2539 987 3090 278 2090 422 2598 89 1636 1115 372 3018 562 2066 2624 2886 1957 325 2593 1336 3301 1394 1373 151 1237 3008 1938 589 1766 1044 1489 3297 725 624 2268 410 1180 2074 1688 726 2883 1039 722 3009 879 1842 3095 1163 2177 2082 1041 839 1747 1528 329 1741 936 2280 2884 1355 1219 1010 2040 2168 1092 3298 2873 623 308 1394 2198 3256 2002 1716 2039 1757 1376 154 2114 1079 1372 2833 1150 282 643 1792 354 3264 1118 1502 2999 623 2505 27 2653 1405 840 1980 725 2268 695 2471 1521 1383 238 86 544 399 944 393 3016 2660 2625 1180 1991 2578 622 1091 2132 3096 541 2081 1197 428 2749 399 857 1823 3253 2883 722 1924 2366 2867 948 730 2953 950 711 1980 1306 59 425 1876 20 1928 114 2393 2494 1079 811 1724 789 3276 2697 398 2540 65 913 1134 71 3124 263 2510 2883 555 1340 2693 2269 1332 1331 1767 646 1869 328 499 1304 91 1331 165 2704 3037 393 3024 3236 140 1263 3243 2074 3068 1798 2339 2888 3068 2074 2339 1273 272 2500 801 52 3038 1447 1675 2074 3068 2888 3298 1675 2210 52 1049 1014 2371 216 1653 450 2038 2833 1343 357 516 2002 2759 2253 1714 2563 2627 2425 1484 317 2519 2415 2652 2909 1542 642 2821 2441 263 3064 229 1190 2786 3181 2604 2098 2703 2871 1528 2968 1741 205 2505 872 27 615 2475 510 899 311 1054 1120 1861 1810 504 865 1241 872 2505 3174 27 486 3296 1988 2182 1763 1482 2864 2708 1488 67 1375 0 3087 2576 803 3191 3175 551 848 34 182 2554 3066 61 2048 1717 3145 2889 2576 1804 2864 147 317 2519 1484 1150 665 1846 2177 1562 2893 1018 1443 1735 2050 1815 2444 529 2237 1222 2552 1404 2438 37 1555 1448 2974 1607 1923 2094 1020 1958 3180 3079 103 1712 1595 1169 3175 2885 848 979 2350 2464 1253 2809 629 3196 2010 2937 2912 1010 1219 2168 606 916 1152 26 1246 1383 1260 2275 229 2267 1993 1 906 1829 1618 1209 3054 1132 1716 2046 1482 1426 2735 1629 1375 913 1488 2955 1366 336 1502 56 133 1961 2323 1164 2653 2505 2178 1419 100 2198 1127 1394 3104 722 2732 926 775 1829 906 1209 88 2842 2111 1685 1595 1712 103 2137 1596 1154 1647 2626 2864 147 1804 2708 400 598 2678 1818 645 2220 3090 1344 3182 543 786 3085 1687 2268 1472 3184 1651 1438 2547 688 1491 1804 1763 3228 337 2943 968 1291 2710 499 513 2204 3245 2214 1874 3013 88 1609 2842 1685 541 1766 1689 1044 1158 549 740 1164 1534 3043 2417 3152 94 3174 1936 2653 1953 2564 1115 1441 3094 2173 2201 2660 1402 667 2784 769 966 66 2408 24 655 537 2926 1415 2215 2333 2267 2896 1745 1991 2625 1180 1108 951 2836 2419 1172 66 3062 24 2405 1646 194 2230 223 2906 2989 594 2385 400 1818 1225 3032 2774 368 2358 2097 2351 2145 825 373 464 1386 2610 1543 2173 1545 2660 2346 1972 1925 1355 1770 41 691 3206 265 2836 951 2419 2455 424 2570 3281 1226 1781 1026 839 1158 441 333 740 1782 3233 1394 151 655 1646 2995 2230 602 2403 1101 380 3299 562 3201 1040 2052 3261 2078 2233 711 2360 191 2773 3240 976 3253 929 1471 1864 2223 164 2258 281 1470 1744 645 397 253 73 1172 3062 966 24 2441 2821 642 3093 1759 739 2505 2985 1280 2132 1091 3096 250 2816 311 2079 1749 1618 906 1829 2145 1533 768 1606 863 3 2388 191 2762 2160 3234 2535 3068 3087 2039 3191 2289 1526 2069 447 1101 633 1445 2073 1659 545 461 1999 963 1559 3049 1687 2956 151 2986 241 215 464 560 1795 2145 277 2461 2351 66 871 2408 1291 1460 2899 350 2672 629 1511 3196 2937 2763 1675 2309 2003 1304 2351 2097 825 1305 1439 403 634 2220 1747 3074 1344 513 2408 966 1779 2238 3163 2970 431 1534 2417 668 3152 2220 397 645 3090 2633 422 2090 201 1304 2145 2097 2351 2475 2646 769 1571 541 1197 2701 428 438 1330 2452 1448 1604 1772 3107 871 2210 769 1511 1100 1596 691 41 3206 1593 2202 2082 459 778 3221 2395 865 2976 114 1928 2393 1929 1863 2766 1832 2171 307 1838 2473 3100 2695 1488 1134 3174 2653 94 1405 2882 1014 1312 2830 2330 2484 1738 546 1489 1738 2484 546 2050 2444 393 3024 2171 2473 1838 1139 229 1584 4 1201 1211 2162 846 1391 1198 3013 2254 2761 1203 516 740 2002 2974 788 2538 1048 2390 3234 2762 2160 2109 2997 59 894 3043 2417 1835 590 645 253 3230 647 2471 1383 695 2275 870 1171 330 1992 1334 438 2728 2438 1041 839 2082 391 2319 2570 424 1033 2485 1043 1162 2842 86 238 544 1646 425 1876 59 3248 88 1685 2111 316 1743 2003 1219 1049 1265 2371 848 1064 1721 768 2145 1533 1279 2520 2727 2816 2050 529 3168 3261 1717 1618 437 1016 297 118 1475 743 2420 642 1768 263 1743 1219 1511 1049 2174 1136 534 1896 1093 2942 1443 522 3043 1835 47 590 691 1770 1561 41 1334 2438 2416 80 2212 1036 2446 894 3100 1488 65 1134 2340 1636 200 1115 560 464 215 2610 2717 2776 358 2696 1993 2356 2899 1089 2776 1813 189 825 3265 1168 2407 1355 2831 317 2425 1484 2475 769 483 1571 2237 2039 3087 1404 2712 1177 247 567 1070 1375 302 1264 1929 2766 1332 1832 2743 2465 1299 2320 2243 1712 2606 3276 2176 2014 1834 1386 1245 2569 227 1735 2405 194 1646 476 879 1449 61 1222 239 1263 3236 46 1972 1282 1925 2280 863 3 2597 2388 2666 1523 1780 1010 646 1922 328 2834 1874 3013 2214 1935 711 1980 950 570 560 464 955 312 555 2693 3240 2908 1735 564 2112 522 2356 1993 1909 1089 2678 598 1171 63 1884 2112 1735 564 223 2906 1586 2989 3129 2447 760 1767 949 311 1120 1861 1270 3296 616 248 642 447 2289 3093 1340 2593 2887 1720 1718 1363 1586 241 2035 634 1212 1542 1884 2112 564 522 2312 1311 1349 1490 1993 2356 1909 2899 440 846 324 1391 2311 2097 1304 1036 763 2964 542 2986 1805 1952 1115 1692 713 354 1792 3264 1596 691 1561 41 746 1980 878 570 1104 981 1219 2003 1031 2471 1360 1801 2190 1416 658 2449 1138 2348 3160 1343 361 1846 66 1026 1558 2515 1652 82 2728 1334 2438 1928 1624 2776 2718 1996 2894 2593 856 951 2312 1490 2747 1444 1184 687 1994 1792 1604 3107 2894 3060 1416 2190 658 3149 1652 3179 1558 82 2887 265 1114 2836 3142 518 2899 263 2050 1423 1525 2586 2576 704 3034 530 1655 2704 2444 1266 114 2559 2068 545 778 1152 504 543 1376 154 1079 1724 3195 1398 1129 1444 1736 3239 1212 634 3 2388 191 517 1492 2429 1502 336 2237 2039 2552 535 332 602 978 465 1687 590 2752 3184 1219 981 1104 1029 2333 1343 1138 1498 90 2896 2821 1514 2106 1394 3233 1363 955 118 251 743 127 2894 3060 2541 3238 2039 2237 535 1489 2484 3199 2160 488 3041 2039 3191 2995 699 767 1646 3057 1928 20 2393 1390 1127 100 2198 700 1186 1271 1156 578 1757 2428 826 1656 1558 2536 2515 1219 2003 2372 1049 938 2267 229 2218 548 2525 2265 2625 2628 2475 2646 899 1772 1604 3107 1422 3066 2471 2053 1007 2764 554 2648 1665 2178 658 2653 3149 29 870 330 693 1929 91 2229 2769 1604 3107 3060 871 1396 3107 1604 1422 560 955 1056 312 1296 2732 722 926 2334 987 645 1081 2618 1841 56 801 773 1556 1862 482 2554 3066 61 1163 646 1869 499 477 1835 2752 590 3184 3234 140 1862 2683 3000 2319 1660 2830 1772 1396 1604 1422 1659 1438 545 1999 3069 1350 1335 2965 767 699 800 1646 3168 3084 2043 2586 1138 938 2333 2896 1335 979 362 991 732 1005 1408 1343 2366 1272 948 731 2558 2471 695 2275 1020 3079 1853 149 2111 2842 1609 1685 1280 800 699 2384 3122 1954 2462 2291 1798 3068 2074 2113 620 2122 506 1101 1366 1716 1677 623 44 2848 3118 2873 3230 645 1067 397 2995 1646 655 399 2329 1443 221 1735 1375 587 0 896 2831 2355 317 1484 2576 2864 1804 1725 1930 3159 2000 2834 1279 311 2816 2079 913 2955 1375 1356 938 1138 782 2896 1101 210 633 2403 3168 1838 1423 2586 2597 2388 3 602 1644 2926 682 537 1835 2417 3043 3152 3201 562 1877 2624 1770 773 664 1724 918 1489 1044 3297 633 161 1228 313 921 2889 2396 3082 544 86 1646 399 486 2182 1777 1028 638 2989 1399 1225 2995 399 537 1823 2590 2257 1896 2272 1094 395 1305 929 2667 505 3207 1311 2289 447 2069 3093 2641 1471 2223 164 827 2397 1872 1608 1651 2826 1438 688 748 1220 112 828 614 1714 38 2235 2301 1146 2584 833 2146 0 587 896 1990 2033 2387 3270 0 1268 1375 896 3221 1095 858 2652 1623 2830 1312 1653 2364 768 1533 1606 938 1138 2333 782 3287 2245 1920 2631 2376 1111 2845 118 1491 3228 3296 2424 1929 1332 1863 1832 2501 349 127 951 1279 2520 2816 1271 265 951 349 2419 1785 341 634 849 1108 2501 951 2419 1838 3168 2043 2586 1373 151 289 278 2754 1005 732 1343 3258 1484 2425 2464 1375 0 318 1268 918 1044 1766 3297 47 1835 3043 2004 250 1839 2432 1240 3169 490 2458 3074 1593 1192 2202 459 497 574 1623 1653 2618 2070 3200 801 3169 2097 1818 490 2334 2229 91 2769 1192 1917 2811 856 2390 2160 2762 2535 1743 1675 2763 2003 2038 1372 450 2833 1104 398 2249 1553 1594 2594 2069 1670 1015 1371 2127 56 1550 1443 869 753 883 667 1402 769 1491 1804 3228 2424 2864 1426 1763 1062 3129 760 2198 1767 2958 2565 1995 2744 1366 3238 1716 623 2887 1114 265 1918 1929 1331 91 2769 1184 713 1792 3264 155 1845 466 1608 3277 2473 3195 547 488 2978 578 1281 3153 1152 606 916 2098 3181 112 2604 2743 1635 2841 1299 3265 1799 1168 1355 713 687 1184 1792 1476 332 904 465 2948 529 1423 3024 947 2202 2383 1396 1043 1010 2912 2168 1158 740 333 1164 3054 1716 2552 2046 1615 1375 2293 1356 39 1383 1521 2686 3160 1005 1138 1343 1279 2816 2624 1271 1253 2658 2350 2809 1772 871 66 2943 1813 825 2776 63 646 477 1922 2834 551 848 34 991 1763 1804 2864 1062 2258 2281 1470 281 1154 1596 1647 3206 832 3275 480 1002 1946 1842 336 723 1275 372 1636 1115 1337 113 2662 851 1093 1443 1018 522 778 3281 916 2868 1320 1900 1426 203 2735 1584 229 1201 607 2094 228 1048 219 1867 1677 56 1749 906 775 1829 3000 2105 2910 2319 1270 3150 616 3296 1383 2958 3257 1737 553 1311 1349 1048 1594 1526 2069 420 1721 2364 768 1533 2590 1896 2174 2272 395 677 1305 929 2564 127 2501 349 2446 2145 2159 1036 2936 1396 1604 1562 2774 3032 368 522 1136 1223 1218 1896 1541 1847 1804 481 2444 2704 1655 393 1308 1971 806 448 1527 1170 544 399 2215 2896 2267 2510 1396 1041 2082 459 357 2002 704 2759 3301 2742 1373 1394 2728 2438 2941 1928 1929 1332 1331 2769 3233 151 2956 241 1862 773 1647 1556 1610 1777 650 1824 521 2871 2968 1741 1555 37 2438 2777 1638 2811 1917 856 1929 91 1331 959 906 3102 775 1209 2654 614 1714 38 1154 1647 2626 3059 2613 2792 2621 1398 1703 906 1618 3102 3068 2339 103 1178 90 2 2896 1514 1220 1294 1242 1339 1838 307 2621 2586 1766 1345 2535 1044 2827 563 1076 1490 1154 814 1596 3206 2301 2584 1146 489 650 1777 1610 1028 2728 438 2941 2438 3233 2964 2956 151 769 644 2912 1100 1219 1010 2912 1511 2505 2985 2178 1419 498 2549 1390 2198 2653 658 2178 2095 3180 891 2252 1262 968 2943 3104 1291 2033 3270 2445 2725 678 3124 71 2510 1397 127 1952 1692 2408 968 230 1778 2613 2621 1525 1398 2420 1652 1082 2515 960 374 2484 1738 212 1768 2515 3093 2078 3261 1525 2586 1934 2541 1192 1424 2472 330 598 1171 488 2002 2039 1757 1317 781 1224 1580 3076 404 2690 1735 1929 3211 3248 496 609 2043 2748 3084 955 464 560 2610 2894 1340 980 3009 1416 1333 213 3149 3068 103 2137 1178 2309 2471 3066 1640 2212 2370 1393 1533 1409 216 3270 666 3296 3228 1804 2424 1736 2035 1212 2881 1618 3102 906 1209 400 2678 2385 1818 101 1426 156 2907 1144 846 3162 1480 3275 1769 480 1002 1443 1735 1018 522 1782 1394 1783 151 1340 2894 1917 3009 3118 2999 1015 623 1541 2576 795 481 1525 1423 1838 2586 1656 698 1558 2515 3153 1152 916 543 1317 1580 1224 996 504 2335 797 865 703 2473 3277 547 1839 1240 250 1861 2388 3 602 517 1641 1835 3184 316 2501 349 951 2419 3224 2177 252 1846 1299 2244 1416 3030 2191 2537 756 1484 473 1177 2712 567 328 1567 1922 1684 3160 2348 2833 1343 2132 1129 1398 1444 1218 2961 68 1896 1594 828 2594 1670 1265 848 2371 2344 645 1067 397 1257 948 250 1240 1861 2830 34 1014 1653 182 3066 2554 1007 760 2447 2119 1767 76 588 1138 2348 599 272 685 1603 516 441 1203 740 2385 1818 1572 1225 2841 939 2743 1299 1841 801 1995 1165 1416 2190 3149 2244 1693 3065 2280 3084 1995 2500 801 1737 2385 1572 400 1225 2701 541 1689 1197 2098 2350 1253 2658 451 1180 891 2578 1995 801 1603 1165 2864 1426 2907 356 565 1359 1862 1374 252 2177 665 1846 3180 1147 891 1262 154 664 773 1724 2563 2627 1714 9 453 1863 1832 1557 424 93 2319 1033 2888 3118 2695 1134 1311 3277 550 1490 2871 1106 329 1058 571 1393 2370 1533 202 1801 1675 2372 3238 3068 2039 3191 470 2576 1071 1725 778 2395 468 865 488 3041 1809 2039 1104 2711 0 587 776 904 2555 3062 1841 1368 1502 1165 3019 2986 2147 151 1630 77 947 2082 541 588 2348 1005 1279 2727 1088 2079 676 473 2712 567 2706 3181 112 1463 2827 2959 563 1490 2038 1372 2833 1150 2648 1665 554 1765 134 2657 730 594 2 782 1138 2896 3169 598 1818 2097 2471 2686 2053 2343 1872 3059 2626 1819 2484 374 2330 1738 1071 470 1541 2576 1378 1687 2439 595 1409 3270 1990 666 2882 2830 1854 34 1541 1847 1071 1804 3144 913 2999 406 1304 1818 2097 490 524 665 2177 1562 2865 756 2537 1484 658 1242 1294 1339 1331 289 2269 1767 2735 246 1201 1466 230 569 2408 1045 2666 1010 3231 1837 1138 2348 588 1005 1753 916 136 543 2485 1162 1043 2984 2210 2646 769 1100 401 3253 2331 2124 2539 278 2986 2524 437 1016 1618 1979 1491 1763 1804 2708 1931 2984 1523 2937 1190 2786 229 2218 2397 641 827 1872 1265 858 1095 2909 4 1097 229 712 1489 3234 2160 2535 2311 1304 2097 490 598 1818 2472 63 787 2559 1970 545 2366 2867 1694 731 3221 865 504 2382 1745 1180 2625 1481 642 2515 1652 263 1654 2210 1675 2488 643 2582 1792 3264 1835 1641 1043 316 2653 27 2080 2140 470 3034 2576 1725 2669 2783 839 391 1878 775 1829 2162 1901 1746 1113 161 1772 776 66 871 3118 1015 2873 623 1561 1770 811 41 889 2555 776 904 46 2244 1299 3030 488 2039 1809 1757 1567 328 1922 2834 1381 1201 246 1466 989 1310 3146 2963 755 980 2693 3009 3196 1511 1261 2937 325 2593 435 3291 3064 229 2786 1466 2408 66 776 871 664 2160 2673 1724 1995 801 3257 1737 664 3234 1862 2683 3122 2462 1954 1832 2461 2351 2415 1606 541 588 76 2348 609 3065 3168 3084 133 1961 1164 2759 1946 3200 2257 723 1057 2173 3094 1168 2015 1636 372 3018 147 1178 2137 2424 47 590 1835 2004 1132 2002 1716 2046 237 3102 2068 2889 820 2813 1359 1374 645 2997 2334 1081 1118 838 2695 2853 800 1971 2963 1091 1753 136 1965 543 2503 2865 756 2537 1003 2428 2604 1670 3118 2873 3298 623 2005 1746 1901 161 1920 2976 2162 2631 453 3211 394 1863 1961 1255 2735 449 2458 490 2311 3074 2112 1018 1735 522 1575 1914 76 2699 3168 3065 1693 3084 3230 397 1067 1257 1113 161 1746 2984 2554 1007 3066 1163 1932 2249 668 1254 308 1818 2776 145 881 1607 1105 2094 1003 2604 112 1670 607 2094 1048 1227 1488 3118 913 65 498 2198 3058 760 3130 2467 2033 460 1990 2641 1791 2033 1929 277 91 959 1265 2459 2766 1064 2471 2309 493 2275 147 2137 2576 2424 2014 3098 464 1386 1208 1780 1523 2984 2532 687 1067 1792 2558 1521 695 2471 2579 2141 453 1954 3045 2151 2117 926 424 2447 3129 2844 2484 1724 154 89 2912 733 1162 644 913 3144 2999 423 645 3230 1067 647 568 2782 3293 1780 1253 2537 1381 1074 2520 1271 1186 1156 2900 76 1575 1914 2704 393 2444 3024 645 397 987 3090 788 1048 2094 1710 2808 1162 733 644 357 2002 2930 704 1043 2004 1780 3152 3008 1033 1938 589 581 1717 437 1016 2894 265 3060 980 889 776 2555 3062 2408 904 966 1779 152 1853 3180 1262 1559 3049 1687 595 2408 978 904 1779 1782 3233 2106 1394 1798 2339 3068 1178 1885 545 20 1999 1585 1186 2520 2580 1785 341 2965 634 3144 2999 432 406 128 1228 161 313 250 2727 2816 2079 2894 407 127 951 128 1931 1162 161 2735 1961 1201 1255 629 1010 1511 2937 360 2618 2070 3200 2549 2198 99 1394 2628 2646 1674 899 2365 2624 562 1040 1076 2827 1341 563 341 979 1455 1560 1988 3296 1270 3077 2050 3168 1423 2586 1946 2257 1842 723 1149 2117 2192 849 1714 3055 2253 2235 1825 2541 407 1441 1394 1363 2106 3256 2849 1319 769 483 3066 1007 1602 1640 308 3172 1394 3256 3119 560 215 2610 2110 966 3155 42 3169 1818 598 1225 1920 2631 2162 1391 1654 1675 2379 2488 1098 1460 350 2672 2249 2695 838 2853 1551 1199 2048 921 1491 3228 1763 996 3217 1308 813 533 1325 2289 387 2536 1719 3013 2883 671 1210 1853 3180 3079 1885 20 431 1999 1609 88 2773 1685 1296 1455 3251 327 957 2552 1222 1404 1265 858 2459 1064 1375 0 67 3189 1798 3068 2137 1178 1506 897 593 2860 1136 2174 2590 1896 2149 2223 1864 164 650 1777 486 1824 1098 1153 350 1460 1586 2647 1718 241 2590 2815 2257 2272 2752 3184 1835 316 541 588 2081 428 219 1371 2629 56 2666 3231 1974 1837 1660 2319 3000 3203 2461 2415 2035 1606 2879 542 2986 983 2110 966 1346 3062 185 2117 75 1578 2445 2033 1990 3270 1506 593 210 2860 1484 2464 3258 2809 424 760 3129 2447 402 2630 148 3079 362 1335 5 979 297 1475 731 743 3277 2959 550 1490 2039 1716 1809 1757 2808 88 2842 644 250 1240 2432 1216 1838 1038 2043 752 2319 3203 1660 2830 2501 127 2386 951 1270 3296 486 1028 3230 397 2290 73 1104 981 3004 16 2735 2907 1426 356 2912 2168 1219 1511 2882 1998 1312 1014 2662 113 2370 851 3010 1099 1816 2953 1806 1815 910 1168 2894 980 3107 3009 368 369 2336 448 450 2833 1372 282 1656 2536 1558 1688 778 2455 916 3281 112 2604 2428 1670 848 2371 1050 1064 3169 1818 638 490 2238 20 3225 431 2926 655 682 537 2109 1879 2997 894 3145 1618 1717 1016 881 2094 1105 1156 59 2997 2109 1287 156 1426 101 1062 2650 2243 3276 419 1769 3228 1808 1002 1304 277 2459 959 1862 3234 2813 140 556 119 1913 1405 2785 2622 2414 2333 2472 825 1813 63 523 1264 1375 2955 226 2145 2351 825 1923 491 1887 253 2995 537 1543 1823 556 973 1913 119 2421 2323 3028 449 2358 251 118 743 2888 103 2339 3005 2269 1332 1748 2769 424 2447 2844 2291 675 1909 1629 2517 2516 1604 127 3060 486 1777 650 1028 4 229 1201 712 1337 2662 1198 851 2576 2137 147 803 1296 2732 976 722 1162 161 1931 2984 1798 147 2137 803 1455 341 557 979 1166 813 3217 1308 1884 564 1735 3268 1766 1689 918 3297 2459 2844 2766 1064 1706 1618 74 579 553 2959 1048 1710 1199 2889 921 579 2867 948 1760 731 2620 1603 1371 2016 1971 1308 806 1756 2461 2212 2145 1533 2776 189 1813 1996 2331 2130 1042 849 368 564 3032 2358 598 2472 1171 63 407 2894 2541 1424 1037 2255 1816 950 1158 2703 549 1164 900 485 1420 1313 450 2786 2833 282 3251 634 341 849 700 1271 2290 1156 1372 2537 2503 282 132 224 775 3102 1986 65 67 3189 1425 865 2395 2382 1373 1394 2742 289 1997 2269 1748 2769 214 2976 2866 2631 1901 2005 1113 1746 3118 2848 44 1134 1082 1652 84 3179 1477 1514 1594 2699 829 1393 2212 2370 910 1815 2099 1168 215 560 3121 1795 2894 1396 1604 2541 1511 1100 769 1261 104 2907 1426 449 2309 493 3004 16 2053 1383 2471 493 309 948 2867 730 1929 1331 1332 959 1807 1067 713 1257 3113 1676 2625 2578 3167 2848 1180 1481 775 3102 906 1495 2176 2823 1834 1427 484 2627 2151 1578 263 3124 1993 2510 1587 2537 2191 298 1555 2104 1330 2213 1265 1095 848 2344 3119 861 560 2610 2888 1247 103 3005 1742 555 1592 2761 876 1917 1340 1709 450 2833 2786 1343 1853 3079 1210 149 1931 1162 2984 2937 1885 20 2970 431 1375 2955 1264 1356 1714 1258 2563 9 949 311 2279 1120 2111 2842 88 316 2109 59 1306 894 802 1460 280 2895 3257 2958 1383 2565 2 2594 1514 2699 944 1612 3016 552 3032 564 368 522 227 2690 2569 2230 2942 1088 368 2079 2912 1162 1043 644 1610 1777 832 1028 1841 2429 1502 1368 936 3065 609 3084 3004 493 2309 2374 1926 1075 576 2213 311 2332 1839 1861 1604 3060 2894 2541 624 725 855 410 1947 2417 3043 590 820 46 2813 1374 1641 510 1817 1100 2718 2696 1624 348 211 670 1116 2315 320 330 2159 363 778 1996 468 433 1952 127 1397 1441 2146 1268 0 896 1817 510 2475 1100 1070 721 1375 1264 544 699 800 2384 768 330 2145 1606 268 314 588 428 1220 1242 658 1339 1151 2346 2280 1355 1693 1744 281 2665 189 468 1996 433 451 1991 1180 2578 1192 2541 2894 1424 3175 979 848 991 394 3211 453 927 2114 1079 154 89 1946 360 3200 723 670 2704 1116 2315 170 1791 2641 2033 3029 368 2336 448 1585 515 2520 1227 1822 2532 1792 2856 127 3060 1604 2541 778 543 2335 3085 2091 2776 2717 1818 1996 433 778 2868 963 1687 631 244 1550 221 2329 1443 3141 1199 1551 921 103 2339 3068 1497 2797 1693 281 2665 1196 2611 2176 2823 2485 1043 1780 2984 1526 420 1594 1670 1304 145 308 2247 468 1996 778 2868 645 2220 1344 1257 1816 2255 240 950 1151 2280 1744 1355 2840 1930 600 244 791 1801 202 2372 2752 1685 1930 1684 2864 1725 1426 1062 1092 623 1677 2918 1151 2346 1925 2280 307 2473 2171 2939 3217 515 1308 533 2717 1818 308 3256 3117 2195 2387 3270 838 1118 2695 1497 373 464 58 1386 2289 2069 1526 420 2974 228 1607 2094 2563 1685 1930 1258 2048 921 1199 2889 2473 1139 2171 2939 756 2191 1587 2537 114 20 545 1999 505 1311 2667 1048 2812 811 2819 1079 2727 1279 1088 1027 3180 891 1183 2578 3004 958 493 2374 2347 1525 3204 2621 1714 2654 38 1258 2117 341 2192 849 2547 2164 1495 284 1932 35 2249 1254 3146 3061 800 2384 1835 2004 1043 3152 480 1610 832 1028 1769 1808 480 1002 194 1646 1631 2230 127 1604 2516 1692 1099 2953 3010 705 711 191 888 2773 800 699 544 1646 1151 1744 2346 1355 28 808 1392 3188 114 2976 2559 2393 2117 2151 3045 1578 1933 1495 2164 284 3118 2888 2848 1134 4 1584 229 1097 2571 2464 2207 3030 2104 2213 1555 2140 3029 3277 703 2473 2585 951 407 1336 1768 642 2441 263 3215 1798 147 2632 2486 419 2175 2101 2562 2428 1003 1670 779 3201 2624 1040 132 3102 775 2559 955 560 1056 2610 3299 2365 562 1040 1381 2537 1253 3219 3240 976 2693 1924 943 1399 2989 1225 701 3111 727 2171 1961 2735 2907 449 103 2888 2339 1497 2988 2127 1309 1371 1555 2438 1448 1102 3107 1917 2894 3009 2630 148 3079 2182 2888 3118 3298 2695 2254 2662 2370 851 1638 856 1917 1709 3282 1116 2704 2315 713 1067 687 1792 2796 2584 1856 1720 3043 2004 1835 3152 491 1923 1607 253 135 2 90 2699 2338 1719 3013 2761 1558 3179 3154 82 2471 1383 2053 2686 3230 1807 687 1202 1341 563 2827 2707 1747 3074 2446 1528 876 2261 1917 1709 858 2844 2459 1064 775 640 846 2162 1551 2048 2787 921 2621 1398 2792 1139 150 24 966 1912 396 2604 2428 1135 79 1771 1746 1493 1041 1396 1917 459 128 1901 1931 161 1743 2210 1511 1100 2249 1104 0 587 557 1094 1455 2344 2486 419 2101 248 2529 2578 3180 1021 978 602 332 517 2748 2043 609 2586 182 3066 1602 1640 3069 1899 1350 2965 1525 1423 2050 1398 2571 2350 2464 3030 1749 775 906 640 2866 2976 1437 2631 1491 1777 3296 3228 1279 2816 2727 2079 1561 1770 1908 811 966 776 2408 66 2706 2285 1253 3181 1780 1010 2040 3231 453 216 2169 927 1988 2182 3296 3077 4 770 1097 712 915 2629 1371 56 879 2554 61 1163 1543 2201 537 2173 2618 1841 336 56 90 2 135 2250 2174 534 68 1896 3240 327 976 929 2564 2386 2501 127 2331 401 1042 2130 599 2500 573 3255 2612 2285 1253 296 3175 848 551 991 1184 1792 2582 3264 1349 1311 2312 2987 2894 1340 1917 856 3050 1179 1493 1539 2570 3281 424 348 1961 1255 2323 1164 1092 3298 2074 1688 1527 3131 1170 399 182 61 3066 503 713 1329 1747 1058 3118 1488 913 423 2145 2212 2446 363 361 66 2923 1026 1877 1096 2624 983 2845 1475 297 118 3144 2955 1356 146 1279 2520 1271 2580 3068 3298 2074 2113 2370 2035 672 1533 1113 1901 161 2984 396 549 2604 2703 1198 2662 2254 851 813 1308 1166 1756 2552 2039 2237 1404 99 1394 2198 289 2532 1994 687 1792 2003 2153 2146 587 1275 2340 1636 2587 2554 879 3095 1163 453 1409 216 927 1396 1192 2894 1917 2441 642 1768 3093 3 332 602 517 1078 1402 2784 3183 1273 272 599 2500 246 1466 159 298 1070 302 1375 3189 1922 1930 1685 1684 1971 806 448 2304 1580 996 2911 392 20 431 114 1928 1003 1670 112 315 2986 2647 1718 57 2360 2773 88 1685 1207 210 1101 2403 114 761 2976 1928 2472 330 1171 1992 44 2848 2873 2453 3107 871 1772 2943 2040 2168 1043 2518 2441 263 2821 2510 1878 132 224 775 1378 631 2439 1687 353 2657 2989 594 2267 3124 1993 1 541 76 1333 2348 2869 1020 3180 1853 918 1489 1738 1044 135 2 2699 2250 3198 1676 3113 2578 1545 529 1693 2193 3058 498 1390 2198 755 3107 980 3009 3029 1088 368 448 1932 890 668 2249 1190 229 3022 2218 2105 2319 3000 2830 3019 542 2147 2986 802 280 1460 2899 853 2620 1603 1371 513 24 2408 1291 832 1777 996 1002 1878 132 775 2162 966 2555 904 3062 1308 515 3217 2843 137 1285 1370 2081 3087 2137 2576 3191 2888 2339 2625 3005 696 477 2502 24 696 513 1869 477 822 3195 1129 1444 1368 2565 493 2744 1050 34 2830 1653 763 2956 2964 2986 1265 1064 848 1730 2395 865 3221 2382 2178 2278 2505 2095 2289 2515 2536 1191 2122 1101 620 1445 685 1603 915 1371 1722 219 2629 56 154 1079 422 89 2145 1036 277 2351 1609 2773 2360 1685 66 1846 361 3062 2611 948 1272 1386 3114 790 1544 1426 944 2058 2444 2660 1260 2958 1246 414 2074 3298 2848 1688 846 640 3080 2162 3095 1007 1163 2272 2069 3093 1514 420 2397 1314 641 1872 2169 216 1409 927 944 2444 393 2660 1647 41 1770 3206 576 2213 1075 734 2494 1376 1079 1724 484 979 1233 1560 2194 2631 1920 1391 2537 2723 1381 1074 1838 2621 2171 1139 2171 2621 1838 307 3199 960 3101 2484 2911 996 1491 392 3132 2647 2986 57 214 2416 2976 2631 1357 2090 1764 2778 2050 3261 3168 2586 1540 1305 403 634 394 927 453 2231 643 2582 198 1792 1886 3270 216 666 1392 1075 3014 982 3230 2532 1067 443 1166 1308 3217 2843 3080 640 2633 761 2412 1440 1591 1016 396 826 740 2305 2752 1472 3184 2369 2548 872 821 2505 675 1629 1909 1 2784 769 1319 3183 2792 1398 141 1139 1332 2447 1300 1832 2114 422 1079 89 2735 1466 229 1629 629 2010 1010 2937 3068 2339 2888 1497 250 2432 1807 1216 1545 1543 529 2193 1930 1685 2752 1258 1263 140 2762 3243 1300 2205 3122 1832 553 3075 1349 1490 369 1088 1443 533 2370 2035 2461 677 3175 2885 3070 34 1305 2461 2035 677 1567 1922 1684 2834 701 2171 727 2621 3118 2848 2888 3298 664 2673 1770 1724 1496 2237 2115 999 675 1909 2634 1 49 350 1153 1460 2438 3123 37 1448 3060 871 3107 2943 560 2043 3119 307 1838 1423 1525 1398 154 664 2484 773 439 2366 948 730 488 3041 2694 2978 2624 1279 1271 2580 1322 234 2650 419 66 2408 24 1291 3230 1067 1807 1257 3087 704 2576 530 863 2388 2597 1446 478 3073 1430 2231 3119 3121 215 560 3064 1190 2661 2786 2913 555 833 1720 939 1299 2890 2320 2306 1377 1990 2641 2717 3012 308 2696 2475 2808 483 644 1491 2708 1804 2424 1416 213 1333 3164 1618 41 437 1979 3162 1144 847 846 1152 504 1229 991 2936 1604 1396 2541 112 3181 2098 1463 2266 228 2538 1048 2220 645 397 1257 2287 1476 904 465 3029 1056 703 2336 1265 848 1095 1730 964 2390 1107 2673 3032 1793 2774 2358 1933 906 775 640 2593 1720 1340 1709 2624 2816 1279 2332 915 1722 2629 56 2132 1398 1129 3037 3014 1392 1848 1075 2701 1689 2080 734 2821 2896 2 1514 2706 3181 770 1135 2733 424 2131 760 2386 127 2564 1441 1794 1075 1330 982 1237 1828 2798 3008 1798 3068 2113 3191 2331 2124 3253 1935 880 2267 2414 2333 840 660 1980 2268 1876 3248 3211 496 468 865 217 3085 1409 1990 3270 714 1449 61 1492 1163 3095 1007 2554 1163 563 3195 3277 2473 3175 3070 551 34 848 1050 2371 34 2337 3084 861 1577 1192 1917 1396 459 484 2149 2151 2627 127 407 2894 2541 3014 1075 1848 982 1609 88 2842 2773 2352 153 3192 20 2494 2819 811 1079 616 3296 310 248 394 833 2584 489 372 1115 349 3018 523 1264 177 92 1828 2570 2798 3008 3029 368 1088 2079 2050 1815 529 3261 1926 1330 1794 1075 394 3248 3211 3263 1104 3004 981 2003 2735 1201 246 1255 1647 1770 41 1338 1488 3118 2695 423 2 1514 90 2699 281 537 160 2173 1804 1725 2864 1062 2624 2816 3132 1271 1360 2471 2558 1801 2471 493 1383 2275 2752 660 1685 1684 1836 2657 81 693 114 431 20 1999 2986 151 2539 3177 2323 1255 3086 1164 2611 439 1272 948 1585 2520 515 2580 2783 386 835 2177 1638 2261 856 1709 1496 1404 2237 999 1947 1378 2417 590 1604 1396 1772 1562 1342 2408 871 569 1079 1724 154 1338 1491 1777 3228 996 3004 342 2955 423 548 2265 3284 2625 372 2015 1275 1636 846 1829 775 2162 184 3258 2464 2809 1780 1043 2485 2004 2692 2171 701 2621 1777 2182 1632 1824 858 433 2455 1730 2749 1543 537 1823 2147 2964 1782 151 740 826 1757 2305 2525 2625 548 2578 1251 1332 2269 1767 1585 1234 515 1227 1922 1685 660 1684 696 513 477 24 1397 1952 1805 1692 997 2673 2390 2160 1228 3025 2713 593 725 294 855 410 977 166 2229 1287 2581 159 246 1466 2697 2853 1702 352 1580 1491 996 392 541 1766 213 1689 664 1770 2673 3206 1971 3277 703 448 2619 2160 2390 2535 114 761 1928 284 860 2099 1815 3065 1502 1368 2999 1165 2708 2277 147 2632 3233 1363 151 241 1638 1917 2261 1709 3069 2008 1899 2965 1264 2649 1356 146 88 1043 1641 316 405 2425 3258 1484 1801 2372 791 1640 1447 1675 3038 1801 1995 2500 1603 801 944 2058 1655 2444 523 1264 92 377 2146 0 2711 587 3012 843 2717 308 1959 2703 1158 1164 1793 251 2358 743 3029 368 1056 2336 1592 876 1340 1709 3132 2816 2624 2332 948 731 1272 1386 425 59 2109 1287 1221 1930 2000 2834 3147 468 2790 3085 1877 1860 1096 983 633 210 1101 1445 841 1857 103 3005 1726 2188 2584 489 2386 951 127 1441 781 2911 2354 511 1092 2848 3298 1688 557 1335 848 979 1957 736 830 2593 2446 3074 2159 1528 1279 1088 2942 2079 2693 2908 555 3213 2754 1408 732 1005 701 2692 3111 2171 1695 1396 1192 2541 2159 330 2145 363 1641 1043 2912 2168 1295 28 808 1392 1120 1054 948 1861 1676 2578 3198 1021 1703 906 3102 1495 1294 1220 1569 1339 3042 1818 2717 3256 703 1056 3029 1038 635 1229 504 991 614 2235 38 3156 1050 1014 34 1653 1330 1448 2438 1102 838 3276 1712 2607 1659 1438 2068 545 3095 1163 1842 2272 2287 904 1342 465 2338 1691 1719 2761 3061 1646 800 2384 800 1646 544 2384 1554 101 156 2907 1411 275 2953 899 557 2965 341 634 2653 3149 658 2071 1305 634 2035 1542 2278 1242 273 2095 1296 1455 2483 1560 2131 424 2733 2291 1070 1264 302 1274 2170 2363 546 482 238 3131 86 399 841 103 1857 1169 2210 1511 769 1261 464 955 312 1054 1523 1208 2666 1780 1296 2483 2151 1560 1146 833 3248 489 1858 3159 1930 9 198 643 1792 354 2936 2167 1396 1562 1559 1687 963 244 246 1201 1381 1255 2537 1484 831 2809 638 1572 1818 1225 518 263 71 3124 200 1115 1636 628 2083 2127 2316 2453 3055 2149 2253 2235 1584 1909 1993 1089 1104 1029 981 1469 2123 1219 629 1837 2334 166 987 1081 2471 1007 3066 1640 2594 828 112 1670 1366 1502 1015 56 2079 312 955 1054 1746 161 2005 1539 112 2604 1003 315 191 2773 2360 2651 2116 473 804 567 1365 2708 147 2632 1592 2261 876 1709 783 311 2279 1143 2058 2920 1655 2444 754 1498 2333 2971 2866 2976 214 1928 2516 337 2467 3091 2471 1801 842 1640 2388 863 191 1446 1609 2773 2842 2073 1854 2830 1660 34 2558 1801 2471 2275 2969 3022 2990 1 1687 2417 1378 590 1304 959 2459 145 2407 1168 3065 1355 1340 2883 1691 2761 2146 2168 2003 2711 638 2458 2989 1225 2355 405 558 1484 2870 3180 2529 2578 703 2336 1056 1038 2743 2465 1635 1299 3257 1995 2958 2565 1305 2035 2370 677 1263 2244 46 3030 3004 2955 342 958 2461 1533 2351 1606 2461 1305 395 677 1958 2869 1020 3180 2798 3008 2570 1981 1888 1694 2867 731 1496 957 2237 1404 1883 3295 2395 1103 1971 3277 1308 1756 831 2537 2191 1484 3119 2043 560 861 2159 330 320 693 1876 677 395 3263 2579 1832 453 2231 954 846 1079 1480 2704 1266 1655 1851 1341 1076 563 1139 2352 2067 153 20 1609 2842 2403 2073 283 1674 3115 2488 2920 2444 2058 1823 2405 194 1631 2230 128 161 1162 313 1172 966 150 24 226 825 2351 2652 2069 1526 1594 1670 239 1263 46 3030 2069 2289 3093 420 1460 1909 2118 2517 2710 499 2096 1779 3238 2039 2113 3191 3211 3248 1876 3263 1361 548 2625 2578 778 504 3221 865 1349 3207 505 1311 1545 1693 281 2193 3054 1696 2552 1716 1839 2332 254 1861 473 2116 1177 567 1929 59 277 496 1961 2907 2735 356 1931 161 1901 2984 1357 2433 1764 2090 2879 1860 542 983 1798 2113 2074 1906 1791 1990 1377 2641 3200 2257 2686 909 944 2444 1655 393 2706 782 2 1661 2884 2280 1972 1355 328 138 499 570 2735 1584 1201 356 2366 1694 1272 731 2808 2041 2475 1571 1346 2030 966 42 484 2151 1560 1578 3086 1255 131 1164 2704 3096 3037 3024 1234 2843 515 1227 2264 537 655 399 779 3201 1877 2624 1305 2035 2461 395 403 1305 1540 1439 114 3102 2068 2559 177 92 559 414 2849 769 2891 2646 555 2908 3240 3213 2729 1540 2370 1439 1276 2696 2718 348 2620 573 1603 2814 506 1101 2122 380 513 499 2710 1779 1545 281 1543 2193 3000 3203 2319 26 982 80 2236 2100 1663 346 381 2631 1015 1502 2999 1165 1695 1396 2202 1192 2334 91 186 2769 3004 2153 2003 587 1449 336 1842 723 2069 1514 1594 420 1392 374 291 1738 1743 2646 2210 1100 524 2167 665 1562 283 2158 3171 3244 2581 246 159 298 2923 66 361 3062 2989 2458 3169 1225 2333 782 1138 1343 2475 899 2628 1571 3175 362 979 991 2080 1689 2701 1419 1107 2390 997 2673 3042 638 1572 1818 2428 2604 112 1135 2484 773 664 546 452 3158 622 2987 848 3221 1335 1095 938 782 2333 1343 1822 2532 1733 1792 1995 3257 2958 1737 672 2370 1540 2035 484 1455 979 1560 3238 2113 3068 3191 780 473 676 567 3169 638 1818 1225 1210 511 1853 149 3054 2552 1696 2663 2111 1685 38 316 2371 1954 453 216 541 1766 1044 1217 2158 92 3171 3244 2564 1115 127 349 848 2371 2885 34 1253 2285 2706 1530 1902 760 187 589 2485 2842 2111 316 253 3230 1156 73 1994 1792 2532 2856 713 2823 1329 1058 1995 1368 1841 1165 2808 2475 483 1571 2706 770 2594 1135 3120 1559 1687 2268 3029 703 3277 448 1834 1184 1994 2724 3253 3251 1296 849 888 191 863 1446 1971 1308 3277 448 1726 2301 2308 489 2501 1108 2810 2419 2415 2395 226 2652 1642 1460 2118 2517 1804 2708 147 2424 2191 2537 3266 298 1561 41 811 1979 1841 1995 801 2565 2170 2363 2104 546 464 1795 3098 2724 265 460 1114 2419 1994 1184 1792 2856 3253 1296 2130 849 3155 42 966 471 2911 511 1580 392 1773 2115 2237 1702 2008 2965 1335 2026 2891 769 1384 2210 226 189 825 2652 2206 506 724 2122 1835 1043 1641 2518 1990 2445 3270 714 834 573 3125 3255 139 2799 3147 468 2072 3282 2704 1765 1782 1783 2147 151 2581 6 159 1466 2356 1909 1584 1089 1525 1838 2621 2586 1655 2444 2920 1266 2356 1482 1584 1909 1651 2826 2508 1438 3226 1073 2831 2425 2494 1376 2819 1079 2396 237 2655 3082 1277 90 2821 1514 230 337 569 3091 2990 3124 1 2672 2770 789 2697 1029 1878 775 224 1209 1104 2853 2697 1469 2395 1103 226 2652 1674 2646 2475 899 94 1936 1494 2653 1753 1965 3011 543 2779 794 1593 1192 966 904 776 3062 221 1735 1443 533 3167 1688 2702 726 2706 112 2594 1463 599 573 834 3255 755 2732 337 2943 2454 1602 842 1640 3115 1674 2628 2646 773 546 2484 436 3240 2693 555 1924 139 2799 468 1813 769 483 1319 3183 1842 2257 2815 2272 3136 1079 846 1788 1088 2079 2727 1027 2986 57 1718 3177 1946 336 360 723 2008 1335 3069 1241 2433 374 2090 89 2955 587 1375 896 1417 1872 2626 2409 3120 1687 1559 244 3132 1839 2816 2332 2109 425 1306 59 47 38 590 2004 652 2395 468 1103 960 291 374 1738 581 3145 1717 1016 488 3041 2978 1281 3168 3065 609 3261 2735 1201 229 1466 2569 1735 1245 1697 3000 2319 3008 26 2132 1091 622 1444 1642 511 1460 2517 1015 2999 3118 2873 2976 2416 214 1928 1773 2237 957 1222 1330 1075 1926 2213 3004 1960 342 423 1462 2102 1700 168 358 2776 2718 2696 841 2607 103 1169 415 453 2141 1954 1090 3216 1575 1914 987 3090 186 1699 2309 3004 981 16 2626 3059 1647 1819 318 2518 3184 1268 3120 1687 244 2268 2575 1629 1900 203 2309 981 3004 2003 778 2455 3281 433 1317 2911 996 1824 1936 1494 2653 119 2562 1362 1003 2428 3221 2881 2415 2652 1867 1366 1677 56 3060 980 265 460 1489 1465 1766 3297 1946 3200 905 2257 2194 381 2631 1391 2783 3173 386 2082 873 931 1764 2778 2290 1156 3230 73 1323 1836 81 693 361 1711 1846 1026 504 1241 635 991 2040 1219 2168 2711 52 202 3038 1675 2287 1476 332 904 1882 2171 3111 1499 3141 1199 921 579 860 3065 1815 3261 775 906 1933 1495 1770 664 773 3206 170 2033 2641 1179 1253 1381 131 1074 1349 1311 505 1048 987 397 2539 3090 121 2850 2985 2213 918 1689 2701 734 1420 900 762 485 3238 1502 1118 623 3267 118 861 2610 1426 1629 1482 203 1876 395 3211 3263 1210 2911 511 149 2597 2388 602 380 2581 246 331 1466 437 1618 1706 41 182 1602 3066 1007 2180 1633 1970 2393 1493 1179 2466 1539 559 92 177 1364 1417 1872 2674 3059 2238 500 3163 431 2060 2337 861 1577 171 2885 1455 1812 2980 1184 1008 3264 435 325 1315 2593 1647 41 906 1338 2508 1651 1438 1999 2090 80 982 2100 1592 555 1742 1720 672 2035 1613 1533 809 3131 1527 399 74 1618 1717 579 2481 2780 329 1106 2151 3130 2483 2732 221 1443 1550 533 3246 2035 1736 2881 2118 1909 1460 2672 254 2332 1839 2647 2354 511 2911 149 1733 1067 1792 443 1853 511 442 149 2132 1398 3195 1444 1896 2257 1989 909 842 2471 1031 1801 755 980 3060 460 910 1815 1806 552 2151 2483 1455 1560 2682 2540 2139 1134 783 2942 311 1143 1617 227 404 1735 2137 803 2576 3191 984 628 1636 465 311 1279 2816 2332 1482 1580 2356 2708 1482 1629 1909 2517 1825 1397 2541 1441 2539 57 2986 3177 890 668 2249 1553 1136 2590 1223 1896 1259 650 2482 1028 2990 1 1909 2672 581 1016 437 1979 495 28 1295 1392 1609 2403 2773 2073 137 1370 1077 2081 1641 510 88 2369 446 155 466 1608 3136 2812 2819 1079 1477 683 1514 2699 1455 1094 1409 2344 800 767 2948 699 265 1918 1114 460 2884 1282 1972 2280 3228 996 1777 1002 1690 1719 1691 391 224 775 3102 1209 103 1595 2101 1169 1695 1192 1934 2541 186 3090 2334 1699 2366 1388 2867 730 3121 560 3119 307 620 724 506 2122 112 2098 1066 1463 1411 275 1099 2953 2838 185 75 1578 1475 2681 731 2610 2706 2 2594 1661 2995 767 2569 1646 49 1460 1153 274 1277 2821 90 2896 1357 422 2090 2778 2337 785 3084 1577 2605 1577 2358 2665 2637 320 330 693 3054 1132 1696 1716 1097 263 642 1089 2356 2277 2708 2632 387 1325 1937 2289 1440 581 3002 1591 1766 1465 1689 3297 2412 2897 1440 1016 642 2515 1768 3093 2049 1569 1294 1220 2237 512 2063 2203 756 1587 2503 2537 2466 1746 161 2111 2334 59 91 1287 745 629 2123 1219 1111 118 2376 743 1930 1685 2563 2282 3064 2786 2661 1466 343 997 2390 2160 2122 1101 1445 2073 581 437 3046 1979 3287 381 1195 2631 987 2334 3090 1699 616 310 1563 248 806 533 813 1756 3130 2223 1471 1864 1299 2320 2465 3030 1229 504 1152 543 1836 2657 40 81 1857 2101 103 3005 3221 848 1335 991 1356 2649 3144 146 2072 3282 1116 2704 557 848 1335 1095 1544 3114 1426 1708 2198 760 2119 1767 2246 1033 93 2291 1798 2137 147 1178 2706 2 782 1648 3160 2348 1138 1005 1275 2340 1667 1115 2080 2213 2104 2140 155 2263 1845 1608 1251 2447 1332 1767 2482 197 1259 1028 1351 2308 3232 2229 1381 1253 131 3219 853 2442 2259 1371 213 1766 541 231 1195 3287 2402 381 922 2621 307 2586 1759 739 1284 2505 1545 2280 1693 3065 2749 537 2264 399 1466 282 159 298 2410 682 2926 655 1296 341 2117 849 1595 2576 2137 2424 2548 1284 3254 2505 2974 1923 2239 2094 1971 703 3277 547 1319 2891 2849 769 2784 667 1319 769 2891 667 1384 769 744 628 984 465 3061 107 806 476 660 1685 2360 2369 1641 1472 510 2369 432 1368 3144 2744 1280 699 544 2384 1129 3195 822 1398 3276 419 1712 1169 432 970 1501 2814 134 730 2657 2514 182 1664 2554 61 1396 1562 2177 1422 1409 1094 1455 327 223 2647 1839 594 2894 856 407 951 2389 2552 1068 2046 1650 2772 2276 2535 2289 2515 642 3093 2216 2289 1526 420 1920 2194 3287 2631 3172 289 151 278 1207 1101 602 2403 1766 918 1689 1044 470 3034 2211 704 1251 1300 1332 2447 3150 310 616 3296 493 958 1368 2744 1340 1917 876 1691 1592 1340 876 1691 2552 1716 2002 2046 2797 2358 2336 2665 832 3228 1777 1002 361 2923 1711 1026 2175 2486 2101 248 1781 2177 3224 1846 923 1808 3228 1028 79 1230 1503 1746 3215 147 1798 803 2283 1037 1816 2953 1129 1398 2179 3037 1927 1276 760 2696 563 2959 2827 2707 516 333 740 2759 1243 754 2333 2971 1043 1010 1162 2937 2893 2112 1018 1735 2592 1845 902 973 615 510 1817 1268 1726 2584 2301 489 964 2947 1107 2390 1971 1311 3277 1756 2641 1493 286 1179 1186 1271 2520 2580 350 1460 280 2899 736 2593 3291 2836 2547 1438 37 284 1740 216 2169 2231 2991 177 2649 1364 1462 1700 1879 168 364 2464 2425 3243 2948 1693 2797 752 2117 1149 2418 849 29 870 1727 1171 882 148 2630 2182 1686 403 1439 634 1641 3184 1472 2369 2309 2763 2003 2374 663 2067 2352 20 2850 2080 2213 734 464 1054 312 2075 3240 2693 976 2908 104 1554 2907 449 2249 838 2695 1497 2605 1140 1577 2665 1529 420 1526 1670 1472 1641 510 1268 2036 1345 1766 1044 686 173 2320 1066 290 713 1106 354 95 635 1229 504 1229 1152 3153 543 2122 380 1101 2073 3002 1591 581 1979 2864 2907 1426 1725 88 510 1641 2041 2002 704 488 2039 1993 229 1584 1097 682 655 2264 537 1310 469 2384 1019 1641 2912 1043 644 3050 286 1493 1179 2099 1815 3065 1168 1235 1081 2155 647 1766 2519 231 1898 1132 1203 740 2002 2137 1178 1595 2424 2606 3276 1712 1702 2270 2184 1620 3008 2255 3272 240 950 342 958 2955 423 1660 2830 3203 34 2569 1245 476 1697 1492 336 1449 723 870 1727 1171 1992 1118 3298 3118 2695 154 773 2484 436 782 2896 2 1661 1092 2873 2127 623 2198 1394 308 2247 853 1173 2620 1371 112 2098 2604 1066 2808 733 2122 3183 2072 2648 3282 1765 1675 1801 2309 2372 1183 148 1178 3285 275 1313 2953 899 1450 650 486 1824 1077 2081 1370 632 1652 2899 3142 3179 4 1097 642 1089 337 871 2408 569 1745 3167 1180 1481 452 618 3158 2987 2356 1584 1482 2277 1260 493 2309 2275 1534 3152 668 1553 99 289 2198 1767 1192 856 2811 1424 485 1264 2521 1274 1663 381 2778 2631 2641 2466 1493 1179 1114 460 2725 2419 1674 1817 2475 1100 1797 1144 1480 1391 2606 1702 1712 999 683 90 1514 2699 1994 2532 3252 2707 3115 1674 2646 2488 980 1918 265 460 1260 2309 493 2374 1409 2483 1990 714 3174 1723 27 1405 189 1813 1103 825 610 3188 1392 1738 1472 1980 725 1006 1743 2003 2763 2153 84 1652 3142 3179 2309 2372 1801 1640 141 1398 822 1139 2797 2358 564 2336 1620 3269 2270 3008 2735 1482 1629 356 2385 3042 1572 1818 1340 1917 856 1709 2776 1996 1813 63 368 2079 3029 1056 1884 1735 3076 3268 2882 2885 1014 34 485 92 1264 377 2281 281 2797 1022 2948 800 699 1091 615 510 2953 899 3101 2484 1406 2160 2927 1842 1269 1449 3104 2732 968 926 1296 2151 2483 2732 1587 2191 3266 298 2170 2244 3234 1465 182 2554 1602 1007 1381 282 246 298 2486 689 2175 419 1317 996 1777 1824 882 402 2630 148 2444 2660 2058 1823 1073 2425 3226 2276 731 2610 955 743 822 1398 3195 1139 2226 3022 3064 229 510 1456 2953 899 1654 1447 2379 1675 1337 2370 113 851 2552 2389 1222 887 2888 2695 3100 1134 2858 795 419 481 1872 1608 2674 3059 1050 93 3203 1730 568 1780 2440 3231 2908 3073 2887 1918 2181 1031 1360 1801 2481 329 2871 1106 1003 2562 1670 315 1265 3211 1094 2371 2040 1043 1780 3152 1279 2942 311 2079 1994 2532 2707 2856 3037 2052 2513 2315 2888 2625 2638 3005 4 1201 1584 356 645 987 397 73 1337 829 2212 2370 2455 3203 93 1730 1869 499 513 1912 219 2127 2629 1371 1933 1647 906 773 1221 600 2000 1930 1534 2468 3043 3152 2237 1222 1773 352 121 2505 205 27 2815 1842 2474 2257 312 1054 2079 2075 2808 888 2041 1571 2178 3149 2653 1419 1243 1498 754 2971 1299 1416 2320 3030 1782 2964 3233 151 99 2549 498 2198 3057 3225 20 1928 369 1088 533 448 2917 160 537 2173 470 2211 2550 704 2774 2942 368 251 1228 633 313 1445 3294 745 2123 1219 1939 1638 2261 856 660 2360 1922 499 44 2873 3118 824 1141 2132 1129 3037 2752 1685 660 2369 87 2402 3287 381 2406 2519 1766 2535 462 1067 1733 443 1210 511 2911 392 563 3029 3277 3252 2146 2003 2168 2153 1243 754 2622 2333 1276 760 2696 348 2823 1386 1834 1240 746 2953 1921 1980 2771 1736 3239 1212 2552 1716 1696 2663 550 2959 3277 3252 555 3240 3263 3213 1955 900 1420 1313 513 499 1869 477 1853 274 442 511 2192 2117 185 341 3294 1219 2123 1837 394 453 1863 2231 1118 2695 1960 2853 1280 1091 2132 3024 3045 968 2151 926 2525 903 2265 2625 2309 1260 2275 2374 1785 634 2965 2026 177 1264 485 92 1331 165 289 2247 2520 2290 1156 2685 640 201 2633 436 3231 3152 2573 1553 435 3291 2593 1709 372 349 2456 3018 2226 3022 229 1 1246 1383 2217 2958 157 2697 965 3276 2850 2213 576 734 2774 368 2942 522 2118 1460 1098 2672 1349 3207 1311 2987 2080 1330 2104 2213 541 1044 2081 1217 2104 3297 2080 1419 2613 141 2792 1398 1475 118 3267 2610 1219 2003 981 2372 2516 1636 1342 569 488 2002 740 2759 2423 1406 3101 2484 1029 1837 789 2711 1341 2707 2171 1139 681 2382 1335 1241 1172 150 966 1912 638 3169 2458 1225 3147 2799 2790 468 1381 246 2723 298 3130 2223 2641 1471 1340 2693 2887 980 2502 477 513 24 2619 343 2390 2160 1041 1917 3107 3009 1668 2513 3037 2052 2717 308 843 3256 2712 247 3237 567 573 853 2620 1603 955 1056 118 2610 1960 2695 2249 2853 1104 3004 2003 587 598 330 2097 693 2290 2520 1271 2685 1656 2536 1126 2515 1308 2843 1166 1756 3076 1735 2569 3268 2615 970 2765 2649 1798 3041 2113 1906 346 1195 2402 381 2584 3073 2491 707 3168 3261 609 2586 3131 3109 655 399 809 655 3109 399 2911 1210 3079 149 3267 118 2060 861 2827 2959 1822 2707 3221 1241 504 991 486 1632 1777 2182 96 790 3114 1426 1492 61 1449 1222 2633 2777 2438 284 1922 513 499 2204 748 2594 1594 828 1971 806 2963 1756 2194 381 3287 2631 202 1675 52 1049 2245 2976 1437 2393 1541 2576 470 530 2043 307 1838 2586 2080 3297 1689 1419 3122 2246 1954 2291 2249 0 668 1254 1183 1178 1698 3285 1381 2723 282 298 2838 3159 1657 1578 2892 485 2521 1274 134 2817 1329 3271 493 958 3004 16 2356 1909 1460 2517 668 2417 1835 3152 2170 3063 2363 482 1172 2923 66 24 872 205 27 3148 488 803 3041 3191 1718 2989 638 2458 571 1393 672 2370 1586 943 1399 2989 2900 1575 3216 1914 2920 1266 2444 1823 153 2067 3033 20 3175 551 362 991 2417 590 1687 3184 2472 2097 598 330 776 1846 444 1562 1416 1299 2320 1339 2706 2285 3181 1463 938 2896 782 1661 1308 813 533 1756 2539 397 987 2846 1555 2777 2438 1102 2151 968 3130 2732 2990 1909 2687 2672 415 1954 2141 216 1184 1499 1008 2856 1836 40 1323 81 17 1635 1299 303 1656 1126 698 2515 2360 1685 88 2369 3277 2843 550 1027 432 1603 1995 2814 211 2116 804 2315 3033 33 153 20 2403 380 2388 2073 397 73 987 2846 2388 2403 602 380 79 1771 1230 1746 1835 1043 2004 316 1650 2519 2406 2535 3204 1525 2613 2621 2612 1484 2425 2519 2485 2004 1043 316 1777 996 2911 1824 1600 1149 2192 849 247 1177 2116 567 1848 1075 1392 540 3033 33 20 545 1933 2777 2633 284 2667 3207 967 1311 2992 3198 3113 2578 76 2699 1914 1267 1333 76 541 1324 2571 2207 961 3030 2923 1172 66 3062 147 803 3215 2277 563 1076 1490 1139 1269 1842 2001 1449 1056 861 118 2610 2356 2517 1460 2150 3037 3096 2132 3024 2566 2452 1330 1448 2222 2520 1186 1156 3115 283 2628 1674 2176 1834 2197 1427 617 2336 2797 752 2686 2257 1896 909 1927 760 2198 2696 2080 2104 1075 3297 3016 1815 1806 1168 853 685 2442 1371 2552 2663 3054 887 1766 231 213 1898 942 2284 2081 1217 3172 3090 186 278 880 2267 2333 2218 86 3131 2313 399 1822 1792 2608 2856 1920 2245 941 2976 2455 3203 2319 93 779 2624 1117 1271 2405 2569 1245 476 1320 1900 1412 1708 1634 559 92 414 2461 2035 2415 2909 2389 957 2552 1222 1995 1603 432 1165 755 1918 980 460 2422 1793 2358 743 2415 2351 2461 2909 197 2482 1808 1028 1585 1739 1186 2580 375 46 466 303 3045 2117 2502 926 2360 499 660 570 1114 2887 3073 1918 2356 1580 1482 2517 1296 849 2117 926 523 587 2955 896 2469 1716 1132 1757 2422 2358 118 743 1966 2122 620 1445 2747 1490 3195 1444 1107 343 997 2390 2232 3026 2163 2657 3238 1118 3298 623 1041 1691 1719 391 2615 2649 177 2744 2900 76 135 2699 1199 74 1717 579 2988 2629 2127 1371 848 1064 1050 1730 1375 318 0 3189 1308 533 806 1756 848 979 1335 991 1416 1463 1333 1774 1014 216 1409 666 2446 1879 894 2714 254 2302 2332 2647 2131 2119 760 2447 83 1930 2840 244 841 103 2607 3005 1647 1933 906 2164 1394 151 3172 289 2074 2888 2848 3298 3016 1806 1428 1168 480 1808 2482 1028 435 1720 3291 1709 2081 2284 632 1217 2762 2813 3234 140 2321 1591 2219 811 2370 1439 2254 851 1392 2330 374 1738 1669 572 2362 3255 2226 229 1629 1 1195 381 346 2631 3086 131 1255 2723 2198 289 1394 2247 1082 84 877 3179 1361 1745 1991 2625 1308 2843 3277 1027 1350 3069 1335 1241 770 938 1097 712 1798 2113 3041 3191 2366 1272 439 948 2415 226 2351 2652 713 1184 1834 1427 2749 1543 2201 537 1913 119 973 2071 74 1706 437 1618 388 3180 2870 2578 2612 1484 2519 1150 2408 776 966 904 969 336 1366 56 3294 1029 1219 1837 2864 803 147 2277 1946 360 905 3200 2516 1342 871 569 1152 916 2455 26 2348 782 2833 1343 2813 3234 1862 482 1172 1346 966 3062 2796 2913 833 1720 1961 2735 1201 356 1764 2090 2433 1707 3199 2484 3101 2160 977 2229 1146 1287 1070 721 2293 1375 1521 1614 2686 2343 1990 2483 2445 714 1993 2899 1652 1089 229 1466 1201 712 1416 1333 3149 1774 3155 2110 2555 966 2815 2927 2474 1842 206 2947 964 2390 2176 2611 2014 1386 88 2369 510 2041 1835 590 2417 3184 318 302 1375 1268 59 2334 91 2714 601 2628 899 1571 2151 2149 3045 2627 1721 2145 768 330 1594 420 2017 1670 2897 3145 581 1016 3047 350 2899 2672 1432 1650 2772 2276 3221 504 1152 991 987 278 2539 2846 1677 1716 1244 2918 1285 2081 137 3188 2351 825 2459 2652 1478 1129 1141 2132 2995 767 699 2193 2170 2104 2363 3063 158 1700 1067 647 237 2068 2655 3082 4 642 2978 1089 1801 2275 2558 2832 2190 1299 46 2244 2841 1299 1635 303 1094 2371 3211 927 1183 891 1180 2578 444 776 1565 1846 104 1426 1708 449 2472 1818 598 2097 884 292 162 1039 2118 1460 1642 511 1296 2117 341 1560 28 1392 610 3188 2080 2985 2850 2213 755 337 3060 2943 2991 2649 613 1364 2308 1146 977 2229 285 3180 2252 1262 1785 634 1686 849 622 1091 1971 1444 610 1392 291 1738 737 1266 2719 1851 2170 3297 2104 1419 495 1392 1295 1707 523 2153 3004 587 2049 1220 1294 1242 1065 1896 657 909 1595 2137 103 1178 2717 2091 358 2776 1411 2953 1456 899 1886 2497 3270 666 3163 2822 431 3123 617 2797 1693 752 1627 2840 600 244 2116 567 804 2315 877 1558 3179 726 1219 1837 1029 2711 617 2336 2358 2665 872 2709 205 3148 2406 2036 1345 1766 3154 1180 2074 1698 969 1366 1867 56 3004 2955 1960 423 2816 1271 2520 2685 250 2727 2079 2075 329 1106 2780 168 635 504 95 1241 2566 438 2452 1448 2838 1657 185 1578 2211 3034 3028 2759 1283 498 3058 760 415 453 1954 216 1335 2965 5 979 1020 985 3079 149 613 2044 1264 2649 2151 2627 3045 1578 2165 485 900 1313 3048 916 606 26 802 2899 2895 3179 2931 1643 1090 2699 1862 773 664 3206 2650 234 2243 419 1276 508 760 348 2548 3174 872 2505 486 1777 1632 1824 211 1116 1189 2315 669 1608 466 1374 3272 390 950 1873 985 3079 2911 2182 821 872 205 2505 226 1103 189 2652 1118 2695 3118 423 2516 3060 127 349 127 3060 265 349 2098 2285 2350 2391 1003 2428 1362 2604 299 1597 1336 421 3090 278 3172 3177 3064 3022 1190 229 1665 2719 892 1019 1430 2491 2188 2584 629 1219 745 1511 3230 687 2532 1202 1223 1065 1218 1896 153 917 3192 20 1830 2822 3123 1999 1104 2697 1029 1469 2446 2311 1036 3074 1515 2673 1770 3206 1920 2976 941 2162 491 1887 253 1235 1296 2151 2732 926 515 1088 1279 1027 2192 185 2117 75 1098 2118 1153 1460 2959 3252 2532 2707 1885 431 2822 1999 189 2459 825 2652 2593 951 830 1336 1245 2405 227 2569 1938 2270 3269 3008 112 828 1220 315 924 603 3254 2278 1246 2275 1260 3157 2966 891 3180 2578 3111 1882 727 2171 2803 1594 2341 420 2145 330 226 1606 3301 151 1373 278 422 1079 846 1480 1687 2268 1559 410 431 3123 2822 1999 64 1040 2942 1143 3296 3077 2182 2424 2300 504 3143 2335 2346 1354 1157 1355 2363 1556 773 482 3301 1783 1394 151 1375 302 318 3189 1885 2970 2822 431 1656 1558 698 1688 1641 2168 2912 644 670 393 2704 2315 613 2521 485 1264 2579 2141 415 453 1132 2002 740 1757 1440 581 1591 1016 1748 2769 1332 2286 375 17 46 303 3086 131 1959 1164 2942 2079 368 251 1682 2573 3231 3152 1360 2471 1031 2343 2547 1495 1438 284 1723 872 3174 27 2779 656 1967 2082 2420 84 1082 1652 2539 151 2986 278 2384 2719 1280 1019 582 1712 419 795 2461 2035 1533 1606 3253 1439 2331 1935 884 292 1039 671 2853 2203 2063 2854 158 1067 462 647 768 226 330 1606 1933 640 2633 436 555 3263 833 3213 402 3079 148 1021 668 3184 318 2518 675 1629 1482 2517 158 354 1067 1700 1413 1687 1378 590 2270 1938 1237 3008 2074 3298 1092 2113 548 3284 1361 2625 357 516 2930 2002 1008 2543 2851 3264 606 1152 3203 26 1008 1184 2980 1499 2912 1511 1010 2937 492 3028 3034 2907 954 846 3136 1079 1305 677 2370 1439 2471 2053 1007 2343 2145 330 1721 363 2280 3065 1545 1355 1550 533 1443 753 2145 2446 2159 363 2006 2959 553 1710 3278 564 36 2665 560 3121 1795 307 1681 1799 1354 1355 571 2370 672 1533 320 1721 330 363 1296 3253 2130 722 2330 1075 2104 3297 508 1927 1276 760 3087 2237 1404 1601 1213 1978 3173 2082 148 2182 882 3077 3240 976 327 714 2946 185 2117 341 603 2278 924 1643 131 2703 1959 1164 3180 3079 1958 1021 1841 1368 1995 2565 964 45 2390 2673 3120 1559 963 244 1978 1213 3178 2082 2482 1610 480 1028 15 2769 186 289 211 804 3279 2315 608 2704 1655 1851 942 2081 2284 632 516 357 333 2759 878 1980 660 570 2986 2524 3132 57 3240 327 927 714 957 1068 2389 2552 2 2706 2594 1648 453 3211 2371 927 2752 1685 38 1258 516 333 441 740 512 2063 2203 2854 1492 1502 1366 336 68 1896 2961 2343 1711 1781 1846 1026 280 2895 1460 1262 163 1499 1184 2724 1703 1495 1438 2164 678 2267 3124 2510 186 91 2334 165 2330 2633 1330 80 3215 2694 1089 356 1927 3058 1390 2198 555 833 1720 3213 2706 3181 1253 3219 174 3018 349 2419 1478 2132 1141 3096 341 2965 557 979 2204 1778 230 1864 2563 38 1685 1258 4 1089 2694 356 1096 1117 779 2624 840 725 624 2268 2063 2853 2697 352 3204 2613 2792 2621 1647 1556 1933 2164 846 640 422 1480 2283 347 1037 2953 2098 1463 2285 2391 2394 1675 1447 1801 2249 35 0 1254 3215 2694 3041 2978 1341 2171 2692 1139 67 0 318 3189 1220 1242 2049 2430 1342 2408 776 871 664 2673 2683 3206 1718 2432 2989 2817 1070 1375 2293 3189 1229 606 3153 1152 134 2432 1839 1240 2585 1336 407 421 1494 119 556 1405 2801 921 1421 3082 1129 2132 1478 1444 1933 1647 773 1556 3257 3200 706 801 162 1039 292 839 524 665 252 2177 1600 2192 341 849 112 2069 2594 1670 850 2769 2229 1699 1246 3157 1260 414 631 1687 1413 244 1665 1280 2719 1019 2117 849 2130 926 1491 3296 2182 2424 2797 2336 617 2665 2808 2122 483 3183 2256 2840 1627 244 1488 1375 2955 0 2461 2145 2351 1533 1014 2371 1409 216 1971 3195 1490 1444 3045 2627 304 2282 798 3085 778 2868 2177 1846 1772 1562 684 2765 2615 970 1315 435 2593 1709 790 1426 96 2496 2330 1330 982 80 2254 3013 1198 851 2883 3253 722 2124 1885 461 545 1999 1703 1438 409 2164 2267 2333 938 2896 1475 2060 3267 118 1809 2039 3041 3191 1253 2706 3219 1530 550 3277 1311 2843 90 2896 2 2250 617 1056 118 2358 2858 419 248 481 2446 290 329 1879 1603 2500 1995 2814 1005 632 2284 1217 1815 393 2444 2660 1075 2213 2080 734 453 2371 1409 927 2445 3073 1114 3185 2266 607 228 1048 2145 1304 1036 2351 2309 3066 493 16 2438 431 37 3123 3246 1606 2035 2881 3111 2171 2271 1499 1626 2052 2078 2233 4 3215 2694 1089 2706 770 782 1661 1925 2280 1282 1577 3170 1014 2885 1812 1862 3059 2898 1556 3130 2151 2483 2223 1342 904 978 465 2653 119 1913 2071 664 773 1862 482 1809 1244 1716 2918 1690 3262 1948 391 3038 1675 202 1801 162 1026 1039 839 337 871 3060 2943 2455 93 424 2844 2005 161 1901 1539 829 1755 1393 2370 2320 173 385 2861 407 1336 2042 421 1890 2015 372 3018 564 2358 2797 2665 2883 722 1039 2124 3230 2532 1581 1202 3098 1795 998 2724 2405 227 2569 2230 938 770 782 712 17 255 46 303 2575 1482 1629 203 678 518 71 3124 2053 2686 1896 2343 965 2770 789 2697 1122 2584 3035 3291 797 2300 504 865 2520 1027 2727 1581 550 1027 2520 1581 509 37 1651 1999 544 1646 238 2384 1609 2204 2360 2651 794 2779 2954 1192 1659 2068 1438 3082 559 3116 92 1364 186 2769 91 165 3086 2807 131 2723 689 2175 419 2101 3034 704 2576 803 613 2521 2892 485 1927 3058 2198 760 304 2204 230 1864 2687 1909 2990 1 3278 2358 564 2665 3045 1778 2204 1864 1409 1014 2885 2371 3045 2149 2151 1864 1733 1067 462 1792 700 1833 1186 1156 1971 2987 1311 2963 1624 2696 2776 1875 1223 657 1065 1896 2346 1681 1354 1355 1381 3219 2786 282 1342 1636 2516 628 2040 1780 1043 1010 304 2627 2563 2282 279 1714 2627 9 1772 66 776 1846 1766 541 231 1217 3000 2319 2910 3008 2653 2178 2505 2095 560 1838 2043 307 2330 982 2633 80 4 1097 770 447 708 1392 3188 540 2130 2124 401 2698 1933 1338 640 436 462 1067 158 354 2729 1439 2370 851 1659 1438 2635 3082 938 770 1097 1661 1041 671 839 391 737 1266 544 2719 1069 1514 3093 420 1957 2593 830 1336 488 704 2002 2759 2146 0 668 2711 114 1928 431 284 1575 76 2900 2699 2281 2797 36 3268 1104 789 1553 2711 1736 1540 1871 634 640 1338 154 436 840 660 878 1980 1015 1677 1366 56 938 782 770 1661 1910 791 2372 1640 1494 94 2653 1405 3000 1940 3203 26 3180 1853 1210 1262 1039 3107 1772 2943 1039 1041 3009 671 3042 638 1818 3256 2263 2592 1845 902 255 46 1299 3030 1615 913 65 1356 484 864 2151 2149 939 2841 2890 1299 219 2988 2629 2127 2420 1768 2441 263 2547 178 1651 688 1377 2306 1990 666 757 1719 3245 3013 2808 2122 733 313 2350 3030 961 2861 2445 2908 3073 3185 941 2559 2976 2393 790 1320 1544 1426 808 708 1392 3188 2536 1688 2609 2453 3251 1439 1305 634 746 2255 1037 950 1922 1685 1930 2282 328 138 1567 1684 2445 2725 3270 3185 839 671 2669 391 1849 3109 809 655 804 567 3279 2315 1296 2130 849 926 364 2373 2464 3243 422 640 3080 1480 112 1463 1066 315 1947 2045 3043 2417 189 2395 433 2652 1862 3234 664 482 827 1608 1872 688 2582 1184 1008 2856 1881 2011 2319 2830 1400 2048 3145 2889 610 291 960 1738 675 242 1909 2517 147 2277 3215 2632 3170 1014 2882 2885 1888 2867 1760 731 1237 2798 2270 3008 369 564 1735 522 1270 3150 3296 1028 1656 2609 2536 1688 1838 560 2043 2473 3142 2899 1652 263 2555 966 2110 3062 132 2559 775 2162 2467 2725 174 654 832 996 2767 1002 2408 337 968 1291 2911 3079 985 149 1733 1792 2532 443 36 564 2797 2665 1440 2897 581 1016 3144 1368 958 2744 2290 1271 700 2524 1878 1829 775 1209 785 2280 2884 3084 2060 785 2337 1577 1397 127 2541 1441 575 1033 2246 2291 2727 2816 2520 1202 1929 277 59 91 3061 2928 1646 2384 1015 2127 2873 623 830 951 2593 2836 2221 1716 1366 2663 2808 483 733 3183 369 1735 1443 522 2807 131 2723 1074 300 422 2778 1480 1887 2155 253 1235 1104 1029 789 2711 171 1455 864 1812 2461 2035 2909 1542 1416 1220 1463 1774 2571 961 2350 3030 59 1287 2334 2714 2254 2370 2662 677 1608 3059 1872 1819 1341 563 2707 1139 2060 861 118 1577 3029 3252 563 2473 1896 1007 2053 2343 396 2428 578 1135 1220 2049 315 2430 1263 2207 2464 3030 2706 782 770 3219 213 2285 1333 3164 873 1159 2090 1707 1686 634 3251 849 1210 274 1853 511 200 2340 984 1636 2293 1375 721 1356 440 1211 846 1391 290 1106 329 168 2432 1240 1329 1216 2995 1646 2569 2230 1123 2210 1654 2488 1971 2963 1311 1756 2081 632 1005 1217 405 2831 1073 2425 2429 1841 336 723 785 2280 3084 1577 2901 888 863 1446 1494 973 556 119 1647 3059 1862 1556 2472 1103 1813 825 1941 2122 3214 1446 976 2483 2445 2732 2890 2320 1299 1339 1263 1416 2244 3030 600 1930 412 244 134 2432 2989 594 601 899 1456 1571 2455 2844 1624 433 1191 1281 1809 2527 1255 1164 1961 2829 3043 3280 2004 3152 93 2246 2319 1033 838 1702 2697 2853 3131 809 3109 399 432 3144 970 2744 1558 1688 2074 726 1773 1496 957 2237 383 867 85 246 213 3149 1333 1324 3225 431 20 1928 1703 2068 2889 3082 1278 2765 970 2649 174 2467 3018 2419 309 2867 1388 730 770 3219 782 712 2838 75 3159 1578 2083 2316 2609 2453 3029 2336 703 448 2585 1549 951 1336 922 1525 2621 2586 1772 3107 1039 1422 2446 894 1879 43 2425 1484 2612 2464 2960 348 3281 589 960 2523 2484 374 1275 3161 2340 2587 3163 2822 2970 431 1862 1556 2898 482 2485 161 1746 2111 838 1712 3276 1601 2132 3037 1141 3096 2308 2229 1351 489 1416 2285 1333 1463 1748 1997 2769 2286 625 2718 2776 1996 3195 1490 1076 1139 1286 2106 1363 3256 2576 1595 481 2424 3144 2955 958 423 797 504 2300 2335 2869 3180 262 1853 2917 537 583 2173 846 3080 640 1480 670 1655 2704 393 1919 2502 477 75 1092 2074 2113 715 2132 2050 1423 1398 2899 3124 518 2672 2551 2321 2219 811 1492 1449 1842 723 1525 2052 2050 3261 1752 174 2725 654 2165 900 1955 1313 294 302 3138 410 1160 2500 573 2814 2177 1562 1772 1422 1921 2953 1313 1006 2290 73 397 2846 2221 1366 969 336 2701 1197 918 734 2035 2415 2909 1542 2014 2197 2176 1834 2808 644 2475 2041 2354 781 1317 2911 2576 2864 3034 803 301 630 2780 329 1718 638 1363 3177 2122 3214 1446 3183 897 1179 3130 654 1749 775 640 1829 2311 3090 2334 165 1451 468 217 3085 2955 0 1375 587 1736 1212 2771 2881 2973 2124 2331 1935 3238 1118 1502 2203 2624 1271 779 2580 1280 622 2384 1019 2018 148 1676 1021 1678 2801 1421 3082 2436 3197 381 2778 3143 504 1084 2335 1333 2348 76 1648 186 2334 3090 165 1494 2653 119 1405 782 3219 2786 712 2 2896 1138 2250 103 2101 1857 1169 254 1839 223 2647 629 1010 1713 1837 2539 2524 2986 57 37 1830 3123 1999 2625 2339 1183 1676 2074 2339 1798 1698 1565 776 889 3062 3221 848 991 1730 1354 1799 1157 1355 936 609 416 3084 3086 131 2807 1074 2936 1604 2199 1562 1766 231 3160 1217 1559 2268 624 410 1280 3096 2704 3024 1114 2445 2725 460 135 2699 76 2250 3254 1284 924 2278 1127 1783 1782 1394 2887 2908 2693 3213 2930 704 2002 1404 1263 2244 213 1898 523 2146 2153 587 938 2267 2896 2510 2201 583 537 2173 3169 2458 2989 2817 1203 3286 1132 826 2170 546 3234 482 3215 1089 2277 356 2931 683 1477 2699 372 2456 1890 3018 1101 602 1840 465 1265 1095 858 1730 2007 1935 2729 851 2498 2450 1763 996 300 422 1357 2778 2662 677 2370 113 1718 2220 2432 2458 77 3173 1978 2082 3061 800 1646 476 1411 2953 1099 1456 1745 2625 2642 1481 1277 2821 2441 3093 369 368 564 522 1603 56 1371 1165 2900 135 76 2250 776 66 966 3062 3237 567 247 2052 2747 2312 1349 1490 2188 1430 2584 489 1951 2879 2986 2524 838 2607 103 1497 204 421 2793 1441 2597 1446 2388 380 1330 1075 2080 2104 2356 2895 2899 3179 1243 2622 2785 2333 2388 978 2403 2651 1596 1706 2626 41 1034 3096 3037 1765 1294 1242 658 2095 2649 146 177 2744 61 503 1729 352 3282 1189 1116 2315 385 2320 1032 173 639 1246 2958 414 2845 118 1111 1577 1678 2125 48 2068 2576 1595 795 481 1930 244 2752 1684 323 1593 2202 2082 2851 2980 1008 3264 1513 2019 166 1235 2520 1156 3230 2685 2396 2655 921 3082 986 1294 658 2095 1865 2395 652 1103 2833 2786 3219 282 1330 2633 2438 80 1416 1339 2320 2391 3108 1014 216 1653 711 950 2953 705 3296 1777 1491 2182 2446 1344 1879 2714 3207 967 1311 2987 58 373 3098 464 2422 2605 118 2358 2438 2633 1330 1102 985 2630 3079 2182 1663 2631 2778 2100 1822 1733 2608 1792 957 1068 2552 1404 2189 3266 2191 2537 1609 2403 2842 2542 425 3248 59 1287 3163 431 500 3123 3029 563 3277 2473 1718 2458 638 3177 2927 2546 1842 1449 1886 216 1014 666 969 2221 1867 1366 2516 871 1342 2138 337 3130 968 2732 283 3115 305 2488 560 1838 307 2473 2579 1954 453 1832 1967 2779 2082 459 1595 103 2101 1178 2018 402 148 1021 37 1555 1448 1181 582 1712 2243 419 3035 1726 2188 2584 103 2607 1712 1169 407 856 2042 1336 2267 1993 3124 2510 523 2146 587 896 657 1896 1989 909 822 1129 326 1444 1766 2519 2762 2535 2504 320 2159 363 1742 555 2913 1720 1309 2127 2009 1371 1712 419 1595 1169 1735 564 369 3268 2169 394 2908 3073 1438 1495 2547 2164 2306 2641 1990 2223 1413 1378 1947 590 1993 1097 1584 1089 1743 1817 1674 1100 155 3006 3288 466 1733 2532 2993 443 2584 3291 1856 1720 3247 365 1665 2719 1361 2625 1991 2578 2912 644 2168 1100 1317 2981 1777 996 1317 1777 2981 1824 1978 3178 656 2082 966 42 2030 1912 3215 1906 1798 2632 2888 103 1247 1497 287 1366 2221 1716 2380 1604 2936 2541 675 242 2634 1909 253 1235 2155 647 842 2788 2471 1007 99 2742 1394 289 174 2725 2467 2419 131 3181 1253 2658 858 1095 3221 1730 325 1348 1957 3291 2653 1419 3149 2071 2096 191 2360 2651 769 2646 2475 1100 1641 3184 1835 2518 1592 1742 2913 1720 3045 2149 304 2627 560 2043 2473 1038 711 2360 2773 2369 2928 238 1646 2384 1840 1101 874 602 1929 2766 277 959 3230 253 2094 443 938 1343 2333 2218 787 1970 1633 545 2978 1089 642 82 2472 2097 330 825 2015 1275 1636 2587 2388 978 602 2403 2704 1851 2072 1765 3160 231 541 1217 3214 2122 1941 3183 984 1636 2340 2587 2911 1777 1491 996 1069 1477 1514 420 3130 968 2151 1864 681 1335 2008 1241 2749 2264 857 399 2932 536 3257 455 250 2079 311 1054 131 2703 3181 2658 1183 2625 1180 2339 841 2607 1247 3005 2547 409 1438 2164 2466 161 1746 1539 47 38 2654 590 1838 2473 2043 1038 1123 1654 2379 2488 6 159 1466 282 2099 1429 860 1815 1810 865 1425 2382 1326 307 2043 2586 3014 1848 1392 540 2099 1815 910 552 1809 1757 2469 2527 800 2963 1971 2304 2408 1342 904 1045 22 2982 1337 43 1014 1812 3170 666 1050 2371 1014 1653 2887 2693 555 3213 2 748 2594 2699 793 225 1327 1168 3199 1489 2160 2535 2823 134 1329 3271 1104 2003 1219 2711 1797 1480 381 1391 408 2257 3200 909 147 1365 1698 3285 3172 2311 3090 3177 1190 3022 2969 2218 1333 2285 213 231 3138 410 302 3189 1798 147 1698 3285 1203 1132 740 826 1437 2976 2866 2393 134 2823 1240 2514 2953 1980 510 1006 3168 529 3065 3261 297 731 2376 743 1396 1772 1562 1422 1035 1008 1499 2856 2009 2127 2873 2016 1761 1222 61 352 291 1392 495 1707 299 1597 3139 1336 1854 2882 1312 2830 1879 1344 2997 2714 1585 2520 2222 1227 3088 2519 317 1150 2163 3026 2922 2657 3172 1363 638 3177 488 704 3034 803 4 1201 770 712 1839 594 1240 1861 1220 1242 748 1267 2585 299 1336 421 2341 1594 2803 1643 1212 2881 2035 1542 2383 2936 2167 1396 162 884 1039 2698 2762 2519 1766 1898 1957 1348 69 3291 1797 381 885 1391 2579 453 415 2231 625 2718 358 2776 309 1760 2867 948 148 1491 2424 3285 1718 2458 2432 2817 3080 2633 2416 761 1515 2683 2673 3206 1850 3188 610 1738 200 1636 984 628 1835 3152 1043 2518 1457 1914 739 2985 1652 642 263 1089 2050 1815 3261 2233 2485 2111 1746 3156 2408 1342 776 904 976 2732 2445 460 3068 3298 3238 2203 17 2872 1635 303 3132 2432 2647 57 1315 2593 325 1336 1752 2725 174 2419 1393 829 2212 43 1663 346 3197 381 453 1409 2371 216 360 336 3200 723 2320 3030 1416 2391 1718 2647 2432 57 2609 2316 2536 2453 1755 2370 829 851 256 452 622 2987 2156 2921 3276 398 445 2350 961 2861 2753 2333 754 1498 3131 655 2313 399 375 466 17 303 2040 1010 1219 1837 935 1179 3050 1539 1114 1918 2445 460 2356 2899 1652 3179 2394 1801 2558 2832 2181 1360 2737 1801 1420 485 2892 1313 668 2417 318 3184 2576 3034 2864 1725 1919 477 1732 75 2555 3155 966 471 1183 148 1676 1178 2460 973 2449 303 1933 2633 640 761 1070 3138 302 3189 645 1081 1235 647 1576 981 3259 1029 2536 2515 2509 1191 134 2989 2657 594 407 421 204 1441 1506 593 897 1179 2913 555 1504 833 3045 2204 304 1864 2429 336 1492 723 3225 2238 2299 20 744 1342 628 465 272 915 1603 801 3130 1179 2033 654 2547 37 2777 284 1933 640 775 761 3046 437 41 1979 2036 1060 1345 1044 1507 1106 2871 1058 3106 846 1211 1829 2005 79 1746 1493 2099 3065 2407 1168 2091 2776 1818 63 2053 493 3066 2429 1288 2156 789 3231 820 239 3236 46 2050 1398 2132 3037 1378 2417 1687 595 1529 2216 1526 420 1529 2017 420 1670 2151 2117 1560 1578 131 1164 1255 2829 1810 504 2300 865 2050 2052 3037 2315 2074 1180 3154 726 1791 1377 1990 666 614 38 2654 3156 2625 1676 1183 2578 633 2842 2403 2542 1752 3067 174 654 2030 1172 1346 966 2850 2994 576 2213 1041 1039 839 671 408 706 3257 3200 2575 1482 675 1629 2992 3198 2578 1021 39 695 1521 1383 2084 1592 1691 2761 1340 2887 2693 1720 2009 1371 2127 2016 1416 1333 2285 3164 154 201 640 436 2309 2003 1675 2372 669 1608 1374 3059 2281 1022 2797 3268 379 802 280 2895 3068 3298 2203 1497 507 1923 1887 253 114 545 1438 1999 39 536 1383 2686 1752 2725 3067 654 2558 1360 1521 2471 757 875 1719 3013 3221 991 1152 1730 1835 590 38 2004 440 847 846 1788 1381 1466 246 282 1521 2471 1360 2343 1681 2173 1799 1744 3240 2908 976 714 394 2169 927 2231 2516 1115 1636 3018 721 1375 1264 1356 2040 1043 3152 2518 1836 2657 693 243 918 1738 1489 3297 341 3251 557 634 1936 2653 2095 119 2833 3219 2537 282 1676 2101 2054 3005 1610 2482 650 1028 239 46 255 3030 114 761 1495 2559 114 2068 3102 1495 645 253 1235 73 1050 1064 93 1730 2389 887 2552 2046 3106 1211 1878 1829 1591 1016 581 1979 3172 2458 2311 3177 1733 1822 2993 2532 1041 1039 3009 1422 1460 2517 1580 2150 88 2773 2360 2369 4 1201 2694 2691 2215 1185 2896 2510 3132 2432 1839 2647 681 2008 1335 2026 1381 2537 3219 282 1624 2844 3129 1875 2900 2250 76 428 2569 1646 767 476 2982 894 1337 43 2957 383 85 246 2446 2212 894 43 2446 1879 329 43 134 1240 730 2514 2114 422 300 1079 2042 856 407 1424 1311 1971 3277 1490 3065 529 1815 3261 562 23 2066 2886 1902 2733 760 589 2220 3074 1747 1329 2356 2895 1460 2899 405 3258 558 1484 695 1383 1246 2275 1458 311 783 251 1584 1097 4 1089 79 1503 2005 1746 1636 3018 2015 2860 2436 2034 3197 2778 2009 2127 2083 2873 2098 1253 3181 2658 1404 1601 2237 999 1930 2563 1258 9 2428 1757 578 2527 565 1963 1359 1374 2593 2887 3291 2836 2839 2827 1822 2707 1311 2963 2987 1756 2085 544 737 1266 37 3123 1830 1181 1641 2168 644 1100 2319 3203 1050 93 1240 594 730 1861 1634 559 3116 92 2290 1271 2520 1156 1286 2106 3233 1363 2953 510 615 1006 3104 1026 66 2943 2220 1718 2432 57 557 3251 1094 3222 740 2002 488 1757 379 2895 280 1262 2667 1311 1017 1048 3113 2625 1676 3005 2368 2110 60 42 1279 2942 1443 1040 2094 253 3230 1156 3220 3030 2320 2861 789 398 1104 1553 2653 658 119 2071 2462 1954 93 2291 1099 1456 2953 705 2754 732 2753 1343 1300 1251 2205 2447 3045 2502 968 926 2635 817 1659 3082 2539 2290 397 2846 1122 1726 3035 2584 1833 2222 1186 1156 507 443 253 647 1337 2370 2212 113 690 3086 1959 1164 2738 2292 2414 2267 4 2694 1201 356 1296 2483 976 2732 244 2268 2752 1684 1320 2575 1900 203 2573 3152 1534 1553 1647 773 1862 3206 1806 1815 3016 552 2311 3172 3090 165 3130 2033 2641 2223 2301 2796 1146 833 2786 3219 1381 712 3230 1807 397 1257 2516 871 337 569 2980 1184 163 1499 2330 2090 2633 982 1222 512 61 352 603 1628 2278 1643 152 3180 285 1262 2816 2685 2520 1202 3092 2901 863 1446 2947 343 2390 2276 1337 54 1198 2662 1141 1129 2179 3037 1954 2246 93 2291 1772 66 1026 2943 3236 1263 2207 3243 2380 2199 2936 1604 2301 2584 2796 833 2748 2043 861 3084 396 578 2691 1135 213 1324 1333 231 1703 2068 1438 1495 1839 134 1240 594 2118 2828 1460 511 1365 392 2708 2150 246 282 1466 298 1809 2113 2039 3191 2350 2285 2612 3164 1743 1674 1817 2153 2797 369 767 2336 1041 1719 671 391 1531 700 1271 2524 1993 263 1097 1089 2156 789 2921 398 655 537 2995 399 1664 1729 61 503 2495 1255 246 2723 2211 704 3034 2759 3240 927 1094 3263 1806 910 793 1168 1477 1594 2341 1643 3266 2537 2189 298 3253 2883 1924 1935 3220 2465 2320 3030 2118 1642 2828 511 2112 3076 1884 1735 2516 1604 871 2138 2311 2334 91 165 1109 462 1733 443 2548 3254 172 2505 118 955 2610 743 30 219 2426 1677 2579 994 1832 2231 1400 3145 1618 2889 2170 2813 3234 2244 2192 2838 185 75 2780 630 2481 329 2844 1624 433 1875 659 1804 3296 3228 1664 61 182 503 1416 1299 1339 2449 2340 200 1667 1115 2629 685 915 1371 2438 2777 2633 1102 764 1277 2441 3093 1377 974 2641 1493 286 170 2641 1179 3066 2309 1640 16 755 976 2732 722 2727 687 3252 2075 1857 2054 2101 3005 59 113 1306 894 1342 904 2287 2138 2300 504 1810 1241 737 544 1527 2719 1678 2655 2125 2068 1459 2372 981 1640 1296 722 2130 926 1318 2763 305 2488 2569 1735 369 3268 3195 2473 1838 547 3136 846 847 1788 736 830 2593 2836 1951 2524 278 2846 986 122 1294 2095 208 2495 246 2723 1070 2521 1264 1274 1797 324 1144 1391 2158 305 1318 2763 2206 1941 506 2122 2170 482 2813 1379 3142 2899 802 3179 1242 1267 1220 1774 1294 122 1242 2095 47 2654 1942 590 2408 904 978 1045 1457 2701 2076 1914 1020 2470 1958 3079 1682 3231 2573 1553 1594 1514 1477 420 2841 1635 2872 303 2730 606 1152 3203 2440 1780 2004 3152 527 38 47 2004 3277 2959 563 3252 770 447 1097 1661 1378 1413 631 1687 1346 2110 2368 42 1947 3043 47 590 1340 2693 555 1720 550 3252 3277 1027 3187 866 3111 1499 2654 590 38 1258 2947 2772 343 2276 3215 2277 2694 356 1963 820 1359 1374 711 2369 2773 2041 1304 2097 2145 1036 183 2986 2886 241 1455 2885 171 979 2615 2649 2765 2820 1502 2429 342 1368 2253 279 1714 2627 549 2703 396 1164 2440 3231 1780 3152 1413 1687 590 244 1835 590 2752 316 659 3296 1804 481 2184 2270 2798 3008 2083 538 2609 2316 1703 1618 906 2626 1351 489 2229 2286 755 2693 976 722 1641 1472 3184 1268 2083 2127 538 2316 2170 2813 2244 1379 1839 2332 3132 2647 1682 3231 2440 3152 2970 1885 663 20 84 3142 802 3179 2850 2985 2080 734 2654 1942 590 1258 2491 3073 478 707 1569 1220 2049 315 1740 1461 2169 216 2885 2371 848 2344 1641 1043 88 644 1749 640 906 1338 2454 182 1602 1640 1494 2924 556 973 3248 833 394 489 3240 927 2908 714 2637 330 870 693 2874 538 1309 2127 3130 2467 460 3091 462 1792 1067 354 2117 2946 341 1560 3033 2668 33 545 2006 3075 553 2959 88 1641 644 2041 1295 808 708 1392 889 904 776 2138 2208 549 2802 173 2998 1543 2749 1823 2034 1764 931 2778 287 1677 1366 1716 424 2844 93 2291 1569 1066 1220 315 889 472 904 2138 227 1353 2690 2230 2356 3179 1652 2632 645 1235 987 73 1760 731 948 1120 1546 1938 1033 589 941 2976 2245 2393 1703 2068 3102 2889 1822 2839 2707 2856 2237 512 1222 352 1342 465 978 1045 2220 2458 1718 3177 936 416 2884 3084 1462 2794 1879 1700 1740 2169 3073 2231 1838 2473 3195 1139 76 541 1324 428 1749 640 846 1829 1870 421 407 1424 1879 1700 290 168 785 2884 2280 1577 2249 1960 1104 587 692 281 160 2173 1247 2607 103 3005 2388 191 888 1446 2789 2417 595 1254 29 2637 870 693 311 2332 2279 1143 1922 2360 660 1685 555 2693 2887 1720 2936 1396 1695 2541 748 1220 828 2430 3120 2268 244 1684 1869 3273 499 1912 2184 3008 2798 1981 2593 3291 2887 1720 760 348 187 589 50 2823 2176 1427 2212 2446 1528 43 2694 1201 1961 2691 2309 1675 2763 2832 2583 221 1550 533 2620 1371 1173 2016 1843 1159 2090 2100 3217 2583 515 533 2220 1718 57 3177 523 2955 3004 146 394 3073 2169 2231 2879 3019 1951 2986 848 3221 1095 1730 1794 1848 1075 982 860 1815 1429 3261 1913 973 3063 2071 2008 2511 1899 2965 981 1640 2309 16 1929 1332 2769 2286 1106 354 713 3264 1048 2959 550 1710 3224 252 426 1846 2883 3013 1924 1935 407 951 2585 1441 2641 2033 1990 2223 368 1088 2942 522 1138 588 76 2250 1876 833 425 2662 1068 2552 1404 2046 1186 2222 1585 2520 700 2290 334 1156 2350 2612 2464 3164 112 1135 2069 1670 160 537 281 1022 1652 2899 2356 1089 2069 2594 1594 1514 3197 1663 381 2778 1442 1275 1667 1115 2900 2572 2250 428 1740 3073 478 2231 582 419 2858 795 3259 981 1459 2372 1517 2958 2217 1737 1567 646 328 2834 2053 2686 3200 2257 2696 145 2776 1875 1546 1938 3008 1033 1183 1698 1365 3285 527 2654 47 38 2279 783 1458 311 861 3084 617 1577 2119 2198 498 760 2563 38 2111 1685 1327 1806 793 1168 1460 1909 2356 2899 578 1135 1526 447 91 2769 1331 165 1768 2420 1082 2515 2070 706 3200 801 645 290 1344 1700 2917 692 160 2173 3172 638 2458 3177 541 2348 3160 1005 1526 1135 2069 447 2471 1801 2309 2275 1207 602 978 2403 2254 1924 3013 1935 1496 1773 2115 2237 1051 341 945 2965 1207 978 465 1045 1624 3129 2696 1875 3200 336 1841 723 1825 771 1934 2541 1375 1268 302 896 563 3195 2473 1139 2516 3060 337 871 1142 2292 2738 2267 2501 2810 349 2419 2706 2594 770 1661 1933 761 775 1495 118 861 617 1577 2702 1688 1558 726 1455 1409 2885 2344 2079 1056 955 312 1939 856 2261 1709 2406 1766 1345 2535 1816 240 3010 950 897 654 3130 3091 265 349 2467 2419 213 1689 1766 1465 1763 2498 996 1002 633 2403 2842 2073 1574 2965 2008 2026 2472 330 226 825 2622 880 2414 2333 484 1455 171 979 2149 2235 3055 164 864 2151 2149 2223 1815 1168 3016 2660 1325 125 1937 2289 838 1247 2249 2607 1270 3296 248 3077 2438 431 1928 284 1854 1660 2059 34 2782 1780 1208 232 2319 2455 2570 26 47 3043 3280 2004 1555 1448 1330 1102 617 368 1056 2358 1094 927 3211 3263 2145 2351 1533 1606 2763 1675 1743 2488 2237 1601 1702 999 603 924 971 1643 2762 2276 2390 2535 355 141 822 1139 2717 358 3012 2696 217 468 652 865 1277 1514 2821 3093 229 1097 938 712 645 1344 290 1257 71 518 3142 263 1308 1311 3277 2843 1220 1416 1463 2391 407 2541 127 1441 2410 2264 682 655 1995 432 1368 1165 1140 2280 1925 1577 2445 2169 2908 3185 1341 2271 2171 2707 2462 2447 1332 1832 1506 593 3025 210 114 2976 761 2559 1413 244 590 1258 2346 1157 1972 1355 1409 1990 1812 666 3281 348 2570 589 183 2886 2647 241 1172 150 2923 24 893 897 1506 2860 1207 2403 978 1045 1482 2708 2356 2277 311 1279 2332 1143 1743 1674 2763 2488 775 1495 761 2559 262 3180 152 1853 3284 2642 2625 1481 2866 1437 1195 2631 2947 2390 206 2276 1986 67 1301 3189 408 3200 3257 909 537 1022 160 1415 2641 2033 3130 1179 1652 642 1089 82 1203 925 516 2002 1559 595 1687 410 2461 2212 113 894 1504 555 1742 2662 157 965 584 3276 2901 863 888 191 2864 2576 147 803 112 1066 2604 315 2222 2520 1156 1227 1451 2790 468 3085 2883 3013 1719 2761 2752 88 1685 2369 2012 2569 2690 2230 3257 801 1995 2565 1282 2280 2884 1577 2018 148 882 2101 1930 2752 244 1258 375 17 255 46 350 280 3047 2899 2575 1852 675 1482 779 1040 2624 2580 369 1443 1735 533 30 2127 219 1677 2516 1342 628 2138 1636 569 1207 465 515 2843 1308 1027 3014 1295 1392 1707 1561 811 1474 1979 2241 2584 2491 707 1110 745 2372 1049 2647 2886 2986 241 250 1834 1386 1240 2422 1793 2605 2358 2094 1227 1156 1581 3283 3098 998 2724 249 489 1863 2231 1584 1909 1482 1629 2460 2449 973 119 1057 2201 3094 2173 846 640 775 1829 424 760 2733 589 1843 2090 1159 1707 1952 1953 1442 1115 817 2068 1659 3082 3045 2502 2117 75 2927 1269 1052 1449 1843 982 2090 1707 746 1921 937 1980 1636 569 2516 3018 1483 37 1830 1181 1879 894 2982 43 394 2169 2908 927 1420 762 2892 485 2145 1721 1533 363 1501 970 432 406 938 2786 1343 2218 3112 1657 2000 3159 1156 1227 2520 1581 311 2079 2942 251 2215 2437 2333 2896 1050 1954 2371 1653 3247 429 365 2719 578 488 1757 2305 2789 2417 1378 595 2249 1247 838 1497 342 1118 1502 2999 2175 248 2101 3077 2912 1261 1511 2937 2516 628 1604 2138 1035 2582 1008 2856 3220 961 3030 2861 686 1032 2320 173 835 2669 2783 839 2550 704 2211 2759 453 927 2169 2231 1915 1332 1832 2286 396 2604 549 826 1726 2308 2188 489 3144 146 2649 2744 747 2803 1594 1643 1244 1191 1809 2527 2960 3281 2570 589 1961 1201 2694 356 2366 1645 1388 730 1152 2455 3203 26 2105 3000 1660 2830 893 3018 897 2860 1299 46 255 303 454 3178 1213 2082 1342 569 1636 465 1822 2532 2959 1710 2833 1150 2537 296 3301 1783 2742 1394 1630 252 3224 2177 2503 282 2537 298 177 414 2615 2744 748 112 2594 828 1942 1413 590 1258 2446 1528 2159 363 2875 158 462 647 1915 1748 1332 2286 968 2732 2151 926 2866 51 2976 1928 1017 1048 1311 2843 1472 510 1980 1006 468 1813 652 1103 2894 1192 1396 2541 620 506 1505 1101 2309 1801 2471 1640 2552 1222 2237 535 523 2763 92 2374 256 622 1310 2987 1641 1043 2168 2518 1172 966 2030 1912 2283 347 2953 1313 588 2250 2572 428 1770 2673 1515 2273 2438 1928 761 284 1365 2895 3154 1147 3172 2311 2458 490 2643 2703 131 1074 3284 3100 1814 1481 1652 2899 1993 263 2748 861 2337 3084 1180 2339 2074 1698 250 1807 2816 1202 2549 1783 1127 1394 466 1608 2898 1374 2773 2369 88 2041 1743 2763 1674 2153 1088 533 515 753 1212 1335 3221 1095 2271 2692 1341 2171 1798 803 2137 3191 1502 1015 2999 623 2170 1419 2104 2140 1160 2362 572 3255 2469 1809 1716 1757 3000 3008 952 26 2357 574 497 1014 366 2615 2958 2362 1491 2708 1365 392 1421 921 2655 3082 1416 1339 658 2449 2170 3234 2813 482 568 3293 2440 1780 2643 2658 2703 1074 617 1056 368 2336 523 2374 92 146 757 875 2133 1719 2539 151 278 3177 2864 2277 1482 356 1118 512 1502 2203 3029 312 3252 2473 1961 2694 2907 356 2388 602 978 517 2050 2132 1423 3024 272 514 915 801 2588 67 188 1254 2973 401 2331 2124 396 2428 2604 826 1901 128 1228 161 2450 1763 996 2161 1742 2662 555 2761 3248 489 1863 2286 134 1329 2432 1240 369 564 368 2336 1488 1960 2249 0 2158 2763 1318 3157 37 1448 3123 1181 1277 2248 1514 3093 3034 2907 1961 2694 2573 2468 1534 3152 2036 1766 2406 1217 566 2536 2609 2316 2379 1447 2394 1675 2469 1809 1244 1716 76 1914 2900 428 1273 801 2500 455 58 464 3098 1386 1609 230 2710 2403 2334 166 2229 1699 513 24 696 1912 966 904 2555 471 748 2 2594 1648 1597 2042 1336 421 2347 3204 701 2621 2894 1917 1192 856 2583 515 533 753 169 2857 3100 67 314 588 2081 632 2979 223 254 1839 2833 2786 782 3219 1593 794 2202 1192 422 640 846 1079 1320 1544 1426 1708 504 2335 778 543 1570 67 169 595 591 2406 2519 1217 911 2276 2390 140 186 3090 3172 165 821 1284 2548 2505 864 171 484 1455 2908 3073 394 3213 2102 2794 1462 1700 1477 2341 2931 1643 287 1244 1677 1716 3253 2124 2883 1935 562 2624 23 2886 2302 2332 2647 2886 1863 1832 994 2231 3012 1927 2198 2696 211 393 670 2315 2552 887 3054 2046 1039 1026 3104 2943 2283 2953 275 1313 2080 1075 1330 2213 513 2408 1778 1291 1867 1366 287 1677 1617 1245 227 1735 1365 3154 1698 1147 778 2335 504 865 603 273 3254 2278 2497 1990 3270 666 2003 2168 1219 2711 2824 984 2340 2587 1094 1409 2371 927 1926 1794 1848 1075 2763 2003 2374 2153 1747 1329 2817 3271 1994 3252 687 2075 910 2099 793 1168 3142 1652 2420 263 1491 147 1365 2708 2007 31 3013 851 1051 185 945 341 1681 1744 1799 1355 1400 3145 1112 1618 1527 544 1170 2719 1456 899 2475 1571 645 987 1235 1081 2171 1795 1080 307 314 137 2081 3188 66 1846 1772 1026 2154 2818 2803 420 1015 2999 2873 824 776 1846 66 3062 366 2362 2958 1737 739 1090 2278 1914 748 1242 1220 2430 1687 2752 590 244 1822 2993 2532 1710 1031 2471 842 2343 2864 2907 3034 2694 1885 461 1754 545 311 2942 783 251 780 804 473 567 3027 3272 42 390 1318 2763 2488 2832 2706 2285 1333 2348 1443 533 1088 753 2588 595 67 1254 304 2204 3045 2282 1905 2481 2404 1106 733 313 2122 3183 17 1299 255 303 412 3120 244 1684 842 2471 2788 2343 208 246 2495 1255 3153 606 3048 916 2319 3203 2455 26 453 1832 1863 2231 419 795 1595 481 2955 958 3004 146 2462 1332 2766 1832 1748 1915 1332 1832 122 273 1242 2095 1921 1980 2953 1006 1870 407 1825 1424 3118 2999 1118 423 2123 629 1713 1837 239 2207 3236 1263 2466 1746 2111 2235 1306 1876 425 2662 2117 2418 2130 849 2189 2191 831 2537 2451 1106 1427 3264 1457 2701 1914 2985 2797 617 1693 2665 2216 2289 1013 1526 247 567 2876 2052 3063 973 2190 2071 1138 782 2348 1343 617 368 2358 2336 2509 2978 642 82 2330 2633 2090 201 1773 1222 1761 352 314 2081 823 3188 1871 1540 403 634 836 598 1297 243 249 489 1351 2286 1718 2989 2458 2817 2605 118 2358 1577 3208 2686 1896 909 1370 1285 942 2081 1624 3281 2914 348 1906 1698 1798 2632 1893 1586 1399 1363 3154 2074 1906 1698 45 2390 2673 2683 3101 960 2523 2484 1113 1746 1503 232 2544 1671 1289 1591 1921 1313 1072 1006 208 246 2595 2723 2018 402 882 148 378 3013 1198 2761 407 421 2042 1424 2388 517 978 2651 250 1834 1240 1216 2715 2615 2944 2362 369 2797 767 3268 617 2358 1577 2665 2570 348 424 589 769 2210 2891 2646 3013 1935 2007 851 1929 2769 2229 2286 2408 513 1778 1779 1933 773 906 1338 1443 2942 1279 1088 2901 1446 3092 1571 2883 1039 3009 671 2229 489 3248 2286 925 2002 1203 2046 2924 973 1494 119 3238 1809 2039 1716 2024 1014 3170 666 1966 724 620 2122 3230 2520 2685 1202 3129 1624 2696 348 664 3234 2390 2160 2912 1043 1162 2937 1034 1141 3037 3096 475 769 1402 3183 2462 2844 2447 2291 3291 2836 2887 707 1210 1580 511 392 2974 2239 788 2094 1223 1989 657 1896 1971 448 703 2304 2080 2104 1419 2140 3158 3096 622 1444 2311 91 2334 2714 823 3188 2081 1197 3045 304 2149 1864 1933 1556 2777 2164 913 65 3118 1134 1183 1180 2625 2578 424 3129 760 348 1852 1482 2575 2161 186 1331 2769 165 2730 606 1059 1152 2279 311 1458 1120 2069 112 2594 1135 1472 1980 660 2268 1472 2752 2268 2369 684 1238 2765 970 976 2445 1918 460 388 2869 2870 3180 371 3013 31 851 2563 2111 38 2235 1913 119 2653 1405 2485 38 2111 3156 3240 1094 927 327 2254 2370 677 1439 3041 2694 3215 803 2074 1798 1906 1698 2526 251 1793 743 2901 888 1446 1571 2201 2749 2998 1543 278 2524 2539 2846 1219 1029 1104 2711 2605 2358 3278 2665 1747 1329 2823 1058 2752 244 1687 2268 469 892 2719 1019 2991 2044 613 2649 2552 2039 2002 1716 488 2694 3041 803 1076 3195 822 1490 472 2287 904 2138 1618 1703 3102 2889 1015 2999 824 2016 3298 1118 2203 1497 711 660 1980 570 2498 1763 2450 203 349 3018 2467 2419 2134 166 987 1699 1695 2383 2202 1396 1693 3065 3168 529 3113 2625 2525 2578 555 2693 2883 1924 2583 533 1550 753 3066 2053 2429 1163 2927 2546 1946 1842 3262 1948 391 459 1908 1561 691 1770 1893 1586 1363 241 663 3033 2067 20 217 652 1865 865 1178 2424 147 3285 83 244 1413 1258 1455 1296 2483 327 672 2729 1540 2370 2283 1099 275 2953 891 1698 3154 1147 2388 2773 191 2651 755 3060 337 460 2217 39 536 1383 277 1036 1304 2351 210 2860 1207 2587 2206 2122 724 3183 842 1801 791 1640 1682 2440 2573 3152 1365 147 1491 3285 2040 3231 1010 1837 492 2907 3034 1725 127 2516 1115 1692 3298 2695 1118 1497 1101 210 1207 2587 1849 655 809 399 3260 441 2802 549 2349 3276 2607 1169 832 1777 2767 996 1409 1094 2371 2344 1933 2633 761 284 3100 67 2857 65 1140 2605 3278 2665 1669 572 2688 2362 1234 3217 515 2843 613 1264 485 1364 1279 1443 1088 753 2708 392 1580 2150 681 1574 2008 2026 1457 2781 2076 2701 1460 511 1580 2517 2753 880 2333 2218 2111 2235 1746 3156 2940 2119 2447 1767 578 2978 1191 1281 2948 2444 529 3024 2883 1719 1691 2761 2753 2077 880 2218 1561 1908 1474 811 2612 1150 3160 1530 1039 1041 839 1422 2787 3078 1551 921 1269 3095 1842 2272 3129 2696 760 348 938 2786 782 1343 1647 2626 906 41 2712 3237 676 567 2356 2895 3179 2632 918 2701 1689 1197 3195 3277 1971 1490 2350 3030 2320 2391 2788 2471 1007 2343 638 1818 308 490 1207 978 602 465 2252 3180 2966 891 911 844 2276 140 1952 1442 1667 1115 1775 977 166 1081 1995 2565 1368 2744 915 685 272 1603 3104 722 1039 2943 1383 2686 3257 2565 2432 3132 2685 57 690 2323 3086 1164 223 1839 2979 594 1409 2885 1014 1812 2808 483 888 1571 2224 139 468 1813 2330 1075 1330 2104 208 2595 2495 2723 1660 3000 1940 3203 1034 3037 2427 1765 314 823 2081 1197 2035 1606 2415 2881 1478 2132 3096 1444 3172 308 490 3256 2283 1816 1099 2953 2320 3030 2350 2861 2942 1088 1443 522 3250 2335 344 3085 800 806 2963 2304 2198 760 3129 2696 3104 2943 66 1291 309 948 730 1861 2508 509 1651 1999 3129 145 2696 1875 359 3102 237 2889 2299 663 2352 20 1565 1846 776 3062 2866 2976 51 2393 2243 2606 2650 3276 2589 531 2300 2335 288 1339 1299 2449 3107 3009 1039 1422 60 3027 2368 42 1587 2503 2537 298 1244 1809 1191 2918 1865 2395 1425 865 2880 2927 1052 1449 3240 1094 327 929 2789 1378 2588 595 713 1834 687 1216 1942 83 1413 1258 2932 175 536 455 2923 361 1172 3062 622 2987 3158 1444 1360 2558 2737 1801 1618 2626 1703 579 1112 1400 1618 2889 114 1438 2068 1495 569 3018 1636 2860 977 1775 166 1287 1794 982 1330 80 2572 2250 588 2971 711 191 950 705 166 1287 1775 1081 1414 2362 2500 3255 3221 1335 1241 991 1450 2064 1610 1824 3080 846 2162 1391 246 2735 1255 449 3172 151 1394 1363 3035 2188 2491 2584 2727 3252 312 2075 2997 1879 2794 1700 314 137 1077 2081 3104 1026 1039 2698 415 453 216 2231 1183 891 3180 1147 256 618 452 2987 3154 3179 1558 726 408 1989 2257 909 2563 9 1930 2282 1097 447 2821 1661 699 399 2995 1823 4 2978 642 447 730 1240 134 594 329 1528 2446 43 2965 634 557 2026 3131 3109 2313 655 1409 3270 2169 714 737 2719 2745 1851 3136 954 847 846 1277 2248 90 1514 2911 149 176 1824 2624 2332 1279 1143 366 2615 639 2958 2170 213 2244 1465 2 748 2699 1648 2360 1685 1922 2204 504 3221 2382 1241 1959 131 2643 2703 1289 2321 2544 1591 1491 1777 2911 2182 1231 658 1294 1339 2130 2418 1149 849 2613 1525 1431 2052 2190 973 3063 1379 2467 2725 460 2419 1941 506 2122 380 1414 1737 175 455 1889 1624 2914 348 469 2719 2384 1019 2356 1482 1909 2517 2470 1958 3079 1021 2618 336 969 56 1886 3108 1014 216 1183 1676 2339 1178 2224 139 3147 468 114 1495 3102 2559 1453 3236 2207 3243 2181 842 1031 1801 2090 2633 80 2100 1627 600 412 244 2132 2050 3037 3024 3169 2989 2657 2817 2038 3160 591 1150 1039 292 839 671 1609 230 2403 2542 884 2124 1039 2698 1527 737 2085 544 1080 2171 1882 1499 204 1825 407 1441 3277 3252 3029 1027 779 1271 1117 2580 2036 1044 1766 1217 2169 3073 2908 3185 651 495 1295 1707 1351 3232 850 2229 2706 770 3181 3219 1925 1140 1151 2280 1609 1685 2360 2204 699 529 1543 2193 2416 80 2633 2100 386 1630 3224 2177 740 549 396 1164 3197 2034 931 2778 2948 529 699 2193 2722 1499 163 2724 1426 2907 2735 449 2221 1696 1716 2663 3174 94 1723 1405 1555 2140 27 1405 2438 761 2633 284 924 2278 1090 1643 1729 1761 61 352 1196 2545 730 2514 3100 1481 2888 1134 3029 312 2727 3252 1244 1809 2469 2527 767 2336 369 2304 2225 2425 317 2519 2995 699 544 399 1882 3111 866 1499 2189 2537 831 2809 2069 447 2821 3093 800 2948 767 1091 2826 409 1438 688 884 1039 2124 671 2356 2708 1580 2150 669 446 466 1608 2249 0 1960 587 2050 1525 3261 2586 877 698 1082 1558 2763 2153 523 377 591 2519 3160 1217 2229 166 2334 1287 2345 2558 2275 2832 1740 415 216 2231 523 3004 2374 146 988 1746 1771 1493 2339 1676 2625 3005 3071 588 1498 2971 1858 2032 3112 3159 198 1792 462 354 2015 3161 1275 2587 118 1056 617 861 3142 84 2420 1652 1817 510 1641 1268 1414 1669 2362 3255 1998 1014 2024 666 1569 1339 1220 1066 3130 2732 337 460 3089 452 622 1019 609 3065 860 3261 1432 3226 2831 2425 250 687 2727 2075 2532 687 1994 3252 1545 3065 1693 529 214 2416 1334 1928 690 1959 1158 1164 353 2989 2657 1225 1678 1421 2655 3082 2043 1038 3084 752 1101 465 1840 2587 1990 2483 1409 1812 1432 2225 1650 2519 560 312 1056 2473 3037 3096 2704 1765 1265 2371 1094 2344 2094 1048 550 1710 3066 1640 182 503 2766 2844 2462 1064 1362 2604 2428 826 2615 1995 2362 2814 2793 421 2585 1441 2615 970 1995 2814 39 1521 1614 2686 3252 2473 312 2939 2183 727 2171 2621 250 2727 687 1202 3288 466 3006 303 2718 2914 1889 1624 3168 1693 529 752 2966 451 891 2578 3208 1896 1065 909 1243 2333 2785 2971 3078 2120 3202 921 519 893 1506 2860 964 1107 1479 2673 342 2999 1502 1368 694 1192 2779 459 2444 1266 2704 3024 2704 1266 1280 3024 659 3228 3296 1028 1749 846 1079 1788 840 1962 660 2268 2812 1591 2321 811 882 2101 148 3077 2211 492 3028 3034 2460 852 973 303 2961 1218 1065 1896 3276 1712 2607 1169 2895 891 3154 1147 2171 1499 1080 1795 2887 3291 2584 1720 2349 3276 2921 2607 387 1937 212 2289 177 146 414 2744 2334 2229 2769 1699 603 971 1292 1643 2576 481 1804 2424 590 244 2752 1258 2373 184 3258 2464 1041 3107 1396 1422 2432 2458 2220 2817 1457 2781 2701 2985 355 2792 141 1139 3172 1363 1394 3256 2763 523 92 377 563 1139 2473 2939 280 1460 49 274 88 2752 1685 316 2018 1676 148 2101 1607 228 1105 2094 1279 515 2520 2580 2466 2111 161 2542 2847 3102 132 2559 544 399 699 1823 1929 3248 1863 2286 1148 1149 2130 2418 106 1065 657 909 1340 2883 2693 3009 252 2025 426 1846 2440 1780 2092 2004 3070 2885 2882 34 3130 460 337 3091 1118 3238 3298 2203 1794 1330 2452 80 591 3160 2519 1150 3029 1056 312 2473 148 2182 1491 392 883 769 3249 2210 2509 642 2515 82 325 435 1348 3291 1308 3277 1311 1756 973 119 2190 2071 642 2821 447 3093 2888 3100 2695 2638 3253 2254 1924 929 253 1156 881 73 1015 824 2873 2016 2503 159 282 298 2763 1674 2153 377 239 2207 1263 3030 3039 2551 2219 811 2572 588 3071 2971 1543 281 1545 2173 2531 620 1505 1101 1675 1801 2394 2832 2996 2669 671 391 2777 1556 2547 2164 1092 1688 2536 2453 142 140 3236 3243 1644 537 2852 1415 30 2127 1677 2316 2408 1045 978 1779 954 2114 300 1079 1933 2633 2777 1102 2750 2683 1515 3206 2995 2569 767 1022 544 699 2995 1646 1479 1107 774 2673 645 1344 2997 1700 764 2441 1768 3093 333 1164 740 2759 1828 2798 2570 1981 3019 710 1951 278 2374 3157 92 146 2311 91 1304 165 2710 2403 978 2651 2657 2989 3169 1225 3119 2748 2043 861 713 1427 2823 1058 229 1584 2735 1629 683 135 90 2699 2500 455 3186 3255 1377 1750 974 1493 1092 2536 2316 2453 2090 422 3080 2778 2435 186 15 2769 1825 1397 771 2541 1603 432 1165 2016 2948 529 1693 752 1104 789 2697 398 3080 2416 2976 761 794 1192 2954 1424 2917 583 2251 2173 383 246 2957 1708 2040 3152 3231 1553 2883 3013 2761 1924 264 1112 3145 1618 2797 564 36 3268 2417 3184 668 2518 444 1846 665 1562 1743 2168 1817 1100 320 1721 768 330 578 1757 488 1281 1584 1629 1482 356 3230 253 443 647 37 1438 1999 284 1013 2289 1325 2536 913 824 2999 406 1850 3188 1738 1044 1083 1527 544 399 1506 1179 897 654 2912 1100 1511 1261 1997 15 2269 2769 2012 3076 2690 2569 2615 1995 2958 2362 2406 1766 2519 1217 1397 2541 127 1692 437 1717 74 1618 2408 1778 2710 1779 183 2956 763 2986 166 1235 987 1081 615 302 1268 896 1749 811 1770 41 617 2358 118 1577 204 407 1825 421 38 1685 2752 316 2635 1438 409 3082 1092 2127 1677 623 2995 537 655 1415 550 1048 2094 1227 2845 1111 2047 1577 1941 2122 2206 3183 1517 2217 536 1737 2509 1191 2978 1281 3075 2959 2827 1490 711 888 191 705 915 514 2618 801 2537 3219 2833 296 1253 3219 2537 296 1809 3041 2113 3191 1889 1276 2718 348 711 510 2953 1980 563 1490 3195 1139 1385 3237 247 2052 1745 451 1991 1180 3167 1811 1180 726 1773 1702 2237 352 1937 2289 125 420 308 1818 638 3256 3169 2159 2097 3074 1993 1652 263 1089 988 2235 1746 1493 188 169 3100 67 856 951 2593 1336 2789 595 2588 1254 371 31 928 851 2765 684 2615 2362 2653 2080 1419 2140 704 2039 2002 1404 1575 2900 135 2699 2738 1142 2267 3124 1634 92 3157 414 342 1118 2999 423 1766 2519 3160 231 2998 2058 2660 1823 541 1324 213 231 642 1097 4 447 842 1602 2788 1007 446 155 3288 466 557 2965 1335 979 83 2840 2256 244 230 528 1471 3091 2440 2004 3280 3152 2569 369 1735 1697 1265 858 1064 1730 1679 806 813 1756 2932 3257 909 455 2644 794 2954 1424 1522 836 1297 243 1149 1148 2130 849 2864 2907 2694 356 1682 2921 2156 789 1513 2656 2019 1235 523 2153 2146 896 2146 2153 1817 896 691 1515 1770 3206 2179 1668 2513 3037 495 610 28 1392 1146 2229 2308 489 606 3203 1940 26 639 2958 2615 414 875 2338 1719 3013 670 1655 608 2704 127 1115 2516 349 783 2279 1820 1143 1408 591 3160 1217 2053 1007 1896 2272 1615 2293 721 1356 2050 567 2052 2315 2762 1766 1465 1898 3087 2137 3068 1601 695 2217 1246 1383 2887 980 2693 1918 324 1797 885 1391 1889 2718 1624 348 2550 357 2930 704 615 1268 1817 896 1491 147 2708 2424 2199 2138 1604 1692 213 2170 3149 1689 1111 118 2605 1577 2172 3205 1672 381 211 1189 2116 2315 2733 907 424 589 1153 1460 2828 274 2925 1162 1931 2937 1817 2168 1743 2153 822 3195 2747 1490 942 2081 1285 3188 1277 2441 2821 2510 652 468 2799 1813 109 1996 468 2868 2012 1022 2569 2230 1041 2177 839 1422 450 2661 2786 282 1409 1812 1014 666 3293 1780 2782 232 3209 2416 2631 2100 574 1014 3108 1653 1772 1039 1026 1422 1297 836 1023 598 213 1465 1766 1898 748 1643 1594 2699 970 2649 2615 2744 2563 2235 2149 304 1799 2173 1057 1168 2845 2060 118 1577 617 1577 2280 2665 2085 399 544 1823 2628 1674 283 899 317 2225 1432 2425 3151 575 2246 2291 741 2139 2540 913 978 2403 2710 1045 3272 2368 3027 42 470 492 3034 1725 417 1896 68 2343 3087 1601 1404 999 2497 1791 1990 666 1251 1748 2269 1332 3209 1762 2416 2100 541 1333 1324 231 132 2847 224 3102 1983 176 149 1824 2874 1309 2988 2127 1330 1075 2330 982 569 528 230 3091 2085 1083 544 399 822 3195 1076 1139 1286 1399 3042 638 364 2425 1073 2276 450 2786 2077 1343 2183 2621 2171 307 3087 2039 704 1404 976 2483 1296 327 2053 1896 2686 2257 1399 638 1286 1363 38 2235 2111 3156 396 2703 131 1164 179 1840 874 602 291 374 1392 1707 491 1607 881 253 1913 178 1891 1405 2701 1324 541 428 484 1233 2946 1560 76 2250 588 428 1712 1702 3276 1601 2043 3084 3168 752 2767 996 2498 1002 523 92 177 146 264 1618 3145 1016 16 2853 2063 2854 668 3152 1835 2518 37 431 2438 284 161 2842 1162 313 633 2842 161 313 2156 1682 789 3231 2454 842 791 1640 507 1887 2155 253 713 1329 2823 1216 3042 1286 638 3256 1651 509 1483 37 2953 510 711 1456 987 166 2134 1235 1459 3259 1576 981 770 1135 2691 447 658 2095 2653 119 483 1446 3214 3183 1971 1091 800 2304 2254 2761 3013 1924 1671 2412 1289 1591 1024 187 348 589 1501 432 129 406 696 1869 1732 477 2765 2615 2715 2362 2459 858 1265 2909 1541 795 2576 530 1185 1277 90 2896 2589 2300 3143 2335 593 2466 1179 1539 2024 2882 3170 1014 889 776 444 2138 966 24 513 1912 1076 822 2747 1490 672 1540 1613 2035 1769 923 1808 3228 3130 230 1471 3091 717 1982 554 1665 2210 1511 2294 1049 2314 2504 320 2159 2823 1427 713 1216 1263 2464 2207 3243 2498 1002 1763 203 2178 1242 2278 2095 1592 1340 1720 1709 1598 2117 1149 2418 407 951 856 1336 1015 1677 2127 623 1164 2691 1961 2829 2363 1555 2104 1102 1207 569 1636 2860 354 1700 2102 168 1265 2909 1095 1542 1326 922 307 2586 2901 191 888 705 2797 369 564 3268 3250 797 2335 3085 1020 985 2470 3079 309 1760 948 1861 739 3216 1090 1914 2592 1891 1913 902 1922 477 513 2204 941 2976 2559 2162 1982 717 2877 1665 2136 2624 2365 1143 1843 2236 1159 2100 2865 317 1484 1150 1279 1088 515 753 2427 3037 2704 1765 1432 2425 2225 2519 491 758 1887 1235 2151 1560 2117 926 1834 250 1386 2075 2589 3143 1084 2335 1092 1688 2074 715 250 2079 1054 2075 1426 2735 1708 449 1416 3149 213 2244 889 444 472 2138 300 2778 2476 1480 1431 2613 3204 1525 717 554 2764 1665 2691 1135 578 447 785 1282 2884 1577 536 2932 3257 909 357 704 2550 2759 3032 564 3278 2358 2742 2549 99 1394 2128 1813 1996 63 3288 17 466 303 2128 1813 2224 1996 1459 981 1576 503 2425 2276 364 3243 1856 2584 1122 3291 3087 2576 2137 530 1749 846 640 1079 2136 2332 2624 1143 2779 694 2954 1192 770 1201 4 2691 174 2456 349 3018 1429 1815 2099 552 1804 147 2576 2424 3204 2347 1030 1525 2988 2442 2629 1371 389 33 2668 545 332 978 517 471 1927 100 3012 2198 2883 1340 1691 3009 1609 2710 2204 2651 2976 2416 3080 2631 2254 677 1924 929 916 2570 2455 26 797 1810 2300 865 942 2081 3188 1044 366 749 639 2615 2340 3161 2824 2587 342 1960 3004 2854 1107 2947 343 2390 642 1097 2821 263 1151 2280 1140 2665 2529 3180 1958 1021 3272 42 390 1873 907 1033 424 589 1682 2921 789 1553 2083 1309 538 2127 2803 2341 2154 420 1449 336 1492 2663 2874 538 2127 2316 2933 2158 1318 3157 1381 3219 131 2829 668 2417 1534 1254 2866 214 51 1928 1286 1363 638 3256 1609 2710 230 2204 3217 515 2583 753 3253 1439 2254 929 342 3004 16 2854 1104 2697 789 1029 2142 2809 2658 1074 412 244 1930 1684 255 1299 2465 3030 3130 1179 897 1471 2 76 2250 1648 2958 2362 1995 1737 2308 2301 1146 489 1417 2626 1680 2409 2446 290 1879 1344 1628 2278 1643 2430 639 2615 749 414 3211 1929 2766 496 1909 1629 1584 1 3158 3089 452 622 2068 1438 114 545 2944 2615 2715 2820 2038 1408 591 3160 1565 889 2555 3062 2981 1777 1610 1824 3278 3032 36 564 369 2797 564 2336 1050 1954 93 1064 501 21 1237 589 2347 922 1525 2621 1450 1610 650 1824 310 3296 3150 1028 2516 2467 3018 3091 1304 2459 277 2351 844 2276 140 3243 633 2403 210 528 2616 2133 875 1719 1647 2164 2626 1819 2320 2861 2350 2391 2494 1724 811 2273 1872 1703 2626 2409 1253 3181 131 3219 3029 3252 2727 1027 1909 2899 1460 2672 50 2823 1427 1058 1375 1264 523 896 1825 407 1870 421 1889 2914 3281 348 645 1257 290 1700 2910 2319 502 3008 3241 2733 424 2291 3132 2647 2332 2886 1265 1094 3211 395 1595 2101 419 248 1289 2412 1440 1591 2198 1767 289 2247 215 464 3098 2610 2667 70 1017 1311 453 2371 3211 1557 2447 959 1332 1767 1137 2149 3055 164 1039 839 1026 1422 1719 3009 1041 671 2185 2860 210 2587 2086 2607 841 1169 1638 1939 2811 856 553 1349 505 1048 906 773 1647 1338 2894 407 856 1424 780 567 676 552 3029 2079 1088 1027 2074 3154 1558 726 2481 2871 1507 1106 2115 1702 2606 999 1304 2459 2351 145 1342 1207 569 465 2072 1116 608 2704 233 970 1501 406 2260 2082 454 391 565 1862 411 1374 1856 3291 435 1720 2591 365 429 2719 3238 2039 1809 2113 633 593 161 2542 1455 2885 1409 1812 1083 1527 2085 544 2309 981 2003 2372 2912 769 1100 1261 1745 1361 2642 2625 746 937 878 1980 1994 687 1834 2075 1654 1384 883 2210 791 3038 202 1801 3176 1670 2562 315 2455 2570 916 3281 2999 824 432 406 787 2847 1970 2559 148 3077 1595 2424 2989 2432 134 2817 2462 93 1954 1064 1609 230 304 2204 2163 353 2232 2657 689 2101 419 1169 2314 693 81 1741 1409 1455 2483 327 470 704 2550 530 1971 2963 806 2304 2532 2993 443 1710 557 1335 1212 1095 1050 3203 2319 2830 2502 477 3045 1778 2948 2797 1693 2193 3104 1039 722 2698 2259 1309 2009 1371 1233 5 2965 979 2408 2710 1045 1779 1331 1332 959 1767 638 490 308 3256 1681 367 1799 2173 2259 1173 853 1371 1222 512 2237 535 1574 2511 2008 2965 3075 2827 1076 1490 2706 1463 2594 1648 1330 2104 1555 1102 1349 2312 3207 2987 1978 656 323 2082 3089 622 3158 3096 814 3059 1862 3206 162 1226 1026 839 3199 2160 2619 2535 287 2221 1696 1716 1432 3226 2425 2276 1651 37 1483 178 2130 722 3253 2124 938 229 2786 2218 3105 1799 367 2173 771 1695 1934 2541 2763 92 1674 377 519 2015 3018 2860 2813 46 1263 2244 1543 537 281 2173 747 1594 2017 828 1664 1984 1729 503 770 2691 4 447 2171 2621 2692 1139 2414 880 2969 2267 2341 1594 1477 420 1265 3211 2371 1557 2055 789 2770 1029 109 468 3085 2868 1265 1094 1095 2344 838 3276 1702 1601 1269 3095 2001 1842 3122 3151 2246 2291 2996 671 1719 391 1067 354 1257 1700 1015 432 2999 2016 1908 691 1515 1770 1703 3102 2068 1495 1105 2094 607 1227 1409 2483 1455 1812 1682 789 3231 1553 186 289 3172 278 1387 1179 1506 654 935 593 1179 1539 314 823 137 3188 643 354 1106 3264 1596 467 1154 2626 134 1839 2432 594 2545 3026 730 2514 1105 228 607 2094 622 3096 2132 1444 2876 2513 2052 2315 3092 1446 1568 1571 758 2019 2656 1235 703 3029 2473 1038 2081 588 541 1005 513 477 2502 1778 3132 2524 2290 57 169 2857 3284 3100 1406 997 3133 2160 1528 43 2392 363 2576 1595 2137 795 3029 2079 2727 312 2408 569 1342 1045 1160 2500 2362 3255 1968 1891 178 1405 186 2769 1331 289 2380 1604 2541 1692 369 533 806 448 161 2542 593 1539 971 924 1090 1643 411 1862 814 3059 1050 34 848 1730 2870 1958 2529 3180 2467 349 2516 3018 2280 1744 1693 2665 1296 3251 341 849 706 408 3257 909 3126 1830 3123 1181 1265 1095 1094 3222 1678 2655 2068 3082 3132 2332 2624 2886 2536 1558 2509 2515 3200 2686 3257 909 92 2374 2763 3157 536 3257 2686 909 2314 1323 81 693 2485 2111 38 316 177 1264 523 146 2130 722 3104 926 2072 2704 608 1851 1409 2371 2885 2344 1884 2902 2112 522 1757 1809 1281 2527 2241 3035 2584 3291 148 3079 2182 392 3057 20 3192 2393 2532 2959 550 3252 1220 1416 1339 1774 2797 2948 767 2193 2040 2168 2518 2711 2504 2159 1528 363 2462 2447 2844 959 848 557 979 2344 884 401 2124 2698 2080 27 2213 2140 2994 1926 576 2213 2752 88 2369 316 1600 341 1785 849 1337 894 2212 43 1393 2212 2392 43 264 1112 1618 1209 1260 1383 493 2275 1890 519 2015 3018 179 3 332 602 1233 5 945 2965 2606 2243 582 1712 1443 1279 1040 753 575 2319 2246 1033 3215 3041 1798 1906 2762 2425 2519 1898 665 444 1565 1846 2345 2394 2558 2832 1464 676 567 552 2338 2084 1691 2761 3240 555 2662 1924 128 1162 180 313 1387 2033 170 1179 2354 442 511 149 1711 1226 1781 1026 64 2942 1093 1143 1905 2780 2481 1106 2267 1097 1993 2510 2491 2241 3035 2584 3078 2787 2120 921 1278 2649 970 406 2085 1083 399 1823 2624 2332 2136 2886 468 1813 189 1996 366 2944 2615 2362 3215 1798 3041 803 1729 503 1984 352 1458 251 293 1120 1330 2633 2330 1102 3246 1736 2771 2881 645 1235 253 647 3143 504 2300 1241 37 1999 431 284 265 2467 460 2419 2445 2483 976 714 513 2204 477 1778 1037 1921 746 2953 155 1845 3006 466 1183 1178 2339 1698 1926 2452 1794 1330 985 2911 1632 2182 2763 1318 3157 2832 1681 2346 1744 1355 2109 2982 1879 894 1082 1558 698 2515 1746 2005 1493 1539 1929 2229 3248 2286 1304 91 2311 1036 938 1097 2267 2510 212 1768 1126 2515 1263 3243 2762 1898 3284 2642 1361 2625 2895 891 898 3179 3076 2569 2012 3268 1280 2704 3096 1765 1485 2392 1528 43 3169 638 2458 490 202 1910 791 2372 2588 169 67 595 757 2133 3245 1719 2009 2083 2463 2873 104 1426 156 1708 1207 465 1342 1045 1200 620 1101 1445 1506 210 2398 2860 328 946 138 570 185 2946 2117 1578 1421 2801 2120 921 408 2070 706 3200 893 519 3018 2860 2678 2385 1818 63 2156 965 1288 789 3202 2120 2801 921 1743 1219 2003 2168 664 2363 773 482 342 1368 493 958 1333 541 2348 231 4 2694 3215 2978 2335 865 778 3085 1428 3016 1168 2660 1994 2724 464 2075 958 2374 3004 146 2998 2660 1543 1823 563 2959 3277 1490 949 2279 1458 1120 221 1735 533 1697 1458 311 251 1120 1679 107 813 806 1015 1366 1677 623 622 2987 1971 2963 2035 2881 2415 1542 208 246 1255 449 1971 2987 622 1444 129 432 1501 2016 3211 927 394 3263 3192 20 917 2393 2948 1091 699 3024 294 1070 3138 302 328 499 946 570 2620 321 573 2814 2743 3220 2465 2320 2773 2403 1609 2651 2466 2149 2235 304 1545 529 1543 2660 1555 37 2777 178 1003 3176 2562 315 300 1357 2476 2778 1196 2514 2823 3271 664 1489 3234 2160 1780 3231 2040 3152 450 732 2038 1343 1105 1156 2094 1227 156 1426 3114 1708 3121 1080 1795 307 342 1502 1118 2854 1154 1417 2674 3059 2076 2781 2805 2701 1095 2344 1094 3222 2130 2418 2117 926 978 904 1342 1045 177 2649 1264 146 463 1287 2997 1081 1430 489 249 2231 1507 1106 2451 3264 1271 983 1531 2524 1603 1165 1371 2016 1641 2518 2146 1268 2888 2695 3298 1497 3119 3267 861 2610 1624 1996 2718 2868 1772 1026 1039 2943 3014 1392 708 540 2925 180 128 1162 85 246 867 298 2849 3115 2628 2646 1933 906 640 1338 2466 2542 161 1539 660 1980 1472 2369 1555 1913 2140 1405 1984 352 503 1469 2782 1208 1508 232 2674 1872 1314 1608 3251 327 1094 929 3100 35 2695 2638 1213 3173 454 2082 49 280 350 1460 1994 312 3252 2075 981 1576 503 1469 2877 3247 365 1665 30 1677 2426 2316 2199 525 2138 1692 756 558 2191 1484 2500 1995 2362 1737 1414 2500 3186 3255 1069 212 2289 3093 713 1807 1257 1329 3088 2225 317 2519 686 662 173 1066 2599 499 1912 1873 1342 569 1207 1045 180 1162 733 313 334 1156 2290 73 2570 1033 3008 589 174 3018 2467 654 2532 3252 550 1581 3057 51 1928 2393 2466 2149 304 1864 1636 1115 2516 628 938 2786 229 712 2931 1090 1575 2699 40 2657 3026 2514 1986 2857 67 65 755 2732 976 460 256 2477 618 2987 1224 781 1642 1580 2466 304 1471 1864 3132 1271 2290 2524 3240 1924 677 929 477 2204 3045 1778 361 1711 1781 1846 2687 2990 2634 1 2539 3090 397 57 2275 2374 2763 2832 158 2102 354 1700 76 1324 1914 428 779 1877 1096 2624 527 2654 38 3156 2516 1604 3060 871 1604 628 2516 1692 468 189 1813 1103 1616 1951 278 2846 965 157 2770 2697 290 1257 354 1700 722 2124 2130 2698 419 1595 248 481 3202 196 3078 921 750 1998 2024 666 1908 1770 1515 2273 1763 2708 1491 996 1146 3248 2229 489 537 1022 2995 2193 1891 556 1913 1405 3043 2045 1534 2417 293 1120 251 743 76 748 2699 1267 3240 3253 1924 929 1712 795 582 999 994 2579 415 2231 1069 212 1937 2289 2892 1313 485 1274 1863 489 249 2286 3172 2311 490 165 2901 3092 1568 1571 3160 1005 1408 1217 2763 2374 2275 3157 1590 291 495 1707 2365 2136 23 2624 3014 708 1848 540 206 964 911 2390 1122 3035 69 3291 1015 1502 1366 623 1053 204 2793 1441 411 565 814 1862 1478 3096 3158 1444 2762 3234 2390 140 95 504 3143 1241 1545 1168 529 2660 2199 1604 2380 1692 2074 1558 3154 1906 1929 1332 2766 959 302 410 318 3189 438 1334 2452 80 2930 3140 704 1404 1373 289 186 278 1921 2953 347 1313 2620 7 1501 2016 1337 829 2370 851 2693 980 1340 3009 2544 2705 1671 1591 2411 582 795 999 1615 913 2540 65 2461 113 1876 496 1656 698 805 1688 541 76 588 428 1489 664 3234 546 2821 263 1097 2510 660 711 2360 570 2569 476 369 1697 755 976 1918 460 1794 3014 1848 982 1922 499 513 477 591 2519 3088 1150 60 2110 3155 42 396 549 740 826 1207 2860 1636 2587 1852 675 1482 2517 2330 1075 1392 982 2170 213 3149 2244 131 3219 3181 2829 127 349 265 951 975 2674 1314 1608 800 1091 767 2304 3265 793 2407 1168 1170 544 238 2719 2274 2047 1111 1577 988 2235 1493 164 1377 2641 236 1493 2760 280 274 1262 343 3133 997 2160 1283 2119 498 760 2460 852 2924 973 781 1642 1580 511 1491 1580 2708 392 2131 2940 2119 2447 906 2626 1618 41 1842 1449 1492 1163 598 1225 400 243 439 1196 2545 730 3232 3134 2019 166 454 2260 3178 2082 2461 2909 395 1542 1488 67 3100 65 713 1184 1427 3264 778 433 3281 2868 2539 278 3090 3177 1304 145 2351 825 1070 2521 721 1264 2053 2686 1383 2565 2017 1594 2803 420 943 2989 353 1225 2254 3253 1924 1935 797 865 2335 3085 1543 699 2995 1823 3238 1366 1716 535 493 342 16 190 189 825 2459 1875 3163 1830 2822 3123 1212 1335 557 2026 281 1022 537 2193 250 2816 2727 1202 1633 20 33 545 99 2056 289 1767 1971 3277 3195 547 2450 1763 2161 203 3029 2727 2079 1027 2280 1693 617 2665 1810 2382 912 1241 2743 939 385 2320 2445 2908 976 1918 563 2473 3252 2939 2386 2585 951 1441 2158 92 2763 3157 23 2624 2136 2886 450 1372 2457 282 716 166 977 1081 2703 2658 131 1074 2219 2321 1289 1591 1277 1185 2135 2510 1294 1231 986 658 1305 395 1094 3222 855 1559 624 410 2894 3060 3107 980 2000 1657 2838 3159 2563 304 2149 2627 2334 1287 166 1081 3235 341 1051 2965 1207 465 1101 2587 716 1235 166 1081 360 969 2618 336 226 1103 2472 825 3289 2122 1966 313 3041 2978 2509 82 426 1846 2025 3062 1809 3041 488 1281 2139 913 741 824 1572 638 1399 1225 293 1458 2526 251 2421 1255 2323 449 1872 409 2547 2164 3209 2416 214 2631 880 2969 2267 2218 508 187 760 348 255 17 1635 1299 3133 3101 1406 2160 1913 902 1891 178 3215 2978 3041 82 529 1168 1815 2660 1504 833 555 2662 874 602 1101 380 1111 2422 118 743 507 253 2155 647 78 1570 169 595 1459 1910 2372 1640 1815 529 1545 1168 2444 699 2948 529 484 171 1233 979 2821 447 2069 1661 2776 1996 1624 1875 2435 2769 850 1699 617 3084 1038 752 1982 2877 2671 1665 1148 3300 2418 2698 560 2473 307 2939 3004 523 2374 2153 1207 1636 465 2587 1220 315 828 2430 1460 274 280 1262 3118 2873 2999 824 290 1257 713 354 3160 1150 2833 1530 493 2429 342 190 2716 315 2049 2430 788 2094 2239 1710 1488 0 2955 587 2220 3074 1329 2817 2445 2169 3270 714 2352 3192 2299 20 2445 976 2908 714 2891 2210 1123 2646 1472 2268 660 2369 70 1311 2987 1756 1933 2363 2777 1556 2710 2403 230 1045 3279 393 567 552 1280 544 699 1266 2803 2017 747 1594 861 3084 2043 1038 2865 3088 317 1150 2923 1026 66 1188 405 1073 364 2425 2911 1632 2182 1824 411 1374 1862 3059 1393 2806 829 43 2280 1577 1140 2665 2090 2633 982 80 2040 1553 789 2711 716 2155 1235 1081 2220 397 3090 57 402 2470 2630 3079 948 1240 730 1861 1838 1398 2621 1139 617 1693 2280 3084 364 3258 405 2425 1069 3093 2289 420 2537 1150 1484 296 2532 1792 1067 443 396 2691 1164 2829 617 3084 861 1038 1503 1746 1230 232 3288 3006 17 303 754 2753 2622 2333 1506 3025 2398 210 1260 958 493 2744 1351 2229 850 2286 848 1095 557 2344 2969 2738 2267 3124 2590 1989 1896 2257 52 1654 883 2210 2687 2634 1909 1 1962 660 2268 1684 1597 2042 3139 1336 1652 2515 642 82 2190 1379 3063 2071 2883 2761 555 1924 767 1091 2948 2304 2445 2908 2169 714 893 1506 897 654 3129 2844 2447 959 2585 421 407 1441 1151 1744 2280 2665 415 2141 3108 216 2175 2486 248 3077 277 2766 2459 959 153 33 917 20 1387 2033 1179 654 2888 1481 2848 1134 2624 1040 2365 1143 333 133 1164 2759 883 1402 3249 769 2076 1914 2701 428 583 2917 1644 537 2563 2111 2235 304 1921 1037 347 2953 2309 2374 2275 2832 1703 579 2626 2409 2808 483 2122 1446 1943 3281 916 1981 1190 2077 2661 2786 3214 1941 2206 3183 2077 2786 1190 2218 2128 1996 625 63 3280 2440 2092 2004 3065 1168 1545 1355 1933 2777 2363 436 1745 2642 3167 1481 1947 1378 2045 2417 2796 2301 1856 2584 440 846 3106 1788 2097 330 2159 693 703 1838 2473 547 342 2429 493 1368 2147 1783 3301 151 2432 1329 1807 1216 2948 1423 703 1091 974 1791 1377 2641 3047 2899 518 2672 738 847 440 1788 1966 313 2122 1445 2722 2980 163 1499 1749 1618 1829 1016 1867 2426 219 1677 1933 773 2363 1556 2941 500 431 3123 3230 443 1067 647 2049 1242 2791 2430 3014 651 1295 1707 2379 1675 2394 2832 2314 81 1323 1741 2076 2701 2805 428 1381 2723 131 1074 2689 549 1158 2703 1638 876 2261 1917 2593 951 265 2836 972 2823 50 1058 1425 2382 2395 2881 541 2081 1005 1217 1807 2432 2685 57 264 1618 1016 1209 1013 2289 2536 1191 3130 2641 1179 1471 3272 950 792 1873 1017 1311 70 2843 1668 2613 1431 2052 2485 1780 2004 232 3119 215 3267 2610 131 396 3181 2703 2012 1022 2230 1415 1858 2032 3159 9 1092 2848 1688 2453 3169 2657 1225 243 1175 813 806 533 3160 231 2612 1530 2012 2569 1022 3268 2252 891 2895 1262 1558 1688 2536 715 21 1902 187 589 3169 1225 598 243 571 672 1613 1533 541 1689 213 1324 1451 652 217 468 1416 2244 213 3164 783 2942 2774 251 1310 469 3146 2384 83 1930 1258 9 357 2550 2211 2759 1937 1069 2289 420 2219 811 1591 1979 2428 826 1757 2527 700 334 1833 1156 383 2581 867 246 456 588 314 632 1148 2418 2130 2698 2053 3257 3200 2686 1315 1336 856 1709 1315 2593 1336 1709 2007 2143 2729 1935 1392 3188 918 1738 1452 1872 641 2409 1488 1960 0 587 2461 677 1876 113 3135 1996 109 2868 1596 1706 467 2626 2678 598 1297 1171 2883 3009 1719 671 1770 1647 773 1338 53 1451 344 3085 1183 2578 1676 1021 432 1995 970 2814 1488 3100 67 35 1525 2621 1838 1398 2013 2585 299 1336 658 1339 1416 1774 2388 888 191 2773 2241 2491 478 707 2314 2159 693 1741 898 2895 2252 891 48 2068 2125 545 369 767 2569 3268 2355 558 756 1484 3282 2704 2427 2315 2657 3169 693 243 3105 1057 1799 2173 1932 668 1534 1254 2706 782 2348 1648 2728 214 1334 1928 1885 3033 20 545 583 2749 2201 537 2461 2370 2212 1533 2888 2695 1247 2638 1111 2376 2422 743 1858 2840 83 1930 1555 2213 27 2140 1994 1795 1499 2939 332 904 978 471 2462 2844 2766 959 440 324 1211 1391 1962 2268 3120 1684 1039 2883 2124 671 515 1088 1308 533 1665 1280 1019 1765 2457 1372 2503 282 1105 2222 1156 1227 5 1335 1350 2965 713 1427 1106 3264 2872 17 3006 303 2462 1832 2766 1557 642 2821 1097 447 2661 2077 450 2786 1886 1014 2357 666 2695 35 1247 2638 1335 2382 681 2026 1993 3124 2899 2672 3070 3170 2882 2885 1630 947 524 2177 288 2890 1299 1339 3221 1335 1212 2382 1350 1241 1335 991 1119 2748 609 2586 4 2691 2694 2978 3239 1212 634 2026 2678 400 1297 598 3170 2885 171 1812 1693 529 2948 2193 1957 69 736 3291 3238 2237 2203 535 3187 3111 2271 1499 2584 2887 1720 3213 2833 2348 3160 1530 510 644 1641 2041 2979 1839 254 1861 211 3279 393 2315 1747 2817 81 3271 181 2697 1702 352 67 595 1301 3189 509 1830 37 1999 2170 1689 3297 1419 3095 2200 1007 2272 369 2569 767 476 2128 2224 625 1996 2311 1304 490 165 2280 617 3084 1577 2444 1543 699 529 3119 2337 2748 861 3289 313 733 3183 844 364 2276 3243 2763 3157 2275 2832 1113 2984 1746 232 1431 3204 1030 1525 2338 3013 378 2761 827 2263 1608 688 2405 1353 227 2230 1409 216 2169 3270 1280 2132 3096 3024 3108 574 1886 1014 432 824 2999 2016 2109 1306 2982 894 2098 2703 2604 173 2604 2703 549 173 2581 246 383 1708 1876 3211 395 496 784 1651 178 688 1809 715 3041 1281 2667 967 70 1311 2189 2537 2809 1074 2706 2348 1333 1648 2986 2647 3132 2886 664 1489 2160 546 755 3060 3107 2943 1211 1433 1878 2162 1595 3077 3296 2424 2802 549 2689 173 3095 2200 2554 1007 2640 2405 1245 476 1350 5 362 1335 37 3123 431 1999 1809 488 1757 1281 2145 226 2351 1606 1499 2707 1994 2939 2020 2739 199 1853 133 2211 3028 2759 2143 1439 2729 1935 1835 2417 668 2518 3119 2043 1326 307 2509 1558 2536 715 2253 2149 484 2627 1780 2984 1208 232 3291 1720 2593 1709 2948 699 2444 3024 15 186 1373 289 523 2955 1375 896 1644 2852 2926 1415 1186 1739 1271 2580 821 205 121 2505 2054 1676 2018 2101 1609 304 2111 1685 1375 302 1264 896 1499 1795 2171 2939 1867 2221 287 1366 2913 1504 2796 833 1238 1501 970 2814 2082 391 1967 459 369 476 767 2304 1915 1832 1863 2286 122 172 273 2095 2588 169 188 67 213 231 2285 3164 556 2592 1891 1913 2334 2997 1287 1081 281 2173 692 1744 711 2953 1456 705 1585 1234 3217 515 2894 856 1192 1424 1313 899 275 3244 1968 178 1181 1405 747 1643 1594 828 2995 1543 537 2193 171 2885 3175 979 911 140 2390 2683 830 951 1549 1336 3019 2879 542 2986 103 2101 1676 3005 2551 2812 2321 811 3014 1392 982 1707 2805 2701 2781 1197 1025 2335 719 543 1933 773 1338 436 219 1722 1867 56 2690 1353 235 2230 1288 126 2156 3231 2563 2111 304 1685 2351 145 2459 825 987 1235 2757 73 1508 1503 2862 232 652 1813 2731 1103 2455 2844 858 1064 1491 3285 148 392 748 1648 1333 1267 585 1062 3228 1002 2592 1913 556 973 2436 381 2476 2778 353 2657 1303 1225 2169 216 453 2231 2467 3130 2033 3091 1636 628 1342 465 1265 2766 2909 496 976 2908 2693 1918 2106 1127 1782 1394 1523 2925 1931 2937 893 897 3018 654 937 1980 1921 1006 1325 387 566 2536 741 913 1615 1356 1078 475 1402 3183 342 1118 423 2854 1534 1932 890 668 1092 2113 3298 623 615 2953 1313 899 2956 2986 183 241 1687 2417 318 595 527 38 2004 3156 790 1320 1426 203 495 651 1590 1707 3081 3282 2648 1765 1876 833 2662 3263 506 874 1101 380 1668 2876 2513 2052 3081 2704 3282 1765 431 1999 114 284 1641 1817 2146 2168 369 806 476 2304 2537 282 2723 298 2462 93 2844 2291 417 2174 1896 2272 1039 1026 162 2698 668 3152 2040 1553 2171 2707 1499 2939 3019 151 710 278 2658 2809 1253 1074 3140 704 1404 530 2566 1330 1926 2213 1265 3211 2766 496 90 2734 2896 2250 501 1237 1938 589 485 92 3116 1364 3247 2877 717 1665 1265 2909 395 496 491 253 2679 1235 134 2823 2514 3271 2189 2723 2537 1074 188 3100 169 2638 2197 1427 1834 2724 703 2948 1091 2304 790 1426 2496 203 1333 2348 2285 231 1315 207 856 1336 468 2395 189 1103 2509 1906 3041 82 2526 2774 1793 251 942 3188 1850 1044 637 388 2870 2578 2044 721 1264 1356 1595 419 1712 795 1277 764 2248 3093 1714 1683 1258 9 609 2748 416 3084 233 1278 970 406 2629 2442 685 1371 2154 2341 1477 420 463 1775 1287 1081 3186 1414 175 455 2472 1103 226 1992 2055 3231 789 1837 163 1427 1184 3264 2767 1777 2981 996 2727 2520 1581 1202 3230 1581 2520 1202 3221 858 433 2652 903 2525 3113 2625 3034 2694 1961 2305 2941 2381 3123 1448 311 2942 1279 1143 3080 761 2976 2162 1647 1770 773 3206 954 3162 846 1480 376 334 700 2290 2661 1466 2786 282 897 3018 569 2860 1983 149 2911 1824 878 840 138 660 1308 533 1088 448 3180 2578 1183 1021 3113 2638 2625 3005 2375 249 1351 2286 3096 1019 1280 1765 1641 2168 2146 2518 130 160 1022 1415 3238 3298 3068 2113 121 1759 2505 2985 425 833 1504 2662 185 3235 2192 341 2285 1253 296 1530 318 3184 1687 410 1687 3184 1472 410 3241 2131 2733 2291 418 2418 3300 2698 254 223 2302 2647 1665 2745 2719 1851 49 1153 195 274 176 2911 985 149 3295 1606 3246 2881 1308 806 533 448 706 909 3257 455 1946 1410 360 336 890 2249 1247 2607 50 972 2176 2823 3132 983 1271 2524 3116 92 485 3244 1746 2235 2466 1493 2416 761 2438 1928 2263 902 1608 688 3113 903 2625 2638 156 2496 1426 1062 1099 729 1456 705 40 2657 1836 243 1500 1373 186 278 838 1247 2607 1497 2986 3132 983 2886 2345 2275 1246 3157 1264 1274 377 896 2437 2785 2215 2333 1228 313 3003 1445 1265 395 3211 496 1416 2350 2285 2391 238 25 544 2384 3066 1640 981 16 2356 1580 2517 2150 981 2372 2309 1640 1993 1584 229 1 567 393 3279 2315 1500 1373 15 186 652 2790 2799 468 1959 3086 2643 131 3041 1906 3215 82 3066 493 16 190 3080 2090 2778 2100 2155 1081 962 647 366 2958 1517 1737 172 1936 3174 2505 2269 289 2056 1767 2212 1528 2446 363 40 2922 3026 2657 1471 528 897 3091 3004 2374 2003 2153 1031 842 2788 2343 156 96 3114 1426 1775 716 977 1081 3101 2423 2484 89 3220 445 961 2861 2090 374 2433 1707 2478 549 2208 173 1221 412 600 1930 2691 1135 770 2829 1763 996 3228 1002 189 1996 2776 1875 2924 2460 973 119 2388 2403 2773 2651 938 782 2786 712 2508 1438 2826 409 318 2417 1687 3184 3158 2987 2312 1444 375 3288 17 466 1584 2277 2356 1089 1492 1366 1502 535 2271 1499 2171 2707 2234 1983 176 149 1936 2505 172 2095 273 1242 2278 2430 40 81 2657 2514 1482 2575 2161 203 1573 595 1559 410 2720 1026 2923 1188 444 889 1565 776 2229 2769 850 2286 334 881 1156 73 2342 3179 891 726 1153 2828 1293 274 1908 811 1770 2273 603 1628 273 2278 2718 2914 1624 2868 1472 410 3184 1268 314 2081 1077 632 2662 677 3240 1924 2139 44 2682 1134 1017 1048 2843 1227 2796 1856 2913 1720 2475 1456 510 899 1381 770 3219 2829 2306 236 1377 2641 48 1659 2068 545 2516 349 1115 3018 2069 1135 1526 1670 1729 352 1984 1469 2137 530 795 999 2099 2407 793 1168 1051 3235 185 341 1995 2500 2362 2814 598 693 3169 243 2901 2574 191 705 1071 1725 1804 1062 2446 2311 3074 1344 2435 186 2769 1699 550 3252 1027 1581 583 1644 682 537 813 107 1175 806 3172 151 1363 3177 2459 2766 2844 959 2887 2693 2908 1918 68 417 2174 1896 1881 2011 502 2319 2653 3063 1913 2140 2319 93 1050 2246 2438 2416 2633 761 889 472 2287 904 913 2955 3144 423 2823 1240 1834 1216 2146 1817 1641 1268 214 3209 1762 2416 2888 3298 3068 1497 2096 499 2360 570 1472 1980 510 2369 2516 3018 569 3091 177 1364 2991 2820 131 2658 1253 1074 2584 394 3073 3213 1913 3063 2653 2071 2170 1379 2244 2071 3066 2429 493 190 3 191 1509 517 83 1858 1930 9 250 687 1807 1202 1962 138 840 660 488 2694 3034 2305 3140 530 1404 999 2991 2765 2649 2820 770 1381 3219 712 1889 3281 2960 348 1421 2396 2655 921 2018 1676 3198 1021 1381 1201 1466 712 492 2211 470 3034 3066 1007 2053 1163 787 2125 2068 545 2262 738 440 1788 2773 2403 2388 2073 863 1509 3 191 213 1689 3149 1324 3238 1716 2039 535 1393 2392 2806 43 2466 2235 2111 304 1913 2592 902 973 744 628 1342 2138 1555 178 2777 3223 2599 1869 3273 499 2455 93 2844 1064 369 533 1735 1697 1771 988 1230 1746 2737 1447 3038 1801 2053 3200 3257 2565 2893 1617 404 1735 694 1917 1192 459 2342 898 891 3179 878 660 138 570 523 3004 2955 587 1914 1324 2701 428 2730 1940 606 3203 311 955 251 1120 2898 1374 1608 3059 1736 1871 3239 634 2098 3181 2703 2658 255 2465 239 3030 205 2709 1128 3148 189 1875 2459 2652 690 133 2323 1164 2966 3180 388 2578 2098 2320 173 1066 2461 2035 2370 1533 2330 2090 982 374 342 958 493 16 1630 524 252 2177 2055 789 1029 1837 3289 2122 313 3183 2132 1971 1091 1444 277 2461 2351 2909 2888 2638 1247 3005 1153 1293 195 274 70 1311 967 2987 68 2961 1215 2343 1760 1120 948 1861 2571 2350 445 2658 1614 1896 2686 2343 2870 2529 2992 2578 2727 1027 3252 1581 2455 1152 3203 1730 1678 2068 817 3082 978 517 2096 2651 464 2724 1834 2075 2908 3263 3240 3213 2710 1778 513 1779 37 1555 1181 178 1579 1259 197 1028 1385 247 2876 2052 2951 3100 2857 65 1961 1201 1255 2829 775 2559 761 2162 2127 2873 1092 2453 1104 2249 398 2853 1506 935 593 1179 318 410 302 1268 1046 1266 737 1851 3111 2692 2271 2171 2757 987 2134 1235 208 2957 85 246 45 911 964 2390 566 1325 2536 2316 2948 699 767 2193 2484 374 2523 89 48 1754 1659 545 948 731 1386 1054 3249 1511 2210 1261 2170 3234 546 3297 2069 2594 1514 1661 735 1106 643 354 3071 588 456 1498 2901 2574 863 191 2716 828 315 2430 603 1292 1628 1643 293 251 2526 743 107 806 1679 2963 396 1135 2691 2829 3042 2385 2717 1818 997 55 2673 1724 3251 929 1094 3222 1366 623 1502 535 2901 888 1456 705 1749 906 1618 41 2539 2290 2524 57 985 2911 176 1824 578 2428 1526 1135 2606 1712 582 999 154 1338 773 436 181 2697 157 1702 1842 1163 2053 2272 2422 2526 1793 743 3080 1480 846 1391 1303 400 1225 243 544 1266 2085 1823 27 2140 2653 1405 2563 1685 304 2204 770 2069 447 1661 283 899 1674 3244 2508 2826 2635 409 1660 3203 2059 34 1850 28 610 3188 394 927 2908 3263 1804 3228 1701 1062 2055 1288 789 3231 1748 1251 1300 1332 3277 448 1308 1027 1815 3065 1545 529 1034 1141 2427 3037 2184 952 3008 1981 1383 493 2053 2565 2050 3037 393 2315 2096 1779 978 2651 2224 468 109 1996 3130 654 2033 3091 1664 1729 1761 61 1834 1427 2823 1216 493 1368 2429 2565 1667 1805 1952 1115 2474 1842 1946 2257 142 1359 3236 140 3001 1740 2169 3073 1265 2766 2459 2909 54 2662 1742 2761 2044 1356 1264 2649 3098 464 373 2610 1624 3281 2455 433 2053 3257 2686 2565 1743 1219 2168 1511 2516 569 337 3091 2901 1456 888 1571 2221 1366 336 2663 955 1120 311 1054 1759 1457 739 2985 1260 493 958 2374 998 215 3121 1795 2306 1990 1812 2223 3253 2254 1439 1935 1645 3026 2232 730 3029 448 3277 1027 2783 454 2082 391 1265 1094 395 3222 630 2871 2481 329 1620 611 3269 3008 1475 373 2681 2610 1919 2418 2502 75 426 2025 18 3062 879 2554 1664 61 3203 2830 1050 34 1207 210 2403 528 1350 635 1241 991 700 376 2290 2524 668 1553 2040 2711 1545 2173 1799 1168 3132 1271 2816 2685 2171 2707 563 1139 512 2203 2237 535 1799 2173 1545 1744 864 2223 2149 164 416 785 2884 3084 2220 2311 2458 3090 1504 1742 54 2662 2329 1617 2893 1735 3089 622 3096 1019 2132 1091 1971 547 2706 2285 2348 1530 2024 1998 2882 1014 2666 1208 2782 1780 2390 2673 664 2160 974 286 2641 1493 475 733 769 3183 2 1514 2594 1661 954 3162 847 846 2777 1102 2363 436 832 1610 2981 1777 2508 2635 1438 409 2802 2208 3260 549 3172 2458 638 490 1701 1804 659 3228 2040 3152 668 2518 2334 2997 1344 2714 3205 885 1672 381 1570 1301 67 595 99 2056 2742 289 2032 1657 3112 3159 318 3184 410 1268 1117 1531 700 1271 1280 2719 1266 1851 302 410 1472 1268 1117 1531 1271 983 2254 1935 3013 851 1740 415 1461 216 658 3149 2190 2071 1679 2963 806 1756 1112 2889 1618 1209 1693 3084 617 752 2641 2466 1471 164 955 2079 311 251 2701 1197 2805 428 1207 897 569 2860 1543 2660 2444 1823 761 2559 2976 2162 2466 1179 2641 1471 439 1645 2366 730 1502 623 3238 535 633 210 593 528 281 1693 1545 1744 230 1045 2403 528 2132 1971 1444 547 1337 2212 829 43 741 2540 1615 913 2032 2627 3159 9 2183 727 1882 2171 984 465 1636 2587 2094 1156 3230 1581 147 2708 2864 2277 141 1129 822 1398 83 1930 244 1258 2077 1343 2786 2218 3241 424 907 1033 1807 2685 2816 1202 3100 65 2951 1134 1878 1433 132 2162 2053 1163 1007 2272 2133 1719 2616 391 1652 1089 2356 2632 48 817 1678 2068 3237 567 2052 2233 3154 2895 1365 2632 171 3070 3175 2885 1609 304 1685 2204 1595 248 3296 3077 1965 786 1025 543 272 1273 514 801 2941 431 3225 1928 1609 304 230 2542 2547 409 1872 688 466 46 375 1374 2151 968 3045 1864 1318 2488 2379 2832 2017 2803 2818 420 3063 2140 2653 2071 70 2843 1311 1756 1772 871 1604 1562 2462 2766 1332 959 2020 1880 2739 1853 2212 2370 2461 113 2765 2715 684 2362 2871 329 1485 1528 2727 312 2079 2075 1325 2216 125 2289 206 2390 911 2276 3153 916 1753 543 2309 2275 1801 2832 2808 1162 2842 313 942 2081 1044 1217 1910 3259 1459 2372 846 1749 1829 1788 2345 1246 2933 3157 1747 1329 3074 2817 955 311 2079 1054 508 1024 187 348 160 281 2281 1022 2616 1719 1690 391 3144 2649 970 2744 2319 1050 2830 2246 2170 1689 213 1465 1781 3224 426 1846 2239 2094 443 1710 2220 2432 1807 57 2309 2003 3004 2374 615 377 1274 896 566 1656 2609 2536 2018 3198 402 1021 966 513 1779 1912 3120 624 1559 2268 696 2502 1919 24 238 544 25 2719 2060 1475 2845 118 1270 248 596 3077 2330 2090 374 201 563 3277 3195 1490 1454 140 911 2683 2137 795 1712 999 1722 915 2618 56 2590 1989 1223 1896 1994 1795 464 2724 1580 511 1460 2150 3172 278 151 3177 1050 2371 1954 1557 2706 1333 2285 1463 488 3034 2694 803 1050 93 1954 2246 1703 921 2409 3082 2309 2763 2374 2832 1703 2409 409 3082 2050 393 567 2315 177 414 559 2820 2251 583 772 2173 690 1158 333 1164 104 156 3114 1708 2356 1460 2895 2150 1772 776 871 1562 1184 1427 163 2724 3241 424 1033 2291 2532 550 2959 1710 713 687 1807 1216 2497 1990 2387 3270 832 2767 2498 1002 1675 1743 2488 1049 566 2609 538 2316 359 237 2396 2889 1263 2464 2350 3030 680 2644 2954 1424 1960 2695 1118 423 1746 161 2485 2984 959 1767 2447 2247 1933 2363 773 436 62 1448 27 3148 3051 1511 745 1049 1913 1181 1555 178 93 1033 424 2291 2864 2694 3034 803 2013 299 3139 1336 1437 2866 51 2393 2220 1807 397 57 2582 1792 1184 2856 1475 2681 297 731 664 2683 1862 3206 2269 15 2056 289 502 3008 2319 1033 733 483 769 3183 2788 2343 1007 2272 2111 2842 161 2542 2459 2909 2351 2652 1066 1463 1220 315 1416 2285 1463 2391 2966 1991 451 2578 1809 2918 715 1281 1461 2169 216 3270 3087 1404 704 530 1815 1545 3065 1168 97 173 2703 2861 1453 2207 2464 3243 1809 2113 3041 715 2976 761 2416 1928 1113 2005 1503 1746 277 2461 2909 496 1269 2443 3095 2272 3217 494 515 753 1198 3013 371 851 2330 546 2104 1102 1146 2229 3248 1287 2363 664 773 546 2134 987 580 1699 1342 871 776 2138 3129 959 2447 2247 2220 2458 2311 3074 389 48 2125 545 208 2957 246 1708 2435 1500 15 186 1200 1966 620 1445 1296 1560 2151 926 1702 1601 1712 999 99 2198 2119 1767 202 2372 1675 1049 457 795 2858 481 27 1448 62 2213 1158 2802 441 549 2069 1135 770 447 281 537 1543 2193 286 170 1791 2641 962 1081 1700 647 2210 2488 1743 1049 418 2418 2698 1188 1800 2932 3103 455 2098 173 2320 2861 3230 1156 2290 2685 3250 344 1451 3085 281 1693 2797 2193 1598 2418 1919 75 440 1211 3106 846 2156 2349 1322 3276 1070 302 1214 1274 3225 2299 3057 20 2539 397 2290 57 3100 188 67 35 565 1862 2750 3206 1614 1896 3208 2686 2215 2267 678 2510 2168 1511 2912 1100 1442 372 1275 1115 2258 1744 1151 2665 744 200 984 628 997 1406 55 1724 2563 2204 304 2282 2134 1649 166 1699 2906 353 2989 594 876 1917 3262 1691 2048 2396 2787 921 3126 1483 1830 1181 1306 425 1504 2662 1137 2253 3055 2149 978 1045 2710 1779 468 778 3085 2868 3146 2928 3061 2384 1122 69 1348 3291 2249 838 2607 398 2274 1111 2605 1577 2612 231 2519 1898 2612 296 1150 1530 290 1700 354 168 134 2657 2817 2514 2169 3270 3001 3185 1113 1503 1508 232 1534 668 890 1553 613 485 2892 1364 389 1633 33 545 2376 297 1888 731 2700 2133 2616 391 2509 715 2918 1281 1770 1749 41 1338 2946 945 185 341 2455 93 1064 1730 1657 3159 2032 1578 2330 546 1102 436 2459 2844 3129 959 337 460 2467 3091 1568 1446 483 1571 2941 438 2381 1448 418 1148 3300 2418 2363 664 546 482 1636 2860 2015 2587 890 2249 398 1553 559 1364 177 2820 1104 398 2697 2853 1785 341 3235 2965 2444 529 1815 2660 2879 983 2986 2524 1857 2054 2018 2101 981 1029 1576 1469 1962 138 660 1684 2628 601 2849 1571 3087 530 2137 999 560 861 1056 2610 154 2484 201 436 913 1356 741 406 1381 2723 2537 282 986 658 1231 2449 27 1181 1555 1405 425 1876 3248 833 3217 2583 494 753 2858 419 2556 248 1840 602 179 465 1083 809 1527 399 3172 490 638 3256 169 1570 2857 67 2750 1862 565 2683 1628 273 2278 2430 2992 2578 2529 1021 2485 161 1162 2984 2892 485 762 1364 2334 2769 186 1699 76 1324 1333 1267 2215 2135 1185 2510 2485 2984 1780 232 488 2759 740 2305 2752 590 38 316 1500 186 2435 1699 2232 1388 1645 730 81 2817 2657 2514 2640 476 1245 1697 2312 2747 326 1444 1845 852 466 973 2936 2383 1695 1396 422 640 154 201 27 1448 1555 1181 2778 2631 3080 2100 2190 2449 973 303 1214 302 294 1006 879 61 1761 1222 2528 44 2848 1134 2396 921 2048 2889 301 2780 539 329 1807 687 250 1216 1632 2911 985 1824 2220 3074 2311 1344 973 2449 2190 119 897 528 569 3091 3167 2702 1811 726 697 1547 1853 274 961 445 2571 2350 1802 1720 435 1709 4 2978 3215 1089 1753 136 916 1981 3129 2459 959 145 1718 2647 2986 241 189 2776 825 1875 706 3103 909 455 509 1830 1483 37 1050 1954 1064 1557 252 665 2025 1846 770 1135 3181 2829 3087 1712 2137 1601 2055 1029 3294 1837 2706 1333 1463 1648 1451 2790 652 468 1024 348 2960 589 1470 281 692 1744 2997 1344 290 1700 44 2903 2848 2453 1488 2249 1960 2695 935 286 3050 1179 2812 2494 2819 811 1229 1059 1152 991 1932 890 2249 1247 54 378 1198 2761 2862 1503 1230 232 820 375 46 1374 2083 2009 1309 2127 2459 3129 2844 1875 1370 2081 942 632 2986 983 3132 2524 1333 1324 3149 1774 1915 994 1863 1832 27 1181 1723 3148 2591 429 1170 2719 295 3023 1903 655 2520 3230 1156 1581 2713 593 935 1539 2050 3261 2052 2233 2670 1040 779 2580 2875 1700 158 647 869 1583 3299 1040 965 2770 2055 789 1887 758 2656 1235 838 1702 2237 1601 541 1005 3160 1217 2309 1801 1675 2832 855 294 3138 410 2533 950 240 390 2255 792 3272 950 3102 1495 775 2559 85 2595 246 298 2040 789 1837 2711 3293 1508 2862 232 1686 1871 403 634 598 2097 3169 693 1084 2335 504 543 1220 1339 1416 2391 114 1999 1438 284 574 2357 1886 1014 177 2991 2649 2820 2275 3157 2345 2832 1862 2683 2750 3206 978 2096 517 1779 1798 1178 147 3285 2414 2969 2738 2267 1404 530 3087 999 2064 2981 1610 1824 658 2190 119 2071 1650 2225 2406 2519 2995 1022 767 2193 1946 2474 2927 1842 2216 1013 1529 1526 2267 938 2333 2218 1417 1314 2674 1872 1224 1580 1642 2517 485 1313 2165 3244 952 26 3008 1981 1411 1456 601 899 827 2263 2397 1608 2039 1716 2552 535 1280 544 1266 2719 2485 1746 2984 232 2118 1909 242 2517 2459 145 3129 1875 1656 387 1126 2536 939 1032 385 2320 1749 1591 1016 1788 2697 3276 838 398 2785 2333 2437 2971 1142 678 2292 2267 841 1857 2086 1169 2325 604 139 1813 1269 2001 1052 1449 2701 2985 2781 734 3249 2210 769 1261 1740 478 1430 2231 1675 2488 2210 1049 701 727 2347 2621 827 641 1452 1872 1529 2017 2216 420 2904 1669 2688 2362 1934 1870 1825 1424 2252 285 2966 3180 3220 2320 385 2861 3029 1056 2079 312 2595 208 85 246 881 2679 491 253 2722 1080 1499 1795 2932 909 3103 455 412 1962 3120 1684 2789 1534 2417 1254 3221 2395 2881 2652 1834 713 1427 1216 2254 2662 2761 1924 2458 3090 2311 3177 3197 931 1663 2778 2961 1896 1614 2343 2570 3281 2929 1981 2096 1912 499 1873 2808 2773 888 1446 1822 2959 2006 1710 840 878 937 1980 1758 226 768 1606 2661 6 1466 282 1703 2889 921 3082 633 2542 2403 528 2745 737 429 2719 2930 2002 1068 1404 362 1350 1335 991 2845 2047 2060 1577 3229 2555 904 471 170 2033 1387 654 3175 362 5 979 1108 2836 1256 2419 844 140 142 3243 2549 2742 1783 1394 2365 23 562 2624 174 349 2456 2419 152 274 1853 1262 2933 2345 3157 2832 45 2673 1515 2683 2208 2802 2952 173 3135 2718 1996 2868 637 98 388 2578 256 622 452 1019 2952 2802 2492 173 755 976 2693 1918 1903 2410 295 655 1833 1105 2222 1156 174 1890 2456 3018 3066 16 981 503 2104 546 2363 1102 355 822 1076 1139 1175 533 806 1697 236 2641 2306 164 1118 2203 2853 2854 1330 1448 1555 2213 950 191 2533 705 1714 1683 2654 1258 2479 1518 1354 1799 879 1145 1449 1222 247 2116 2876 567 3293 2782 1508 232 59 91 277 1036 1429 3261 1815 2233 3027 2533 240 390 2363 1102 546 436 544 2384 25 2719 2183 2171 1080 307 1838 703 1423 547 3208 1065 106 909 684 1238 970 2814 1885 2668 3033 545 1409 927 1094 327 749 366 2944 2615 2948 703 1423 752 208 1255 2495 449 2331 1042 1686 849 1772 1846 776 1562 470 2550 1085 530 1326 2043 1119 2586 747 2017 1155 828 103 1676 2339 3005 2472 1813 1103 1992 145 825 2776 1875 2466 593 2542 1539 177 92 3157 146 2387 2497 1791 1990 1071 1804 1701 1062 3274 2649 1278 406 288 2890 2841 1299 2485 1746 232 3156 2038 591 3088 1150 1479 2673 774 2273 767 1646 800 476 2461 395 2035 1542 1069 1514 2248 3093 1317 2767 2981 996 2294 1511 3051 1049 2350 1416 3030 2391 250 1054 1386 2075 584 3276 2606 1702 1686 403 2331 1439 615 1274 302 896 3045 968 2502 1778 2170 546 2104 3297 3171 92 3116 3244 1838 703 2473 1038 1805 1115 200 628 2808 313 2842 2073 838 2853 1118 2203 3230 2532 443 1581 2322 3261 2078 2586 1259 1579 1637 1028 2224 109 3135 1996 656 3178 2260 2082 937 1921 2614 1006 443 1710 2094 1581 2532 550 1710 1581 3287 2194 87 381 2170 3063 482 1379 1967 391 1948 459 1619 2703 2643 2658 981 1640 3066 503 553 1048 788 1710 2446 2311 1344 2714 1891 1968 556 1405 2687 1909 2118 2672 1330 2330 2104 1102 250 948 1240 1054 2310 462 158 354 3230 443 2094 1581 3169 81 2159 3074 2823 1058 972 3271 1050 1064 2371 1557 1160 2362 2500 2814 2306 1812 1990 666 2388 191 517 2651 742 2000 3159 2834 134 2657 2989 2817 412 1684 1930 2834 1058 1741 521 3271 129 432 824 406 1598 2117 2418 75 1214 302 1006 1274 2237 2063 512 352 2620 1173 7 2016 2976 3080 2162 2631 2254 677 2662 1924 3237 1385 932 2052 506 874 1505 1101 230 2403 2542 528 911 2390 45 2683 622 1280 3096 1019 3092 863 2597 1446 1007 2343 1896 2272 1933 1102 2777 436 2069 770 1135 1661 539 329 2780 168 2339 1676 103 1178 162 292 1226 839 2808 2842 88 2773 1162 733 2912 2937 1723 1181 27 1405 2049 1294 2791 1242 2509 3041 715 1281 2960 2929 2570 3281 2995 2569 1022 2230 2498 2493 1002 203 2597 3 179 602 163 2451 1427 3264 1132 1757 740 826 451 1180 1811 726 230 1778 968 1864 486 1988 1632 2182 1299 2190 46 303 3209 214 2866 2631 76 2699 748 1648 3079 1021 3180 1147 1518 2479 2144 1799 975 2397 446 1608 2485 232 2004 3156 1518 2144 225 1799 1187 1066 1569 315 2869 1401 1020 1853 1919 2502 2418 1188 1620 1827 611 3008 262 2869 388 3180 2773 1446 2808 2073 2059 2882 1854 34 2480 248 3296 481 125 2289 2216 420 1224 1580 2517 2161 464 312 560 1795 2224 1813 468 1996 645 1067 1257 1700 1800 3103 1086 455 2704 1280 1266 1851 779 2670 3201 1040 103 2607 1247 1497 226 1103 2935 1992 1588 2627 484 1578 891 1147 2895 1262 301 630 329 43 941 2559 132 2162 2983 2647 1586 241 177 2649 2615 2820 51 2976 1928 2393 1687 595 318 410 3001 3073 2169 3185 713 1807 1329 1216 2925 128 1931 1162 3209 2631 1663 2100 2470 2529 1958 1021 109 3085 798 2868 2241 3291 2584 707 2500 2362 1414 1737 1160 2688 572 2362 1831 3023 295 655 2566 1448 1330 2213 2781 1197 2701 734 2994 2850 121 2213 2911 1491 2182 392 2470 985 2630 3079 2564 1442 1953 1115 163 1427 2197 2724 1416 3149 658 1774 429 1527 1170 2719 912 2382 681 1241 1576 3259 3294 1029 1210 2911 3079 392 762 485 900 1364 1749 1016 1829 1788 1842 2257 2053 723 1598 2192 2117 75 1905 1106 2404 3264 2864 2708 1482 2277 1934 1192 794 1424 1207 602 1101 465 807 738 2705 1788 780 3279 567 552 639 1246 2217 2958 2159 3074 81 1741 2992 3113 2525 2578 633 593 2542 528 678 2267 1142 3124 1703 1872 409 2409 1513 2019 3134 166 802 2895 379 3179 2689 2703 97 173 1460 1262 2895 2150 1460 1210 1262 2150 97 2703 1619 2861 563 2171 1139 2939 287 2469 1244 1716 1381 712 770 2829 3221 2395 2382 2881 3129 2447 1767 2247 466 973 852 303 2452 1926 2566 1330 419 2101 1595 1169 815 1976 3069 1241 396 3181 1135 2829 1050 3203 34 1730 1703 409 1872 2164 3154 891 1180 1698 814 1862 565 3206 333 133 690 1164 1411 601 2628 899 1641 1817 2168 1100 2898 1913 902 973 2942 1040 1279 1143 233 1238 1501 970 3238 3298 2113 623 633 161 2842 2542 3068 2203 1601 1497 3168 3084 1693 752 1994 312 464 1795 2969 2990 2738 3124 3143 95 1084 504 2294 2210 3249 1511 1546 501 1938 589 2973 2214 2124 1935 641 1872 1314 2409 81 3074 1747 1741 2078 1030 1525 2052 444 776 1562 2138 129 824 432 2016 136 1943 916 1981 2375 1351 850 2286 1319 667 2891 769 3042 1399 1572 638 1799 1545 1168 1355 1943 2929 3281 1981 944 3016 2058 2660 652 2799 2731 1813 1057 2568 1799 1168 711 510 1980 2369 1104 1960 2249 2853 1555 1913 178 3223 1162 161 2485 2842 1346 2368 2030 42 1789 517 42 471 2330 2484 546 436 3080 2778 381 2631 1976 815 3143 1241 2096 1779 499 1912 2455 1064 858 1730 2455 858 2844 433 1311 1048 550 2843 2983 223 1586 2647 2946 484 1560 1578 1157 1354 1518 1799 2091 2717 2385 1818 1798 2137 3068 3191 3068 2137 3087 3191 2379 2488 1675 2832 1618 1703 2889 579 442 1853 1547 274 2666 1713 1523 1010 1149 1598 2192 2117 1889 2914 2960 3281 1810 1865 1425 865 1417 1154 467 2626 1919 2502 72 24 2407 2746 3265 1355 1461 3001 2169 3270 609 3261 2322 2586 807 2705 1591 1788 2478 2604 549 173 1056 2473 3029 1038 1763 1482 2708 2161 156 96 1426 2496 2876 2052 567 2315 2546 1449 117 2663 2063 503 61 352 2053 2257 1842 2272 2869 1958 2870 3180 2653 2140 1913 1405 1221 412 1930 2834 1416 2285 2350 3164 1743 1511 2168 1100 746 792 950 570 881 2679 253 73 1138 2896 2333 2971 2689 549 2703 173 215 3098 373 2610 1555 1181 1913 1405 593 1179 2466 1471 988 1746 2235 3156 3144 2955 913 1356 1555 1448 27 2213 3129 1767 2198 2247 2478 2604 1362 826 2330 201 2484 436 1459 1640 981 503 301 539 22 43 2091 1818 2385 63 3025 1506 935 593 2249 2607 890 398 2003 1743 2168 2153 563 3252 2959 2707 917 20 1633 2393 2701 2178 1914 2985 2533 191 950 390 984 1840 465 2587 1537 2700 2260 391 2422 2605 1111 118 2633 2416 2438 80 1366 3238 623 535 2544 807 2705 1591 1472 2268 1687 410 342 3004 958 16 918 1738 3188 1044 2528 2848 3167 1481 81 693 2159 1741 706 3257 801 455 560 307 1795 2939 943 353 1303 1225 1013 1526 2289 1191 608 1116 670 2704 1017 607 1048 1227 668 2518 2146 2711 2551 811 3039 2273 2249 2695 1247 1497 3172 289 186 165 1335 2382 3221 1241 2155 2656 716 1235 2849 1568 483 1571 2981 2767 832 1777 152 262 285 3180 1243 2785 2437 2971 1585 2222 1234 1227 1433 2162 1211 1391 923 3228 659 1028 1207 2403 1045 528 838 3276 2697 1702 2849 1568 1319 483 2212 2392 43 363 2145 1533 2212 363 1609 2842 2111 2542 2588 78 169 595 2705 738 2262 1788 3105 367 772 2173 1123 2646 2210 2488 446 2397 155 1608 1572 1399 943 1225 1412 2581 383 1708 893 1387 1506 654 1505 1101 1840 2587 2252 898 379 2895 3118 913 2999 423 1052 653 2880 887 892 1665 365 2719 1838 1423 1398 547 938 2896 2821 2510 588 1138 1498 2971 2537 2723 2189 298 1080 1882 866 1499 2190 46 466 1379 148 1183 1676 1021 2055 1974 3231 1837 1905 643 1106 3264 1392 918 3188 540 1488 2695 1960 423 2446 1036 2311 2714 2912 1010 1043 2937 2626 2164 1872 1819 1114 2887 2836 707 749 2615 2944 2820 1712 2137 1595 795 1429 2099 910 552 2445 3270 2169 3185 1070 1214 2521 1274 256 1310 622 1019 3118 2999 913 824 1464 676 3237 567 1919 2418 418 1188 2895 1262 1210 2150 1119 2043 2748 2586 711 660 2360 2369 1798 1698 1178 3285 2927 2880 2546 1449 3284 2857 1814 3100 1438 409 2547 688 76 1914 1324 1267 3126 1181 3123 3148 180 733 3289 313 2995 699 1543 2193 2053 1896 2257 2272 2612 2285 296 1530 485 377 1264 1274 3069 1976 2008 1241 326 1129 1478 1444 2462 2766 1064 1557 1138 2333 1498 2971 3250 1451 797 3085 585 1701 659 3228 1377 236 1750 1493 942 1352 2284 1217 806 476 107 1697 3214 1319 483 3183 1187 1569 2049 315 1865 1883 2395 1103 2040 3231 789 1553 199 2534 2020 1853 236 1493 2641 164 2012 130 1022 1415 98 637 2525 2578 3193 928 31 851 1502 2429 1492 190 2408 1778 230 1045 1929 1863 1332 2286 1214 1070 294 302 1852 2517 1482 2161 1459 182 1640 503 1573 595 410 3189 2254 1439 677 929 3214 2784 1319 3183 1652 82 1089 2632 2902 1018 2112 522 748 76 1648 1267 740 1164 396 2305 3015 3157 1246 414 1015 2999 432 1165 199 2739 697 1853 114 1495 761 284 838 2203 1118 1497 2149 2223 2151 1864 2951 1814 3100 1134 1835 38 590 316 1595 3296 481 2424 2496 1002 2493 203 67 0 1488 35 1763 1482 2161 203 692 2173 1681 1744 1634 3157 3015 414 1229 1084 504 543 1701 3228 585 1062 3034 704 488 2759 3047 3142 518 2899 2027 2873 44 824 1748 1332 1300 1832 1876 2662 1306 113 1273 455 2500 3255 987 166 2334 1699 1124 2551 3039 2273 2933 3157 1318 2832 820 1963 375 1374 2808 88 644 2041 254 2302 2136 2332 3289 724 1966 2122 2020 1401 1880 1853 2334 3090 2311 2714 2011 2319 2830 2246 2363 2898 3063 3223 2898 2363 3063 482 301 329 539 43 1207 569 897 528 838 1601 2237 2203 2134 166 2019 1235 2034 1357 1764 2778 2411 795 530 999 2101 248 1595 3077 1164 2691 396 2305 1925 1282 2274 1577 672 1393 1755 2370 1508 1208 2984 232 588 2250 1138 2971 2333 2896 2437 2971 256 1310 532 2987 131 1255 1381 2829 902 1556 2547 3223 2084 1742 1592 2761 709 1019 3096 1765 907 3241 2733 424 3141 579 921 2409 2142 2571 445 2658 1994 1834 2724 2075 2904 2715 2944 2362 1933 2633 1102 436 2887 2584 3291 707 2599 499 3273 1912 2249 1488 0 35 2122 1446 483 3183 1491 2708 1580 996 2475 2646 1674 1100 422 2090 201 89 3216 2900 1914 428 925 2930 516 2002 2788 417 2343 2272 2735 1629 1584 356 924 1284 739 2278 1041 1719 1691 3009 911 142 844 140 3101 2484 2523 89 856 1336 2593 1709 592 2726 1004 2335 2310 158 2102 354 507 1109 443 647 1850 1738 1060 1044 928 1198 371 851 1961 2691 1164 2305 2644 1934 794 1424 1278 2765 1238 970 1122 2301 1726 2584 1397 2380 2541 1692 1429 1815 552 2233 1848 576 1926 1075 2470 3079 402 1021 2624 1279 1040 1143 2302 2136 2332 2886 3187 1008 2980 1499 1220 1339 658 1774 935 2713 3025 593 2106 100 1127 1394 741 1356 3274 406 784 178 902 688 2220 2311 3090 1344 297 1694 1888 731 3296 248 1595 481 1023 1297 598 1171 869 3299 3201 1040 736 2836 3291 707 1318 305 2379 2488 2390 664 2673 2683 964 1479 45 2673 1743 1674 2646 1100 3181 3219 770 2829 1805 1115 628 1692 1555 1102 2363 3223 783 1820 2942 1143 2280 1545 1693 1744 2898 1556 902 3223 3044 1526 2428 1670 3289 724 2122 3183 3100 1488 2695 35 1408 1352 591 1217 3157 414 177 146 2159 2097 2145 330 659 3296 310 1028 686 662 1032 173 659 1804 1847 481 4 2691 2978 447 3087 2137 1712 999 394 2584 833 3213 1961 2759 3034 2305 2715 2615 2765 2820 2248 1069 1477 1514 610 495 291 1392 2946 1560 2117 1578 2485 161 2111 2842 2398 1200 2185 210 811 41 1749 1979 1068 1404 2002 2046 1259 1637 650 1028 1887 2656 2155 1235 2320 1339 686 1066 2776 2696 308 145 500 2238 3225 431 283 335 899 3244 1256 1114 995 2725 2192 3235 1600 341 2094 1710 550 1581 1280 1266 699 3024 2572 456 3071 588 1872 2626 1703 2164 2012 2690 235 2230 3042 2717 843 3256 29 693 598 243 2546 117 1410 2663 2722 1795 1499 2724 2624 1271 3132 983 1555 2140 1913 3223 189 1103 2395 2652 643 735 1905 1106 3109 1903 3023 655 2165 1313 275 3244 1160 573 321 2814 625 358 2091 2776 2007 3193 31 851 2997 1879 290 1344 1676 2101 103 1178 1381 1255 131 2723 2679 2757 1235 73 2624 1040 1279 2580 1963 565 411 1374 2930 925 1068 2002 1381 1255 1201 2829 2823 1329 134 1240 831 2191 558 1484 550 1227 2094 1581 578 2978 2691 447 280 49 195 274 3061 1646 194 476 2219 1474 811 1979 277 2459 2766 2909 2466 1493 2235 164 3132 2290 2685 57 1276 358 2718 2696 3208 1614 1065 1896 2532 1710 443 1581 2476 2778 381 1480 1502 512 1118 2854 1932 1247 2249 35 1117 1186 1739 1271 456 268 314 588 1067 1792 713 354 1053 2793 2585 1441 1773 957 1761 1222 1835 3184 2417 2518 1183 2339 1180 1698 230 3130 1471 1864 1649 3232 2019 166 613 2892 762 1364 2797 1022 767 3268 1546 1033 501 589 1762 1334 2416 80 1311 2843 1308 1756 112 1220 1463 315 3078 196 661 921 3200 801 3257 2565 2215 1185 2437 2896 2841 288 1299 303 2852 537 160 1415 1109 2239 507 443 1005 1498 2754 632 100 1927 1390 2198 871 1562 776 2138 2178 2985 2701 1419 2400 2771 3239 1212 1314 1872 1417 2409 2575 675 1900 1629 3239 634 351 2026 2096 42 1912 1873 575 3241 1033 2291 450 2457 2661 282 3109 1849 1903 655 2181 2737 3038 1801 2341 2803 1292 1643 2858 582 2243 419 1280 1665 2719 1851 2657 3169 81 693 2180 941 2245 2393 3274 1278 233 406 1831 235 990 2230 2808 888 483 1446 942 1285 1850 3188 277 2909 2766 496 1118 512 2203 2854 2671 709 1665 1019 148 2101 1595 3077 136 1943 786 916 811 1724 1770 2273 1431 1525 1030 2052 308 145 2696 2247 2671 554 1982 1665 550 2520 1227 1581 864 2306 2223 164 2313 655 990 2230 2063 2697 2853 1469 342 2429 1502 190 2743 385 3220 2320 2650 965 2156 3276 1997 850 2769 2286 1052 2880 1449 887 484 2253 864 2149 2808 2773 88 2041 1110 745 3259 2372 1406 2423 1376 1724 742 1221 2000 2834 3265 1157 1799 1355 710 3301 1373 278 77 1978 323 2082 321 2620 1501 2814 1305 1094 929 3222 2163 2657 2922 243 1183 3180 1021 1147 1492 1222 2663 535 1986 2857 1301 67 2256 1627 963 244 2655 237 2125 2068 2407 3065 2746 1355 2398 210 2185 2860 2531 1101 1505 2587 1642 1580 511 2517 97 385 173 2861 429 737 1527 2719 950 2096 570 1873 2574 2533 191 705 1993 2899 1909 2672 2404 1106 1507 3264 389 2668 48 545 669 1374 411 3059 2249 838 398 2853 1573 1301 595 3189 466 46 2190 303 968 926 2502 1291 1827 1620 2184 3008 890 1247 841 2607 1634 3015 559 414 2053 2257 3200 723 658 2449 986 119 548 98 2525 2578 2770 2697 157 1469 2284 1005 2754 632 3169 2657 81 2817 121 27 62 2213 2581 867 246 298 2594 1135 770 1661 769 733 475 1261 2995 544 1646 399 2911 2182 3079 392 2568 225 2144 1799 1256 1114 2725 2419 2199 1562 1604 2138 2252 2895 379 1262 2786 1466 1381 282 1332 2447 2462 959 2144 2479 3105 1799 2355 756 2865 1484 142 3236 1453 3243 1317 1983 2911 1824 18 2025 1239 3062 874 1840 1505 1101 2552 2663 1222 535 485 1264 177 1364 2746 3065 936 1355 2363 2898 1556 482 2373 1453 2207 2464 1838 3195 1398 1139 2185 2015 2860 2587 2531 1200 620 1101 1884 564 2902 522 3217 813 2583 533 2913 1742 1504 555 1035 1499 2271 2707 1104 1960 3004 587 488 3034 2759 2305 658 1339 1231 2449 3160 2519 1766 1217 2156 2921 2349 3276 2998 2749 857 1823 821 1759 1284 2505 1526 1135 2428 1670 1913 2140 3063 3223 2363 1556 2898 3223 1277 2135 2441 2510 1068 2002 925 2046 42 517 1789 390 682 2264 2749 537 2301 1122 1856 2584 778 865 468 3085 968 1778 3045 1864 1680 2626 579 2409 2901 1456 729 705 1915 1863 249 2286 755 337 2732 460 250 1240 1386 1054 1595 2101 148 1178 831 1484 3258 2809 379 2895 898 3179 1452 827 1872 688 189 1624 1996 1875 1831 990 655 2230 2388 888 2773 1446 2901 601 1456 1571 1795 307 2171 2939 1762 80 2416 2100 653 1434 2880 887 3251 1439 3253 929 1305 1439 3251 929 2167 2936 2199 1562 554 1665 709 1765 208 1708 246 449 417 1896 2343 2272 544 1280 2384 2719 3113 759 2638 3005 713 1106 1427 1058 1416 1263 2244 3164 197 1808 1579 1028 1184 1499 1994 2724 2011 575 2319 2246 1381 1466 2786 712 451 891 1180 726 2459 1875 858 2652 1618 2889 3102 1209 2012 1022 1204 3268 2349 689 419 1169 2791 1242 273 2430 3104 66 1026 1188 2828 1153 2118 1460 2897 264 3145 1016 492 1554 3028 2907 1712 1601 3087 999 2444 699 1543 1823 2753 754 2754 1498 2612 2425 2464 1898 2898 973 466 1379 198 462 2310 354 3132 2290 1271 2685 3234 546 664 482 2132 3195 1398 547 2983 183 2647 241 2069 1135 2594 1661 2330 2104 546 3297 1488 2955 913 423 2874 2127 30 2316 2480 2858 248 481 841 2054 1857 3005 2579 3122 2141 1954 2325 604 1813 1171 1641 3184 2518 1268 2547 1556 902 1819 658 1242 1220 1774 1828 2570 2929 1981 317 1432 2831 2425 697 1547 199 1853 664 2160 2484 546 2492 2802 2689 173 3295 1758 3246 1606 1023 836 29 598 846 1829 3106 1788 1308 1088 515 1027 1853 274 1210 1262 408 657 1989 909 1492 336 1366 2663 424 348 760 589 1915 2579 994 1832 2935 768 226 330 76 2699 2 2250 805 2702 3167 1688 2220 57 3090 3177 2877 1473 2671 1665 1681 692 367 2173 1841 801 3200 2565 332 517 3083 471 1489 546 3234 3297 1303 353 2163 2657 2898 902 1556 1819 1994 1499 1184 2856 1109 2875 462 647 1304 277 91 1036 2306 2641 2223 164 1838 1398 3195 547 2438 2777 37 284 1789 3027 42 390 2031 2349 689 419 60 1789 3027 42 2810 1108 1256 2419 2996 1719 2133 391 709 1665 1019 1765 3192 3057 2299 20 2245 3287 1193 1437 1563 2556 616 248 2630 985 1632 2182 1242 1267 2278 2430 591 2225 3088 2519 2689 1158 1959 2703 3003 3289 1966 313 1904 1527 809 3131 1229 1084 95 504 2388 1446 2773 2073 3248 833 1876 3263 394 833 3248 3263 2897 2186 581 3145 2055 1288 965 789 709 3089 3096 1019 1601 2203 838 1497 2998 2920 2058 1823 659 2480 3296 481 2402 2172 3197 381 2139 2027 44 824 852 3006 1845 466 678 2215 2292 2267 713 1257 1067 354 2595 2723 246 298 787 2125 237 2068 2040 1837 1219 2711 2770 1029 2697 1469 1107 997 774 2673 2351 2909 2415 2652 1848 734 1075 540 566 538 1325 2316 2720 1711 2923 1026 1485 329 630 43 1568 3092 483 1446 1392 1075 918 540 366 1414 2362 1737 2498 2767 2450 996 1743 2646 1674 2488 2040 2518 668 2711 1039 2124 722 2698 1753 916 3048 1981 3129 2696 145 2247 72 2502 1919 1188 395 2909 2461 496 3104 2502 926 1291 2516 628 1115 1692 2887 3073 2584 707 1203 2002 1132 2046 1863 3248 394 489 669 466 375 1374 1763 1426 2496 1062 772 367 2251 2173 1489 2535 1766 1465 1867 287 2426 1677 1836 693 29 243 97 2689 1619 2703 3287 1195 1193 1437 1263 2350 2464 3164 2162 2631 3080 1391 858 2909 2459 2652 2349 2921 2086 2607 364 1073 844 2276 3154 1698 1906 2632 1632 985 176 1824 2477 3207 618 2987 2774 2942 1093 522 1326 2748 1119 2043 1938 3269 611 3008 2988 30 2874 2127 2640 107 476 1697 1634 92 2158 3157 2400 1212 3239 2026 1508 2984 1113 232 2432 2220 1329 2817 212 764 1768 3093 1986 1301 2293 3189 1663 3209 346 2631 2828 274 1460 511 1060 960 3199 1738 3154 3179 2895 2632 615 1313 485 3244 209 641 3031 2409 1196 2823 972 3271 393 3037 2704 2315 251 1120 955 743 819 455 1273 3255 1256 2836 1114 2419 837 1360 1031 2343 2590 2815 1989 2257 2604 1066 1187 315 2002 2039 2552 1404 2521 613 2044 1264 2972 2809 2142 1074 2901 601 729 1456 2615 414 2958 2744 3167 1811 1745 1180 1356 2649 3274 406 211 3279 670 393 592 1004 719 2335 1549 1108 951 2836 950 191 2096 390 3170 171 864 1812 318 595 2417 1254 1537 2260 454 391 385 1032 2492 173 2248 683 90 1514 2349 2607 2086 1169 564 2358 368 2336 2509 2536 2918 715 1806 3016 1612 552 335 275 899 3244 1499 2707 1035 2856 381 3080 2631 1391 2334 1344 3090 2714 748 1267 1242 2430 2792 2692 2621 1139 2132 1398 1423 547 2750 45 1515 2683 342 1502 2854 190 1409 2169 927 714 757 31 371 3013 794 1695 2202 1192 903 188 169 2638 3116 900 2165 485 555 1720 2887 3213 2354 2911 1983 149 1959 2643 1619 2703 2462 1064 1954 1557 2134 2757 580 987 2752 2268 660 1684 1831 990 3023 655 2604 173 662 1066 3122 1954 2579 1832 1059 606 1229 1152 1902 1283 187 760 630 1485 2871 329 1263 3030 2350 3164 268 588 2572 428 2842 313 633 2073 2763 2374 523 2153 2746 2407 936 3065 1146 3248 425 1287 2616 875 2338 1719 127 951 407 1441 2096 517 191 2651 2935 768 1758 226 1915 249 2375 2286 1092 2113 2918 715 2175 2018 882 2101 2175 2101 882 3077 877 3179 2342 726 3145 2186 581 1717 748 2278 1267 2430 2014 58 3098 1386 2509 2536 1191 2918 1931 1208 1523 2984 3034 2907 2864 1725 1543 529 2444 2660 2118 2687 242 1909 2176 972 1196 2823 3281 433 1624 2868 2481 1507 2404 1106 2 2699 76 1648 1527 1904 1170 3131 1885 3033 663 20 1180 891 1183 1698 3130 1471 897 3091 1791 2357 1377 666 2833 1150 296 1530 513 2502 24 1291 978 1779 2710 2651 2113 1906 3041 715 2720 162 1026 2698 1541 795 457 481 2883 1691 1719 3009 2170 3149 1689 1419 2808 733 1162 313 2701 1689 541 1324 1690 876 3262 1691 1273 706 801 455 2958 414 1260 2744 1228 128 3003 313 3080 2778 422 1480 1623 574 2448 1653 2700 1537 2133 391 189 1996 1624 433 233 1501 129 406 2354 1317 1983 2911 2930 3140 2550 704 139 604 2799 1813 3116 485 2165 3244 1604 1562 871 2138 639 3015 1246 414 2876 567 2116 2315 174 2456 2810 2419 189 1103 226 825 835 386 3224 2177 513 1778 2502 1291 1613 1533 2035 1606 2679 2757 2134 1235 1870 110 421 1424 154 640 422 1079 2459 825 145 1875 1172 2030 150 1912 1296 2117 1560 926 3006 466 852 303 1453 2464 2373 3243 893 519 1890 3018 2053 3200 2565 723 500 3225 2941 431 3105 772 1057 2173 660 2268 2752 2369 696 1919 72 24 3279 804 780 567 1452 409 1872 2409 196 921 1916 2409 1305 929 3251 3222 2346 1354 2166 1157 2737 2394 1447 1801 2891 1384 1123 2210 2678 1171 2325 63 1747 1741 1058 3271 974 3050 286 1493 3133 3199 3101 2160 2059 1660 2730 3203 213 2244 1263 3164 1731 616 2556 248 2979 594 1839 1861 3123 1181 1448 3148 2888 2625 1481 2638 177 3157 92 414 2117 2418 2502 926 877 898 2342 3179 531 1004 2726 2335 905 2474 1946 2257 2679 1235 253 73 1265 1064 2766 1557 3159 2627 2032 1578 2069 1514 2821 1661 1766 2535 2762 1465 1831 235 1776 990 502 2319 575 1033 2428 1526 3044 2527 2096 42 1779 1912 2183 1882 1080 2171 560 1795 312 2939 2503 159 2457 282 742 3159 2838 75 107 1175 806 1697 2294 52 2210 1049 501 1902 21 589 418 2698 3300 1188 893 3018 174 654 2092 2004 1780 232 3284 1814 2642 1481 2212 1337 113 894 2330 982 1392 374 2833 782 2348 1530 2212 43 1528 363 2032 279 2627 9 1559 1573 3049 595 1485 1528 329 43 1264 302 1274 896 2923 66 24 1188 1994 464 312 2075 2132 1444 3195 547 2888 1481 3100 2638 187 1283 3058 760 1440 2219 1289 1591 1482 2277 1584 356 3113 759 903 2638 1308 448 1088 1027 2239 443 2993 1710 2671 1665 1473 1019 3086 2643 131 1074 848 34 3203 1730 828 1670 3176 315 1158 2689 2802 549 2128 2678 2325 63 2678 2091 2385 63 625 2776 2091 63 767 1022 2569 3268 1416 3030 1263 3164 3138 1070 2293 3189 2050 2052 567 2233 3167 2848 2903 1688 3008 26 2570 1981 1464 552 567 2233 1303 2657 2163 243 230 2204 2710 1778 2912 733 769 1261 432 970 3144 406 1099 3010 729 705 2650 2156 1322 3276 1515 2673 1479 2273 2390 2276 2762 140 3115 2891 1123 2646 668 318 2417 1254 2156 126 1682 3231 1828 2929 2798 1981 1797 1672 885 381 109 468 3147 3085 2386 2564 1953 1441 3237 1464 567 2233 755 3107 3060 980 2789 2588 188 1254 3092 3214 483 1446 1260 414 146 2744 774 2673 55 2273 757 3245 1874 3013 290 1879 2997 1700 1664 1761 879 61 2263 155 2397 1608 1265 395 1542 3222 1210 3079 3180 1147 1204 1022 2281 3268 61 512 2063 352 1968 1483 1181 178 2465 255 1635 1299 629 2010 1713 1010 3051 2294 3249 1511 374 201 2090 89 48 1659 817 2068 204 1053 430 1441 1690 1719 2338 1691 3064 2661 6 1466 2170 3063 1379 2071 3130 2151 2223 1864 1478 3089 3158 3096 1092 2536 1688 715 3003 313 1966 1445 912 681 2008 1241 889 3229 2555 904 2175 596 2486 3077 1200 1101 2531 2587 2256 963 631 244 2598 1357 300 422 2001 879 1145 1449 3001 478 1740 3073 1565 2025 1846 3062 1939 1315 207 856 3149 1324 2178 1774 1920 2162 1433 1391 2416 3080 2631 2100 1431 932 1385 2052 840 937 725 1980 2313 990 1631 2230 2819 1376 2114 1079 1600 1785 1686 849 1971 2304 703 547 3202 2801 196 921 897 2860 1207 528 986 2095 658 119 2995 1022 537 1415 2614 294 725 1006 1326 3119 2748 2043 710 1616 1951 278 3159 477 742 2834 3045 75 2117 1578 1921 1072 2614 1006 2720 2698 1026 1188 2509 2918 1191 1281 1731 2556 419 248 192 3192 917 2393 2476 381 1797 1480 3014 1295 708 1392 2412 1671 2705 1591 2178 658 1242 2095 50 2176 2197 1427 3090 57 2539 3177 1416 2350 3030 3164 1834 1427 1184 2724 2599 1912 2736 1873 900 485 3116 1364 988 370 1746 3156 2178 2278 1242 1267 2968 2871 1485 1528 870 2637 320 330 3172 638 1363 3256 1863 1832 1332 2286 2674 1608 669 3059 576 1075 1848 734 3233 1893 1363 241 160 2281 130 1022 615 1313 2953 1006 2322 609 860 3261 2363 546 773 436 3247 717 2764 1665 5 1350 1899 2965 2461 2370 677 113 2675 780 676 552 1239 2110 1346 3062 1568 3092 3214 483 1305 634 1542 3222 1667 200 1805 1115 364 1453 2373 3243 2053 493 2429 2565 3043 2468 3280 3152 249 1863 994 2231 742 477 3159 75 1473 1665 892 1019 195 1293 1547 274 2406 1345 1650 2535 463 2997 2794 1700 2628 283 335 899 2035 395 1305 1542 1278 2991 2765 2649 3262 1917 694 459 2466 1746 1493 1539 2208 3286 3260 549 580 987 2757 2846 938 2821 1097 2510 585 3218 1062 1002 1015 1165 432 2016 3029 1088 448 1027 2220 1257 1807 1329 1047 81 40 2514 767 476 800 2304 323 2202 947 2082 1739 1117 1271 2580 2914 3281 1624 2868 127 2541 1604 1692 50 1427 2451 1058 1638 694 3262 1917 2787 1421 2120 921 837 1521 1360 2343 37 1181 1483 178 2122 1446 1941 380 2911 2182 1777 1824 1872 2164 2547 1819 2598 422 2114 89 3274 741 1615 1356 2136 2279 2332 1143 990 235 1353 2230 451 1745 1811 1180 700 1186 1117 1271 1631 194 86 1646 1936 2095 986 119 802 379 898 3179 1865 1883 3295 2395 1047 1323 40 81 3104 926 968 1291 2865 317 2355 1484 2484 2160 1489 546 1814 2857 2951 3100 233 1278 1238 970 2612 2519 3160 1150 2619 3133 343 2160 1968 1891 1483 178 1827 2910 611 3008 3115 2646 1123 2488 2412 1591 2318 1016 2581 331 6 1466 219 30 2988 2127 548 1361 98 2578 3221 2382 1212 2881 2008 3069 1899 2511 1814 1481 3100 1134 637 548 98 2525 888 711 2773 2041 767 1022 2797 2193 1848 3210 734 540 3078 661 1551 921 2159 3169 2097 693 246 1708 2735 449 3160 2348 541 231 2926 295 2410 655 1502 1492 512 190 2550 704 3140 530 2190 2244 46 1379 835 3224 1781 2177 1265 1542 1095 3222 3039 2219 1474 811 615 1817 377 896 2119 99 498 2198 2875 962 1700 647 1508 1208 1113 2984 2612 3160 2519 231 2973 1874 2214 1935 2345 2558 695 2275 1885 2822 461 1999 3076 2012 1204 3268 246 1255 1381 2723 1841 2565 3200 723 974 286 1791 2641 1807 2685 397 57 2701 2985 2080 1419 2275 2374 1260 3157 1132 2469 1757 826 1256 2725 1752 2419 1085 1541 470 530 1448 1181 27 3148 2092 2440 3293 1780 1613 2035 3246 1606 2498 2450 2493 203 1438 1495 114 284 2940 99 2119 1767 711 1980 660 2369 2236 80 1762 2100 1003 2604 1187 315 2771 1212 2400 2881 1588 2253 484 2627 731 955 1120 743 2960 2570 1828 589 1902 501 2733 589 1479 774 257 2273 234 2031 1731 419 1807 2432 2220 1329 2954 1192 2811 1424 525 628 744 2138 2178 1242 658 1774 1674 377 92 3244 941 132 1433 2162 2178 2701 1914 1324 2946 1588 484 1578 2341 1292 971 1643 744 984 1476 465 1507 2871 521 1058 417 68 1215 2343 2833 782 2786 1343 1573 410 3138 3189 1057 1327 2568 1168 3117 2725 995 3185 2386 2585 1549 951 884 3300 401 2698 711 1456 510 2041 1545 1799 1744 1355 509 2822 1830 1999 1067 1700 645 647 2427 2704 3037 2315 37 2547 2777 178 740 1757 488 2305 1423 1091 2948 3024 369 476 806 1697 3126 1723 1181 3148 2921 2607 3276 398 2220 397 1807 1257 3301 710 3019 151 1072 1313 2892 1274 2170 1419 2140 2071 1549 2585 2013 1336 446 3288 669 466 1326 1119 922 2586 2188 2308 2577 489 3045 477 2502 75 29 598 836 243 3296 3228 1777 1028 3199 3133 2619 2160 3230 2290 397 2685 1802 1856 435 1720 1733 462 198 1792 176 2684 2234 149 1138 2250 2896 2971 1584 1629 229 1 2616 1690 1948 391 802 3047 280 2899 1017 2843 1234 1227 2467 2033 654 3091 2940 1251 2269 1767 2435 15 1997 2769 525 2199 2380 1692 2961 837 1215 2343 1013 2216 1325 2289 1579 3150 1637 1028 1072 1921 347 1313 3061 2640 107 476 2274 1282 2047 1577 2456 349 2810 2419 376 2290 2524 2846 2521 2044 721 1264 1831 655 8 2230 1071 1847 1701 1804 38 590 2752 1258 3230 397 1807 2685 3051 1511 3249 1261 1833 334 881 1156 1224 996 1580 2161 869 1040 2670 753 1834 1216 250 2075 2053 2565 2429 723 2952 2478 2208 173 1114 3073 384 3185 615 899 1313 3244 442 32 1853 149 1749 1079 640 1338 1231 1339 288 2449 2495 3086 2323 1255 1905 735 2780 1106 1348 1856 1122 3291 1092 2316 2127 2453 293 2376 731 743 1350 815 3069 1241 2059 3203 2730 34 3141 921 661 2409 703 1091 1423 547 938 1097 2821 1661 981 16 2063 503 2002 1404 2552 2046 658 3149 2178 1774 1371 56 1015 1165 1748 1300 1915 1832 456 1498 588 632 1545 2173 281 1744 409 2409 1916 3082 563 2707 2171 2939 90 135 2734 2250 308 2696 2198 2247 2198 2696 3129 2247 262 152 1880 1853 2789 1534 2045 2417 2497 2357 1791 666 1492 1842 1163 723 2166 2346 1157 1972 1041 1691 1917 3009 2146 2168 1817 2153 2774 783 1093 2942 1624 433 1996 2868 1862 3059 1647 3206 2122 313 2808 2073 3220 961 2465 3030 2762 140 2276 3243 177 92 485 1364 1933 1495 906 2164 1264 377 523 896 2220 3090 2458 3177 2745 1665 2764 1851 2548 172 3174 2505 560 2473 1056 1038 3000 2910 952 3008 814 565 2750 3206 62 121 205 27 1659 2508 2635 1438 2308 1351 2577 489 1703 921 579 2409 806 800 476 2304 2821 1514 2 1661 2055 1974 1288 3231 1035 2271 2839 2707 1110 3051 745 1049 1939 1315 856 1709 2435 1997 850 2769 2 2896 2821 1661 2537 1253 2809 1074 555 2761 2662 1924 1820 64 1093 1143 625 1996 2776 63 1492 1222 1449 2663 628 2138 525 1692 2331 1439 2143 1935 72 24 2502 1188 1678 2125 222 48 873 1843 1159 1707 699 1266 2444 3024 711 1456 888 705 1569 686 1339 1066 776 904 1342 2138 736 1395 2836 707 180 220 733 2937 1762 2236 1334 80 3067 2725 2033 654 1492 2663 1366 535 2485 2004 38 3156 780 1612 3279 552 2494 811 2551 2273 990 235 1776 1353 3293 2092 1780 232 2754 1498 901 632 797 2300 531 2335 1303 1225 2657 243 485 1313 615 1274 2356 1089 2277 2632 1183 1698 891 1147 2900 268 2572 428 819 3186 1800 455 33 1633 917 20 1993 1909 1584 1 2944 2715 2087 2820 1333 1648 76 1267 238 2928 25 2384 525 744 472 2138 2159 81 3169 693 2009 2873 2027 2016 3155 1789 42 471 3295 1425 2395 2881 141 2613 2179 1398 1072 1006 1313 1274 2092 2004 232 3156 453 1954 2371 1557 3265 2746 1157 1355 735 643 2310 354 1988 882 2630 2182 130 2852 160 1415 2497 1886 2357 666 1984 1459 1576 503 2718 3135 2914 2868 1663 2778 931 2100 557 1455 979 2344 1747 3074 81 2817 2478 549 2604 826 2819 954 3136 1079 2733 501 907 589 2221 336 1410 2663 2232 276 1388 730 2615 2958 1995 2744 1428 1168 3094 2660 2404 1507 2451 3264 384 3073 1114 707 179 602 874 380 2426 1013 1677 2918 1927 508 3058 760 1849 2264 655 399 121 1759 821 2505 922 2078 1525 2586 819 3186 455 3255 1331 1767 959 2247 1507 50 2451 1058 1752 1256 995 2725 2936 1695 771 2541 1797 1144 3162 1480 342 423 1960 2854 3153 3048 1753 916 1409 327 2483 714 2980 866 3187 1499 1549 951 830 2836 1212 2382 2400 2881 1470 160 692 281 505 2266 2538 1048 2533 3010 950 705 2000 2838 742 3159 857 399 1083 1823 1598 2975 2192 75 1352 1408 1005 1217 578 1281 1191 2527 661 921 196 2409 735 2780 1106 168 198 2310 643 354 2924 2592 556 973 2284 2754 901 632 3276 2607 838 398 1489 3234 1465 3297 454 3173 2783 2082 922 2621 2183 307 2570 3008 2319 26 463 2109 2794 2997 2258 1151 1140 2665 917 1633 2180 2393 1594 1643 748 828 942 1044 2036 1217 1212 1542 634 3222 882 2182 1988 3077 2436 2476 2034 2778 3017 266 619 2820 286 1387 170 1179 2987 2963 532 1756 293 2376 1888 731 1916 409 1452 2409 2999 1368 432 1165 2475 510 1456 2041 1341 2827 2839 2707 831 3258 184 2809 2624 983 3132 2886 596 248 2486 3077 560 1056 861 1038 2364 1533 1613 1606 1327 1428 1806 1168 2703 2658 1619 2861 2544 2321 807 1591 531 2589 1004 2335 1797 2476 2436 381 3144 958 2955 146 463 2997 1700 1081 2098 2350 2861 2391 2411 795 1541 530 668 0 318 1254 1180 891 3154 726 1204 2281 36 3268 396 1164 131 2829 905 3200 408 2257 2576 795 2137 530 2495 2323 2421 1255 2898 1374 1862 482 711 888 1456 2041 781 2354 442 511 2893 404 2112 1735 2857 1570 1301 67 1960 423 1118 2854 180 2925 220 2937 2283 1955 347 1313 2935 330 226 1992 710 151 3301 278 615 1817 1674 377 1112 359 1400 2889 1643 828 747 2430 2591 892 365 2719 1835 2004 38 316 2019 2134 1649 166 819 1800 1086 455 2189 2809 2972 1074 3032 2902 1884 564 46 1374 466 1379 293 731 1760 1120 2042 856 207 1336 2249 2695 1488 35 29 1023 598 1171 1270 486 3150 1028 1140 1925 2274 1577 617 1056 2336 1038 512 2854 1502 190 2545 3026 1645 730 3126 1830 1516 3123 1809 2918 2113 715 1041 3009 3107 1422 266 1364 619 2820 2940 2447 1251 1767 2681 1272 1694 731 1700 1081 645 647 2673 1724 55 2273 3076 2112 404 1735 451 1811 2342 726 1822 2608 2839 2856 840 624 1962 2268 1035 2707 2839 2856 1820 1093 2942 1143 995 1114 384 3185 784 902 2263 688 1409 927 327 714 1042 401 1148 2130 741 824 913 406 1488 2955 1960 587 2411 2367 582 999 755 2693 980 1918 954 300 3162 1480 2808 1446 2122 2073 87 885 3205 381 1106 354 735 168 536 2686 3208 909 1733 2993 1109 443 2080 2985 2701 734 659 1701 1847 1804 1934 1695 794 1192 185 1657 2032 1578 1201 2691 770 2829 2675 2317 780 552 3083 332 3 517 369 2336 448 2304 1097 263 1993 2510 2748 2337 416 3084 2135 2215 678 2510 2947 206 3226 2276 397 2685 2290 57 2141 1954 2795 1653 955 731 1120 1054 1930 2834 1922 2282 1386 1054 464 2075 677 1439 1305 929 569 3018 897 3091 110 2042 421 1424 2092 527 2004 3156 1930 1684 1922 2834 3204 2792 701 2621 1944 1829 1878 1209 1976 3143 2300 1241 2534 199 32 1853 1865 652 1883 1103 1739 779 1117 2580 3104 722 2130 2698 2502 2418 2117 75 2705 2318 1591 1788 1231 1294 1569 1339 560 861 2043 1038 67 318 0 1254 2618 514 2070 801 1329 1240 2823 1216 2653 2140 1419 2071 646 1732 1869 477 186 289 1331 165 1224 2517 1852 2161 2898 1862 1374 3059 1124 2494 2551 2273 2821 2896 938 1661 21 1828 1237 589 1822 2006 2993 1710 1785 2965 1574 2026 1388 276 309 730 2995 2230 1022 1415 1041 391 2082 459 1634 2158 2933 3157 1470 2281 160 281 2922 2657 40 243 2074 1906 2113 715 1516 3126 3123 3148 1961 2691 1201 2829 2902 564 3032 522 366 1517 1414 1737 1842 2053 1163 723 230 2542 304 1471 2285 231 2348 1530 561 192 917 2393 527 614 2654 3156 640 1079 154 1338 686 2320 2890 1339 2063 981 503 1469 1458 783 2526 251 4 1584 1089 356 1449 2663 1222 887 2406 2225 591 2519 1461 3001 1740 2169 2170 1465 3234 3297 3054 2663 117 887 2483 1812 1990 2223 2813 46 2244 1379 1729 1984 1605 1469 1564 1887 1923 491 942 2036 1352 1217 719 2335 1084 543 1222 2663 2552 887 1265 2766 3211 1557 3215 2277 1089 2632 2337 785 416 3084 346 2402 3197 381 1604 2138 628 1692 503 352 2063 1469 988 1493 236 164 204 430 1825 1441 921 1916 2409 3082 1613 1736 3246 2035 2612 2519 2425 1898 2904 1414 1669 2362 499 1779 513 1912 2220 2458 3074 2817 3169 81 3074 2817 1452 1872 409 688 2429 2565 1841 723 2697 398 838 2853 1450 486 1632 1824 259 136 1753 1981 1760 293 1888 731 3031 641 1314 2409 42 517 2096 1779 1069 2248 764 3093 1224 1642 1852 2517 3050 1493 2005 1539 1729 1605 352 1469 3113 1676 2054 3005 1600 3235 1785 341 3105 2479 367 1799 502 2011 575 2319 291 2433 374 1707 2146 2518 2168 2711 310 659 2480 3296 1181 178 1913 1405 318 67 595 1254 916 3281 2570 1981 629 745 3051 1511 774 1124 257 2273 366 2904 2944 2362 1863 489 394 2231 3149 1324 1689 1419 1614 2961 1065 1896 3117 2033 3067 2725 1588 2032 279 2627 2284 1352 1408 1005 2245 1437 561 2393 2350 445 2658 2861 2098 173 2604 1066 3250 2726 592 2335 1757 826 2469 2527 2085 857 1083 1823 739 1457 3216 1914 1545 1744 2280 1355 318 595 67 3189 997 55 774 2673 2278 748 1643 2430 2792 355 2692 1139 1494 556 94 1405 627 1170 2591 429 384 995 1256 1114 2951 2857 1986 65 2426 1677 1244 2918 70 2987 532 1756 617 861 1056 1038 170 3067 2033 654 2733 2131 2119 760 697 195 1547 274 2898 1556 3059 1819 7 129 1501 2016 1591 811 1749 1979 3039 257 1124 2273 2045 1378 2789 2417 3233 2956 1893 241 213 1263 1898 3164 1872 2547 688 1819 71 263 2441 2510 1829 1016 2318 1788 3104 2698 2418 1188 1964 2048 1199 1717 518 3124 1639 2672 1580 392 1210 2150 1459 182 2454 1640 738 3136 847 1788 2783 1537 454 391 806 369 448 2304 539 1879 329 168 989 107 1679 2963 1834 1386 464 2075 2394 2737 2558 1801 2195 3117 995 3185 2900 2572 135 2250 2408 968 1778 1291 1997 2375 850 2286 1829 1016 1618 1209 2348 231 3160 1530 950 390 2096 1873 2655 2125 222 1678 3252 2707 563 2939 3300 2698 2720 1188 3083 517 1789 471 591 1352 2406 1217 1417 467 1680 2626 2329 221 1617 1735 8 2230 655 1415 860 609 936 3065 1870 680 110 1424 902 2547 178 3223 757 371 875 3013 1101 210 1200 1445 918 1075 734 540 1932 1534 2789 1254 2392 2504 1528 363 698 877 2702 1558 2509 2978 3041 1281 1057 3094 1428 1168 576 1848 3210 734 1547 442 32 1853 1656 805 2609 1688 1146 425 3248 833 514 1273 706 801 517 1779 42 471 1703 906 1495 2164 494 2580 515 753 2217 695 39 1383 1191 2918 1809 1281 1681 367 1354 1799 1138 1005 588 1498 1763 1002 2496 203 970 2649 3144 406 3122 2795 1954 2246 1485 2392 2504 1528 1994 2707 3252 2939 1229 635 1059 991 3282 3081 2427 2704 353 943 2906 2989 787 389 2125 545 557 1094 2344 3222 2526 783 2774 251 2466 2235 2149 164 192 3057 3192 2393 1112 359 2889 1209 2425 3243 2464 1898 3108 2141 2795 1653 2300 1810 912 1241 2702 1558 877 726 1654 1123 1384 2210 2933 1318 2345 2832 131 3181 396 2829 1365 2632 2895 2150 1551 661 3141 921 2485 38 2004 316 2192 2975 2838 75 703 448 2336 2304 3136 738 807 1788 369 806 533 1697 234 1731 2556 419 1513 3134 977 166 771 1397 2380 2541 2990 2157 3124 2672 2898 902 1913 3223 2365 1040 64 1143 864 2149 1137 164 893 1890 174 3018 117 1449 2880 887 1352 1005 2284 1217 2811 856 1939 1424 1042 2130 1148 849 2085 737 1046 1266 1492 512 1222 535 2917 2251 692 2173 1583 64 3299 1040 1392 374 982 1707 1580 2708 1482 2161 700 1531 376 2524 2219 1440 3002 1591 2345 695 1246 2275 2190 1299 2449 303 3061 2928 194 1646 2547 2777 178 3223 697 1853 152 274 604 1813 1171 1992 906 41 1749 1338 470 1071 492 1725 170 1387 3067 654 1196 1047 2514 3271 148 2101 1676 1178 916 26 3048 1981 1716 2663 2552 535 1366 2663 1716 535 2356 2895 2632 2150 918 3188 2081 1044 112 2428 1135 1670 3100 188 35 2638 656 2260 1967 2082 195 2760 280 274 1425 1865 3295 2395 3044 2428 2562 1670 2701 1324 2178 1419 2550 3140 1085 530 758 2134 2019 1235 2906 276 353 594 2509 3041 1906 715 22 1337 829 43 2368 2110 2905 60 1984 503 1576 1469 2715 2904 2688 2362 1522 400 1303 243 3216 1914 2076 428 1464 2675 676 552 276 594 2979 1861 2136 1820 2279 1143 309 276 2979 1861 3121 2183 1080 307 670 944 1655 393 2188 2577 1430 489 2661 2457 6 282 2582 2608 1792 2856 1763 3228 1804 1062 943 1586 2906 2989 1460 1210 274 1262 2155 962 2875 647 614 3055 1714 2235 881 1105 1833 1156 3301 3019 2147 151 2330 374 2484 201 1994 312 1795 2939 3215 1089 82 2632 3059 1556 1647 1819 2616 2338 1690 1719 672 1755 2729 2370 2219 1591 3002 1979 344 2335 3182 3085 209 1452 641 2409 226 330 2472 1992 2178 1914 2278 1267 2190 466 973 1379 1073 3226 206 2276 2170 2104 3063 2140 189 433 1624 1875 134 2432 1329 2817 1794 2236 982 80 1637 1467 3150 1579 1549 830 1108 2836 2874 1325 538 2316 2923 24 72 1188 1492 61 1222 512 615 1674 899 3244 891 3179 3154 726 1026 2698 3104 1188 1210 1147 3180 1262 783 1820 1093 2942 451 2342 891 726 1145 1222 2389 887 1386 1240 948 1054 1207 2860 210 528 789 3231 2040 1837 2849 2891 3115 2646 2944 2087 3017 2820 2317 910 1806 552 1187 2604 662 1066 2729 2370 1755 851 986 2449 2460 119 2563 1685 2204 2282 351 634 1785 2026 2114 2598 300 422 2005 3050 79 1493 1565 1239 2025 3062 2728 2941 3225 1928 1477 683 2248 1514 3158 618 2312 2987 988 2235 614 3156 381 2778 3080 1480 3272 2736 42 1873 1675 2488 2763 2832 1046 737 2745 1851 557 1212 634 3222 3197 1658 2034 2436 3121 3119 1326 307 1743 1511 2210 1049 2929 1828 2960 2570 1775 425 2109 1287 2935 1103 1883 1992 2012 2230 8 1415 3216 1457 2076 1914 1598 1919 2975 75 1200 2531 2185 2587 2848 1481 2528 1134 924 739 1090 2278 2321 2219 2107 2551 207 1315 325 1336 277 2766 1929 496 1731 419 2486 248 746 792 2255 950 1228 3003 116 1445 684 2362 1160 2814 749 414 2615 2820 1649 2134 580 1699 2722 998 1795 2724 2006 553 788 1710 2429 1368 1841 2565 2048 1964 3145 1717 1817 2153 1674 377 3122 2205 3151 2291 2898 466 1374 1379 1747 2823 1329 3271 3011 3153 1753 543 1703 2626 906 2164 2408 2710 1778 1045 1378 2439 2588 595 370 1230 988 1746 2184 2798 259 1981 746 878 792 570 1017 1234 607 1227 615 377 1674 3244 984 2824 1840 2587 394 3263 2908 3213 627 1170 429 1527 1960 2955 3004 587 697 2739 1880 1853 2844 433 858 1875 3045 3159 477 75 1797 2436 1672 381 1932 1247 35 2638 1499 1795 1994 2724 1900 2226 331 1629 3198 2054 3113 1676 646 742 477 2834 117 2663 1449 887 2347 922 1030 1525 1025 592 719 2335 2081 3188 918 1197 1588 2032 2627 1578 3057 51 3225 1928 2954 694 2811 1192 2478 662 2604 173 3047 518 1639 2672 1214 294 2614 1006 2502 1778 968 1291 1137 864 2253 2149 1239 1346 18 3062 1488 1960 2955 423 610 1060 1850 1738 1968 1181 1723 1405 2063 352 2697 1469 1607 1564 1923 491 1953 1952 430 1441 575 3151 3241 2291 418 3300 2720 1188 256 532 2477 2987 580 1500 2435 1699 2130 2418 3104 2698 293 731 1120 743 1430 249 994 2231 2277 1089 1584 356 709 554 2671 1665 1592 1720 1802 1709 592 344 3250 2335 3092 1941 3214 1446 2400 2382 1212 2026 1420 347 1955 1313 2762 2276 2425 3243 3104 2502 2418 926 902 178 2547 688 136 2929 1943 1981 3237 2052 1626 2233 77 323 947 2082 1932 2638 759 3005 1570 1573 1301 595 58 2611 1272 1386 2042 1939 856 1424 2813 1862 1374 482 3140 1404 1496 999 1230 1746 370 232 617 1038 2336 752 1609 2360 2773 2651 1034 1478 1141 3096 1773 181 1702 352 2012 130 1204 1022 1173 1371 2009 2016 3045 477 3159 2282 995 2725 1114 3185 2612 231 1898 3164 2788 1007 2200 2272 1420 2892 1072 1313 1804 481 3296 2424 680 1870 2644 1424 2059 2730 551 34 880 2622 2753 2333 281 2797 1022 2193 2571 184 2373 2464 2774 2902 3032 522 53 109 3147 3085 1476 1840 179 465 1891 902 784 178 2509 2515 1558 82 2480 2858 2556 248 557 634 3251 3222 561 1437 192 2393 2534 1020 1853 149 2258 1470 1151 1744 1880 1401 1985 2869 1655 2920 1046 1266 2466 2641 1493 164 2808 2842 2773 2073 1149 1042 1148 849 569 1045 230 528 1907 826 2428 2527 1529 1526 3044 1670 226 2415 2351 1606 2142 2658 2643 1074 1279 515 2580 753 1072 1214 1006 1274 584 965 2650 3276 1212 557 634 2026 1337 1306 2662 113 2098 2350 2658 2861 1013 2316 1677 2918 3209 1663 1762 2100 2961 1614 837 2343 2562 3044 1362 2428 440 738 526 847 2127 1092 1677 2316 179 2597 602 380 2170 2244 3149 2071 2435 850 1649 1699 483 1446 888 1571 2426 1677 1013 2316 689 1857 2175 2101 2439 3049 78 595 1932 1247 2638 3005 2992 2529 3198 1021 2190 973 466 303 2877 365 1473 1665 1936 986 1494 119 2456 2501 2810 349 109 2224 3147 468 1015 1371 1165 2016 1280 1851 2704 1765 2990 2687 2157 2672 868 259 1753 1981 3046 437 1706 41 3054 1696 117 2663 2605 1140 2274 1577 2337 3267 2060 861 1800 2932 751 3103 1884 36 564 3268 1995 970 2615 2744 790 2493 1320 203 2642 2528 3167 1481 2864 2694 2277 356 435 1856 1348 3291 858 1875 433 2652 1591 2318 1016 1788 960 291 2523 374 318 410 595 3189 2850 2781 2985 734 1763 2708 996 2161 122 273 2791 1242 2792 2692 701 2621 1479 1515 45 2673 2055 3294 2123 1837 417 2443 2174 2272 2477 967 3207 2987 848 979 2885 2344 1189 3282 2427 2315 221 533 1175 1697 240 2533 3010 950 1323 81 2740 1741 1491 1365 3285 392 2945 365 3247 429 290 354 1106 168 3251 634 1305 3222 1944 1878 224 1209 2746 936 2884 1355 2710 2204 513 1778 2475 644 510 2041 2006 1822 2827 2959 2098 1066 1463 2391 1024 1889 2960 348 1166 3217 1234 2843 3154 891 2895 3179 2648 554 709 1765 1899 2511 1051 2965 1247 2695 2249 35 1907 2469 826 2527 2528 44 2903 2848 403 1540 2729 1439 2334 1287 2997 2714 1260 414 3157 146 389 33 3036 2668 1335 2965 557 2026 788 553 2538 1048 213 1898 231 3164 1320 1412 1544 1708 1270 616 596 248 1834 687 1216 2075 418 72 1919 1188 1215 837 1031 2343 2110 2905 1346 2368 1220 1463 1066 2391 1814 2528 1481 1134 2077 2753 732 1343 3199 2619 1345 2535 3031 196 209 2409 2336 1038 703 752 1432 2772 3226 2276 2592 784 1891 902 3081 2427 2704 1765 3014 982 1843 1707 2132 1091 1423 3024 3117 2387 170 2033 2921 398 789 1553 411 814 1154 3059 0 35 67 1254 335 2165 275 3244 3015 2933 1246 3157 387 1656 566 2536 2184 259 868 1981 230 1778 2710 1045 1940 3000 952 26 1627 412 3120 244 977 1146 1775 1287 3039 811 1908 2273 453 1832 1954 1557 827 784 2263 688 885 381 2194 1391 2036 1850 1060 1044 365 2945 2591 429 2637 1323 2314 693 64 2365 3299 1040 2495 1255 2421 449 1111 1975 2376 2845 1544 383 2957 1708 2367 2606 582 999 1903 1849 2410 655 326 3158 2312 1444 2338 378 2084 2761 121 2850 1759 2985 2848 2903 1688 2453 559 619 1364 2820 2454 791 1910 1640 905 360 2070 3200 1204 130 2281 1022 1352 2036 2406 1217 502 1546 3008 1033 615 377 485 1274 2020 2534 1401 1853 1013 1191 2536 2918 875 378 2338 3013 790 2496 2493 203 288 1231 2890 1339 2786 1466 229 712 3197 1658 931 2034 3170 1812 2306 666 604 2731 1813 1992 1341 355 1076 1139 3102 2889 359 1209 1433 1920 941 2162 28 1285 808 3188 1857 2101 689 1169 2294 52 883 2210 1238 321 1501 2814 55 1724 2494 2273 1183 1365 1698 1147 3216 2076 2900 428 158 2875 962 1700 1323 1047 2740 81 550 2843 1048 1227 3090 1344 2311 2714 2466 304 2542 1471 250 1216 687 2075 291 1590 2433 1707 2317 2675 910 552 2770 157 1605 1469 691 2750 1515 3206 70 1166 2843 1756 747 1292 2803 1643 3229 904 332 471 2009 2463 2027 2873 1753 259 2617 136 117 2546 2880 1449 2069 2821 1514 3093 2459 277 2351 2909 1763 2496 1426 203 3171 1634 3116 92 918 734 1197 540 2219 3039 2107 2551 2533 2574 3010 705 1460 511 1210 2150 194 2405 2640 476 1971 1091 2304 547 1580 1210 511 2150 1609 2403 2710 2651 706 3103 408 909 1129 141 2179 1398 3195 1444 1971 547 2694 2691 1961 2305 2451 163 2851 3264 661 196 3031 2409 749 559 414 2820 1591 1749 1016 1979 2266 505 2667 1048 1207 1045 569 528 2428 578 1526 2527 1460 274 1210 511 2548 1284 1435 3254 2318 3106 1829 1788 1069 764 212 3093 890 1932 841 1247 1280 1665 1851 1765 1798 3041 803 3191 2812 807 2321 1591 729 1411 1099 1456 645 1700 2997 1081 2456 2564 2501 349 2368 3272 2736 42 3235 1051 2511 2965 615 485 377 3244 669 3288 375 466 1729 1773 1761 352 1159 1663 931 2100 2787 1367 2048 1551 582 2858 457 795 2007 3013 1874 1935 2926 8 1831 655 1613 1540 1736 2035 952 3048 26 1981 588 1005 2081 632 3045 3159 75 1578 206 911 844 2276 2740 521 1741 3271 2745 3247 2764 1665 1580 996 2708 2161 2926 8 655 1415 3262 876 1638 1917 1763 3228 1062 1002 2595 2189 2723 298 1915 2375 1748 2286 1941 1446 3092 380 2614 1072 1214 1006 525 1805 200 628 1279 2580 1040 753 1711 162 1226 1026 32 2534 1853 149 2244 1379 2190 2071 1596 1561 1706 41 1524 829 1393 2806 1351 2308 3097 3232 1369 1325 1937 387 441 1203 2021 516 6 2457 159 282 3154 1906 1558 82 444 1562 2199 2138 1431 1030 932 2052 2055 2770 3294 1029 2426 287 1244 1677 2342 898 2252 891 2690 404 919 227 2274 1925 2878 1282 2801 1916 196 921 2459 2844 858 1875 2779 1532 656 1593 525 1805 628 1692 1114 2836 1256 707 1117 1096 1531 983 137 808 1285 3188 1913 3063 2898 3223 2845 1975 2376 297 560 312 2473 2939 2597 3092 1446 380 1013 2536 2316 2918 792 950 570 1873 86 2928 238 1646 2319 3008 2570 1033 2302 2647 183 2886 1747 1058 2823 3271 2634 242 2687 1909 1367 2048 1551 1199 2826 1651 784 688 2740 81 1047 3271 59 2997 1287 2714 2466 2542 593 1471 254 2136 2279 2332 2597 1941 3092 380 1941 874 506 380 1384 1290 883 667 1654 2022 883 1384 1362 2428 1907 826 1365 1698 3154 2632 986 1231 2460 2449 1580 1482 2517 2161 2493 2496 2557 1002 1244 3044 1526 2527 1381 1201 712 2829 3070 171 3170 2885 578 1757 1281 2527 2410 1849 2264 655 963 2256 1911 1627 2897 2412 2318 1016 1374 482 2898 1379 2135 71 2441 2510 815 95 3143 1241 519 1506 2398 2860 3278 36 2258 2665 3080 381 1480 1391 906 2626 1647 2164 90 2734 1185 2896 742 1732 477 75 2542 1471 230 528 2537 2809 1253 296 1244 1526 1013 1191 239 961 2207 3030 2144 3105 2568 1799 3240 2908 927 3263 2983 183 2302 2647 1934 2644 1870 1424 761 1495 1933 284 844 142 1453 3243 2870 2992 637 2578 2290 2539 2524 2846 40 3026 2545 2514 1907 2428 3044 2527 2932 1800 175 455 1478 3158 326 1444 2259 2009 1173 1371 2808 888 2773 2041 288 2449 1299 303 1080 866 2722 1499 3245 1719 2996 671 3033 3036 33 2668 1187 1003 662 2604 897 1179 593 1471 557 1095 1212 3222 2347 727 922 2621 1634 3171 2158 92 240 3272 679 3027 719 2589 1084 2335 62 1448 2566 2213 869 3201 2670 1040 751 1086 1800 3103 1331 289 1767 2247 2078 1626 1030 2052 2318 1829 1944 1016 331 3064 6 1466 112 1670 828 315 2669 839 292 671 637 2992 2525 2578 2178 1324 1267 1774 998 3121 1080 1795 2738 2292 115 2414 1119 609 2322 2586 176 985 2684 149 2968 1528 2504 1741 2239 1109 2993 443 3045 2204 477 2282 2705 2318 2412 1591 1485 2806 2392 43 329 1879 290 168 2025 665 1565 1846 3187 1035 1008 1499 2042 2811 1939 1424 2085 1266 2920 1823 3144 2649 1356 406 1340 1917 1691 3009 3075 2006 2827 2959 129 824 741 406 2363 1102 2777 3223 2380 2936 771 2541 2813 1374 46 1379 3045 2627 3159 1578 949 1120 1760 1861 1954 1832 2462 1557 2044 3274 1356 2649 884 401 2973 2124 2582 2608 198 1792 1845 2924 852 973 1872 688 1608 1819 2194 1920 1433 1391 2612 2285 231 3164 1151 1681 2346 1744 1082 698 1126 2515 738 526 2262 440 1932 841 1247 3005 2210 2646 1743 2488 3066 16 503 190 2044 3274 721 1356 266 3017 2087 2820 2716 828 3176 315 2426 1244 1013 2918 1550 869 2670 753 500 1535 1516 3123 1370 942 2284 632 2102 2310 354 168 1758 768 2364 1606 2618 969 1722 56 1858 279 2032 9 221 2583 1175 533 1932 35 188 2638 559 3017 619 2820 703 2304 1091 547 2813 482 1374 1379 2957 3114 1544 1708 264 1016 1944 1209 2339 1178 1798 1698 2063 503 16 190 2968 2504 2314 1741 1013 2536 1325 2316 1723 1968 3126 1181 2994 2566 1926 2213 2507 603 971 1292 2730 1660 1940 3203 199 1547 32 1853 571 1533 1721 363 60 3155 1789 42 1831 295 2926 655 2841 2872 288 303 2703 173 2098 2861 97 385 2492 173 1333 1267 1324 1774 1849 809 2264 399 221 1245 1735 1697 676 2675 1307 780 2012 8 130 1415 214 1762 1334 2416 2906 223 2979 594 1516 3123 1535 3148 2396 1421 2787 921 1573 1559 855 410 2599 946 499 1873 884 2124 2214 671 44 2873 2463 2453 2952 2492 1032 173 142 1454 1359 140 313 1445 633 2073 2122 1445 313 2073 2128 2325 139 1813 2450 996 1224 2161 1874 2007 31 3013 2788 2200 417 2272 2330 1102 2633 436 3230 2685 1807 1202 2533 1509 191 390 1847 1541 457 481 2760 379 280 1262 3237 932 1626 2052 1615 2540 1986 65 1145 1449 1222 887 1170 238 25 2719 2146 1817 1268 896 154 201 2484 89 917 2859 3192 192 1732 646 742 477 2716 2049 2791 2430 3116 2165 3171 3244 3018 654 897 3091 2467 654 3018 3091 2898 3059 1608 1819 2754 2284 1408 1005 1157 2746 1972 1355 227 404 919 1617 1282 2878 2274 2047 3120 1962 624 2268 3117 170 3067 2033 3245 2133 2996 1719 2885 979 1455 2344 2731 1103 1813 1992 3215 82 1906 2632 3159 2627 3045 2282 1454 142 911 140 452 2863 649 1019 2570 26 916 1981 2720 3300 162 2698 2084 1592 876 1691 3165 3226 2947 206 1285 808 3194 28 249 1915 994 1863 2722 998 1080 1795 692 2251 367 2173 2674 669 411 3059 104 1708 208 449 1509 2574 2533 191 1090 2931 971 1643 450 2077 732 1343 1093 1018 2902 522 1854 2105 1660 2830 2713 2005 1901 1539 1849 1892 809 3109 718 2910 2105 1881 2412 1784 1440 2897 2444 1266 699 1823 117 2880 1434 887 1132 1907 2469 826 1794 2452 2236 80 844 1453 364 3243 1682 568 2440 3231 1114 2836 265 2419 2807 2723 2189 1074 2617 868 259 1753 3105 1057 2568 1799 1534 890 2573 1553 256 452 649 1019 3012 1276 1927 2696 181 157 584 1702 1957 1174 325 1336 2317 1307 2675 780 2700 1948 2260 391 1952 1397 430 1441 1265 395 2909 1542 1516 3163 500 3123 1515 1479 257 2273 2767 1224 2450 996 2098 2320 1066 2391 842 2181 791 1801 221 1245 1617 1735 249 2577 1351 489 2898 1608 902 1819 266 2991 1364 2820 1276 1889 508 348 1573 855 3138 410 1939 207 2042 856 2498 2493 2557 1002 2318 3106 1944 1829 366 639 1517 2958 1164 2759 1961 2305 67 35 188 1254 3286 549 2478 826 770 712 1201 2829 3283 163 2197 2724 384 1114 1256 707 2022 883 52 1654 1785 3235 1574 2965 2504 1721 320 363 1092 2918 2536 715 510 2369 711 2041 444 2199 472 2138 669 375 1963 1374 3149 2244 2190 2071 362 635 1350 991 2157 1098 2636 2672 2599 3273 2736 1912 3104 2418 2502 1188 2241 69 3035 3291 3159 1930 9 2282 1155 3176 828 1670 2478 1362 1907 826 101 1725 1071 1062 2731 2799 604 1813 972 1058 521 3271 1461 216 1886 3270 659 310 923 1028 2960 1943 2929 3281 2115 584 2606 1702 1623 2448 2830 1653 371 1198 378 3013 2523 374 2433 89 2922 40 1836 243 2982 1306 1337 894 2363 2777 1556 3223 2801 1916 921 3082 1773 181 2115 1702 1518 225 1157 1799 1876 677 2662 113 2615 414 177 2820 2599 328 1869 499 897 1471 593 528 1030 922 2078 1525 1239 2555 2110 3062 1746 370 232 3156 2462 2844 93 1064 3081 1034 2427 1765 787 1633 389 545 109 3182 798 3085 1570 78 3049 595 2195 3001 3270 3185 467 1680 2626 579 2870 388 956 2869 2713 935 3050 1539 3070 2882 2059 34 2201 772 583 2173 2833 3219 782 1530 2706 782 3219 1530 2072 2745 2764 1851 1793 3032 3278 2358 2306 1812 864 2223 1616 580 2757 2846 508 187 3058 760 603 3254 269 924 2887 2584 3073 3213 2716 747 828 2430 578 1191 1526 2527 2024 3170 2306 666 3154 1906 82 2632 2571 2373 2207 2464 1781 426 361 1846 1290 1402 883 667 2862 3293 1298 1508 1260 3157 2374 146 1843 1794 2236 982 160 2852 2917 537 2622 1243 458 754 719 1004 2589 2335 2859 917 561 192 2908 927 2169 714 3142 2420 71 263 2234 2354 1983 149 2096 2710 1779 2651 2010 1523 1010 2937 3226 3165 1073 206 3194 137 808 1285 2979 254 949 1861 1988 1270 596 3077 42 2736 1912 1873 885 87 2194 381 2924 1494 2460 119 2731 1883 1103 1992 494 2670 2580 753 588 1498 1005 632 1728 2648 2764 554 2671 2863 709 1019 3140 2367 530 999 1442 2564 372 1115 2706 2348 782 1530 3131 809 1892 3109 1040 2580 2670 753 581 1440 1784 2897 1244 1526 1191 2527 1118 2853 1960 2854 2681 1694 297 731 3210 1197 2781 734 2184 868 952 1981 1410 2221 969 336 458 1243 2622 2785 948 1120 731 1054 1628 2791 273 2430 3144 1356 913 406 2402 1195 1232 3287 225 1327 2962 793 1667 908 2340 1275 1922 477 2204 2282 2762 3243 2425 1898 2828 442 274 511 411 669 1963 1374 1650 2619 2772 2535 1669 1414 3186 3255 1142 2292 115 2738 2983 2956 183 241 491 2679 758 1235 384 3073 3001 3185 2190 2449 658 119 359 2847 237 3102 1913 902 178 3223 3104 2418 2130 926 2096 517 42 390 2920 2085 1046 1266 3217 494 1585 515 97 3220 385 2861 3066 503 61 190 1664 182 1984 503 1069 2154 1477 420 1642 2118 242 2517 1220 1066 1339 2391 1555 2777 1102 3223 747 1628 1643 2430 558 3258 831 1484 1891 784 1651 178 2887 3073 2908 3213 3129 145 959 2247 1944 1016 1829 1209 87 2402 1232 3287 2568 1327 2962 225 2232 1388 3137 1645 1173 2009 7 2016 3015 1634 2933 3157 116 2398 3025 210 963 1627 3120 244 2973 2331 2143 1935 3159 2834 1930 2282 1462 1879 539 168 1970 2847 132 2559 367 2479 1354 1799 1454 2750 565 2683 2178 1324 1914 1267 1884 36 3032 564 870 330 2935 1992 2255 3272 679 240 1987 385 2743 939 3048 606 1940 26 911 45 1454 2683 1313 1006 615 1274 1748 2375 1997 2286 2612 1484 1150 296 2716 3176 2049 315 2131 1251 2940 2447 2364 571 1613 1533 2224 2128 139 1813 189 433 1875 2652 2982 1462 2109 1879 3167 2903 805 1688 987 73 2757 2846 209 196 1916 2409 61 503 2063 190 2917 2852 1644 537 1994 2707 1499 2856 1836 29 836 243 1196 972 1047 3271 1362 3044 1907 2428 1587 159 2503 298 939 686 1032 2320 1911 631 2256 963 982 374 2090 1707 892 1473 365 1665 3035 69 2949 1122 571 2364 1721 1533 1722 969 1867 56 2667 505 816 3207 1317 1224 2767 996 1293 442 1547 274 2893 1583 1236 2329 162 3300 884 2698 175 1800 3186 455 2096 499 570 1873 463 1700 962 1081 2582 643 2543 3264 3122 3151 2795 2246 3143 2377 815 1976 1210 3079 1147 392 2612 231 2285 1530 2238 2970 2768 663 1212 2382 1335 2026 1085 2411 1541 530 2183 922 727 2621 2466 304 2111 2542 1341 2692 355 1139 1713 2010 1523 1010 1017 70 1166 2843 583 682 2749 537 611 2910 502 3008 220 475 733 1261 3135 2718 625 1996 424 1033 2570 589 507 2875 1109 647 2703 2098 2658 2861 2528 2682 44 1134 1524 829 1755 1393 3097 2308 1351 2577 387 1369 1325 566 925 2021 1203 516 568 126 167 3231 2092 232 370 3156 1492 1502 512 535 1132 2469 1696 1716 2996 2133 1537 391 1953 430 1053 1441 946 328 2599 499 2411 530 2367 999 1395 1256 2836 707 2734 2896 2250 2971 678 71 2135 2510 2671 1473 2863 1019 1922 2204 1685 2282 2038 3088 1372 1150 879 1761 1145 1222 3061 194 2640 476 1492 2429 1163 190 2314 1323 2740 1741 1387 935 1506 1179 3155 3083 1789 471 2033 2725 2467 654 1513 977 716 166 362 551 1059 991 686 2890 1569 1339 1284 1435 821 2548 2590 2174 1316 2815 3219 296 1253 1530 2429 1163 2053 723 2782 1298 3293 1508 3290 3111 727 701 3210 2805 2781 1197 2581 159 867 298 3051 3196 1511 1261 3218 2496 1062 1002 735 354 2310 168 1531 983 2879 2524 1492 1163 61 190 2606 584 2650 3276 2087 2715 2765 2820 3208 536 39 2686 1401 2534 1020 1853 860 2407 2099 3065 520 1965 1753 136 2364 1613 3246 1606 2271 1035 3187 1499 2092 370 527 3156 204 1825 1870 421 1185 2734 2437 2896 1897 653 1751 887 1579 310 3150 1028 3215 1089 2978 82 1576 1029 2770 1469 1844 3011 1965 719 1092 2316 2536 2918 1275 1667 908 1442 2181 3038 791 1801 494 2670 1739 2580 907 501 1033 589 2828 442 1293 274 1361 1991 98 2578 2774 1093 2902 522 815 1350 635 1241 3039 1474 1908 811 2734 2437 2896 2971 1372 3088 2865 1150 314 1077 456 632 2751 829 2806 43 3262 1967 1948 459 2253 1588 279 2627 2669 1537 2783 391 47 1942 1947 590 988 614 370 3156 3182 344 1025 2335 939 2890 686 2320 1731 689 2486 419 1558 1906 2509 82 3086 2807 2643 1074 1703 921 2889 579 1852 242 675 2517 2337 3119 3267 861 275 2165 1955 1313 239 820 255 46 1360 1552 2181 2737 2528 2903 3167 2848 3196 629 3051 1511 309 949 1760 1861 2609 1688 805 2453 3094 2998 2058 2660 116 1200 210 1445 3239 1871 351 634 2757 73 334 2846 1113 1931 1901 2984 2013 830 1549 1336 2429 3066 1163 190 976 2483 327 714 2086 890 841 2607 2415 2881 2395 2652 946 570 499 1873 3280 527 47 2004 1583 869 1236 2329 2494 2812 2551 811 1025 1844 1965 719 2170 3149 1419 2071 2966 388 98 2578 2132 1423 1091 547 2185 2015 519 2860 1919 1732 2975 75 1306 113 1337 894 934 247 1385 3237 699 1266 544 1823 305 3115 1123 2488 85 2051 867 383 62 2381 1448 3148 208 104 2957 1708 107 2640 1175 1697 167 126 1288 3231 371 648 31 757 2794 2102 158 1700 2312 618 3207 2987 1609 2111 304 2542 1265 2371 1064 1557 812 1498 456 632 2887 1114 3073 707 422 201 154 89 2294 883 3249 2210 2980 2722 866 1499 649 2863 1473 1019 2157 2636 1639 2672 208 2495 2421 449 1047 81 2514 3271 376 2757 334 2846 2185 3161 2015 2587 1637 486 650 1028 1845 2592 2924 973 2170 2140 3063 2071 1314 1417 1680 2409 91 1036 59 2714 3017 2944 258 2087 2219 3002 1474 1979 2389 1145 957 1222 256 469 1310 1019 209 1916 1452 2409 2205 2447 2131 2291 2460 2449 288 303 301 2751 630 43 1521 837 1614 2343 2330 2633 201 436 1413 83 2256 244 881 334 2679 73 1974 2666 167 3231 952 1827 2184 3008 2056 99 2940 1767 912 1810 1425 2382 323 656 1532 1593 2448 2795 2246 1653 2311 1036 91 2714 3075 2747 1349 1490 521 972 50 1058 224 2847 359 3102 79 1750 1771 1493 2721 2824 3161 2587 2027 2873 824 2016 3196 1261 220 2937 2011 2246 2830 1653 211 2116 2775 804 708 3188 823 540 924 2507 603 971 2791 1294 122 1242 3198 2018 2054 1676 3254 1284 269 924 2994 121 62 2213 2954 2811 680 1424 2722 3283 998 2724 3169 3074 2458 2817 790 2950 3114 1544 3109 3023 990 655 2656 1418 1513 2019 3104 66 1188 1291 1303 400 1572 1225 2612 1898 2464 3164 974 1750 79 1493 2388 380 1446 2073 1008 2543 143 2851 1529 1244 3044 1526 351 2400 3239 2026 301 2037 2780 630 1500 710 1373 278 2736 2030 42 1912 1769 585 923 3228 2243 234 2556 419 1711 2720 162 1026 220 1261 733 2937 230 1471 304 1864 2768 2299 2238 663 2478 3286 2208 549 314 2805 823 1197 2731 2935 1883 1992 3196 220 2010 2937 357 133 333 2759 1645 3137 2232 3026 3139 325 1174 1336 2256 631 1413 244 2995 655 2230 1415 279 1683 1714 9 2448 2011 2830 1653 456 2572 268 588 2019 2656 1418 758 1831 8 235 2230 2108 259 2184 2798 2595 3266 2189 298 1244 1529 1013 1526 3031 3242 209 196 502 575 1546 1033 2178 1267 1242 1774 988 236 1137 164 691 1596 814 3206 101 1071 1701 1062 184 2142 2972 2809 3126 2709 1723 3148 180 3289 3003 313 1770 1724 2673 2273 757 1874 31 3013 1932 759 841 3005 864 1137 2306 164 2398 116 1200 210 1556 2164 1647 1819 740 2759 1164 2305 2888 1247 2695 1497 1563 2480 2556 248 615 1006 302 1274 224 3102 359 1209 472 2199 525 2138 749 2944 3017 2820 225 3265 1157 1799 709 3096 1034 1765 2283 275 1955 1313 946 878 138 570 3193 1755 829 851 1457 2850 2781 2985 3237 1626 1464 2233 2341 971 2931 1643 728 1635 17 2872 2448 2246 2011 1653 2721 3161 2531 2587 1989 905 408 2257 19 1800 819 3186 1492 1163 2429 723 2263 784 2592 902 1092 1677 2316 2918 585 3228 1769 1002 2700 2133 597 2616 1251 2131 2205 2447 1425 2400 2382 2881 1558 1906 2074 715 2509 1906 1558 715 2966 451 2252 891 61 512 1492 190 1752 3117 3067 2725 1505 1840 2824 2587 408 905 2070 3200 2895 1147 1365 2150 1994 3252 312 2939 1561 3046 41 1979 1500 1616 710 278 3139 2042 207 1336 55 1376 2494 1724 3014 1843 651 1707 2490 821 2548 872 2734 2250 2572 2971 2687 2118 1098 2672 925 1203 2021 2046 129 2139 741 824 2294 202 52 1049 306 2156 2650 965 152 2760 274 1262 532 2963 1679 1756 2098 2861 2320 2391 1763 1062 2496 1002 1517 639 2217 2958 3284 169 673 2857 1791 2288 1377 2357 575 3241 907 1033 3242 3031 661 196 1800 1086 19 819 2743 1635 2298 2841 1850 2036 942 1044 763 1860 1969 2066 1885 1754 2668 545 2367 2115 2606 999 1203 1132 3054 2046 1341 2839 2271 2707 1793 3278 2605 2358 2573 2440 2468 3152 259 868 2108 2184 2921 890 2607 398 3003 128 180 313 104 2421 1554 449 514 706 2070 801 978 1779 517 471 1461 2195 3001 3270 2367 1085 3140 530 2060 2047 785 1577 1210 1147 2895 2150 1814 2528 2642 1481 1957 2013 1174 1336 1608 688 902 1819 469 1473 892 1019 1893 1399 1286 1363 788 2239 2993 1710 2476 1797 3162 1480 3122 2579 1300 1832 1096 1860 2879 983 2074 1688 1558 715 3218 2496 156 1062 2381 3123 1448 3148 2940 2269 2056 1767 957 1496 1068 1404 772 2201 1057 2173 2478 2952 662 173 709 3089 1034 3096 1631 1353 2405 2230 3039 144 2551 1124 607 2266 1017 1048 2014 2611 58 1386 2400 681 2382 2026 922 1119 2078 2586 742 2838 2975 75 430 1397 1825 1441 1373 2742 2056 289 2484 201 374 89 1210 392 1147 2150 1147 392 1365 2150 2974 2538 123 228 988 1771 236 1493 3289 733 475 3183 966 42 1779 471 1764 931 2187 2034 1883 652 2731 1103 2547 1556 2777 3223 1122 69 2949 1348 583 2917 3052 1644 2537 1484 2809 296 3235 2511 1574 2965 1549 1108 2501 951 1292 747 1628 1643 3039 1908 257 2273 3149 2178 1324 1419 463 2794 962 1700 1764 2433 1590 1707 2601 1983 176 2234 2917 1121 2251 583 1452 409 2826 688 1459 2454 1910 1640 748 828 1643 2430 1768 1082 1126 2515 984 1840 1476 465 1524 829 3193 1755 2308 3097 2188 2577 566 1369 1325 538 1668 1431 1385 2052 1410 969 360 336 1430 2577 249 489 2027 824 129 2016 798 3135 109 2868 1509 517 191 390 2740 1741 81 3271 884 2973 2214 2124 2746 2884 1972 1355 1880 1985 262 2869 823 708 808 3188 2595 2807 2495 2723 1155 2017 1529 1670 71 2420 2441 263 774 55 1124 2273 593 1471 2542 528 2051 85 2957 383 1516 1830 3163 3123 1467 3150 1579 310 1273 834 819 3255 1713 1974 2123 1837 324 799 1797 1144 2684 32 2659 2234 1470 692 1681 1744 653 1897 1434 887 2087 2944 258 2715 2287 332 3229 904 2037 2780 630 2481 3188 1197 823 540 198 2608 1733 1792 2996 2669 292 671 852 2460 288 303 1739 2670 779 2580 1411 729 601 1456 3046 3002 581 1979 1552 2181 1031 1360 2930 1068 3140 1404 1813 1171 2472 63 630 2751 2806 43 571 1721 2392 363 385 1987 1032 939 1237 501 1821 21 1947 1942 1413 590 439 2545 1645 730 2206 506 102 724 18 2560 1239 2025 1195 346 3209 2631 1214 2892 2521 1274 1428 3094 3016 2660 1954 2246 2795 1653 3071 2734 2572 2971 1880 152 697 1853 388 2966 262 3180 2758 110 1870 680 144 3039 257 1124 931 2187 873 1764 1728 2648 2072 2764 507 2155 2875 647 3031 209 1855 641 53 344 3182 3085 2574 1509 863 191 478 3001 384 3073 358 1276 3012 2696 1965 3011 520 1753 1306 54 1337 2662 1789 517 1509 390 2935 870 768 330 1561 3046 1706 41 1592 1802 2261 1709 505 2538 553 1048 2288 1377 974 1791 1451 2121 53 344 1461 1886 2497 3270 2857 169 673 1570 478 3073 384 707 1939 2261 1315 1709 1339 1066 2320 2391 2982 539 1462 1879 1957 830 2013 1336 1635 728 2841 2872 736 1395 830 2836 1110 2372 202 1049 376 2524 1951 2846 592 1025 344 2335 2114 954 2819 1079 2221 1410 117 2663 179 874 2597 380 932 934 1385 3237 994 415 1740 2231 3101 2523 2423 89 2598 2523 2433 89 2841 2298 2743 939 108 3163 2970 2238 2192 185 1599 3235 561 2245 3021 1437 975 446 2674 1608 669 2674 446 1608 1810 217 1865 865 2317 910 2103 1806 3089 2863 452 1019 1639 3124 2157 2672 2770 1576 3294 1029 1682 2573 2921 1553 2234 2684 32 149 1897 887 1751 2046 3209 2866 1195 2631 610 960 1060 1738 3071 456 812 1498 394 833 3263 3213 1263 2464 1898 3164 1878 1944 3106 1829 1124 257 2399 774 1377 2357 750 666 2464 3243 1263 1898 2226 2634 3022 1 1425 2771 2400 2881 834 193 3125 573 2616 1948 2700 391 1790 1881 2105 2830 680 1870 2758 2644 3114 96 2950 790 2634 2990 3022 1 2084 1690 2338 1691 3290 3111 1882 727 324 885 2194 1391 1597 110 2042 421 1785 1871 1686 634 1146 2796 425 833 733 1261 2912 2937 965 306 2156 1288 2423 2598 2114 89 2669 2996 1537 391 1175 2583 813 533 2195 2497 2387 3270 2913 1802 1592 1720 3250 531 2726 2335 1843 3014 1794 982 86 194 2928 1646 3142 3047 802 2899 3187 1008 1949 2980 1400 2396 2048 2889 1932 188 759 2638 2470 402 2529 1021 1547 195 1512 1293 2302 23 2136 2886 1590 2645 1764 1707 2954 2644 1012 794 389 796 2125 48 2705 2262 2318 1788 223 2983 2302 2647 880 1190 2969 2218 188 35 1932 1254 2923 150 72 24 613 266 2991 1364 2197 163 2451 1427 1689 1324 2701 1419 1836 2637 29 693 2972 2142 2643 1074 1884 1204 36 3268 2322 860 1429 3261 480 3275 1519 1769 1160 684 2688 2362 2967 1587 756 2191 2174 2443 1316 2815 1297 1522 270 836 1535 3123 2381 3148 709 2863 3089 1019 2938 2259 2442 1309 1619 2658 445 2861 2904 366 1414 2362 2947 3226 2772 2276 1970 132 941 2559 2910 718 502 1881 55 2494 1124 2273 785 2047 1282 1577 2876 2116 1189 2315 233 741 3274 406 3104 1188 2502 1291 2895 1147 1210 1262 1107 2057 1479 774 495 651 2152 1590 1155 2562 3176 1670 2031 689 1731 419 2967 1587 2191 3266 52 2303 1654 1447 884 2214 292 671 15 1373 2056 289 61 2063 512 190 1357 2034 2476 2778 1619 2643 2142 2658 952 868 3048 1981 925 2021 1751 2046 287 1696 2469 1716 3052 583 1644 682 758 1887 1087 491 736 3291 2241 707 48 2668 1754 545 1573 3138 1301 3189 1731 2486 616 248 463 716 1775 1081 3027 2368 1786 60 2807 2189 2972 1074 2481 702 1905 2404 1114 2725 2445 3185 2379 2394 1318 2832 757 371 648 875 3109 990 2313 655 1312 1790 2105 2830 1907 3044 2469 2527 2588 2439 78 595 1337 1198 829 851 1529 3044 2562 1670 885 799 1797 324 2534 32 2659 2684 1902 2733 1283 760 2141 3122 2795 1954 1411 335 275 899 873 1764 2645 1707 614 988 3055 2235 2179 2513 1141 3037 2689 97 2492 173 285 262 2966 3180 2684 985 1020 149 1052 2001 1145 1449 388 262 956 2869 1459 1984 182 503 8 2012 235 2230 932 1030 1626 2052 2974 765 1923 1607 1189 2116 2775 211 44 2027 2463 2873 1310 989 532 2963 620 102 506 724 2170 1689 1465 3297 2872 3006 852 303 519 2398 2185 2860 536 3208 2932 909 2838 185 1599 2192 3141 74 1199 579 1860 1969 542 763 3075 1076 2747 1490 3141 1680 579 2409 635 95 815 1241 32 2684 2534 149 2407 860 936 3065 1485 630 2806 43 1110 1910 202 2372 901 1498 812 632 1437 51 192 2393 351 1785 1574 2026 1919 1598 418 2418 18 426 2560 2025 599 193 834 573 1937 125 2154 420 2858 2243 2556 419 5 1233 3175 979 2122 1446 380 2073 143 1008 2851 2980 125 2818 2154 420 1003 1362 2478 2604 1962 1567 138 1684 1148 1598 1149 2418 1976 912 2008 1241 2715 2688 684 2362 257 1479 2399 774 3140 1496 2367 999 1894 69 1957 1348 1651 1483 1891 178 2266 123 2538 228 1881 1790 1623 2830 2630 1632 1988 2182 2303 52 3038 1447 2833 296 3219 1530 2427 3037 2513 2315 440 3106 2262 1788 2543 1905 2295 3264 3011 719 1084 543 2555 1239 1565 3062 527 3280 2092 2004 291 2433 2523 374 1820 2365 64 1143 1899 945 5 2965 2222 1105 607 1227 2102 735 2310 168 2675 910 2103 2317 2684 2601 176 2234 772 2251 1121 583 637 388 2506 2870 1568 3214 1319 483 3015 749 559 414 1938 501 1821 1237 1107 964 2227 2947 495 2401 1295 28 3293 2862 2092 232 192 561 3021 1437 683 2931 1575 2699 2367 1496 2115 999 122 986 1936 2095 1024 2960 1828 589 180 475 3289 733 1032 662 2952 173 2013 3139 1174 1336 1229 3153 1084 543 30 2426 1013 2316 1619 2689 1959 2703 749 3017 559 2820 1905 2404 2295 3264 3233 1893 1286 1363 1976 2300 912 1241 139 2325 3190 604 2121 1451 3250 344 1537 2133 597 2700 3229 332 3083 471 48 389 796 2668 2554 2200 1602 1007 351 1871 1785 634 3295 3246 2771 2881 716 962 2155 1081 1615 721 3274 1356 816 2667 3207 967 70 532 1679 1756 585 1769 3218 1002 1976 3143 2377 2300 2555 3229 3155 471 147 2424 1491 3285 29 1727 1023 1171 39 1614 3208 2686 3116 559 619 1364 2534 2684 1020 149 129 741 233 406 28 1850 1285 3188 1541 2411 457 795 3272 2368 1786 3027 2180 2245 561 2393 1509 1789 3083 517 3218 2553 2496 1002 2386 1053 2585 1441 2654 1683 1942 1258 2440 3280 2468 3152 1312 1623 1790 2830 371 378 875 3013 2502 1188 24 1291 1390 3058 1063 498 3015 639 749 414 2442 2988 2938 1309 2947 964 2227 206 2401 808 1295 28 1753 3048 868 1981 1475 3267 373 2610 890 398 2921 1553 966 1779 42 1912 1233 171 3175 979 21 187 1024 589 305 1123 2379 2488 1023 1297 270 836 117 1696 2221 2663 325 1894 1957 1348 1385 2876 1668 2052 3127 1127 1390 2549 1827 952 2910 3008 1672 953 2172 2436 2968 2740 521 1741 922 2183 1326 307 820 375 255 46 1315 1802 435 1709 2553 2557 2496 1002 706 1086 3103 455 1096 2879 1531 983 961 239 2465 3030 1579 1808 923 1028 518 678 1142 3124 1679 813 1166 1756 2057 1479 964 1107 651 2152 1295 495 195 1512 697 1547 3197 2172 953 2436 2903 805 1688 2453 442 2354 32 149 2030 2368 2736 42 1012 680 2644 2954 1269 2927 1358 2815 2951 2682 1814 1134 2678 1297 2325 1171 683 1575 135 2699 611 1546 1938 3008 619 900 3116 1364 880 2077 1190 2218 477 2834 3159 2282 1922 2834 477 2282 1286 843 2106 3256 24 1188 66 1291 1303 2163 1522 243 1808 480 1519 1769 923 585 659 3228 1095 1542 1212 3222 268 2076 2805 428 2913 1856 1802 1720 2189 831 2972 2809 2136 2365 1820 1143 1951 1531 2879 2524 561 917 2180 2393 1243 3071 1498 2971 417 1215 2788 2343 1024 508 1889 348 2411 582 457 795 1172 18 1346 3062 2322 2078 1119 2586 684 1160 321 2814 2789 188 1932 1254 945 1899 1051 2965 747 2716 1628 2430 92 377 485 3244 110 680 2042 1424 2850 576 2781 734 1072 347 1420 1313 2472 1171 1813 1992 1429 910 2675 552 1172 361 18 3062 1955 1055 2283 347 3150 486 1637 1028 1072 2892 1214 1274 1260 146 958 2744 1752 174 2810 2419 3047 1639 350 2672 3144 958 146 2744 990 1353 1631 2230 2023 1473 649 2863 2143 403 2729 1439 3139 1000 1597 299 2317 1612 780 552 3278 2258 1140 2665 357 2211 133 2759 1420 1955 338 900 191 517 2096 390 264 2318 1944 1016 1314 3031 1855 641 61 1163 3066 190 1327 1057 1428 1168 505 1589 2538 2266 829 1524 2751 2806 3232 2308 3097 3134 1204 1884 3076 3268 1937 1325 1369 125 3260 1203 2021 441 2389 1751 887 2046 2788 1215 1031 2343 1083 857 2264 399 1888 2376 124 297 264 1944 1112 1209 1775 1146 425 1287 1305 1542 395 3222 1434 2880 2603 653 1429 2322 3261 2233 532 70 967 2987 1605 1576 2770 1469 1967 694 2779 459 819 1086 1273 455 928 3193 829 851 697 152 195 274 2980 1949 3187 866 2224 3135 625 1996 1806 1612 2317 552 17 2837 2872 3006 525 200 744 628 1805 2380 1397 1692 1260 2374 958 146 1888 1125 2867 1694 1473 2023 2671 2863 1385 1431 2148 932 25 3146 469 2384 3042 843 1286 3256 2167 444 665 1562 79 10 1503 1230 3171 335 283 3244 376 1951 1616 2846 2027 129 7 2016 821 2490 205 872 1458 293 1760 1120 1073 206 844 2276 653 2880 2603 1052 1504 54 1306 2662 1569 1187 686 1066 2059 551 3070 34 670 3279 944 393 1916 2635 1452 409 2411 1085 2367 530 479 1897 653 1751 2327 2862 1508 1503 2807 2595 2189 2723 2452 1334 2236 80 1494 986 2460 119 2994 62 2566 2213 2784 1402 2487 667 1504 425 2796 833 498 3127 1390 2549 1516 1535 3007 3148 1546 907 501 1033 2011 3151 575 2246 1197 734 3210 540 1854 1312 2105 2830 69 2241 736 3291 3049 1573 1570 595 1055 1955 1420 347 2009 2027 7 2016 266 2087 2991 2820 271 1669 572 2688 2450 2161 2575 203 1317 2981 1983 1824 2780 702 1905 2481 596 2175 882 3077 557 2344 1095 3222 2635 409 1916 3082 781 2828 1642 511 1886 415 3108 216 1050 2246 1954 1653 918 1197 3188 540 1256 1752 2810 2419 2027 2139 129 824 108 3163 2238 500 2862 1230 370 232 2480 457 2858 481 297 124 1888 1694 51 3057 192 2393 1607 2974 765 228 1434 3054 117 887 2206 2784 3214 3183 1669 271 2904 2688 1782 1127 11 1783 97 1619 445 2861 952 3048 1940 26 2266 2667 1017 1048 2728 51 214 1928 438 2566 2381 1448 742 2975 1732 75 2163 2232 2623 3026 3040 2133 757 875 2830 2246 1050 1653 630 2751 261 2806 2676 2019 3232 3134 2740 972 521 3271 285 2252 379 1262 62 2381 2566 1448 1110 3259 1910 2372 893 174 3067 654 181 1729 1605 352 1395 1256 1108 2836 320 768 870 330 1908 1515 257 2273 1897 3054 887 2046 2143 2331 403 1439 1013 1244 1191 2918 2163 2623 2922 3026 2656 1887 1087 758 2055 2123 1974 1837 1155 3176 2716 828 110 1582 914 421 653 2389 1751 887 384 1256 1395 707 685 2639 853 2442 2926 2852 8 1415 586 2072 3282 1116 2738 2990 2157 3124 98 388 2506 637 2325 1297 933 1171 84 898 877 3179 2147 2324 1782 2964 1760 949 1458 1120 684 321 1238 2814 2837 17 3288 3006 1549 2501 2386 951 1516 3007 2709 3148 604 3190 139 2799 498 3058 1063 1283 478 384 2241 707 1544 1412 383 1708 2018 2175 1857 2101 2133 3040 2616 875 1771 10 79 1230 2733 2119 1283 760 847 1704 440 1144 3126 1968 1483 1181 2087 2765 2991 2820 1464 1429 552 2233 3141 661 1680 2409 1991 2966 98 2578 903 759 188 2638 823 1197 3210 540 754 2664 901 1498 2645 1590 651 1707 2236 1762 1159 2100 853 2639 2259 2442 1464 1429 2675 552 3159 9 2627 2282 2874 1325 1369 538 1377 2288 974 1750 3083 3 1509 517 3193 829 1524 928 3097 2308 2188 1726 2450 1852 2575 2161 2504 2968 1485 1528 1588 2946 2032 1578 889 2287 3229 904 729 2574 2901 705 176 1983 2919 1824 185 2032 2946 1578 2716 747 1155 828 2295 2851 2543 3264 1907 3286 2478 826 1486 1215 2961 837 78 673 169 1570 3112 600 1403 2840 974 79 3050 1493 68 1486 1215 2961 2635 2826 1452 409 487 2874 538 1309 2486 596 616 248 2664 754 1243 1498 3103 2932 2307 909 901 2754 754 1498 562 3201 993 3299 2434 446 975 2397 3218 1769 2553 1002 2720 2923 72 1188 167 12 568 2782 2448 2795 2011 2246 167 1288 1974 3231 293 2422 2376 743 2645 651 873 1707 914 2793 204 421 1053 204 1977 2793 2366 2867 1125 1694 2476 3162 300 1480 2306 3170 864 1812 599 685 2129 853 2443 1269 1358 2815 2898 482 3063 1379 1897 1434 479 653 2404 2851 2295 3264 204 1977 430 1053 461 509 2508 1999 946 792 570 1873 2396 1400 359 2889 1145 2389 653 887 342 2854 16 190 762 1420 338 900 1752 995 3117 2725 1937 2154 1069 420 2855 611 1827 2910 914 1130 2793 421 2929 259 2798 1981 539 2780 735 168 1561 1474 3046 1979 2214 3245 2996 671 3113 2054 759 3005 23 183 2066 2886 1803 386 77 1630 3078 1956 2787 1551 675 2226 1900 1629 1303 1572 943 1225 335 1411 2628 899 1682 126 568 3231 2072 2648 586 3282 2327 2862 1503 1230 2063 2854 512 190 1905 2543 643 3264 1077 812 456 632 373 3267 215 2610 1406 1376 55 1724 293 2526 2422 743 1297 1023 933 1171 1936 172 122 2095 2549 11 1127 1783 2736 3273 2030 1912 125 1347 2154 2818 1566 1816 2255 240 1747 81 1741 3271 1323 2637 1836 693 1345 2619 1650 2535 3250 797 531 2335 3031 1314 1680 2409 1248 1816 2283 1037 2147 1782 2324 1783 3173 1803 386 77 2801 1678 1916 3082 3218 156 101 1062 2359 365 2877 3247 378 54 1742 2761 2722 163 3283 2724 446 2434 155 2397 441 886 3260 2802 2154 1937 1347 125 137 823 808 3188 220 3249 475 1261 1761 957 1145 1222 301 2751 261 630 1387 286 935 1179 2957 104 3114 1708 2007 2729 3193 851 2448 574 3108 1653 2712 676 1407 473 1452 2826 827 688 42 2096 390 1873 1288 306 2156 126 995 384 3001 3185 299 3139 1000 2013 1583 854 869 3299 604 1171 1727 1992 3058 187 2088 1283 221 1175 1245 1697 1943 2960 2914 3281 2838 1599 185 1657 1402 2487 1078 2784 2154 1321 2803 2818 2167 2199 444 1562 812 901 2664 1498 2582 1035 2608 2856 1283 187 2088 1902 2228 1289 2321 2544 3147 139 260 2799 1983 2064 2919 1824 2831 1176 2355 405 2674 411 1154 3059 224 359 1112 1209 2790 3147 260 2799 536 175 1517 1737 2498 3275 832 1002 2352 153 2522 3192 1683 83 1942 1258 2903 2609 805 2453 1903 818 3109 3023 2941 2381 500 3123 1457 1759 2850 2985 2805 3210 823 1197 659 1847 2480 481 1627 2256 2489 2840 2266 505 1589 2667 1903 818 1849 3109 3020 2439 631 3049 3051 3249 3196 1261 2389 1068 1751 2046 2664 1243 812 1498 1566 1816 1037 2255 993 1877 3201 562 2922 2835 2163 243 1395 736 2241 707 1522 2163 2835 243 3049 631 3020 963 2274 1950 1111 2047 1462 539 2102 168 2477 532 967 2987 1814 2682 2528 1134 1893 2983 1586 241 649 452 1487 2863 2349 2086 689 1169 649 469 256 1019 1569 2890 1231 1339 2044 1278 3274 2649 2228 1289 2219 2321 1907 1132 3286 826 2622 2361 2785 2414 1507 521 50 1058 1208 1931 1113 2984 1567 1962 412 1684 1430 994 1740 2231 1989 2815 2474 2257 324 440 1704 1144 1176 2355 405 558 2128 625 2091 63 2427 1141 2513 3037 2451 50 2197 1427 3201 869 854 3299 451 2342 2252 891 2000 600 1403 3112 2921 890 2086 2607 619 266 920 1364 2669 1226 292 839 2679 2134 758 1235 1669 434 572 3255 1978 3178 3227 656 604 2325 933 1171 2435 1649 580 1699 1662 901 812 632 1243 3071 812 1498 3225 51 2728 1928 2345 1318 2394 2832 2679 334 2757 73 2477 3207 862 618 94 1968 1723 1405 2932 106 2307 909 1915 1300 2579 1832 1037 2283 1248 347 2529 402 3198 1021 195 152 2760 274 473 676 1407 780 1870 110 914 421 2019 2676 1513 3134 2222 607 1234 1227 256 452 1487 649 2084 876 1690 1691 1535 500 2381 3123 1047 2545 1196 2514 974 2196 79 1750 85 3266 2595 298 2010 2925 1523 2937 1516 2709 3126 3148 25 2928 3146 2384 2764 717 1734 554 1701 585 3218 1062 3094 2058 3016 2660 180 220 475 733 1953 1053 2386 1441 2540 2951 1986 65 717 1982 1734 554 1278 2044 2991 2649 434 819 2567 3255 153 917 2522 3192 2347 3204 245 701 1582 1597 299 421 2557 2493 790 2496 2489 600 1627 2840 584 2115 181 1702 1810 797 217 865 101 492 1071 1725 2874 487 2988 1309 3247 2877 2359 717 2787 2120 1956 3078 445 1619 2142 2658 2591 1170 25 2719 572 434 1945 3255 573 599 2129 853 44 2463 2903 2453 1234 1017 1166 2843 2547 2164 1556 1819 2785 2361 2292 2414 2964 542 1133 763 2919 1450 176 1824 84 802 898 3179 1582 299 1130 421 762 920 266 1364 2919 2064 1450 1824 1301 3138 2293 3189 418 1598 1148 2418 1771 1750 236 1493 2205 2131 3241 2291 256 2477 2378 618 649 1473 469 1019 1388 2867 1510 2366 1187 662 686 1066 1003 2478 662 2604 2196 1771 79 1750 259 2929 136 1981 992 137 1285 1370 2608 1035 2839 2856 1083 2264 809 399 2443 2200 3095 2272 276 2906 2979 594 3176 1003 1187 315 1505 3056 506 620 2713 3050 2005 1539 1600 1686 1042 849 1034 3089 1478 3096 2572 2734 135 2250 1221 742 646 2834 150 2030 3273 1912 1461 415 1886 216 2307 657 3103 909 2845 1111 1950 2047 620 1505 3056 2531 542 1133 2147 2964 3205 2172 2296 87 2627 9 2563 2282 45 2750 1454 2683 902 688 2547 1819 2897 2318 264 1016 2066 1877 2089 562 502 1546 611 3008 2017 2818 2216 420 1395 1108 830 2836 596 882 1988 3077 525 2380 1805 1692 2366 1510 1388 1645 2063 16 2854 190 2011 1623 2448 2830 2089 1860 1877 2066 378 1742 2084 2761 1568 601 2901 1571 1582 1536 110 914 3054 1434 1897 887 2172 2402 2296 87 2669 835 1226 839 2364 3246 1758 1606 3293 568 12 2782 301 22 2751 43 104 208 2421 449 1727 870 2935 1992 857 2085 2920 1823 762 266 613 1364 434 819 218 2567 2828 781 442 511 788 2993 2006 1710 1030 2148 1431 932 1077 1662 812 632 1602 2200 2788 1007 691 814 2750 3206 2493 2575 1320 203 207 325 3139 1336 604 933 1023 1171 923 310 1579 1028 94 556 1968 1405 376 1531 1951 2524 1605 1984 1576 1469 901 1662 1370 632 3072 404 2893 1617 2355 319 756 558 2347 2061 3204 1030 467 74 1680 579 3295 2771 1425 2881 2318 2262 3106 1788 2341 1321 2803 2154 2448 3108 2795 1653 2086 1857 689 1169 2920 2998 857 1823 572 3125 1160 3255 930 2352 663 2067 1086 706 1273 455 878 946 792 570 106 657 2307 909 2599 2736 946 1873 252 3224 2934 1630 156 3218 96 2496 1322 306 2156 2650 1137 236 2306 164 256 2378 452 618 1302 1620 2270 2184 1259 650 2028 2482 1243 2437 3071 2971 299 2585 2793 421 3284 673 169 2265 2357 2288 1377 750 1131 3038 2737 1447 2824 2340 1705 3161 279 1858 1683 9 2143 2007 1874 1935 1136 2431 1218 1223 2583 1550 494 753 601 1568 2849 1571 2110 1001 1239 1346 137 992 1077 1370 2185 2531 3161 2587 518 1142 1639 3124 872 1548 205 2709 2460 1231 288 2449 1679 532 989 2963 235 2690 13 1353 1945 2567 3125 3255 635 362 1059 991 268 2900 2076 428 3272 792 2736 1873 116 1966 1200 1445 3033 33 2530 153 2705 807 2209 738 2404 2451 2851 3264 2083 2609 2463 2453 158 962 2794 1700 1925 2346 612 1972 604 1727 2731 1992 3067 1387 893 654 845 1952 430 1953 2680 1421 1678 2801 837 2825 1031 1360 2400 351 681 2026 3110 2116 473 804 2835 836 1522 243 62 1128 2381 3148 1431 3204 2061 1030 886 2208 3260 2802 798 2914 3135 2868 2944 2904 2756 2715 696 72 150 24 1843 873 651 1707 3227 1978 656 323 3121 1326 2183 307 1681 1151 1470 1744 1597 267 1582 299 227 13 2690 1353 612 1925 1972 1282 1852 1642 242 2517 2262 2705 2209 738 819 434 3186 3255 288 2872 852 303 2831 3226 3099 1073 2803 413 2341 1292 383 2957 2242 1544 116 3003 1966 1445 1370 2284 901 632 2450 1224 1852 2161 1098 2157 2687 2672 1077 1370 1662 632 187 21 1182 1902 2116 3110 473 1177 2427 2513 1189 2315 1128 3007 1535 3148 18 1239 1001 1346 299 267 1582 1130 1773 1729 181 352 1275 1705 2340 3161 153 2530 3033 2067 196 3078 2561 3202 309 2979 949 1861 1042 1149 1600 849 3224 386 2934 1630 1046 2745 608 1851 3176 1187 2049 315 1377 2024 2306 666 2835 2922 836 243 1623 1312 2297 497 1535 2381 1128 3148 1051 1599 185 3235 1175 2640 1245 1697 592 2499 719 1004 2392 1721 2504 363 2341 413 971 1292 2072 608 2745 1851 1167 3069 2008 2511 3069 1167 1899 2511 3262 694 1967 459 2195 995 3001 3185 2567 834 3125 3255 558 319 756 2191 1131 3038 2181 2737 3017 2600 619 266 1881 1623 2011 2830 2492 385 810 1032 912 2400 681 2382 2678 2128 2091 63 2200 2443 417 2272 1617 2893 3072 2329 3114 2242 2957 1544 2952 605 2492 2802 1128 2709 3007 3148 2194 1433 1211 1391 1567 1221 646 2834 53 3147 674 2790 72 418 2720 1188 2533 1789 1509 390 2328 2251 772 367 1223 2431 1218 1065 1068 1496 3140 1404 1582 1130 914 421 3210 1848 708 540 1870 110 1536 914 2874 30 1325 2316 1789 2533 3027 390 2157 1622 2738 3124 1031 1215 2825 837 777 1667 1952 1442 680 2811 2042 1424 611 2855 502 2910 2029 3178 454 2260 2740 1047 972 3271 2729 1755 3193 851 2240 2784 2206 3183 345 78 2439 3049 2214 2996 292 671 527 370 614 3156 2597 874 1941 380 3220 97 445 2861 1874 2973 2143 1935 1953 430 845 1053 3186 819 218 434 967 3207 862 2477 2545 1047 40 2514 3178 2029 454 1213 461 2822 509 1999 605 2952 2208 2802 3011 1084 3153 543 2195 1461 2497 3270 3069 815 474 1976 2751 22 829 43 2450 2575 2493 203 2573 890 2921 1553 1153 350 2126 1098 1377 750 2024 666 3289 1078 724 3183 3288 155 626 3006 3031 1680 661 2409 2715 2904 2756 2688 152 285 2760 1262 49 350 2126 1153 23 2302 183 2886 2184 2270 1302 2798 650 1610 2028 2482 576 3210 2781 734 2206 724 2240 3183 497 1312 2297 1998 2352 2299 930 663 1639 1622 2157 3124 2876 1189 2513 2315 78 345 1570 3049 946 2736 792 1873 759 2054 841 3005 2655 2680 1421 1678 3182 109 53 3085 2862 370 2092 232 3105 2328 772 367 719 1025 2499 592 266 3017 2600 2087 405 2831 3099 1073 727 2347 245 701 463 962 716 1081 827 2826 784 688 184 2972 831 2809 708 823 3210 540 1751 1068 925 2046 2410 2804 1903 295 2702 877 2342 726 1142 2738 1622 3124 220 2925 2010 2937 2968 2314 2740 1741 1023 1727 604 1171 365 2359 2945 3247 70 1679 1166 1756 2025 426 14 252 1897 1203 3054 2046 2234 32 2354 149 2556 234 895 1731 2479 1625 1354 1518 1983 2919 2601 176 1157 1354 1625 1518 1429 1626 2322 2233 1155 1529 2562 1670 1953 777 1952 1442 176 1450 1632 1824 1836 836 2922 243 3151 2205 3241 2291 1663 1159 1762 2100 790 2413 2557 2496 98 1520 548 637 637 1520 548 2525 1753 2617 520 136 1024 1828 21 589 661 3078 2561 196 2932 2307 751 3103 1616 2757 376 2846 494 1550 2670 753 1211 324 2194 1391 1468 1288 167 126 1956 1367 2787 1551 2635 1916 817 3082 892 2591 25 2719 335 3171 2165 3244 2791 1628 2716 2430 125 2216 2818 420 2591 2945 627 429 175 1414 1517 1737 3103 657 408 909 1639 1142 1622 3124 2553 2557 2413 2496 2544 2915 1671 2705 2807 2972 2643 1074 1964 2186 3145 1717 351 1574 681 2026 167 568 1468 126 2008 3069 474 1976 1193 3021 2245 1437 1170 627 1904 1527 910 2677 2103 1806 1989 2474 905 2257 1112 1944 224 1209 2357 497 2596 750 85 867 382 298 1259 2977 1637 1579 2261 1802 1315 1709 202 2294 1110 1049 21 501 1182 1902 676 1307 1407 780 2048 1367 1964 1199 367 3105 427 2479 32 111 199 2534 1672 2602 1797 885 3010 2574 729 705 621 2020 1880 2739 1259 2977 1579 197 2144 427 3105 2479 111 2020 199 2534 2602 1672 3205 885 581 1784 2186 2897 1892 1904 809 3131 426 3224 14 252 928 829 1198 851 2240 1078 2784 3183 912 1425 2400 2382 1983 2981 2064 1824 234 2031 895 1731 867 159 1587 298 130 8 2852 1415 1548 1128 205 2709 1327 2677 2962 793 1193 1232 1195 3287 2795 3151 2011 2246 917 2859 2522 3192 3266 85 382 298 1451 53 674 2790 1847 457 2480 481 2734 3071 2437 2971 1945 434 2567 3255 1110 2294 3051 1049 446 155 626 3288 2423 2523 2598 89 1893 2956 2983 241 2804 2410 2926 295 2240 724 1078 3183 3193 636 31 928 3053 2188 3035 1726 790 96 2413 2496 3112 3292 2000 1657 74 3141 1680 579 2020 1401 621 1880 3218 2553 96 2496 2954 1012 1061 794 953 1658 3197 2436 2342 1811 2702 726 709 3081 2648 1765 379 2760 285 1262 2952 2492 810 1032 96 2553 2413 2496 110 1597 1582 421 2915 2544 807 2705 914 204 1870 421 3229 3083 3155 471 33 2530 3036 3033 3292 2838 2000 1657 2065 295 1831 3023 382 867 1587 298 106 2932 3208 909 750 497 2596 1998 3275 2498 2557 1002 2800 1784 1440 2412 818 1892 1849 3109 384 1395 2241 707 2102 539 735 168 990 2065 1831 3023 2751 1524 261 2806 3232 3097 2676 3134 299 2793 1130 421 3266 382 1587 298 2650 1322 1621 234 2093 2431 1223 1065 3284 548 1895 2265 32 2659 111 2534 1797 2602 799 885 1916 1678 817 3082 2877 1982 1611 717 473 1538 2712 1177 766 153 2352 2067 3078 2120 859 3202 656 1532 3227 323 3218 101 1701 1062 526 1704 440 847 1734 1728 2764 554 1122 3053 3035 1726 110 1536 2758 1870 2463 2609 2903 2453 2299 2768 930 663 479 2021 1897 1751 2557 2553 105 1002 1025 2499 1844 719 371 31 636 928 2917 3052 1121 583 1078 3289 475 3183 3260 2021 886 441 1369 1347 1937 125 2107 2228 2219 2321 2184 1302 2108 2798 2028 2326 1610 650 2298 1987 2743 939 1672 2172 1009 3205 1464 1626 1429 2233 3186 434 1669 3255 30 1013 1325 2316 2561 3242 661 196 819 218 19 3186 974 2288 2196 1750 2557 105 3275 1002 2935 2731 1727 1992 572 1945 3125 3255 2874 1369 487 538 1671 1289 1252 2544 603 269 2507 924 2479 2144 1436 1518 1284 269 1435 3254 2775 2062 1189 211 2567 819 834 3255 1322 2031 1621 234 301 261 2037 630 2469 3044 1244 2527 339 611 1620 1827 821 1435 2490 2548 1232 2296 2402 87 2568 2962 340 225 2675 2103 1307 2317 611 3269 339 1620 3128 2726 531 1004 1866 1903 295 3023 1513 1418 2676 2019 709 1034 3081 1765 1859 1011 1563 616 575 907 1546 1033 1564 1087 1887 491 561 3021 2859 192 3150 1467 1011 310 388 956 2506 2870 3249 220 3196 1261 2265 548 1895 2525 2877 1380 1982 2671 2741 247 2712 1177 1637 2977 1467 1579 728 2298 1635 2841 1004 531 3128 2589 3002 3046 1474 1979 262 1985 956 2869 2603 479 1434 653 144 2107 3039 2551 931 1658 2187 2034 2553 1769 105 1002 487 2938 2988 1309 2837 728 17 2872 2877 1611 2359 717 2120 859 1956 3078 1982 1734 1611 717 1975 124 2376 297 1086 19 751 1800 3125 1945 1796 2567 2353 534 2174 1136 2684 2659 2601 2234 1625 2166 1354 1157 1061 1532 2779 1593 2064 2326 2919 1450 1385 2148 934 932 3275 105 1769 1002 2357 2596 2288 750 257 2399 144 1124 873 2187 2645 1764 2947 2227 3165 206 808 2401 3194 28 3250 2726 1382 592 3269 1938 2755 2270 2108 2617 868 259 2125 796 222 48 2270 1938 2755 1237 2590 2353 2174 1136 3235 1051 2512 2511 592 1382 3250 344 2712 1407 1538 473 2522 766 153 2352 1796 3125 2567 834 199 2020 120 2739 1923 765 1564 1607 3036 796 389 2668 2712 247 2741 3237 2877 1473 1380 2671 197 2482 1787 1808 2410 940 2804 2926 572 1669 1826 434 2482 480 1787 1808 3078 859 2561 3202 2352 930 766 2067 1205 68 1218 2961 78 345 673 1570 2172 2296 1009 3205 1289 1252 2800 1671 3011 520 1844 1965 3166 1259 2482 197 1945 572 1826 434 534 1205 68 1218 1401 1985 621 1880 209 1855 3242 3031 1288 1468 306 126 702 2295 1905 2404 473 3110 1538 1177 1243 2664 458 754 1597 1000 267 299 153 766 2530 2067 2093 2307 106 657 2144 340 1436 1518 1903 1866 818 3023 2970 2768 108 2238 1776 2065 1831 990 2295 143 2543 2851 454 1161 2029 2260 3282 2062 586 1116 3137 2623 2232 3026 1322 1621 306 2650 697 3212 199 1547 680 2758 1012 2644 1895 673 3284 2265 2622 2361 458 2785 1009 953 2172 1672 1236 854 869 1583 883 2022 1290 1384 697 199 3212 2739 3139 1174 1000 2013 2120 1206 859 3202 3173 1978 1673 77 914 720 204 2793 1505 2721 3056 2531 505 816 1589 2667 720 914 1130 2793 1522 2835 270 836 2057 2399 1479 774 651 2645 2152 1590 404 3072 919 1617 2878 1950 2274 2047 1213 1978 1673 3173 895 1859 2556 1731 1957 1174 1894 325 2922 2835 2623 2163 649 1487 2023 2863 3292 1599 2838 1657 592 2726 2916 1004 1620 3269 1868 2270 1289 2228 1252 2544 933 3190 2325 604 2862 1298 2327 1508 3111 1328 3290 1882 1704 799 324 1144 2880 1973 2603 1052 2361 115 2292 2414 2690 919 13 227 1925 612 2878 1282 1672 1009 2602 3205 1051 1899 2512 2511 1894 2949 69 1348 2905 1786 2368 60 10 2196 1771 79 1715 3178 1978 1213 914 1582 1249 1130 2648 586 1728 2072 3105 427 2328 367 338 1055 1955 1420 2116 3110 2775 804 2144 1436 427 2479 3040 597 2133 2616 1218 534 1250 1136 2780 2037 702 2481 322 1945 434 2567 235 13 1776 1353 1950 1975 1111 2845 1297 270 933 1023 3226 3165 3099 1073 137 3194 992 1285 971 413 2507 1292 1008 143 1949 2980 2346 2166 612 1972 2656 1087 1418 758 648 3040 757 875 2756 258 2944 2715 1969 1133 542 763 2825 1552 1031 1360 2256 2489 1911 1627 1510 3137 1388 1645 2538 1589 123 2266 2089 1969 1860 2066 1790 718 2105 1881 2303 2022 52 1654 1911 3020 631 963 3193 1524 636 928 1786 679 3272 3027 2188 3053 3097 1726 1903 2804 1866 295 319 2967 756 2191 1252 2915 1671 2544 964 2227 2057 1107 1295 2152 2401 495 452 1487 2378 256 1347 1321 2154 2818 3035 2949 3053 1122 934 2741 247 3237 1587 2967 382 3266 1705 2721 2824 3161 1644 940 3052 682 2023 1380 1473 2671 1063 3127 1390 498 1259 2028 3166 2482 31 636 648 371 1662 2664 812 901 124 1125 1888 1694 12 1298 3293 2782 3190 260 139 2799 2088 1063 3058 1283 2147 1133 2324 2964 2377 474 815 1976 2061 2148 1431 1030 2051 382 85 867 1987 810 385 1032 506 3056 102 620 1402 1290 2487 667 1622 2636 1639 2157 908 1705 2340 1275 115 1622 1142 2738 102 2240 2206 724 2974 123 765 228 2927 1358 1973 1269 1314 1855 577 641 2512 1599 1051 3235 2283 1055 1248 347 2893 1236 3072 2329 3163 108 1666 500 1552 1131 2181 2737 1312 2297 1790 1623 886 605 2208 2802 11 2324 1782 1783 2020 120 111 199 3187 1949 1328 866 386 1803 2934 1630 1215 1486 2825 837 2297 2596 497 1998 1468 12 568 167 1358 1316 2443 2815 2855 718 502 2910 267 1249 1582 1130 762 338 920 900 222 2680 2655 1678 2950 2242 3114 1544 2636 2126 350 1098 2209 2915 807 2705 1620 1868 1302 2270 2413 2950 96 790 3127 11 1127 2549 2262 2209 526 738 1977 845 430 1053 1421 2680 1206 2801 3020 345 2439 3049 1239 1001 2560 18 777 908 1667 1442 1537 597 1161 2700 685 2639 2129 853 1389 2377 3143 2300 271 2756 2904 2688 2255 679 1566 240 727 245 3290 701 258 2600 3017 2087 2251 1121 2328 772 854 993 3201 3299 3178 3227 1715 1978 2110 2905 1001 1346 98 2506 1520 637 3178 1715 2029 1213 599 2129 193 573 434 218 322 2567 2355 1176 319 558 2000 1403 3292 3112 621 120 2020 2739 1259 3166 2977 197 2957 2242 2051 383 592 2916 2499 1004 1582 1249 1536 914 3207 862 816 967 1131 2303 3038 1447 1316 2353 2174 2590 1503 10 2327 1230 1218 1250 2431 1136 577 2434 975 2397 2639 2938 2259 2442 426 14 2560 2025 2479 1436 1625 1518 3125 1796 193 834 1669 1826 271 572 68 1205 1486 2961 1982 1611 1380 2877 1538 2741 2712 1177 3007 1666 1535 1516 1816 1248 1566 1037 1077 992 1662 1370 619 2600 920 266 1520 1895 548 2525 862 2378 2477 618 295 2065 1866 3023 1125 1510 2867 2366 2490 1548 205 872 2031 895 1621 234 3204 245 2061 2347 611 339 2855 1827 626 2837 3288 3006 1877 993 2089 562 204 720 1977 2793 3173 1673 1803 77 2489 1403 600 2840 1182 1821 501 21 53 674 2121 1451 1512 3212 697 1547 845 777 1952 1953 474 1167 3069 2008 3099 1176 2831 405 1382 2121 3250 344 3275 105 1519 1769 1899 1167 2512 2511 195 1194 1512 1293 1821 2755 1938 1237 1389 3128 531 2589 2487 2240 1078 2784 3224 2934 14 252 3269 1868 339 1620 2726 3128 2916 1004 199 120 3212 2739 626 2434 155 446 413 1321 2803 2341 1128 1548 3007 2709 1519 1787 480 1808 2482 1787 3166 197 534 2353 1250 1136 322 1796 1945 2567 2916 1382 2726 592 3269 2755 1868 2270 1182 2088 187 1902 3147 260 674 2790 2492 810 605 2952 534 1250 1205 1218 1945 1826 322 434 1673 1715 1978 1213 914 1249 720 1130 105 2413 2553 2557 49 2126 1194 1153 1363 2989 1586 1399 1363 1586 2989 1718 722 1924 976 3253 976 1924 722 2693 459 1691 1041 391 459 1041 1691 1917 1058 290 329 1747 1058 329 290 1106 3064 1629 331 2226 331 1629 3064 1466 973 1608 2898 466 973 2898 1608 902 2610 1054 731 955 731 1054 2610 1386 2230 2313 86 1631 2230 86 2313 655 1861 2279 254 949 1861 254 2279 2332 991 2730 1152 3203 991 1152 2730 1059 722 3107 2943 755 722 2943 3107 1039 1809 623 1716 3238 1287 1929 91 2229 1287 91 1929 59 1943 3281 786 916 1943 786 3281 798 1557 1863 3211 453 1557 3211 1863 2766 1212 3221 1542 1095 2652 3221 1542 2415 2652 1542 3221 1095 2889 1717 579 1199 2889 579 1717 1618 1386 2681 1272 58 1386 1272 2681 731 2683 1359 565 1454 2683 565 1359 1862 778 798 916 786 778 916 798 2868 3281 916 798 786 3281 798 916 2868 3191 704 2039 488 3191 2039 704 3087 1571 769 2849 2646 1571 2849 769 483 1539 1228 1901 2713 1539 1901 1228 161 2610 2681 1386 373 2610 1386 2681 731 2963 3061 3146 989 2963 3146 3061 800 1498 1343 1005 2754 1498 1005 1343 1138 2535 1738 3199 1489 2535 3199 1738 1345 3244 2158 1674 283 3244 1674 2158 92 2223 2033 2483 3130 2223 2483 2033 1990 3124 2969 1 2267 3124 1 2969 2990 671 1935 2883 2124 2883 1935 671 3013 2204 2651 499 2360 499 2651 2204 2710 330 29 1171 870 330 1171 29 598 1832 2291 2447 2205 2447 2291 1832 2462 550 1490 1048 1311 1048 1490 550 2959 3231 2782 2666 167 3231 2666 2782 1780 3102 787 237 2068 3102 237 787 2847 64 1443 1583 1018 64 1583 1443 1040 2546 336 2663 1410 2663 336 2546 1449 1738 546 3297 2330 3297 546 1738 1489 2711 587 2003 2146 2003 587 2711 1104 2247 490 3172 308 2247 3172 490 165 2358 2774 251 1793 2358 251 2774 368 1094 3263 395 3240 395 3263 1094 3211 3255 599 1273 834 3255 1273 599 2500 1291 871 337 2943 1291 337 871 2408 3008 1828 589 1237 3008 589 1828 2570 3206 1154 3059 1647 3206 3059 1154 814 2811 1917 694 1638 694 1917 2811 1192 399 238 1170 544 399 1170 238 3131 1533 1393 363 571 1533 363 1393 2212 2392 363 1393 571 2392 1393 363 2212 786 3085 798 3182 798 3085 786 778 1134 824 44 3118 1134 44 824 2139 2488 283 2763 305 2488 2763 283 1674 2158 2763 283 305 2158 283 2763 1674 1837 2666 1713 1974 1837 1713 2666 1010 2963 107 3061 989 2963 3061 107 806 2201 2660 2998 3094 2998 2660 2201 1543 433 468 2395 189 433 2395 468 778 428 2081 314 588 428 314 2081 1197 1165 801 56 1841 1165 56 801 1603 839 1781 835 1226 839 835 1781 2177 543 136 786 916 543 786 136 1965 1314 1608 2397 975 2397 1608 1314 1872 982 2100 1843 2090 1843 2100 982 2236 2907 101 492 1554 2907 492 101 1725 2033 1791 2387 170 2033 2387 1791 1990 2665 2281 36 2258 2665 36 2281 2797 904 1779 471 966 471 1779 904 978 3263 555 2662 3240 3263 2662 555 833 3073 1918 2445 1114 2445 1918 3073 2908 2357 666 497 750 2357 497 666 1014 1998 497 666 750 1998 666 497 1014 1 675 2226 2634 1 2226 675 1629 240 390 3272 3027 3272 390 240 950 2860 593 528 897 2860 528 593 210 801 1737 455 3257 455 1737 801 2500 1562 524 1396 2177 1562 1396 524 2167 2383 524 1396 2167 1135 2706 112 2594 1135 112 2706 3181 1049 2003 1675 1743 1049 1675 2003 2372 1999 1659 2508 461 1999 2508 1659 1438 1788 2812 807 3136 1788 807 2812 1591 1103 1758 2935 1883 1103 2935 1758 226 428 314 2805 268 428 2805 314 1197 2683 3234 2390 664 2683 2390 3234 140 552 944 3279 393 552 3279 944 1612 3276 157 1702 584 3276 1702 157 2697 2777 2164 284 1933 284 2164 2777 2547 2809 2658 184 2142 2809 184 2658 2350 2571 184 2658 2142 2571 2658 184 2350 543 3182 1025 2335 543 1025 3182 786 2114 89 1376 2423 2114 1376 89 154 1724 1376 89 2423 1724 89 1376 154 2464 364 3258 2373 2464 3258 364 2425 3255 573 1160 2500 3255 1160 573 3125 1100 510 644 1641 1100 644 510 2475 2395 652 865 1865 2395 865 652 468 1708 2581 331 1412 1708 331 2581 246 2632 2150 2708 2356 2708 2150 2632 1365 693 320 2314 2637 693 2314 320 2159 599 853 1603 685 1603 853 599 573 3148 872 1723 27 3148 1723 872 2709 1829 1211 2162 846 1829 2162 1211 1878 147 1698 2632 1798 2632 1698 147 1365 300 1079 1480 954 1480 1079 300 422 2662 1198 2761 54 2662 2761 1198 2254 330 825 2145 226 2145 825 330 2097 2649 1364 1264 613 1264 1364 2649 177 63 825 1818 2472 63 1818 825 2776 3264 1008 2582 1184 3264 2582 1008 2543 2182 2424 148 1491 148 2424 2182 3077 579 1706 467 74 579 467 1706 2626 465 2287 744 1342 465 744 2287 1476 983 1117 2624 1271 983 2624 1117 1096 2100 2633 3080 2090 2100 3080 2633 2416 2646 1571 2628 2849 2628 1571 2646 2475 248 310 2480 3296 248 2480 310 1563 1741 3074 1528 2159 1741 1528 3074 1747 1716 2918 623 1809 623 2918 1716 1677 2464 296 1484 2612 1484 296 2464 2809 549 826 3260 740 549 3260 826 3286 1203 3260 826 740 1203 826 3260 3286 1970 2393 941 2180 941 2393 1970 2559 1007 842 1640 2471 1007 1640 842 1602 2162 640 761 775 2162 761 640 3080 2535 3234 1465 1489 2535 1465 3234 2762 1 2672 1993 1909 1993 2672 1 3124 1912 1869 696 513 1912 696 1869 3273 1168 225 3265 793 1168 3265 225 1799 2174 2815 2272 2443 2272 2815 2174 2590 1444 822 2747 326 1444 2747 822 3195 2052 2613 2179 1668 2052 2179 2613 1525 2896 1277 2510 1185 2896 2510 1277 2821 477 1919 696 2502 477 696 1919 1732 455 536 1737 175 455 1737 536 3257 1116 1189 2062 211 1116 2062 1189 3282 2723 3086 2495 1255 2723 2495 3086 2807 1026 1422 2177 1772 2177 1422 1026 839 752 1838 703 1423 752 703 1838 1038 2138 2287 744 472 2138 744 2287 1342 1202 2532 2727 687 1202 2727 2532 1581 3252 2727 2532 687 3252 2532 2727 1581 2724 2014 2197 3283 2724 2197 2014 1834 2725 460 2033 2467 2033 460 2725 2445 2535 2276 2619 2772 2535 2619 2276 2390 343 2619 2276 2772 343 2276 2619 2390 529 752 1423 3168 1423 752 529 2948 2277 803 2694 2864 2277 2694 803 3215 2371 34 1014 2885 1014 34 2371 1050 1593 656 2082 323 1593 2082 656 2779 1643 1477 2699 2931 1643 2699 1477 1594 1168 2568 225 1327 1168 225 2568 1799 179 465 332 1476 332 465 179 602 2218 2753 1343 2333 2218 1343 2753 2077 851 1439 1935 2729 851 1935 1439 2254 2744 432 1995 970 2744 1995 432 1368 251 1056 2079 368 251 2079 1056 955 2078 2233 2322 1626 2322 2233 2078 3261 2587 1200 210 2185 2587 210 1200 1101 3256 100 2106 1394 3256 2106 100 843 1737 2217 1383 2958 1737 1383 2217 536 156 2907 104 1554 104 2907 156 1426 3264 2980 163 2851 3264 163 2980 1184 1825 1424 2541 1934 2541 1424 1825 407 443 462 647 1109 443 647 462 1067 894 2714 1036 2446 1036 2714 894 59 2794 1879 2109 1462 2109 1879 2794 2997 2815 2272 2927 1842 1269 2927 2272 1842 349 372 2564 1115 349 2564 372 2456 2814 2615 684 2362 2814 684 2615 970 3073 2491 1430 2584 3073 1430 2491 478 894 2997 2714 1879 894 2714 2997 59 1021 1147 148 1183 148 1147 1021 3079 455 1414 2500 3186 455 2500 1414 1737 896 2153 377 523 896 377 2153 1817 1795 3098 215 464 1795 215 3098 998 3028 449 1554 2421 1554 449 3028 2907 2987 1310 2963 622 2987 2963 1310 532 2873 2083 2453 2127 2873 2453 2083 2463 1724 997 2160 2673 1724 2160 997 1406 316 2842 1043 2485 316 1043 2842 88 395 1876 2461 677 2461 1876 395 496 2854 3004 2853 1960 2854 2853 3004 16 1104 2853 3004 1960 1104 3004 2853 16 1297 243 400 1522 400 243 1297 598 1765 1665 2764 2648 2764 1665 1765 1851 2764 2072 1765 2648 1765 2072 2764 1851 1235 1513 716 166 1235 716 1513 2656 973 3063 2898 1913 973 2898 3063 1379 43 329 2982 1879 539 2982 329 1879 1864 2466 164 1471 1864 164 2466 2149 2120 2801 1206 3202 1206 2801 2120 1421 2016 2127 1015 1371 2016 1015 2127 2873 1655 1851 1046 608 1046 1851 1655 1266 2518 1268 668 2146 2518 668 1268 318 0 668 1268 2146 0 1268 668 318 2436 2172 381 3197 2436 381 2172 1672 2779 794 1061 1593 1061 794 2779 2954 2719 3247 2745 1665 2719 2745 3247 429 677 3263 2662 3240 2662 3263 677 1876 2100 2090 873 1159 873 2090 2100 2778 873 931 2100 1159 2100 931 873 2778 53 2790 3085 3147 3085 2790 53 1451 1287 463 2109 1775 1287 2109 463 2997 1269 2815 2272 2927 2272 2815 1269 2443 241 151 1718 1363 241 1718 151 2986 3177 1718 151 1363 3177 151 1718 2986 616 310 1011 1563 1011 310 616 3150 2910 1881 2319 2105 2319 1881 2910 502 195 1153 1194 1293 1194 1153 195 49 82 3179 2632 1652 82 2632 3179 3154 828 2017 1670 1594 828 1670 2017 1155 2719 469 25 892 2719 25 469 2384 2580 1585 494 515 2580 494 1585 1739 1289 2412 2800 1440 2800 2412 1289 1671 391 1967 2260 2082 391 2260 1967 1948 9 83 1683 1258 9 1683 83 1858 1338 1724 773 1770 1338 773 1724 154 1314 2397 577 975 577 2397 1314 641 866 3111 1328 3187 866 1328 3111 1882 2937 180 1162 733 2937 1162 180 2925 2926 682 940 1644 2926 940 682 2410 1610 1450 2326 2064 2326 1450 1610 650 1688 698 2702 1558 1688 2702 698 805 1463 1774 1267 1333 1267 1774 1463 1220 1267 748 1463 1333 1463 748 1267 1220 2451 1058 1106 1507 1106 1058 2451 1427 1979 1618 1749 1016 1979 1749 1618 41 3062 426 361 18 3062 361 426 1846 3148 205 62 1128 3148 62 205 27 2698 1148 401 2130 2698 401 1148 3300 43 539 2982 329 43 2982 539 22 769 3249 475 1402 769 475 3249 1261 3185 3117 3270 2195 3185 3270 3117 2725 3287 1437 2631 1195 2631 1437 3287 2245 793 1806 2677 910 793 2677 1806 1327 2203 535 1502 3238 1502 535 2203 512 2927 1052 1973 2880 1973 1052 2927 1269 991 1730 3203 1152 3203 1730 991 848 1006 937 725 2614 1006 725 937 1980 217 3085 797 1451 797 3085 217 865 2325 63 1813 2128 1813 63 2325 1171 352 1469 181 2697 352 181 1469 1605 157 181 1469 2697 157 1469 181 1605 696 1912 150 3273 150 1912 696 24 1134 2540 2951 2682 1134 2951 2540 65 2817 2514 3271 134 3271 2514 2817 81 3082 1438 1703 2068 3082 1703 1438 409 1741 2504 2159 1528 1741 2159 2504 2314 1178 2424 148 1595 1178 148 2424 3285 1653 2141 216 3108 1653 216 2141 1954 2260 1537 1161 2700 2260 1161 1537 454 887 1052 1145 1449 887 1145 1052 653 1861 276 730 309 1861 730 276 594 2041 1571 1456 2475 1456 1571 2041 888 3055 164 988 1137 988 164 3055 2235 3281 798 2914 1943 3281 2914 798 2868 2556 616 1859 1563 1859 616 2556 1731 2834 412 1567 1221 2834 1567 412 1684 3223 2140 2363 1555 3223 2363 2140 3063 2104 2363 2140 1555 2104 2140 2363 3063 663 2238 20 2299 663 20 2238 2970 1309 2442 1371 2259 1309 1371 2442 2988 1516 500 1666 1535 1516 1666 500 3163 2587 2721 1505 2531 2587 1505 2721 2824 334 2846 2290 376 2290 2846 334 73 1542 2881 3221 1212 1542 3221 2881 2415 2672 2636 350 1098 2672 350 2636 1639 2869 1880 1853 262 2869 1853 1880 1401 2300 2589 1389 531 2300 1389 2589 3143 1965 719 543 1025 543 719 1965 3011 2172 87 381 2402 381 87 2172 3205 225 2144 340 2568 225 340 2144 1518 657 1065 2093 1223 2093 1065 657 106 2046 2021 1897 1203 2046 1897 2021 1751 1364 920 900 762 1364 900 920 619 524 1396 947 2383 524 947 1396 2177 
        </DataArray>
        <DataArray type="Int32" Name="offsets" format="ascii">
          4 8 12 16 20 24 28 32 36 40 44 48 52 56 60 64 68 72 76 80 84 88 92 96 100 104 108 112 116 120 124 128 132 136 140 144 148 152 156 160 164 168 172 176 180 184 188 192 196 200 204 208 212 216 220 224 228 232 236 240 244 248 252 256 260 264 268 272 276 280 284 288 292 296 300 304 308 312 316 320 324 328 332 336 340 344 348 352 356 360 364 368 372 376 380 384 388 392 396 400 404 408 412 416 420 424 428 432 436 440 444 448 452 456 460 464 468 472 476 480 484 488 492 496 500 504 508 512 516 520 524 528 532 536 540 544 548 552 556 560 564 568 572 576 580 584 588 592 596 600 604 608 612 616 620 624 628 632 636 640 644 648 652 656 660 664 668 672 676 680 684 688 692 696 700 704 708 712 716 720 724 728 732 736 740 744 748 752 756 760 764 768 772 776 780 784 788 792 796 800 804 808 812 816 820 824 828 832 836 840 844 848 852 856 860 864 868 872 876 880 884 888 892 896 900 904 908 912 916 920 924 928 932 936 940 944 948 952 956 960 964 968 972 976 980 984 988 992 996 1000 1004 1008 1012 1016 1020 1024 1028 1032 1036 1040 1044 1048 1052 1056 1060 1064 1068 1072 1076 1080 1084 1088 1092 1096 1100 1104 1108 1112 1116 1120 1124 1128 1132 1136 1140 1144 1148 1152 1156 1160 1164 1168 1172 1176 1180 1184 1188 1192 1196 1200 1204 1208 1212 1216 1220 1224 1228 1232 1236 1240 1244 1248 1252 1256 1260 1264 1268 1272 1276 1280 1284 1288 1292 1296 1300 1304 1308 1312 1316 1320 1324 1328 1332 1336 1340 1344 1348 1352 1356 1360 1364 1368 1372 1376 1380 1384 1388 1392 1396 1400 1404 1408 1412 1416 1420 1424 1428 1432 1436 1440 1444 1448 1452 1456 1460 1464 1468 1472 1476 1480 1484 1488 1492 1496 1500 1504 1508 1512 1516 1520 1524 1528 1532 1536 1540 1544 1548 1552 1556 1560 1564 1568 1572 1576 1580 1584 1588 1592 1596 1600 1604 1608 1612 1616 1620 1624 1628 1632 1636 1640 1644 1648 1652 1656 1660 1664 1668 1672 1676 1680 1684 1688 1692 1696 1700 1704 1708 1712 1716 1720 1724 1728 1732 1736 1740 1744 1748 1752 1756 1760 1764 1768 1772 1776 1780 1784 1788 1792 1796 1800 1804 1808 1812 1816 1820 1824 1828 1832 1836 1840 1844 1848 1852 1856 1860 1864 1868 1872 1876 1880 1884 1888 1892 1896 1900 1904 1908 1912 1916 1920 1924 1928 1932 1936 1940 1944 1948 1952 1956 1960 1964 1968 1972 1976 1980 1984 1988 1992 1996 2000 2004 2008 2012 2016 2020 2024 2028 2032 2036 2040 2044 2048 2052 2056 2060 2064 2068 2072 2076 2080 2084 2088 2092 2096 2100 2104 2108 2112 2116 2120 2124 2128 2132 2136 2140 2144 2148 2152 2156 2160 2164 2168 2172 2176 2180 2184 2188 2192 2196 2200 2204 2208 2212 2216 2220 2224 2228 2232 2236 2240 2244 2248 2252 2256 2260 2264 2268 2272 2276 2280 2284 2288 2292 2296 2300 2304 2308 2312 2316 2320 2324 2328 2332 2336 2340 2344 2348 2352 2356 2360 2364 2368 2372 2376 2380 2384 2388 2392 2396 2400 2404 2408 2412 2416 2420 2424 2428 2432 2436 2440 2444 2448 2452 2456 2460 2464 2468 2472 2476 2480 2484 2488 2492 2496 2500 2504 2508 2512 2516 2520 2524 2528 2532 2536 2540 2544 2548 2552 2556 2560 2564 2568 2572 2576 2580 2584 2588 2592 2596 2600 2604 2608 2612 2616 2620 2624 2628 2632 2636 2640 2644 2648 2652 2656 2660 2664 2668 2672 2676 2680 2684 2688 2692 2696 2700 2704 2708 2712 2716 2720 2724 2728 2732 2736 2740 2744 2748 2752 2756 2760 2764 2768 2772 2776 2780 2784 2788 2792 2796 2800 2804 2808 2812 2816 2820 2824 2828 2832 2836 2840 2844 2848 2852 2856 2860 2864 2868 2872 2876 2880 2884 2888 2892 2896 2900 2904 2908 2912 2916 2920 2924 2928 2932 2936 2940 2944 2948 2952 2956 2960 2964 2968 2972 2976 2980 2984 2988 2992 2996 3000 3004 3008 3012 3016 3020 3024 3028 3032 3036 3040 3044 3048 3052 3056 3060 3064 3068 3072 3076 3080 3084 3088 3092 3096 3100 3104 3108 3112 3116 3120 3124 3128 3132 3136 3140 3144 3148 3152 3156 3160 3164 3168 3172 3176 3180 3184 3188 3192 3196 3200 3204 3208 3212 3216 3220 3224 3228 3232 3236 3240 3244 3248 3252 3256 3260 3264 3268 3272 3276 3280 3284 3288 3292 3296 3300 3304 3308 3312 3316 3320 3324 3328 3332 3336 3340 3344 3348 3352 3356 3360 3364 3368 3372 3376 3380 3384 3388 3392 3396 3400 3404 3408 3412 3416 3420 3424 3428 3432 3436 3440 3444 3448 3452 3456 3460 3464 3468 3472 3476 3480 3484 3488 3492 3496 3500 3504 3508 3512 3516 3520 3524 3528 3532 3536 3540 3544 3548 3552 3556 3560 3564 3568 3572 3576 3580 3584 3588 3592 3596 3600 3604 3608 3612 3616 3620 3624 3628 3632 3636 3640 3644 3648 3652 3656 3660 3664 3668 3672 3676 3680 3684 3688 3692 3696 3700 3704 3708 3712 3716 3720 3724 3728 3732 3736 3740 3744 3748 3752 3756 3760 3764 3768 3772 3776 3780 3784 3788 3792 3796 3800 3804 3808 3812 3816 3820 3824 3828 3832 3836 3840 3844 3848 3852 3856 3860 3864 3868 3872 3876 3880 3884 3888 3892 3896 3900 3904 3908 3912 3916 3920 3924 3928 3932 3936 3940 3944 3948 3952 3956 3960 3964 3968 3972 3976 3980 3984 3988 3992 3996 4000 4004 4008 4012 4016 4020 4024 4028 4032 4036 4040 4044 4048 4052 4056 4060 4064 4068 4072 4076 4080 4084 4088 4092 4096 4100 4104 4108 4112 4116 4120 4124 4128 4132 4136 4140 4144 4148 4152 4156 4160 4164 4168 4172 4176 4180 4184 4188 4192 4196 4200 4204 4208 4212 4216 4220 4224 4228 4232 4236 4240 4244 4248 4252 4256 4260 4264 4268 4272 4276 4280 4284 4288 4292 4296 4300 4304 4308 4312 4316 4320 4324 4328 4332 4336 4340 4344 4348 4352 4356 4360 4364 4368 4372 4376 4380 4384 4388 4392 4396 4400 4404 4408 4412 4416 4420 4424 4428 4432 4436 4440 4444 4448 4452 4456 4460 4464 4468 4472 4476 4480 4484 4488 4492 4496 4500 4504 4508 4512 4516 4520 4524 4528 4532 4536 4540 4544 4548 4552 4556 4560 4564 4568 4572 4576 4580 4584 4588 4592 4596 4600 4604 4608 4612 4616 4620 4624 4628 4632 4636 4640 4644 4648 4652 4656 4660 4664 4668 4672 4676 4680 4684 4688 4692 4696 4700 4704 4708 4712 4716 4720 4724 4728 4732 4736 4740 4744 4748 4752 4756 4760 4764 4768 4772 4776 4780 4784 4788 4792 4796 4800 4804 4808 4812 4816 4820 4824 4828 4832 4836 4840 4844 4848 4852 4856 4860 4864 4868 4872 4876 4880 4884 4888 4892 4896 4900 4904 4908 4912 4916 4920 4924 4928 4932 4936 4940 4944 4948 4952 4956 4960 4964 4968 4972 4976 4980 4984 4988 4992 4996 5000 5004 5008 5012 5016 5020 5024 5028 5032 5036 5040 5044 5048 5052 5056 5060 5064 5068 5072 5076 5080 5084 5088 5092 5096 5100 5104 5108 5112 5116 5120 5124 5128 5132 5136 5140 5144 5148 5152 5156 5160 5164 5168 5172 5176 5180 5184 5188 5192 5196 5200 5204 5208 5212 5216 5220 5224 5228 5232 5236 5240 5244 5248 5252 5256 5260 5264 5268 5272 5276 5280 5284 5288 5292 5296 5300 5304 5308 5312 5316 5320 5324 5328 5332 5336 5340 5344 5348 5352 5356 5360 5364 5368 5372 5376 5380 5384 5388 5392 5396 5400 5404 5408 5412 5416 5420 5424 5428 5432 5436 5440 5444 5448 5452 5456 5460 5464 5468 5472 5476 5480 5484 5488 5492 5496 5500 5504 5508 5512 5516 5520 5524 5528 5532 5536 5540 5544 5548 5552 5556 5560 5564 5568 5572 5576 5580 5584 5588 5592 5596 5600 5604 5608 5612 5616 5620 5624 5628 5632 5636 5640 5644 5648 5652 5656 5660 5664 5668 5672 5676 5680 5684 5688 5692 5696 5700 5704 5708 5712 5716 5720 5724 5728 5732 5736 5740 5744 5748 5752 5756 5760 5764 5768 5772 5776 5780 5784 5788 5792 5796 5800 5804 5808 5812 5816 5820 5824 5828 5832 5836 5840 5844 5848 5852 5856 5860 5864 5868 5872 5876 5880 5884 5888 5892 5896 5900 5904 5908 5912 5916 5920 5924 5928 5932 5936 5940 5944 5948 5952 5956 5960 5964 5968 5972 5976 5980 5984 5988 5992 5996 6000 6004 6008 6012 6016 6020 6024 6028 6032 6036 6040 6044 6048 6052 6056 6060 6064 6068 6072 6076 6080 6084 6088 6092 6096 6100 6104 6108 6112 6116 6120 6124 6128 6132 6136 6140 6144 6148 6152 6156 6160 6164 6168 6172 6176 6180 6184 6188 6192 6196 6200 6204 6208 6212 6216 6220 6224 6228 6232 6236 6240 6244 6248 6252 6256 6260 6264 6268 6272 6276 6280 6284 6288 6292 6296 6300 6304 6308 6312 6316 6320 6324 6328 6332 6336 6340 6344 6348 6352 6356 6360 6364 6368 6372 6376 6380 6384 6388 6392 6396 6400 6404 6408 6412 6416 6420 6424 6428 6432 6436 6440 6444 6448 6452 6456 6460 6464 6468 6472 6476 6480 6484 6488 6492 6496 6500 6504 6508 6512 6516 6520 6524 6528 6532 6536 6540 6544 6548 6552 6556 6560 6564 6568 6572 6576 6580 6584 6588 6592 6596 6600 6604 6608 6612 6616 6620 6624 6628 6632 6636 6640 6644 6648 6652 6656 6660 6664 6668 6672 6676 6680 6684 6688 6692 6696 6700 6704 6708 6712 6716 6720 6724 6728 6732 6736 6740 6744 6748 6752 6756 6760 6764 6768 6772 6776 6780 6784 6788 6792 6796 6800 6804 6808 6812 6816 6820 6824 6828 6832 6836 6840 6844 6848 6852 6856 6860 6864 6868 6872 6876 6880 6884 6888 6892 6896 6900 6904 6908 6912 6916 6920 6924 6928 6932 6936 6940 6944 6948 6952 6956 6960 6964 6968 6972 6976 6980 6984 6988 6992 6996 7000 7004 7008 7012 7016 7020 7024 7028 7032 7036 7040 7044 7048 7052 7056 7060 7064 7068 7072 7076 7080 7084 7088 7092 7096 7100 7104 7108 7112 7116 7120 7124 7128 7132 7136 7140 7144 7148 7152 7156 7160 7164 7168 7172 7176 7180 7184 7188 7192 7196 7200 7204 7208 7212 7216 7220 7224 7228 7232 7236 7240 7244 7248 7252 7256 7260 7264 7268 7272 7276 7280 7284 7288 7292 7296 7300 7304 7308 7312 7316 7320 7324 7328 7332 7336 7340 7344 7348 7352 7356 7360 7364 7368 7372 7376 7380 7384 7388 7392 7396 7400 7404 7408 7412 7416 7420 7424 7428 7432 7436 7440 7444 7448 7452 7456 7460 7464 7468 7472 7476 7480 7484 7488 7492 7496 7500 7504 7508 7512 7516 7520 7524 7528 7532 7536 7540 7544 7548 7552 7556 7560 7564 7568 7572 7576 7580 7584 7588 7592 7596 7600 7604 7608 7612 7616 7620 7624 7628 7632 7636 7640 7644 7648 7652 7656 7660 7664 7668 7672 7676 7680 7684 7688 7692 7696 7700 7704 7708 7712 7716 7720 7724 7728 7732 7736 7740 7744 7748 7752 7756 7760 7764 7768 7772 7776 7780 7784 7788 7792 7796 7800 7804 7808 7812 7816 7820 7824 7828 7832 7836 7840 7844 7848 7852 7856 7860 7864 7868 7872 7876 7880 7884 7888 7892 7896 7900 7904 7908 7912 7916 7920 7924 7928 7932 7936 7940 7944 7948 7952 7956 7960 7964 7968 7972 7976 7980 7984 7988 7992 7996 8000 8004 8008 8012 8016 8020 8024 8028 8032 8036 8040 8044 8048 8052 8056 8060 8064 8068 8072 8076 8080 8084 8088 8092 8096 8100 8104 8108 8112 8116 8120 8124 8128 8132 8136 8140 8144 8148 8152 8156 8160 8164 8168 8172 8176 8180 8184 8188 8192 8196 8200 8204 8208 8212 8216 8220 8224 8228 8232 8236 8240 8244 8248 8252 8256 8260 8264 8268 8272 8276 8280 8284 8288 8292 8296 8300 8304 8308 8312 8316 8320 8324 8328 8332 8336 8340 8344 8348 8352 8356 8360 8364 8368 8372 8376 8380 8384 8388 8392 8396 8400 8404 8408 8412 8416 8420 8424 8428 8432 8436 8440 8444 8448 8452 8456 8460 8464 8468 8472 8476 8480 8484 8488 8492 8496 8500 8504 8508 8512 8516 8520 8524 8528 8532 8536 8540 8544 8548 8552 8556 8560 8564 8568 8572 8576 8580 8584 8588 8592 8596 8600 8604 8608 8612 8616 8620 8624 8628 8632 8636 8640 8644 8648 8652 8656 8660 8664 8668 8672 8676 8680 8684 8688 8692 8696 8700 8704 8708 8712 8716 8720 8724 8728 8732 8736 8740 8744 8748 8752 8756 8760 8764 8768 8772 8776 8780 8784 8788 8792 8796 8800 8804 8808 8812 8816 8820 8824 8828 8832 8836 8840 8844 8848 8852 8856 8860 8864 8868 8872 8876 8880 8884 8888 8892 8896 8900 8904 8908 8912 8916 8920 8924 8928 8932 8936 8940 8944 8948 8952 8956 8960 8964 8968 8972 8976 8980 8984 8988 8992 8996 9000 9004 9008 9012 9016 9020 9024 9028 9032 9036 9040 9044 9048 9052 9056 9060 9064 9068 9072 9076 9080 9084 9088 9092 9096 9100 9104 9108 9112 9116 9120 9124 9128 9132 9136 9140 9144 9148 9152 9156 9160 9164 9168 9172 9176 9180 9184 9188 9192 9196 9200 9204 9208 9212 9216 9220 9224 9228 9232 9236 9240 9244 9248 9252 9256 9260 9264 9268 9272 9276 9280 9284 9288 9292 9296 9300 9304 9308 9312 9316 9320 9324 9328 9332 9336 9340 9344 9348 9352 9356 9360 9364 9368 9372 9376 9380 9384 9388 9392 9396 9400 9404 9408 9412 9416 9420 9424 9428 9432 9436 9440 9444 9448 9452 9456 9460 9464 9468 9472 9476 9480 9484 9488 9492 9496 9500 9504 9508 9512 9516 9520 9524 9528 9532 9536 9540 9544 9548 9552 9556 9560 9564 9568 9572 9576 9580 9584 9588 9592 9596 9600 9604 9608 9612 9616 9620 9624 9628 9632 9636 9640 9644 9648 9652 9656 9660 9664 9668 9672 9676 9680 9684 9688 9692 9696 9700 9704 9708 9712 9716 9720 9724 9728 9732 9736 9740 9744 9748 9752 9756 9760 9764 9768 9772 9776 9780 9784 9788 9792 9796 9800 9804 9808 9812 9816 9820 9824 9828 9832 9836 9840 9844 9848 9852 9856 9860 9864 9868 9872 9876 9880 9884 9888 9892 9896 9900 9904 9908 9912 9916 9920 9924 9928 9932 9936 9940 9944 9948 9952 9956 9960 9964 9968 9972 9976 9980 9984 9988 9992 9996 10000 10004 10008 10012 10016 10020 10024 10028 10032 10036 10040 10044 10048 10052 10056 10060 10064 10068 10072 10076 10080 10084 10088 10092 10096 10100 10104 10108 10112 10116 10120 10124 10128 10132 10136 10140 10144 10148 10152 10156 10160 10164 10168 10172 10176 10180 10184 10188 10192 10196 10200 10204 10208 10212 10216 10220 10224 10228 10232 10236 10240 10244 10248 10252 10256 10260 10264 10268 10272 10276 10280 10284 10288 10292 10296 10300 10304 10308 10312 10316 10320 10324 10328 10332 10336 10340 10344 10348 10352 10356 10360 10364 10368 10372 10376 10380 10384 10388 10392 10396 10400 10404 10408 10412 10416 10420 10424 10428 10432 10436 10440 10444 10448 10452 10456 10460 10464 10468 10472 10476 10480 10484 10488 10492 10496 10500 10504 10508 10512 10516 10520 10524 10528 10532 10536 10540 10544 10548 10552 10556 10560 10564 10568 10572 10576 10580 10584 10588 10592 10596 10600 10604 10608 10612 10616 10620 10624 10628 10632 10636 10640 10644 10648 10652 10656 10660 10664 10668 10672 10676 10680 10684 10688 10692 10696 10700 10704 10708 10712 10716 10720 10724 10728 10732 10736 10740 10744 10748 10752 10756 10760 10764 10768 10772 10776 10780 10784 10788 10792 10796 10800 10804 10808 10812 10816 10820 10824 10828 10832 10836 10840 10844 10848 10852 10856 10860 10864 10868 10872 10876 10880 10884 10888 10892 10896 10900 10904 10908 10912 10916 10920 10924 10928 10932 10936 10940 10944 10948 10952 10956 10960 10964 10968 10972 10976 10980 10984 10988 10992 10996 11000 11004 11008 11012 11016 11020 11024 11028 11032 11036 11040 11044 11048 11052 11056 11060 11064 11068 11072 11076 11080 11084 11088 11092 11096 11100 11104 11108 11112 11116 11120 11124 11128 11132 11136 11140 11144 11148 11152 11156 11160 11164 11168 11172 11176 11180 11184 11188 11192 11196 11200 11204 11208 11212 11216 11220 11224 11228 11232 11236 11240 11244 11248 11252 11256 11260 11264 11268 11272 11276 11280 11284 11288 11292 11296 11300 11304 11308 11312 11316 11320 11324 11328 11332 11336 11340 11344 11348 11352 11356 11360 11364 11368 11372 11376 11380 11384 11388 11392 11396 11400 11404 11408 11412 11416 11420 11424 11428 11432 11436 11440 11444 11448 11452 11456 11460 11464 11468 11472 11476 11480 11484 11488 11492 11496 11500 11504 11508 11512 11516 11520 11524 11528 11532 11536 11540 11544 11548 11552 11556 11560 11564 11568 11572 11576 11580 11584 11588 11592 11596 11600 11604 11608 11612 11616 11620 11624 11628 11632 11636 11640 11644 11648 11652 11656 11660 11664 11668 11672 11676 11680 11684 11688 11692 11696 11700 11704 11708 11712 11716 11720 11724 11728 11732 11736 11740 11744 11748 11752 11756 11760 11764 11768 11772 11776 11780 11784 11788 11792 11796 11800 11804 11808 11812 11816 11820 11824 11828 11832 11836 11840 11844 11848 11852 11856 11860 11864 11868 11872 11876 11880 11884 11888 11892 11896 11900 11904 11908 11912 11916 11920 11924 11928 11932 11936 11940 11944 11948 11952 11956 11960 11964 11968 11972 11976 11980 11984 11988 11992 11996 12000 12004 12008 12012 12016 12020 12024 12028 12032 12036 12040 12044 12048 12052 12056 12060 12064 12068 12072 12076 12080 12084 12088 12092 12096 12100 12104 12108 12112 12116 12120 12124 12128 12132 12136 12140 12144 12148 12152 12156 12160 12164 12168 12172 12176 12180 12184 12188 12192 12196 12200 12204 12208 12212 12216 12220 12224 12228 12232 12236 12240 12244 12248 12252 12256 12260 12264 12268 12272 12276 12280 12284 12288 12292 12296 12300 12304 12308 12312 12316 12320 12324 12328 12332 12336 12340 12344 12348 12352 12356 12360 12364 12368 12372 12376 12380 12384 12388 12392 12396 12400 12404 12408 12412 12416 12420 12424 12428 12432 12436 12440 12444 12448 12452 12456 12460 12464 12468 12472 12476 12480 12484 12488 12492 12496 12500 12504 12508 12512 12516 12520 12524 12528 12532 12536 12540 12544 12548 12552 12556 12560 12564 12568 12572 12576 12580 12584 12588 12592 12596 12600 12604 12608 12612 12616 12620 12624 12628 12632 12636 12640 12644 12648 12652 12656 12660 12664 12668 12672 12676 12680 12684 12688 12692 12696 12700 12704 12708 12712 12716 12720 12724 12728 12732 12736 12740 12744 12748 12752 12756 12760 12764 12768 12772 12776 12780 12784 12788 12792 12796 12800 12804 12808 12812 12816 12820 12824 12828 12832 12836 12840 12844 12848 12852 12856 12860 12864 12868 12872 12876 12880 12884 12888 12892 12896 12900 12904 12908 12912 12916 12920 12924 12928 12932 12936 12940 12944 12948 12952 12956 12960 12964 12968 12972 12976 12980 12984 12988 12992 12996 13000 13004 13008 13012 13016 13020 13024 13028 13032 13036 13040 13044 13048 13052 13056 13060 13064 13068 13072 13076 13080 13084 13088 13092 13096 13100 13104 13108 13112 13116 13120 13124 13128 13132 13136 13140 13144 13148 13152 13156 13160 13164 13168 13172 13176 13180 13184 13188 13192 13196 13200 13204 13208 13212 13216 13220 13224 13228 13232 13236 13240 13244 13248 13252 13256 13260 13264 13268 13272 13276 13280 13284 13288 13292 13296 13300 13304 13308 13312 13316 13320 13324 13328 13332 13336 13340 13344 13348 13352 13356 13360 13364 13368 13372 13376 13380 13384 13388 13392 13396 13400 13404 13408 13412 13416 13420 13424 13428 13432 13436 13440 13444 13448 13452 13456 13460 13464 13468 13472 13476 13480 13484 13488 13492 13496 13500 13504 13508 13512 13516 13520 13524 13528 13532 13536 13540 13544 13548 13552 13556 13560 13564 13568 13572 13576 13580 13584 13588 13592 13596 13600 13604 13608 13612 13616 13620 13624 13628 13632 13636 13640 13644 13648 13652 13656 13660 13664 13668 13672 13676 13680 13684 13688 13692 13696 13700 13704 13708 13712 13716 13720 13724 13728 13732 13736 13740 13744 13748 13752 13756 13760 13764 13768 13772 13776 13780 13784 13788 13792 13796 13800 13804 13808 13812 13816 13820 13824 13828 13832 13836 13840 13844 13848 13852 13856 13860 13864 13868 13872 13876 13880 13884 13888 13892 13896 13900 13904 13908 13912 13916 13920 13924 13928 13932 13936 13940 13944 13948 13952 13956 13960 13964 13968 13972 13976 13980 13984 13988 13992 13996 14000 14004 14008 14012 14016 14020 14024 14028 14032 14036 14040 14044 14048 14052 14056 14060 14064 14068 14072 14076 14080 14084 14088 14092 14096 14100 14104 14108 14112 14116 14120 14124 14128 14132 14136 14140 14144 14148 14152 14156 14160 14164 14168 14172 14176 14180 14184 14188 14192 14196 14200 14204 14208 14212 14216 14220 14224 14228 14232 14236 14240 14244 14248 14252 14256 14260 14264 14268 14272 14276 14280 14284 14288 14292 14296 14300 14304 14308 14312 14316 14320 14324 14328 14332 14336 14340 14344 14348 14352 14356 14360 14364 14368 14372 14376 14380 14384 14388 14392 14396 14400 14404 14408 14412 14416 14420 14424 14428 14432 14436 14440 14444 14448 14452 14456 14460 14464 14468 14472 14476 14480 14484 14488 14492 14496 14500 14504 14508 14512 14516 14520 14524 14528 14532 14536 14540 14544 14548 14552 14556 14560 14564 14568 14572 14576 14580 14584 14588 14592 14596 14600 14604 14608 14612 14616 14620 14624 14628 14632 14636 14640 14644 14648 14652 14656 14660 14664 14668 14672 14676 14680 14684 14688 14692 14696 14700 14704 14708 14712 14716 14720 14724 14728 14732 14736 14740 14744 14748 14752 14756 14760 14764 14768 14772 14776 14780 14784 14788 14792 14796 14800 14804 14808 14812 14816 14820 14824 14828 14832 14836 14840 14844 14848 14852 14856 14860 14864 14868 14872 14876 14880 14884 14888 14892 14896 14900 14904 14908 14912 14916 14920 14924 14928 14932 14936 14940 14944 14948 14952 14956 14960 14964 14968 14972 14976 14980 14984 14988 14992 14996 15000 15004 15008 15012 15016 15020 15024 15028 15032 15036 15040 15044 15048 15052 15056 15060 15064 15068 15072 15076 15080 15084 15088 15092 15096 15100 15104 15108 15112 15116 15120 15124 15128 15132 15136 15140 15144 15148 15152 15156 15160 15164 15168 15172 15176 15180 15184 15188 15192 15196 15200 15204 15208 15212 15216 15220 15224 15228 15232 15236 15240 15244 15248 15252 15256 15260 15264 15268 15272 15276 15280 15284 15288 15292 15296 15300 15304 15308 15312 15316 15320 15324 15328 15332 15336 15340 15344 15348 15352 15356 15360 15364 15368 15372 15376 15380 15384 15388 15392 15396 15400 15404 15408 15412 15416 15420 15424 15428 15432 15436 15440 15444 15448 15452 15456 15460 15464 15468 15472 15476 15480 15484 15488 15492 15496 15500 15504 15508 15512 15516 15520 15524 15528 15532 15536 15540 15544 15548 15552 15556 15560 15564 15568 15572 15576 15580 15584 15588 15592 15596 15600 15604 15608 15612 15616 15620 15624 15628 15632 15636 15640 15644 15648 15652 15656 15660 15664 15668 15672 15676 15680 15684 15688 15692 15696 15700 15704 15708 15712 15716 15720 15724 15728 15732 15736 15740 15744 15748 15752 15756 15760 15764 15768 15772 15776 15780 15784 15788 15792 15796 15800 15804 15808 15812 15816 15820 15824 15828 15832 15836 15840 15844 15848 15852 15856 15860 15864 15868 15872 15876 15880 15884 15888 15892 15896 15900 15904 15908 15912 15916 15920 15924 15928 15932 15936 15940 15944 15948 15952 15956 15960 15964 15968 15972 15976 15980 15984 15988 15992 15996 16000 16004 16008 16012 16016 16020 16024 16028 16032 16036 16040 16044 16048 16052 16056 16060 16064 16068 16072 16076 16080 16084 16088 16092 16096 16100 16104 16108 16112 16116 16120 16124 16128 16132 16136 16140 16144 16148 16152 16156 16160 16164 16168 16172 16176 16180 16184 16188 16192 16196 16200 16204 16208 16212 16216 16220 16224 16228 16232 16236 16240 16244 16248 16252 16256 16260 16264 16268 16272 16276 16280 16284 16288 16292 16296 16300 16304 16308 16312 16316 16320 16324 16328 16332 16336 16340 16344 16348 16352 16356 16360 16364 16368 16372 16376 16380 16384 16388 16392 16396 16400 16404 16408 16412 16416 16420 16424 16428 16432 16436 16440 16444 16448 16452 16456 16460 16464 16468 16472 16476 16480 16484 16488 16492 16496 16500 16504 16508 16512 16516 16520 16524 16528 16532 16536 16540 16544 16548 16552 16556 16560 16564 16568 16572 16576 16580 16584 16588 16592 16596 16600 16604 16608 16612 16616 16620 16624 16628 16632 16636 16640 16644 16648 16652 16656 16660 16664 16668 16672 16676 16680 16684 16688 16692 16696 16700 16704 16708 16712 16716 16720 16724 16728 16732 16736 16740 16744 16748 16752 16756 16760 16764 16768 16772 16776 16780 16784 16788 16792 16796 16800 16804 16808 16812 16816 16820 16824 16828 16832 16836 16840 16844 16848 16852 16856 16860 16864 16868 16872 16876 16880 16884 16888 16892 16896 16900 16904 16908 16912 16916 16920 16924 16928 16932 16936 16940 16944 16948 16952 16956 16960 16964 16968 16972 16976 16980 16984 16988 16992 16996 17000 17004 17008 17012 17016 17020 17024 17028 17032 17036 17040 17044 17048 17052 17056 17060 17064 17068 17072 17076 17080 17084 17088 17092 17096 17100 17104 17108 17112 17116 17120 17124 17128 17132 17136 17140 17144 17148 17152 17156 17160 17164 17168 17172 17176 17180 17184 17188 17192 17196 17200 17204 17208 17212 17216 17220 17224 17228 17232 17236 17240 17244 17248 17252 17256 17260 17264 17268 17272 17276 17280 17284 17288 17292 17296 17300 17304 17308 17312 17316 17320 17324 17328 17332 17336 17340 17344 17348 17352 17356 17360 17364 17368 17372 17376 17380 17384 17388 17392 17396 17400 17404 17408 17412 17416 17420 17424 17428 17432 17436 17440 17444 17448 17452 17456 17460 17464 17468 17472 17476 17480 17484 17488 17492 17496 17500 17504 17508 17512 17516 17520 17524 17528 17532 17536 17540 17544 17548 17552 17556 17560 17564 17568 17572 17576 17580 17584 17588 17592 17596 17600 17604 17608 17612 17616 17620 17624 17628 17632 17636 17640 17644 17648 17652 17656 17660 17664 17668 17672 17676 17680 17684 17688 17692 17696 17700 17704 17708 17712 17716 17720 17724 17728 17732 17736 17740 17744 17748 17752 17756 17760 17764 17768 17772 17776 17780 17784 17788 17792 17796 17800 17804 17808 17812 17816 17820 17824 17828 17832 17836 17840 17844 17848 17852 17856 17860 17864 17868 17872 17876 17880 17884 17888 17892 17896 17900 17904 17908 17912 17916 17920 17924 17928 17932 17936 17940 17944 17948 17952 17956 17960 17964 17968 17972 17976 17980 17984 17988 17992 17996 18000 18004 18008 18012 18016 18020 18024 18028 18032 18036 18040 18044 18048 18052 18056 18060 18064 18068 18072 18076 18080 18084 18088 18092 18096 18100 18104 18108 18112 18116 18120 18124 18128 18132 18136 18140 18144 18148 18152 18156 18160 18164 18168 18172 18176 18180 18184 18188 18192 18196 18200 18204 18208 18212 18216 18220 18224 18228 18232 18236 18240 18244 18248 18252 18256 18260 18264 18268 18272 18276 18280 18284 18288 18292 18296 18300 18304 18308 18312 18316 18320 18324 18328 18332 18336 18340 18344 18348 18352 18356 18360 18364 18368 18372 18376 18380 18384 18388 18392 18396 18400 18404 18408 18412 18416 18420 18424 18428 18432 18436 18440 18444 18448 18452 18456 18460 18464 18468 18472 18476 18480 18484 18488 18492 18496 18500 18504 18508 18512 18516 18520 18524 18528 18532 18536 18540 18544 18548 18552 18556 18560 18564 18568 18572 18576 18580 18584 18588 18592 18596 18600 18604 18608 18612 18616 18620 18624 18628 18632 18636 18640 18644 18648 18652 18656 18660 18664 18668 18672 18676 18680 18684 18688 18692 18696 18700 18704 18708 18712 18716 18720 18724 18728 18732 18736 18740 18744 18748 18752 18756 18760 18764 18768 18772 18776 18780 18784 18788 18792 18796 18800 18804 18808 18812 18816 18820 18824 18828 18832 18836 18840 18844 18848 18852 18856 18860 18864 18868 18872 18876 18880 18884 18888 18892 18896 18900 18904 18908 18912 18916 18920 18924 18928 18932 18936 18940 18944 18948 18952 18956 18960 18964 18968 18972 18976 18980 18984 18988 18992 18996 19000 19004 19008 19012 19016 19020 19024 19028 19032 19036 19040 19044 19048 19052 19056 19060 19064 19068 19072 19076 19080 19084 19088 19092 19096 19100 19104 19108 19112 19116 19120 19124 19128 19132 19136 19140 19144 19148 19152 19156 19160 19164 19168 19172 19176 19180 19184 19188 19192 19196 19200 19204 19208 19212 19216 19220 19224 19228 19232 19236 19240 19244 19248 19252 19256 19260 19264 19268 19272 19276 19280 19284 19288 19292 19296 19300 19304 19308 19312 19316 19320 19324 19328 19332 19336 19340 19344 19348 19352 19356 19360 19364 19368 19372 19376 19380 19384 19388 19392 19396 19400 19404 19408 19412 19416 19420 19424 19428 19432 19436 19440 19444 19448 19452 19456 19460 19464 19468 19472 19476 19480 19484 19488 19492 19496 19500 19504 19508 19512 19516 19520 19524 19528 19532 19536 19540 19544 19548 19552 19556 19560 19564 19568 19572 19576 19580 19584 19588 19592 19596 19600 19604 19608 19612 19616 19620 19624 19628 19632 19636 19640 19644 19648 19652 19656 19660 19664 19668 19672 19676 19680 19684 19688 19692 19696 19700 19704 19708 19712 19716 19720 19724 19728 19732 19736 19740 19744 19748 19752 19756 19760 19764 19768 19772 19776 19780 19784 19788 19792 19796 19800 19804 19808 19812 19816 19820 19824 19828 19832 19836 19840 19844 19848 19852 19856 19860 19864 19868 19872 19876 19880 19884 19888 19892 19896 19900 19904 19908 19912 19916 19920 19924 19928 19932 19936 19940 19944 19948 19952 19956 19960 19964 19968 19972 19976 19980 19984 19988 19992 19996 20000 20004 20008 20012 20016 20020 20024 20028 20032 20036 20040 20044 20048 20052 20056 20060 20064 20068 20072 20076 20080 20084 20088 20092 20096 20100 20104 20108 20112 20116 20120 20124 20128 20132 20136 20140 20144 20148 20152 20156 20160 20164 20168 20172 20176 20180 20184 20188 20192 20196 20200 20204 20208 20212 20216 20220 20224 20228 20232 20236 20240 20244 20248 20252 20256 20260 20264 20268 20272 20276 20280 20284 20288 20292 20296 20300 20304 20308 20312 20316 20320 20324 20328 20332 20336 20340 20344 20348 20352 20356 20360 20364 20368 20372 20376 20380 20384 20388 20392 20396 20400 20404 20408 20412 20416 20420 20424 20428 20432 20436 20440 20444 20448 20452 20456 20460 20464 20468 20472 20476 20480 20484 20488 20492 20496 20500 20504 20508 20512 20516 20520 20524 20528 20532 20536 20540 20544 20548 20552 20556 20560 20564 20568 20572 20576 20580 20584 20588 20592 20596 20600 20604 20608 20612 20616 20620 20624 20628 20632 20636 20640 20644 20648 20652 20656 20660 20664 20668 20672 20676 20680 20684 20688 20692 20696 20700 20704 20708 20712 20716 20720 20724 20728 20732 20736 20740 20744 20748 20752 20756 20760 20764 20768 20772 20776 20780 20784 20788 20792 20796 20800 20804 20808 20812 20816 20820 20824 20828 20832 20836 20840 20844 20848 20852 20856 20860 20864 20868 20872 20876 20880 20884 20888 20892 20896 20900 20904 20908 20912 20916 20920 20924 20928 20932 20936 20940 20944 20948 20952 20956 20960 20964 20968 20972 20976 20980 20984 20988 20992 20996 21000 21004 21008 21012 21016 21020 21024 21028 21032 21036 21040 21044 21048 21052 21056 21060 21064 21068 21072 21076 21080 21084 21088 21092 21096 21100 21104 21108 21112 21116 21120 21124 21128 21132 21136 21140 21144 21148 21152 21156 21160 21164 21168 21172 21176 21180 21184 21188 21192 21196 21200 21204 21208 21212 21216 21220 21224 21228 21232 21236 21240 21244 21248 21252 21256 21260 21264 21268 21272 21276 21280 21284 21288 21292 21296 21300 21304 21308 21312 21316 21320 21324 21328 21332 21336 21340 21344 21348 21352 21356 21360 21364 21368 21372 21376 21380 21384 21388 21392 21396 21400 21404 21408 21412 21416 21420 21424 21428 21432 21436 21440 21444 21448 21452 21456 21460 21464 21468 21472 21476 21480 21484 21488 21492 21496 21500 21504 21508 21512 21516 21520 21524 21528 21532 21536 21540 21544 21548 21552 21556 21560 21564 21568 21572 21576 21580 21584 21588 21592 21596 21600 21604 21608 21612 21616 21620 21624 21628 21632 21636 21640 21644 21648 21652 21656 21660 21664 21668 21672 21676 21680 21684 21688 21692 21696 21700 21704 21708 21712 21716 21720 21724 21728 21732 21736 21740 21744 21748 21752 21756 21760 21764 21768 21772 21776 21780 21784 21788 21792 21796 21800 21804 21808 21812 21816 21820 21824 21828 21832 21836 21840 21844 21848 21852 21856 21860 21864 21868 21872 21876 21880 21884 21888 21892 21896 21900 21904 21908 21912 21916 21920 21924 21928 21932 21936 21940 21944 21948 21952 21956 21960 21964 21968 21972 21976 21980 21984 21988 21992 21996 22000 22004 22008 22012 22016 22020 22024 22028 22032 22036 22040 22044 22048 22052 22056 22060 22064 22068 22072 22076 22080 22084 22088 22092 22096 22100 22104 22108 22112 22116 22120 22124 22128 22132 22136 22140 22144 22148 22152 22156 22160 22164 22168 22172 22176 22180 22184 22188 22192 22196 22200 22204 22208 22212 22216 22220 22224 22228 22232 22236 22240 22244 22248 22252 22256 22260 22264 22268 22272 22276 22280 22284 22288 22292 22296 22300 22304 22308 22312 22316 22320 22324 22328 22332 22336 22340 22344 22348 22352 22356 22360 22364 22368 22372 22376 22380 22384 22388 22392 22396 22400 22404 22408 22412 22416 22420 22424 22428 22432 22436 22440 22444 22448 22452 22456 22460 22464 22468 22472 22476 22480 22484 22488 22492 22496 22500 22504 22508 22512 22516 22520 22524 22528 22532 22536 22540 22544 22548 22552 22556 22560 22564 22568 22572 22576 22580 22584 22588 22592 22596 22600 22604 22608 22612 22616 22620 22624 22628 22632 22636 22640 22644 22648 22652 22656 22660 22664 22668 22672 22676 22680 22684 22688 22692 22696 22700 22704 22708 22712 22716 22720 22724 22728 22732 22736 22740 22744 22748 22752 22756 22760 22764 22768 22772 22776 22780 22784 22788 22792 22796 22800 22804 22808 22812 22816 22820 22824 22828 22832 22836 22840 22844 22848 22852 22856 22860 22864 22868 22872 22876 22880 22884 22888 22892 22896 22900 22904 22908 22912 22916 22920 22924 22928 22932 22936 22940 22944 22948 22952 22956 22960 22964 22968 22972 22976 22980 22984 22988 22992 22996 23000 23004 23008 23012 23016 23020 23024 23028 23032 23036 23040 23044 23048 23052 23056 23060 23064 23068 23072 23076 23080 23084 23088 23092 23096 23100 23104 23108 23112 23116 23120 23124 23128 23132 23136 23140 23144 23148 23152 23156 23160 23164 23168 23172 23176 23180 23184 23188 23192 23196 23200 23204 23208 23212 23216 23220 23224 23228 23232 23236 23240 23244 23248 23252 23256 23260 23264 23268 23272 23276 23280 23284 23288 23292 23296 23300 23304 23308 23312 23316 23320 23324 23328 23332 23336 23340 23344 23348 23352 23356 23360 23364 23368 23372 23376 23380 23384 23388 23392 23396 23400 23404 23408 23412 23416 23420 23424 23428 23432 23436 23440 23444 23448 23452 23456 23460 23464 23468 23472 23476 23480 23484 23488 23492 23496 23500 23504 23508 23512 23516 23520 23524 23528 23532 23536 23540 23544 23548 23552 23556 23560 23564 23568 23572 23576 23580 23584 23588 23592 23596 23600 23604 23608 23612 23616 23620 23624 23628 23632 23636 23640 23644 23648 23652 23656 23660 23664 23668 23672 23676 23680 23684 23688 23692 23696 23700 23704 23708 23712 23716 23720 23724 23728 23732 23736 23740 23744 23748 23752 23756 23760 23764 23768 23772 23776 23780 23784 23788 23792 23796 23800 23804 23808 23812 23816 23820 23824 23828 23832 23836 23840 23844 23848 23852 23856 23860 23864 23868 23872 23876 23880 23884 23888 23892 23896 23900 23904 23908 23912 23916 23920 23924 23928 23932 23936 23940 23944 23948 23952 23956 23960 23964 23968 23972 23976 23980 23984 23988 23992 23996 24000 24004 24008 24012 24016 24020 24024 24028 24032 24036 24040 24044 24048 24052 24056 24060 24064 24068 24072 24076 24080 24084 24088 24092 24096 24100 24104 24108 24112 24116 24120 24124 24128 24132 24136 24140 24144 24148 24152 24156 24160 24164 24168 24172 24176 24180 24184 24188 24192 24196 24200 24204 24208 24212 24216 24220 24224 24228 24232 24236 24240 24244 24248 24252 24256 24260 24264 24268 24272 24276 24280 24284 24288 24292 24296 24300 24304 24308 24312 24316 24320 24324 24328 24332 24336 24340 24344 24348 24352 24356 24360 24364 24368 24372 24376 24380 24384 24388 24392 24396 24400 24404 24408 24412 24416 24420 24424 24428 24432 24436 24440 24444 24448 24452 24456 24460 24464 24468 24472 24476 24480 24484 24488 24492 24496 24500 24504 24508 24512 24516 24520 24524 24528 24532 24536 24540 24544 24548 24552 24556 24560 24564 24568 24572 24576 24580 24584 24588 24592 24596 24600 24604 24608 24612 24616 24620 24624 24628 24632 24636 24640 24644 24648 24652 24656 24660 24664 24668 24672 24676 24680 24684 24688 24692 24696 24700 24704 24708 24712 24716 24720 24724 24728 24732 24736 24740 24744 24748 24752 24756 24760 24764 24768 24772 24776 24780 24784 24788 24792 24796 24800 24804 24808 24812 24816 24820 24824 24828 24832 24836 24840 24844 24848 24852 24856 24860 24864 24868 24872 24876 24880 24884 24888 24892 24896 24900 24904 24908 24912 24916 24920 24924 24928 24932 24936 24940 24944 24948 24952 24956 24960 24964 24968 24972 24976 24980 24984 24988 24992 24996 25000 25004 25008 25012 25016 25020 25024 25028 25032 25036 25040 25044 25048 25052 25056 25060 25064 25068 25072 25076 25080 25084 25088 25092 25096 25100 25104 25108 25112 25116 25120 25124 25128 25132 25136 25140 25144 25148 25152 25156 25160 25164 25168 25172 25176 25180 25184 25188 25192 25196 25200 25204 25208 25212 25216 25220 25224 25228 25232 25236 25240 25244 25248 25252 25256 25260 25264 25268 25272 25276 25280 25284 25288 25292 25296 25300 25304 25308 25312 25316 25320 25324 25328 25332 25336 25340 25344 25348 25352 25356 25360 25364 25368 25372 25376 25380 25384 25388 25392 25396 25400 25404 25408 25412 25416 25420 25424 25428 25432 25436 25440 25444 25448 25452 25456 25460 25464 25468 25472 25476 25480 25484 25488 25492 25496 25500 25504 25508 25512 25516 25520 25524 25528 25532 25536 25540 25544 25548 25552 25556 25560 25564 25568 25572 25576 25580 25584 25588 25592 25596 25600 25604 25608 25612 25616 25620 25624 25628 25632 25636 25640 25644 25648 25652 25656 25660 25664 25668 25672 25676 25680 25684 25688 25692 25696 25700 25704 25708 25712 25716 25720 25724 25728 25732 25736 25740 25744 25748 25752 25756 25760 25764 25768 25772 25776 25780 25784 25788 25792 25796 25800 25804 25808 25812 25816 25820 25824 25828 25832 25836 25840 25844 25848 25852 25856 25860 25864 25868 25872 25876 25880 25884 25888 25892 25896 25900 25904 25908 25912 25916 25920 25924 25928 25932 25936 25940 25944 25948 25952 25956 25960 25964 25968 25972 25976 25980 25984 25988 25992 25996 26000 26004 26008 26012 26016 26020 26024 26028 26032 26036 26040 26044 26048 26052 26056 26060 26064 26068 26072 26076 26080 26084 26088 26092 26096 26100 26104 26108 26112 26116 26120 26124 26128 26132 26136 26140 26144 26148 26152 26156 26160 26164 26168 26172 26176 26180 26184 26188 26192 26196 26200 26204 26208 26212 26216 26220 26224 26228 26232 26236 26240 26244 26248 26252 26256 26260 26264 26268 26272 26276 26280 26284 26288 26292 26296 26300 26304 26308 26312 26316 26320 26324 26328 26332 26336 26340 26344 26348 26352 26356 26360 26364 26368 26372 26376 26380 26384 26388 26392 26396 26400 26404 26408 26412 26416 26420 26424 26428 26432 26436 26440 26444 26448 26452 26456 26460 26464 26468 26472 26476 26480 26484 26488 26492 26496 26500 26504 26508 26512 26516 26520 26524 26528 26532 26536 26540 26544 26548 26552 26556 26560 26564 26568 26572 26576 26580 26584 26588 26592 26596 26600 26604 26608 26612 26616 26620 26624 26628 26632 26636 26640 26644 26648 26652 26656 26660 26664 26668 26672 26676 26680 26684 26688 26692 26696 26700 26704 26708 26712 26716 26720 26724 26728 26732 26736 26740 26744 26748 26752 26756 26760 26764 26768 26772 26776 26780 26784 26788 26792 26796 26800 26804 26808 26812 26816 26820 26824 26828 26832 26836 26840 26844 26848 26852 26856 26860 26864 26868 26872 26876 26880 26884 26888 26892 26896 26900 26904 26908 26912 26916 26920 26924 26928 26932 26936 26940 26944 26948 26952 26956 26960 26964 26968 26972 26976 26980 26984 26988 26992 26996 27000 27004 27008 27012 27016 27020 27024 27028 27032 27036 27040 27044 27048 27052 27056 27060 27064 27068 27072 27076 27080 27084 27088 27092 27096 27100 27104 27108 27112 27116 27120 27124 27128 27132 27136 27140 27144 27148 27152 27156 27160 27164 27168 27172 27176 27180 27184 27188 27192 27196 27200 27204 27208 27212 27216 27220 27224 27228 27232 27236 27240 27244 27248 27252 27256 27260 27264 27268 27272 27276 27280 27284 27288 27292 27296 27300 27304 27308 27312 27316 27320 27324 27328 27332 27336 27340 27344 27348 27352 27356 27360 27364 27368 27372 27376 27380 27384 27388 27392 27396 27400 27404 27408 27412 27416 27420 27424 27428 27432 27436 27440 27444 27448 27452 27456 27460 27464 27468 27472 27476 27480 27484 27488 27492 27496 27500 27504 27508 27512 27516 27520 27524 27528 27532 27536 27540 27544 27548 27552 27556 27560 27564 27568 27572 27576 27580 27584 27588 27592 27596 27600 27604 27608 27612 27616 27620 27624 27628 27632 27636 27640 27644 27648 27652 27656 27660 27664 27668 27672 27676 27680 27684 27688 27692 27696 27700 27704 27708 27712 27716 27720 27724 27728 27732 27736 27740 27744 27748 27752 27756 27760 27764 27768 27772 27776 27780 27784 27788 27792 27796 27800 27804 27808 27812 27816 27820 27824 27828 27832 27836 27840 27844 27848 27852 27856 27860 27864 27868 27872 27876 27880 27884 27888 27892 27896 27900 27904 27908 27912 27916 27920 27924 27928 27932 27936 27940 27944 27948 27952 27956 27960 27964 27968 27972 27976 27980 27984 27988 27992 27996 28000 28004 28008 28012 28016 28020 28024 28028 28032 28036 28040 28044 28048 28052 28056 28060 28064 28068 28072 28076 28080 28084 28088 28092 28096 28100 28104 28108 28112 28116 28120 28124 28128 28132 28136 28140 28144 28148 28152 28156 28160 28164 28168 28172 28176 28180 28184 28188 28192 28196 28200 28204 28208 28212 28216 28220 28224 28228 28232 28236 28240 28244 28248 28252 28256 28260 28264 28268 28272 28276 28280 28284 28288 28292 28296 28300 28304 28308 28312 28316 28320 28324 28328 28332 28336 28340 28344 28348 28352 28356 28360 28364 28368 28372 28376 28380 28384 28388 28392 28396 28400 28404 28408 28412 28416 28420 28424 28428 28432 28436 28440 28444 28448 28452 28456 28460 28464 28468 28472 28476 28480 28484 28488 28492 28496 28500 28504 28508 28512 28516 28520 28524 28528 28532 28536 28540 28544 28548 28552 28556 28560 28564 28568 28572 28576 28580 28584 28588 28592 28596 28600 28604 28608 28612 28616 28620 28624 28628 28632 28636 28640 28644 28648 28652 28656 28660 28664 28668 28672 28676 28680 28684 28688 28692 28696 28700 28704 28708 28712 28716 28720 28724 28728 28732 28736 28740 28744 28748 28752 28756 28760 28764 28768 28772 28776 28780 28784 28788 28792 28796 28800 28804 28808 28812 28816 28820 28824 28828 28832 28836 28840 28844 28848 28852 28856 28860 28864 28868 28872 28876 28880 28884 28888 28892 28896 28900 28904 28908 28912 28916 28920 28924 28928 28932 28936 28940 28944 28948 28952 28956 28960 28964 28968 28972 28976 28980 28984 28988 28992 28996 29000 29004 29008 29012 29016 29020 29024 29028 29032 29036 29040 29044 29048 29052 29056 29060 29064 29068 29072 29076 29080 29084 29088 29092 29096 29100 29104 29108 29112 29116 29120 29124 29128 29132 29136 29140 29144 29148 29152 29156 29160 29164 29168 29172 29176 29180 29184 29188 29192 29196 29200 29204 29208 29212 29216 29220 29224 29228 29232 29236 29240 29244 29248 29252 29256 29260 29264 29268 29272 29276 29280 29284 29288 29292 29296 29300 29304 29308 29312 29316 29320 29324 29328 29332 29336 29340 29344 29348 29352 29356 29360 29364 29368 29372 29376 29380 29384 29388 29392 29396 29400 29404 29408 29412 29416 29420 29424 29428 29432 29436 29440 29444 29448 29452 29456 29460 29464 29468 29472 29476 29480 29484 29488 29492 29496 29500 29504 29508 29512 29516 29520 29524 29528 29532 29536 29540 29544 29548 29552 29556 29560 29564 29568 29572 29576 29580 29584 29588 29592 29596 29600 29604 29608 29612 29616 29620 29624 29628 29632 29636 29640 29644 29648 29652 29656 29660 29664 29668 29672 29676 29680 29684 29688 29692 29696 29700 29704 29708 29712 29716 29720 29724 29728 29732 29736 29740 29744 29748 29752 29756 29760 29764 29768 29772 29776 29780 29784 29788 29792 29796 29800 29804 29808 29812 29816 29820 29824 29828 29832 29836 29840 29844 29848 29852 29856 29860 29864 29868 29872 29876 29880 29884 29888 29892 29896 29900 29904 29908 29912 29916 29920 29924 29928 29932 29936 29940 29944 29948 29952 29956 29960 29964 29968 29972 29976 29980 29984 29988 29992 29996 30000 30004 30008 30012 30016 30020 30024 30028 30032 30036 30040 30044 30048 30052 30056 30060 30064 30068 30072 30076 30080 30084 30088 30092 30096 30100 30104 30108 30112 30116 30120 30124 30128 30132 30136 30140 30144 30148 30152 30156 30160 30164 30168 30172 30176 30180 30184 30188 30192 30196 30200 30204 30208 30212 30216 30220 30224 30228 30232 30236 30240 30244 30248 30252 30256 30260 30264 30268 30272 30276 30280 30284 30288 30292 30296 30300 30304 30308 30312 30316 30320 30324 30328 30332 30336 30340 30344 30348 30352 30356 30360 30364 30368 30372 30376 30380 30384 30388 30392 30396 30400 30404 30408 30412 30416 30420 30424 30428 30432 30436 30440 30444 30448 30452 30456 30460 30464 30468 30472 30476 30480 30484 30488 30492 30496 30500 30504 30508 30512 30516 30520 30524 30528 30532 30536 30540 30544 30548 30552 30556 30560 30564 30568 30572 30576 30580 30584 30588 30592 30596 30600 30604 30608 30612 30616 30620 30624 30628 30632 30636 30640 30644 30648 30652 30656 30660 30664 30668 30672 30676 30680 30684 30688 30692 30696 30700 30704 30708 30712 30716 30720 30724 30728 30732 30736 30740 30744 30748 30752 30756 30760 30764 30768 30772 30776 30780 30784 30788 30792 30796 30800 30804 30808 30812 30816 30820 30824 30828 30832 30836 30840 30844 30848 30852 30856 30860 30864 30868 30872 30876 30880 30884 30888 30892 30896 30900 30904 30908 30912 30916 30920 30924 30928 30932 30936 30940 30944 30948 30952 30956 30960 30964 30968 30972 30976 30980 30984 30988 30992 30996 31000 31004 31008 31012 31016 31020 31024 31028 31032 31036 31040 31044 31048 31052 31056 31060 31064 31068 31072 31076 31080 31084 31088 31092 31096 31100 31104 31108 31112 31116 31120 31124 31128 31132 31136 31140 31144 31148 31152 31156 31160 31164 31168 31172 31176 31180 31184 31188 31192 31196 31200 31204 31208 31212 31216 31220 31224 31228 31232 31236 31240 31244 31248 31252 31256 31260 31264 31268 31272 31276 31280 31284 31288 31292 31296 31300 31304 31308 31312 31316 31320 31324 31328 31332 31336 31340 31344 31348 31352 31356 31360 31364 31368 31372 31376 31380 31384 31388 31392 31396 31400 31404 31408 31412 31416 31420 31424 31428 31432 31436 31440 31444 31448 31452 31456 31460 31464 31468 31472 31476 31480 31484 31488 31492 31496 31500 31504 31508 31512 31516 31520 31524 31528 31532 31536 31540 31544 31548 31552 31556 31560 31564 31568 31572 31576 31580 31584 31588 31592 31596 31600 31604 31608 31612 31616 31620 31624 31628 31632 31636 31640 31644 31648 31652 31656 31660 31664 31668 31672 31676 31680 31684 31688 31692 31696 31700 31704 31708 31712 31716 31720 31724 31728 31732 31736 31740 31744 31748 31752 31756 31760 31764 31768 31772 31776 31780 31784 31788 31792 31796 31800 31804 31808 31812 31816 31820 31824 31828 31832 31836 31840 31844 31848 31852 31856 31860 31864 31868 31872 31876 31880 31884 31888 31892 31896 31900 31904 31908 31912 31916 31920 31924 31928 31932 31936 31940 31944 31948 31952 31956 31960 31964 31968 31972 31976 31980 31984 31988 31992 31996 32000 32004 32008 32012 32016 32020 32024 32028 32032 32036 32040 32044 32048 32052 32056 32060 32064 32068 32072 32076 32080 32084 32088 32092 32096 32100 32104 32108 32112 32116 32120 32124 32128 32132 32136 32140 32144 32148 32152 32156 32160 32164 32168 32172 32176 32180 32184 32188 32192 32196 32200 32204 32208 32212 32216 32220 32224 32228 32232 32236 32240 32244 32248 32252 32256 32260 32264 32268 32272 32276 32280 32284 32288 32292 32296 32300 32304 32308 32312 32316 32320 32324 32328 32332 32336 32340 32344 32348 32352 32356 32360 32364 32368 32372 32376 32380 32384 32388 32392 32396 32400 32404 32408 32412 32416 32420 32424 32428 32432 32436 32440 32444 32448 32452 32456 32460 32464 32468 32472 32476 32480 32484 32488 32492 32496 32500 32504 32508 32512 32516 32520 32524 32528 32532 32536 32540 32544 32548 32552 32556 32560 32564 32568 32572 32576 32580 32584 32588 32592 32596 32600 32604 32608 32612 32616 32620 32624 32628 32632 32636 32640 32644 32648 32652 32656 32660 32664 32668 32672 32676 32680 32684 32688 32692 32696 32700 32704 32708 32712 32716 32720 32724 32728 32732 32736 32740 32744 32748 32752 32756 32760 32764 32768 32772 32776 32780 32784 32788 32792 32796 32800 32804 32808 32812 32816 32820 32824 32828 32832 32836 32840 32844 32848 32852 32856 32860 32864 32868 32872 32876 32880 32884 32888 32892 32896 32900 32904 32908 32912 32916 32920 32924 32928 32932 32936 32940 32944 32948 32952 32956 32960 32964 32968 32972 32976 32980 32984 32988 32992 32996 33000 33004 33008 33012 33016 33020 33024 33028 33032 33036 33040 33044 33048 33052 33056 33060 33064 33068 33072 33076 33080 33084 33088 33092 33096 33100 33104 33108 33112 33116 33120 33124 33128 33132 33136 33140 33144 33148 33152 33156 33160 33164 33168 33172 33176 33180 33184 33188 33192 33196 33200 33204 33208 33212 33216 33220 33224 33228 33232 33236 33240 33244 33248 33252 33256 33260 33264 33268 33272 33276 33280 33284 33288 33292 33296 33300 33304 33308 33312 33316 33320 33324 33328 33332 33336 33340 33344 33348 33352 33356 33360 33364 33368 33372 33376 33380 33384 33388 33392 33396 33400 33404 33408 33412 33416 33420 33424 33428 33432 33436 33440 33444 33448 33452 33456 33460 33464 33468 33472 33476 33480 33484 33488 33492 33496 33500 33504 33508 33512 33516 33520 33524 33528 33532 33536 33540 33544 33548 33552 33556 33560 33564 33568 33572 33576 33580 33584 33588 33592 33596 33600 33604 33608 33612 33616 33620 33624 33628 33632 33636 33640 33644 33648 33652 33656 33660 33664 33668 33672 33676 33680 33684 33688 33692 33696 33700 33704 33708 33712 33716 33720 33724 33728 33732 33736 33740 33744 33748 33752 33756 33760 33764 33768 33772 33776 33780 33784 33788 33792 33796 33800 33804 33808 33812 33816 33820 33824 33828 33832 33836 33840 33844 33848 33852 33856 33860 33864 33868 33872 33876 33880 33884 33888 33892 33896 33900 33904 33908 33912 33916 33920 33924 33928 33932 33936 33940 33944 33948 33952 33956 33960 33964 33968 33972 33976 33980 33984 33988 33992 33996 34000 34004 34008 34012 34016 34020 34024 34028 34032 34036 34040 34044 34048 34052 34056 34060 34064 34068 34072 34076 34080 34084 34088 34092 34096 34100 34104 34108 34112 34116 34120 34124 34128 34132 34136 34140 34144 34148 34152 34156 34160 34164 34168 34172 34176 34180 34184 34188 34192 34196 34200 34204 34208 34212 34216 34220 34224 34228 34232 34236 34240 34244 34248 34252 34256 34260 34264 34268 34272 34276 34280 34284 34288 34292 34296 34300 34304 34308 34312 34316 34320 34324 34328 34332 34336 34340 34344 34348 34352 34356 34360 34364 34368 34372 34376 34380 34384 34388 34392 34396 34400 34404 34408 34412 34416 34420 34424 34428 34432 34436 34440 34444 34448 34452 34456 34460 34464 34468 34472 34476 34480 34484 34488 34492 34496 34500 34504 34508 34512 34516 34520 34524 34528 34532 34536 34540 34544 34548 34552 34556 34560 34564 34568 34572 34576 34580 34584 34588 34592 34596 34600 34604 34608 34612 34616 34620 34624 34628 34632 34636 34640 34644 34648 34652 34656 34660 34664 34668 34672 34676 34680 34684 34688 34692 34696 34700 34704 34708 34712 34716 34720 34724 34728 34732 34736 34740 34744 34748 34752 34756 34760 34764 34768 34772 34776 34780 34784 34788 34792 34796 34800 34804 34808 34812 34816 34820 34824 34828 34832 34836 34840 34844 34848 34852 34856 34860 34864 34868 34872 34876 34880 34884 34888 34892 34896 34900 34904 34908 34912 34916 34920 34924 34928 34932 34936 34940 34944 34948 34952 34956 34960 34964 34968 34972 34976 34980 34984 34988 34992 34996 35000 35004 35008 35012 35016 35020 35024 35028 35032 35036 35040 35044 35048 35052 35056 35060 35064 35068 35072 35076 35080 35084 35088 35092 35096 35100 35104 35108 35112 35116 35120 35124 35128 35132 35136 35140 35144 35148 35152 35156 35160 35164 35168 35172 35176 35180 35184 35188 35192 35196 35200 35204 35208 35212 35216 35220 35224 35228 35232 35236 35240 35244 35248 35252 35256 35260 35264 35268 35272 35276 35280 35284 35288 35292 35296 35300 35304 35308 35312 35316 35320 35324 35328 35332 35336 35340 35344 35348 35352 35356 35360 35364 35368 35372 35376 35380 35384 35388 35392 35396 35400 35404 35408 35412 35416 35420 35424 35428 35432 35436 35440 35444 35448 35452 35456 35460 35464 35468 35472 35476 35480 35484 35488 35492 35496 35500 35504 35508 35512 35516 35520 35524 35528 35532 35536 35540 35544 35548 35552 35556 35560 35564 35568 35572 35576 35580 35584 35588 35592 35596 35600 35604 35608 35612 35616 35620 35624 35628 35632 35636 35640 35644 35648 35652 35656 35660 35664 35668 35672 35676 35680 35684 35688 35692 35696 35700 35704 35708 35712 35716 35720 35724 35728 35732 35736 35740 35744 35748 35752 35756 35760 35764 35768 35772 35776 35780 35784 35788 35792 35796 35800 35804 35808 35812 35816 35820 35824 35828 35832 35836 35840 35844 35848 35852 35856 35860 35864 35868 35872 35876 35880 35884 35888 35892 35896 35900 35904 35908 35912 35916 35920 35924 35928 35932 35936 35940 35944 35948 35952 35956 35960 35964 35968 35972 35976 35980 35984 35988 35992 35996 36000 36004 36008 36012 36016 36020 36024 36028 36032 36036 36040 36044 36048 36052 36056 36060 36064 36068 36072 36076 36080 36084 36088 36092 36096 36100 36104 36108 36112 36116 36120 36124 36128 36132 36136 36140 36144 36148 36152 36156 36160 36164 36168 36172 36176 36180 36184 36188 36192 36196 36200 36204 36208 36212 36216 36220 36224 36228 36232 36236 36240 36244 36248 36252 36256 36260 36264 36268 36272 36276 36280 36284 36288 36292 36296 36300 36304 36308 36312 36316 36320 36324 36328 36332 36336 36340 36344 36348 36352 36356 36360 36364 36368 36372 36376 36380 36384 36388 36392 36396 36400 36404 36408 36412 36416 36420 36424 36428 36432 36436 36440 36444 36448 36452 36456 36460 36464 36468 36472 36476 36480 36484 36488 36492 36496 36500 36504 36508 36512 36516 36520 36524 36528 36532 36536 36540 36544 36548 36552 36556 36560 36564 36568 36572 36576 36580 36584 36588 36592 36596 36600 36604 36608 36612 36616 36620 36624 36628 36632 36636 36640 36644 36648 36652 36656 36660 36664 36668 36672 36676 36680 36684 36688 36692 36696 36700 36704 36708 36712 36716 36720 36724 36728 36732 36736 36740 36744 36748 36752 36756 36760 36764 36768 36772 36776 36780 36784 36788 36792 36796 36800 36804 36808 36812 36816 36820 36824 36828 36832 36836 36840 36844 36848 36852 36856 36860 36864 36868 36872 36876 36880 36884 36888 36892 36896 36900 36904 36908 36912 36916 36920 36924 36928 36932 36936 36940 36944 36948 36952 36956 36960 36964 36968 36972 36976 36980 36984 36988 36992 36996 37000 37004 37008 37012 37016 37020 37024 37028 37032 37036 37040 37044 37048 37052 37056 37060 37064 37068 37072 37076 37080 37084 37088 37092 37096 37100 37104 37108 37112 37116 37120 37124 37128 37132 37136 37140 37144 37148 37152 37156 37160 37164 37168 37172 37176 37180 37184 37188 37192 37196 37200 37204 37208 37212 37216 37220 37224 37228 37232 37236 37240 37244 37248 37252 37256 37260 37264 37268 37272 37276 37280 37284 37288 37292 37296 37300 37304 37308 37312 37316 37320 37324 37328 37332 37336 37340 37344 37348 37352 37356 37360 37364 37368 37372 37376 37380 37384 37388 37392 37396 37400 37404 37408 37412 37416 37420 37424 37428 37432 37436 37440 37444 37448 37452 37456 37460 37464 37468 37472 37476 37480 37484 37488 37492 37496 37500 37504 37508 37512 37516 37520 37524 37528 37532 37536 37540 37544 37548 37552 37556 37560 37564 37568 37572 37576 37580 37584 37588 37592 37596 37600 37604 37608 37612 37616 37620 37624 37628 37632 37636 37640 37644 37648 37652 37656 37660 37664 37668 37672 37676 37680 37684 37688 37692 37696 37700 37704 37708 37712 37716 37720 37724 37728 37732 37736 37740 37744 37748 37752 37756 37760 37764 37768 37772 37776 37780 37784 37788 37792 37796 37800 37804 37808 37812 37816 37820 37824 37828 37832 37836 37840 37844 37848 37852 37856 37860 37864 37868 37872 37876 37880 37884 37888 37892 37896 37900 37904 37908 37912 37916 37920 37924 37928 37932 37936 37940 37944 37948 37952 37956 37960 37964 37968 37972 37976 37980 37984 37988 37992 37996 38000 38004 38008 38012 38016 38020 38024 38028 38032 38036 38040 38044 38048 38052 38056 38060 38064 38068 38072 38076 38080 38084 38088 38092 38096 38100 38104 38108 38112 38116 38120 38124 38128 38132 38136 38140 38144 38148 38152 38156 38160 38164 38168 38172 38176 38180 38184 38188 38192 38196 38200 38204 38208 38212 38216 38220 38224 38228 38232 38236 38240 38244 38248 38252 38256 38260 38264 38268 38272 38276 38280 38284 38288 38292 38296 38300 38304 38308 38312 38316 38320 38324 38328 38332 38336 38340 38344 38348 38352 38356 38360 38364 38368 38372 38376 38380 38384 38388 38392 38396 38400 38404 38408 38412 38416 38420 38424 38428 38432 38436 38440 38444 38448 38452 38456 38460 38464 38468 38472 38476 38480 38484 38488 38492 38496 38500 38504 38508 38512 38516 38520 38524 38528 38532 38536 38540 38544 38548 38552 38556 38560 38564 38568 38572 38576 38580 38584 38588 38592 38596 38600 38604 38608 38612 38616 38620 38624 38628 38632 38636 38640 38644 38648 38652 38656 38660 38664 38668 38672 38676 38680 38684 38688 38692 38696 38700 38704 38708 38712 38716 38720 38724 38728 38732 38736 38740 38744 38748 38752 38756 38760 38764 38768 38772 38776 38780 38784 38788 38792 38796 38800 38804 38808 38812 38816 38820 38824 38828 38832 38836 38840 38844 38848 38852 38856 38860 38864 38868 38872 38876 38880 38884 38888 38892 38896 38900 38904 38908 38912 38916 38920 38924 38928 38932 38936 38940 38944 38948 38952 38956 38960 38964 38968 38972 38976 38980 38984 38988 38992 38996 39000 39004 39008 39012 39016 39020 39024 39028 39032 39036 39040 39044 39048 39052 39056 39060 39064 39068 39072 39076 39080 39084 39088 39092 39096 39100 39104 39108 39112 39116 39120 39124 39128 39132 39136 39140 39144 39148 39152 39156 39160 39164 39168 39172 39176 39180 39184 39188 39192 39196 39200 39204 39208 39212 39216 39220 39224 39228 39232 39236 39240 39244 39248 39252 39256 39260 39264 39268 39272 39276 39280 39284 39288 39292 39296 39300 39304 39308 39312 39316 39320 39324 39328 39332 39336 39340 39344 39348 39352 39356 39360 39364 39368 39372 39376 39380 39384 39388 39392 39396 39400 39404 39408 39412 39416 39420 39424 39428 39432 39436 39440 39444 39448 39452 39456 39460 39464 39468 39472 39476 39480 39484 39488 39492 39496 39500 39504 39508 39512 39516 39520 39524 39528 39532 39536 39540 39544 39548 39552 39556 39560 39564 39568 39572 39576 39580 39584 39588 39592 39596 39600 39604 39608 39612 39616 39620 39624 39628 39632 39636 39640 39644 39648 39652 39656 39660 39664 39668 39672 39676 39680 39684 39688 39692 39696 39700 39704 39708 39712 39716 39720 39724 39728 39732 39736 39740 39744 39748 39752 39756 39760 39764 39768 39772 39776 39780 39784 39788 39792 39796 39800 39804 39808 39812 39816 39820 39824 39828 39832 39836 39840 39844 39848 39852 39856 39860 39864 39868 39872 39876 39880 39884 39888 39892 39896 39900 39904 39908 39912 39916 39920 39924 39928 39932 39936 39940 39944 39948 39952 39956 39960 39964 39968 39972 39976 39980 39984 39988 39992 39996 40000 40004 40008 40012 40016 40020 40024 40028 40032 40036 40040 40044 40048 40052 40056 40060 40064 40068 40072 40076 40080 40084 40088 40092 40096 40100 40104 40108 40112 40116 40120 40124 40128 40132 40136 40140 40144 40148 40152 40156 40160 40164 40168 40172 40176 40180 40184 40188 40192 40196 40200 40204 40208 40212 40216 40220 40224 40228 40232 40236 40240 40244 40248 40252 40256 40260 40264 40268 40272 40276 40280 40284 40288 40292 40296 40300 40304 40308 40312 40316 40320 40324 40328 40332 40336 40340 40344 40348 40352 40356 40360 40364 40368 40372 40376 40380 40384 40388 40392 40396 40400 40404 40408 40412 40416 40420 40424 40428 40432 40436 40440 40444 40448 40452 40456 40460 40464 40468 40472 40476 40480 40484 40488 40492 40496 40500 40504 40508 40512 40516 40520 40524 40528 40532 40536 40540 40544 40548 40552 40556 40560 40564 40568 40572 40576 40580 40584 40588 40592 40596 40600 40604 40608 40612 40616 40620 40624 40628 40632 40636 40640 40644 40648 40652 40656 40660 40664 40668 40672 40676 40680 40684 40688 40692 40696 40700 40704 40708 40712 40716 40720 40724 40728 40732 40736 40740 40744 40748 40752 40756 40760 40764 40768 40772 40776 40780 40784 40788 40792 40796 40800 40804 40808 40812 40816 40820 40824 40828 40832 40836 40840 40844 40848 40852 40856 40860 40864 40868 40872 40876 40880 40884 40888 40892 40896 40900 40904 40908 40912 40916 40920 40924 40928 40932 40936 40940 40944 40948 40952 40956 40960 40964 40968 40972 40976 40980 40984 40988 40992 40996 41000 41004 41008 41012 41016 41020 41024 41028 41032 41036 41040 41044 41048 41052 41056 41060 41064 41068 41072 41076 41080 41084 41088 41092 41096 41100 41104 41108 41112 41116 41120 41124 41128 41132 41136 41140 41144 41148 41152 41156 41160 41164 41168 41172 41176 41180 41184 41188 41192 41196 41200 41204 41208 41212 41216 41220 41224 41228 41232 41236 41240 41244 41248 41252 41256 41260 41264 41268 41272 41276 41280 41284 41288 41292 41296 41300 41304 41308 41312 41316 41320 41324 41328 41332 41336 41340 41344 41348 41352 41356 41360 41364 41368 41372 41376 41380 41384 41388 41392 41396 41400 41404 41408 41412 41416 41420 41424 41428 41432 41436 41440 41444 41448 41452 41456 41460 41464 41468 41472 41476 41480 41484 41488 41492 41496 41500 41504 41508 41512 41516 41520 41524 41528 41532 41536 41540 41544 41548 41552 41556 41560 41564 41568 41572 41576 41580 41584 41588 41592 41596 41600 41604 41608 41612 41616 41620 41624 41628 41632 41636 41640 41644 41648 41652 41656 41660 41664 41668 41672 41676 41680 41684 41688 41692 41696 41700 41704 41708 41712 41716 41720 41724 41728 41732 41736 41740 41744 41748 41752 41756 41760 41764 41768 41772 41776 41780 41784 41788 41792 41796 41800 41804 41808 41812 41816 41820 41824 41828 41832 41836 41840 41844 41848 41852 41856 41860 41864 41868 41872 41876 41880 41884 41888 41892 41896 41900 41904 41908 41912 41916 41920 41924 41928 41932 41936 41940 41944 41948 41952 41956 41960 41964 41968 41972 41976 41980 41984 41988 41992 41996 42000 42004 42008 42012 42016 42020 42024 42028 42032 42036 42040 42044 42048 42052 42056 42060 42064 42068 42072 42076 42080 42084 42088 42092 42096 42100 42104 42108 42112 42116 42120 42124 42128 42132 42136 42140 42144 42148 42152 42156 42160 42164 42168 42172 42176 42180 42184 42188 42192 42196 42200 42204 42208 42212 42216 42220 42224 42228 42232 42236 42240 42244 42248 42252 42256 42260 42264 42268 42272 42276 42280 42284 42288 42292 42296 42300 42304 42308 42312 42316 42320 42324 42328 42332 42336 42340 42344 42348 42352 42356 42360 42364 42368 42372 42376 42380 42384 42388 42392 42396 42400 42404 42408 42412 42416 42420 42424 42428 42432 42436 42440 42444 42448 42452 42456 42460 42464 42468 42472 42476 42480 42484 42488 42492 42496 42500 42504 42508 42512 42516 42520 42524 42528 42532 42536 42540 42544 42548 42552 42556 42560 42564 42568 42572 42576 42580 42584 42588 42592 42596 42600 42604 42608 42612 42616 42620 42624 42628 42632 42636 42640 42644 42648 42652 42656 42660 42664 42668 42672 42676 42680 42684 42688 42692 42696 42700 42704 42708 42712 42716 42720 42724 42728 42732 42736 42740 42744 42748 42752 42756 42760 42764 42768 42772 42776 42780 42784 42788 42792 42796 42800 42804 42808 42812 42816 42820 42824 42828 42832 42836 42840 42844 42848 42852 42856 42860 42864 42868 42872 42876 42880 42884 42888 42892 42896 42900 42904 42908 42912 42916 42920 42924 42928 42932 42936 42940 42944 42948 42952 42956 42960 42964 42968 42972 42976 42980 42984 42988 42992 42996 43000 43004 43008 43012 43016 43020 43024 43028 43032 43036 43040 43044 43048 43052 43056 43060 43064 43068 43072 43076 43080 43084 43088 43092 43096 43100 43104 43108 43112 43116 43120 43124 43128 43132 43136 43140 43144 43148 43152 43156 43160 43164 43168 43172 43176 43180 43184 43188 43192 43196 43200 43204 43208 43212 43216 43220 43224 43228 43232 43236 43240 43244 43248 43252 43256 43260 43264 43268 43272 43276 43280 43284 43288 43292 43296 43300 43304 43308 43312 43316 43320 43324 43328 43332 43336 43340 43344 43348 43352 43356 43360 43364 43368 43372 43376 43380 43384 43388 43392 43396 43400 43404 43408 43412 43416 43420 43424 43428 43432 43436 43440 43444 43448 43452 43456 43460 43464 43468 43472 43476 43480 43484 43488 43492 43496 43500 43504 43508 43512 43516 43520 43524 43528 43532 43536 43540 43544 43548 43552 43556 43560 43564 43568 43572 43576 43580 43584 43588 43592 43596 43600 43604 43608 43612 43616 43620 43624 43628 43632 43636 43640 43644 43648 43652 43656 43660 43664 43668 43672 43676 43680 43684 43688 43692 43696 43700 43704 43708 43712 43716 43720 43724 43728 43732 43736 43740 43744 43748 43752 43756 43760 43764 43768 43772 43776 43780 43784 43788 43792 43796 43800 43804 43808 43812 43816 43820 43824 43828 43832 43836 43840 43844 43848 43852 43856 43860 43864 43868 43872 43876 43880 43884 43888 43892 43896 43900 43904 43908 43912 43916 43920 43924 43928 43932 43936 43940 43944 43948 43952 43956 43960 43964 43968 43972 43976 43980 43984 43988 43992 43996 44000 44004 44008 44012 44016 44020 44024 44028 44032 44036 44040 44044 44048 44052 44056 44060 44064 44068 44072 44076 44080 44084 44088 44092 44096 44100 44104 44108 44112 44116 44120 44124 44128 44132 44136 44140 44144 44148 44152 44156 44160 44164 44168 44172 44176 44180 44184 44188 44192 44196 44200 44204 44208 44212 44216 44220 44224 44228 44232 44236 44240 44244 44248 44252 44256 44260 44264 44268 44272 44276 44280 44284 44288 44292 44296 44300 44304 44308 44312 44316 44320 44324 44328 44332 44336 44340 44344 44348 44352 44356 44360 44364 44368 44372 44376 44380 44384 44388 44392 44396 44400 44404 44408 44412 44416 44420 44424 44428 44432 44436 44440 44444 44448 44452 44456 44460 44464 44468 44472 44476 44480 44484 44488 44492 44496 44500 44504 44508 44512 44516 44520 44524 44528 44532 44536 44540 44544 44548 44552 44556 44560 44564 44568 44572 44576 44580 44584 44588 44592 44596 44600 44604 44608 44612 44616 44620 44624 44628 44632 44636 44640 44644 44648 44652 44656 44660 44664 44668 44672 44676 44680 44684 44688 44692 44696 44700 44704 44708 44712 44716 44720 44724 44728 44732 44736 44740 44744 44748 44752 44756 44760 44764 44768 44772 44776 44780 44784 44788 44792 44796 44800 44804 44808 44812 44816 44820 44824 44828 44832 44836 44840 44844 44848 44852 44856 44860 44864 44868 44872 44876 44880 44884 44888 44892 44896 44900 44904 44908 44912 44916 44920 44924 44928 44932 44936 44940 44944 44948 44952 44956 44960 44964 44968 44972 44976 44980 44984 44988 44992 44996 45000 45004 45008 45012 45016 45020 45024 45028 45032 45036 45040 45044 45048 45052 45056 45060 45064 45068 45072 45076 45080 45084 45088 45092 45096 45100 45104 45108 45112 45116 45120 45124 45128 45132 45136 45140 45144 45148 45152 45156 45160 45164 45168 45172 45176 45180 45184 45188 45192 45196 45200 45204 45208 45212 45216 45220 45224 45228 45232 45236 45240 45244 45248 45252 45256 45260 45264 45268 45272 45276 45280 45284 45288 45292 45296 45300 45304 45308 45312 45316 45320 45324 45328 45332 45336 45340 45344 45348 45352 45356 45360 45364 45368 45372 45376 45380 45384 45388 45392 45396 45400 45404 45408 45412 45416 45420 45424 45428 45432 45436 45440 45444 45448 45452 45456 45460 45464 45468 45472 45476 45480 45484 45488 45492 45496 45500 45504 45508 45512 45516 45520 45524 45528 45532 45536 45540 45544 45548 45552 45556 45560 45564 45568 45572 45576 45580 45584 45588 45592 45596 45600 45604 45608 45612 45616 45620 45624 45628 45632 45636 45640 45644 45648 45652 45656 45660 45664 45668 45672 45676 45680 45684 45688 45692 45696 45700 45704 45708 45712 45716 45720 45724 45728 45732 45736 45740 45744 45748 45752 45756 45760 45764 45768 45772 45776 45780 45784 45788 45792 45796 45800 45804 45808 45812 45816 45820 45824 45828 45832 45836 45840 45844 45848 45852 45856 45860 45864 45868 45872 45876 45880 45884 45888 45892 45896 45900 45904 45908 45912 45916 45920 45924 45928 45932 45936 45940 45944 45948 45952 45956 45960 45964 45968 45972 45976 45980 45984 45988 45992 45996 46000 46004 46008 46012 46016 46020 46024 46028 46032 46036 46040 46044 46048 46052 46056 46060 46064 46068 46072 46076 46080 46084 46088 46092 46096 46100 46104 46108 46112 46116 46120 46124 46128 46132 46136 46140 46144 46148 46152 46156 46160 46164 46168 46172 46176 46180 46184 46188 46192 46196 46200 46204 46208 46212 46216 46220 46224 46228 46232 46236 46240 46244 46248 46252 46256 46260 46264 46268 46272 46276 46280 46284 46288 46292 46296 46300 46304 46308 46312 46316 46320 46324 46328 46332 46336 46340 46344 46348 46352 46356 46360 46364 46368 46372 46376 46380 46384 46388 46392 46396 46400 46404 46408 46412 46416 46420 46424 46428 46432 46436 46440 46444 46448 46452 46456 46460 46464 46468 46472 46476 46480 46484 46488 46492 46496 46500 46504 46508 46512 46516 46520 46524 46528 46532 46536 46540 46544 46548 46552 46556 46560 46564 46568 46572 46576 46580 46584 46588 46592 46596 46600 46604 46608 46612 46616 46620 46624 46628 46632 46636 46640 46644 46648 46652 46656 46660 46664 46668 46672 46676 46680 46684 46688 46692 46696 46700 46704 46708 46712 46716 46720 46724 46728 46732 46736 46740 46744 46748 46752 46756 46760 46764 46768 46772 46776 46780 46784 46788 46792 46796 46800 46804 46808 46812 46816 46820 46824 46828 46832 46836 46840 46844 46848 46852 46856 46860 46864 46868 46872 46876 46880 46884 46888 46892 46896 46900 46904 46908 46912 46916 46920 46924 46928 46932 46936 46940 46944 46948 46952 46956 46960 46964 46968 46972 46976 46980 46984 46988 46992 46996 47000 47004 47008 47012 47016 47020 47024 47028 47032 47036 47040 47044 47048 47052 47056 47060 47064 47068 47072 47076 47080 47084 47088 47092 47096 47100 47104 47108 47112 47116 47120 47124 47128 47132 47136 47140 47144 47148 47152 47156 47160 47164 47168 47172 47176 47180 47184 47188 47192 47196 47200 47204 47208 47212 47216 47220 47224 47228 47232 47236 47240 47244 47248 47252 47256 47260 47264 47268 47272 47276 47280 47284 47288 47292 47296 47300 47304 47308 47312 47316 47320 47324 47328 47332 47336 47340 47344 47348 47352 47356 47360 47364 47368 47372 47376 47380 47384 47388 47392 47396 47400 47404 47408 47412 47416 47420 47424 47428 47432 47436 47440 47444 47448 47452 47456 47460 47464 47468 47472 47476 47480 47484 47488 47492 47496 47500 47504 47508 47512 47516 47520 47524 47528 47532 47536 47540 47544 47548 47552 47556 47560 47564 47568 47572 47576 47580 47584 47588 47592 47596 47600 47604 47608 47612 47616 47620 47624 47628 47632 47636 47640 47644 47648 47652 47656 47660 47664 47668 47672 47676 47680 47684 47688 47692 47696 47700 47704 47708 47712 47716 47720 47724 47728 47732 47736 47740 47744 47748 47752 47756 47760 47764 47768 47772 47776 47780 47784 47788 47792 47796 47800 47804 47808 47812 47816 47820 47824 47828 47832 47836 47840 47844 47848 47852 47856 47860 47864 47868 47872 47876 47880 47884 47888 47892 47896 47900 47904 47908 47912 47916 47920 47924 47928 47932 47936 47940 47944 47948 47952 47956 47960 47964 47968 47972 47976 47980 47984 47988 47992 47996 48000 48004 48008 48012 48016 48020 48024 48028 48032 48036 48040 48044 48048 48052 48056 48060 48064 48068 48072 48076 48080 48084 48088 48092 48096 48100 48104 48108 48112 48116 48120 48124 48128 48132 48136 48140 48144 48148 48152 48156 48160 48164 48168 48172 48176 48180 48184 48188 48192 48196 48200 48204 48208 48212 48216 48220 48224 48228 48232 48236 48240 48244 48248 48252 48256 48260 48264 48268 48272 48276 48280 48284 48288 48292 48296 48300 48304 48308 48312 48316 48320 48324 48328 48332 48336 48340 48344 48348 48352 48356 48360 48364 48368 48372 48376 48380 48384 48388 48392 48396 48400 48404 48408 48412 48416 48420 48424 48428 48432 48436 48440 48444 48448 48452 48456 48460 48464 48468 48472 48476 48480 48484 48488 48492 48496 48500 48504 48508 48512 48516 48520 48524 48528 48532 48536 48540 48544 48548 48552 48556 48560 48564 48568 48572 48576 48580 48584 48588 48592 48596 48600 48604 48608 48612 48616 48620 48624 48628 48632 48636 48640 48644 48648 48652 48656 48660 48664 48668 48672 48676 48680 48684 48688 48692 48696 48700 48704 48708 48712 48716 48720 48724 48728 48732 48736 48740 48744 48748 48752 48756 48760 48764 48768 48772 48776 48780 48784 48788 48792 48796 48800 48804 48808 48812 48816 48820 48824 48828 48832 48836 48840 48844 48848 48852 48856 48860 48864 48868 48872 48876 48880 48884 48888 48892 48896 48900 48904 48908 48912 48916 48920 48924 48928 48932 48936 48940 48944 48948 48952 48956 48960 48964 48968 48972 48976 48980 48984 48988 48992 48996 49000 49004 49008 49012 49016 49020 49024 49028 49032 49036 49040 49044 49048 49052 49056 49060 49064 49068 49072 49076 49080 49084 49088 49092 49096 49100 49104 49108 49112 49116 49120 49124 49128 49132 49136 49140 49144 49148 49152 49156 49160 49164 49168 49172 49176 49180 49184 49188 49192 49196 49200 49204 49208 49212 49216 49220 49224 49228 49232 49236 49240 49244 49248 49252 49256 49260 49264 49268 49272 49276 49280 49284 49288 49292 49296 49300 49304 49308 49312 49316 49320 49324 49328 49332 49336 49340 49344 49348 49352 49356 49360 49364 49368 49372 49376 49380 49384 49388 49392 49396 49400 49404 49408 49412 49416 49420 49424 49428 49432 49436 49440 49444 49448 49452 49456 49460 49464 49468 49472 49476 49480 49484 49488 49492 49496 49500 49504 49508 49512 49516 49520 49524 49528 49532 49536 49540 49544 49548 49552 49556 49560 49564 49568 49572 49576 49580 49584 49588 49592 49596 49600 49604 49608 49612 49616 49620 49624 49628 49632 49636 49640 49644 49648 49652 49656 49660 49664 49668 49672 49676 49680 49684 49688 49692 49696 49700 49704 49708 49712 49716 49720 49724 49728 49732 49736 49740 49744 49748 49752 49756 49760 49764 49768 49772 49776 49780 49784 49788 49792 49796 49800 49804 49808 49812 49816 49820 49824 49828 49832 49836 49840 49844 49848 49852 49856 49860 49864 49868 49872 49876 49880 49884 49888 49892 49896 49900 49904 49908 49912 49916 49920 49924 49928 49932 49936 49940 49944 49948 49952 49956 49960 49964 49968 49972 49976 49980 49984 49988 49992 49996 50000 50004 50008 50012 50016 50020 50024 50028 50032 50036 50040 50044 50048 50052 50056 50060 50064 50068 50072 50076 50080 50084 50088 50092 50096 50100 50104 50108 50112 50116 50120 50124 50128 50132 50136 50140 50144 50148 50152 50156 50160 50164 50168 50172 50176 50180 50184 50188 50192 50196 50200 50204 50208 50212 50216 50220 50224 50228 50232 50236 50240 50244 50248 50252 50256 50260 50264 50268 50272 50276 50280 50284 50288 50292 50296 50300 50304 50308 50312 50316 50320 50324 50328 50332 50336 50340 50344 50348 50352 50356 50360 50364 50368 50372 50376 50380 50384 50388 50392 50396 50400 50404 50408 50412 50416 50420 50424 50428 50432 50436 50440 50444 50448 50452 50456 50460 50464 50468 50472 50476 50480 50484 50488 50492 50496 50500 50504 50508 50512 50516 50520 50524 50528 50532 50536 50540 50544 50548 50552 50556 50560 50564 50568 50572 50576 50580 50584 50588 50592 50596 50600 50604 50608 50612 50616 50620 50624 50628 50632 50636 50640 50644 50648 50652 50656 50660 50664 50668 50672 50676 50680 50684 50688 50692 50696 50700 50704 50708 50712 50716 50720 50724 50728 50732 50736 50740 50744 50748 50752 50756 50760 50764 50768 50772 50776 50780 50784 50788 50792 50796 50800 50804 50808 50812 50816 50820 50824 50828 50832 50836 50840 50844 50848 50852 50856 50860 50864 50868 50872 50876 50880 50884 50888 50892 50896 50900 50904 50908 50912 50916 50920 50924 50928 50932 50936 50940 50944 50948 50952 50956 50960 50964 50968 50972 50976 50980 50984 50988 50992 50996 51000 51004 51008 51012 51016 51020 51024 51028 51032 51036 51040 51044 51048 51052 51056 51060 51064 51068 51072 51076 51080 51084 51088 51092 51096 51100 51104 51108 51112 51116 51120 51124 51128 51132 51136 51140 51144 51148 51152 51156 51160 51164 51168 51172 51176 51180 51184 51188 51192 51196 51200 51204 51208 51212 51216 51220 51224 51228 51232 51236 51240 51244 51248 51252 51256 51260 51264 51268 51272 51276 51280 51284 51288 51292 51296 51300 51304 51308 51312 51316 51320 51324 51328 51332 51336 51340 51344 51348 51352 51356 51360 51364 51368 51372 51376 51380 51384 51388 51392 51396 51400 51404 51408 51412 51416 51420 51424 51428 51432 51436 51440 51444 51448 51452 51456 51460 51464 51468 51472 51476 51480 51484 51488 51492 51496 51500 51504 51508 51512 51516 51520 51524 51528 51532 51536 51540 51544 51548 51552 51556 51560 51564 51568 51572 51576 51580 51584 51588 51592 51596 51600 51604 51608 51612 51616 51620 51624 51628 51632 51636 51640 51644 51648 51652 51656 51660 51664 51668 51672 51676 51680 51684 51688 51692 51696 51700 51704 51708 51712 51716 51720 51724 51728 51732 51736 51740 51744 51748 51752 51756 51760 51764 51768 51772 51776 51780 51784 51788 51792 51796 51800 51804 51808 51812 51816 51820 51824 51828 51832 51836 51840 51844 51848 51852 51856 51860 51864 51868 51872 51876 51880 51884 51888 51892 51896 51900 51904 51908 51912 51916 51920 51924 51928 51932 51936 51940 51944 51948 51952 51956 51960 51964 51968 51972 51976 51980 51984 51988 51992 51996 52000 52004 52008 52012 52016 52020 52024 52028 52032 52036 52040 52044 52048 52052 52056 52060 52064 52068 52072 52076 52080 52084 52088 52092 52096 52100 52104 52108 52112 52116 52120 52124 52128 52132 52136 52140 52144 52148 52152 52156 52160 52164 52168 52172 52176 52180 52184 52188 52192 52196 52200 52204 52208 52212 52216 52220 52224 52228 52232 52236 52240 52244 52248 52252 52256 52260 52264 52268 52272 52276 52280 52284 52288 52292 52296 52300 52304 52308 52312 52316 52320 52324 52328 52332 52336 52340 52344 52348 52352 52356 52360 52364 52368 52372 52376 52380 52384 52388 52392 52396 52400 52404 52408 52412 52416 52420 52424 52428 52432 52436 52440 52444 52448 52452 52456 52460 52464 52468 52472 52476 52480 52484 52488 52492 52496 52500 52504 52508 52512 52516 52520 52524 52528 52532 52536 52540 52544 52548 52552 52556 52560 52564 52568 52572 52576 52580 52584 52588 52592 52596 52600 52604 52608 52612 52616 52620 52624 52628 52632 52636 52640 52644 52648 52652 52656 52660 52664 52668 52672 52676 52680 52684 52688 52692 52696 52700 52704 52708 52712 52716 52720 52724 52728 52732 52736 52740 52744 52748 52752 52756 52760 52764 52768 52772 52776 52780 52784 52788 52792 52796 52800 52804 52808 52812 52816 52820 52824 52828 52832 52836 52840 52844 52848 52852 52856 52860 52864 52868 52872 52876 52880 52884 52888 52892 52896 52900 52904 52908 52912 52916 52920 52924 52928 52932 52936 52940 52944 52948 52952 52956 52960 52964 52968 52972 52976 52980 52984 52988 52992 52996 53000 53004 53008 53012 53016 53020 53024 53028 53032 53036 53040 53044 53048 53052 53056 53060 53064 53068 53072 53076 53080 53084 53088 53092 53096 53100 53104 53108 53112 53116 53120 53124 53128 53132 53136 53140 53144 53148 53152 53156 53160 53164 53168 53172 53176 53180 53184 53188 53192 53196 53200 53204 53208 53212 53216 53220 53224 53228 53232 53236 53240 53244 53248 53252 53256 53260 53264 53268 53272 53276 53280 53284 53288 53292 53296 53300 53304 53308 53312 53316 53320 53324 53328 53332 53336 53340 53344 53348 53352 53356 53360 53364 53368 53372 53376 53380 53384 53388 53392 53396 53400 53404 53408 53412 53416 53420 53424 53428 53432 53436 53440 53444 53448 53452 53456 53460 53464 53468 53472 53476 
        </DataArray>
        <DataArray type="UInt8" Name="types" format="ascii">
          10 10 10 10 10 10 10 10 10 10 10 10 10 10 10 10 10 10 10 10 10 10 10 10 10 10 10 10 10 10 10 10 10 10 10 10 10 10 10 10 10 10 10 10 10 10 10 10 10 10 10 10 10 10 10 10 10 10 10 10 10 10 10 10 10 10 10 10 10 10 10 10 10 10 10 10 10 10 10 10 10 10 10 10 10 10 10 10 10 10 10 10 10 10 10 10 10 10 10 10 10 10 10 10 10 10 10 10 10 10 10 10 10 10 10 10 10 10 10 10 10 10 10 10 10 10 10 10 10 10 10 10 10 10 10 10 10 10 10 10 10 10 10 10 10 10 10 10 10 10 10 10 10 10 10 10 10 10 10 10 10 10 10 10 10 10 10 10 10 10 10 10 10 10 10 10 10 10 10 10 10 10 10 10 10 10 10 10 10 10 10 10 10 10 10 10 10 10 10 10 10 10 10 10 10 10 10 10 10 10 10 10 10 10 10 10 10 10 10 10 10 10 10 10 10 10 10 10 10 10 10 10 10 10 10 10 10 10 10 10 10 10 10 10 10 10 10 10 10 10 10 10 10 10 10 10 10 10 10 10 10 10 10 10 10 10 10 10 10 10 10 10 10 10 10 10 10 10 10 10 10 10 10 10 10 10 10 10 10 10 10 10 10 10 10 10 10 10 10 10 10 10 10 10 10 10 10 10 10 10 10 10 10 10 10 10 10 10 10 10 10 10 10 10 10 10 10 10 10 10 10 10 10 10 10 10 10 10 10 10 10 10 10 10 10 10 10 10 10 10 10 10 10 10 10 10 10 10 10 10 10 10 10 10 10 10 10 10 10 10 10 10 10 10 10 10 10 10 10 10 10 10 10 10 10 10 10 10 10 10 10 10 10 10 10 10 10 10 10 10 10 10 10 10 10 10 10 10 10 10 10 10 10 10 10 10 10 10 10 10 10 10 10 10 10 10 10 10 10 10 10 10 10 10 10 10 10 10 10 10 10 10 10 10 10 10 10 10 10 10 10 10 10 10 10 10 10 10 10 10 10 10 10 10 10 10 10 10 10 10 10 10 10 10 10 10 10 10 10 10 10 10 10 10 10 10 10 10 10 10 10 10 10 10 10 10 10 10 10 10 10 10 10 10 10 10 10 10 10 10 10 10 10 10 10 10 10 10 10 10 10 10 10 10 10 10 10 10 10 10 10 10 10 10 10 10 10 10 10 10 10 10 10 10 10 10 10 10 10 10 10 10 10 10 10 10 10 10 10 10 10 10 10 10 10 10 10 10 10 10 10 10 10 10 10 10 10 10 10 10 10 10 10 10 10 10 10 10 10 10 10 10 10 10 10 10 10 10 10 10 10 10 10 10 10 10 10 10 10 10 10 10 10 10 10 10 10 10 10 10 10 10 10 10 10 10 10 10 10 10 10 10 10 10 10 10 10 10 10 10 10 10 10 10 10 10 10 10 10 10 10 10 10 10 10 10 10 10 10 10 10 10 10 10 10 10 10 10 10 10 10 10 10 10 10 10 10 10 10 10 10 10 10 10 10 10 10 10 10 10 10 10 10 10 10 10 10 10 10 10 10 10 10 10 10 10 10 10 10 10 10 10 10 10 10 10 10 10 10 10 10 10 10 10 10 10 10 10 10 10 10 10 10 10 10 10 10 10 10 10 10 10 10 10 10 10 10 10 10 10 10 10 10 10 10 10 10 10 10 10 10 10 10 10 10 10 10 10 10 10 10 10 10 10 10 10 10 10 10 10 10 10 10 10 10 10 10 10 10 10 10 10 10 10 10 10 10 10 10 10 10 10 10 10 10 10 10 10 10 10 10 10 10 10 10 10 10 10 10 10 10 10 10 10 10 10 10 10 10 10 10 10 10 10 10 10 10 10 10 10 10 10 10 10 10 10 10 10 10 10 10 10 10 10 10 10 10 10 10 10 10 10 10 10 10 10 10 10 10 10 10 10 10 10 10 10 10 10 10 10 10 10 10 10 10 10 10 10 10 10 10 10 10 10 10 10 10 10 10 10 10 10 10 10 10 10 10 10 10 10 10 10 10 10 10 10 10 10 10 10 10 10 10 10 10 10 10 10 10 10 10 10 10 10 10 10 10 10 10 10 10 10 10 10 10 10 10 10 10 10 10 10 10 10 10 10 10 10 10 10 10 10 10 10 10 10 10 10 10 10 10 10 10 10 10 10 10 10 10 10 10 10 10 10 10 10 10 10 10 10 10 10 10 10 10 10 10 10 10 10 10 10 10 10 10 10 10 10 10 10 10 10 10 10 10 10 10 10 10 10 10 10 10 10 10 10 10 10 10 10 10 10 10 10 10 10 10 10 10 10 10 10 10 10 10 10 10 10 10 10 10 10 10 10 10 10 10 10 10 10 10 10 10 10 10 10 10 10 10 10 10 10 10 10 10 10 10 10 10 10 10 10 10 10 10 10 10 10 10 10 10 10 10 10 10 10 10 10 10 10 10 10 10 10 10 10 10 10 10 10 10 10 10 10 10 10 10 10 10 10 10 10 10 10 10 10 10 10 10 10 10 10 10 10 10 10 10 10 10 10 10 10 10 10 10 10 10 10 10 10 10 10 10 10 10 10 10 10 10 10 10 10 10 10 10 10 10 10 10 10 10 10 10 10 10 10 10 10 10 10 10 10 10 10 10 10 10 10 10 10 10 10 10 10 10 10 10 10 10 10 10 10 10 10 10 10 10 10 10 10 10 10 10 10 10 10 10 10 10 10 10 10 10 10 10 10 10 10 10 10 10 10 10 10 10 10 10 10 10 10 10 10 10 10 10 10 10 10 10 10 10 10 10 10 10 10 10 10 10 10 10 10 10 10 10 10 10 10 10 10 10 10 10 10 10 10 10 10 10 10 10 10 10 10 10 10 10 10 10 10 10 10 10 10 10 10 10 10 10 10 10 10 10 10 10 10 10 10 10 10 10 10 10 10 10 10 10 10 10 10 10 10 10 10 10 10 10 10 10 10 10 10 10 10 10 10 10 10 10 10 10 10 10 10 10 10 10 10 10 10 10 10 10 10 10 10 10 10 10 10 10 10 10 10 10 10 10 10 10 10 10 10 10 10 10 10 10 10 10 10 10 10 10 10 10 10 10 10 10 10 10 10 10 10 10 10 10 10 10 10 10 10 10 10 10 10 10 10 10 10 10 10 10 10 10 10 10 10 10 10 10 10 10 10 10 10 10 10 10 10 10 10 10 10 10 10 10 10 10 10 10 10 10 10 10 10 10 10 10 10 10 10 10 10 10 10 10 10 10 10 10 10 10 10 10 10 10 10 10 10 10 10 10 10 10 10 10 10 10 10 10 10 10 10 10 10 10 10 10 10 10 10 10 10 10 10 10 10 10 10 10 10 10 10 10 10 10 10 10 10 10 10 10 10 10 10 10 10 10 10 10 10 10 10 10 10 10 10 10 10 10 10 10 10 10 10 10 10 10 10 10 10 10 10 10 10 10 10 10 10 10 10 10 10 10 10 10 10 10 10 10 10 10 10 10 10 10 10 10 10 10 10 10 10 10 10 10 10 10 10 10 10 10 10 10 10 10 10 10 10 10 10 10 10 10 10 10 10 10 10 10 10 10 10 10 10 10 10 10 10 10 10 10 10 10 10 10 10 10 10 10 10 10 10 10 10 10 10 10 10 10 10 10 10 10 10 10 10 10 10 10 10 10 10 10 10 10 10 10 10 10 10 10 10 10 10 10 10 10 10 10 10 10 10 10 10 10 10 10 10 10 10 10 10 10 10 10 10 10 10 10 10 10 10 10 10 10 10 10 10 10 10 10 10 10 10 10 10 10 10 10 10 10 10 10 10 10 10 10 10 10 10 10 10 10 10 10 10 10 10 10 10 10 10 10 10 10 10 10 10 10 10 10 10 10 10 10 10 10 10 10 10 10 10 10 10 10 10 10 10 10 10 10 10 10 10 10 10 10 10 10 10 10 10 10 10 10 10 10 10 10 10 10 10 10 10 10 10 10 10 10 10 10 10 10 10 10 10 10 10 10 10 10 10 10 10 10 10 10 10 10 10 10 10 10 10 10 10 10 10 10 10 10 10 10 10 10 10 10 10 10 10 10 10 10 10 10 10 10 10 10 10 10 10 10 10 10 10 10 10 10 10 10 10 10 10 10 10 10 10 10 10 10 10 10 10 10 10 10 10 10 10 10 10 10 10 10 10 10 10 10 10 10 10 10 10 10 10 10 10 10 10 10 10 10 10 10 10 10 10 10 10 10 10 10 10 10 10 10 10 10 10 10 10 10 10 10 10 10 10 10 10 10 10 10 10 10 10 10 10 10 10 10 10 10 10 10 10 10 10 10 10 10 10 10 10 10 10 10 10 10 10 10 10 10 10 10 10 10 10 10 10 10 10 10 10 10 10 10 10 10 10 10 10 10 10 10 10 10 10 10 10 10 10 10 10 10 10 10 10 10 10 10 10 10 10 10 10 10 10 10 10 10 10 10 10 10 10 10 10 10 10 10 10 10 10 10 10 10 10 10 10 10 10 10 10 10 10 10 10 10 10 10 10 10 10 10 10 10 10 10 10 10 10 10 10 10 10 10 10 10 10 10 10 10 10 10 10 10 10 10 10 10 10 10 10 10 10 10 10 10 10 10 10 10 10 10 10 10 10 10 10 10 10 10 10 10 10 10 10 10 10 10 10 10 10 10 10 10 10 10 10 10 10 10 10 10 10 10 10 10 10 10 10 10 10 10 10 10 10 10 10 10 10 10 10 10 10 10 10 10 10 10 10 10 10 10 10 10 10 10 10 10 10 10 10 10 10 10 10 10 10 10 10 10 10 10 10 10 10 10 10 10 10 10 10 10 10 10 10 10 10 10 10 10 10 10 10 10 10 10 10 10 10 10 10 10 10 10 10 10 10 10 10 10 10 10 10 10 10 10 10 10 10 10 10 10 10 10 10 10 10 10 10 10 10 10 10 10 10 10 10 10 10 10 10 10 10 10 10 10 10 10 10 10 10 10 10 10 10 10 10 10 10 10 10 10 10 10 10 10 10 10 10 10 10 10 10 10 10 10 10 10 10 10 10 10 10 10 10 10 10 10 10 10 10 10 10 10 10 10 10 10 10 10 10 10 10 10 10 10 10 10 10 10 10 10 10 10 10 10 10 10 10 10 10 10 10 10 10 10 10 10 10 10 10 10 10 10 10 10 10 10 10 10 10 10 10 10 10 10 10 10 10 10 10 10 10 10 10 10 10 10 10 10 10 10 10 10 10 10 10 10 10 10 10 10 10 10 10 10 10 10 10 10 10 10 10 10 10 10 10 10 10 10 10 10 10 10 10 10 10 10 10 10 10 10 10 10 10 10 10 10 10 10 10 10 10 10 10 10 10 10 10 10 10 10 10 10 10 10 10 10 10 10 10 10 10 10 10 10 10 10 10 10 10 10 10 10 10 10 10 10 10 10 10 10 10 10 10 10 10 10 10 10 10 10 10 10 10 10 10 10 10 10 10 10 10 10 10 10 10 10 10 10 10 10 10 10 10 10 10 10 10 10 10 10 10 10 10 10 10 10 10 10 10 10 10 10 10 10 10 10 10 10 10 10 10 10 10 10 10 10 10 10 10 10 10 10 10 10 10 10 10 10 10 10 10 10 10 10 10 10 10 10 10 10 10 10 10 10 10 10 10 10 10 10 10 10 10 10 10 10 10 10 10 10 10 10 10 10 10 10 10 10 10 10 10 10 10 10 10 10 10 10 10 10 10 10 10 10 10 10 10 10 10 10 10 10 10 10 10 10 10 10 10 10 10 10 10 10 10 10 10 10 10 10 10 10 10 10 10 10 10 10 10 10 10 10 10 10 10 10 10 10 10 10 10 10 10 10 10 10 10 10 10 10 10 10 10 10 10 10 10 10 10 10 10 10 10 10 10 10 10 10 10 10 10 10 10 10 10 10 10 10 10 10 10 10 10 10 10 10 10 10 10 10 10 10 10 10 10 10 10 10 10 10 10 10 10 10 10 10 10 10 10 10 10 10 10 10 10 10 10 10 10 10 10 10 10 10 10 10 10 10 10 10 10 10 10 10 10 10 10 10 10 10 10 10 10 10 10 10 10 10 10 10 10 10 10 10 10 10 10 10 10 10 10 10 10 10 10 10 10 10 10 10 10 10 10 10 10 10 10 10 10 10 10 10 10 10 10 10 10 10 10 10 10 10 10 10 10 10 10 10 10 10 10 10 10 10 10 10 10 10 10 10 10 10 10 10 10 10 10 10 10 10 10 10 10 10 10 10 10 10 10 10 10 10 10 10 10 10 10 10 10 10 10 10 10 10 10 10 10 10 10 10 10 10 10 10 10 10 10 10 10 10 10 10 10 10 10 10 10 10 10 10 10 10 10 10 10 10 10 10 10 10 10 10 10 10 10 10 10 10 10 10 10 10 10 10 10 10 10 10 10 10 10 10 10 10 10 10 10 10 10 10 10 10 10 10 10 10 10 10 10 10 10 10 10 10 10 10 10 10 10 10 10 10 10 10 10 10 10 10 10 10 10 10 10 10 10 10 10 10 10 10 10 10 10 10 10 10 10 10 10 10 10 10 10 10 10 10 10 10 10 10 10 10 10 10 10 10 10 10 10 10 10 10 10 10 10 10 10 10 10 10 10 10 10 10 10 10 10 10 10 10 10 10 10 10 10 10 10 10 10 10 10 10 10 10 10 10 10 10 10 10 10 10 10 10 10 10 10 10 10 10 10 10 10 10 10 10 10 10 10 10 10 10 10 10 10 10 10 10 10 10 10 10 10 10 10 10 10 10 10 10 10 10 10 10 10 10 10 10 10 10 10 10 10 10 10 10 10 10 10 10 10 10 10 10 10 10 10 10 10 10 10 10 10 10 10 10 10 10 10 10 10 10 10 10 10 10 10 10 10 10 10 10 10 10 10 10 10 10 10 10 10 10 10 10 10 10 10 10 10 10 10 10 10 10 10 10 10 10 10 10 10 10 10 10 10 10 10 10 10 10 10 10 10 10 10 10 10 10 10 10 10 10 10 10 10 10 10 10 10 10 10 10 10 10 10 10 10 10 10 10 10 10 10 10 10 10 10 10 10 10 10 10 10 10 10 10 10 10 10 10 10 10 10 10 10 10 10 10 10 10 10 10 10 10 10 10 10 10 10 10 10 10 10 10 10 10 10 10 10 10 10 10 10 10 10 10 10 10 10 10 10 10 10 10 10 10 10 10 10 10 10 10 10 10 10 10 10 10 10 10 10 10 10 10 10 10 10 10 10 10 10 10 10 10 10 10 10 10 10 10 10 10 10 10 10 10 10 10 10 10 10 10 10 10 10 10 10 10 10 10 10 10 10 10 10 10 10 10 10 10 10 10 10 10 10 10 10 10 10 10 10 10 10 10 10 10 10 10 10 10 10 10 10 10 10 10 10 10 10 10 10 10 10 10 10 10 10 10 10 10 10 10 10 10 10 10 10 10 10 10 10 10 10 10 10 10 10 10 10 10 10 10 10 10 10 10 10 10 10 10 10 10 10 10 10 10 10 10 10 10 10 10 10 10 10 10 10 10 10 10 10 10 10 10 10 10 10 10 10 10 10 10 10 10 10 10 10 10 10 10 10 10 10 10 10 10 10 10 10 10 10 10 10 10 10 10 10 10 10 10 10 10 10 10 10 10 10 10 10 10 10 10 10 10 10 10 10 10 10 10 10 10 10 10 10 10 10 10 10 10 10 10 10 10 10 10 10 10 10 10 10 10 10 10 10 10 10 10 10 10 10 10 10 10 10 10 10 10 10 10 10 10 10 10 10 10 10 10 10 10 10 10 10 10 10 10 10 10 10 10 10 10 10 10 10 10 10 10 10 10 10 10 10 10 10 10 10 10 10 10 10 10 10 10 10 10 10 10 10 10 10 10 10 10 10 10 10 10 10 10 10 10 10 10 10 10 10 10 10 10 10 10 10 10 10 10 10 10 10 10 10 10 10 10 10 10 10 10 10 10 10 10 10 10 10 10 10 10 10 10 10 10 10 10 10 10 10 10 10 10 10 10 10 10 10 10 10 10 10 10 10 10 10 10 10 10 10 10 10 10 10 10 10 10 10 10 10 10 10 10 10 10 10 10 10 10 10 10 10 10 10 10 10 10 10 10 10 10 10 10 10 10 10 10 10 10 10 10 10 10 10 10 10 10 10 10 10 10 10 10 10 10 10 10 10 10 10 10 10 10 10 10 10 10 10 10 10 10 10 10 10 10 10 10 10 10 10 10 10 10 10 10 10 10 10 10 10 10 10 10 10 10 10 10 10 10 10 10 10 10 10 10 10 10 10 10 10 10 10 10 10 10 10 10 10 10 10 10 10 10 10 10 10 10 10 10 10 10 10 10 10 10 10 10 10 10 10 10 10 10 10 10 10 10 10 10 10 10 10 10 10 10 10 10 10 10 10 10 10 10 10 10 10 10 10 10 10 10 10 10 10 10 10 10 10 10 10 10 10 10 10 10 10 10 10 10 10 10 10 10 10 10 10 10 10 10 10 10 10 10 10 10 10 10 10 10 10 10 10 10 10 10 10 10 10 10 10 10 10 10 10 10 10 10 10 10 10 10 10 10 10 10 10 10 10 10 10 10 10 10 10 10 10 10 10 10 10 10 10 10 10 10 10 10 10 10 10 10 10 10 10 10 10 10 10 10 10 10 10 10 10 10 10 10 10 10 10 10 10 10 10 10 10 10 10 10 10 10 10 10 10 10 10 10 10 10 10 10 10 10 10 10 10 10 10 10 10 10 10 10 10 10 10 10 10 10 10 10 10 10 10 10 10 10 10 10 10 10 10 10 10 10 10 10 10 10 10 10 10 10 10 10 10 10 10 10 10 10 10 10 10 10 10 10 10 10 10 10 10 10 10 10 10 10 10 10 10 10 10 10 10 10 10 10 10 10 10 10 10 10 10 10 10 10 10 10 10 10 10 10 10 10 10 10 10 10 10 10 10 10 10 10 10 10 10 10 10 10 10 10 10 10 10 10 10 10 10 10 10 10 10 10 10 10 10 10 10 10 10 10 10 10 10 10 10 10 10 10 10 10 10 10 10 10 10 10 10 10 10 10 10 10 10 10 10 10 10 10 10 10 10 10 10 10 10 10 10 10 10 10 10 10 10 10 10 10 10 10 10 10 10 10 10 10 10 10 10 10 10 10 10 10 10 10 10 10 10 10 10 10 10 10 10 10 10 10 10 10 10 10 10 10 10 10 10 10 10 10 10 10 10 10 10 10 10 10 10 10 10 10 10 10 10 10 10 10 10 10 10 10 10 10 10 10 10 10 10 10 10 10 10 10 10 10 10 10 10 10 10 10 10 10 10 10 10 10 10 10 10 10 10 10 10 10 10 10 10 10 10 10 10 10 10 10 10 10 10 10 10 10 10 10 10 10 10 10 10 10 10 10 10 10 10 10 10 10 10 10 10 10 10 10 10 10 10 10 10 10 10 10 10 10 10 10 10 10 10 10 10 10 10 10 10 10 10 10 10 10 10 10 10 10 10 10 10 10 10 10 10 10 10 10 10 10 10 10 10 10 10 10 10 10 10 10 10 10 10 10 10 10 10 10 10 10 10 10 10 10 10 10 10 10 10 10 10 10 10 10 10 10 10 10 10 10 10 10 10 10 10 10 10 10 10 10 10 10 10 10 10 10 10 10 10 10 10 10 10 10 10 10 10 10 10 10 10 10 10 10 10 10 10 10 10 10 10 10 10 10 10 10 10 10 10 10 10 10 10 10 10 10 10 10 10 10 10 10 10 10 10 10 10 10 10 10 10 10 10 10 10 10 10 10 10 10 10 10 10 10 10 10 10 10 10 10 10 10 10 10 10 10 10 10 10 10 10 10 10 10 10 10 10 10 10 10 10 10 10 10 10 10 10 10 10 10 10 10 10 10 10 10 10 10 10 10 10 10 10 10 10 10 10 10 10 10 10 10 10 10 10 10 10 10 10 10 10 10 10 10 10 10 10 10 10 10 10 10 10 10 10 10 10 10 10 10 10 10 10 10 10 10 10 10 10 10 10 10 10 10 10 10 10 10 10 10 10 10 10 10 10 10 10 10 10 10 10 10 10 10 10 10 10 10 10 10 10 10 10 10 10 10 10 10 10 10 10 10 10 10 10 10 10 10 10 10 10 10 10 10 10 10 10 10 10 10 10 10 10 10 10 10 10 10 10 10 10 10 10 10 10 10 10 10 10 10 10 10 10 10 10 10 10 10 10 10 10 10 10 10 10 10 10 10 10 10 10 10 10 10 10 10 10 10 10 10 10 10 10 10 10 10 10 10 10 10 10 10 10 10 10 10 10 10 10 10 10 10 10 10 10 10 10 10 10 10 10 10 10 10 10 10 10 10 10 10 10 10 10 10 10 10 10 10 10 10 10 10 10 10 10 10 10 10 10 10 10 10 10 10 10 10 10 10 10 10 10 10 10 10 10 10 10 10 10 10 10 10 10 10 10 10 10 10 10 10 10 10 10 10 10 10 10 10 10 10 10 10 10 10 10 10 10 10 10 10 10 10 10 10 10 10 10 10 10 10 10 10 10 10 10 10 10 10 10 10 10 10 10 10 10 10 10 10 10 10 10 10 10 10 10 10 10 10 10 10 10 10 10 10 10 10 10 10 10 10 10 10 10 10 10 10 10 10 10 10 10 10 10 10 10 10 10 10 10 10 10 10 10 10 10 10 10 10 10 10 10 10 10 10 10 10 10 10 10 10 10 10 10 10 10 10 10 10 10 10 10 10 10 10 10 10 10 10 10 10 10 10 10 10 10 10 10 10 10 10 10 10 10 10 10 10 10 10 10 10 10 10 10 10 10 10 10 10 10 10 10 10 10 10 10 10 10 10 10 10 10 10 10 10 10 10 10 10 10 10 10 10 10 10 10 10 10 10 10 10 10 10 10 10 10 10 10 10 10 10 10 10 10 10 10 10 10 10 10 10 10 10 10 10 10 10 10 10 10 10 10 10 10 10 10 10 10 10 10 10 10 10 10 10 10 10 10 10 10 10 10 10 10 10 10 10 10 10 10 10 10 10 10 10 10 10 10 10 10 10 10 10 10 10 10 10 10 10 10 10 10 10 10 10 10 10 10 10 10 10 10 10 10 10 10 10 10 10 10 10 10 10 10 10 10 10 10 10 10 10 10 10 10 10 10 10 10 10 10 10 10 10 10 10 10 10 10 10 10 10 10 10 10 10 10 10 10 10 10 10 10 10 10 10 10 10 10 10 10 10 10 10 10 10 10 10 10 10 10 10 10 10 10 10 10 10 10 10 10 10 10 10 10 10 10 10 10 10 10 10 10 10 10 10 10 10 10 10 10 10 10 10 10 10 10 10 10 10 10 10 10 10 10 10 10 10 10 10 10 10 10 10 10 10 10 10 10 10 10 10 10 10 10 10 10 10 10 10 10 10 10 10 10 10 10 10 10 10 10 10 10 10 10 10 10 10 10 10 10 10 10 10 10 10 10 10 10 10 10 10 10 10 10 10 10 10 10 10 10 10 10 10 10 10 10 10 10 10 10 10 10 10 10 10 10 10 10 10 10 10 10 10 10 10 10 10 10 10 10 10 10 10 10 10 10 10 10 10 10 10 10 10 10 10 10 10 10 10 10 10 10 10 10 10 10 10 10 10 10 10 10 10 10 10 10 10 10 10 10 10 10 10 10 10 10 10 10 10 10 10 10 10 10 10 10 10 10 10 10 10 10 10 10 10 10 10 10 10 10 10 10 10 10 10 10 10 10 10 10 10 10 10 10 10 10 10 10 10 10 10 10 10 10 10 10 10 10 10 10 10 10 10 10 10 10 10 10 10 10 10 10 10 10 10 10 10 10 10 10 10 10 10 10 10 10 10 10 10 10 10 10 10 10 10 10 10 10 10 10 10 10 10 10 10 10 10 10 10 10 10 10 10 10 10 10 10 10 10 10 10 10 10 10 10 10 10 10 10 10 10 10 10 10 10 10 10 10 10 10 10 10 10 10 10 10 10 10 10 10 10 10 10 10 10 10 10 10 10 10 10 10 10 10 10 10 10 10 10 10 10 10 10 10 10 10 10 10 10 10 10 10 10 10 10 10 10 10 10 10 10 10 10 10 10 10 10 10 10 10 10 10 10 10 10 10 10 10 10 10 10 10 10 10 10 10 10 10 10 10 10 10 10 10 10 10 10 10 10 10 10 10 10 10 10 10 10 10 10 10 10 10 10 10 10 10 10 10 10 10 10 10 10 10 10 10 10 10 10 10 10 10 10 10 10 10 10 10 10 10 10 10 10 10 10 10 10 10 10 10 10 10 10 10 10 10 10 10 10 10 10 10 10 10 10 10 10 10 10 10 10 10 10 10 10 10 10 10 10 10 10 10 10 10 10 10 10 10 10 10 10 10 10 10 10 10 10 10 10 10 10 10 10 10 10 10 10 10 10 10 10 10 10 10 10 10 10 10 10 10 10 10 10 10 10 10 10 10 10 10 10 10 10 10 10 10 10 10 10 10 10 10 10 10 10 10 10 10 10 10 10 10 10 10 10 10 10 10 10 10 10 10 10 10 10 10 10 10 10 10 10 10 10 10 10 10 10 10 10 10 10 10 10 10 10 10 10 10 10 10 10 10 10 10 10 10 10 10 10 10 10 10 10 10 10 10 10 10 10 10 10 10 10 10 10 10 10 10 10 10 10 10 10 10 10 10 10 10 10 10 10 10 10 10 10 10 10 10 10 10 10 10 10 10 10 10 10 10 10 10 10 10 10 10 10 10 10 10 10 10 10 10 10 10 10 10 10 10 10 10 10 10 10 10 10 10 10 10 10 10 10 10 10 10 10 10 10 10 10 10 10 10 10 10 10 10 10 10 10 10 10 10 10 10 10 10 10 10 10 10 10 10 10 10 10 10 10 10 10 10 10 10 10 10 10 10 10 10 10 10 10 10 10 10 10 10 10 10 10 10 10 10 10 10 10 10 10 10 10 10 10 10 10 10 10 10 10 10 10 10 10 10 10 10 10 10 10 10 10 10 10 10 10 10 10 10 10 10 10 10 10 10 10 10 10 10 10 10 10 10 10 10 10 10 10 10 10 10 10 10 10 10 10 10 10 10 10 10 10 10 10 10 10 10 10 10 10 10 10 10 10 10 10 10 10 10 10 10 10 10 10 10 10 10 10 10 10 10 10 10 10 10 10 10 10 10 10 10 10 10 10 10 10 10 10 10 10 10 10 10 10 10 10 10 10 10 10 10 10 10 10 10 10 10 10 10 10 10 10 10 10 10 10 10 10 10 10 10 10 10 10 10 10 10 10 10 10 10 10 10 10 10 10 10 10 10 10 10 10 10 10 10 10 10 10 10 10 10 10 10 10 10 10 10 10 10 10 10 10 10 10 10 10 10 10 10 10 10 10 10 10 10 10 10 10 10 10 10 10 10 10 10 10 10 10 10 10 10 10 10 10 10 10 10 10 10 10 10 10 10 10 10 10 10 10 10 10 10 10 10 10 10 10 10 10 10 10 10 10 10 10 10 10 10 10 10 10 10 10 10 10 10 10 10 10 10 10 10 10 10 10 10 10 10 10 10 10 10 10 10 10 10 10 10 10 10 10 10 10 10 10 10 10 10 10 10 10 10 10 10 10 10 10 10 10 10 10 10 10 10 10 10 10 10 10 10 10 10 10 10 10 10 10 10 10 10 10 10 10 10 10 10 10 10 10 10 10 10 10 10 10 10 10 10 10 10 10 10 10 10 10 10 10 10 10 10 10 10 10 10 10 10 10 10 10 10 10 10 10 10 10 10 10 10 10 10 10 10 10 10 10 10 10 10 10 10 10 10 10 10 10 10 10 10 10 10 10 10 10 10 10 10 10 10 10 10 10 10 10 10 10 10 10 10 10 10 10 10 10 10 10 10 10 10 10 10 10 10 10 10 10 10 10 10 10 10 10 10 10 10 10 10 10 10 10 10 10 10 10 10 10 10 10 10 10 10 10 10 10 10 10 10 10 10 10 10 10 10 10 10 10 10 10 10 10 10 10 10 10 10 10 10 10 10 10 10 10 10 10 10 10 10 10 10 10 10 10 10 10 10 10 10 10 10 10 10 10 10 10 10 10 10 10 10 10 10 10 10 10 10 10 10 10 10 10 10 10 10 10 10 10 10 10 10 10 10 10 10 10 10 10 10 10 10 10 10 10 10 10 10 10 10 10 10 10 10 10 10 10 10 10 10 10 10 10 10 10 10 10 10 10 10 10 10 10 10 10 10 10 10 10 10 10 10 10 10 10 10 10 10 10 10 10 10 10 10 10 10 10 10 10 10 10 10 10 10 10 10 10 10 10 10 10 10 10 10 10 10 10 10 10 10 10 10 10 10 10 10 10 10 10 10 10 10 10 10 10 10 10 10 10 10 10 10 10 10 10 10 10 10 10 10 10 10 10 10 10 10 10 10 10 10 10 10 10 10 10 10 10 10 10 10 10 10 10 10 10 10 10 10 10 10 10 10 10 10 10 10 10 10 10 10 10 10 10 10 10 10 10 10 10 10 10 10 10 10 10 10 10 10 10 10 10 10 10 10 10 10 10 10 10 10 10 10 10 10 10 10 10 10 10 10 10 10 10 10 10 10 10 10 10 10 10 10 10 10 10 10 10 10 10 10 10 10 10 10 10 10 10 10 10 10 10 10 10 10 10 10 10 10 10 10 10 10 10 10 10 10 10 10 10 10 10 10 10 10 10 10 10 10 10 10 10 10 10 10 10 10 10 10 10 10 10 10 10 10 10 10 10 10 10 10 10 10 10 10 10 10 10 10 10 10 10 10 10 10 10 10 10 10 10 10 10 10 10 10 10 10 10 10 10 10 10 10 10 10 10 10 10 10 10 10 10 10 10 10 10 10 10 10 10 10 10 10 10 10 10 10 10 10 10 10 10 10 10 10 10 10 10 10 10 10 10 10 10 10 10 10 10 10 10 10 10 10 10 10 10 10 10 10 10 10 10 10 10 10 10 10 10 10 10 10 10 10 10 10 10 10 10 10 10 10 10 10 10 10 10 10 10 10 10 10 10 10 10 10 10 10 10 10 10 10 10 10 10 10 10 10 10 10 10 10 10 10 10 10 10 10 10 10 10 10 10 10 10 10 10 10 10 10 10 10 10 10 10 10 10 10 10 10 10 10 10 10 10 10 10 10 10 10 10 10 10 10 10 10 10 10 10 10 10 10 10 10 10 10 10 10 10 10 10 10 10 10 10 10 10 10 10 10 10 10 10 10 10 10 10 10 10 10 10 10 10 10 10 10 10 10 10 10 10 10 10 10 10 10 10 10 10 10 10 10 10 10 10 10 10 10 10 10 10 10 10 10 10 10 10 10 10 10 10 10 10 10 10 10 10 10 10 10 10 10 10 10 10 10 10 10 10 10 10 10 10 10 10 10 10 10 10 10 10 10 10 10 10 10 10 10 10 10 10 10 10 10 10 10 10 10 10 10 10 10 10 10 10 10 10 10 10 10 10 10 10 10 10 10 10 10 10 10 10 10 10 10 10 10 10 10 10 10 10 10 10 10 10 10 10 10 10 10 10 10 10 10 10 10 10 10 10 10 10 10 10 10 10 10 10 10 10 10 10 10 10 10 10 10 10 10 10 10 10 10 10 10 10 10 10 10 10 10 10 10 10 10 10 10 10 10 10 10 10 10 10 10 10 10 10 10 10 10 10 10 10 10 10 10 10 10 10 10 10 10 10 10 10 10 10 10 10 10 10 10 10 10 10 10 10 10 10 10 10 10 10 10 10 10 10 10 10 10 10 10 10 10 10 10 10 10 10 10 10 10 10 10 10 10 10 10 10 10 10 10 10 10 10 10 10 10 10 10 10 10 10 10 10 10 10 10 10 10 10 10 10 10 10 10 10 10 10 10 10 10 10 10 10 10 10 10 10 10 10 10 10 10 10 10 10 10 10 10 10 10 10 10 10 10 10 10 10 10 10 10 10 10 10 10 10 10 10 10 10 10 10 10 10 10 10 10 10 10 10 10 10 10 10 10 10 10 10 10 10 10 10 10 10 10 10 10 10 10 10 10 10 10 10 10 10 10 10 10 10 10 10 10 10 10 10 10 10 10 10 10 10 10 10 10 10 10 10 10 10 10 10 10 10 10 10 10 10 10 10 10 10 10 10 10 10 10 10 10 10 10 10 10 10 10 10 10 10 10 10 10 10 10 10 10 10 10 10 10 10 10 10 10 10 10 10 10 10 10 10 10 10 10 10 10 10 10 10 10 10 10 10 10 10 10 10 10 10 10 10 10 10 10 10 10 10 10 10 10 10 10 10 10 10 10 10 10 10 10 10 10 10 10 10 10 10 10 10 10 10 10 10 10 10 10 10 10 10 10 10 10 10 10 10 10 10 10 10 10 10 10 10 10 10 10 10 10 10 10 10 10 10 10 10 10 10 10 10 10 10 10 10 10 10 10 10 10 10 10 10 10 10 10 10 10 10 10 10 10 10 10 10 10 10 10 10 10 10 10 10 10 10 10 10 10 10 10 10 10 10 10 10 10 10 10 10 10 10 10 10 10 10 10 10 10 10 10 10 10 10 10 10 10 10 10 10 10 10 10 10 10 10 10 10 10 10 10 10 10 10 10 10 10 10 10 10 10 10 10 10 10 10 10 10 10 10 10 10 10 10 10 10 10 10 10 10 10 10 10 10 10 10 10 10 10 10 10 10 10 10 10 10 10 10 10 10 10 10 10 10 10 10 10 10 10 10 10 10 10 10 10 10 10 10 10 10 10 10 10 10 10 10 10 10 10 10 10 10 10 10 10 10 10 10 10 10 10 10 10 10 10 10 10 10 10 10 10 10 10 10 10 10 10 10 10 10 10 10 10 10 10 10 10 10 10 10 10 10 10 10 10 10 10 10 10 10 10 10 10 10 10 10 10 10 10 10 10 10 10 10 10 10 10 10 10 10 10 10 10 10 10 10 10 10 10 10 10 10 10 10 10 10 10 10 10 10 10 10 10 10 10 10 10 10 10 10 10 10 10 10 10 10 10 10 10 10 10 10 10 10 10 10 10 10 10 10 10 10 10 10 10 10 10 10 10 10 10 10 10 10 10 10 10 10 10 10 10 10 10 10 10 10 10 10 10 10 10 10 10 10 10 10 10 10 10 10 10 10 10 10 10 10 10 10 10 10 10 10 10 10 10 10 10 10 10 10 10 10 10 10 10 10 10 10 10 10 10 10 10 10 10 10 10 10 10 10 10 10 10 10 10 10 10 10 10 10 10 10 10 10 10 10 10 10 10 10 10 10 10 10 10 10 10 10 10 10 10 10 10 10 10 10 10 10 10 10 10 10 10 10 10 10 10 10 10 10 10 10 10 10 10 10 10 10 10 10 10 10 10 10 10 10 10 10 10 10 10 10 10 10 10 10 10 10 10 10 10 10 10 10 10 10 10 10 10 10 10 10 10 10 10 10 10 10 10 10 10 10 10 10 10 10 10 10 10 10 10 10 10 10 10 10 10 10 10 10 10 10 10 10 10 10 10 10 10 10 10 10 10 10 10 10 10 10 10 10 10 10 10 10 10 10 10 10 10 10 10 10 10 10 10 10 10 10 10 10 10 10 10 10 10 10 10 10 10 10 10 10 10 10 10 10 10 10 10 10 10 10 10 10 10 10 10 10 10 10 10 10 10 10 10 10 10 10 10 10 10 10 10 10 10 10 10 10 10 10 10 10 10 10 10 10 10 10 10 10 10 10 10 10 10 10 10 10 10 10 10 10 10 10 10 10 10 10 10 10 10 10 10 10 10 10 10 10 10 10 10 10 10 10 10 10 10 10 10 10 10 10 10 10 10 10 10 10 10 10 10 10 10 10 10 10 10 10 10 10 10 10 10 10 10 10 10 10 10 10 10 10 10 10 10 10 10 10 10 10 10 10 10 10 10 10 10 10 10 10 10 10 10 10 10 10 10 10 10 10 10 10 10 10 10 10 10 10 10 10 10 10 10 10 10 10 10 10 10 10 10 10 10 10 10 10 10 10 10 10 10 10 10 10 10 10 10 10 10 10 10 10 10 10 10 10 10 10 10 10 10 10 10 10 10 10 10 10 10 10 10 10 10 10 10 10 10 10 10 10 10 10 10 10 10 10 10 10 10 10 10 10 10 10 10 10 10 10 10 10 10 10 10 10 10 10 10 10 10 10 10 10 10 10 10 10 10 10 10 10 10 10 10 10 10 10 10 10 10 10 10 10 10 10 10 10 10 10 10 10 10 10 10 10 10 10 10 10 10 10 10 10 10 10 10 10 10 10 10 10 10 10 10 10 10 10 10 10 10 10 10 10 10 10 10 10 10 10 10 10 10 10 10 10 10 10 10 10 10 10 10 10 10 10 10 10 10 10 10 10 10 10 10 10 10 10 10 10 10 10 10 10 10 10 10 10 10 10 10 10 10 10 10 10 10 10 10 10 10 10 10 10 10 10 10 10 10 10 10 10 10 10 10 10 10 10 10 10 10 10 10 10 10 10 10 10 10 10 10 10 10 10 10 10 10 10 10 10 10 10 10 10 10 10 10 10 10 10 10 10 10 10 10 10 10 10 10 10 10 10 10 10 10 10 10 10 10 10 10 10 10 10 10 10 10 10 10 10 10 10 10 10 10 10 10 10 10 10 10 10 10 10 10 10 10 10 10 10 10 10 10 10 10 10 10 10 10 10 10 10 10 10 10 10 10 10 10 10 10 10 10 10 10 10 10 10 10 10 10 10 10 10 10 10 10 10 10 10 10 10 10 10 10 10 10 10 10 10 10 10 10 10 10 10 10 10 10 10 10 10 10 10 10 10 10 10 10 10 10 10 10 10 10 10 10 10 10 10 10 10 10 10 10 10 10 10 10 10 10 10 10 10 10 10 10 10 10 10 10 10 10 10 10 10 10 10 10 10 10 10 10 10 10 10 10 10 10 10 10 10 10 10 10 10 10 10 10 10 10 10 10 10 10 10 10 10 10 10 10 10 10 10 10 10 10 10 10 10 10 10 10 10 10 10 10 10 10 10 10 10 10 10 10 10 10 10 10 10 10 10 10 10 10 10 10 10 10 10 10 10 10 10 10 10 10 10 10 10 10 10 10 10 10 10 10 10 10 10 10 10 10 10 10 10 10 10 10 10 10 10 10 10 10 10 10 10 10 10 10 10 10 10 10 10 10 10 10 10 10 10 10 10 10 10 10 10 10 10 10 10 10 10 10 10 10 10 10 10 10 10 10 10 10 10 10 10 10 10 10 10 10 10 10 10 10 10 10 10 10 10 10 10 10 10 10 10 10 10 10 10 10 10 10 10 10 10 10 10 10 10 10 10 10 10 10 10 10 10 10 10 10 10 10 10 10 10 10 10 10 10 10 10 10 10 10 10 10 10 10 10 10 10 10 10 10 10 10 10 10 10 10 10 10 10 10 10 10 10 10 10 10 10 10 10 10 10 10 10 10 10 10 10 10 10 10 10 10 10 10 10 10 10 10 10 10 10 10 10 10 10 10 10 10 10 10 10 10 10 10 10 10 10 10 10 10 10 10 10 10 10 10 10 10 10 10 10 10 10 10 10 10 10 10 10 10 10 10 10 10 10 10 10 10 10 10 10 10 10 10 10 10 10 10 10 10 10 10 10 10 10 10 10 10 10 10 10 10 10 10 10 10 10 10 10 10 10 10 10 10 10 10 10 10 10 10 10 10 10 10 10 10 10 10 10 10 10 10 10 10 10 10 10 10 10 10 10 10 10 10 10 10 10 10 10 10 10 10 10 10 10 10 10 10 10 10 10 10 10 10 10 10 10 10 10 10 10 10 10 10 10 10 10 10 10 10 10 10 10 10 10 10 10 10 10 10 10 10 10 10 10 10 10 10 10 10 10 10 10 10 10 10 10 10 10 10 10 10 10 10 10 10 10 10 10 10 10 10 10 10 10 10 10 10 10 10 10 10 10 10 10 10 10 10 10 10 10 10 10 10 10 10 10 10 10 10 10 10 10 10 10 10 10 10 10 10 10 10 10 10 10 10 10 10 10 10 10 10 10 10 10 10 10 10 10 10 10 10 10 10 10 10 10 10 10 10 10 10 10 10 10 10 10 10 10 10 10 10 10 10 10 10 10 10 10 10 10 10 10 10 10 10 10 10 10 10 10 10 10 10 10 10 10 10 10 10 10 10 10 10 10 10 10 10 10 10 10 10 10 10 10 10 10 10 10 10 10 10 10 10 10 10 10 10 10 10 10 10 10 10 10 10 10 10 10 10 10 10 10 10 10 10 10 10 10 10 10 10 10 10 10 10 10 10 10 10 10 10 10 10 10 10 10 10 10 10 10 10 10 10 10 10 10 10 10 10 10 10 10 10 10 10 10 10 10 10 10 10 10 10 10 10 10 10 10 10 10 10 10 10 10 10 10 10 10 10 10 10 10 10 10 10 10 10 10 10 10 10 10 10 10 10 10 10 10 10 10 10 10 10 10 10 10 10 10 10 10 10 10 10 10 10 10 10 10 10 10 10 10 10 10 10 10 10 10 10 10 10 10 10 10 10 10 10 10 10 10 10 10 10 10 10 10 10 10 10 10 10 10 10 10 10 10 10 10 10 10 10 10 10 10 10 10 10 10 10 10 10 10 10 10 10 10 10 10 10 10 10 10 10 10 10 10 10 10 10 10 10 10 10 10 10 10 10 10 10 10 10 10 10 10 10 10 10 10 10 10 10 10 10 10 10 10 10 10 10 10 10 10 10 10 10 10 10 10 10 10 10 10 10 10 10 10 10 10 10 10 10 10 10 10 10 10 10 10 10 10 10 10 10 10 10 10 10 10 10 10 10 10 10 10 10 10 10 10 10 10 10 10 10 10 10 10 10 10 10 10 10 10 10 10 10 10 10 10 10 10 10 10 10 10 10 10 10 10 10 10 10 10 10 10 10 10 10 10 10 10 10 10 10 10 10 10 10 10 10 10 10 10 10 10 10 10 10 10 10 10 10 10 10 10 10 10 10 10 10 10 10 10 10 10 10 10 10 10 10 10 10 10 10 10 10 10 10 10 10 10 10 10 10 10 10 10 10 10 10 10 10 10 10 10 10 10 10 10 10 10 10 10 10 10 10 10 10 10 10 10 10 10 10 10 10 10 10 10 10 10 10 10 10 10 10 10 10 10 10 10 10 10 10 10 10 10 10 10 10 10 10 10 10 10 10 10 10 10 10 10 10 10 10 10 10 10 10 10 10 10 10 10 10 10 10 10 10 10 10 10 10 10 10 10 10 10 10 10 10 10 10 10 10 10 10 10 10 10 10 10 10 10 10 10 10 10 10 10 10 10 10 10 10 10 10 10 10 10 10 10 10 10 10 10 10 10 10 10 10 10 10 10 10 10 10 10 10 10 10 10 10 10 10 10 10 10 10 10 10 10 10 10 10 10 10 10 10 10 10 10 10 10 10 10 10 10 10 10 10 10 10 10 10 10 10 10 10 10 10 10 10 10 10 10 10 10 10 10 10 10 10 10 10 10 10 10 10 10 10 10 10 10 10 10 10 10 10 10 10 10 10 10 10 10 10 10 10 10 10 10 10 10 10 10 10 10 10 10 10 10 10 10 10 10 10 10 10 10 10 10 10 10 10 10 10 10 10 10 10 10 10 10 10 10 10 10 10 10 10 10 10 10 10 10 10 10 10 10 10 10 10 10 10 10 10 10 10 10 10 10 10 10 10 10 10 10 10 10 10 10 10 10 10 10 10 10 10 10 10 10 10 10 10 10 10 10 10 10 10 10 10 10 10 10 10 10 10 10 10 10 10 10 10 10 10 10 10 10 10 10 10 10 10 10 10 10 10 10 10 10 10 10 10 10 10 10 10 10 10 10 10 10 10 10 10 10 10 10 10 10 10 10 10 10 10 10 10 10 10 10 10 10 10 10 10 10 10 10 10 10 10 10 10 10 10 10 10 10 10 10 10 10 10 10 10 10 10 10 10 10 10 10 10 10 10 10 10 10 10 10 10 10 10 10 10 10 10 10 10 10 10 10 10 10 10 10 10 10 10 10 10 10 10 10 10 10 10 10 10 10 10 10 10 10 10 10 10 10 10 10 10 10 10 10 10 10 10 10 10 10 10 10 10 10 10 10 10 10 10 10 10 10 10 10 10 10 10 10 10 10 10 10 10 10 10 10 10 10 10 10 10 10 10 10 10 10 10 10 10 10 10 10 10 10 10 10 10 10 10 10 10 10 10 10 10 10 10 10 10 10 10 10 10 10 10 10 10 10 10 10 10 10 10 10 10 10 10 10 10 10 10 10 10 10 10 10 10 10 10 10 10 10 10 10 10 10 10 10 10 10 10 10 10 10 10 10 10 10 10 10 10 10 10 10 10 10 10 10 10 10 10 10 10 10 10 10 10 10 10 10 10 10 10 10 10 10 10 10 10 10 10 10 10 10 10 10 10 10 10 10 10 10 10 10 10 10 10 10 10 10 10 10 10 10 10 10 10 10 10 10 10 10 10 10 10 10 10 10 10 10 10 10 10 10 10 10 10 10 10 10 10 10 10 10 10 10 10 10 10 10 10 10 10 10 10 10 10 10 10 10 10 10 10 10 10 10 10 10 10 10 10 10 10 10 10 10 10 10 10 10 10 10 10 10 10 10 10 10 10 10 10 10 10 10 10 10 10 10 10 10 10 10 10 10 10 10 10 10 10 10 10 10 10 10 10 10 10 10 10 10 10 10 10 10 10 10 10 10 10 10 10 10 10 10 10 10 10 10 10 10 10 10 10 10 10 10 10 10 10 10 10 10 10 10 10 10 10 10 10 10 10 10 10 10 10 10 10 10 10 10 10 10 10 10 10 10 10 10 10 10 10 10 10 10 10 10 10 10 10 10 10 10 10 10 10 10 10 10 10 10 10 10 10 10 10 10 10 10 10 10 10 10 10 10 10 10 10 10 10 10 10 10 10 10 10 10 10 10 10 10 10 10 10 10 10 10 10 10 10 10 10 10 10 10 10 10 10 10 10 10 10 10 10 10 10 10 10 10 10 10 10 10 10 10 10 10 10 10 10 10 10 10 10 10 10 10 10 10 10 10 10 10 10 10 10 10 10 10 10 10 10 10 10 10 10 10 10 10 10 10 10 10 10 10 10 10 10 10 10 10 10 10 10 10 10 10 10 10 10 10 10 10 10 10 10 10 10 10 10 10 10 10 10 10 10 10 10 10 10 10 10 10 10 10 10 10 10 10 10 10 10 10 10 10 10 10 10 10 10 10 10 10 10 10 10 10 10 10 10 10 10 10 10 10 10 10 10 10 10 10 10 10 10 10 10 10 10 10 10 10 10 10 10 10 10 10 10 10 10 10 10 10 10 10 10 10 10 10 10 10 10 10 10 10 10 10 10 10 10 10 10 10 10 10 10 10 10 10 10 10 10 10 10 10 10 10 10 10 10 10 10 10 10 10 10 10 10 10 10 10 10 10 10 10 10 10 10 10 10 10 10 10 10 10 10 10 10 10 10 10 10 10 10 10 10 10 10 10 10 10 10 10 10 10 10 10 10 10 10 10 10 10 10 10 10 10 10 10 10 10 10 10 10 10 10 10 10 10 10 10 10 10 10 10 10 10 10 10 10 10 10 10 10 10 10 10 10 10 10 10 10 10 10 10 10 10 10 10 10 10 10 10 10 10 10 10 10 10 10 10 10 10 10 10 10 10 10 10 10 10 10 10 10 10 10 10 10 10 10 10 10 10 10 10 10 10 10 10 10 10 10 10 10 10 10 10 10 10 10 10 10 10 10 10 10 10 10 10 10 10 10 10 10 10 10 10 10 10 10 10 10 10 10 10 10 10 10 10 10 10 10 10 10 10 10 10 10 10 10 10 10 10 10 10 10 10 10 10 10 10 10 10 10 10 10 10 10 10 10 10 10 10 10 10 10 10 10 10 10 10 10 10 10 10 10 10 10 10 10 10 10 10 10 10 10 10 10 10 10 10 10 10 10 10 10 10 10 10 10 10 10 10 10 10 10 10 10 10 10 10 10 10 10 10 10 10 10 10 10 10 10 10 10 10 10 10 10 10 10 10 10 10 10 10 10 10 10 10 10 10 10 10 10 10 10 10 10 10 10 10 10 10 10 10 10 10 10 10 10 10 10 10 10 10 10 10 10 10 10 10 10 10 10 10 10 10 10 10 10 10 10 10 10 10 10 10 10 10 10 10 10 10 10 10 10 10 10 10 10 10 10 10 10 10 10 10 10 10 10 10 10 10 10 10 10 10 10 10 10 10 10 10 10 10 10 10 10 10 10 10 10 10 10 10 10 10 10 10 10 10 10 10 10 10 10 10 10 10 10 10 10 10 10 10 10 10 10 10 10 10 10 10 10 10 10 10 10 10 10 10 10 10 10 10 10 10 10 10 10 10 10 10 10 10 10 10 10 10 10 10 10 10 10 10 10 10 10 10 10 10 10 10 10 10 10 10 10 10 10 10 10 10 10 10 10 10 10 10 10 10 10 10 10 10 10 10 10 10 10 10 10 10 10 10 10 10 10 10 10 10 10 10 10 10 10 10 10 10 10 10 10 10 10 10 10 10 10 10 10 10 10 10 10 10 10 10 10 10 10 10 10 10 10 10 10 10 10 10 10 10 10 10 10 10 10 10 10 10 10 10 10 10 10 10 10 10 10 10 10 10 10 10 10 10 10 10 10 10 10 10 10 10 10 10 10 10 10 10 10 10 10 10 10 10 10 10 10 10 10 10 10 10 10 10 10 10 10 10 10 10 10 10 10 10 10 10 10 10 10 10 10 10 10 10 10 10 10 10 10 10 10 10 10 10 10 10 10 10 10 10 10 10 10 10 10 10 10 10 10 10 10 10 10 10 10 10 10 10 10 10 10 10 10 10 10 10 10 10 10 10 10 10 10 10 10 10 10 10 10 10 10 10 10 10 10 10 10 10 10 10 10 10 10 10 10 10 10 10 10 10 10 10 10 10 10 10 10 10 10 10 10 10 10 10 10 10 10 10 10 10 10 10 10 10 10 10 10 10 10 10 10 10 10 10 10 10 10 10 10 10 10 10 10 10 10 10 10 10 10 10 10 10 10 10 10 10 10 10 10 10 10 10 10 10 10 10 10 10 10 10 10 10 10 10 10 10 10 10 10 10 10 10 10 10 10 10 10 10 10 10 10 10 10 10 10 10 10 10 10 10 10 10 10 10 10 10 10 10 10 10 10 10 10 10 10 10 10 10 10 10 10 10 10 10 10 10 10 10 10 10 10 10 10 10 10 10 10 10 10 10 10 10 10 10 10 10 10 10 10 10 10 10 10 10 10 10 10 10 10 10 10 10 10 10 10 10 10 10 10 10 10 10 10 10 10 10 10 10 10 10 10 10 10 10 10 10 10 10 10 10 10 10 10 10 10 10 10 10 10 10 10 10 10 10 10 10 10 10 10 10 10 10 10 10 10 10 10 10 10 10 10 10 10 10 10 10 10 10 10 10 10 10 10 10 10 10 10 10 10 10 10 10 10 10 10 10 10 10 10 10 10 10 10 10 10 10 10 10 10 10 10 10 10 10 10 10 10 10 10 10 10 10 10 10 10 10 10 10 10 10 10 10 10 10 10 10 10 10 10 10 10 10 10 10 10 10 10 10 10 10 10 10 10 10 10 10 10 10 10 10 10 10 10 10 10 10 10 10 10 10 10 10 10 10 10 10 10 10 10 10 10 10 10 10 10 10 10 10 10 10 10 10 10 10 10 10 10 10 10 10 10 10 10 10 10 10 10 10 10 10 10 10 10 10 10 10 10 10 10 10 10 10 10 10 10 10 10 10 10 10 10 10 10 10 10 10 10 10 10 10 10 10 10 10 10 10 10 10 10 10 10 10 10 10 10 10 10 10 10 10 10 10 10 10 10 10 10 10 10 10 10 10 10 10 10 10 10 10 10 10 10 10 10 10 10 10 10 10 10 10 10 10 10 10 10 10 10 10 10 10 10 10 10 10 10 10 10 10 10 10 10 10 10 10 10 10 10 10 10 10 10 10 10 10 10 10 10 10 10 10 10 10 10 10 10 10 10 10 10 10 10 10 10 10 10 10 10 10 10 10 10 10 10 10 10 10 10 10 10 10 10 10 10 10 10 10 10 10 10 10 10 10 10 10 10 10 10 10 10 10 10 10 10 10 10 10 10 10 10 10 10 10 10 10 10 10 10 10 10 10 10 10 10 10 10 10 10 10 10 10 10 10 10 10 10 10 10 10 10 10 10 10 10 10 10 10 10 10 10 10 10 10 10 10 10 10 10 10 10 10 10 10 10 10 10 10 10 10 10 10 10 10 10 10 10 10 10 10 10 10 10 10 10 10 10 10 10 10 10 10 10 10 10 10 10 10 10 10 10 10 10 10 10 10 10 10 10 10 10 10 10 10 10 10 10 10 10 10 10 10 10 10 10 10 10 10 10 10 10 10 10 10 10 10 10 10 10 10 10 10 10 10 10 10 10 10 10 10 10 10 10 10 10 10 10 10 10 10 10 10 10 10 10 10 10 10 10 10 10 10 10 10 10 10 10 10 10 10 10 10 10 10 10 10 10 10 10 10 10 10 10 10 10 10 10 10 10 10 10 10 10 10 10 10 10 10 10 10 10 10 10 10 10 10 10 10 10 10 10 10 10 10 10 10 10 10 10 10 10 10 10 10 10 10 10 10 10 10 10 10 10 10 10 10 10 10 10 10 10 10 10 10 10 10 10 10 10 10 10 10 10 10 10 10 10 10 10 10 10 10 10 10 10 10 10 10 10 10 10 10 10 10 10 10 10 10 10 10 10 10 10 10 10 10 10 10 10 10 10 10 10 10 10 10 10 10 10 10 10 10 10 10 10 10 10 10 10 10 10 10 10 10 10 10 10 10 10 10 10 10 10 10 10 10 10 10 10 10 10 10 10 10 10 10 10 10 10 10 10 10 10 10 10 10 10 10 10 10 10 10 10 10 10 10 10 10 10 10 10 10 10 10 10 10 10 10 10 10 10 10 10 10 10 10 10 10 10 10 10 10 10 10 10 10 10 10 10 10 10 10 10 10 10 10 10 10 10 10 10 10 10 10 10 10 10 10 10 10 10 10 10 10 10 10 10 10 10 10 10 10 10 10 10 10 10 10 10 10 10 10 10 10 10 10 10 10 10 10 10 10 10 10 10 10 10 10 10 10 10 10 10 10 10 10 10 10 10 10 10 10 10 10 10 10 10 10 10 10 10 10 10 10 10 10 10 10 10 10 10 10 10 10 10 10 10 10 10 10 10 10 10 10 10 10 10 10 10 10 10 10 10 10 10 10 10 10 10 10 10 10 10 10 10 10 10 10 10 10 10 10 10 10 10 10 10 10 10 10 10 10 10 10 10 10 10 10 10 10 10 10 10 10 10 10 10 10 10 10 10 10 10 10 10 10 10 10 10 10 10 10 10 10 10 10 10 10 10 10 10 10 10 10 10 10 10 10 10 10 10 10 10 10 10 10 10 10 10 10 10 10 10 10 10 10 10 10 10 10 10 10 10 10 10 10 10 10 10 10 10 10 10 10 10 10 10 10 10 10 10 10 10 10 10 10 10 10 10 10 10 10 10 10 10 10 10 10 10 10 10 10 10 10 10 10 10 10 10 10 10 10 10 10 10 10 10 10 10 10 10 10 10 10 10 10 10 10 10 10 10 10 10 10 10 10 10 10 10 10 10 10 10 10 10 10 10 10 10 10 10 10 10 10 10 10 10 10 10 10 10 10 10 10 10 10 10 10 10 10 10 10 10 10 10 10 10 10 10 10 10 10 10 10 10 10 10 10 10 10 10 10 10 10 10 10 10 10 10 10 10 10 10 10 10 10 10 10 10 10 10 10 10 10 10 10 10 10 10 10 10 10 10 10 10 10 10 10 10 10 10 10 10 10 10 10 10 10 10 10 10 10 10 10 10 10 10 10 10 10 10 10 10 10 10 10 10 10 10 10 10 10 10 10 10 10 10 10 10 10 10 10 10 10 10 10 10 10 10 10 10 10 10 10 10 10 10 10 10 10 10 10 10 10 10 10 10 10 10 10 10 10 10 10 10 10 10 10 10 10 10 10 10 10 10 10 10 10 10 10 10 10 10 10 10 10 10 10 10 10 10 10 10 10 10 10 10 10 10 10 10 10 10 10 10 10 10 10 10 10 10 10 10 10 10 10 10 10 10 10 10 10 10 10 10 10 10 10 10 10 10 10 10 10 10 10 10 10 10 10 10 10 10 10 10 10 10 10 10 10 10 10 10 10 10 10 10 10 10 10 10 10 10 10 10 10 10 10 10 10 10 10 10 10 10 10 10 10 10 10 10 10 10 10 10 10 10 10 10 10 10 10 10 10 10 10 10 10 10 10 10 10 10 10 10 10 10 10 10 10 10 10 10 10 10 10 10 10 10 10 10 10 10 10 10 10 10 10 10 10 10 10 10 10 10 10 10 10 10 10 10 10 10 10 10 10 10 10 10 10 10 10 10 10 10 10 10 10 10 10 10 10 10 10 10 10 10 10 10 10 10 10 10 10 10 10 10 10 10 10 10 10 10 10 10 10 10 10 10 10 10 10 10 10 10 10 10 10 10 10 10 10 10 10 10 10 10 10 10 10 10 10 10 10 10 10 10 10 10 10 10 10 10 10 10 10 10 10 10 10 10 10 10 10 10 10 10 10 10 10 10 10 10 10 10 10 10 10 10 10 10 10 10 10 10 10 10 10 10 10 10 10 10 10 10 10 10 10 10 10 10 10 10 10 10 10 10 10 10 10 10 10 10 10 10 10 10 10 10 10 10 10 10 10 10 10 10 10 10 10 10 10 10 10 10 10 10 10 10 10 10 10 10 10 10 10 10 10 10 10 10 10 10 10 10 10 10 10 10 10 10 10 10 10 10 10 10 10 10 10 10 10 10 10 10 10 10 10 10 10 10 10 10 10 10 10 10 10 10 10 10 10 10 10 10 10 10 10 10 10 10 10 10 10 10 10 10 10 10 10 10 10 10 10 10 10 10 10 10 10 10 10 10 10 10 10 10 10 10 10 10 10 10 10 10 10 10 10 10 10 10 10 10 10 10 10 10 10 10 10 10 10 10 10 10 10 10 10 10 10 10 10 10 10 10 10 10 10 10 10 10 10 10 10 10 10 10 10 10 10 10 10 10 10 10 10 10 10 10 10 10 10 10 10 10 10 10 10 10 10 10 10 10 10 10 10 10 10 10 10 10 10 10 10 10 10 10 10 10 10 10 10 10 10 10 10 10 10 10 10 10 10 10 10 10 10 10 10 10 10 10 10 10 10 10 10 10 10 10 10 10 10 10 10 10 10 10 10 10 10 10 10 10 10 10 10 10 10 10 10 10 10 10 10 10 10 10 10 10 10 10 10 10 10 10 10 10 10 10 10 10 10 10 10 10 10 10 10 10 10 10 10 10 10 10 10 10 10 10 10 10 10 10 10 10 10 10 10 10 10 10 10 10 10 10 10 10 10 10 10 10 10 10 10 10 10 10 10 10 10 10 10 10 10 10 10 10 10 10 10 10 10 10 10 10 10 10 10 10 10 10 10 10 10 10 10 10 10 10 10 10 10 10 10 10 10 10 10 10 10 10 10 10 10 10 10 10 10 10 10 10 10 10 10 10 10 10 10 10 10 10 10 10 10 10 10 10 10 10 10 10 10 10 10 10 10 10 10 10 10 10 10 10 10 10 10 10 10 10 10 10 10 10 10 10 10 10 10 10 10 10 10 10 10 10 10 10 10 10 10 10 10 10 10 10 10 10 10 10 10 10 10 10 10 10 10 10 10 10 10 10 10 10 10 10 10 10 10 10 10 10 10 10 10 10 10 10 10 10 10 10 10 10 10 10 10 10 10 10 10 10 10 10 10 10 10 10 10 10 10 10 10 10 10 10 10 10 10 10 10 10 10 10 10 10 10 10 10 10 10 10 10 10 10 10 10 10 10 10 10 10 10 10 10 10 10 10 10 10 10 10 10 10 10 10 10 10 10 10 10 10 10 10 10 10 10 10 10 
        </DataArray>
      </Cells>
      <PointData Scalars="value">
        <DataArray type="Float64" Name="value" format="ascii">
          0.010392 0.015598 0.014878 0.011537 0.015004 0.006090 0.015396 0.011990 0.000127 0.006533 0.006555 0.005977 0.007952 0.000650 0.011696 0.005398 0.011981 0.014898 0.011415 0.012012 0.016842 0.006104 0.002238 0.004692 0.008903 -0.000066 0.006098 0.015361 0.015275 0.005972 0.012127 0.010107 0.016032 0.018532 0.006100 0.011919 0.000395 0.015905 0.006755 0.012021 0.005334 0.016132 0.011133 0.001245 0.012380 0.015420 0.015058 0.006603 0.017717 0.015785 0.000473 0.016741 0.011989 0.006101 0.012270 0.015741 0.012017 0.003207 0.001375 0.001528 0.011446 0.011988 0.015263 0.006176 0.002887 0.011725 0.010019 0.009787 0.012014 0.010896 0.000041 0.015392 0.008929 0.000400 0.016717 0.006489 0.014969 0.012027 0.010180 0.006477 0.015633 0.004028 0.014805 0.006676 0.015240 0.015400 0.000420 0.018461 0.008833 0.015610 0.014921 0.006046 0.012073 0.006095 0.015221 0.006097 0.015771 0.014487 0.015516 0.006002 0.006105 0.015694 0.011615 0.015334 0.015541 0.015910 0.012014 0.000132 0.016143 0.006110 0.011931 0.016031 0.014295 0.004569 0.016833 0.015434 0.009866 0.012034 0.001166 0.014977 0.016017 0.015100 0.014746 0.000090 0.002959 0.013360 0.010076 0.011922 0.008873 0.011973 0.000065 0.014916 0.017051 0.014606 0.004196 0.014974 0.006100 0.015207 0.008492 0.006120 0.015267 0.000067 0.015184 0.000124 0.016190 0.006095 0.012067 0.015522 0.016656 0.016063 0.009961 0.005686 0.015930 0.018720 0.015980 0.015280 0.015695 0.012116 0.000335 0.015319 -0.000179 0.007101 0.010391 0.000107 0.006380 0.005085 0.000722 0.008633 0.000354 0.012113 0.006835 0.006119 0.014795 0.014223 0.009725 0.012014 0.016173 0.012019 0.015456 0.011392 0.010687 0.012260 0.011962 0.005441 0.015055 0.006221 0.004274 0.006113 0.013178 0.006093 0.012005 0.011576 0.017868 0.012009 0.000110 0.015887 0.017022 0.016043 0.000200 0.016008 0.011601 0.015788 0.012007 0.015844 0.011926 0.015095 0.015249 0.012068 0.015369 0.016356 0.009702 0.0 0.013992 0.015109 0.016229 0.000233 0.006139 0.006098 0.012011 0.012017 0.011051 0.001004 0.018642 0.005361 0.017036 0.000078 0.006116 0.000907 0.000097 0.015469 0.007840 0.015097 0.006693 0.011967 0.014778 0.000445 0.006358 0.017287 0.000093 0.015006 0.011836 0.005689 0.015734 0.006024 0.006801 0.000047 0.015454 0.000020 0.015997 0.005893 0.001665 0.001469 0.011799 0.000215 0.004180 0.014985 0.000007 0.015919 0.012016 0.006099 0.006110 0.002948 0.015985 0.015266 0.017476 0.010939 0.012008 0.011908 0.015101 0.014649 0.006045 0.012012 0.012010 0.014665 0.015852 0.012189 0.006028 0.006105 0.004392 0.006492 0.015761 -0.000008 0.015251 0.012136 0.016312 0.015805 0.006640 0.012029 0.014973 0.005824 0.000701 0.015441 0.011065 0.002962 0.010602 0.000068 0.015116 0.002617 0.015323 0.011908 0.016113 0.001753 0.011015 0.014938 0.007031 0.012107 0.012114 0.000054 0.006195 0.005210 0.016015 0.002422 0.000195 0.010062 0.015177 0.014207 0.007411 0.015146 0.009858 0.015178 0.005157 0.012005 0.012011 0.012047 0.018172 0.011726 0.000054 0.006502 0.008480 0.000430 0.005901 0.015549 0.011411 0.013941 0.000465 0.012212 0.012011 0.008725 0.012014 0.006100 0.0 0.006111 0.012022 0.015331 0.006098 0.009547 0.017089 0.011945 0.006110 0.011264 0.015704 0.006085 0.011898 0.006494 0.000285 0.000072 0.015324 0.013945 0.006243 0.017106 0.012010 0.011242 0.006094 0.003594 0.015146 -0.000031 0.012019 -0.000146 0.001011 0.000378 0.006642 0.010666 0.011404 0.000998 0.015496 0.015184 0.001720 0.011940 0.013735 0.015665 0.011486 0.016887 0.015295 0.015497 0.008770 0.014368 0.011981 0.013109 0.015922 0.018499 0.011453 0.012192 0.015977 0.000018 0.006561 0.006161 0.014377 0.000828 0.011815 0.000022 0.006181 0.008003 0.017814 0.006606 0.001218 0.015146 0.011961 0.011866 0.012013 0.016148 0.008832 0.015435 0.006843 0.014253 0.012031 0.006135 0.000328 0.012014 0.007801 0.015392 0.013620 0.011902 0.016085 0.011956 0.006091 0.006921 0.011614 0.0 0.014975 0.0 0.011884 0.016065 0.012009 0.006092 0.012011 0.012330 0.015730 0.016901 0.015599 0.004015 0.018233 0.013359 0.015934 0.000245 0.011635 0.014720 0.015301 0.014620 0.000135 0.015365 0.015236 0.015136 0.000012 0.006215 0.012085 0.012012 0.015148 0.015244 0.015282 0.012057 0.008110 0.016124 0.000285 0.000561 0.000246 0.011307 0.015175 0.016001 0.006098 -0.000004 0.014913 0.011298 0.011599 0.0 0.006094 0.011617 0.000223 0.006908 0.007940 0.012237 0.016018 0.015616 0.015448 0.011919 0.006245 0.012021 0.016245 0.012270 0.013993 0.005184 0.006030 0.000334 0.015222 0.012024 0.001242 0.015398 0.006191 0.006093 0.006082 0.008892 0.015926 0.006104 0.006098 0.011919 0.006097 0.000055 0.011576 0.000247 0.006129 0.015804 0.011103 0.015834 0.012007 0.008675 0.012011 0.000320 0.013093 0.011389 0.015536 0.010089 0.006099 0.000976 0.001025 0.012075 0.011934 0.011710 0.018795 0.006638 0.008550 0.000005 0.014235 0.006098 0.000006 0.000321 0.012014 0.011986 0.012018 0.000079 0.012393 0.000652 0.015207 0.015098 0.005388 0.006097 0.000007 0.016836 0.015563 0.000077 0.014636 0.013971 0.000122 0.006096 -0.000034 0.000076 0.000007 0.010685 0.015212 0.006118 0.015158 0.012046 0.000083 0.018448 0.004287 0.000122 0.000486 0.015372 0.012676 0.000033 0.008319 0.009882 0.009969 0.005470 0.012011 0.012007 0.006091 0.006094 0.015212 0.015727 0.013907 0.016305 0.002103 0.017702 0.014449 0.0 0.012790 0.015901 0.0 0.011402 0.015115 0.006103 0.006838 0.015242 0.006098 0.007501 0.005221 0.008122 0.016957 0.012163 0.006178 0.012009 0.006661 0.012112 0.011290 0.014532 0.006107 0.013976 0.006099 0.000065 0.0 0.000201 0.015343 0.006100 0.000473 0.011946 0.006594 0.011694 0.016111 0.000599 0.000026 0.012021 0.011458 0.016018 0.000021 0.012022 0.008298 0.006190 0.015180 0.0 0.011621 0.011012 0.001707 0.007525 0.015171 0.009000 0.006145 0.006097 0.008888 0.015788 0.006024 0.012033 0.016487 0.015884 0.014757 0.000189 0.011124 0.000471 0.006997 0.000352 0.011071 0.000004 0.016104 0.015579 0.006098 0.012101 0.007798 0.000177 0.012071 0.012014 0.014888 0.015892 0.008512 0.016996 0.014251 0.017075 0.015597 0.011712 0.006090 0.011997 0.006706 0.015291 0.0 0.011055 0.006307 0.011898 0.006103 0.015707 -0.000015 0.006604 0.015377 0.011667 0.011955 0.006094 0.0 0.014681 0.012008 0.012007 0.014458 0.000431 0.015642 0.016803 0.014539 0.015660 -0.000098 0.005562 0.012127 0.012034 0.008500 0.015983 0.014208 0.000060 0.000896 0.000052 0.000582 0.000127 0.013944 0.011936 0.012012 0.009592 0.015261 0.000014 0.004771 0.011258 0.015195 0.000396 0.006637 0.013353 0.000773 0.0 0.006097 0.006098 0.011920 0.011611 0.008060 0.012011 0.011646 0.010044 0.014742 0.000047 0.014835 0.012154 0.004842 0.002532 0.015247 0.011157 0.015158 0.000357 0.011104 0.0 0.018084 0.014805 0.013692 0.011910 0.006643 0.001932 0.011520 0.011555 0.011333 0.014270 0.014636 0.012032 0.006139 0.012013 0.000104 0.001145 0.015282 0.009022 0.015200 0.011455 0.000817 0.016329 0.006100 0.016483 0.011974 0.005564 0.014511 0.000141 0.018678 0.000127 0.005873 0.011971 0.014844 0.011929 0.0 0.015810 0.015644 0.016686 0.011440 0.011712 0.006097 0.002738 0.0 0.015895 0.015075 0.002156 0.015539 0.000693 0.006102 0.017258 0.000112 0.009834 0.015768 0.011992 0.011000 0.000149 0.011999 0.014895 0.018758 0.006099 0.006112 0.018783 0.000050 0.012010 0.015620 0.014784 0.0 0.013468 0.000082 0.017710 0.015266 0.0 0.014243 0.016150 0.015217 0.000388 0.015553 0.006095 0.000046 0.016926 0.0 0.012011 0.015188 0.014931 0.000084 0.015206 0.012001 0.006110 0.013287 0.015647 0.014232 0.005682 0.011651 0.015137 0.015987 0.008255 0.012010 0.011883 0.006005 0.012015 0.012659 0.011819 0.009000 0.017207 0.012009 0.006240 0.015155 0.011831 0.016646 0.017644 0.006105 0.006294 0.003911 0.007040 0.015006 0.012003 0.003052 0.009179 0.011965 0.0 0.006129 0.018546 0.000155 0.000275 0.000031 0.011716 0.006237 0.006097 0.000060 0.015392 0.006100 0.002743 0.005924 0.011023 0.015089 0.015957 0.011474 0.011904 0.013694 0.014887 0.010013 0.011989 0.015351 0.000153 0.017864 0.011970 0.009315 0.018328 0.013536 0.012006 0.011793 0.011511 0.014168 0.015325 0.000007 0.008938 0.000776 0.015426 0.011821 0.008435 0.015410 0.012185 0.012031 0.015228 0.015486 0.014889 0.011435 0.012012 0.016520 0.006101 0.011605 0.012014 -0.000039 0.015271 0.006094 0.011943 0.011918 0.012010 0.006098 0.018471 0.015297 0.001035 0.012004 0.016791 0.000033 0.016004 0.014571 0.012665 0.006740 0.006462 0.008128 0.006585 0.017477 0.016379 0.000031 0.006086 0.000025 0.007218 0.000151 0.010502 0.015193 0.014556 0.0 0.017155 0.015233 0.006388 0.0 0.006102 0.009875 0.011990 0.003207 0.004313 0.011540 0.011754 0.006100 0.017393 0.016483 0.001232 0.015991 0.012109 0.012038 0.005970 0.015426 0.014862 0.000422 0.007570 0.015408 0.012054 0.010974 0.000036 0.007256 0.012012 0.012006 0.014384 0.001791 0.015177 0.006339 0.015546 0.007148 0.001534 0.010942 0.006081 0.010977 0.011896 0.015533 0.003824 0.011414 0.016424 0.014880 0.000813 0.006496 0.000017 0.000313 0.006099 0.015195 0.003842 0.006036 0.007915 0.015964 0.015493 0.000074 0.013624 0.011870 0.011400 0.015916 0.014176 0.006098 0.015224 0.011116 0.012009 0.000075 0.018644 0.009165 0.016043 0.011987 0.012523 0.006091 0.012042 0.016978 0.000043 0.001876 0.000009 0.016228 0.016666 0.000153 0.006056 0.006113 0.006098 0.010469 0.000210 0.015987 0.011411 0.000040 0.012015 0.014341 0.006097 0.000037 0.000096 0.006196 0.011868 0.000170 0.010138 0.002362 0.012036 0.006674 0.008912 0.015256 0.009897 0.0 0.003590 0.000063 0.011927 0.006103 0.006134 0.012027 0.011890 0.001348 0.012005 0.000509 0.0 0.000481 0.006098 0.015335 0.012020 0.015861 0.006097 0.006119 0.012014 0.014389 0.000396 0.012517 0.014106 0.011307 0.015489 0.011773 0.015180 0.015027 0.015359 0.000100 0.015169 0.011818 0.016129 0.000041 0.000539 0.014785 0.0 0.006098 0.014241 0.012012 0.000584 0.000595 0.015219 0.014645 0.000057 0.012174 0.001912 0.006292 0.006105 0.003660 0.015159 0.015714 0.012276 0.011913 0.011209 0.015704 0.006086 0.011502 0.000096 0.000269 0.015420 0.011229 0.000226 0.011822 0.001725 0.017174 0.006920 0.008759 0.011700 0.0 0.001874 0.012182 0.000071 0.002860 0.0 0.009948 0.012078 0.015962 0.003928 0.014015 0.006063 0.015285 0.000074 0.011914 0.012015 0.012410 0.005618 0.012333 0.014379 0.012014 0.006420 0.015171 0.000056 0.000582 0.000059 0.015487 0.002465 0.018132 0.012014 0.006530 0.015596 0.007212 0.006502 0.015211 0.000308 0.006096 0.015785 0.015627 0.014041 0.000148 0.000182 0.014199 0.015969 0.012010 0.012161 0.008988 0.012011 0.014497 0.012021 0.000068 0.006099 0.000072 0.015782 -0.000082 0.006121 0.010880 0.011990 0.011716 0.000569 0.015153 0.000005 0.015622 0.006910 0.014687 0.015359 0.006106 0.015630 0.000174 0.015096 0.000490 0.014358 0.008597 0.000021 0.015394 0.013051 0.011971 0.018684 0.015837 0.017738 0.002927 0.015206 0.011382 0.017920 0.011027 0.015154 0.000606 0.012796 0.000370 0.012014 0.018842 0.010412 0.007451 0.016873 0.015781 0.017341 0.006094 0.012066 0.011479 0.012015 0.000753 0.015193 0.012014 0.011330 0.014625 0.006677 0.011933 0.012014 0.015910 0.006137 0.011575 0.000055 0.008348 0.006097 0.006626 0.014905 0.018647 0.006100 0.000004 0.000184 0.002258 0.006101 0.011995 0.011427 0.002490 0.006096 0.014663 0.015262 0.012288 0.000680 0.012052 0.014105 0.011951 0.011915 0.012014 0.005941 0.018578 0.014944 0.007600 0.015074 0.009729 0.000894 0.006697 0.016055 0.012034 0.011522 0.015760 0.015047 0.011947 0.006058 -0.000019 0.014870 0.011341 0.012010 0.016344 0.001179 0.002824 0.012011 0.011643 0.011567 0.006164 0.014894 0.011971 0.001371 0.000061 0.013815 0.000713 0.006105 0.014749 0.015212 0.006234 -0.000151 0.010332 0.017735 0.011978 0.008380 0.014362 0.015873 0.014711 0.015389 0.006521 0.006095 0.007207 0.014894 0.005895 0.010765 0.006100 0.006349 0.005587 0.006343 0.006737 0.0 0.000086 0.012113 0.000012 0.000055 0.006090 0.012078 0.015903 0.012362 0.012013 0.016014 0.012089 0.012057 0.015707 0.013940 0.013666 0.004493 0.015043 0.012789 0.000004 0.0 0.000059 0.001811 0.015471 0.005696 0.005855 0.014921 0.015855 0.006102 0.011818 0.006400 0.016295 0.014675 0.012141 0.000103 0.011438 0.015248 0.001037 0.015335 0.011361 0.013520 0.011125 0.000058 0.006094 0.005189 0.015223 0.000488 0.000111 0.000094 0.011861 0.016136 0.012012 0.015255 0.012018 0.014598 0.013695 0.005959 0.012018 0.015616 0.012005 0.018670 0.012026 0.012860 0.015181 0.011991 0.015274 0.005474 0.015317 0.011564 0.015895 0.006227 0.007266 0.015326 -0.000006 0.015152 0.006098 0.012018 0.012022 0.000033 0.000932 0.007393 0.005282 0.006098 0.006095 0.017011 0.015374 0.005193 0.006045 0.010406 0.011998 0.011873 0.000049 0.006094 0.017511 0.016030 0.011928 0.006542 0.012641 0.015250 0.015598 0.0 0.015253 0.006221 0.012008 0.012230 0.015527 0.006866 0.012013 -0.000007 0.014882 0.015818 0.001281 0.015112 0.011990 0.018445 0.011728 0.000027 0.011918 0.006088 0.015760 0.000232 0.0 -0.000000 0.007012 0.000044 0.015162 0.017066 0.012110 0.014834 0.0 0.017885 0.016101 0.006728 0.017965 0.011933 0.011653 0.001360 0.000036 0.010323 0.011590 0.012025 0.015329 0.012012 0.016137 0.006101 0.016062 0.015088 0.015320 0.006122 0.012151 0.015035 0.003081 0.011892 0.015798 0.006398 0.000546 0.014701 0.000022 0.015243 0.015448 0.016056 0.009439 0.011767 -0.000002 0.007033 0.009494 -0.000005 0.016318 0.001748 0.011317 0.014335 0.000045 0.015616 0.016408 0.013538 0.015759 0.015476 0.015154 0.001818 0.012014 0.000008 0.011790 0.015420 0.000071 0.015929 0.012034 0.006444 0.015098 0.016474 0.012845 0.013097 0.015216 0.000061 0.003985 0.011988 0.012029 0.006664 0.011706 0.011438 0.008485 0.000366 0.006944 0.011655 0.004837 0.011601 0.015927 0.001676 0.014542 0.015612 0.015591 0.012020 -0.000020 0.015980 0.015225 0.012021 0.006077 0.008602 0.005544 0.000047 0.013478 0.0 0.001780 0.013640 0.015038 0.002758 0.012049 0.005236 0.008241 0.015582 0.011924 0.012177 0.0 0.006756 0.006012 0.015122 0.006034 0.000059 0.015638 0.000103 0.006099 0.015964 0.015184 0.011809 0.001827 0.017930 0.012017 0.007958 0.015446 0.015503 0.015763 0.005962 0.014411 0.007973 0.006208 0.016026 0.011845 0.015958 0.000270 0.011497 0.011847 0.007321 0.011965 0.014654 0.010282 0.012041 0.006237 0.008919 0.006101 0.014803 0.011856 0.000608 0.006315 0.016029 0.015868 0.000214 0.011911 0.002716 0.015490 0.000452 0.006069 0.015254 0.006390 0.000064 0.015602 0.016882 0.015180 0.012026 0.014240 0.015687 0.015817 0.011896 0.006743 0.006237 0.006264 0.013337 0.011990 0.012012 0.011864 0.011936 0.006007 0.000158 0.015378 0.008398 0.016057 0.0 0.0 0.005790 0.012015 0.011766 0.002606 0.001250 0.016630 0.014690 0.006100 0.013920 0.015535 0.006091 0.006110 0.000045 0.000030 0.006990 0.014442 0.015660 0.011959 0.000393 0.016386 0.017554 0.012091 0.014763 0.011393 0.016058 0.012588 0.015627 0.012002 0.010612 0.015831 0.014359 -0.000094 0.005174 -0.000052 0.015761 0.014839 0.002178 0.015249 0.015664 0.015260 0.006091 0.012032 0.0 0.013295 0.006325 0.016751 0.016338 0.006097 0.014848 0.015156 0.016443 0.011957 -0.000014 0.015759 0.011655 0.000040 0.012012 0.013762 0.018512 0.017817 0.012050 0.012131 0.012044 0.016701 0.011941 0.017901 -0.000038 0.016245 0.000142 0.008897 0.006611 0.007030 0.007223 0.006329 0.007198 0.013331 0.015214 0.013301 0.012903 0.011888 0.000270 0.003425 0.011978 0.012046 0.000176 0.015230 0.002287 0.000405 0.015819 0.012509 0.016853 0.018794 0.011492 0.016207 0.015532 0.015602 0.012642 0.000122 0.010957 0.014221 0.009565 0.006571 0.012068 0.011881 0.017869 0.005381 0.012243 0.012539 0.005064 0.012015 0.015244 0.015761 0.015514 0.008034 0.006053 0.0 0.011972 0.006101 0.015875 0.007220 0.000208 0.0 0.000640 0.005974 0.012013 0.015361 0.001388 0.006628 0.002015 0.014582 0.012074 -0.000027 0.014425 0.006613 0.001589 0.005732 0.016765 0.006340 0.012322 0.008586 0.006099 0.016773 0.006319 0.000065 0.012963 0.006038 0.014941 0.004063 0.011956 0.016009 0.015910 0.016017 0.000013 0.015262 0.006048 0.014645 0.015942 0.015931 0.006442 0.011412 0.012280 0.014825 0.001119 0.000369 0.016037 0.008040 0.010382 0.006967 0.011589 0.006010 0.005885 0.018766 0.006134 0.011498 0.016034 0.017010 0.011718 0.006092 0.006264 0.000217 0.001195 0.015442 0.000056 0.012011 0.017805 0.014808 0.000036 0.012012 0.012022 0.013714 0.011996 0.015776 0.011778 0.0 0.000764 0.016028 0.012238 0.006096 0.014584 0.006087 0.006109 0.012682 -0.000032 0.011998 0.011687 0.006284 0.015825 0.002725 0.006103 0.000169 0.000002 0.016098 0.011933 0.012011 0.006100 0.006101 0.016929 0.015679 0.000261 0.005896 0.000272 0.000189 0.007440 0.005738 0.010059 0.000106 0.004258 0.011387 0.012013 0.012012 0.015578 0.006098 0.015194 0.011636 0.015599 0.015307 0.0 0.015253 -0.000009 0.015806 0.015950 0.006095 0.016107 0.012375 0.018330 0.006503 0.015869 0.004831 0.004268 0.015491 0.005878 0.006859 0.006088 0.0 0.012018 0.006100 0.008488 0.011943 0.006142 0.015967 0.010613 0.009968 0.006118 0.005586 0.004210 0.017101 0.000611 0.016006 0.006095 0.000050 0.006070 0.000549 0.016669 0.006116 0.000333 0.003407 0.006133 0.010502 0.015420 0.0 0.006056 0.011319 0.013840 0.012014 0.012291 0.015132 0.006099 0.015664 0.007507 0.006108 0.0 0.0 0.000372 0.014371 0.013273 0.015956 0.015712 0.011925 0.007301 0.010079 0.015416 0.014884 0.005722 0.016675 0.012223 0.008571 0.007221 0.017328 0.011674 0.007290 0.000176 0.008309 0.000642 0.015284 0.006139 0.016094 0.005906 0.006624 0.007617 0.013913 0.016059 0.011968 0.008431 0.014916 0.013326 0.006101 0.012252 0.006098 0.011660 0.006709 0.006105 0.017101 0.012011 0.012010 0.006806 0.012425 0.000071 0.001380 0.003523 0.011780 0.011799 0.006068 0.012068 0.018803 0.011507 0.016338 0.014657 0.012154 0.014930 0.007564 0.015294 0.018676 0.006099 0.011154 0.012125 0.015297 0.005147 0.017084 0.000031 0.000341 0.012020 0.009253 0.002145 0.006095 0.011902 0.012057 0.016297 0.010434 0.006099 -0.000001 0.016100 0.011888 0.016032 0.011633 0.014453 0.016831 0.012014 0.006240 0.015183 0.006065 0.015502 0.000203 0.012010 0.006131 0.005055 0.006091 0.015937 0.006427 0.012003 0.012425 0.011955 0.006780 0.006674 0.000121 0.008389 0.006093 0.012009 0.010130 0.006092 0.000352 0.011866 0.000534 0.011223 0.011991 0.013911 0.018577 0.001757 0.016024 0.012875 0.012000 0.000001 0.006097 0.011591 0.006093 0.012087 0.016067 0.012087 0.010793 0.014932 0.006391 0.006777 0.016446 0.005815 0.015312 0.001272 0.015247 0.012395 0.009234 0.011085 0.011970 0.000029 0.011915 0.007312 0.012134 0.001099 0.018212 0.014455 0.000050 0.015442 0.000040 0.012008 0.018275 0.011008 0.005841 0.015535 0.0 0.006098 0.001042 0.000043 0.0 0.011907 0.016106 0.000163 0.004998 0.017904 0.016775 0.014395 0.012012 0.015180 0.0 0.010800 0.013884 0.000583 0.015004 0.015324 0.000033 0.000884 0.015298 0.015208 0.012070 0.012147 0.015103 0.0 0.016666 0.012015 0.006108 0.004559 0.015876 0.006250 0.006832 0.012014 0.000080 0.014789 0.010610 0.005352 0.014588 0.000207 0.015960 0.017103 0.000362 0.0 0.015486 0.006096 0.006218 0.016704 0.006100 0.001048 0.011416 0.007011 0.001135 0.013333 0.015994 0.013065 0.000011 0.006389 0.015764 0.006072 0.018626 0.006100 0.011394 0.010763 0.008695 0.018247 0.015741 0.011946 0.006167 0.012007 0.007033 0.006072 0.000050 0.012032 0.000838 0.015177 0.003877 0.014718 0.011662 0.012057 0.015411 0.006040 0.014893 0.007814 0.0 0.005735 0.011528 0.005742 0.000038 0.006544 0.015718 0.006450 0.015504 0.012017 0.013768 0.000387 0.012200 0.015626 0.012107 0.004081 0.015414 0.015878 0.016904 0.005999 0.016096 0.012165 0.000211 0.011894 0.011147 0.006617 0.015241 0.000062 0.017801 -0.000012 0.012014 0.017809 0.001068 0.011983 0.014910 0.000073 0.017621 0.012015 0.016371 0.000042 0.006100 0.010958 0.018714 0.016226 0.007455 0.015212 0.015158 0.015202 0.006274 0.000027 0.017472 0.006707 0.006396 0.000290 0.006092 0.011766 0.012008 0.0 0.012007 0.012364 0.007315 0.006035 0.011727 0.014978 0.013804 0.018781 0.012057 0.014732 0.002319 0.015283 0.010345 0.015279 0.013422 0.012029 0.015377 0.016958 0.002799 0.012012 0.000098 0.006288 0.006132 0.015200 0.015579 0.015343 0.017366 0.002187 0.000107 0.006184 0.005795 0.000021 0.016076 0.006633 0.015650 0.012313 0.016391 0.000156 0.011733 0.009969 0.015567 0.014604 0.015113 0.017997 0.006094 0.006147 0.014549 0.012165 0.015043 -0.000185 0.015570 0.006460 0.007803 0.011725 0.006991 0.012013 0.000312 0.012032 0.012132 0.013157 0.018271 0.015393 0.0 0.013626 0.000070 0.015426 0.007656 0.005816 0.006099 0.000078 0.012011 0.015808 0.001027 0.012030 0.015158 0.015525 0.014667 0.003055 0.000460 0.000071 0.006787 0.012054 0.015193 0.014938 0.005120 0.011451 0.006245 0.013730 0.000805 0.006086 0.015383 0.011393 0.011851 0.000275 0.018774 0.006091 0.014661 0.017066 0.006097 0.009897 0.004605 0.012007 0.000208 0.014276 0.006223 0.012014 0.005730 0.012031 0.000273 0.004305 0.000040 0.000421 0.003751 0.000024 0.012052 0.0 0.017445 0.006097 0.014553 0.016986 0.000020 0.014961 0.005868 0.006128 0.016098 0.006786 0.0 0.001851 0.015668 0.007206 0.003292 0.015285 0.003768 0.006098 0.000389 0.000398 0.013581 0.014804 0.011545 0.014152 0.015086 0.012014 0.006123 0.012063 0.000251 0.000041 0.015073 0.015121 0.014910 0.005932 0.017835 0.012014 0.016008 0.015158 0.015624 0.006140 0.000729 0.0 0.009368 0.015343 0.012011 0.015633 0.005794 0.003830 0.004470 0.013741 0.011375 0.009030 0.005920 0.006098 0.011944 0.015053 0.012079 0.005197 0.002583 0.006096 0.000017 0.012074 0.011856 0.015487 0.006093 0.011965 -0.000021 0.006244 0.011812 0.006605 0.011229 0.012152 0.015336 0.014707 0.003547 0.017046 0.012043 0.006093 0.017434 0.015543 0.009776 0.015807 0.006081 0.015339 0.017911 0.009873 0.000356 0.000399 0.015222 0.000120 0.009850 0.016213 0.0 0.014618 0.018379 0.015807 0.015392 0.006096 0.016064 0.006995 0.007005 0.009794 0.015070 0.015284 0.002207 0.015679 0.015721 0.015177 0.012072 0.000056 0.013612 0.012012 0.014409 0.012014 0.003425 0.015696 0.015413 0.003620 0.017011 0.015260 0.016150 0.008472 0.007278 0.014960 0.012031 0.012012 -0.000017 0.006937 0.003369 0.006062 0.006082 0.014938 0.015871 0.000161 0.015486 0.012216 0.011980 0.006090 0.011071 0.015258 0.005280 0.006041 0.014978 0.005616 0.006084 0.012190 0.015019 0.014807 0.006836 0.008610 0.007320 0.012316 0.016904 0.012010 0.006083 0.000131 0.012012 0.011934 0.016630 0.000021 0.013898 -0.000032 0.015767 0.000775 0.016040 0.006494 0.015554 0.007334 0.016732 0.011907 0.012088 0.006830 0.015008 0.008728 0.014150 0.015835 0.016066 0.015223 0.015885 0.006249 0.015898 0.006098 0.012010 0.011583 0.007223 0.015211 0.003218 0.014879 0.015864 0.014457 0.015923 0.014164 0.015218 0.006106 0.006131 0.000053 0.004135 0.014378 0.011162 0.015811 0.009716 0.015180 0.000241 0.011782 0.018829 0.015541 0.002392 0.015155 0.001653 0.012796 0.013101 0.016762 0.018941 0.011371 0.000165 0.011888 0.016058 0.015295 0.012682 0.015255 0.000078 0.003278 0.011991 0.011939 0.007724 0.000166 0.017788 0.004497 0.012011 0.015960 0.014918 0.006024 0.014023 0.016402 0.011935 0.015878 0.011989 0.011404 0.015681 0.015873 0.012031 0.016921 0.011500 0.017403 0.013902 0.006748 0.011696 0.012011 0.015382 0.012011 0.0 0.000519 0.006098 0.014959 0.015098 0.008171 0.011963 0.015775 0.015069 0.006170 0.015605 0.005957 0.001234 0.015435 0.000128 0.001011 0.009061 0.011918 0.000071 0.011249 0.009033 0.006098 0.012014 -0.000042 0.015382 0.011822 0.014618 0.015277 0.006126 0.011567 0.015791 0.009616 0.012015 0.016117 0.018702 0.012066 0.014108 0.001071 0.013624 0.014258 0.000155 0.012538 0.000551 0.001928 0.015104 0.000054 0.011034 0.012012 0.012355 0.006099 0.012011 0.015315 0.011998 0.000054 0.015306 0.005759 0.003195 0.014687 0.016014 0.006477 0.012187 0.012014 0.017255 0.016691 0.015330 0.015961 0.015643 0.016231 0.015656 0.005286 0.014072 0.012016 0.000351 0.006381 0.013770 0.014934 0.011960 0.015774 0.012063 0.004959 0.000027 0.011994 0.013140 0.010074 0.006116 0.015178 0.006619 0.018135 0.000778 0.005679 0.014721 0.016069 -0.000044 0.015330 0.008137 0.011993 0.015200 0.000449 0.008031 0.000049 0.017850 0.011952 0.002115 -0.000003 0.015696 0.015584 0.015485 -0.000001 0.002640 0.0 0.006177 0.000339 0.018789 0.002204 0.012322 0.015414 0.016118 0.001071 0.012014 0.015673 0.012012 0.014378 0.000846 0.014528 0.000062 0.009219 0.014803 0.012311 0.006165 0.011999 0.008490 0.014696 0.012268 0.015175 0.014362 0.014579 0.000001 0.018485 0.014840 0.000097 0.015790 0.015281 0.008796 0.011320 -0.000002 0.007160 0.004657 0.012012 0.014351 0.006291 0.006168 -0.000018 0.009391 0.011373 0.000055 0.015215 0.000089 0.007490 0.006098 0.000383 0.016032 0.006768 0.006097 0.006089 0.007340 0.006102 0.015101 0.015512 0.010746 0.012022 0.015500 0.016015 0.002678 0.000009 0.005886 0.014561 0.012017 0.0 0.000343 0.000082 0.000186 0.0 0.015497 0.003669 0.007291 0.015277 0.015244 0.006100 0.012013 0.000964 0.011947 0.014296 0.015815 0.012609 0.015275 0.012089 0.0 0.012005 0.005929 0.015970 0.016754 0.005111 0.011568 0.006057 0.015205 0.010622 0.001410 0.0 0.006183 0.015891 0.016232 0.012048 0.000781 0.015219 0.007521 0.012037 0.011891 0.015306 0.015312 0.018513 0.012012 0.008228 0.006105 0.014557 0.000058 0.011923 0.000411 0.006057 0.011667 0.000464 0.006099 0.006110 0.018574 0.017816 0.013860 0.014103 0.0 0.015175 0.003923 0.015160 0.011168 0.015093 0.010404 0.012091 0.016622 0.015302 0.012008 0.012012 0.001490 0.004391 0.013749 0.016224 0.012017 0.014864 0.016055 0.001378 0.011428 0.012015 0.015804 0.000143 0.015822 0.014816 0.006098 0.015149 0.012055 0.015222 0.006581 0.005924 0.010952 0.014982 0.006334 0.000118 0.006628 0.014777 0.008620 0.000041 0.006119 0.001760 0.001346 0.017093 0.013100 0.012102 0.015160 0.000158 -0.000060 0.012107 0.012042 0.006099 0.000121 0.011770 0.015241 0.018806 0.010102 0.014565 0.006902 0.000008 0.015542 0.015196 0.016881 0.004605 0.006114 0.016073 0.016090 0.000591 0.014910 0.011949 0.012349 0.000335 0.000028 -0.000011 0.000850 0.004229 0.012028 0.006097 0.006092 0.010012 0.000452 0.006098 0.004468 0.009577 0.013479 0.016920 0.014676 0.012080 0.011876 0.001777 0.011851 0.015590 0.015112 0.018290 0.015467 0.015661 0.015018 0.011925 0.001170 0.012807 0.012013 0.011401 0.005947 0.015423 0.007200 0.006083 0.006099 0.016100 0.011195 0.013986 0.006128 0.018889 0.006098 -0.000142 0.011914 0.016129 0.0 0.013261 0.005787 0.010292 0.015160 0.009597 -0.000003 0.012010 0.000049 0.006102 0.013234 0.014497 0.012014 0.012094 0.011875 0.005992 0.011936 0.009895 0.012081 0.000135 0.005992 0.015889 0.001761 0.009821 0.012018 0.0 0.006224 0.015260 0.000013 0.010419 0.015700 0.012129 0.014115 0.011973 0.012013 0.011851 0.005930 0.015498 0.012020 0.000116 0.006111 0.012014 0.0 0.000003 0.005888 0.006092 0.015718 0.015226 0.001746 0.015460 0.016425 0.015208 0.015055 0.008571 0.000113 0.006601 0.016744 0.016046 0.014551 0.005360 0.000075 0.016055 0.001512 0.005615 0.006908 0.015011 0.005261 0.000024 0.012100 0.005616 0.015566 0.011997 0.016325 0.000164 0.015245 0.000100 0.011855 0.000656 0.0 0.012058 0.006098 0.007376 0.017024 0.010034 0.011939 0.016352 0.015068 0.015362 0.006099 0.011486 0.012107 0.006098 0.006194 0.010676 0.015408 0.012064 0.0 0.012022 0.010179 0.005145 0.008029 0.018748 0.015500 0.000078 0.000089 0.008181 0.005573 0.011628 0.015043 0.000189 0.014864 0.016358 0.000744 0.017903 0.014831 0.009489 0.018866 0.000045 0.012009 0.016343 0.011932 0.014023 0.006255 0.006854 0.013356 0.006802 0.016584 0.015634 0.006100 0.008505 0.006596 0.011603 0.0 0.008587 0.012135 0.006501 0.011456 0.016986 0.006116 0.015438 0.011154 0.000115 0.011320 0.015391 0.015460 -0.000030 0.012011 0.007921 0.013611 0.006093 0.006097 0.015181 0.001492 0.007884 0.003335 0.000100 0.000738 0.016751 0.017797 0.016246 0.016795 0.000037 0.016686 0.011496 0.000242 0.006099 0.014935 0.013705 0.015202 0.000028 0.002747 0.008238 0.011722 0.014417 0.0 0.012002 0.000039 0.005564 0.000255 0.015168 0.012513 0.015495 0.016878 0.012013 0.008130 0.0 0.017349 0.011384 0.006064 0.000227 0.0 0.000057 0.006417 0.016581 0.015650 0.012116 0.012054 0.007159 0.012025 0.000199 0.007239 -0.000002 0.006035 0.015571 0.015592 0.012010 0.015412 0.006059 0.006098 0.006125 0.007006 0.000101 0.003244 0.015424 0.003161 0.006141 0.016925 0.005424 0.010390 0.011862 0.013359 0.017008 0.015509 0.006097 0.012004 0.018138 -0.000032 0.006108 0.015300 0.015055 0.016090 0.006076 0.006836 0.006099 0.015087 0.011421 0.006637 0.012065 0.000026 0.006433 0.015235 0.011450 0.016961 0.015921 0.015016 0.015225 0.016047 0.013854 0.000132 0.005828 0.006096 0.012134 0.005947 0.012040 0.015043 0.006093 0.014203 0.005209 0.012081 0.015346 0.015885 0.014721 0.006100 0.011698 0.009648 0.007232 0.012011 0.000065 0.015219 0.010479 0.006113 0.014018 0.017896 0.007344 0.015244 0.000043 0.011101 0.016986 0.017597 0.015395 0.012012 0.003496 0.017850 0.006097 0.000047 0.018526 0.015502 0.000041 0.012015 0.016583 0.015213 0.006523 0.015995 0.008220 0.011824 0.014865 0.014874 0.000414 0.015859 0.015021 0.014623 0.006098 0.006132 0.015531 0.011815 0.016296 0.015188 0.012065 0.015924 0.011403 0.000513 0.008207 0.003527 0.006129 0.015380 0.006147 0.015044 0.000016 0.012129 0.006064 0.007000 0.006097 0.016715 0.015105 0.012155 0.011378 0.005996 0.0 0.004936 0.011854 0.006099 0.006319 0.000140 0.007190 0.014734 0.012011 0.006094 0.012012 0.015107 0.011691 0.013320 -0.000055 0.012486 0.006518 0.000153 0.000373 0.015262 0.000772 0.000459 0.006100 0.006329 0.002224 0.011522 0.009816 0.011875 0.015946 0.013015 0.000150 0.000754 0.0 0.006833 0.006106 0.000022 0.000167 0.013156 0.016058 0.013449 0.018320 0.015078 0.011398 0.000052 0.011013 0.006365 0.007428 0.011263 0.006059 0.015979 0.015332 0.012627 0.003440 0.008550 0.005597 
        </DataArray>
      </PointData>
    </Piece>
  </UnstructuredGrid>
</VTKFile>
