<?xml version="1.0"?>
<VTKFile type="UnstructuredGrid" version="0.1" byte_order="LittleEndian">
  <UnstructuredGrid>
    <Piece NumberOfPoints="3011" NumberOfCells="11055">
      <Points>
        <DataArray type="Float64" NumberOfComponents="3" format="ascii">
          3.010172 0.500000 1.325332
          0.500000 0.202073 0.560780
          0.272485 0.130929 0.938280
          0.087962 0.395262 0.837028
          1.450044 0.182565 1.163556
          3.075000 0.341229 0.642844
          0.225003 0.129902 0.500000
          0.944327 0.442516 0.700080
          0.527451 0.372627 0.773768
          1.950000 0.153870 1.000000
          2.400309 0.327102 1.500000
          1.041714 0.0 1.414978
          0.089574 0.500000 1.345130
          3.500000 0.250930 1.413934
          2.162287 0.0 1.405144
          2.500000 0.196891 0.674996
          3.025160 0.271870 1.166155
          3.209953 0.0 1.152684
          1.600000 0.326795 1.000000
          1.500000 0.240192 1.000000
          0.147772 0.347011 0.500000
          2.675001 0.139157 0.561328
          0.845778 0.182456 0.850002
          0.825000 0.500000 1.235474
          1.750000 0.326795 1.000000
          1.150550 0.076604 1.000000
          0.375902 0.0 0.544650
          0.568432 0.090711 1.267290
          2.500000 0.326845 0.749908
          2.162287 0.500000 1.405144
          2.500000 0.457381 0.871774
          2.550000 0.0 0.500000
          1.000000 0.500000 0.800000
          0.896600 0.098235 0.894798
          0.765847 0.195843 1.318888
          2.772527 0.099966 1.355459
          2.790678 0.0 0.880024
          0.885058 0.500000 1.145388
          2.350000 0.0 1.000000
          0.579205 0.0 1.322838
          1.924929 0.168075 1.151746
          0.036603 0.036603 0.500000
          0.388550 0.288755 0.931965
          3.500000 0.311313 1.324500
          0.0 0.500000 1.307892
          0.100000 0.0 1.500000
          2.325000 0.370096 1.000000
          1.525000 0.398964 1.102743
          0.676575 0.199061 0.907331
          0.500000 0.500000 1.500000
          2.737625 0.383393 1.225784
          0.230443 0.500000 0.719729
          3.075000 0.206699 0.500000
          3.500000 0.138022 0.723536
          0.073052 0.0 0.536104
          2.860656 0.163393 1.336657
          3.185394 0.130079 1.367214
          1.498910 0.0 1.052737
          0.250001 0.173205 0.500000
          2.145326 0.144309 1.353722
          1.525000 0.283494 1.000000
          3.500000 0.330625 0.722367
          3.350000 0.500000 0.500000
          1.475238 0.112076 1.000000
          3.050153 0.086255 0.500000
          2.636685 0.0 0.868968
          3.342438 0.095329 1.500000
          1.325000 0.254626 1.112922
          2.723870 0.500000 0.813527
          2.100302 0.327085 1.500000
          1.660432 0.500000 1.213871
          0.500000 0.500000 0.500000
          3.500000 0.073943 0.775065
          2.800000 0.500000 1.500000
          2.271479 0.0 1.039082
          3.300632 0.500000 1.330488
          0.550000 0.346410 0.500000
          3.106919 0.380890 1.414739
          0.595674 0.259720 0.991959
          1.437446 0.410693 1.266075
          1.394579 0.0 1.230134
          1.498910 0.500000 1.052737
          0.487269 0.0 1.319022
          2.500000 0.500000 0.550000
          0.675000 0.216506 0.500000
          1.239524 0.0 1.051448
          2.525872 0.0 0.525872
          3.500000 0.092566 1.262296
          1.044427 0.325460 1.000000
          0.278175 0.0 0.636744
          2.550901 0.500000 0.712449
          0.750000 0.500000 0.500000
          2.698438 0.500000 0.550000
          0.906885 0.211506 0.700307
          2.675000 0.196891 0.500000
          1.000000 0.203558 0.584283
          0.104201 0.105416 1.291792
          3.419191 0.153039 1.500000
          1.350000 0.326795 1.000000
          2.500000 0.250000 1.000000
          2.636258 0.500000 0.547292
          1.450000 0.0 1.000000
          2.500000 0.150000 1.000000
          0.775000 0.500000 1.002760
          2.125100 0.500000 1.306568
          0.175010 0.129898 0.500000
          3.500000 0.062661 0.589313
          2.450000 0.0 1.000000
          0.919027 0.400000 0.500000
          1.625000 0.456699 1.000000
          1.000000 0.0 0.750000
          0.400000 0.173205 0.500000
          2.699995 0.297939 0.571450
          0.409660 0.212487 1.306012
          2.025321 0.042268 1.000000
          1.834188 0.500000 1.301509
          0.913505 0.084997 0.674988
          2.485566 0.175000 1.068070
          3.075000 0.427831 0.558485
          1.200000 0.500000 1.000000
          2.725004 0.283529 0.500000
          1.350000 0.413398 1.000000
          2.875000 0.0 1.062917
          3.006912 0.253857 1.266286
          2.405119 0.152533 1.000000
          2.900302 0.327085 1.500000
          3.340308 0.310448 1.349921
          0.174775 0.216749 0.500000
          1.000000 0.237030 0.654328
          1.451330 0.242776 1.500000
          0.198375 0.0 0.980509
          2.748105 0.379070 0.764152
          3.025000 0.500000 0.555137
          1.850000 0.326795 1.000000
          0.800000 0.173204 0.500000
          2.500000 0.326805 0.699980
          1.750095 0.153952 1.000000
          1.000000 0.0 0.500000
          0.825000 0.043301 0.500000
          1.323765 0.111276 1.000000
          0.0 0.057618 1.067350
          2.950407 0.200431 1.058133
          0.900676 0.150397 1.256307
          1.000000 0.500000 0.750000
          2.222114 0.111304 1.261977
          0.800000 0.317543 0.575207
          0.625000 0.101036 0.603742
          1.374919 0.168030 1.075638
          0.0 0.0 1.307892
          0.078020 0.453085 0.500000
          0.104772 0.402495 0.603609
          2.345836 0.180311 1.073779
          3.000000 0.500000 0.500000
          2.422105 0.500000 1.317361
          1.906063 0.390258 1.392245
          3.250000 0.500000 0.500000
          3.124916 0.043173 0.500000
          1.000000 0.413418 0.800014
          3.019733 0.0 1.152798
          2.975000 0.0 0.716506
          2.650000 0.076795 0.500000
          2.953800 0.500000 1.412362
          1.907446 0.404770 1.187573
          1.229604 0.500000 1.278500
          2.725000 0.456699 0.500000
          3.463167 0.500000 0.538074
          1.224991 0.254621 1.097057
          0.700952 0.227669 1.243246
          2.775000 0.456699 0.500000
          0.745246 0.367745 0.781062
          3.500000 0.418275 1.067889
          2.800000 0.413400 0.500000
          2.000000 0.153965 1.000000
          3.069934 0.142318 0.989799
          2.271048 0.500000 1.237081
          1.200000 0.0 1.500000
          2.175000 0.196891 1.000000
          2.950315 0.242091 1.500000
          1.925000 0.500000 1.303109
          1.200020 0.182446 1.164417
          2.760460 0.204863 1.386988
          2.100000 0.500000 1.500000
          0.599979 0.346096 0.500000
          1.951332 0.242777 1.500000
          0.125103 0.288647 1.367294
          0.149059 0.0 1.248224
          1.000000 0.500000 0.650000
          2.671408 0.368110 1.376832
          2.500000 0.500000 0.650000
          3.211810 0.367652 0.941595
          3.150000 0.413397 1.500000
          1.825000 0.225759 1.084294
          2.784180 0.328161 1.126402
          1.550000 0.297927 1.126326
          2.500000 0.076795 0.800000
          2.976190 0.361215 0.791483
          3.350000 0.076795 0.500000
          2.775636 0.088174 0.586887
          1.925156 0.085384 1.092871
          3.039680 0.113759 1.386364
          1.600000 0.240192 1.000000
          3.500000 0.418338 0.961546
          0.500000 0.163397 1.500000
          1.600000 0.500000 1.500000
          3.091123 0.285493 1.385893
          0.541428 0.146738 1.352250
          2.670023 0.262347 1.396461
          3.406131 0.341951 1.500000
          0.475000 0.216506 0.500000
          1.250001 0.326795 1.000000
          0.825003 0.101029 0.582568
          0.0 0.325000 1.037183
          0.697324 0.425988 0.500000
          0.706298 0.0 0.869148
          1.625000 0.196891 1.000000
          3.052119 0.0 1.412079
          3.500000 0.133831 1.060891
          3.271051 0.086374 0.946325
          0.677784 0.0 1.321817
          0.230816 0.500000 0.892138
          0.127011 0.460204 0.500000
          0.278505 0.386087 0.913999
          1.000000 0.283507 0.775025
          0.624589 0.325800 1.095065
          0.770767 0.354060 0.986200
          0.525001 0.0 1.062912
          1.825002 0.139822 1.060044
          2.175000 0.456699 1.000000
          1.600000 0.0 1.353250
          2.567330 0.182036 0.799368
          1.725000 0.456699 1.000000
          2.450069 0.413510 1.500000
          0.125011 0.129898 0.500000
          2.500000 0.225000 0.956699
          2.541268 0.425000 1.058858
          2.926770 0.255454 0.701202
          3.075000 0.312361 0.571422
          2.400000 0.500000 1.500000
          0.525000 0.043301 0.500000
          0.625001 0.500000 1.062914
          1.252139 0.395794 1.394555
          0.0 0.200000 1.500000
          3.384211 0.393146 1.281190
          1.239498 0.0 1.414941
          1.800000 0.326795 1.000000
          0.250000 0.0 1.240192
          2.470521 0.500000 1.064649
          0.743352 0.282696 1.392331
          3.500000 0.419297 0.868117
          2.527206 0.275000 1.072907
          3.500000 0.346517 0.992759
          3.093234 0.0 0.554633
          0.0 0.438414 0.589712
          0.274501 0.462246 0.500000
          3.500000 0.084915 1.357585
          1.000000 0.040032 0.873404
          0.121784 0.0 0.551186
          1.389434 0.110733 1.400264
          3.225000 0.341229 0.651751
          3.000214 0.086415 0.500000
          2.250000 0.0 1.000000
          1.050000 0.500000 1.000000
          3.060482 0.168441 1.137053
          3.300000 0.0 1.500000
          0.0 0.050000 0.500000
          3.064585 0.144250 0.836966
          1.300001 0.413398 1.000000
          1.975000 0.283494 1.000000
          2.125000 0.043301 1.000000
          2.250000 0.076795 1.000000
          1.175103 0.041834 1.000000
          0.399715 0.327709 1.500000
          0.550000 0.259808 0.500000
          0.699999 0.346068 0.500000
          1.199818 0.050367 1.051456
          1.400000 0.500000 1.500000
          1.000000 0.250000 0.500000
          2.400000 0.0 1.000000
          2.580988 0.100083 0.500000
          1.675000 0.341229 1.156829
          1.175030 0.196874 1.000000
          2.387405 0.230331 1.382536
          0.147640 0.500000 1.248476
          0.044427 0.174540 0.500000
          2.500000 0.325000 0.956699
          0.080842 0.301705 0.500000
          2.125000 0.427831 1.057917
          1.000000 0.350000 0.500000
          3.500000 0.309111 0.552248
          1.339019 0.382984 1.244599
          2.500000 0.228753 0.884437
          1.000000 0.077937 0.600409
          2.563397 0.500000 0.563397
          0.179667 0.0 0.549460
          0.0 0.274727 0.972059
          3.500000 0.252274 1.260137
          0.550000 0.240192 1.500000
          2.700000 0.153593 0.500000
          2.571163 0.305865 0.865712
          0.958381 0.074562 0.500000
          0.450000 0.086603 0.500000
          1.575000 0.370096 1.000000
          0.875000 0.159304 0.624465
          1.325000 0.456699 1.000000
          3.406557 0.331490 0.847288
          1.500000 0.326795 1.000000
          2.675000 0.500000 1.235520
          0.368893 0.099773 0.957029
          0.873549 0.130736 0.500000
          1.233437 0.250380 1.392868
          0.198220 0.335290 1.500000
          0.769324 0.131368 0.734451
          3.500000 0.411701 1.252546
          2.500000 0.077937 0.899591
          0.782121 0.0 0.920474
          2.500000 0.278835 0.874191
          0.807375 0.119820 1.111533
          0.916298 0.134928 0.500000
          0.278175 0.500000 0.636744
          3.151496 0.500000 1.240859
          2.500000 0.275335 0.957192
          3.349047 0.151140 0.934916
          3.273765 0.040954 0.500000
          1.475000 0.283494 1.000000
          1.123751 0.252808 1.112338
          0.070727 0.0 1.430394
          3.372950 0.040773 0.500000
          0.425011 0.0 0.889671
          2.355507 0.343564 1.345585
          3.344875 0.270938 1.500000
          0.800000 0.163415 1.500000
          2.874797 0.266283 1.106818
          3.200000 0.326795 0.500000
          1.249998 0.413429 1.500000
          2.600000 0.0 1.500000
          1.401106 0.0 1.060899
          2.200000 0.326795 1.000000
          0.0 0.058106 0.596744
          1.000000 0.0 0.650000
          2.699996 0.211341 0.583951
          1.950950 0.082479 1.500000
          1.417460 0.261751 1.396602
          1.150107 0.442224 1.054677
          3.500000 0.500000 0.923675
          0.674500 0.462239 0.500000
          3.500000 0.230833 0.562065
          2.150000 0.0 1.000000
          2.506553 0.344072 1.349976
          2.500000 0.0 0.900000
          2.669502 0.127365 1.383357
          0.432135 0.120324 1.388269
          2.923562 0.500000 0.637378
          1.675000 0.196891 1.000000
          2.500000 0.127917 0.958383
          3.416921 0.0 0.779593
          2.875240 0.043155 0.500000
          2.636258 0.0 0.547292
          1.974765 0.500000 1.218050
          0.200002 0.173204 0.500000
          0.824999 0.129899 0.500000
          3.419587 0.199896 0.500000
          1.000000 0.275000 0.966186
          3.222685 0.0 0.975364
          0.0 0.424655 0.681284
          2.700001 0.326802 0.500000
          0.100000 0.500000 1.500000
          2.215564 0.0 1.152910
          3.441216 0.0 0.596308
          2.563825 0.442292 0.749957
          0.936603 0.500000 0.563397
          3.056523 0.400031 0.966908
          2.500000 0.200000 0.500000
          1.450000 0.326795 1.000000
          2.578631 0.302202 1.405408
          2.600330 0.239619 0.500000
          1.000000 0.300000 1.000000
          1.250000 0.500000 1.000000
          0.349467 0.0 1.413370
          0.250000 0.500000 0.500000
          0.900000 0.326795 1.500000
          1.325000 0.225777 1.056459
          1.000000 0.421046 0.614516
          2.925000 0.500000 1.149519
          0.0 0.366940 0.967282
          2.951530 0.166042 0.500000
          3.392293 0.264696 1.117455
          1.957598 0.500000 1.054901
          0.300000 0.259808 0.500000
          2.841816 0.326309 0.841519
          0.200000 0.346410 0.500000
          3.000103 0.327160 1.500000
          1.500222 0.327256 1.500000
          1.660432 0.0 1.213871
          1.900587 0.162594 1.500000
          3.233409 0.375031 1.230645
          0.450000 0.173205 0.500000
          2.825000 0.500000 1.149519
          0.950000 0.0 0.500000
          2.750000 0.413398 0.500000
          0.949957 0.413431 1.500000
          3.189088 0.345334 1.345329
          0.474078 0.462558 0.500000
          0.905321 0.269060 0.850004
          3.500000 0.268721 0.807437
          2.625000 0.283496 0.500000
          0.090315 0.0 0.974837
          2.650000 0.153590 0.500000
          2.371774 0.042344 1.000000
          0.876335 0.300956 0.500000
          0.425011 0.500000 0.889671
          3.196208 0.161852 1.500000
          0.675000 0.129904 0.500000
          0.957611 0.226580 0.500000
          3.467138 0.373434 0.500000
          0.0 0.400000 1.500000
          3.100000 0.0 1.500000
          2.500000 0.500000 0.900000
          0.665172 0.129877 1.253373
          3.220668 0.500000 0.639650
          2.500000 0.500000 0.750000
          2.562698 0.500000 1.047187
          1.000000 0.500000 0.950000
          0.500000 0.0 1.500000
          1.700062 0.182678 1.163581
          0.145399 0.500000 0.724307
          3.269923 0.500000 0.719165
          0.220726 0.100968 1.401041
          2.433372 0.387984 1.262104
          0.126577 0.249440 1.263271
          3.426795 0.073205 1.500000
          0.706298 0.500000 0.869148
          0.300000 0.0 0.500000
          1.275001 0.370097 1.000000
          2.957792 0.500000 0.554811
          3.279141 0.089663 1.113397
          2.750010 0.240280 0.500000
          0.325787 0.0 0.716228
          3.001004 0.166809 0.500000
          3.207939 0.317721 1.120802
          3.416815 0.0 0.869455
          3.250085 0.0 1.240819
          2.500000 0.420409 0.545285
          0.474950 0.303004 0.500000
          1.650000 0.413397 1.000000
          2.414291 0.203900 1.000000
          2.350000 0.413397 1.500000
          0.373331 0.373658 1.373647
          0.550000 0.086603 0.500000
          1.149919 0.084584 1.500000
          3.500000 0.500000 1.500000
          1.350000 0.240192 1.000000
          1.077953 0.046927 1.000000
          0.425000 0.043301 0.500000
          0.800000 0.346410 0.500000
          1.000000 0.456764 0.725124
          3.350000 0.0 0.500000
          2.113106 0.381549 1.258795
          3.100000 0.500000 0.500000
          1.265884 0.0 1.343248
          2.312322 0.500000 1.056869
          3.129679 0.380517 1.040007
          1.698948 0.108051 1.410030
          3.103120 0.334966 1.215403
          0.607497 0.092043 0.845899
          0.650000 0.413397 1.500000
          2.825000 0.0 0.803109
          2.500000 0.283507 0.724975
          2.500000 0.370098 0.674996
          1.400000 0.413397 1.000000
          1.825000 0.0 1.122893
          2.625000 0.370097 0.500000
          0.478467 0.100152 0.911563
          1.575000 0.0 1.043301
          1.880833 0.0 1.062065
          1.750000 0.0 1.000000
          0.0 0.500000 0.731566
          3.500000 0.200000 0.500000
          1.100000 0.500000 1.000000
          1.261473 0.0 1.131072
          0.087201 0.0 0.789735
          2.324909 0.427884 1.060729
          1.000000 0.372600 0.625208
          2.825857 0.0 0.549240
          3.024999 0.500000 0.976314
          0.963397 0.036603 0.500000
          3.500000 0.0 0.556859
          2.125100 0.0 1.306568
          2.750000 0.076795 0.500000
          3.150000 0.500000 0.500000
          1.100000 0.326795 1.500000
          1.450000 0.413397 1.500000
          2.550032 0.413514 1.500000
          3.225000 0.341229 0.572654
          2.373550 0.369259 1.000000
          3.200000 0.0 1.500000
          1.175002 0.168013 1.068038
          0.993965 0.340680 1.258635
          1.550000 0.076795 1.000000
          2.225000 0.110289 1.000000
          0.138638 0.500000 1.065593
          3.222685 0.500000 0.975364
          1.327632 0.0 1.298113
          2.200000 0.076795 1.000000
          1.350000 0.442265 1.059584
          2.100000 0.153777 1.000000
          0.373525 0.387159 0.500000
          0.226469 0.400528 1.131560
          1.296778 0.0 1.209827
          2.790678 0.500000 0.880024
          3.269358 0.500000 0.892058
          1.800000 0.413397 1.000000
          2.000000 0.500000 1.500000
          2.672257 0.0 1.061424
          2.775000 0.0 1.235816
          0.097831 0.260921 0.500000
          0.387058 0.0 1.145172
          0.275001 0.129903 0.500000
          2.457611 0.273420 1.000000
          2.074990 0.139828 1.146180
          0.425000 0.216506 0.500000
          0.525013 0.500000 0.889664
          3.410426 0.0 1.345130
          1.466121 0.0 1.145312
          2.650000 0.500000 0.500000
          2.721974 0.150129 1.271368
          0.677784 0.500000 1.321817
          0.199112 0.0 1.330491
          1.349794 0.153754 1.000000
          1.000000 0.500000 1.000000
          2.025000 0.283494 1.000000
          3.024999 0.0 0.976314
          2.925007 0.370103 0.500000
          1.000000 0.200000 0.500000
          2.872571 0.364351 1.267689
          0.324968 0.129479 0.783216
          2.500000 0.111318 0.824672
          3.392432 0.093555 1.396536
          1.750048 0.182726 1.080733
          0.445872 0.500000 1.412697
          1.875001 0.196927 1.000000
          2.500000 0.456764 0.774876
          3.388509 0.075678 0.500000
          2.025000 0.341229 1.056976
          1.036603 0.463397 1.000000
          1.962500 0.0 1.401554
          2.725000 0.0 1.002760
          1.175622 0.500000 1.114252
          0.291626 0.229986 1.297813
          2.025002 0.500000 1.055141
          2.050000 0.240192 1.000000
          0.860538 0.128568 1.378718
          3.500000 0.0 1.307892
          2.175000 0.043301 1.000000
          0.0 0.500000 0.500000
          0.203778 0.118060 0.753557
          2.950041 0.326884 0.500000
          0.625000 0.216506 0.500000
          1.000000 0.458936 0.923466
          1.325000 0.370096 1.000000
          2.880833 0.0 0.562065
          1.275000 0.283494 1.000000
          2.500000 0.415258 0.846436
          1.550000 0.326795 1.000000
          1.000000 0.076720 0.650000
          2.717889 0.500000 0.922240
          2.599656 0.415146 0.500000
          0.568423 0.500000 0.806865
          1.950000 0.326795 1.000000
          0.0 0.415273 0.881854
          2.500000 0.043301 0.825000
          0.0 0.180426 0.977420
          0.725000 0.043301 0.500000
          0.907490 0.348073 0.500000
          3.418622 0.245166 1.500000
          0.940665 0.375000 0.992877
          3.349865 0.153678 0.500000
          2.126338 0.0 1.145581
          2.758732 0.294881 1.308337
          0.400000 0.057735 0.556823
          1.000000 0.041494 0.625035
          0.200000 0.500000 0.500000
          0.089373 0.0 1.345130
          1.000000 0.114677 0.624288
          0.877725 0.0 0.775833
          1.651059 0.074617 1.000000
          1.116475 0.372689 1.236402
          3.025000 0.043301 0.500000
          2.402982 0.160666 1.500000
          3.390903 0.095305 1.290467
          1.000000 0.252009 0.583645
          2.125000 0.341229 1.138084
          1.588072 0.500000 1.275996
          3.225000 0.427831 0.558664
          1.700000 0.297927 1.064499
          3.150000 0.442265 0.556029
          1.619431 0.500000 1.057981
          0.516667 0.0 0.557735
          1.950000 0.500000 1.000000
          2.225000 0.341229 1.056869
          2.350000 0.153590 1.000000
          3.050000 0.086603 1.500000
          0.875000 0.0 1.322724
          1.143770 0.105972 1.393678
          0.0 0.110132 0.543977
          2.603357 0.051131 0.555662
          1.000000 0.175486 0.543021
          3.500000 0.083373 0.973479
          2.675000 0.043301 0.500000
          2.500000 0.281380 0.575195
          2.776235 0.040954 0.500000
          2.485765 0.225000 1.122538
          2.150000 0.103077 1.094592
          1.600554 0.075816 1.000000
          0.946650 0.500000 1.051078
          2.171679 0.500000 1.064321
          1.100000 0.0 1.000000
          2.500000 0.370096 0.625000
          2.500000 0.151778 0.592855
          0.750000 0.0 0.500000
          1.900000 0.0 1.500000
          1.500000 0.0 1.000000
          1.575143 0.040347 1.000000
          2.324061 0.196349 1.000000
          1.704450 0.287629 1.267297
          0.849994 0.086576 0.500000
          2.500000 0.200000 1.000000
          0.175103 0.458166 0.500000
          1.900001 0.153621 1.000000
          0.0 0.0 0.556859
          1.749993 0.103165 1.058594
          1.000000 0.420409 0.954715
          2.650000 0.326798 0.500000
          1.000000 0.463397 0.536603
          0.277344 0.500000 0.975377
          2.075000 0.043301 1.000000
          2.553592 0.0 0.903531
          3.384610 0.243705 1.003635
          1.275002 0.427832 1.057793
          2.775003 0.370119 0.500000
          2.825000 0.500000 0.803109
          2.784976 0.232876 1.204874
          2.553592 0.500000 0.903531
          3.415206 0.073576 0.576048
          2.500000 0.456748 0.675077
          0.098195 0.098761 1.108141
          2.519003 0.408218 1.199646
          0.602965 0.405272 1.277203
          3.407136 0.151766 0.500000
          2.400000 0.500000 1.000000
          2.723870 0.0 0.813527
          3.209953 0.500000 1.152684
          2.275000 0.312361 1.174832
          1.274501 0.037754 1.000000
          3.413321 0.500000 0.976815
          2.632879 0.175000 0.985751
          1.000000 0.110860 0.874055
          3.500000 0.057358 1.066107
          1.350081 0.084584 1.500000
          1.150000 0.500000 1.000000
          0.675000 0.0 0.601479
          3.452986 0.231815 0.500000
          0.922687 0.283077 1.334230
          1.080973 0.100000 1.000000
          0.0 0.193099 1.158011
          0.0 0.043648 0.539516
          1.174836 0.312295 1.074277
          0.300000 0.173205 0.500000
          2.500000 0.240199 0.799988
          1.394579 0.500000 1.230134
          2.025000 0.370096 1.000000
          0.374944 0.331990 0.658156
          2.874850 0.0 0.716566
          3.375375 0.283348 0.500000
          2.800000 0.500000 0.500000
          1.000000 0.326932 0.700252
          3.349576 0.415323 1.500000
          2.750000 0.500000 1.413397
          0.459440 0.108571 1.274004
          0.375000 0.043301 0.500000
          1.000000 0.240199 0.700012
          2.900000 0.413397 0.500000
          2.705096 0.121983 1.122075
          0.549383 0.424013 0.500000
          0.191098 0.500000 1.154338
          2.975756 0.230551 0.562989
          2.500000 0.0 0.800000
          2.600017 0.163373 1.500000
          2.572182 0.375000 1.110932
          0.617169 0.212785 1.157745
          2.930592 0.119942 1.145114
          2.950005 0.384533 0.561935
          1.930219 0.116380 1.396136
          3.025000 0.456699 0.500000
          0.625000 0.129904 0.500000
          2.633634 0.500000 0.969523
          1.324943 0.139768 1.132732
          2.970848 0.0 1.236058
          0.800000 0.326795 1.500000
          0.725000 0.129904 0.500000
          2.422471 0.500000 1.148448
          0.575000 0.0 1.149518
          1.923198 0.500000 1.137993
          2.500000 0.047281 0.577950
          0.448913 0.122199 1.017945
          2.562698 0.0 1.047187
          1.150000 0.0 1.000000
          1.000000 0.326615 0.900780
          2.420694 0.047896 1.000000
          0.750000 0.086603 1.500000
          0.146032 0.0 0.723651
          0.774118 0.460869 0.500000
          0.450000 0.086603 1.500000
          1.250002 0.413399 1.000000
          0.199358 0.500000 1.330491
          0.924788 0.042339 0.500000
          2.526221 0.500000 0.526221
          0.600000 0.0 1.500000
          1.425000 0.196891 1.000000
          2.800048 0.240596 0.500000
          2.583683 0.394340 0.891388
          0.875587 0.0 0.657209
          0.475000 0.0 1.149519
          1.766531 0.500000 1.235778
          0.250000 0.346410 0.500000
          0.148012 0.0 0.889679
          0.190914 0.174137 1.330115
          0.998874 0.161210 1.500000
          1.000000 0.153575 0.750026
          3.456699 0.175000 0.500000
          0.237566 0.113656 1.244909
          0.550935 0.131922 0.770075
          0.0 0.500000 0.923675
          0.0 0.0 0.635756
          0.100000 0.500000 0.500000
          0.900000 0.0 1.500000
          1.083732 0.500000 1.331346
          1.132876 0.0 1.257078
          2.900158 0.270875 0.594138
          0.625000 0.500000 1.236121
          2.500000 0.456699 0.825000
          1.764781 0.500000 1.334501
          0.449959 0.346065 0.500000
          3.050000 0.240192 0.500000
          1.575016 0.168093 1.066182
          3.372992 0.368154 0.760284
          1.838536 0.140447 1.337982
          3.100000 0.240192 0.500000
          2.875000 0.0 0.889711
          2.633634 0.0 0.969523
          1.698822 0.179440 1.332156
          3.225000 0.283494 0.500000
          3.199233 0.161537 0.500000
          0.985919 0.500000 1.327502
          1.625882 0.039131 1.000000
          2.653037 0.0 1.414773
          0.0 0.412734 1.263015
          2.500000 0.456699 0.725000
          3.500000 0.0 0.731566
          0.0 0.450000 0.500000
          3.250000 0.326795 0.500000
          2.874850 0.500000 0.716566
          0.253538 0.250069 1.186227
          0.850000 0.346410 0.500000
          1.975000 0.196931 1.000000
          2.466962 0.140769 1.353315
          1.000000 0.0 0.550000
          0.932013 0.0 1.232663
          2.851111 0.164680 0.500000
          0.375000 0.245374 0.599705
          2.518255 0.0 1.142768
          0.921815 0.075000 0.987789
          0.394290 0.500000 1.322366
          1.225003 0.370098 1.000000
          1.000000 0.326805 0.800020
          0.319167 0.0 0.562065
          0.800000 0.0 0.500000
          3.325000 0.069378 0.571958
          0.106512 0.130180 0.957839
          3.348234 0.0 1.419991
          0.960633 0.239453 1.210970
          3.275000 0.456699 0.500000
          2.773578 0.198697 0.500000
          1.000000 0.325000 0.613397
          0.341489 0.139044 1.204291
          3.191932 0.363796 0.806079
          1.026946 0.399736 1.079861
          2.825536 0.500000 0.622790
          1.575000 0.456699 1.000000
          2.150000 0.500000 1.000000
          0.951585 0.500000 0.776333
          0.0 0.0 1.403946
          2.827026 0.151017 0.650524
          3.166841 0.405742 1.157232
          0.773559 0.387184 0.500000
          3.500000 0.088743 1.152735
          2.322661 0.500000 1.321686
          2.850000 0.500000 1.413397
          0.574857 0.459653 0.500000
          0.942265 0.500000 0.725000
          2.832290 0.237395 0.766885
          0.275001 0.158771 0.607670
          2.588434 0.102872 0.800000
          2.745314 0.250029 0.971116
          3.245663 0.082248 1.500000
          0.241391 0.0 0.558104
          3.429273 0.0 1.430394
          2.275000 0.456699 1.000000
          3.309923 0.500000 1.154470
          0.575003 0.0 0.976304
          0.825000 0.389711 0.500000
          0.125000 0.389711 0.500000
          0.167634 0.391489 1.390239
          0.0 0.335162 1.211591
          3.250000 0.240192 0.500000
          1.175000 0.110289 1.000000
          2.825536 0.0 0.622790
          1.425000 0.341229 1.157710
          3.349603 0.125008 0.618412
          2.599222 0.326625 0.500000
          2.500000 0.400000 0.500000
          1.027231 0.346813 1.145459
          2.271479 0.500000 1.039082
          1.602979 0.160657 1.500000
          0.250000 0.413397 1.500000
          1.974979 0.187923 1.323714
          0.350000 0.086603 1.500000
          2.025002 0.0 1.055141
          1.000000 0.423144 0.540000
          1.675293 0.168124 1.071171
          2.572609 0.075000 0.983796
          3.000284 0.401897 0.700459
          2.225000 0.427831 1.057917
          1.650315 0.242091 1.500000
          1.004578 0.106881 1.261566
          0.272963 0.435978 0.560183
          2.000223 0.327257 1.500000
          2.250000 0.500000 1.000000
          3.072881 0.500000 1.064235
          0.956699 0.325000 0.500000
          0.232786 0.500000 1.062515
          2.563397 0.0 0.563397
          0.972608 0.0 0.527392
          1.000000 0.175000 0.956699
          1.000000 0.0 0.850000
          0.732575 0.340360 1.255925
          0.600000 0.423205 0.500000
          2.975017 0.312560 0.568646
          0.325002 0.500000 0.889705
          1.475000 0.370096 1.000000
          2.250000 0.413397 1.000000
          1.000000 0.076795 0.750000
          0.937364 0.225000 1.040703
          0.688564 0.500000 0.970658
          2.357262 0.0 1.411509
          2.545330 0.325769 0.500000
          3.199878 0.500000 1.326863
          2.500000 0.196891 0.625000
          3.460054 0.076742 0.500000
          0.748362 0.261702 0.848278
          2.900000 0.500000 1.500000
          0.933743 0.254639 0.775011
          0.422394 0.392374 1.270493
          1.000000 0.036603 0.963397
          0.942265 0.0 0.725000
          1.355331 0.500000 1.139573
          3.158172 0.114450 0.761255
          0.568423 0.0 0.806865
          2.445631 0.298713 1.080248
          0.785187 0.500000 0.725085
          3.348131 0.352994 1.178348
          2.500000 0.300000 0.500000
          0.396847 0.175429 0.892907
          1.650067 0.413506 1.500000
          0.249904 0.500000 1.240823
          0.930423 0.373932 0.569944
          0.0 0.085281 1.159313
          3.100000 0.500000 1.500000
          3.175000 0.456699 0.500000
          1.000000 0.112699 0.579408
          0.073052 0.500000 0.536104
          0.579205 0.500000 1.322838
          0.806540 0.224167 1.077635
          1.725000 0.398964 1.094356
          0.0 0.381495 0.555892
          3.050000 0.326795 0.500000
          2.925000 0.043301 0.500000
          0.425000 0.187639 0.574926
          1.000000 0.151778 0.907145
          0.842267 0.0 1.413233
          0.0 0.271136 1.159135
          1.550000 0.0 1.000000
          3.223826 0.109495 1.261381
          2.275000 0.312361 1.083962
          1.352612 0.125371 1.261888
          2.700587 0.162594 1.500000
          0.643649 0.0 0.818332
          1.700000 0.163415 1.500000
          0.549071 0.396721 0.582414
          1.850003 0.153777 1.000000
          0.824518 0.461247 0.500000
          3.050018 0.241142 1.500000
          1.051582 0.355997 1.360609
          0.098983 0.232447 0.604816
          2.570110 0.176108 0.927222
          0.065106 0.0 0.881109
          3.441216 0.500000 0.596308
          2.575103 0.281360 0.500000
          3.025000 0.0 0.555137
          1.000000 0.372153 0.925198
          3.500000 0.364384 1.157203
          2.791852 0.380088 1.390558
          1.083732 0.0 1.331346
          2.902979 0.160657 1.500000
          0.250930 0.500000 1.413934
          1.650181 0.355902 1.358604
          0.102317 0.321393 0.579479
          3.025000 0.398964 0.588824
          1.375000 0.312361 1.074278
          0.650000 0.259808 0.500000
          0.272709 0.285739 1.072804
          1.575001 0.111190 1.000000
          3.075000 0.370096 0.500000
          3.075000 0.456699 0.500000
          1.000000 0.240196 0.800006
          0.150000 0.0 1.066987
          0.0 0.413381 1.057186
          1.675000 0.283494 1.000000
          2.500000 0.240194 0.649997
          1.681379 0.0 1.317378
          3.428788 0.250546 0.560886
          1.650000 0.0 1.000000
          2.250000 0.326795 1.000000
          3.261381 0.500000 0.555338
          0.436918 0.500000 1.230443
          1.250000 0.0 1.000000
          3.100000 0.0 0.500000
          1.200000 0.0 1.000000
          3.200000 0.413397 0.500000
          3.282386 0.407719 0.840778
          3.435129 0.0 1.254712
          1.000000 0.370098 0.825004
          2.576448 0.069378 0.675000
          2.775000 0.0 1.062917
          1.048411 0.242798 1.500000
          3.086351 0.387166 1.316151
          3.412941 0.129752 0.860667
          3.025362 0.205909 0.500000
          0.350000 0.115470 0.583774
          0.737500 0.0 1.410820
          2.447852 0.097560 1.201378
          3.250085 0.500000 1.240819
          0.409959 0.328780 1.174579
          3.278453 0.393539 1.393389
          0.351313 0.333125 0.826693
          0.162723 0.334784 1.074299
          0.483704 0.238821 1.390071
          1.043301 0.175000 1.000000
          3.450000 0.0 0.500000
          1.049050 0.082479 1.500000
          2.913015 0.366166 1.138228
          0.752255 0.249081 0.973172
          2.623573 0.347816 1.254441
          1.400000 0.240192 1.000000
          2.675000 0.0 1.235520
          1.975000 0.370096 1.000000
          0.985919 0.0 1.327502
          1.500000 0.500000 1.500000
          3.125000 0.283494 0.500000
          2.698438 0.0 0.550000
          2.695950 0.500000 0.724303
          0.150000 0.0 0.500000
          0.050000 0.500000 0.500000
          2.300000 0.500000 1.000000
          1.550000 0.355662 1.059482
          0.372530 0.463237 0.500000
          1.000000 0.400000 1.000000
          2.600021 0.327015 1.500000
          2.100000 0.326795 1.000000
          0.275000 0.303109 0.500000
          3.150000 0.413397 0.500000
          3.223559 0.042197 0.500000
          0.0 0.148640 1.247779
          3.172748 0.0 1.061565
          1.139805 0.0 1.417210
          0.549970 0.317525 0.572778
          2.500000 0.0 0.550000
          2.564618 0.139155 0.674997
          1.299571 0.125518 1.056918
          2.050087 0.413523 1.500000
          3.402494 0.199001 1.402541
          2.500000 0.400000 1.000000
          1.626051 0.085532 1.075580
          3.099610 0.172084 0.500000
          3.303049 0.335436 1.500000
          0.0 0.212143 0.553199
          0.956699 0.0 0.675000
          1.975000 0.312361 1.084294
          0.0 0.350000 0.500000
          1.000000 0.110289 0.825000
          2.974995 0.0 0.889713
          2.850000 0.500000 0.500000
          3.125000 0.456699 0.500000
          2.543301 0.175000 0.500000
          2.300000 0.0 1.000000
          0.925420 0.310817 0.677072
          0.850000 0.241830 1.500000
          1.450950 0.082479 1.500000
          2.602038 0.276582 0.929399
          2.445091 0.249559 1.249357
          1.000000 0.111318 0.675328
          3.098817 0.114593 0.593404
          0.600000 0.500000 1.500000
          1.033940 0.0 1.240799
          1.800000 0.500000 1.500000
          0.102803 0.395960 1.138972
          2.533755 0.275733 0.500000
          2.500000 0.413418 0.699986
          3.500000 0.500000 0.731566
          0.166653 0.332853 0.829277
          2.500000 0.043301 0.775000
          2.825857 0.500000 0.549240
          1.350000 0.0 1.000000
          0.375000 0.129904 0.500000
          0.490639 0.235766 0.863358
          1.950000 0.240192 1.000000
          0.098579 0.173693 0.500000
          2.000019 0.182732 1.092433
          0.775000 0.043301 0.500000
          2.318507 0.500000 1.140485
          3.024923 0.179045 0.573132
          2.875000 0.398968 0.588802
          1.564655 0.0 1.098508
          3.150025 0.241968 0.500000
          1.200000 0.500000 1.500000
          3.500000 0.500000 0.635756
          0.700000 0.500000 0.500000
          1.950000 0.413397 1.500000
          0.670902 0.093562 1.080105
          3.104797 0.500000 1.325345
          0.525000 0.129904 0.500000
          1.550000 0.413397 1.500000
          1.620536 0.120703 1.250262
          2.583499 0.211328 0.699994
          0.556352 0.088404 0.678044
          0.825000 0.216506 0.500000
          0.300000 0.500000 1.500000
          1.050000 0.0 1.000000
          2.850246 0.242268 0.500000
          0.399975 0.317528 0.574906
          2.573953 0.0 1.233754
          2.629904 0.0 0.775000
          2.650000 0.413397 1.500000
          2.821483 0.500000 1.320905
          2.200438 0.349413 1.346423
          2.500000 0.372153 0.574802
          3.269923 0.0 0.719165
          0.400000 0.500000 1.500000
          2.900000 0.500000 0.500000
          0.850000 0.173205 0.500000
          0.285998 0.094773 0.691190
          0.199999 0.259839 0.500000
          3.125000 0.370096 0.500000
          2.500000 0.075010 0.612296
          0.900000 0.500000 0.500000
          0.137529 0.162343 1.195049
          0.574874 0.387825 0.500000
          0.0 0.0 1.500000
          3.300000 0.413397 0.500000
          0.885058 0.0 1.145388
          0.675000 0.043301 0.500000
          2.225000 0.456699 1.000000
          2.860021 0.399428 0.913979
          3.353970 0.0 0.726697
          1.092860 0.151379 1.000000
          0.348633 0.244022 1.500000
          2.275871 0.283352 1.397736
          2.560225 0.443332 0.600373
          1.500000 0.0 1.500000
          3.175000 0.0 0.559797
          1.900000 0.0 1.000000
          0.0 0.442803 0.970805
          1.000000 0.370150 0.775097
          0.650000 0.240192 1.500000
          0.0 0.225000 0.889711
          0.575003 0.500000 0.976304
          2.625897 0.197409 0.500000
          2.351606 0.241512 1.500000
          2.003709 0.394204 1.244218
          1.004410 0.0 1.136370
          1.675000 0.370096 1.000000
          2.225000 0.370096 1.000000
          0.230875 0.0 0.719013
          1.375000 0.456699 1.000000
          0.151765 0.500000 1.419992
          0.296180 0.500000 1.151892
          2.251400 0.242975 1.500000
          2.975000 0.043301 0.500000
          0.498938 0.425389 0.500000
          3.500000 0.400000 1.500000
          0.348983 0.398695 0.592951
          0.074956 0.0 0.682002
          0.674998 0.387871 0.500000
          0.897117 0.160575 1.500000
          1.425821 0.036452 1.000000
          2.200000 0.500000 1.500000
          0.0 0.060744 0.683597
          2.500000 0.283498 0.674992
          3.500000 0.0 1.500000
          0.487814 0.162108 1.170903
          2.298609 0.154212 1.000000
          2.463397 0.036603 1.000000
          0.345758 0.500000 1.236590
          1.000000 0.400000 0.500000
          0.632938 0.309741 0.836346
          3.150000 0.326795 0.500000
          0.768061 0.361777 1.093280
          2.024152 0.500000 1.129110
          2.500000 0.043301 0.725000
          0.875587 0.500000 0.657209
          3.500000 0.100000 0.500000
          0.905037 0.398952 0.824979
          2.500000 0.036603 0.536603
          2.905668 0.396848 1.395088
          2.917091 0.0 1.322777
          1.450199 0.153714 1.000000
          1.000000 0.452104 0.579306
          3.314303 0.0 0.979143
          1.000000 0.415258 0.653564
          3.236013 0.239359 1.380756
          1.525000 0.456699 1.000000
          0.825000 0.303109 0.500000
          2.568449 0.425000 0.987770
          3.382982 0.380832 0.931253
          1.693592 0.500000 1.055343
          0.976590 0.075000 1.073760
          0.749857 0.126894 1.018368
          2.175000 0.111186 1.000000
          1.000000 0.500000 1.500000
          1.296778 0.500000 1.209827
          2.574722 0.371883 0.500000
          1.600003 0.153775 1.000000
          2.675079 0.456745 0.500000
          2.025000 0.111245 1.000000
          3.463397 0.036603 0.500000
          1.849962 0.076676 1.000000
          0.0 0.0 0.923675
          2.924987 0.095211 0.680907
          3.074988 0.0 0.717716
          2.700000 0.0 1.500000
          2.556339 0.124712 0.750000
          2.775000 0.500000 1.235816
          2.871057 0.288498 1.377263
          0.799999 0.086598 0.500000
          1.925000 0.370096 1.000000
          0.225000 0.303109 0.500000
          1.739533 0.500000 1.413480
          0.624679 0.457732 0.500000
          2.725000 0.0 1.149468
          2.875000 0.500000 1.235579
          0.600000 0.326795 1.500000
          1.000000 0.326845 0.750092
          2.001142 0.161259 1.500000
          2.636940 0.500000 0.601020
          0.0 0.429653 1.430790
          2.687217 0.393179 1.120790
          1.925000 0.427831 1.057912
          2.500000 0.282586 0.822978
          2.775000 0.500000 1.062917
          0.900000 0.0 0.500000
          2.650205 0.240189 0.500000
          0.804781 0.500000 0.558192
          2.850000 0.0 0.500000
          2.246479 0.0 1.080504
          2.925000 0.0 1.149519
          3.500000 0.351026 0.816837
          3.155797 0.101333 0.931838
          2.758024 0.388704 0.893738
          2.075000 0.398964 1.087147
          0.200020 0.317554 0.580404
          0.0 0.323363 0.889916
          3.425400 0.371300 0.500000
          3.025000 0.283494 0.500000
          2.500000 0.463397 0.536603
          1.324966 0.196919 1.000000
          1.297325 0.073965 1.000000
          3.075000 0.500000 0.889711
          1.019832 0.247863 1.340099
          3.062071 0.500000 1.241393
          2.092453 0.0 1.056308
          3.350064 0.326771 0.500000
          2.249768 0.153694 1.000000
          2.075000 0.283494 1.000000
          2.697783 0.308380 1.172867
          1.000000 0.240200 0.750014
          2.500000 0.500000 0.800000
          1.425000 0.370096 1.000000
          2.566014 0.349983 0.944731
          0.930937 0.176108 0.572778
          0.200008 0.115463 0.580527
          1.231936 0.395649 1.250746
          0.349467 0.500000 1.413370
          2.750000 0.413397 1.500000
          0.525000 0.0 1.236122
          2.825013 0.312620 0.571254
          2.000000 0.500000 1.000000
          1.000000 0.283495 0.875002
          0.323765 0.388724 0.500000
          2.400000 0.0 1.500000
          2.377835 0.400020 1.091402
          3.204346 0.286847 0.875718
          2.125000 0.370096 1.000000
          0.149074 0.351329 1.224893
          0.0 0.329960 0.723206
          1.514650 0.500000 1.338576
          0.175000 0.043301 0.500000
          1.000000 0.100000 0.500000
          0.525000 0.216506 0.500000
          2.923562 0.0 0.637378
          2.900000 0.0 1.500000
          2.450000 0.500000 1.000000
          2.175368 0.0 1.231870
          1.000000 0.196891 0.825004
          1.097831 0.239079 1.000000
          2.775015 0.283619 0.500000
          0.711081 0.175864 1.132720
          2.500000 0.413437 0.650067
          3.500000 0.197090 1.325538
          2.455185 0.379336 1.000000
          2.250000 0.413397 1.500000
          2.675000 0.370098 0.500000
          2.652812 0.345462 0.867245
          2.229875 0.278698 1.268489
          0.928965 0.085196 0.573153
          0.092103 0.348679 0.500000
          2.554712 0.392954 0.554670
          1.450399 0.047213 1.060732
          2.967240 0.133420 1.258746
          2.000000 0.0 1.000000
          0.748961 0.425410 0.500000
          3.000000 0.163415 1.500000
          2.650068 0.413437 0.500000
          1.174775 0.283251 1.000000
          0.855626 0.275000 1.175036
          1.403934 0.403021 1.401590
          2.571797 0.107352 1.332379
          0.591447 0.112466 1.166875
          3.441500 0.0 1.067756
          1.000000 0.374545 0.542460
          0.665645 0.360562 0.964239
          1.900000 0.413397 1.000000
          0.725000 0.500000 1.235579
          0.900000 0.500000 1.500000
          2.622829 0.375000 0.986128
          1.000000 0.250000 1.000000
          3.122518 0.098465 1.077201
          1.600000 0.500000 1.000000
          3.325006 0.283497 0.500000
          1.000000 0.278835 0.625809
          0.083079 0.500000 0.779593
          3.050000 0.500000 0.500000
          2.500000 0.500000 0.700000
          2.825000 0.0 1.149519
          0.550000 0.413397 1.500000
          2.200000 0.240192 1.000000
          0.475000 0.245374 0.749455
          3.275000 0.370096 0.500000
          1.399999 0.326980 1.500000
          2.300000 0.0 1.500000
          3.348515 0.0 0.906183
          2.500000 0.500000 0.950000
          0.856488 0.104016 0.764208
          1.739533 0.0 1.413480
          3.104797 0.0 1.325345
          0.569379 0.166571 0.911552
          1.150054 0.413428 1.000000
          3.201343 0.143794 1.154519
          0.541851 0.0 1.410634
          1.575000 0.283494 1.000000
          3.293853 0.267696 1.146628
          2.500000 0.153589 0.649999
          3.074988 0.500000 0.717716
          0.0 0.133096 0.723068
          0.0 0.500000 1.211837
          3.300000 0.0 0.500000
          2.700002 0.240213 0.500000
          2.611490 0.075677 0.500000
          0.0 0.100000 0.500000
          0.640484 0.361157 1.365479
          3.174675 0.097254 0.572889
          0.578557 0.400203 0.867126
          2.019976 0.213580 1.218384
          2.847163 0.090871 0.758247
          1.000000 0.450000 0.500000
          0.150054 0.086572 0.500000
          2.001645 0.256253 1.404293
          1.489463 0.500000 1.250732
          2.454391 0.500000 1.412237
          2.500000 0.110289 0.675000
          0.0 0.100000 1.500000
          2.500000 0.252009 0.916355
          0.0 0.0 0.827620
          0.323841 0.462888 0.500000
          3.500000 0.057636 0.683661
          1.132134 0.062450 1.058227
          0.036603 0.463397 0.500000
          2.559328 0.175000 1.043554
          1.229604 0.0 1.278500
          1.475000 0.456699 1.000000
          2.500000 0.076795 0.750000
          0.725000 0.072169 0.567100
          1.400000 0.500000 1.000000
          1.700000 0.240192 1.000000
          0.250000 0.230940 0.724946
          3.150000 0.086603 1.500000
          2.724497 0.0 0.633255
          1.399966 0.153617 1.000000
          1.299995 0.327005 1.500000
          2.550000 0.086603 1.500000
          2.408738 0.227405 1.074278
          0.725000 0.303052 0.500000
          2.500000 0.326797 0.649995
          3.150000 0.0 0.500000
          2.925206 0.283712 0.500000
          1.000000 0.500000 0.700000
          2.150315 0.242091 1.500000
          1.800000 0.240192 1.000000
          0.775000 0.216506 0.500000
          3.325000 0.043301 0.500000
          2.826721 0.042026 0.500000
          3.250000 0.0 0.500000
          0.166644 0.500000 0.627223
          2.927145 0.177218 0.606556
          3.000000 0.0 0.500000
          3.269358 0.0 0.892058
          3.371078 0.248724 0.779212
          2.966864 0.376357 0.917141
          2.275000 0.370096 1.000000
          2.534390 0.301493 1.195630
          2.725075 0.041967 0.500000
          0.362949 0.353126 1.030140
          0.618641 0.500000 0.889975
          1.150000 0.413397 1.500000
          3.173394 0.152023 0.644058
          2.500000 0.076720 0.850000
          2.351264 0.080479 1.500000
          2.418145 0.249650 1.000000
          3.111249 0.262134 1.095600
          0.775000 0.245374 0.600820
          0.523914 0.0 0.717100
          1.701039 0.100786 1.100097
          3.275206 0.197010 0.500000
          0.946413 0.500000 0.907014
          0.759766 0.0 0.633580
          1.845291 0.0 1.393766
          1.125011 0.370102 1.000000
          0.775000 0.0 1.149429
          3.162587 0.252273 1.309346
          0.376548 0.500000 0.621391
          1.225000 0.111214 1.000000
          2.470849 0.0 1.229650
          1.700280 0.153867 1.000000
          1.700000 0.500000 1.500000
          2.573953 0.500000 1.233754
          0.0 0.500000 0.635756
          0.850836 0.229113 0.576144
          2.563164 0.297977 0.749954
          2.700025 0.413412 0.500000
          3.078504 0.192383 1.308467
          0.849519 0.081228 1.500000
          0.999778 0.326968 1.500000
          3.279631 0.241413 0.955146
          2.075000 0.370096 1.000000
          1.825000 0.042361 1.000000
          2.917091 0.500000 1.322777
          1.850000 0.0 1.000000
          1.550000 0.500000 1.000000
          1.102677 0.178885 1.078672
          3.175206 0.201926 0.500000
          1.375771 0.082404 1.076074
          2.500000 0.373666 0.533083
          2.875912 0.337415 0.996623
          2.429098 0.368055 1.411428
          1.000000 0.413708 0.700594
          0.786027 0.500000 0.824676
          1.343491 0.0 1.399667
          2.500000 0.050000 1.000000
          3.406271 0.295753 0.693169
          0.325000 0.187639 0.565444
          0.750000 0.346410 0.500000
          3.500000 0.0 0.500000
          2.463397 0.463397 1.000000
          3.500000 0.225116 1.061395
          0.956883 0.098007 1.353700
          0.932013 0.500000 1.232663
          0.0 0.0 1.115783
          0.946230 0.275000 1.100923
          2.500000 0.458936 0.576534
          2.312322 0.0 1.056869
          2.811630 0.500000 0.971532
          0.650000 0.500000 0.500000
          3.100000 0.326795 0.500000
          1.073689 0.280678 1.000000
          1.650000 0.240192 1.000000
          2.751332 0.242777 1.500000
          0.798840 0.397397 0.592220
          1.834188 0.0 1.301509
          0.288275 0.0 0.984250
          2.125000 0.111187 1.000000
          1.112487 0.074836 1.000000
          0.121788 0.500000 0.551197
          3.467372 0.275000 0.500000
          0.957887 0.275263 0.500000
          2.456935 0.125409 1.000000
          0.619434 0.0 0.737454
          2.325000 0.456699 1.000000
          1.000000 0.127917 0.541617
          2.000000 0.326795 1.000000
          0.489880 0.373399 1.078971
          3.204435 0.244910 0.687667
          0.931370 0.429309 0.926313
          2.636940 0.0 0.601020
          1.300000 0.326795 1.000000
          0.476155 0.500000 1.148828
          1.000000 0.153589 0.850001
          0.882385 0.378943 1.252417
          1.375000 0.110289 1.000000
          2.457000 0.225387 1.000000
          2.500000 0.194046 0.869872
          3.175000 0.0 0.889711
          0.441667 0.0 0.551549
          1.550014 0.153801 1.000000
          2.372285 0.123864 1.268041
          0.234170 0.409414 0.824953
          1.225000 0.196891 1.000000
          2.370942 0.500000 1.233731
          3.422278 0.047748 0.500000
          0.337892 0.0 1.068343
          1.000000 0.300000 0.500000
          0.936603 0.0 0.563397
          2.200000 0.0 1.500000
          3.269938 0.392706 0.736209
          2.424788 0.457661 1.000000
          1.000000 0.076664 0.960016
          0.345774 0.0 1.236485
          1.114182 0.128342 1.245960
          1.000000 0.196891 0.875000
          2.500000 0.240196 0.699994
          1.950000 0.075998 1.000000
          0.449855 0.242277 1.500000
          0.523914 0.500000 0.717100
          0.286889 0.230088 0.841696
          1.500000 0.413397 1.000000
          0.175019 0.415803 0.573188
          0.775000 0.303109 0.500000
          0.0 0.361081 0.626259
          1.328318 0.199600 1.376872
          2.050000 0.413397 1.000000
          0.300000 0.086602 0.500000
          0.400000 0.0 1.500000
          3.500000 0.500000 1.211837
          1.000000 0.500000 0.500000
          3.416815 0.500000 0.869455
          1.097615 0.0 1.065059
          1.000000 0.456699 0.675000
          2.802820 0.081264 0.500000
          1.525022 0.196992 1.000000
          0.828761 0.500000 1.063367
          0.450000 0.115470 0.599705
          2.075010 0.168092 1.071776
          2.075000 0.111191 1.000000
          0.150107 0.057776 0.557936
          0.300000 0.0 1.500000
          2.925000 0.128257 0.500000
          0.909808 0.253571 0.500000
          3.054031 0.254298 0.982699
          1.100387 0.413621 1.000000
          0.250000 0.259808 0.500000
          0.328635 0.500000 1.060404
          2.600000 0.0 0.500000
          2.500000 0.196890 0.724991
          0.250026 0.335618 1.335452
          1.750000 0.086603 1.500000
          0.360232 0.244274 0.754419
          2.500000 0.500000 1.500000
          2.500000 0.0 0.850000
          3.390149 0.398837 1.397046
          2.171679 0.0 1.064321
          1.000000 0.283498 0.825008
          0.425000 0.129904 0.500000
          3.500000 0.0 0.635756
          1.900000 0.500000 1.000000
          2.546398 0.075000 1.056412
          2.371183 0.113169 1.000000
          2.500000 0.163415 1.500000
          1.950000 0.0 1.000000
          2.150000 0.076795 1.000000
          2.000000 0.240192 1.000000
          2.022877 0.0 1.305340
          1.500000 0.076870 1.000000
          3.200000 0.269060 0.560843
          3.113603 0.0 1.156552
          0.042768 0.324213 0.500000
          3.052119 0.500000 1.412079
          1.375000 0.283494 1.000000
          2.550000 0.500000 1.413397
          2.100000 0.240192 1.000000
          0.171261 0.500000 0.813191
          0.781714 0.500000 1.323844
          0.475000 0.043301 0.500000
          1.452068 0.500000 1.415463
          0.032628 0.225000 0.500000
          2.950000 0.500000 0.500000
          2.946973 0.112804 0.889253
          0.226023 0.156888 1.500000
          2.752207 0.373556 1.009401
          1.000000 0.050000 0.500000
          1.043301 0.125000 1.000000
          0.398485 0.425490 0.500000
          2.592848 0.151770 0.500000
          2.175000 0.283494 1.000000
          2.500000 0.300000 1.000000
          0.725000 0.0 1.235579
          0.625000 0.187639 0.667740
          1.702764 0.074043 1.000000
          2.800009 0.326873 0.500000
          2.345892 0.078882 1.000000
          0.375902 0.500000 0.544650
          2.422105 0.0 1.317361
          0.415781 0.390037 0.749420
          1.150181 0.240088 1.000000
          3.049994 0.057507 0.555728
          1.000000 0.200000 1.000000
          2.950067 0.413507 1.500000
          3.150198 0.500000 1.413267
          2.500000 0.153500 0.799843
          0.185371 0.0 0.803139
          2.100000 0.0 1.500000
          2.700000 0.0 0.500000
          2.500000 0.325000 0.886603
          2.850000 0.413397 1.500000
          2.825049 0.202221 0.500000
          3.275007 0.283497 0.500000
          1.650000 0.500000 1.413397
          0.096352 0.127894 0.776461
          2.572711 0.225000 0.985566
          1.000000 0.100083 0.919012
          2.300000 0.500000 1.500000
          0.061365 0.500000 0.594395
          1.625000 0.398964 1.094356
          2.200000 0.500000 1.000000
          1.798795 0.356627 1.354306
          0.680341 0.405704 1.057319
          0.750000 0.086602 0.500000
          3.113603 0.500000 1.156552
          3.500000 0.328911 0.902971
          0.524118 0.460869 0.500000
          1.049963 0.413426 1.500000
          3.200000 0.240192 0.500000
          1.177243 0.0 1.338365
          2.852188 0.251415 1.281990
          0.199957 0.230936 0.586801
          1.975000 0.254626 1.056976
          1.000000 0.301436 0.583100
          0.112201 0.425241 0.500000
          1.317930 0.500000 1.064241
          3.309135 0.202868 0.847619
          0.041940 0.424788 0.500000
          2.500000 0.0 0.700000
          1.300000 0.163397 1.500000
          0.149965 0.260005 0.500000
          2.500000 0.100000 0.500000
          1.906886 0.352851 1.279652
          3.300034 0.240212 0.500000
          2.752499 0.132948 0.752787
          1.265884 0.500000 1.343248
          0.253045 0.390896 1.027322
          1.028868 0.150000 1.146852
          2.199961 0.153787 1.000000
          1.374954 0.196928 1.000000
          1.325000 0.254626 1.248297
          0.083185 0.500000 0.869455
          1.000000 0.076795 0.800000
          0.042363 0.375000 0.500000
          3.500000 0.070727 1.430394
          1.400000 0.326795 1.000000
          0.425389 0.500000 0.715041
          3.500000 0.158694 0.625048
          1.000000 0.042339 0.575212
          0.724306 0.500000 0.555833
          2.905880 0.221227 0.836720
          2.550000 0.0 1.413397
          2.650002 0.241094 1.500000
          3.500000 0.0 1.019729
          1.900000 0.500000 1.500000
          0.825000 0.0 1.235474
          2.241481 0.142524 1.401862
          3.075000 0.0 0.889711
          3.361532 0.500000 1.065615
          2.557706 0.050455 0.850274
          1.564655 0.500000 1.098508
          3.400000 0.0 1.500000
          0.216190 0.409885 1.274416
          0.325787 0.500000 0.716228
          0.058500 0.500000 1.067756
          0.124068 0.188427 0.560519
          2.801052 0.160615 0.500000
          3.375233 0.370026 0.500000
          0.477788 0.0 0.631608
          1.175622 0.0 1.114252
          2.470849 0.500000 1.229650
          0.295114 0.0 1.151641
          2.100000 0.076795 1.000000
          3.174739 0.124520 0.500000
          2.500000 0.196892 0.774998
          1.800020 0.327014 1.500000
          2.739909 0.265022 0.852739
          3.200000 0.500000 1.500000
          1.575000 0.196891 1.000000
          3.140100 0.224366 1.212531
          3.300006 0.297929 0.582692
          1.071731 0.311350 1.079263
          0.468353 0.133431 0.702976
          1.514650 0.0 1.338576
          2.500000 0.456935 0.625409
          2.573073 0.125000 1.108838
          1.041475 0.075297 1.000000
          0.258824 0.268986 0.954351
          3.500000 0.417174 1.356819
          0.036883 0.500000 0.537472
          1.785614 0.145748 1.233998
          0.955652 0.500000 0.626999
          2.975000 0.456699 0.500000
          0.250120 0.396771 0.607673
          2.261848 0.0 1.407288
          0.400000 0.346410 0.500000
          0.659675 0.287848 0.722239
          1.825000 0.500000 1.122893
          2.398403 0.326690 1.000000
          0.953137 0.192699 1.396847
          1.199855 0.163427 1.500000
          3.500000 0.150000 0.500000
          0.439698 0.112290 0.803256
          1.450001 0.211324 1.057101
          1.350000 0.413397 1.500000
          2.821483 0.0 1.320905
          1.000000 0.110289 0.725000
          3.500000 0.0 1.403946
          1.177243 0.500000 1.338365
          0.920259 0.341355 0.927963
          1.041714 0.500000 1.414978
          2.100000 0.0 1.000000
          1.500000 0.500000 1.000000
          3.199878 0.0 1.326863
          2.632452 0.0 0.677347
          2.301442 0.160902 1.500000
          2.500000 0.110289 0.725000
          1.000000 0.0 1.000000
          3.062071 0.0 1.241393
          2.225000 0.084212 1.075316
          0.868776 0.500000 0.970743
          2.992837 0.381939 1.227017
          3.352526 0.500000 1.248497
          3.300000 0.500000 1.500000
          0.350000 0.259808 0.500000
          3.500000 0.398886 0.545206
          0.300066 0.500000 1.326880
          2.500000 0.200000 0.580385
          2.389117 0.0 1.058636
          1.000000 0.500000 0.600000
          1.475000 0.427831 1.057795
          2.750000 0.500000 0.500000
          0.799265 0.424659 0.500000
          2.551625 0.0 0.974083
          0.711371 0.286938 1.157660
          3.238686 0.250310 0.782969
          1.000000 0.240194 0.850003
          2.108195 0.380004 1.401783
          2.140450 0.157607 1.222265
          3.440483 0.440815 0.560741
          2.022978 0.341785 1.340245
          1.132876 0.500000 1.257078
          0.706669 0.500000 0.773701
          3.455637 0.126021 0.500000
          2.377786 0.164861 1.146344
          1.000000 0.150000 1.000000
          2.924999 0.500000 0.976314
          1.098579 0.326307 1.000000
          2.526020 0.500000 1.320477
          2.075000 0.456699 1.000000
          0.0 0.0 1.019729
          0.150000 0.500000 0.500000
          0.575000 0.043301 0.500000
          2.989358 0.328951 1.335109
          0.422985 0.414452 0.573385
          0.485968 0.274044 1.243715
          2.562213 0.442641 0.848597
          1.400000 0.0 1.000000
          0.0 0.300000 1.500000
          3.173592 0.250000 1.000520
          2.850015 0.326875 0.500000
          0.0 0.219405 0.718261
          1.899990 0.182484 1.075862
          1.199040 0.500000 1.191894
          1.275001 0.312361 1.074295
          0.919922 0.182454 0.800007
          1.850000 0.413397 1.500000
          1.000000 0.275335 0.542808
          3.500000 0.175000 0.543301
          0.638739 0.0 1.412639
          1.300000 0.500000 1.000000
          3.093234 0.500000 0.554633
          1.467282 0.340968 1.337944
          2.550018 0.241143 1.500000
          3.083262 0.334103 0.889355
          2.850906 0.192355 0.578033
          0.0 0.419691 0.775398
          2.573476 0.312362 0.674990
          1.000000 0.076795 0.700000
          0.725000 0.216506 0.500000
          1.775017 0.111241 1.000000
          1.300000 0.0 1.500000
          0.248813 0.091966 0.844212
          3.225361 0.220090 1.086686
          2.627050 0.040773 0.500000
          0.759766 0.500000 0.633580
          0.179667 0.500000 0.549460
          1.000000 0.326797 0.850005
          2.346315 0.237399 1.000000
          2.811630 0.0 0.971532
          0.682812 0.149831 0.806822
          3.321796 0.178969 1.083753
          0.299703 0.328211 1.500000
          0.250000 0.0 1.066987
          0.450000 0.500000 0.500000
          3.424620 0.0 0.537204
          2.500000 0.110860 0.625945
          1.000000 0.0 0.950000
          0.637684 0.0 0.546098
          1.000000 0.153450 0.592078
          2.051002 0.080758 1.500000
          2.125000 0.225759 1.084296
          2.175000 0.398964 1.087147
          0.150424 0.415323 1.500000
          0.575542 0.288237 1.405049
          0.863108 0.500000 0.872222
          0.275000 0.043301 0.500000
          2.875006 0.370102 0.500000
          0.445872 0.0 1.412697
          3.500000 0.050000 0.500000
          0.066176 0.0 1.067353
          1.693592 0.0 1.055343
          1.046803 0.231427 1.000000
          1.000000 0.200000 0.919615
          3.410426 0.500000 1.345130
          0.394292 0.0 1.322348
          2.566599 0.500000 0.634826
          2.324659 0.282020 1.000000
          0.123663 0.234173 0.756093
          1.425000 0.456699 1.000000
          0.200000 0.0 0.500000
          1.000000 0.153590 0.650000
          0.750000 0.144338 0.622553
          1.000000 0.047281 0.922050
          3.050000 0.413397 0.500000
          2.675001 0.283503 0.500000
          3.325040 0.196914 0.500000
          3.175000 0.043301 0.500000
          1.000000 0.100000 1.000000
          2.599159 0.123103 0.599240
          2.625511 0.110750 0.500000
          2.389117 0.500000 1.058636
          1.200002 0.326796 1.000000
          0.575000 0.303109 0.500000
          2.750000 0.0 0.500000
          2.500000 0.283525 0.774943
          3.175000 0.500000 0.559797
          3.266807 0.500000 1.063574
          1.475000 0.312361 1.074278
          1.250000 0.086603 1.500000
          0.0 0.500000 1.500000
          0.076934 0.042185 0.500000
          2.500000 0.370258 0.774699
          3.127487 0.500000 0.638394
          2.500000 0.398816 0.918370
          0.100387 0.086379 0.500000
          2.801142 0.161259 1.500000
          0.0 0.065814 1.255954
          3.356126 0.0 0.549087
          3.374480 0.110755 0.500000
          2.150940 0.080152 1.500000
          3.220668 0.0 0.639650
          0.915375 0.125000 1.092899
          1.728516 0.500000 1.137341
          3.024996 0.500000 0.803111
          3.074943 0.043222 0.500000
          2.975000 0.283768 0.500000
          2.700000 0.500000 1.500000
          1.725514 0.037767 1.000000
          0.450000 0.0 0.500000
          2.925000 0.072169 0.558033
          0.100466 0.115060 0.580489
          3.500000 0.153045 1.418978
          0.350000 0.086603 0.500000
          2.150000 0.413397 1.000000
          2.655712 0.180551 0.846229
          0.197400 0.0 1.154238
          3.500000 0.318754 1.067035
          1.775000 0.341229 1.073673
          0.650146 0.396742 0.600774
          3.123681 0.128224 0.500000
          0.881571 0.297977 0.750046
          1.017166 0.225000 1.083221
          2.246479 0.500000 1.080504
          0.750000 0.259808 0.500000
          2.125000 0.283494 1.000000
          3.441500 0.500000 1.067756
          3.500000 0.300000 1.500000
          0.675000 0.500000 1.149518
          3.175000 0.283494 0.500000
          0.625001 0.0 1.062914
          1.000000 0.240192 0.900000
          0.427049 0.500000 1.061189
          2.175368 0.500000 1.231870
          1.000000 0.043301 0.725000
          0.582545 0.0 0.626835
          3.224595 0.500000 0.803343
          0.125764 0.246253 0.957332
          0.542097 0.366044 1.200373
          2.275000 0.042376 1.000000
          0.647226 0.111022 0.972633
          1.764781 0.0 1.334501
          1.567811 0.0 1.186831
          0.125000 0.303109 0.500000
          1.681379 0.500000 1.317378
          1.199999 0.240161 1.000000
          2.374965 0.456859 1.000000
          0.166622 0.0 0.627158
          2.724497 0.500000 0.633255
          0.916536 0.276726 0.583641
          0.935874 0.217827 0.638162
          1.850000 0.413397 1.000000
          3.174932 0.500000 0.716545
          1.750000 0.269060 1.105243
          1.575989 0.133268 1.369186
          2.500000 0.041494 0.874965
          1.000000 0.0 0.900000
          0.175030 0.303126 0.500000
          0.075553 0.129271 0.500000
          2.500000 0.423144 0.960000
          0.475004 0.0 0.976299
          3.225000 0.370096 0.500000
          1.069996 0.250730 1.249618
          0.650000 0.0 0.500000
          0.872989 0.460204 0.500000
          2.274337 0.139937 1.057752
          0.700000 0.0 1.500000
          0.0 0.300000 0.500000
          1.974765 0.0 1.218050
          3.500000 0.500000 0.827620
          1.452714 0.073943 1.000000
          1.775000 0.283494 1.000000
          2.900000 0.0 0.500000
          0.447276 0.425943 0.500000
          2.589604 0.385135 0.799095
          0.0 0.250930 1.413934
          3.300000 0.326795 0.500000
          1.225001 0.456700 1.000000
          0.275000 0.388064 0.500000
          2.825041 0.283840 0.500000
          1.975000 0.398964 1.106472
          1.550928 0.080940 1.500000
          1.139805 0.500000 1.417210
          0.937935 0.0 0.830833
          2.725000 0.370098 0.500000
          0.842122 0.235689 1.391065
          0.800000 0.500000 1.500000
          0.437288 0.0 1.229027
          1.000000 0.370258 0.725301
          3.350125 0.355685 0.559364
          1.100000 0.0 1.500000
          2.376636 0.277446 1.000000
          0.407857 0.105578 1.119355
          2.553199 0.0 0.812143
          0.700000 0.086603 0.500000
          3.075000 0.283494 0.500000
          0.866424 0.175000 0.985566
          0.681905 0.244056 1.054598
          1.150005 0.153587 1.000000
          2.500000 0.450000 1.000000
          3.356126 0.500000 0.549087
          1.925000 0.283494 1.000000
          0.374966 0.303081 0.500000
          1.638033 0.0 1.130014
          1.317930 0.0 1.064241
          3.422752 0.500000 0.683893
          0.700000 0.173205 0.500000
          1.875000 0.398964 1.087133
          1.900000 0.326795 1.000000
          0.0 0.080917 0.870076
          3.349740 0.182351 0.569619
          0.394001 0.220410 1.145334
          0.624998 0.303077 0.500000
          0.775000 0.0 1.002760
          0.0 0.415706 1.162574
          3.277436 0.401642 1.110406
          3.035333 0.099538 0.741175
          3.426795 0.426795 1.500000
          1.000000 0.0 0.800000
          1.975000 0.456699 1.000000
          2.851590 0.241468 1.500000
          1.000000 0.398816 0.581630
          0.400000 0.500000 0.500000
          0.775000 0.187639 0.562809
          3.500000 0.420968 0.681684
          1.400584 0.162598 1.500000
          0.225001 0.216506 0.500000
          1.125648 0.196919 1.000000
          1.550000 0.240192 1.000000
          0.637684 0.500000 0.546098
          3.175000 0.370096 0.500000
          0.297325 0.426035 0.500000
          1.000000 0.325000 0.543301
          1.249993 0.241139 1.500000
          2.555270 0.050944 0.603359
          0.955185 0.120664 0.500000
          2.385042 0.077546 1.000000
          2.224955 0.196941 1.000000
          1.929897 0.253357 1.254993
          1.766531 0.0 1.235778
          2.050000 0.269060 1.105252
          3.500000 0.167082 0.813930
          3.300151 0.211410 0.688645
          2.547500 0.231955 0.500000
          3.371986 0.128210 0.769163
          0.400000 0.0 0.500000
          2.957792 0.0 0.554811
          2.354148 0.382775 1.192702
          0.941195 0.139101 0.725114
          1.874679 0.042268 1.000000
          0.750000 0.240192 1.500000
          0.050000 0.0 0.500000
          3.276464 0.168951 0.557915
          0.386738 0.500000 1.143873
          2.300000 0.413397 1.000000
          2.603755 0.102820 0.897673
          3.100012 0.198426 0.580616
          2.113920 0.263799 1.380824
          0.785187 0.0 0.725085
          2.619700 0.500000 1.142984
          1.525000 0.254626 1.069759
          0.149474 0.173551 0.500000
          2.500000 0.153575 0.749974
          1.000000 0.373666 0.966917
          3.500000 0.225000 0.889711
          2.150000 0.326795 1.000000
          1.825000 0.370096 1.000000
          0.948669 0.241234 1.500000
          1.000000 0.413476 0.750149
          2.300000 0.326795 1.000000
          2.602801 0.268341 0.798673
          1.324410 0.036546 1.000000
          1.325000 0.283494 1.000000
          1.250000 0.153590 1.000000
          3.150002 0.241094 1.500000
          1.199977 0.327110 1.500000
          0.700000 0.326795 1.500000
          1.800019 0.153809 1.000000
          2.500000 0.076795 0.650000
          2.500000 0.414848 0.599702
          0.650000 0.173205 0.500000
          0.868896 0.345462 0.632755
          3.500000 0.500000 1.019729
          2.600000 0.500000 0.500000
          2.826656 0.123329 0.500000
          0.775000 0.500000 1.149429
          2.938322 0.137119 0.775922
          1.000000 0.326558 0.653636
          0.090563 0.0 1.159430
          0.254337 0.082248 1.500000
          1.625000 0.312361 1.082505
          2.344762 0.117495 1.385345
          2.200000 0.269060 1.105252
          3.026287 0.128776 0.500000
          1.475045 0.196965 1.000000
          2.300147 0.103665 1.104081
          2.100000 0.413397 1.000000
          1.420101 0.092054 1.195311
          2.500000 0.043301 0.675000
          2.924975 0.0 0.803119
          1.700000 0.0 1.000000
          0.349951 0.413633 1.500000
          1.425000 0.398964 1.086781
          2.325000 0.041654 1.000000
          1.000000 0.281380 0.924805
          2.578217 0.427898 0.675032
          1.637783 0.394156 1.251350
          1.527488 0.373022 1.228790
          1.250120 0.103229 1.089867
          2.500000 0.421046 0.885484
          3.463167 0.0 0.538074
          2.500000 0.370150 0.724903
          0.0 0.200596 1.327415
          3.416921 0.500000 0.779593
          0.600000 0.086603 0.500000
          1.349999 0.241094 1.500000
          3.250000 0.413397 0.500000
          0.996694 0.325000 1.072313
          0.380590 0.0 0.979951
          3.374149 0.197396 0.500000
          0.400000 0.259808 0.500000
          0.325000 0.216506 0.500000
          3.124261 0.0 0.975833
          1.650000 0.326795 1.000000
          2.950000 0.086603 0.500000
          0.700000 0.163400 1.500000
          3.500000 0.122297 0.552136
          3.314303 0.500000 0.979143
          0.073689 0.219322 0.500000
          2.851441 0.085725 0.500000
          2.500159 0.240563 1.397430
          3.273977 0.156888 1.500000
          2.950010 0.355726 0.623896
          0.935835 0.375000 1.077046
          1.850000 0.297927 1.064499
          2.199992 0.182584 1.075843
          3.425911 0.281012 0.500000
          0.475000 0.129904 0.500000
          1.750018 0.241142 1.500000
          1.000000 0.370757 0.676211
          1.775000 0.370096 1.000000
          1.750000 0.413397 1.000000
          2.924999 0.0 0.976314
          2.443580 0.353829 1.144909
          2.725002 0.196909 0.500000
          3.274344 0.114808 0.500000
          2.828886 0.403352 1.183529
          2.416828 0.362173 1.000000
          2.724986 0.254639 0.724989
          2.370942 0.0 1.233731
          1.700000 0.326795 1.000000
          2.536603 0.463397 0.500000
          3.127487 0.0 0.638394
          3.500000 0.500000 1.307892
          2.625100 0.254566 0.625065
          3.500000 0.0 1.211837
          2.550000 0.500000 0.500000
          3.215624 0.124925 1.022810
          1.125164 0.398915 1.109353
          0.875886 0.375000 0.992877
          2.500000 0.196350 0.824059
          2.349483 0.266502 1.106845
          2.215564 0.500000 1.152910
          3.300000 0.500000 0.500000
          0.200000 0.500000 1.500000
          0.937935 0.500000 0.830833
          1.224679 0.042268 1.000000
          2.643467 0.225000 1.162272
          0.500000 0.0 0.500000
          2.600501 0.385773 0.600501
          3.249070 0.0 1.413934
          3.500000 0.179789 0.978955
          0.334428 0.167654 1.064578
          2.407522 0.409146 1.000000
          3.050032 0.413513 1.500000
          3.413321 0.0 0.976815
          0.281250 0.403674 1.403944
          2.730901 0.108613 0.891718
          0.300066 0.0 1.326880
          1.600000 0.0 1.500000
          3.024996 0.0 0.803111
          3.500000 0.178546 1.130454
          2.500000 0.275000 0.533814
          0.877725 0.500000 0.775833
          0.199964 0.423455 0.500000
          1.242650 0.105933 1.237764
          0.842247 0.340976 0.875444
          3.026848 0.156570 0.647869
          1.325000 0.398964 1.105477
          2.225000 0.043301 1.000000
          0.691660 0.0 0.678865
          3.025148 0.0 0.629099
          2.500000 0.413708 0.799406
          0.782121 0.500000 0.920474
          3.500000 0.200000 1.500000
          2.800000 0.0 1.500000
          0.375000 0.0 0.803109
          1.900000 0.240192 1.000000
          2.250000 0.240192 1.000000
          2.500000 0.370757 0.823789
          3.427837 0.172086 0.572163
          3.500000 0.418258 0.775507
          1.769167 0.500000 1.062065
          1.800000 0.500000 1.000000
          0.499952 0.326947 1.500000
          2.774939 0.254780 0.603390
          2.717889 0.0 0.922240
          2.500000 0.500000 0.500000
          2.349752 0.413285 1.000000
          2.459667 0.076687 1.000000
          2.062562 0.0 1.399556
          0.095393 0.258286 0.855934
          3.261381 0.0 0.555338
          3.226235 0.197604 0.500000
          0.450000 0.413397 1.500000
          3.250896 0.211768 0.598609
          0.574899 0.331918 0.650928
          0.525000 0.072169 0.567358
          1.000000 0.450000 1.000000
          2.825001 0.427832 0.558358
          2.500000 0.175000 0.543301
          3.050000 0.0 0.500000
          0.956957 0.374629 0.500000
          0.507965 0.094882 1.096686
          1.000000 0.078236 0.545820
          2.825003 0.370110 0.500000
          0.724151 0.462418 0.500000
          0.784779 0.123995 1.218818
          2.500000 0.463397 0.963397
          2.500000 0.0 0.600000
          1.239498 0.500000 1.414941
          0.800000 0.259808 0.500000
          1.975000 0.312361 1.174808
          0.064904 0.500000 1.254708
          0.940830 0.500000 1.413811
          0.0 0.0 1.211837
          2.500000 0.326932 0.799748
          1.331290 0.330421 1.364627
          0.0 0.500000 1.115783
          1.917591 0.039024 1.000000
          0.0 0.0 0.731566
          0.225001 0.043300 0.500000
          0.0 0.250000 0.500000
          0.499527 0.341216 1.340003
          3.009497 0.404899 1.404041
          2.500000 0.203558 0.915717
          0.0 0.500000 1.019729
          2.275000 0.225759 1.081681
          0.933235 0.150184 0.971239
          3.255573 0.110940 0.707171
          3.400111 0.239867 0.500000
          2.102979 0.160657 1.500000
          0.575000 0.500000 1.149518
          2.824496 0.161131 0.854575
          0.949709 0.173551 0.500000
          0.874965 0.043141 0.500000
          1.450000 0.240192 1.000000
          0.869030 0.411555 0.568264
          0.319167 0.500000 0.562065
          1.076934 0.457815 1.000000
          0.737500 0.500000 1.410820
          3.500000 0.0 1.115783
          2.950496 0.081242 1.500000
          2.472222 0.401317 1.080398
          0.744299 0.395595 0.890767
          2.275000 0.283494 1.000000
          1.450970 0.100692 1.100076
          2.200103 0.327160 1.500000
          2.470521 0.0 1.064649
          2.125000 0.312361 1.069042
          0.054692 0.445678 0.554349
          3.374930 0.428390 0.571899
          1.000000 0.196892 0.725002
          2.725000 0.500000 1.002760
          2.275000 0.196891 1.000000
          1.875000 0.370096 1.000000
          0.725000 0.0 1.062917
          1.825000 0.283494 1.000000
          2.500000 0.126021 0.544363
          0.550000 0.0 0.500000
          0.0 0.200000 0.500000
          2.539946 0.076742 0.500000
          2.550901 0.0 0.712449
          2.700000 0.076795 0.500000
          3.250954 0.250000 1.238264
          2.600000 0.500000 1.500000
          2.500000 0.325769 0.545330
          0.0 0.500000 0.556859
          0.575000 0.216506 0.500000
          2.544363 0.126021 0.500000
          2.576528 0.458972 0.500000
          1.199040 0.0 1.191894
          3.306248 0.306544 0.863351
          0.349794 0.346246 0.500000
          1.081070 0.198533 1.000000
          2.092453 0.500000 1.056308
          0.675000 0.0 1.149518
          0.450000 0.259808 0.500000
          2.876235 0.128916 0.500000
          1.036603 0.036603 1.000000
          3.200000 0.0 0.500000
          3.500000 0.100000 1.500000
          0.874053 0.389145 0.500000
          3.500000 0.364994 0.623049
          3.318292 0.156775 1.347619
          0.940830 0.0 1.413811
          1.181365 0.269864 1.235064
          3.150000 0.384530 0.594757
          3.391609 0.243976 0.893744
          2.500000 0.413476 0.749851
          2.725000 0.110289 0.500000
          2.500000 0.372600 0.874792
          0.0 0.244369 1.070085
          1.000000 0.325769 0.954670
          0.918728 0.208909 0.500000
          1.000000 0.196350 0.675941
          1.845291 0.500000 1.393766
          2.126338 0.500000 1.145581
          2.671374 0.251784 1.262664
          1.725293 0.112183 1.000000
          0.491514 0.343857 0.903687
          0.086679 0.500000 0.976815
          1.000000 0.456748 0.824923
          0.166042 0.167427 1.052245
          0.487269 0.500000 1.319023
          1.850000 0.240192 1.000000
          0.087307 0.500000 1.160207
          0.654726 0.391488 1.186223
          2.200000 0.413397 1.000000
          1.750032 0.413513 1.500000
          1.097615 0.500000 1.065059
          2.748766 0.154306 0.500000
          0.530888 0.266888 1.136832
          2.518255 0.500000 1.142768
          0.828761 0.0 1.063367
          2.350000 0.500000 1.000000
          1.553694 0.403500 1.367036
          2.875000 0.456699 0.500000
          3.419012 0.100083 0.500000
          2.252661 0.080064 1.500000
          1.675870 0.037593 1.000000
          2.175000 0.370096 1.000000
          0.933735 0.341296 0.775067
          0.185759 0.500000 0.979155
          3.025457 0.254890 0.603242
          2.902675 0.166228 0.500000
          2.275000 0.398964 1.103531
          2.953800 0.0 1.412362
          2.374233 0.341118 1.060416
          0.125322 0.043115 0.500000
          2.975000 0.500000 0.716506
          0.955652 0.0 0.626999
          3.500000 0.350000 0.500000
          3.123355 0.224676 0.898085
          0.599219 0.250000 1.253148
          1.175000 0.456699 1.000000
          3.249225 0.079832 0.500000
          2.500000 0.0 0.650000
          0.600000 0.500000 0.500000
          3.150198 0.0 1.413267
          3.500000 0.450000 0.500000
          2.500000 0.0 0.500000
          2.901475 0.242761 0.500000
          3.309923 0.0 1.154470
          0.815697 0.369485 1.366309
          2.284247 0.200434 1.321963
          0.750000 0.173205 0.500000
          2.822188 0.163427 1.097612
          2.050054 0.076945 1.000000
          3.435129 0.500000 1.254712
          3.348515 0.500000 0.906183
          3.328780 0.500000 0.813444
          0.900000 0.173205 0.500000
          1.962500 0.500000 1.401554
          1.200000 0.153590 1.000000
          0.857344 0.378215 1.148926
          2.975008 0.370112 0.500000
          1.000000 0.414848 0.900298
          2.750950 0.082479 1.500000
          1.950000 0.413397 1.000000
          2.500000 0.326558 0.846364
          1.000000 0.456699 0.775000
          2.500000 0.036603 0.963397
          3.500000 0.269064 0.635414
          3.018133 0.321727 1.066410
          2.675054 0.427884 0.574146
          3.086862 0.386236 0.753183
          2.000000 0.0 1.500000
          0.800000 0.0 1.500000
          3.124999 0.500000 0.803109
          3.074737 0.129565 0.500000
          2.150000 0.413397 1.500000
          3.000000 0.413397 0.500000
          0.516667 0.500000 0.557735
          0.921064 0.300409 0.500000
          1.675000 0.456699 1.000000
          3.500000 0.323436 1.231564
          1.750000 0.076870 1.000000
          1.550391 0.0 1.415238
          0.943743 0.355663 0.850001
          0.275000 0.216506 0.500000
          1.982409 0.039024 1.000000
          0.400000 0.086603 0.500000
          2.850000 0.413397 0.500000
          0.0 0.302742 0.553056
          2.975000 0.500000 1.062917
          3.450000 0.500000 0.500000
          3.424620 0.500000 0.537204
          1.676475 0.111498 1.000000
          2.800000 0.0 0.500000
          0.375735 0.500000 0.975317
          0.875000 0.500000 1.322724
          1.426229 0.111006 1.000000
          0.429152 0.0 1.062940
          0.600000 0.057735 0.556931
          1.725000 0.370096 1.000000
          1.850002 0.241094 1.500000
          0.929841 0.165722 0.878986
          2.825012 0.341263 0.642563
          1.000000 0.110289 0.775000
          2.653037 0.500000 1.414773
          0.473717 0.388596 0.500000
          0.726161 0.409199 1.332923
          0.643649 0.500000 0.818332
          3.025148 0.500000 0.629099
          1.775321 0.042268 1.000000
          0.750000 0.413397 1.500000
          3.401332 0.326398 0.500000
          3.500000 0.350376 1.421240
          1.502476 0.117374 1.246987
          2.619700 0.0 1.142984
          1.000000 0.463397 0.963397
          3.251497 0.156086 0.500000
          2.025000 0.456699 1.000000
          1.125322 0.456885 1.000000
          0.0 0.500000 0.827620
          3.174932 0.0 0.716545
          0.951585 0.0 0.776333
          0.242096 0.242139 1.500000
          2.800223 0.327257 1.500000
          1.550000 0.413397 1.000000
          0.157562 0.095329 1.500000
          1.000000 0.231955 0.952500
          1.947092 0.107597 1.246689
          1.225005 0.398964 1.086781
          0.324849 0.331868 0.569172
          1.032628 0.275000 1.000000
          0.949093 0.080915 1.500000
          0.775000 0.129904 0.500000
          3.323655 0.138074 1.213228
          3.500000 0.443474 0.595059
          0.424134 0.463149 0.500000
          2.500000 0.349721 0.917031
          1.700000 0.413397 1.000000
          3.375149 0.254443 0.602734
          3.124261 0.500000 0.975833
          2.051590 0.241468 1.500000
          0.477068 0.250000 1.032845
          3.000000 0.241840 0.500000
          2.050000 0.500000 1.000000
          0.325000 0.129904 0.500000
          3.463397 0.463397 0.500000
          2.500000 0.0 0.750000
          1.923198 0.0 1.137993
          0.250002 0.086601 0.500000
          1.800023 0.125180 1.119933
          2.750000 0.0 1.413397
          2.500000 0.050000 0.500000
          0.799624 0.390151 0.695659
          3.500000 0.500000 0.556859
          2.418870 0.290521 1.000000
          3.111914 0.188591 1.403309
          2.271048 0.0 1.237081
          1.000000 0.225000 0.543301
          1.105487 0.0 1.167216
          2.773438 0.169645 0.575366
          3.100000 0.163397 1.500000
          0.150011 0.144569 0.643542
          3.072881 0.0 1.064235
          3.175000 0.500000 0.889711
          3.266807 0.0 1.063574
          1.800000 0.076795 1.000000
          0.375000 0.500000 0.803109
          0.525000 0.500000 1.236122
          2.750005 0.326836 0.500000
          0.257661 0.363622 0.736691
          0.224679 0.457732 0.500000
          0.475004 0.500000 0.976299
          1.000000 0.0 1.500000
          0.375000 0.158771 0.656928
          3.500000 0.500000 1.115783
          1.900000 0.076870 1.000000
          3.374693 0.457242 0.500000
          0.0 0.317661 1.318990
          1.625000 0.283494 1.000000
          0.875827 0.214905 0.500000
          1.401106 0.500000 1.060899
          2.650000 0.0 0.500000
          0.600000 0.0 0.500000
          0.873809 0.500000 0.560723
          2.774853 0.116212 0.500000
          0.0 0.500000 1.403946
          3.500000 0.400000 0.500000
          3.422752 0.0 0.683893
          0.575000 0.129904 0.500000
          3.454715 0.420409 0.500000
          2.500000 0.326615 0.599220
          1.261473 0.500000 1.131072
          3.400000 0.0 0.500000
          0.081378 0.245166 1.500000
          1.525000 0.370096 1.000000
          1.500073 0.153908 1.000000
          0.091165 0.377427 1.313646
          2.500105 0.327164 1.500000
          2.025015 0.084956 1.086749
          1.150380 0.102443 1.102920
          1.975000 0.112258 1.000000
          1.450000 0.500000 1.000000
          2.224213 0.500000 1.317448
          3.352526 0.0 1.248497
          0.707284 0.115511 1.388638
          3.303752 0.099980 0.849675
          0.236773 0.095421 1.028833
          2.456699 0.175000 1.000000
          0.619434 0.500000 0.737454
          2.870908 0.384614 0.742695
          1.053666 0.099734 1.081583
          2.700004 0.326982 1.500000
          3.149578 0.165844 0.500000
          2.650081 0.084584 1.500000
          2.725000 0.500000 1.149468
          2.261848 0.500000 1.407288
          0.723036 0.416153 0.574857
          0.700000 0.500000 1.500000
          0.061365 0.0 0.594395
          2.500000 0.452104 0.920694
          0.151540 0.500000 0.906151
          1.786785 0.360411 1.242316
          0.241393 0.500000 0.558110
          0.0 0.400000 0.500000
          2.747720 0.124546 1.002898
          2.416975 0.100217 1.000000
          2.225000 0.283494 1.000000
          2.369368 0.193639 1.000000
          2.553628 0.100323 0.553661
          3.500000 0.073904 0.539903
          0.550000 0.500000 0.500000
          1.875000 0.283494 1.000000
          2.500000 0.078236 0.954180
          1.775029 0.197006 1.000000
          0.541851 0.500000 1.410634
          0.849434 0.423530 0.500000
          2.925000 0.456699 0.500000
          1.650206 0.154042 1.000000
          2.500000 0.250000 0.500000
          0.046139 0.081348 0.500000
          2.730256 0.233637 1.085296
          2.627331 0.341296 0.724933
          0.075565 0.500000 0.681798
          1.894640 0.272639 1.381653
          2.500000 0.231955 0.547500
          2.450497 0.081244 1.500000
          1.650000 0.0 1.413397
          0.919954 0.227461 0.924899
          1.825000 0.341229 1.138046
          1.769167 0.0 1.062065
          3.500000 0.264957 1.160512
          3.257608 0.240879 1.500000
          2.500000 0.374545 0.957540
          3.328780 0.0 0.813444
          0.853409 0.312914 1.072652
          2.050000 0.153812 1.000000
          0.941316 0.062563 0.868221
          1.825000 0.500000 1.044890
          0.723765 0.388635 0.500000
          0.114811 0.267386 1.154185
          2.050000 0.326795 1.000000
          0.080809 0.153039 1.500000
          2.500000 0.114677 0.875712
          1.750000 0.500000 1.000000
          0.863108 0.0 0.872222
          2.551625 0.500000 0.974083
          2.580152 0.217827 0.861838
          0.600000 0.163397 1.500000
          1.525012 0.084949 1.075215
          2.357262 0.500000 1.411509
          0.786027 0.0 0.824676
          1.225001 0.283494 1.000000
          2.931494 0.105250 1.395490
          1.900004 0.326982 1.500000
          1.250000 0.182457 1.074285
          1.175010 0.370102 1.000000
          3.250438 0.415190 1.500000
          2.974995 0.500000 0.889713
          0.922047 0.453073 0.500000
          0.073205 0.073205 1.500000
          2.597110 0.216461 1.332031
          0.600000 0.259808 0.500000
          0.300000 0.346410 0.500000
          1.349632 0.072661 1.000000
          0.324960 0.303077 0.500000
          3.215027 0.162833 0.860275
          3.325000 0.110289 0.500000
          1.525013 0.111234 1.000000
          1.562866 0.262682 1.373655
          0.0 0.166136 0.814083
          0.150010 0.317993 0.649658
          2.024152 0.0 1.129110
          3.500000 0.151858 0.905218
          2.500000 0.112699 0.920592
          2.384712 0.229869 1.000000
          1.149865 0.242082 1.500000
          0.725000 0.500000 1.062917
          0.425389 0.0 0.715041
          2.201623 0.161140 1.500000
          2.318507 0.0 1.140485
          0.348691 0.425811 0.500000
          0.618641 0.0 0.889975
          1.300000 0.153590 1.000000
          0.955072 0.0 0.975302
          2.675000 0.110289 0.500000
          2.572504 0.311808 0.572502
          1.800017 0.163372 1.500000
          0.0 0.350376 1.421240
          0.279538 0.0 0.805153
          3.125000 0.206774 0.500000
          1.925000 0.0 1.303109
          2.625000 0.500000 1.322724
          1.825002 0.111190 1.000000
          2.500000 0.500000 0.850000
          3.500000 0.500000 0.500000
          1.626235 0.112817 1.000000
          3.248344 0.106973 0.596011
          2.300000 0.076720 1.000000
          1.000000 0.076795 0.850000
          1.000000 0.500000 0.850000
          1.700000 0.500000 1.000000
          2.500000 0.500000 1.000000
          1.375000 0.370096 1.000000
          1.600000 0.413397 1.000000
          0.242793 0.244733 1.392489
          2.059634 0.115198 1.267654
          3.124999 0.0 0.803109
          2.725000 0.0 1.319471
          0.946413 0.0 0.907014
          0.958525 0.424703 0.500000
          1.873588 0.0 1.218550
          1.000000 0.0 0.700000
          0.625000 0.0 1.236121
          3.350000 0.240192 0.500000
          0.0 0.268469 0.807610
          0.550000 0.086603 1.500000
          2.040582 0.129996 1.397317
          1.250000 0.240192 1.000000
          2.472045 0.101819 1.100172
          0.0 0.418404 1.357645
          1.421424 0.500000 1.322905
          1.275000 0.196891 1.000000
          1.171644 0.0 1.050568
          2.976485 0.127050 0.500000
          2.500000 0.500000 0.600000
          0.0 0.0 0.500000
          2.566599 0.0 0.634826
          1.300000 0.240192 1.000000
          3.175359 0.174676 0.571246
          0.350000 0.0 0.500000
          0.725098 0.331882 0.563283
          2.777973 0.500000 0.719041
          1.327632 0.500000 1.298113
          0.316568 0.130914 1.366537
          1.900000 0.269060 1.105243
          1.567811 0.500000 1.186831
          0.054443 0.056189 0.550371
          2.926343 0.204031 0.500000
          0.364979 0.302042 1.267984
          0.933088 0.069378 0.775000
          2.875000 0.283494 0.500000
          2.500000 0.0 1.000000
          0.033301 0.126451 0.500000
          0.477788 0.500000 0.631608
          3.300268 0.154044 0.500000
          0.350000 0.500000 0.500000
          0.675000 0.158771 0.575969
          3.500000 0.0 0.827620
          1.171644 0.500000 1.050568
          2.999379 0.240986 0.799020
          0.575867 0.500000 0.544333
          2.500000 0.0 1.500000
          1.700000 0.0 1.500000
          3.019733 0.500000 1.152798
          1.825000 0.254626 1.249357
          0.0 0.070727 1.430394
          2.830035 0.231376 1.023110
          0.499779 0.346167 0.500000
          1.780341 0.244856 1.386314
          0.650000 0.423130 0.500000
          0.245013 0.112312 1.130728
          1.149474 0.326449 1.000000
          3.342785 0.193707 1.500000
          1.123465 0.282138 1.000000
          2.850928 0.080940 1.500000
          2.725000 0.500000 1.319471
          1.196719 0.331136 1.329884
          1.575001 0.139821 1.132591
          0.275000 0.274241 0.616177
          1.875000 0.456699 1.000000
          3.066591 0.400001 1.131137
          1.200009 0.413403 1.000000
          1.100000 0.500000 1.500000
          0.675000 0.303109 0.500000
          0.781714 0.0 1.323844
          2.500000 0.076795 0.700000
          1.675433 0.260051 1.397931
          1.825000 0.0 1.044890
          0.800000 0.500000 0.500000
          3.314563 0.338603 1.028992
          0.650000 0.086603 0.500000
          3.350127 0.413649 0.500000
          2.274451 0.111779 1.000000
          2.772917 0.500000 0.561343
          1.800000 0.442265 1.057252
          0.450960 0.319708 0.814006
          0.668655 0.099806 0.712413
          1.355331 0.0 1.139573
          2.557890 0.050718 0.750000
          2.536603 0.036603 0.500000
          1.850000 0.500000 1.000000
          2.125000 0.254626 1.249441
          0.036883 0.0 0.537472
          0.650000 0.086603 1.500000
          3.000008 0.326858 0.500000
          2.950000 0.413397 0.500000
          3.500000 0.300000 0.500000
          3.500000 0.250000 0.500000
          0.725098 0.331882 0.632823
          1.401704 0.072125 1.000000
          3.124522 0.254902 0.749301
          2.975154 0.099027 0.589089
          1.750000 0.240192 1.000000
          3.025000 0.370096 0.500000
          1.127011 0.039796 1.000000
          3.500000 0.458472 0.539425
          1.443615 0.266089 1.248311
          1.421424 0.0 1.322905
          3.172748 0.500000 1.061565
          0.070727 0.500000 1.430394
          1.000000 0.153587 0.800004
          0.225000 0.388786 0.500000
          3.224595 0.0 0.803343
          2.392451 0.100936 1.078707
          0.329038 0.0 0.893149
          2.075044 0.500000 1.221933
          0.525013 0.0 0.889664
          0.500000 0.173205 0.500000
          0.073205 0.426795 1.500000
          3.327870 0.0 0.638833
          3.455573 0.325460 0.500000
          0.724306 0.0 0.555833
          3.353970 0.500000 0.726697
          0.0 0.151858 0.905218
          1.600302 0.327084 1.500000
          2.500000 0.150000 0.500000
          3.500000 0.180082 1.216740
          0.300000 0.500000 0.500000
          0.575867 0.0 0.544333
          2.324165 0.115880 1.000000
          2.348223 0.053098 1.058662
          2.100000 0.500000 1.000000
          2.449481 0.326434 1.000000
          0.950000 0.500000 0.500000
          0.952665 0.415870 1.172463
          2.500000 0.237030 0.845672
          0.600000 0.173205 0.500000
          0.0 0.082477 0.972786
          0.162012 0.167260 0.860945
          0.638739 0.500000 1.412639
          1.099353 0.162758 1.500000
          2.450319 0.242101 1.500000
          3.376203 0.248317 1.241226
          1.925000 0.111941 1.000000
          2.875000 0.500000 0.889711
          2.900000 0.086603 0.500000
          3.429273 0.500000 1.430394
          1.800000 0.0 1.000000
          1.466121 0.500000 1.145312
          3.325049 0.370081 0.500000
          0.0 0.089574 1.345130
          0.624994 0.388762 0.500000
          0.175000 0.389711 0.500000
          2.971513 0.100253 1.016830
          2.198912 0.399243 1.193664
          0.946650 0.0 1.051078
          2.950000 0.0 0.500000
          0.944188 0.442264 0.799976
          2.875459 0.100650 0.588824
          0.850000 0.500000 0.500000
          2.923073 0.250000 1.205955
          0.842267 0.500000 1.413233
          0.275002 0.072168 0.576421
          3.100000 0.413397 0.500000
          2.545285 0.420409 0.500000
          2.876150 0.203698 0.500000
          2.875000 0.500000 1.062917
          3.400000 0.500000 1.500000
          3.000000 0.0 1.500000
          2.062562 0.500000 1.399556
          3.249070 0.500000 1.413934
          2.580385 0.200000 0.500000
          0.346665 0.401330 1.125486
          0.250000 0.423130 0.500000
          2.500000 0.450000 0.500000
          3.325000 0.456699 0.500000
          2.025000 0.196997 1.000000
          0.625000 0.043301 0.500000
          1.250000 0.076870 1.000000
          2.500000 0.100000 1.000000
          2.851288 0.247951 0.925628
          0.688564 0.0 0.970658
          2.500000 0.175486 0.956979
          3.500000 0.221104 0.716725
          2.772917 0.0 0.561343
          2.500000 0.076664 0.539984
          2.625409 0.456935 0.500000
          2.500000 0.240200 0.749986
          1.275000 0.456699 1.000000
          0.956699 0.500000 0.675000
          3.327870 0.500000 0.638833
          1.143738 0.396050 1.395306
          0.887510 0.425190 0.500000
          1.619431 0.0 1.057981
          2.834595 0.402206 1.069678
          2.970848 0.500000 1.236058
          0.475065 0.0 0.802865
          0.080973 0.400000 0.500000
          1.525321 0.042268 1.000000
          3.275000 0.398964 0.589347
          0.641012 0.399768 0.775057
          3.500000 0.442319 1.162403
          1.450000 0.413397 1.000000
          3.151496 0.0 1.240859
          0.0 0.335265 1.117876
          1.033301 0.373549 1.000000
          0.955072 0.500000 0.975302
          0.584642 0.150603 1.058617
          3.225000 0.456699 0.500000
          3.402349 0.133077 1.139311
          2.500000 0.350000 0.500000
          0.755936 0.116261 0.897648
          0.350909 0.263547 1.388385
          0.123465 0.217862 0.500000
          1.000000 0.075010 0.887704
          2.000000 0.076870 1.000000
          0.0 0.350274 0.817385
          2.871624 0.125051 0.976904
          1.023762 0.0 1.052067
          3.403697 0.368840 1.085189
          2.500000 0.042339 0.924788
          0.500000 0.259808 0.500000
          1.000000 0.413437 0.849933
          0.155125 0.270938 1.500000
          0.675000 0.245374 0.595871
          1.725063 0.196998 1.000000
          1.300000 0.500000 1.500000
          2.500000 0.0 0.950000
          0.0 0.151971 1.419479
          2.500000 0.040032 0.626596
          1.275000 0.111936 1.000000
          3.113017 0.111925 1.227749
          0.394987 0.205204 0.990938
          0.691660 0.500000 0.678865
          2.629904 0.500000 0.775000
          3.400000 0.500000 0.500000
          0.898596 0.399009 0.725303
          1.049365 0.145704 1.357503
          1.600000 0.500000 1.353250
          0.441667 0.500000 0.551549
          0.376548 0.0 0.621391
          2.000000 0.413397 1.000000
          1.000000 0.349721 0.582969
          2.150000 0.153771 1.000000
          1.343491 0.500000 1.399667
          2.200000 0.0 1.000000
          0.706669 0.0 0.773701
          2.636685 0.500000 0.868968
          2.777973 0.0 0.719041
          0.582545 0.500000 0.626835
          1.638033 0.500000 1.130014
          0.400000 0.163397 1.500000
          1.501141 0.161259 1.500000
          1.000000 0.036603 0.536603
          2.900034 0.326831 0.500000
          1.000000 0.457381 0.628226
          2.224213 0.0 1.317448
          2.454391 0.0 1.412237
          0.350000 0.173205 0.500000
          0.066832 0.0 1.257129
          1.000000 0.500000 0.900000
          2.972561 0.209600 1.378207
          1.625000 0.225759 1.100430
          0.303515 0.162550 1.500000
          0.963397 0.463397 0.500000
          1.650000 0.500000 1.000000
          2.500000 0.100083 0.580988
          1.000000 0.0 0.600000
          3.500000 0.0 0.923675
          2.635764 0.104724 1.211420
          2.458377 0.425435 1.000000
          0.774608 0.245147 0.725013
          0.850000 0.0 0.500000
          0.824476 0.282935 1.281682
          2.500000 0.110289 0.775000
          1.700103 0.327160 1.500000
          2.532513 0.147672 1.235546
          1.225002 0.341231 1.157710
          1.075553 0.370729 1.000000
          0.648189 0.220081 1.370730
          0.0 0.426036 0.541090
          0.100000 0.0 0.500000
          0.157165 0.193917 1.500000
          3.500000 0.080917 0.870076
          2.526020 0.0 1.320477
          3.500000 0.500000 1.403946
          1.125947 0.110855 1.000000
          2.500000 0.301436 0.916900
          1.000000 0.043301 0.675000
          1.000000 0.126021 0.955637
          1.115406 0.249860 1.379761
          1.850081 0.084584 1.500000
          2.335754 0.232384 1.226602
          1.046139 0.418652 1.000000
          0.500000 0.202073 0.628068
          0.675000 0.500000 0.601479
          0.276443 0.500000 0.803832
          1.033940 0.500000 1.240799
          1.000000 0.194046 0.630128
          3.034519 0.413964 0.853543
          3.200000 0.500000 0.500000
          0.425000 0.303109 0.500000
          0.474841 0.360067 0.608556
          2.553199 0.500000 0.812143
          1.004410 0.500000 1.136370
          2.350000 0.326795 1.000000
          2.500000 0.283495 0.624998
          2.500000 0.240192 0.600000
          0.575000 0.245374 0.590062
          2.775001 0.398980 0.588465
          3.099740 0.086252 0.500000
          2.951235 0.241226 0.500000
          0.500000 0.086603 0.500000
          0.237271 0.0 0.896136
          1.825000 0.196891 1.000000
          3.392635 0.105229 1.030995
          0.150000 0.423205 0.500000
          1.210506 0.164096 1.330689
          1.925000 0.196891 1.000000
          2.125000 0.196891 1.000000
          1.000000 0.283525 0.725057
          1.675000 0.427831 1.060426
          1.775000 0.456699 1.000000
          2.279842 0.387905 1.402876
          0.0 0.151956 0.634294
          1.825000 0.456699 1.000000
          3.412693 0.500000 1.160207
          0.900411 0.275000 0.992335
          2.700000 0.124724 0.622656
          1.105487 0.500000 1.167216
          2.675000 0.069378 0.571827
          2.500000 0.153590 0.850000
          1.000000 0.196890 0.775009
          3.149758 0.086182 0.500000
          0.200009 0.086597 0.500000
          0.375000 0.216506 0.500000
          2.500000 0.153450 0.907922
          3.500000 0.270905 0.981265
          0.094050 0.341930 1.500000
          2.650000 0.355665 0.562805
          1.000000 0.456935 0.874591
          2.099999 0.103078 1.056859
          3.500000 0.429653 1.430790
          1.000000 0.050000 1.000000
          3.100020 0.327014 1.500000
          1.000000 0.153500 0.700157
          1.375000 0.034894 1.000000
          0.700000 0.259808 0.500000
          0.804781 0.0 0.558192
          1.023762 0.500000 1.052067
          0.649995 0.346199 0.500000
          1.500041 0.182692 1.086887
          2.022877 0.500000 1.305340
          1.875000 0.110289 1.000000
          1.475506 0.037750 1.000000
          2.573572 0.225887 0.573572
          1.000000 0.150000 0.500000
          1.239524 0.500000 1.051448
          0.525001 0.500000 1.062912
          1.551589 0.241468 1.500000
          2.322661 0.0 1.321686
          1.575000 0.500000 1.043301
          3.348234 0.500000 1.419991
          0.0 0.462890 0.537532
          0.907556 0.090834 0.500000
          0.0 0.150000 0.500000
          1.600000 0.0 1.000000
          1.000000 0.350000 1.000000
          1.350000 0.500000 1.000000
          2.959507 0.401064 1.022146
          3.300632 0.0 1.330488
          1.725000 0.283494 1.000000
          2.963867 0.223190 0.921499
          3.412693 0.0 1.160207
          1.400000 0.0 1.500000
          1.625000 0.370096 1.000000
          2.500000 0.350000 1.000000
          0.700000 0.0 0.500000
          1.000000 0.282586 0.677022
          2.700000 0.500000 0.500000
          1.425000 0.254626 1.097022
          2.050000 0.0 1.000000
          2.825000 0.456699 0.500000
          3.150000 0.270257 0.605941
          2.875000 0.0 1.235579
          3.200004 0.326982 1.500000
          0.0 0.264475 0.636042
          0.524963 0.303068 0.500000
          1.650496 0.081242 1.500000
          1.925000 0.341229 1.056976
          0.250000 0.0 0.500000
          3.300000 0.076795 0.500000
          2.695950 0.0 0.724303
          0.972608 0.500000 0.527392
          2.627892 0.139147 0.724981
          3.000000 0.500000 1.500000
          1.280135 0.100199 1.389195
          1.550000 0.442265 1.057735
          1.000000 0.500000 0.550000
          1.588072 0.0 1.275996
          1.450860 0.175860 1.335728
          1.000000 0.228753 0.615563
          1.000000 0.043301 0.825000
          1.800000 0.0 1.500000
          2.500000 0.153587 0.699996
          0.550000 0.173205 0.500000
          0.475065 0.500000 0.802865
          2.000000 0.442265 1.055908
          2.300251 0.327320 1.500000
          2.279041 0.386174 1.266645
          3.224598 0.120144 0.500000
          0.934225 0.433571 0.636326
          2.422471 0.0 1.148448
          1.550391 0.500000 1.415238
          3.403827 0.186906 0.686118
          0.046803 0.268573 0.500000
          1.728516 0.0 1.137341
          2.606242 0.275000 1.052075
          0.325000 0.043301 0.500000
          1.425000 0.283494 1.000000
          3.428707 0.340626 0.575161
          1.200055 0.076513 1.000000
          0.0 0.074310 0.779048
          2.700000 0.355668 0.622495
          3.350125 0.355685 0.625395
          2.075000 0.196891 1.000000
          0.850000 0.413397 1.500000
          3.050574 0.171056 0.500000
          0.388837 0.400486 0.925857
          1.824962 0.068625 1.067217
          0.868776 0.0 0.970743
          1.485101 0.089401 1.375431
          3.361532 0.0 1.065615
          1.000000 0.043301 0.775000
          1.300000 0.0 1.000000
          2.533067 0.373612 0.500000
          2.975000 0.0 1.062917
          0.275000 0.245374 0.558089
          2.672257 0.500000 1.061424
          0.0 0.247784 1.238111
          2.125000 0.456699 1.000000
          0.103097 0.184348 1.396401
          0.109261 0.386711 0.738944
          0.944948 0.394375 1.346679
          0.725000 0.245374 0.556628
          0.649990 0.317396 0.573924
          3.010172 0.0 1.325332
          2.977675 0.203876 0.500000
          3.500000 0.037313 0.537215
          3.032088 0.270708 0.705368
          0.475000 0.274171 0.583523
          0.0 0.140736 1.067187
          3.400483 0.414991 0.500000
          0.550000 0.144338 0.583555
          1.489463 0.0 1.250732
          1.452068 0.0 1.415463
          1.925000 0.456699 1.000000
          0.852455 0.257814 0.500000
          0.132214 0.375720 0.950937
          2.835176 0.120886 1.218133
          0.291015 0.375408 1.214429
          2.924975 0.500000 0.803119
          1.873588 0.500000 1.218550
          2.300000 0.240192 1.000000
          1.000000 0.370096 0.875000
          0.580139 0.236510 0.775739
          0.873809 0.0 0.560723
          2.577722 0.047748 0.500000
          1.575000 0.254626 1.245873
          2.625000 0.0 1.322724
          2.075044 0.0 1.221933
          0.424754 0.387639 0.500000
          1.957598 0.0 1.054901
          1.880833 0.500000 1.062065
          2.880833 0.500000 0.562065
          2.632452 0.500000 0.677347
          0.557583 0.364388 0.990982
          2.224892 0.168163 1.151694
          2.850000 0.0 1.413397
          0.151690 0.0 1.419992
          3.198547 0.084081 0.500000
          0.523515 0.387137 0.500000
          0.250930 0.0 1.413934
          3.423228 0.458740 0.500000
          0.200000 0.0 1.500000
          2.150000 0.240192 1.000000
        </DataArray>
      </Points>
      <Cells>
        <DataArray type="Int32" Name="connectivity" format="ascii">
          1464 1328 2018 197 1791 142 1242 316 1108 205 2243 1694 500 460 189 1904 749 745 1830 1629 1108 677 205 1694 954 1826 2212 2464 40 1629 2354 2332 392 1349 423 1629 2243 205 1108 27 423 1041 392 1629 2732 471 1273 1829 2616 1946 824 2530 2931 2209 409 2610 2209 2953 409 2610 2618 1708 205 2409 2616 59 1946 2530 824 1946 59 2530 904 777 2663 1543 1984 1431 3002 144 1974 844 1115 2264 409 2953 1528 2610 1754 783 2558 677 2439 1262 2132 1287 2308 998 2635 2564 2931 409 1528 2610 2897 1335 1380 1474 2273 1380 1335 1474 1108 205 677 27 2361 1431 1984 144 2376 1417 2953 3001 158 2678 262 1254 258 1841 2196 2275 2584 1156 845 1808 9 2405 172 1026 1493 2019 686 1244 1931 2949 1440 1386 2676 1065 182 897 1974 1115 844 2216 2201 2212 1826 2464 2209 1339 2346 1417 2618 205 2472 2409 556 2661 1969 2571 1841 2275 258 1440 1931 1334 744 1440 1931 1440 744 1386 1754 783 1443 2558 3002 1984 1683 1431 2618 1708 2540 205 2354 1629 2535 2332 2439 1262 2103 2132 22 1270 2475 311 2661 556 2177 2833 2486 556 918 2833 1596 173 265 1512 2141 223 1827 1417 1931 1674 1334 1440 1898 777 904 1543 2516 347 961 187 2201 1826 954 2464 158 689 262 2678 158 262 1236 2756 803 2193 2059 56 2061 2212 1626 2411 928 1041 749 1629 1632 1452 2495 2967 96 2966 3004 426 2061 1626 2 2411 2009 519 2186 886 22 2475 2736 311 2368 784 1713 2824 1931 2949 258 1440 1273 2346 1023 2757 2212 2 1626 2411 40 2354 2535 2332 2582 741 442 2827 1833 1550 914 2426 1833 2426 914 1995 2616 1290 1679 1087 1830 745 749 461 2616 1679 824 1946 1273 703 2346 2757 928 749 1830 1629 953 2374 2371 1528 1584 372 1195 917 1421 98 558 917 2700 780 1067 2724 1273 1023 471 2757 211 954 2201 1826 1273 471 703 2757 954 2983 925 1014 150 2495 1452 2967 1504 347 187 373 2599 34 550 2116 516 58 6 800 1771 209 772 1703 2376 1417 1821 2953 211 2983 954 1826 1821 1417 1339 2953 1264 8 2827 1528 692 1631 2281 916 2405 9 2668 198 239 223 2141 1417 158 1236 262 689 2226 680 2441 1030 2831 927 2832 2880 2301 1124 1315 147 2495 2374 1632 2967 2485 686 2019 1244 408 572 762 874 499 925 2983 1014 2623 2725 169 2357 2475 1270 22 33 2639 1641 534 307 142 2116 1242 316 404 374 1169 2880 1493 764 2019 1244 1596 530 173 1512 2346 1339 2209 42 1405 1629 745 2332 824 1679 2616 1290 158 2367 2678 1254 499 925 1603 2983 168 164 398 2834 1018 2663 1626 1826 638 1873 2373 2834 39 205 2409 27 2254 1075 1946 1595 1626 2663 1018 1450 1665 446 1480 2985 499 2983 954 1014 2439 2103 538 2132 1791 1242 142 779 51 1632 2374 2967 2132 1287 1262 1743 1901 1772 2486 984 1974 23 844 2264 1713 784 2368 189 1339 1417 2209 2953 2121 1290 2616 1087 1626 2212 2061 919 392 2941 1349 1629 2485 1008 347 1337 1665 446 2985 861 1328 355 2018 2683 1401 1751 1222 1811 1113 78 2209 1023 1504 187 491 373 925 954 211 2983 392 423 1349 1041 512 654 829 681 1369 661 379 2968 1324 1946 1075 1595 2599 2116 417 2409 2472 2618 2540 205 1931 744 1334 1386 308 2261 1058 1197 2582 3006 2310 2827 914 1996 2993 2225 2254 1946 59 1595 2278 784 2368 2824 2209 2953 1417 3001 1713 189 2368 370 1224 2116 1242 167 1369 901 661 2968 524 2984 513 681 914 2993 2493 2225 2599 34 2116 2409 740 1550 1833 2426 3004 325 2484 2966 1576 142 1791 833 2856 2467 535 801 2971 2756 1236 199 1114 1061 1400 236 2218 2800 914 1550 2599 550 34 2409 1884 742 746 236 661 901 1369 1186 1449 2827 2105 8 2212 1826 954 919 2105 2827 1264 8 1443 783 1754 677 808 703 2732 471 1603 925 499 1014 1683 3002 1431 2817 766 1791 142 833 761 919 2212 2464 279 882 1792 2426 707 2098 2157 1110 808 471 2732 1829 524 681 513 2794 746 1032 967 2908 404 1169 1764 112 1576 1791 1088 833 1996 2493 2993 2225 1626 1826 2212 919 638 2373 1524 1203 23 1424 844 2264 2779 1746 1699 1203 352 1311 1402 828 2 777 2663 1721 1142 2460 172 1468 1629 2332 40 1927 258 2275 784 1440 1339 1900 919 2757 1241 1529 1834 665 1493 686 1317 1244 1155 2218 914 1550 3002 144 1431 2817 534 1641 871 307 1626 954 1826 919 654 512 2429 681 538 2132 2103 446 512 829 1624 681 177 1151 390 2786 390 1151 1692 2786 330 2409 247 1874 2020 2193 803 56 2059 803 66 2193 2254 59 1946 1231 1841 784 2275 1440 951 1827 1422 861 1449 2827 8 1528 2505 1301 1526 974 2579 1629 40 1927 2376 2953 2209 3001 2535 2354 40 198 2942 2445 1514 1164 1665 2985 1480 1601 358 58 1915 1560 2475 33 22 2736 565 2711 2179 1076 2016 1132 189 938 2016 2604 189 1132 1569 1846 1832 915 2777 2493 2925 341 1273 78 1113 1023 1504 491 347 373 2141 1827 223 2216 1481 2511 2816 745 330 2409 1939 247 2305 393 745 2448 223 1417 239 3001 1686 2586 1354 665 3004 581 325 2966 2087 2431 1263 1981 1263 1519 3010 1981 1505 1191 549 1929 2633 460 500 1904 1325 1860 2627 1842 2740 2405 1447 2403 2931 8 2209 2610 1481 2511 745 461 1946 1075 2254 1231 2262 1679 988 154 1626 2 2212 1826 1264 2827 670 1528 2663 1826 1018 2100 2059 2193 66 536 1804 801 1573 2066 34 247 2409 1874 2105 2827 1449 897 2016 189 509 938 2567 1847 283 1800 126 869 2173 394 2305 2448 745 2583 1047 1868 718 1203 1185 1713 2368 370 2212 1826 2 777 195 2574 1335 1589 2986 2414 195 1071 2628 2619 884 846 1657 1236 2971 2756 2897 1335 2574 1589 2801 1337 2485 2207 189 460 2604 1904 2616 590 2121 456 39 205 1708 2409 1330 1452 1632 2967 63 2400 1124 2876 2212 2464 2201 644 1579 2074 2842 2195 844 2804 1287 167 1287 2804 2243 167 3004 96 581 2966 2395 616 1320 1716 2056 1337 2801 2207 1224 1242 1673 167 1727 1756 2988 2050 1088 1791 1576 1134 2041 865 1010 1905 961 347 1687 645 36 2742 2142 2066 844 1287 2243 167 601 550 142 2116 649 1573 801 2066 2361 2504 1984 1431 1405 2535 1629 2332 969 2446 2948 131 2485 347 961 1337 2093 2103 2132 446 56 2756 1272 199 156 2858 2835 1288 2777 1843 2925 2493 1324 1075 1095 1595 1883 411 2605 1309 1493 1317 764 1244 2639 2085 534 1641 2141 2216 223 1551 1250 1974 844 2216 1353 1481 745 461 2105 2413 8 2725 179 2074 1579 2195 2604 460 438 1904 205 2804 2472 2409 2616 456 2121 1087 2305 393 2511 745 2883 239 2141 1417 919 1900 2061 2757 2212 919 954 2464 1867 2636 723 1632 2580 325 2675 2966 2511 2305 745 2583 942 2256 2742 2429 723 2487 1867 2334 1555 797 2575 682 761 2585 2212 919 2346 951 1339 1900 880 1287 2132 646 1422 1827 951 1417 2575 797 1156 845 1505 549 2950 1740 2346 1900 1339 2757 2 1826 2663 777 1242 2116 2798 167 1157 513 681 2794 328 427 2817 1936 1185 2368 1713 2824 2993 1996 914 1995 158 1236 1657 2756 2690 2562 2251 1714 512 829 654 2429 1369 1956 379 661 951 761 2985 919 1762 1442 1545 770 1250 1974 23 844 2516 1504 347 187 1330 150 1452 2967 2378 534 2502 1621 330 247 1939 1874 200 1917 1617 743 2993 1041 423 623 1008 328 427 2817 1931 258 1674 1440 2604 189 438 460 221 1450 1018 1432 1602 2371 2374 1528 195 1335 388 1589 2579 191 40 1629 953 1450 221 1432 1262 2093 2103 2132 2663 1757 1018 1450 239 223 3001 1551 1683 1984 2504 1431 2502 534 2378 1059 1022 111 2783 1387 158 2367 2961 2678 1481 2816 1353 745 2495 2374 1018 1757 2616 1679 456 1087 2732 703 1273 471 2484 325 2580 2966 2018 1973 1464 197 1582 1233 2722 915 2041 1147 865 1905 1068 142 1791 316 1698 438 2604 189 1837 2948 2834 131 2661 2177 2930 2978 2661 2393 693 2978 1480 1211 761 428 724 777 2 1721 661 2253 379 2968 2940 1510 2017 994 2492 1430 2400 743 2993 1843 2925 2318 2315 247 1965 2311 1113 2209 78 3001 280 1834 1529 495 2971 1272 2756 199 2173 869 126 2667 1068 2116 142 316 192 2685 959 2035 855 394 400 944 327 1641 2639 307 2346 2209 1417 3001 2633 500 1776 1904 51 1330 1632 2967 518 2403 1857 2332 1273 2732 2346 703 120 435 1223 2094 1955 133 2164 2023 1325 2166 1860 2023 2304 1089 2039 593 51 424 1330 2967 2210 1603 925 2983 1336 1958 46 892 1276 2540 1708 205 36 747 2142 2742 417 2116 34 2409 125 1692 390 1151 1385 2157 2098 1110 1224 1242 2116 881 125 390 1692 1122 158 2961 689 2678 1036 2262 988 154 1335 2705 388 1589 2897 2705 1335 1589 1692 1151 125 1122 2315 1965 1287 2311 802 1514 2942 2445 1312 2374 2495 1757 871 471 1023 2757 417 2409 205 27 745 2448 393 691 1230 1252 802 1514 1665 2985 1111 861 2897 1335 1713 2574 1480 761 547 428 1008 2817 427 1936 423 1041 749 623 1579 2195 2842 309 2273 1335 1380 2894 258 2625 784 2275 235 2094 791 799 1711 2493 1996 2225 129 2493 2777 341 67 2077 2802 289 2439 2132 880 1287 1516 956 1684 2415 988 1679 2694 1676 1541 813 1572 1619 329 1128 126 989 951 919 2985 2697 1480 446 1665 2065 1287 2804 844 247 724 904 2663 1543 1367 2756 56 199 2000 2198 1781 368 2383 1402 926 1979 2900 2012 1089 1979 1277 200 2383 1979 1626 2663 2 1826 2993 749 1041 623 1965 247 1287 2311 59 1946 824 2541 670 1602 1099 2374 1475 2803 1354 2047 379 2253 2951 2968 1050 2919 801 1573 1624 829 512 1491 2000 1781 28 1365 1520 2901 2942 1196 2056 654 681 1305 359 1058 134 1912 1885 1135 770 316 869 394 126 242 2625 2574 1713 2275 847 2371 953 1432 844 1424 23 2311 1261 2984 2256 681 1256 1572 2538 1619 2093 271 2103 446 2193 2667 989 588 2488 1184 1960 1378 2210 499 1603 2983 2639 534 1721 307 2616 2530 824 1290 2212 2585 2061 919 969 2948 1837 131 654 2056 681 2445 724 2663 904 777 1579 67 2802 289 2685 192 959 331 1422 1417 951 2697 235 2307 2094 799 285 2940 514 915 1312 1018 1757 1450 1754 1443 2067 2558 2579 1842 191 1629 2822 585 901 496 533 959 2685 2035 1782 2196 1841 2275 2413 2105 1808 2725 2485 347 1008 2019 2993 2925 1843 2493 258 5 2625 2275 2041 1342 1010 865 802 1252 2942 1514 1857 2530 518 2332 1791 1242 881 316 2758 2725 2623 2357 2971 1272 1657 2756 195 1335 2986 1071 672 1256 2538 2343 40 191 2354 1629 960 2075 2852 2452 2818 1475 2148 785 1746 2779 531 690 749 2993 1843 2493 394 952 126 242 2416 910 2328 206 2599 550 601 2116 1224 316 2116 1037 59 1231 144 1677 824 1946 1679 1294 808 2732 703 2112 2587 1128 329 989 2212 1064 761 2464 423 279 2993 623 2431 2087 2154 2136 3005 980 2245 1288 1902 1135 2955 2736 951 761 919 1900 534 1641 2502 1621 1449 2568 2827 1528 914 1550 2800 2601 1683 1431 2038 949 2931 520 409 2209 409 2371 1528 2953 1818 1114 967 1499 2993 279 423 2787 1222 1529 2588 324 2026 1039 2642 1 1312 1018 2374 1757 1523 584 2229 991 1242 779 1395 2659 39 2409 218 27 438 189 1698 460 1579 2591 2195 309 1449 2105 2413 8 2516 1687 961 347 2346 1339 951 1417 75 952 394 242 207 126 13 989 239 1417 2883 3001 2535 198 40 2332 1008 2485 2801 1337 177 125 390 1151 686 2485 349 1244 2209 8 2931 1289 2254 144 59 1231 1050 2917 2919 1573 1472 2548 384 2626 802 1176 1380 2705 1791 1395 1242 779 1447 2290 2740 2403 2141 223 239 1551 802 1514 1380 1176 1785 55 2589 35 2520 2442 1140 743 279 2426 722 1995 816 2077 67 289 366 144 611 1677 2183 1222 1751 1376 1602 2371 2821 2374 1894 2949 1913 744 2640 1177 456 1087 235 195 388 1589 1018 221 1626 1450 748 1944 2429 2066 399 1556 901 2968 558 2527 121 503 2625 1905 2574 2974 556 2833 2661 2571 1312 1560 2366 1757 718 435 781 2094 1649 901 1556 2968 2328 910 1151 180 1312 2495 1560 1757 844 247 2804 167 855 319 394 944 2484 2330 3004 2966 2485 764 1008 2801 2676 845 1065 897 179 695 1579 2074 399 1649 1556 2968 2485 1008 764 2019 2441 1631 433 2620 670 1602 2374 1528 2076 2625 1342 1945 423 191 1842 1629 2993 2592 4 193 2579 423 1842 1629 2038 1683 2504 1431 914 1995 1996 2225 2842 1851 1444 2815 1596 265 173 1175 1711 2993 1996 2493 1242 2116 142 2798 2082 2075 1744 1419 2366 1560 2495 1757 384 2548 437 1029 1058 359 308 210 817 1933 2392 2939 2059 66 778 536 520 2209 2931 1289 1948 961 687 1164 2993 749 1843 1041 1355 2185 2116 1037 2511 2583 745 461 1522 2796 1729 311 2599 1521 417 2116 2604 1132 1597 2744 2234 2187 1472 2683 218 2409 417 27 1942 1422 951 2697 2750 2627 1311 537 1325 2627 2438 537 1155 2218 872 914 1976 481 782 1004 2201 2464 663 644 652 1184 2703 1997 611 144 3002 1677 2016 1597 2604 1132 710 1238 1671 2421 1154 978 723 1178 387 1663 2489 2962 1060 1476 1154 2962 2105 2819 1522 2990 2330 3004 2966 426 2209 3001 1113 1289 1558 1444 2842 2074 1851 1576 324 1444 802 1230 1514 1176 2076 1905 2625 2974 379 2253 661 1874 1948 687 961 645 366 611 1220 1677 59 2616 1231 1677 2346 2209 78 1023 179 1579 166 2195 942 1261 2256 681 803 2020 66 2193 2315 2253 247 2311 2745 313 2437 829 2105 1264 2827 2975 2942 1514 1252 1164 1050 801 649 1573 6 58 358 1198 2344 2368 189 370 2082 2048 2075 1419 1123 55 1236 2984 2142 802 2429 2705 2758 1808 2623 2725 1692 533 1373 1660 2796 1522 1729 1635 2315 1287 464 2311 1675 923 1221 1704 195 2414 388 1071 761 1064 2212 2585 366 1220 144 1677 384 2234 1472 1331 1264 2819 2105 2990 2802 166 1579 2195 271 446 955 2737 2590 187 961 50 2003 693 2393 2303 951 919 1339 1900 327 2085 2639 1641 550 2409 330 1874 1022 2291 1488 578 1403 2416 2328 206 893 2318 2925 2956 1157 513 2984 681 1496 2701 549 1561 942 2256 122 2742 2575 1156 1918 845 514 2738 1569 1604 2931 1528 8 2610 2589 35 55 2477 1236 2756 1367 199 585 1199 1647 2716 2037 2446 1230 131 2256 122 2742 689 1503 450 962 380 2542 2552 560 380 344 2584 212 2421 2496 1857 518 2403 207 2317 126 1485 741 2582 2310 2827 724 130 2 777 1830 749 928 461 735 901 2822 585 744 1440 2949 1386 399 379 2951 2968 670 2827 1264 2975 2599 417 218 2409 366 3002 611 144 2616 2121 590 1929 1189 1256 672 1878 2591 2126 1579 1199 749 623 2993 2601 2616 1946 59 1231 2310 3006 1097 897 1008 347 328 281 856 927 15 1042 2647 2949 1894 744 953 221 847 1432 2142 2429 2742 2705 590 456 1177 1087 2056 681 1624 1305 744 1461 938 304 1837 2834 2556 131 514 2940 2017 902 1010 865 1342 1905 1264 768 670 2975 1632 1099 1602 2374 192 2685 640 331 265 2574 2625 1905 1521 2185 417 2116 1713 1335 195 2574 207 2317 13 126 235 388 195 2414 749 2993 2493 2601 724 2663 777 1721 1713 2574 195 2275 2037 131 1230 1615 953 871 1482 2610 761 2061 2585 919 2383 200 1402 2787 2090 248 2002 304 2126 289 1579 1199 573 207 13 989 2623 1808 1635 2725 1230 802 1252 1007 113 2558 783 677 654 2429 1944 2066 2584 845 2676 1808 766 1088 1791 833 1018 1626 2983 1826 1596 999 530 1512 1851 2815 2842 2195 1533 952 190 77 1942 951 861 2697 1324 59 1946 1595 1373 533 1692 1122 2589 55 1785 2477 211 954 925 1014 400 126 2173 394 2269 2125 2088 298 1579 816 67 289 2726 2851 869 242 1230 2446 2037 1959 2076 2625 1945 2974 2126 1243 2557 240 2116 881 1242 316 2531 865 265 1175 1312 1757 2663 1450 855 400 394 952 2685 533 640 1559 390 2786 1692 204 2986 639 2414 1071 2346 78 1273 1023 654 2942 2056 2445 2709 1338 487 609 2243 1694 205 955 1756 2154 2988 2136 1052 50 533 910 1113 78 1248 3001 2771 1729 2475 311 211 294 2983 1826 211 2201 954 2464 113 205 677 1694 640 50 533 2035 1902 2955 314 2736 1018 2983 1626 221 497 621 612 2473 2185 1245 417 1037 1862 1097 401 1693 211 954 2729 2464 516 666 58 800 2209 42 1339 2953 1851 324 179 1444 2332 2541 824 691 1550 2583 2800 2601 2307 2556 2834 131 1574 1199 289 240 2254 2817 3002 1231 3002 144 2254 1231 68 1230 1863 131 2206 1177 590 456 654 2056 2942 1305 1355 2116 316 1037 2949 744 2647 1440 722 279 1792 2426 1230 1959 2037 1615 1558 2842 1444 602 2213 2132 446 861 34 2409 550 1874 2490 265 2625 865 2361 2038 2504 1431 173 1512 530 2678 2213 2132 538 446 417 2804 205 2409 2490 2625 265 2242 820 1395 779 2659 1405 1830 745 1629 2059 2193 2895 56 3002 2254 144 2817 1264 2819 768 2975 269 1828 2522 1658 1698 2046 2490 1370 761 1211 1480 2985 2026 300 2837 1467 1504 1051 491 187 1698 189 1713 460 328 2817 2934 1936 232 1293 105 1800 2759 2446 969 131 1497 2541 2332 691 1369 943 1956 1186 2504 1683 2038 949 577 180 910 206 820 496 585 2659 1018 2374 2495 2967 2941 2354 1349 1629 943 1369 901 1186 948 708 550 2409 1428 2490 865 1175 1970 2796 1347 93 2093 2132 1262 1743 173 1698 1346 1254 2075 2048 2082 2153 974 2505 1517 1693 2037 2307 131 799 179 1579 67 166 2307 2414 131 799 761 783 1900 2563 2 777 130 2411 94 1169 1085 339 2090 2002 744 304 2392 817 1072 1933 824 2332 2530 2541 2741 2539 2967 2100 954 2983 499 1575 129 2884 2777 2493 1698 460 1713 1474 325 581 2675 2966 2842 1444 1851 2195 1016 2000 467 1994 1729 2736 2475 311 2802 67 1579 166 963 524 513 2794 761 547 783 2563 1242 1395 1791 881 2995 518 1857 2530 1851 901 2591 585 423 2579 1842 623 1533 400 952 77 1312 2374 1018 1450 2502 436 534 1059 122 2742 689 2678 2243 1287 844 646 1497 2530 2332 2541 1495 552 502 1658 2591 1199 585 2716 847 2821 2371 1432 1185 2278 2368 2824 2758 169 2725 2357 205 2243 955 1743 1354 2480 1274 342 1113 78 1273 48 1785 1909 55 180 2726 869 909 242 824 2530 59 2541 2 1721 534 307 1700 1281 2366 1543 2 534 871 307 388 799 235 1589 2557 2126 289 1243 1698 2490 2046 1175 2491 1788 575 1899 1105 2366 1281 1543 933 1422 1827 861 2028 1877 1382 7 953 1528 2371 2953 2243 223 1827 2216 158 696 1657 1236 1132 938 1461 304 262 1236 1367 123 1982 64 2279 1530 2557 289 2126 240 953 42 871 2610 1626 954 2983 1826 1851 2591 901 2815 1785 1909 912 55 724 2 2838 1721 2704 2098 1385 2543 1369 399 901 2968 389 723 2636 1178 1542 1155 872 914 2193 1128 2173 891 1576 1791 142 779 1273 2346 2732 78 1060 1846 1569 1178 1362 961 1687 645 2403 198 1857 2332 1373 0 1692 1660 1113 858 1248 48 2243 223 2216 1673 70 279 722 1995 2993 1041 1843 2318 366 1984 3002 144 2372 861 1827 646 2616 2121 1929 1290 248 1461 2002 304 960 1885 22 2452 1783 2424 1848 1131 1072 1933 817 2138 512 748 829 2429 2976 2212 2201 644 1520 2942 2901 249 2557 1574 289 240 670 1693 1099 1528 2885 1431 144 1980 1346 1254 1698 1722 695 893 1579 2074 4 193 2592 2876 2126 289 1711 2631 2209 8 1113 1023 1579 2925 2631 341 639 131 388 1176 1647 1680 585 2716 1579 695 4 893 686 206 2485 373 1579 1455 2925 341 1236 1559 2786 123 2312 2725 430 1289 1913 744 2949 1386 1970 93 1347 1364 2346 703 1108 1900 1712 686 2485 373 1757 2967 2539 2100 2132 861 2213 646 126 2667 43 989 847 953 2371 2953 1008 2032 2817 1936 2616 1981 590 1231 747 2142 1512 1291 319 462 394 944 820 779 496 2659 2771 2475 1729 2736 258 1931 1674 1418 1264 1641 871 1482 2951 2253 2686 2968 2132 955 2243 1743 1324 2503 59 1595 2294 2595 959 2894 1842 623 2579 2426 1636 882 2453 2426 533 640 577 50 928 1928 1041 1629 2557 289 1574 1199 1220 611 576 1677 1157 2984 1261 681 1892 392 1349 1041 462 204 123 1356 601 142 1594 2116 1579 4 67 2631 616 1225 467 1994 2495 1757 1018 2967 465 1573 2066 1291 1785 55 912 2477 802 2142 2429 2066 1050 649 2917 1573 954 1211 761 506 2173 891 1128 1356 2396 2802 2077 1199 2201 2212 570 1826 258 2196 5 2275 686 349 1317 1244 1486 1495 552 268 1614 2800 1550 2583 2299 1821 1339 2953 2694 988 2262 1679 1441 2795 1390 2152 2243 2132 1694 955 2897 2574 1713 2242 2363 1444 1576 833 822 1843 2601 461 2307 235 2094 737 943 1638 1956 1186 2396 2077 1138 1199 2075 1383 1120 169 2637 1428 2490 865 462 204 944 123 1626 2983 954 1575 4 2592 2993 2318 1053 1075 1946 1231 1579 4 695 67 2014 1939 2409 247 1522 311 1729 2611 1428 865 2531 1175 1157 963 513 2794 725 1480 547 428 2243 1108 1245 27 581 96 2675 2966 235 1975 2076 2574 4 2905 67 2631 2721 730 471 463 925 211 383 2983 1909 1151 55 180 686 1712 2485 2019 943 901 2815 1186 2632 2318 893 2956 2243 2132 1287 646 1264 768 2378 1482 1367 1236 262 2756 1252 1007 802 2942 391 2225 1711 1243 1264 670 768 1482 179 1579 695 67 2453 1571 2579 1927 192 50 640 2035 2032 2050 1008 2817 590 2121 456 1087 2105 1635 1808 2725 872 2218 2800 914 914 2426 623 1995 2376 2209 520 3001 1369 379 399 2968 2202 361 375 2852 1248 858 960 48 115 1571 1550 2426 1700 2366 1757 1543 1749 777 140 644 2206 2640 1177 456 2076 235 2574 2974 2741 2100 2967 3 1457 2349 516 2687 2232 499 2983 1575 2943 1802 1457 2687 6 2353 516 2687 2771 1729 213 2736 2472 2804 205 1743 2130 2353 2859 2687 2050 2817 2032 1936 2472 205 296 1743 34 2798 2116 167 1230 1252 564 719 55 2786 1236 1559 392 1928 2941 1629 577 50 187 910 2495 902 2366 1757 306 961 1948 1164 391 490 2225 1243 855 394 75 952 1847 1025 283 1800 871 1626 2 2757 2105 2819 1264 2975 579 563 291 1232 1832 514 1569 915 1264 2819 2378 768 1851 820 324 1811 2020 2193 56 1128 1550 1571 115 154 2148 543 2818 785 2759 1863 2446 131 1602 670 1099 1528 2931 409 2371 1528 2173 126 2193 2667 2590 961 306 50 2721 730 1641 471 2842 1444 2762 2815 1626 1339 919 2757 1123 1236 2909 2984 791 2853 2037 2094 1242 1673 844 2264 2294 2578 959 2595 465 36 2142 2066 1579 893 2842 2074 2625 1713 2574 2242 2372 2213 861 646 564 1252 1230 1176 235 791 1975 799 752 2822 901 496 1353 1271 1481 461 992 2952 2279 1945 1108 1900 703 1881 725 1064 761 729 366 2361 1984 144 1461 744 2002 304 617 856 1279 986 1113 3001 1248 1289 2132 113 2737 2563 725 761 1064 428 2072 1120 169 2357 2809 764 2801 949 693 2605 411 2571 693 1969 2661 2571 556 1969 84 2571 570 1826 2212 777 2685 689 141 16 126 394 400 952 2568 1449 2827 897 2842 893 1579 1455 1113 1023 8 2990 116 210 720 311 820 1811 1851 779 2223 770 1135 316 1023 1482 871 2610 2490 2138 1674 1565 824 1679 1290 1927 1105 1100 2366 1543 2843 9 763 1701 319 394 462 792 1317 2782 2450 764 2214 539 2086 1701 3002 1981 2616 1231 1224 1242 881 1673 1373 1122 1692 2133 954 761 1211 2464 399 1556 1369 901 1827 861 2132 646 2844 2768 176 2024 2149 2315 464 2311 1928 392 1041 1629 1242 1395 2264 2659 1272 2756 56 891 40 2403 518 2332 1380 141 2273 331 1113 858 1729 1635 379 661 1956 1874 2591 1579 2126 309 2315 1965 464 1287 2299 2376 1821 2953 1357 1099 1693 1528 173 141 262 1474 2762 1444 1851 2815 721 1108 1245 2112 1926 2087 1263 2024 235 388 2414 799 330 2014 1939 2409 176 1263 3010 2024 465 2066 2142 1291 141 689 262 16 2589 1785 912 2477 1507 1424 2253 2311 2579 2559 40 191 2822 585 496 2659 639 388 131 2414 281 1654 1075 1595 1126 2840 217 434 284 1520 320 1196 1571 154 1679 1087 2664 464 1287 2311 1436 2411 2061 307 2721 471 2641 463 1639 2815 309 602 1948 961 1362 645 2822 820 585 2659 2299 1575 633 2953 1914 2777 2925 341 2285 2667 869 385 1522 1761 2796 311 1579 289 2126 2631 721 1108 1202 1245 2243 223 1673 688 2354 191 423 1629 1594 142 1068 2116 2925 1843 2777 2956 2625 865 265 1905 1558 736 1444 2074 779 142 833 1186 2405 1026 9 198 1964 309 2815 2716 1728 2742 36 2066 1480 428 725 2529 802 654 1804 2066 1809 2417 992 1945 2248 1313 56 199 1264 871 1023 1482 2590 187 50 910 491 187 1051 373 2625 2908 1945 2974 2993 2925 2493 2631 178 1679 154 1087 2132 2243 1287 1743 533 50 577 910 2495 2366 902 1560 2299 1339 1575 2953 2993 2592 423 1041 735 585 1680 2716 1514 2445 192 1164 391 2493 1711 2225 1008 2032 610 2050 871 2 1626 1450 2587 2193 1128 989 1519 1263 2431 1981 549 1191 529 1929 2625 2908 1342 1945 1624 2801 769 2794 2086 1890 2436 2559 2627 1860 2896 1842 1205 1993 706 1648 1792 722 70 279 141 1346 262 1474 1224 881 2116 316 1264 871 1641 1023 639 1176 388 1071 2037 2853 2043 339 1647 735 1680 2716 844 1673 1115 2264 2132 2737 446 2563 2173 2193 126 1128 761 954 919 2464 2556 131 2307 2414 808 703 225 2112 2014 2409 2804 247 1686 1354 2803 1620 1436 2061 1881 307 1550 623 914 2426 959 1660 1158 2035 1533 2695 190 952 2445 1164 2942 1192 791 2037 2853 1573 2599 1521 218 417 1504 347 491 1381 462 944 204 1356 610 2801 2056 1337 590 1177 2121 1087 1436 2061 2585 1881 1380 2705 1176 1071 2496 1857 2995 518 390 900 2786 204 2759 68 1863 131 519 208 2186 886 395 1488 2026 886 2860 519 2009 886 111 1022 1488 886 1843 1041 749 461 1224 417 1245 1037 2826 442 741 1048 2234 2562 2690 1714 2895 56 2193 891 388 2414 639 1071 2186 2826 2009 1048 1533 400 855 952 2635 998 1423 1704 1636 1792 882 2426 2218 1614 2800 1550 1663 2009 1891 1048 1250 844 23 2311 2579 2559 2453 1927 1097 2282 401 1693 1918 845 1156 1808 674 1877 2028 1004 1916 1529 1222 1376 223 2243 1827 2221 1445 1675 1221 2306 2243 844 2216 646 533 1158 1660 2035 888 948 708 550 2815 309 2591 2716 1665 1480 2065 1601 2467 2856 2861 903 1977 1064 875 96 1401 1222 2588 1620 1579 2631 2126 341 2504 2638 1683 949 518 1929 2616 1740 1008 281 328 2817 1101 2676 2875 1808 2768 1136 1577 2024 2404 1444 2180 2074 1626 42 1339 2757 2616 1929 518 1290 724 130 2838 2 2822 820 2854 585 1132 636 250 2744 2540 205 1276 350 1113 1248 78 48 969 1837 2556 131 1226 989 2667 588 1480 2985 446 2563 205 2804 2243 1743 847 221 953 2953 1128 891 56 1356 2335 1751 1401 1811 1073 662 2811 2415 1383 169 2075 2153 2773 197 2853 1573 1596 2531 265 1175 1702 585 2047 1199 1579 67 816 2631 871 1450 953 1482 67 2905 816 2631 8 1023 2209 2610 1261 122 2256 689 1782 5 2196 2275 1085 1518 406 21 582 1009 1760 116 290 1299 2134 2471 1702 2047 2802 1199 1507 23 1424 2311 1202 1108 721 677 63 1124 2301 2155 2346 2221 223 3001 2490 2410 2138 1565 1373 1692 0 2133 2366 902 1700 1757 2346 223 78 3001 2485 2794 2801 2207 1894 1913 2949 2160 2076 2574 1975 1905 1480 184 428 2529 446 2985 861 2563 2046 1698 1254 1722 2771 213 2475 2736 1843 2493 822 2601 1068 766 1791 142 1597 1132 653 2744 115 2987 1571 2426 2742 2705 2429 2581 2204 1760 2870 1937 223 2346 78 2221 34 142 2116 2798 432 1421 558 1703 432 772 209 1703 1590 764 1317 1244 1008 347 281 2019 2591 1579 2195 1199 1503 962 2944 917 372 848 1195 1777 1584 2944 372 917 1195 2527 1584 917 98 2527 558 917 1961 98 1421 917 2654 1492 599 151 1754 677 2558 350 2278 2275 784 2824 835 1679 988 1676 2587 2193 2020 1128 2542 1834 1433 2479 1851 324 820 585 1528 2953 953 2610 1100 709 2366 1543 2425 219 2983 1432 2173 126 400 1128 2623 1635 169 2725 752 496 901 2968 1522 2796 1761 2749 2072 1120 1383 169 2925 257 893 2956 1873 1366 1229 2274 2476 2542 560 1703 2256 2984 1261 689 1522 2819 2105 2833 2256 2984 2685 640 533 1660 959 2035 382 1158 959 1660 1791 881 1395 851 1958 1756 2830 2237 2056 2801 2794 2207 1674 2138 1931 1565 2142 2066 1573 1291 68 1230 2772 1863 2721 866 730 463 2993 423 2592 2787 164 1366 398 2274 2047 585 2802 1199 2253 1424 844 2311 114 634 2257 2403 1738 582 1760 1197 1712 2485 2019 373 4 893 2925 2631 584 1523 2297 991 22 1729 858 311 2649 2493 391 2225 2429 2705 802 2581 40 198 2403 2332 1835 2062 1441 1208 721 677 1108 1881 2773 791 197 1573 2877 1679 456 1676 2481 190 2695 952 2917 2853 2919 1573 1272 56 1652 891 1242 2264 1424 2659 1324 1946 2156 1075 2213 2439 538 2132 928 1041 1843 461 1831 2592 2473 2318 2721 2641 866 463 258 784 2625 1418 2685 2984 2256 689 2037 2094 2853 339 2599 601 1594 2116 993 126 329 1128 1113 1273 1023 2990 808 1849 703 471 2069 1512 265 1905 418 258 1841 2196 2260 744 1461 938 692 132 1631 916 686 349 2485 206 652 1893 1184 1997 2516 1504 1687 347 1977 875 1064 644 2910 204 400 1128 4 2993 193 2631 1391 636 2840 2734 2376 409 520 2209 9 627 2668 1701 2064 321 606 945 1933 1931 2138 1565 126 2667 869 242 2047 324 2802 585 2898 588 939 2734 2625 2574 2275 2974 951 1339 919 2697 1445 1820 1675 2452 209 1771 2476 1703 2480 1771 772 665 2439 2664 1262 1287 65 649 801 2066 2813 1823 1717 116 1901 2486 918 2970 2776 350 2558 2737 2897 173 265 2242 802 1804 654 1007 39 1708 218 2409 2155 2473 2592 2318 1185 1713 370 2824 2557 1243 289 79 384 2562 2234 1331 409 2209 2376 2953 2132 113 955 2737 2072 169 1383 2357 2425 1432 2983 3 2046 217 2840 434 2243 2221 223 688 1684 956 1811 2415 2122 1211 755 1014 1253 2331 1531 851 2776 955 350 2737 22 1885 960 2736 265 173 2897 1512 306 50 961 1164 2993 2925 2631 2318 2069 1975 1512 1905 2911 902 2495 1757 1446 1106 466 1716 2072 2761 1120 2357 228 1843 928 1041 262 16 1236 123 2796 1970 1810 93 135 467 2000 1716 725 547 1480 2529 782 2767 1562 874 1767 1791 1684 2137 205 1694 113 955 2413 2105 2774 1808 279 623 1842 2426 943 901 489 2815 1729 1113 1635 2990 610 1624 2056 2801 2061 2 1626 2757 1328 482 355 2683 633 1575 221 2953 2831 1106 927 1716 2934 2817 328 1231 791 235 1975 1146 2504 1984 1683 2638 2651 2667 2338 588 2346 1417 2221 3001 1610 1436 2585 1881 2819 730 1522 2990 2777 1914 2925 257 2346 2732 1108 2112 1531 1684 956 1811 1684 1811 1791 1134 1590 1317 349 1244 636 1730 2840 2734 1885 770 1791 316 747 465 36 2142 2640 1116 1177 1087 1252 687 2901 2942 1241 1834 2476 665 1729 858 2796 1635 2181 189 2604 1132 2842 1455 1579 309 219 221 2983 1432 2064 606 321 2840 918 556 84 2749 1358 1962 2263 2479 2307 2834 2948 131 1596 265 999 1512 636 1370 1132 2197 1464 609 1328 197 1441 2062 2795 2152 462 2173 438 394 2256 2742 141 689 920 497 612 2473 1151 910 577 180 75 394 950 242 462 2595 1187 792 725 428 184 2529 281 1980 1654 1595 328 347 1008 427 636 385 1730 2734 408 762 1970 874 735 901 585 2716 928 1843 228 461 590 2616 1231 2679 2664 464 1262 1287 747 2142 2742 1512 2156 1946 1053 1075 1647 585 1680 1199 383 211 294 2983 1012 2363 1576 833 481 1976 2028 1004 1585 1357 1693 1528 1312 670 2374 1482 2579 749 745 2583 2910 190 952 77 1391 385 636 2734 183 691 2448 1294 855 944 400 77 462 438 2173 1618 2037 2094 2307 799 1901 182 1772 984 1782 916 5 830 223 2221 1417 3001 2604 636 1132 2744 2685 1236 16 123 928 1830 1928 1629 1659 2048 2082 1419 1428 2637 2490 2410 489 943 1369 901 2490 1428 2410 217 2676 182 2875 2970 2912 2746 272 984 2384 1058 2261 1364 1012 1444 2363 833 802 1804 1007 1615 2910 952 400 77 1114 332 1919 492 1541 759 750 492 2046 2840 1730 434 302 210 116 311 2993 279 193 1996 158 696 1236 689 1163 811 2512 2401 1317 2450 1493 764 2076 1010 1342 1905 1324 1095 2503 1595 1064 2464 2212 644 961 347 2485 373 1108 1202 1245 27 22 1810 2796 858 2075 169 1810 858 1302 2392 1933 2939 141 689 2742 2678 2582 442 2912 984 1108 783 113 1900 2777 2884 1843 2493 1527 764 1359 949 2917 2773 2853 1573 1265 759 1865 492 1264 730 2819 2990 29 2280 1676 2848 2346 1108 703 2112 802 1615 2142 2066 791 1975 799 1291 1268 321 2064 945 1692 1122 390 2133 2786 1559 1692 123 735 752 2822 901 1837 969 3000 2948 2412 444 124 1318 849 1336 1943 2235 2925 893 4 2318 856 617 1666 2880 783 113 1900 2563 1082 1965 247 1743 2199 2172 487 2855 491 1051 976 373 2663 554 1535 1543 824 2332 745 1927 366 576 1220 611 1115 2216 1817 1551 1626 871 42 2757 2556 2307 786 2414 1602 1099 1357 1528 1909 2328 1151 180 1711 2493 391 341 2976 2201 663 644 1659 2082 1744 1419 2346 42 2209 1023 2696 1518 1085 2880 2809 1359 764 949 2218 2205 1705 1550 1184 652 1960 1893 2579 745 749 1629 2616 1740 1981 1677 1698 2242 2490 1175 1018 2967 1757 2100 1730 2840 2046 217 1436 1881 703 307 1302 817 2392 2939 1312 670 2593 2374 1108 2732 2346 2221 1367 891 1618 1356 999 1596 2069 265 1132 636 2604 1370 1789 59 14 2541 2181 1132 1370 2197 2294 2578 382 959 1236 2685 1559 123 2756 1618 1367 891 747 1512 1988 1291 2516 961 2590 187 2256 2429 942 681 328 281 10 1075 762 408 1970 145 761 1900 951 2563 2193 56 1128 891 795 427 328 2934 2809 2801 764 1244 1317 2418 1590 349 2827 1693 670 1528 2069 999 265 1512 328 281 2254 2817 1185 2368 2344 370 1711 2493 2925 2631 2210 925 1080 2983 1876 677 721 1881 173 2046 1698 1254 296 205 955 1743 2625 5 258 1418 2121 1177 1869 1087 1782 5 1280 830 1367 1618 262 123 808 1849 225 703 2082 2153 2048 224 1287 247 1965 1743 399 2951 2123 2968 761 2061 783 2585 183 393 2448 691 520 3001 2209 1289 3002 144 1231 1677 1692 2786 1151 1559 1220 2530 144 1677 2076 2574 1905 2974 1368 888 708 550 1049 769 2801 2794 1008 610 1683 2050 2254 328 2817 1231 1223 435 718 2094 2769 2557 1243 240 781 435 2033 2364 1436 2585 2061 2411 173 262 1346 1474 2134 1299 233 903 663 2464 1064 644 2502 1467 2378 1621 1475 2148 785 342 2301 1315 1425 1378 522 2473 2155 2318 2988 622 1727 151 2413 1449 2774 2105 42 1023 871 2610 321 2046 1730 1370 2984 681 524 640 1535 554 2663 1721 465 1573 649 2066 1684 1576 1811 1134 751 2935 2321 1941 2993 279 1996 1995 1851 324 1576 1811 820 324 2047 585 2604 1370 1730 1722 960 2852 2075 224 2243 1827 2132 646 1626 871 1450 42 771 446 1665 861 616 467 1320 1716 314 2955 33 2736 1212 2911 2495 1757 833 1392 2762 1186 802 1615 1176 2705 2711 100 2179 1076 2016 653 1597 1132 211 2201 294 1826 791 2094 2037 799 2485 349 524 206 942 1261 122 2256 2768 2844 504 1468 747 465 2142 1291 1280 5 1782 2275 961 2485 206 373 969 1994 2446 368 1252 1514 1230 1176 1804 1615 802 2066 1633 1980 2885 1595 1822 2407 456 2679 2122 755 1211 2401 1804 801 2919 1573 2802 585 324 2195 2651 588 2338 2734 22 858 2796 311 142 661 1638 1186 2841 220 1563 1452 205 417 2243 2804 2453 1842 2579 2426 1756 1727 1880 2050 2701 2950 549 1468 2485 524 2207 206 423 623 749 1629 2875 273 1101 2970 1851 324 585 2195 404 2043 1169 112 1579 893 4 2631 2579 2448 745 1927 2220 2199 2389 2364 1333 2410 1428 217 2480 1354 2586 665 577 640 533 1559 2273 1346 141 1474 2802 2195 1579 1199 2986 1335 195 2824 1108 677 1202 27 624 138 2144 210 661 1638 1956 1874 56 891 1367 1356 2285 869 2667 242 953 1450 871 42 1977 1064 1805 644 2338 2667 2651 2734 1273 1113 48 2990 65 801 1944 2066 2378 2593 1312 1482 2726 869 2851 2744 1242 844 1424 2264 564 1514 1252 1176 1679 835 154 1294 928 749 1041 461 1242 1115 1673 2264 855 400 1533 77 219 2232 2983 221 1150 533 50 2035 1449 1585 2568 1528 718 781 1540 2364 2485 1337 961 2207 364 2373 1873 112 1114 1400 967 236 1400 1061 921 236 2628 884 921 236 1114 1919 1061 2196 358 58 1560 1198 1782 2313 916 830 319 462 1187 792 1948 306 1362 961 258 2949 1931 1619 2664 2149 464 2311 2776 2558 2788 2737 709 554 2366 1543 430 2725 2153 1289 2606 2700 1067 2160 2193 2667 126 989 1008 1431 281 2817 1223 2373 120 112 1884 746 967 236 1909 1403 2328 180 1576 1395 1791 779 1181 742 1884 236 1138 2077 289 1199 1638 2762 1392 1186 142 550 34 2116 2254 144 1431 1980 2325 1342 2041 865 518 1740 2616 1677 262 1346 141 16 2273 141 1346 16 1008 2801 764 1431 1785 180 55 35 113 783 1108 677 120 1284 435 112 524 681 2056 640 22 402 1810 858 1242 1424 844 2798 2625 1713 784 2275 2925 1579 893 1455 1402 214 352 828 725 547 761 428 545 748 512 2429 951 2985 761 2563 1804 2142 1573 1615 1187 462 319 944 2374 1450 1312 1482 953 1450 2374 1482 2056 687 1337 1192 893 257 2632 2956 1744 2075 2082 2153 1626 221 2983 1575 2373 1223 1524 1203 34 142 2798 1874 1810 169 2796 858 142 779 661 1186 1264 2105 8 2990 2897 1380 1335 2705 1810 2075 1120 169 1144 2380 2878 2954 2490 1175 1428 217 951 2346 1417 2221 1018 2967 2100 3 1082 247 2804 1743 2016 2604 1597 1904 265 1512 1975 1905 1909 1151 177 2786 68 1230 131 1176 1764 1169 1284 112 2363 2404 1576 1444 661 142 1638 1874 2067 2558 729 426 2772 1230 564 719 730 1273 1023 471 269 2522 2607 1854 1791 1395 1576 1811 2643 2512 1163 811 126 1128 993 952 2894 1071 1380 2719 726 2762 958 1392 2243 2216 844 1673 2604 438 1698 1722 1699 2565 2779 1203 1644 55 1123 2984 1614 2448 1550 154 730 1023 1641 471 95 589 2362 1197 2759 969 2446 368 1876 783 677 1881 943 2762 1638 1186 2937 2638 2504 949 953 2374 670 1482 1805 2585 1064 729 349 180 524 206 2903 679 2845 1004 2254 281 1075 1595 864 2077 816 289 2586 1686 2588 665 1469 2460 1142 1468 78 2221 2732 688 2853 197 791 1573 2796 22 1270 1704 2599 948 550 2409 2285 869 909 385 534 1482 1641 1621 2729 954 211 1014 1571 2426 2987 162 142 661 2798 1874 638 1524 2114 1203 1558 1306 736 2074 2774 2105 1449 897 960 2852 1885 2452 379 697 2253 1874 322 2916 2245 776 1626 2 2663 1450 1126 217 2369 434 347 961 1337 645 2485 2794 524 1244 2528 301 2900 1548 1314 2917 2773 2853 2114 1699 1746 1203 2807 1513 426 2529 2836 1322 2251 737 961 187 347 373 2248 56 1272 199 912 1909 177 2786 2109 1666 617 2880 1636 2426 2453 162 1518 2696 1002 2880 2490 1370 2046 217 2588 1529 1241 665 2302 703 1436 1881 1576 1851 1811 779 2346 2221 951 1900 453 793 1388 145 2378 768 2593 1482 2302 1436 703 307 1312 2663 554 1450 1868 1223 718 1203 2625 784 1713 1209 1749 2662 140 777 1535 724 2663 1543 2138 2410 1933 1565 8 2990 1023 2610 943 2815 2762 1186 2993 2631 4 2318 582 291 563 1232 193 2905 4 2631 1558 1444 911 602 2243 1245 1108 688 2853 2094 791 2364 235 2574 195 1589 534 2378 1482 1621 29 1676 1053 2848 1713 1474 460 370 498 1577 1136 1658 1500 262 158 2756 351 2414 2021 830 961 206 187 373 1311 352 2750 828 404 1764 631 112 2560 1996 1548 1995 388 2705 1335 1071 2868 2188 1625 1134 893 2318 2632 1986 2862 636 1132 2197 761 783 2061 1900 653 1132 201 2744 2395 1320 2831 1716 1487 1205 1726 402 1576 1811 1395 779 1576 1684 2415 1134 2807 426 2966 2529 1248 858 1113 2153 351 1030 2021 2414 2910 993 1128 952 1873 2373 2834 112 783 547 113 2563 2976 570 2201 2212 2416 187 910 206 2796 1270 93 1704 3002 2616 1981 1677 2665 2815 1639 602 2910 1128 400 952 1275 1254 1346 1722 2592 1041 2993 2318 1634 505 2182 1048 1242 2798 1673 167 1380 2273 959 331 2685 2984 1236 1559 1097 682 1555 897 2141 1827 1422 1417 2951 2686 2123 2968 2213 446 771 861 2310 1097 1862 1693 223 2221 78 688 2986 2669 639 1071 1914 129 2777 341 2307 2948 2037 131 2897 2242 1713 1474 63 2492 2400 2473 822 2601 896 461 1276 1708 39 205 550 1638 142 1874 1684 1767 1516 2415 749 2601 1843 461 2556 786 2307 2834 2299 1339 1477 1575 2986 2482 1335 2824 180 2207 524 206 5 2908 258 1418 2126 2631 1711 341 1713 1335 2897 1474 486 59 2530 2541 193 279 1548 1996 1947 720 210 311 725 761 547 729 1212 1757 2495 2967 564 2162 1252 1514 1212 2539 1757 2967 195 2275 2574 2974 2256 640 2685 331 694 564 1252 719 576 518 2995 1677 1123 1236 55 2477 1870 2913 2451 1843 2346 42 1023 2757 708 330 550 2409 1157 513 1261 2984 816 2905 193 2631 1626 919 2061 2757 1163 2634 2643 811 1533 855 2695 952 2287 1870 2451 1843 2796 1810 22 1704 1810 93 1970 1004 856 2832 927 2880 2637 2138 865 2410 462 2173 394 1356 960 858 22 2736 2897 265 2574 2242 1051 187 976 373 740 115 1550 2426 2625 1713 2242 1209 1744 2075 1383 1120 1964 2815 489 2716 865 1674 2490 2138 68 2772 2759 1863 2213 880 2439 2132 296 2472 202 205 2842 309 2815 602 2396 1702 2802 1199 1869 1177 1116 1087 347 427 1687 645 1851 779 833 1186 1008 1431 764 281 2641 471 808 463 1805 1064 2585 644 1220 576 2995 1677 824 745 2448 1927 55 2786 912 2477 2273 1474 1335 370 1817 1115 1974 2216 1205 1820 1993 2452 610 2050 2032 867 2469 33 2475 2736 1654 1086 281 1075 647 1788 2227 642 909 869 2285 242 2819 730 1264 1621 1579 2925 893 2631 1277 1917 200 1949 2983 221 2232 1575 279 1548 1996 1995 102 2707 625 1544 802 1615 1230 1176 178 1679 2877 154 670 2374 953 1528 1169 374 1085 2880 2898 2338 588 2734 2200 2269 2088 298 11 958 2762 1392 2200 2341 1538 719 565 1240 2711 2274 1684 1811 1576 2415 1111 1942 861 2697 1744 1383 2075 2153 1280 5 2275 830 1500 158 262 1254 2919 2853 2037 1573 327 471 1641 307 2212 777 2 2411 2726 909 869 2744 2404 1444 179 1376 1522 2796 2749 1635 2496 1857 2403 198 1730 321 2840 217 0 1692 1660 944 418 1841 258 1440 2223 2955 1902 1135 670 1099 1632 2374 1166 667 1774 1959 570 2212 2976 777 2396 2077 2802 2333 2925 2777 257 2956 2425 219 2232 2983 2584 1101 212 2421 2456 329 2587 1128 2842 1639 2921 309 1614 2478 2448 154 2132 955 446 2737 1314 2853 2773 197 2854 820 2047 585 1324 2503 2140 59 513 2984 524 35 961 2485 2207 206 1765 2538 1572 1899 1576 1444 2404 1376 869 1904 807 2744 1236 2984 55 1559 2223 770 2955 1135 1335 2705 1380 1071 2993 2592 193 2787 1159 1262 1287 1743 1176 2705 388 1071 2665 2500 1639 2815 2993 193 279 2787 391 1711 341 1243 2849 1700 1281 2366 2056 2942 687 1192 2336 726 958 1392 211 2729 2201 2464 2502 2765 2378 1467 382 2720 1158 1660 1831 2473 522 2318 2625 2490 1674 2242 1299 2812 320 1007 1610 2585 783 1881 2648 777 2663 2100 2897 2742 141 2581 2972 384 437 1029 2037 2919 1804 1959 2966 426 725 2529 745 2583 749 461 1914 2925 257 341 192 2445 1514 2581 761 2985 1480 547 2661 2978 693 2571 911 1558 736 1444 1684 1811 1531 851 1461 1132 2259 938 1316 2126 2004 309 632 2534 827 369 153 427 347 1381 1624 769 2801 949 2540 1276 711 350 178 2877 1679 1087 2993 2493 1711 2631 2685 1660 533 123 2262 2877 1679 154 2307 1030 786 2414 2535 2352 198 2332 1340 2153 1248 1289 2796 93 1810 1704 375 1253 2335 2006 126 1128 2193 989 1442 2814 1545 770 561 2200 2088 719 2489 1663 1891 2334 128 679 2903 1839 2478 154 835 1294 223 78 1886 688 2478 2448 154 1294 388 1176 1615 2705 1212 2741 2539 2967 533 1660 1692 123 3010 1519 1814 2158 2230 1210 1954 2158 1210 1371 977 2158 1505 1814 1191 2158 2285 2455 2667 385 1579 2126 1455 341 2181 1132 2604 1370 1299 290 315 2471 1008 2050 1683 2817 2910 1963 204 1128 182 1065 76 984 2140 1324 59 1946 2085 2502 534 1641 633 2299 1477 1575 1782 1280 2313 830 56 199 1313 2360 2309 1051 1504 187 2126 1455 2004 309 1649 399 2123 2968 262 173 1346 1254 1273 48 1729 2990 2604 636 1730 1370 1805 1064 185 729 1730 2046 321 217 1040 391 490 2225 1252 687 1164 234 202 296 205 955 524 2794 2485 2207 2396 2802 1702 2333 40 2559 2579 1927 2098 1412 2430 2543 2206 456 590 2679 2192 2949 1913 2160 2663 1757 1312 554 2663 1018 1757 2100 2578 1660 959 2595 2346 703 1900 2757 2728 2756 1272 891 2802 1579 289 1199 723 978 2487 2334 2589 3003 35 2477 189 1132 2181 938 2193 2895 891 588 1339 1417 1821 2697 173 2242 2897 1474 213 2771 895 1729 2898 939 794 2734 963 2994 524 2794 462 1660 1187 2595 771 1665 1111 861 2315 2253 697 247 1150 533 1052 50 2213 538 771 446 832 822 2493 2601 2625 2908 5 1418 914 2493 2649 2225 749 1041 423 1629 1227 2657 2901 2152 1675 1820 1205 402 10 281 1086 1075 3002 1981 1740 1677 178 154 1571 1087 2579 623 423 1629 500 509 2016 189 22 2736 1729 311 1843 1041 2924 2318 192 1514 1380 2581 2772 1230 68 1176 2909 2984 1236 689 1431 144 2254 2817 129 391 2493 341 2685 689 2256 331 2897 2705 2742 2581 687 2942 2056 1337 1767 1684 1791 1134 202 205 2540 350 2831 927 2043 1716 679 2161 1193 93 748 2429 2095 2066 668 289 816 79 262 1346 1275 1254 2565 1322 2779 737 668 864 816 289 2310 2996 741 1693 1639 309 2842 602 2933 328 10 1075 2619 1181 884 846 51 2967 2374 1432 2516 306 2590 961 1080 925 383 2983 587 764 2450 1980 1683 610 1008 949 294 1179 2983 1826 1652 56 2895 891 2690 2251 1047 1714 1362 2516 1687 961 2983 1826 1179 2100 2256 681 2984 640 2076 1975 235 1146 762 809 453 145 2490 2637 865 2410 2069 1975 1988 1512 2993 914 623 1995 2673 816 1996 79 221 1575 1339 2953 2354 423 191 537 541 1788 196 776 2779 1322 555 846 576 611 518 1677 1158 382 959 2035 2408 2338 891 588 1480 2985 1211 1601 2565 1047 2251 737 1424 779 661 2798 1563 2722 810 150 1164 2719 2419 2035 2781 1633 2885 1595 1605 1973 767 1714 1108 113 1694 1900 2180 2404 2363 1444 2265 2619 2628 846 310 2529 1480 2065 103 2082 2048 224 960 78 1248 48 320 233 1299 1544 942 2742 1728 2429 2266 2865 2747 1419 2450 764 2782 1980 1711 1243 1213 79 2676 182 1808 897 1711 2631 289 79 56 2756 1367 891 2310 897 1097 1693 1008 2801 1431 949 1568 2921 1639 309 651 1981 3002 1231 577 180 524 1559 709 1836 2366 554 144 1980 2254 1595 802 2429 654 2066 761 919 954 506 939 588 87 2734 36 1728 747 2742 3004 526 96 426 1804 1573 2142 2066 1111 861 2985 2697 2782 1317 1590 764 1579 1455 2126 309 2325 2041 1147 865 1367 2756 262 1618 78 2732 1886 688 2243 417 205 27 1836 1198 2366 1059 582 1760 302 116 2831 2043 927 2880 1100 1105 2366 1800 1233 1582 1501 915 108 2534 2483 874 1447 2405 2668 198 872 914 2649 2225 280 1433 1834 495 2625 2490 865 1674 2796 858 1729 311 610 2801 1008 949 2538 2139 672 2343 1679 2616 456 1946 1698 189 2604 1370 2604 189 2181 1370 864 668 816 1991 328 281 347 1381 34 550 142 1874 2715 2949 2647 1440 2665 2762 943 2815 524 180 55 1559 1480 184 1211 428 2934 2817 651 1936 1809 992 2279 1010 2728 1272 1652 891 2625 2574 265 2242 2243 2132 1827 1694 9 172 763 1026 404 1169 2043 2880 1542 914 872 2225 1913 2949 2192 1386 76 3006 2582 984 2505 1920 1206 1099 258 1674 784 1418 695 893 507 1986 507 695 478 2074 289 1199 2126 240 2346 78 2209 3001 2254 1980 281 1595 1448 955 2776 2737 2384 2203 1473 1364 1521 1355 2185 2116 1352 210 1761 311 1206 1867 2487 2334 51 424 2967 1432 235 2414 2307 799 1500 262 2756 1254 824 2541 1946 1294 670 1312 2593 1482 390 900 177 2786 2878 2380 2668 198 2673 816 668 1991 1312 2366 800 554 99 1426 625 117 802 1514 2445 2581 2809 2801 1359 949 2781 144 59 1595 1639 2815 2500 309 2590 50 1052 910 1698 1370 2604 1722 1947 210 1352 311 1713 189 1698 1209 2490 865 2138 2410 1242 779 1424 2798 2061 919 761 1900 235 2414 195 830 11 2336 958 1392 2286 1797 2314 629 231 1296 491 1381 2796 1761 302 311 1130 2120 2982 1364 3007 1978 377 2558 1644 1123 2909 2984 1311 1402 2787 593 213 1829 2736 463 1008 427 347 1337 2625 1342 2908 1418 1480 2529 2737 2065 2877 456 104 1676 2080 1010 2076 1905 1596 530 2011 173 235 2021 2414 830 113 783 2558 547 871 534 2 1450 1653 2919 2917 2853 423 1842 279 623 1868 1047 2565 1203 2796 302 93 311 1187 1660 462 944 667 1613 2712 229 1402 200 214 2787 48 1829 1135 1886 1277 200 1979 1949 1810 402 2075 858 2889 308 624 1232 1115 224 1886 1551 1508 2837 300 2106 2026 2837 1039 2106 1596 173 2011 1175 2368 189 784 938 465 649 36 2066 896 2583 2511 461 1572 2538 1619 1899 2254 281 1431 2817 2263 814 1358 495 1804 1573 2037 1615 2402 491 347 1381 914 623 1550 2601 2853 339 2094 2364 2153 2725 1113 1289 942 1157 1261 681 262 2678 173 1254 2667 385 2338 1278 1730 2338 385 1278 318 1602 1632 1099 1428 1333 2637 2410 2188 451 1625 2415 2494 2663 2648 1543 388 1335 195 1071 803 2059 2248 56 825 377 1978 2558 2059 2895 1652 56 1312 554 800 1059 924 130 777 2411 2512 811 184 2401 975 2022 2107 574 1886 224 1248 1551 2203 412 1473 1838 47 1548 2560 1996 22 858 1729 2736 131 2414 388 799 55 2984 524 1559 1730 2604 1722 1278 2173 462 1618 1356 2648 2663 2494 2100 487 2172 1338 2855 2673 816 47 1996 1054 616 2395 2510 893 2074 501 2921 411 1883 698 1309 1883 2605 1069 1309 1552 2337 698 1309 1027 1152 1552 1309 1766 980 3005 1288 1053 456 2616 1946 1211 184 1480 2401 1636 2987 2426 162 2909 1236 696 689 784 1674 258 1440 2592 1349 423 1041 1211 2985 761 506 1876 515 783 1881 1711 2225 1213 1243 2481 2910 190 952 2248 1313 803 56 1522 1761 311 2611 2832 608 2831 2880 1700 2366 2849 902 99 320 1520 1544 1834 166 1529 495 590 1981 2616 1740 590 2616 1929 1740 695 1997 478 2074 179 1444 2404 2074 2796 1347 1761 2749 1804 2919 2037 1573 855 950 75 394 2366 800 554 1059 1058 308 302 210 1851 585 2591 2195 2579 2453 2559 191 2579 1842 2453 191 2372 933 1422 1827 2704 353 102 829 2726 909 312 242 347 1337 427 645 2648 1083 777 2100 2280 29 1228 2848 2579 749 623 1629 2105 1635 8 2990 2901 2942 687 249 2363 1576 2404 2415 837 2595 2894 370 961 1337 687 1192 1730 385 2338 2734 2851 869 807 2744 2157 2098 707 2543 1851 179 324 2195 2579 745 2448 2583 391 341 1266 1243 943 2762 726 1638 911 1444 2762 602 953 1626 221 1450 2273 141 16 331 2442 2520 2297 828 1436 1406 2411 307 189 460 2344 370 2796 1270 22 311 1692 944 204 123 1731 2737 2529 2065 2984 640 524 1559 2983 1432 1018 3 3007 1978 2558 426 1311 2787 1402 828 2095 748 545 2429 856 927 1042 2880 526 96 725 729 2849 1281 1105 2366 1226 43 2667 989 2338 385 2667 2734 896 2601 2583 461 844 2216 1115 1673 1264 670 1482 1528 1674 2138 865 1418 1380 959 2273 2894 2205 2218 1155 1550 1340 2312 430 1289 1220 2530 486 144 2497 606 2060 321 2901 687 1252 234 2020 56 410 1128 1706 412 2362 1838 2000 467 1994 1716 265 865 2490 1175 686 2418 1317 349 1731 2529 310 2065 1993 361 2202 1648 2248 215 1313 199 933 1111 1942 861 954 1575 499 506 746 2514 1032 1945 2558 677 113 350 2579 623 749 2583 1766 2858 156 1288 2302 2007 1436 307 1540 1047 718 1714 807 869 394 1904 2260 2002 1461 744 928 1928 392 1041 2061 1900 703 2757 4 2631 2925 2318 2802 289 2077 1199 2742 2429 2142 2066 2971 199 1236 2477 1391 2840 216 2734 2925 2493 1711 341 0 1692 944 2133 2070 2651 385 2734 282 1211 2122 1014 1729 48 1113 2990 222 1487 773 860 2180 1997 2404 2074 1728 2429 2742 2066 2161 2857 1193 860 2637 2531 1428 865 1053 1946 2156 1676 1675 1487 923 860 1679 1294 2448 1927 10 281 328 1381 2845 222 1160 860 2376 2883 1417 3001 2467 2498 313 1944 1729 1273 2990 463 906 374 404 2880 1193 2845 679 860 2440 899 1671 2146 978 723 1178 2334 1641 471 871 307 2009 1663 2860 768 300 2026 1488 1467 1957 1877 1081 2231 2048 2153 2075 224 1527 1431 764 949 1805 1977 185 1064 2173 2193 2338 2667 880 2132 2213 646 893 2921 501 257 2273 16 959 331 1562 2767 1921 874 1268 1126 2064 321 456 1231 2616 2679 1917 1465 1617 743 795 1434 427 2934 518 2530 2995 1677 1144 1938 2380 2954 623 2583 1550 2601 871 1641 534 1482 1617 214 200 743 215 600 1313 199 52 746 742 1945 1776 2016 1597 1904 129 391 2884 2493 764 281 587 2019 1169 1085 339 2880 2636 2677 389 1452 3002 1231 2616 1677 4 2318 893 1986 13 2317 43 126 1977 185 1064 96 2842 2921 1639 602 888 2599 948 550 53 1302 1933 2939 1302 642 817 2939 2280 1228 2156 2848 2636 2698 2073 834 2047 324 820 1620 1140 2442 214 743 1513 2788 426 2529 481 1004 2028 2936 1343 535 2467 1598 661 779 142 2798 694 2772 564 719 674 1160 1877 2231 1951 1479 1613 229 1522 1729 1635 2990 1851 2591 2815 2195 522 2318 2155 1986 835 1679 1676 1294 2667 385 2651 2734 960 48 1135 1886 1535 2663 724 1721 2430 707 2098 2638 1312 2593 2495 2374 486 2530 59 144 491 2402 347 373 1614 2218 1705 1550 2285 909 2455 385 2625 2242 1674 1209 1661 75 950 242 2485 524 349 1244 390 204 1692 2133 960 881 1115 1886 2802 2047 1702 2333 1113 8 2209 1289 1264 1641 1482 1621 1296 153 347 1381 20 1832 1846 915 616 1994 467 1716 302 1347 2796 93 1974 1115 1817 1551 1988 1512 1975 1291 2267 349 180 35 1480 310 811 2529 1558 2921 2842 602 2173 2338 2193 891 382 959 2578 1660 802 1007 1230 1615 2140 1946 59 2541 262 141 173 2678 1252 1164 2963 234 1729 858 1113 48 2748 2966 184 2529 816 2077 864 1991 1220 2995 2530 1677 956 1516 1073 1376 590 456 2616 2679 184 811 310 2529 835 1676 69 1294 1663 2010 2860 1387 516 2349 666 1387 2783 111 2860 1387 666 2289 58 1387 507 893 695 2074 1008 427 2032 1936 1660 16 959 2595 933 1827 2372 861 784 2275 1713 2824 1679 1946 456 1676 456 1946 1053 1676 1493 764 587 2019 1910 1125 827 874 2748 2807 2966 2529 582 302 1760 1197 2884 822 1843 2493 2862 250 1132 636 78 1829 48 1886 1947 2475 1270 311 320 2812 284 1196 722 2426 1833 1995 1047 718 1714 1203 1068 1791 1088 1134 2273 959 16 2595 2673 668 816 79 2107 2022 975 785 1101 2584 2676 1808 654 802 1007 2942 961 2207 187 206 308 1058 302 1197 1823 850 1717 2564 302 1761 2796 1347 1614 1550 2448 2583 1466 1115 2048 2264 2192 2160 1913 1678 654 681 2429 2445 1407 1136 2768 611 2037 131 1615 799 55 35 1644 2477 838 1706 1921 1838 1626 953 221 42 1596 1428 2531 1175 2647 2715 1894 2949 2854 2047 820 785 1248 2153 1113 1289 2775 2560 1548 1995 2772 564 1230 1176 894 2267 349 180 639 508 1176 1071 2557 2545 1243 79 2809 1359 1527 764 1443 1876 783 677 1685 1071 2894 2719 2243 1245 417 27 1730 1275 2338 1278 2243 2804 1287 1743 761 2985 919 506 1027 1152 2873 138 2732 78 2346 2221 2773 791 1573 1291 1842 191 423 537 2193 891 2338 588 1287 2804 247 1743 2187 2234 767 1714 1184 1893 1960 1378 2067 729 526 426 328 2848 2933 1381 2243 2216 1827 646 1944 801 1804 2066 10 328 2933 1381 1706 2362 589 1838 2558 547 783 729 192 1164 2445 1192 3002 2817 651 1231 726 943 2665 2762 388 1615 131 799 1698 2046 173 1175 179 1851 1444 2195 518 1290 40 2332 262 689 141 2678 2490 2242 1698 1370 2535 2354 1928 1629 2060 321 606 2840 2829 820 2822 2659 725 96 526 426 961 187 577 50 565 2274 2711 1076 1876 515 1443 783 2788 2737 2558 2529 2993 1996 193 2631 1618 16 262 123 2346 703 2732 2112 1885 1135 960 2736 1851 779 1576 833 2140 2345 1946 2541 354 72 2392 1933 104 456 1053 1676 2352 1857 198 2332 2243 1673 844 167 400 394 462 944 2456 993 329 1128 2497 606 321 945 1826 777 1083 2100 12 811 2634 2401 1340 430 2153 1289 2781 59 14 1595 725 526 729 426 244 133 1955 2023 2086 2436 2214 2023 244 1860 2166 2023 1089 2012 2039 593 1311 2627 2896 593 24 2896 1860 593 2039 24 2304 593 1311 926 1402 593 740 1833 722 2426 1276 205 82 350 2919 1959 2037 1042 895 1729 2771 2611 1610 1443 783 729 2254 1075 328 1231 2938 872 1040 2225 2378 1312 2593 800 279 1842 2453 2426 2885 1431 2361 144 3002 1984 366 1658 1626 1450 953 42 2819 1522 730 1043 2085 2502 436 534 671 1146 791 1291 1268 2064 439 945 1150 1158 533 2035 2777 2884 822 1843 1644 55 2984 35 400 204 2910 77 1684 1791 1811 851 2804 2409 34 247 703 1881 2061 307 289 1243 2126 79 462 394 400 1356 1804 2142 1615 2066 725 2966 96 426 2315 697 1965 247 2056 610 249 1305 572 2191 762 2146 193 1548 47 1996 17 1275 2756 891 113 677 1108 1694 872 2649 1040 2225 1841 784 2278 2275 762 1130 408 145 920 1430 2492 743 2616 1290 518 1677 2056 1624 610 1305 895 213 1729 463 318 1632 1602 2374 1213 1996 2225 79 168 2608 164 2834 1542 872 2938 2225 104 2407 1053 456 760 786 1030 2414 170 653 201 2744 2142 2742 1512 2705 2819 730 1621 1043 2177 272 1216 2833 556 2486 2177 2833 2062 2036 1227 2152 2419 1164 1167 2719 1357 1585 1602 1528 2913 2451 1843 461 2937 2504 2038 949 2662 1749 405 777 1367 123 204 1356 703 1900 2061 1881 2534 632 2789 369 2064 321 1126 2840 1706 1411 412 1838 43 2667 126 242 195 2414 2986 830 2173 2338 1275 1278 1568 1455 2921 309 2856 1944 2467 801 764 1431 2801 949 2198 2000 1016 368 862 1442 1762 770 1223 2373 112 1203 1466 2048 1115 224 440 891 2338 434 294 1179 383 2983 2076 235 1331 1146 959 2595 2273 2894 1250 646 2216 2311 1705 1614 1550 154 2512 2643 2863 811 2535 469 2354 198 193 1996 816 2631 1163 2512 2544 2401 437 2548 1982 1029 827 1125 632 369 1480 811 310 2065 2408 891 2895 588 1573 1615 2142 799 464 1159 1262 1287 1713 460 189 370 2453 2579 1571 2426 1264 1482 1023 2610 153 328 427 1381 2392 817 1302 642 1975 791 1146 1291 953 1482 670 1528 919 2985 2697 506 2532 524 2994 349 173 2897 1512 2678 1679 824 1294 1927 1049 2801 769 949 2344 189 500 460 2512 2863 184 811 920 2520 1140 743 591 1213 1996 2225 2623 2421 2758 2357 1522 1635 2105 2990 577 910 187 206 2142 2705 1512 1589 1713 1698 2242 1209 1730 385 2604 1278 2285 2667 43 242 2884 832 822 2493 1380 1176 1514 1071 102 353 2707 903 672 2025 2316 929 271 955 1448 2737 2654 1525 1492 2655 2933 10 1086 1075 2616 59 2530 1677 893 1455 2842 2921 2226 2441 2999 1030 1383 169 868 2357 170 1815 653 2744 2983 2100 1179 3 396 2419 2719 2035 13 126 43 989 1894 1913 2160 1678 490 1509 2225 1243 911 2762 1444 833 1050 65 649 801 1252 1514 2963 1164 2993 623 279 1995 3000 1837 2948 2274 1946 2541 2345 1294 1242 142 779 2798 2020 2587 66 2193 2239 2986 2414 830 2924 1843 228 1041 2639 1721 2 307 2515 1405 745 2332 1211 2401 1480 1601 2829 2854 2822 820 153 328 795 427 153 2474 328 1381 1424 496 661 779 2712 1774 667 1365 135 2000 28 1365 466 2712 1446 1365 2223 1791 770 316 34 247 844 167 1781 2125 28 1365 201 1132 250 2744 2317 43 126 1485 173 141 2897 2678 670 2593 768 1482 1454 2495 150 2967 2802 324 2047 665 2604 1730 636 385 505 1634 2996 1693 1347 93 302 1364 2897 1512 2742 2705 1095 1324 2156 1075 1242 844 1673 2798 14 59 1789 1595 2149 2253 2315 2311 1074 2776 2788 2737 2075 858 960 224 3002 366 611 1658 2048 2264 1115 2459 577 524 640 1559 1747 711 1276 350 2666 2019 281 1381 88 2803 2730 1620 1894 2090 2002 744 584 753 2229 991 2758 169 1681 2725 1312 2378 534 1059 2496 2352 1857 198 807 1904 1597 2744 2273 2894 2595 370 1694 1900 113 2563 2242 1370 2490 1209 554 1450 2663 1721 2898 2338 2408 588 2273 1335 2894 370 2037 1615 1573 799 11 2762 958 602 1161 691 183 1294 2575 845 1918 1808 2983 221 1018 1432 1008 281 764 2019 1353 745 2816 691 2076 2626 1905 1146 1108 1881 703 2112 2686 2951 2315 2253 1674 2242 2490 1209 1718 1895 2255 1912 69 1676 1946 1294 2255 698 2337 1912 2941 1928 2354 1629 344 1918 2584 1808 2593 1632 2495 2374 2337 359 134 1912 2088 2125 1781 1863 364 1873 1229 2864 462 123 1618 1356 1411 1706 838 1838 1698 173 2242 1175 2579 1550 623 2583 1626 221 1339 42 2849 2366 1105 1800 1711 289 2126 79 2583 2601 749 461 1982 2548 259 2626 1698 173 1346 1474 2376 520 1084 3001 103 224 1115 1551 140 777 2976 644 2862 1132 1554 2197 302 116 1270 311 998 655 1423 2306 1084 3001 1248 1551 1264 1528 1482 2610 791 1331 235 1146 760 1030 351 2414 1405 1928 1830 1629 707 2543 2098 2638 1970 93 1364 1004 2448 691 824 1294 1040 2649 391 2225 1412 2412 124 117 2212 2061 2585 2411 1512 2705 2897 1589 749 2493 1843 2601 2558 426 2788 2529 1876 1202 721 677 1679 2448 1571 1927 802 2942 654 2445 2587 2020 2456 1128 1248 3001 1084 1289 845 1808 2575 897 1848 2457 1783 1196 1328 2683 2018 197 2075 2153 858 224 1296 347 1504 1381 2485 2801 2794 1244 2674 1067 1265 2724 1582 883 1501 915 1312 534 2378 1482 2545 1213 1243 79 694 564 2162 1252 2037 1573 791 799 670 1632 2593 2374 330 1368 708 550 1226 2667 2651 588 2366 1312 1757 554 760 2556 786 2414 2865 1120 2747 1419 939 87 794 2734 1040 490 1509 2225 575 2569 2491 1899 2808 439 606 945 2105 8 1635 2725 538 2103 1990 446 954 919 1626 1575 2451 228 1843 461 960 1115 881 224 2993 1711 1996 2631 1728 942 122 2742 2748 184 310 2529 2779 1030 1746 1203 1562 1921 1706 1838 1681 169 2758 2357 1851 833 2762 1186 2732 1829 78 1886 683 1211 506 1601 302 1761 210 311 812 428 1211 2401 2056 640 681 2445 2499 1880 1727 1318 1960 2871 2488 1378 1782 5 916 118 1892 1831 392 1041 1068 1594 766 142 1970 2796 1810 2357 438 2173 1618 1722 2865 2747 1120 2682 822 832 896 2601 1894 1913 2090 744 1044 134 1058 1912 2802 2077 67 1703 2 1450 534 1721 2472 2804 2014 2409 2773 815 791 1291 1097 1555 401 2282 1673 2798 844 167 67 2077 816 917 2759 2446 1863 368 754 1590 2418 349 1851 1576 1444 833 2942 1164 687 1192 1115 960 1886 224 638 2834 2373 1203 1480 547 2985 2563 612 621 753 991 1061 921 236 118 726 1638 2762 1392 2685 1236 2984 689 2620 2441 680 690 1126 321 1268 217 723 1867 1632 2334 2579 1571 1550 2448 1631 2620 2281 690 2331 842 1531 2137 2497 321 2060 2197 462 1346 2595 792 2064 606 439 945 2897 2574 265 1512 2325 1342 865 2138 174 2934 2679 1936 2976 777 2212 644 353 102 829 903 2192 2945 2949 2160 555 531 2779 690 752 1393 496 2968 1698 1370 2242 1209 766 1088 1068 1791 2080 1905 2626 1146 2732 1037 1245 2112 2514 1377 1032 2553 2623 1808 2758 2421 1466 2048 2022 2264 282 2122 1211 2401 192 2719 1164 2035 8 1635 1113 2990 317 2261 308 1197 2604 1597 1904 2744 2985 547 761 2563 1280 1782 1841 2275 2076 2626 2080 1905 1466 1115 103 224 281 2019 347 1381 2099 1789 14 2541 2963 1252 2162 1514 2480 2047 1354 665 1789 2140 59 2541 2676 1808 182 2970 824 2448 745 691 2877 456 1679 1087 761 1064 2585 729 784 1674 2625 1418 1975 1512 2142 1291 914 2763 1995 2225 651 2817 2934 1231 2773 791 815 197 2897 141 173 1474 2299 1821 1477 1339 2938 1040 1509 2225 2173 1618 891 1356 2267 1785 2589 35 2000 1863 1781 1365 418 1841 1782 2196 1610 245 1443 729 59 144 2530 1677 2633 460 1904 792 2463 1101 273 2555 760 2414 351 830 1008 1431 1683 949 2448 1294 824 1927 1212 1700 2911 1757 3000 2948 1994 2274 638 398 1873 2834 113 2132 1694 2563 2898 2252 2338 2734 2729 2464 954 1014 142 1576 779 833 10 2666 281 1381 350 955 113 2737 2046 1370 321 217 1705 1550 2205 154 895 463 1729 2611 709 1091 1836 554 2639 534 2085 1721 2037 2948 2446 131 1624 2543 769 949 1296 1504 491 1381 1553 1187 2595 792 960 858 2736 48 687 1164 961 1192 2389 1973 1605 2364 1466 103 2048 224 2181 1674 784 1440 1636 722 1792 2426 2522 1984 1828 2655 2542 2476 1834 166 2625 1674 865 1418 783 2585 1610 729 2337 698 1309 1912 2141 1422 2883 1417 2933 2848 445 1381 2911 1700 902 1757 1213 2225 1711 79 2537 417 2185 1245 2557 2769 1574 240 1252 2942 2901 1196 538 1990 1200 446 1574 1647 1199 240 1618 123 1367 1356 1053 328 1075 1231 730 2990 1273 463 1454 1212 2495 2967 1053 2934 328 1231 1818 332 1114 1499 2579 2448 1550 2583 196 326 541 776 1358 814 2946 274 782 481 874 1004 2842 2815 2762 602 1508 2106 300 578 813 1541 750 1499 2483 2717 108 2146 2148 2874 543 785 2642 395 2026 1 2746 1216 272 1 2930 2177 1216 1 1659 103 2082 2048 687 2942 1252 1164 2605 1069 1309 2303 2762 1444 2842 602 2515 1497 2332 691 2842 2074 893 2921 46 1943 1336 480 864 2673 668 1991 1563 810 2841 1452 671 791 815 1291 1250 2216 844 2311 2085 534 2513 1721 1785 2267 180 35 1072 817 2644 2138 115 1571 178 154 1687 347 153 427 1692 1151 533 1559 105 1950 232 1604 1529 166 1834 665 1529 1916 280 495 2562 737 2251 1714 815 791 671 1146 104 1053 29 1676 17 2756 2728 891 2540 202 2472 205 1522 730 1729 2990 462 438 1346 792 1790 1342 2325 2138 3004 526 581 96 2378 2819 1264 1621 2046 1175 2490 217 2685 16 141 331 2338 2667 2193 588 967 1032 1818 1499 163 1574 1647 1199 1135 1886 1829 1037 2665 2762 2815 602 2342 2030 230 2846 1089 2304 2342 2846 109 2528 443 2846 443 2900 1089 2846 587 281 764 1980 8 1528 1264 2610 2686 2315 2149 2253 322 2101 2245 980 2056 681 524 2794 724 479 904 1543 1571 1087 1679 1927 1052 910 533 1122 2193 989 2587 536 99 1426 117 249 1354 2047 2803 1620 2759 969 68 131 2952 1982 2279 1029 686 1591 349 206 10 2933 445 1381 102 1412 2704 117 1380 141 331 2581 2142 1615 802 2705 2093 1448 271 955 410 2020 803 56 1424 496 1393 2968 478 1997 2180 2074 486 2099 59 2541 1064 96 185 729 1180 2977 1606 2160 2632 893 501 257 2627 1842 1311 537 810 20 2677 1452 1610 783 515 1881 2060 636 321 2840 2115 1238 710 2421 2639 2085 2513 1721 248 1132 1461 304 423 1349 2354 1629 2041 2325 1790 1342 617 1279 1735 986 2812 1299 315 298 486 2530 2099 2541 1828 1984 2522 1658 2661 2833 2177 2978 481 2028 1127 2936 1950 358 127 1604 1336 46 2235 892 1556 901 1649 2716 1594 1355 2116 316 981 875 1064 96 2300 2253 1507 1424 1113 1635 8 2725 1264 1641 730 1023 1008 2801 610 1337 2854 2047 1702 585 2069 1596 2531 265 2450 587 1493 764 2120 1326 1044 1912 1230 1007 1804 1615 2732 1829 1886 1037 2726 312 2851 242 721 1202 700 1245 2558 350 113 2737 742 1945 746 236 265 2574 1975 1512 683 506 1211 1014 2070 2651 2455 385 2851 807 1597 2744 1270 93 302 311 2544 12 2634 2401 2233 1945 2908 2974 2346 1108 2221 1900 868 169 1681 2357 202 2540 711 350 837 460 2595 370 1166 1774 2125 1365 396 2419 1167 2719 2060 321 636 2197 1188 1611 268 634 2940 285 1501 2293 1851 1444 2762 833 2878 627 898 226 1683 2136 3002 2817 2001 96 428 2966 1257 128 2903 1839 2789 2483 2534 369 184 811 1480 2401 2758 2413 1808 2725 2407 29 1053 2848 2527 468 121 503 1758 1092 468 503 121 266 558 503 2612 695 507 1986 2439 880 2664 1287 2685 141 689 331 2046 2369 217 434 366 2361 2504 1984 2056 1337 2942 249 2060 1391 636 2840 1340 1248 1084 1289 2336 550 1638 1392 2500 2815 1964 309 18 562 1277 973 18 2900 301 973 2399 848 305 973 60 562 305 973 2717 2483 1853 2146 1434 427 2934 1936 1579 816 289 2631 2260 1461 2259 938 444 2432 124 1318 844 247 34 2798 1475 2818 2803 785 1965 1159 1287 1743 2701 549 1026 1468 207 329 993 126 1804 2037 1959 1615 1730 1370 2046 1722 173 2678 2367 1254 1265 1865 2674 1878 2075 2852 2048 224 1506 2967 424 1432 213 2736 1729 463 17 1275 891 434 1173 1261 2984 689 610 1337 2056 249 1523 2229 1750 1349 2567 283 603 1800 34 2804 247 167 2736 1829 48 463 1380 1514 192 2719 456 1053 1231 2679 2243 417 1245 688 153 2474 795 328 2009 2186 2975 886 2099 14 59 2541 344 1808 2584 2421 156 1010 2835 1530 489 2815 901 2716 1964 2500 489 2815 2098 2704 1412 2543 1789 2099 1739 2541 679 93 2845 1004 1312 554 534 1450 192 1380 331 2581 1012 2363 1088 1576 1657 696 2971 1236 2532 963 2994 524 2126 1199 2591 240 470 1240 565 2864 1782 2196 5 118 2685 959 16 331 1205 402 1993 1648 2836 2251 2562 684 2037 2948 2307 2094 1373 2720 0 1660 2925 1711 2631 341 2287 2451 228 1843 2515 2332 745 691 2283 1411 838 1838 1335 1474 1713 370 2366 1312 800 1560 17 1254 1275 434 321 1126 2840 217 2243 2221 1108 1694 2964 1064 2464 428 195 2974 235 830 1518 1768 1085 2880 1316 2126 309 240 1711 2126 1243 79 1401 1811 1222 1620 746 2908 967 236 2606 1067 2674 1878 2164 1840 1955 1896 2347 946 742 684 432 558 2077 1703 1339 221 1626 1575 2527 2077 558 917 2004 1455 2126 341 1123 55 1644 2477 727 2857 2161 1937 1273 471 730 463 1316 309 1964 240 377 2558 825 350 2258 2851 312 242 2438 1966 2839 226 856 1768 617 2880 2069 265 2531 1905 937 1919 1850 592 440 2338 2252 434 546 1702 2047 2333 1729 730 1522 2611 1265 2005 1850 592 2845 93 679 860 1275 1618 2173 1722 1230 1959 1804 1007 686 1493 1712 2019 1903 2122 755 1014 1173 2909 696 689 1477 1339 1821 2697 2005 1067 780 592 453 809 793 1404 344 212 2115 2421 2049 667 2660 229 1698 1346 460 1474 235 2021 2307 2414 921 1763 2628 118 1061 2688 921 118 2281 1763 692 118 727 2308 2635 1937 2043 1768 2853 1042 2072 1383 868 2357 2319 1624 769 2794 2649 2493 914 2601 534 1450 554 1721 924 644 2585 2411 2839 898 539 226 361 1253 375 2852 518 2530 1290 2332 2267 2589 3003 35 699 427 2032 645 1831 1041 2592 2318 2723 621 497 2473 398 171 168 2108 404 631 818 2864 2173 1128 400 1356 1713 2242 1698 1474 2292 680 2226 2108 1746 2292 2114 2108 2694 1679 2877 1676 2114 171 638 2108 482 1328 609 197 2971 1236 1123 2477 2102 813 1557 1499 2700 932 780 2724 1683 2050 610 1318 1393 496 1424 2659 651 3002 2136 2817 1729 311 2771 2611 142 550 601 1392 17 891 440 434 2498 353 2437 829 1393 2822 496 2659 265 865 2531 1905 468 2527 1195 1991 2010 1663 387 2962 978 1154 1476 2962 881 224 1115 2459 1155 1542 1833 914 1142 2405 2740 2403 954 506 499 1014 699 2032 427 1936 66 2193 2587 536 651 2817 2050 1936 1340 852 1248 2153 1930 1933 1334 2939 2591 585 901 2716 739 2081 540 1695 1161 393 183 691 1295 1996 1213 79 1654 1095 1075 1595 1612 2935 751 1288 520 1084 3001 1289 2796 169 2623 1635 2489 978 387 2962 2811 814 1887 495 721 1881 1108 2112 1480 2401 811 1601 2243 1108 2221 688 894 1785 2267 180 1804 1959 1230 1615 1943 806 849 831 1688 1456 1985 286 1803 2217 227 831 1985 1371 1210 286 2230 1803 1210 286 2623 2749 2796 1635 1249 2594 1840 1165 1108 677 783 1881 223 1115 1886 1551 2273 2595 460 370 1915 1476 1060 2962 1915 58 2289 2962 2666 587 281 2019 103 1115 2501 1551 2985 861 951 2697 405 924 130 777 1156 344 1918 2584 259 2013 1096 1799 896 2027 2511 2583 1451 848 2399 1669 1195 848 2727 1669 1758 468 2727 1669 266 432 558 637 141 2742 2897 2678 772 432 712 637 1866 2596 712 637 2396 1138 1702 1199 1789 2140 2503 59 2528 2329 301 2922 2528 109 787 2922 2329 1451 2399 2922 2301 2155 1124 147 2105 2774 1808 897 1115 881 1242 1673 2651 2667 2455 385 2685 959 533 1660 1888 1390 2795 2152 1661 869 2851 242 514 902 1569 915 2060 216 1391 2840 2853 1768 2919 1042 752 1393 2822 496 1114 967 2908 236 2130 2859 1214 1470 1687 1296 153 347 2584 1918 1156 1808 312 2726 2851 2258 1388 793 2463 2555 2729 211 925 1014 998 1704 2635 2564 1301 1920 2505 834 2596 2480 772 2333 2004 2126 1266 341 2474 2848 328 1381 213 2506 1829 463 2765 2378 947 1059 2404 1997 179 2074 1009 582 563 116 1922 1316 2004 309 2056 249 2942 1305 2486 2833 918 2970 1102 2336 550 1638 577 187 961 2207 837 2595 2294 2894 764 1431 1527 1980 556 2749 918 2833 2367 173 530 2678 1038 319 855 944 591 1996 1995 2225 2453 882 279 2426 736 2180 1444 2074 1266 2004 1316 2126 1295 591 1213 1996 2940 902 514 915 2467 1944 2856 903 1312 800 2378 1059 721 1245 700 2112 534 1450 871 1482 1380 1514 802 2581 1464 1973 2389 197 2494 2663 1543 2100 69 2156 1946 1676 2897 2574 1512 1589 747 1988 465 1291 2856 535 1534 229 1679 154 2448 1294 2847 230 2030 2609 2594 2850 1840 2609 510 1955 1840 2609 2030 2029 510 2609 725 428 96 2966 1012 1576 1088 833 2691 2294 959 2894 2408 2338 440 891 2336 2194 1368 550 2220 297 2199 21 1582 2722 150 915 2294 382 2691 959 1352 311 1761 2611 1931 2343 2949 1386 1789 59 2503 1595 156 2835 1010 1288 1983 1465 19 1642 4 2155 2592 2318 223 1886 1248 1551 1769 406 1518 21 962 2145 2944 1642 2145 19 323 1642 2076 1945 2233 2974 2942 1337 687 249 2889 624 2144 1232 962 1578 717 1642 2796 169 1810 2357 2142 799 1615 2705 723 1632 2636 1178 2623 169 2796 2357 2450 853 1344 1980 2078 1828 269 1658 977 1371 2465 542 1897 2164 133 2914 1890 1897 2436 2914 1024 1890 2086 1561 1153 1249 2164 2914 2766 964 669 542 964 2268 1153 2914 549 529 1496 1561 2465 529 1191 542 669 1371 1456 542 763 1024 2843 1561 844 1424 2253 2798 960 1248 78 1886 1239 2786 900 2360 2485 2019 764 1244 2069 1988 999 1512 2796 93 1270 311 1069 2605 2702 2303 2003 2605 693 2303 2393 447 2003 2303 1480 811 184 2529 2256 681 640 2445 1072 354 2392 1933 328 1075 2933 2848 1954 336 2230 598 1519 2431 336 598 849 1090 1336 598 1090 2217 2230 598 1597 653 1815 2744 1965 1082 1159 1743 68 131 639 1176 2701 1496 763 1561 1615 799 388 2705 1508 300 452 578 678 1802 2943 578 300 1488 2291 578 2027 2583 896 2601 2909 1173 1261 2984 2022 2264 1395 2659 761 2585 783 729 1167 1164 1514 2719 3003 1644 35 2477 2745 1944 313 829 104 1822 2407 456 438 1904 460 792 1729 2990 730 463 2901 2457 990 1196 1443 245 2067 729 1391 2070 385 2734 730 1023 1273 2990 1315 1124 717 1642 84 1895 1718 2969 84 2872 918 2969 1957 1382 1877 7 1898 2494 2648 1543 379 697 2951 2253 1018 1826 2983 2100 2474 795 328 2848 1055 2138 2637 2410 1398 1071 1685 2719 1453 1319 1813 2969 1319 2598 2872 2969 2312 1681 430 2725 981 1786 875 96 1590 349 754 1244 34 2804 417 2409 755 1211 812 1014 1151 910 125 1122 262 1618 1275 1346 1665 873 2985 1601 502 552 2078 1658 2546 2552 2542 380 1124 2400 1983 1642 544 2541 1497 691 742 946 52 1029 295 1226 43 2667 812 2464 1211 428 1061 1919 979 2196 2161 2204 2870 1937 962 450 1578 380 2056 1337 961 1192 1961 450 1503 380 560 2552 1961 380 2338 2734 2252 434 140 2662 2976 777 1472 384 1331 2626 1479 1951 2929 1149 2892 574 375 2006 901 585 1851 496 377 1754 2558 350 1806 250 636 2744 2625 865 1342 1418 1005 379 1956 1874 1988 1975 2069 1905 1500 2756 1275 1254 2056 524 640 2207 2700 2724 1067 2160 2417 1809 1612 2553 960 2852 224 2459 95 2926 589 1839 1975 1512 2574 1589 1114 2196 1061 236 194 569 1019 2613 2910 993 2456 1128 1686 1354 1620 665 2278 1841 1825 784 575 1788 647 1899 726 2336 1638 1392 513 1644 2984 35 2490 321 1370 217 2949 2343 1931 1619 1841 1825 784 1440 2666 1493 587 2019 2328 125 1151 910 979 2688 1061 594 1919 937 979 594 2909 1173 2984 689 1507 1250 23 2311 1915 127 358 1560 795 2934 328 2848 1487 1675 1205 402 683 1211 282 1014 1730 1722 1275 1278 2322 1456 1688 2932 2268 964 2766 2932 2446 1863 1230 131 1614 2448 2305 2583 2506 808 1829 463 2673 47 816 1991 2102 1350 813 1941 359 210 1058 1912 1264 1482 2378 1621 68 639 508 1176 164 398 2834 2274 852 2153 103 224 1665 873 1111 2985 2901 2657 1520 867 2424 1783 1998 719 104 2407 29 1053 1345 2359 1880 1318 2701 1026 549 1561 738 1827 2141 2216 1962 1358 2755 1997 1506 1432 2425 3 2212 2585 644 2411 783 547 761 729 509 189 2368 938 2216 646 844 2311 1933 1334 1931 1565 2854 820 2829 785 2279 64 2835 1530 951 1417 1339 2697 2495 1632 2593 1178 2537 1521 2185 417 2206 2640 1116 1177 2934 1231 1053 2679 2228 14 1789 1595 2740 2290 114 2403 2011 530 2367 173 498 1190 1577 1854 1252 2963 1131 234 2796 858 169 1635 157 1957 1081 2682 993 207 126 1485 2721 2502 1641 1621 852 224 103 1551 2541 691 1161 1294 2528 2900 443 1548 2304 2030 2342 882 1201 1051 2309 187 1142 172 1026 1468 82 205 677 350 586 259 1096 1530 2093 955 2132 1743 2747 157 940 2682 1726 773 1487 2288 2580 2753 2484 2966 1794 156 2835 1530 2694 2262 2877 1679 697 247 2253 1874 282 1211 683 1601 2270 454 1957 7 1910 381 1125 2936 1053 1946 2616 1231 736 2180 2363 1444 981 96 1064 428 1569 1178 1846 915 1339 42 2346 2757 2365 1313 199 2360 2676 1808 845 897 9 2668 198 1701 122 689 2961 2678 633 2232 221 1575 1643 2126 1316 240 2262 178 2877 154 438 2173 1722 1278 1142 2257 1469 2866 1614 2027 2800 2583 2192 2945 2160 1678 1085 1768 1518 21 999 530 1512 2678 2623 1808 2105 1635 1894 2002 2647 744 1963 204 1128 2360 872 2800 2649 914 2453 2426 1571 162 1653 2919 2853 941 900 2786 204 2360 2491 2569 2034 1941 2641 808 2506 463 2187 1973 2018 2683 1819 1037 2732 2112 2021 235 2974 830 11 2194 2336 1392 2763 914 1542 2225 1594 2116 1068 316 114 826 634 2403 2037 2043 2446 2948 2034 2935 2245 2521 2507 527 1183 987 17 1275 1500 2756 881 1673 1115 1886 20 810 1233 915 2767 782 481 874 1158 1052 1150 533 2475 583 1947 1270 1239 199 2786 2360 2056 2801 1624 2794 2685 640 2984 1559 2205 1550 115 154 1518 2880 1002 2433 2109 2880 617 2433 2392 72 1302 1933 324 1811 820 1620 258 2724 418 1440 2781 486 59 144 1643 1243 2126 240 1827 2216 738 646 1053 2934 2407 2848 663 2964 1064 2464 2865 2211 2747 2682 617 1768 856 986 283 1025 2017 1604 577 187 2207 206 2663 777 1826 2100 127 1060 1569 1560 1631 2281 916 690 827 369 2534 874 1225 616 1968 1076 2441 1030 680 690 384 2626 2548 1029 1454 1212 2911 2495 1982 1010 2279 1029 139 1425 527 987 2252 2734 2957 434 2623 1347 2796 2749 2736 48 1729 463 2548 1472 2013 1799 2901 1131 990 234 1913 61 744 1386 2121 40 1026 1290 446 861 2132 2563 1495 268 1486 611 1266 2126 1316 1243 654 2429 802 2445 1383 1681 169 2153 2376 2883 1821 1417 1211 2464 761 428 1608 2404 2180 1997 2011 2046 1175 1254 2472 1082 2804 1743 1732 2585 1436 2411 1744 2075 1120 1419 2163 1926 1190 1854 1205 1993 402 2452 852 1248 2153 224 169 858 1113 1635 1585 1357 2568 1693 1497 2099 2530 2541 1866 2244 2596 342 2833 2978 2661 2571 1443 515 1610 783 1643 1316 2126 1243 894 349 1591 206 22 33 1885 2736 2107 2320 630 1419 432 2077 558 637 2037 1959 2446 1042 1569 2738 127 1604 1705 2478 1614 154 852 1248 224 1551 460 1474 2273 370 442 2827 741 2975 1008 1683 1431 2817 1475 2803 2047 785 2336 2194 550 1392 686 1591 894 349 844 1287 247 2311 2043 2037 2446 1042 1354 2047 2480 342 1930 2197 1334 945 1527 2782 764 1980 709 1836 1100 2366 2234 1472 1331 2683 1340 430 852 2153 169 1113 858 2153 1730 636 321 1370 909 2285 312 242 1545 887 655 2306 748 2095 1944 2066 2344 2368 500 189 2051 2235 1028 2679 2466 2484 2753 2966 815 2683 791 1146 2648 2494 1083 2100 1326 2120 1813 2969 1334 1386 744 304 2037 339 2043 112 1804 1007 1959 2471 1454 2495 2911 915 2670 2018 355 1799 2582 2827 442 2975 1113 2153 169 2725 1643 1266 1316 1243 63 1124 2155 2876 1851 2815 901 1186 813 2104 1572 1619 2109 1002 2880 2433 2304 882 1089 593 289 2631 816 79 2055 652 2703 274 825 2558 2776 350 2202 375 2892 574 2408 440 2895 891 577 1151 533 910 1946 1676 1679 1294 2368 784 1825 938 2762 2815 1851 1186 1261 1173 122 689 2480 2596 1274 342 1398 1514 1071 2719 2011 173 2367 1254 2316 1189 672 1878 1610 515 1436 1881 1441 1208 2062 2152 2732 2221 1108 688 2516 2309 1504 187 1877 2761 2028 1004 321 2197 2497 945 783 2585 2061 1881 390 204 2133 77 2043 2948 2037 112 622 2163 1109 1854 1498 2879 2723 57 958 2762 2665 602 817 1933 1931 2138 0 1660 1187 944 1982 2279 1010 1530 202 205 350 955 159 1905 2080 1146 2073 2375 626 1452 2273 460 1346 1474 1977 2784 185 96 400 1128 126 952 512 942 2429 681 1302 1586 642 2939 1405 2535 1928 1629 159 1975 1988 1905 2037 2094 339 112 2203 2384 2261 1197 1139 818 470 2864 1049 2319 769 2794 400 394 2173 1356 887 1545 2814 2137 1509 1213 2225 1243 760 351 2239 830 1523 2229 1349 991 1426 517 1345 1318 951 1900 1694 2563 2319 512 1624 681 2402 2019 2666 1381 744 1386 61 304 524 180 577 2207 2278 1825 2368 784 1654 281 587 1980 1582 150 2722 2159 1654 1095 1086 1075 764 2801 2485 1244 89 2687 1198 1059 1322 2836 1795 684 2685 959 1660 16 2898 2252 2408 2338 259 64 1982 1530 808 2732 1819 1829 1268 2410 321 945 354 1933 2458 945 814 1997 1358 495 2775 70 2560 1995 752 901 1649 2968 871 1023 42 2757 1248 1886 960 224 650 807 394 1904 2041 1342 1790 1288 2474 445 2848 1381 2532 524 349 35 1947 720 1352 210 1380 1071 1514 2719 2535 2352 469 198 2372 2141 738 1827 568 1580 2983 3 2173 1275 2338 891 319 1187 1553 792 1242 881 1115 2459 1539 125 910 1122 695 4 893 1986 735 2822 1680 585 2181 1440 784 938 2430 1412 124 2638 2017 2738 514 1604 2809 1049 1359 2801 1571 2448 1679 154 2472 296 1082 1743 1765 1572 1350 1941 3010 2844 176 1740 3010 1814 1505 1740 1505 2950 2844 1740 911 2762 11 602 1747 1276 82 350 1097 897 2282 1693 215 2248 1272 199 2412 1426 444 1318 1312 2495 2593 1560 1311 1842 2627 593 539 2214 2839 191 600 2236 2151 199 2232 499 2210 2983 2121 40 2559 1026 2056 961 1337 2207 15 1279 856 986 1325 2438 2839 191 2187 2670 1472 1799 2742 1512 2897 2678 6 800 58 1198 6 516 800 1198 525 646 1250 2311 2157 1385 2098 2543 960 224 881 2459 711 1747 825 350 2800 2649 914 2601 626 220 2841 1452 2254 281 328 1075 2715 2724 2949 1440 791 799 1573 1291 43 126 1485 242 2 2663 1450 1721 518 2403 40 1026 2862 250 1554 1132 202 350 2776 955 2665 958 726 2762 1636 2987 722 2426 1421 558 1703 917 372 1195 917 1777 2869 2910 204 77 839 499 1575 506 791 235 1331 1714 2328 1539 125 910 11 2762 965 1392 2901 687 2152 249 1383 430 1681 2153 1250 1817 1974 2216 1747 377 825 350 1275 2173 1618 891 489 1369 1556 901 960 881 2852 2459 2579 623 1550 2426 2372 1827 738 646 446 2737 1731 2065 1713 2275 195 2824 1771 1703 772 665 379 1005 697 1874 1639 2921 1778 602 2765 2378 1467 947 2732 1273 78 1829 1008 2032 427 1337 2590 1150 1052 50 679 2204 2161 93 2604 438 1722 1278 1367 2786 1236 199 1358 1997 814 274 2763 1833 914 1995 2580 2675 2753 2966 1018 2100 2983 3 2034 2916 2491 776 931 2431 2154 892 1136 1407 1495 611 1535 479 724 1543 2565 2251 1322 737 2940 994 2017 902 1049 2801 2809 1244 1084 1248 852 1551 2382 428 812 2401 279 1842 423 2787 1314 1653 2917 2853 1284 2033 435 339 1064 761 2464 428 1342 865 2138 1418 1257 782 1562 1838 282 2122 2215 1014 513 524 2532 35 1915 1560 58 2962 725 729 2558 426 1539 1201 73 910 2073 2698 2375 834 1931 2138 1674 1418 2266 2747 2989 2288 1427 2861 2856 903 1523 2208 2297 629 1084 239 3001 1551 507 2612 478 695 909 385 869 2744 820 1395 1811 779 1802 2349 1457 947 2256 2445 640 331 2513 554 534 1059 2040 2689 2179 1234 1169 94 1284 339 2347 1181 1795 684 2501 1974 1817 1551 676 1201 187 910 2501 1115 1974 1551 2251 737 2562 684 2229 1797 1523 1750 2363 1088 1576 2415 1359 2801 1049 949 2513 534 554 1721 2256 689 141 331 17 982 1254 434 738 2216 1250 646 1230 1615 131 1176 2440 1671 809 2146 2799 1534 535 801 1901 2486 2970 984 2616 456 1053 1231 1894 2949 2715 2160 1898 904 479 1543 322 2245 2521 776 403 1386 1334 304 1661 807 2851 869 1887 1073 2811 1376 799 2705 2142 1589 1902 2706 1135 2736 235 737 1331 1714 1022 947 1488 886 1159 2093 1262 1743 265 2242 173 1175 2800 2583 2027 2601 1903 2215 2122 1014 993 126 952 1485 63 2400 2876 2473 462 400 944 1356 591 1995 2763 2225 764 281 1431 1980 1039 447 2393 2978 2930 2393 2661 2978 489 901 1556 2716 1302 72 53 1933 1364 1004 93 1839 2070 1391 216 2734 1205 706 1726 2288 1500 1275 17 1254 746 1032 2908 1945 411 2571 2605 1309 442 2826 2186 2975 1264 2990 8 2610 2835 1809 2279 1010 1575 2697 1477 506 760 2239 2414 830 2929 15 1479 1042 927 1446 15 1042 1446 2712 1479 1042 2912 442 2746 2975 951 1417 1827 2221 1275 1346 1618 1722 1914 257 1455 341 751 2321 2102 1941 766 833 142 1392 3010 1981 1519 1740 1263 1981 3010 1740 1505 1191 1929 1740 1505 1929 549 1740 1325 1860 1842 191 1325 1842 2627 191 478 1608 2180 1997 2310 2827 3006 897 1336 931 1958 892 2618 2472 2014 2409 2117 1848 2424 1131 1236 199 2786 2477 388 2705 799 1589 20 810 915 1452 75 1485 952 242 1008 610 2032 1337 1382 1127 2028 7 1607 1467 2502 1621 2498 353 829 903 2058 1994 2948 2274 2979 2632 2318 1986 1447 2403 2405 198 1568 1639 1922 309 2900 1089 1548 1979 2768 1740 2844 1468 2434 857 1143 642 1123 696 2909 1236 1746 1030 2779 690 1100 2366 1836 1800 1040 2938 203 872 763 172 2701 1026 1976 782 1257 1004 192 640 50 1192 1762 770 1545 2461 34 844 2798 167 2466 2330 2484 2966 2523 998 1581 2461 868 1681 2758 2357 1675 1704 1221 2306 745 2332 824 691 2721 1348 2502 1621 524 2984 55 35 1074 1448 2776 2737 2516 1362 306 961 2000 1781 1863 368 981 1064 2964 428 1687 1504 1296 347 1339 1626 919 1575 438 1618 462 1346 2640 1822 456 2679 1431 281 2254 1980 2366 554 1757 1543 2830 46 1958 2237 600 215 2236 199 1086 587 1654 281 600 2365 1313 199 825 2788 2776 2558 1395 1811 1791 851 1533 2695 1616 190 149 1563 220 2159 382 2719 959 2035 193 2787 2592 2876 2300 1507 23 1424 651 1981 2679 598 1760 2823 1738 1197 2395 2510 616 1716 2644 1072 2392 817 1778 2921 243 602 410 1128 56 2360 982 2046 1254 434 2022 2264 2048 2459 640 2445 192 331 2522 1828 1992 2655 283 2017 994 1604 911 965 11 2762 2245 980 2101 2521 1993 2852 361 1648 965 2762 911 833 2957 2734 2840 434 2938 1542 203 872 3006 2827 2582 897 2282 1097 1555 897 2654 599 1109 1854 2686 2253 2300 2968 2389 2199 487 197 1683 2050 2136 2817 2374 2967 1018 1432 1788 2491 776 1899 294 1179 1826 2100 1930 1334 2708 2939 623 2426 279 1995 2056 2794 524 2207 630 975 2107 574 911 1444 1012 833 1805 2585 924 644 1222 324 2588 1620 842 1752 887 2137 1115 2216 223 1673 2948 2094 2037 112 1827 1417 223 2221 115 2987 178 1571 2469 314 33 2736 2036 1637 2657 2237 1624 1305 829 1491 2450 2782 853 1980 980 2521 2245 1288 159 1988 2069 1905 784 189 1713 1209 1339 42 221 2953 72 1933 354 945 219 633 2232 221 1226 989 588 536 601 766 142 1392 2419 50 1164 2035 2416 187 1201 910 223 2216 1115 1551 577 50 640 1192 2788 1074 2737 2529 1692 204 2786 123 2786 204 1367 123 807 950 650 394 577 2207 180 206 1618 1346 438 1722 2924 228 928 1041 104 2694 2877 1676 795 2407 2934 2848 2781 14 1633 1595 2214 191 2086 2023 34 417 2804 167 2243 2804 417 167 2931 8 566 1289 382 396 2719 2035 1273 48 78 1829 2431 1981 2087 2136 2087 1981 1263 2136 308 2889 317 1232 1931 1933 817 2939 2372 1422 2141 1827 1682 2227 857 642 99 1544 1520 249 2173 1275 1722 1278 2481 1616 2695 190 960 2736 1135 48 2745 1844 313 1598 1750 1797 1523 629 869 2604 385 1278 2809 764 1590 1244 2132 113 1694 955 512 942 545 2429 2105 1522 2749 1635 965 2762 833 1392 2901 1252 1131 234 735 1649 901 2716 2453 882 1636 2609 1125 369 827 874 1222 1811 1751 1376 89 1198 1836 1059 2942 1544 1520 1196 1756 1958 2154 892 2026 1039 2978 2106 1993 361 2852 2452 1865 759 1541 1619 2640 456 2206 2679 2649 832 2493 2601 2870 1760 1009 1937 2349 516 947 1387 2660 1166 315 298 600 415 215 1313 1853 899 2440 2146 744 1440 2181 938 2376 1084 2883 3001 362 2011 2046 1175 2121 2559 162 2914 1167 2963 1514 1164 1084 239 2883 3001 822 2913 1843 461 2913 1870 822 1843 2691 2894 959 2719 174 2051 1028 2679 1506 2967 1432 3 2011 1175 173 1254 1152 359 2337 210 2534 369 2483 874 46 1336 2235 480 1275 1254 2046 434 415 2248 215 1313 493 2097 46 480 2988 1727 2050 2136 291 1587 579 1232 725 547 2558 729 2001 428 184 2966 1359 1049 769 949 1529 324 1222 1376 2777 1843 1870 2956 2252 2898 2957 2734 2900 18 2012 1979 2012 2383 926 1979 18 1277 2383 1979 740 722 115 2426 2393 146 693 2978 699 1609 427 645 2532 513 963 524 438 460 1698 1346 192 331 1380 2719 1256 1541 1572 1619 535 801 2467 1598 2951 697 2315 2253 360 2139 2008 929 2194 888 1368 550 2407 2420 29 2848 5 2908 2625 2974 2673 1996 1295 79 1049 2794 2801 1244 656 2840 1246 2734 2121 1087 1571 1927 570 2648 1083 777 1885 2852 960 881 1211 2464 812 1014 2490 1370 321 1565 170 201 250 2744 1704 2564 998 2461 713 811 2401 1601 2212 2585 1064 644 2283 838 572 874 2290 2403 1447 198 1975 2142 799 1291 556 84 2749 2571 1355 316 2165 1037 1006 257 2777 2956 752 735 1649 901 2221 1694 951 1900 82 1276 39 205 1274 1475 1354 342 1847 2567 2444 2561 2772 68 564 1176 1455 2921 893 257 1032 1377 1557 1499 1730 2338 1275 434 869 394 438 1278 1802 947 2943 578 844 2253 247 2798 2177 2930 2978 1 1443 1754 1876 677 1522 2105 2749 2833 981 2001 96 428 2056 2445 2942 1192 29 2420 1228 2848 2568 2774 1449 897 438 394 869 1904 2121 2559 40 1927 2090 1174 248 304 2746 272 2975 1 1680 585 1702 1199 1405 1353 2515 745 2628 884 236 846 1767 2415 1684 1134 1864 2863 2398 184 2156 1075 1053 2848 2895 588 2193 536 1729 2736 858 48 869 385 2604 2744 51 1632 318 2374 2640 2206 1822 2679 855 319 950 394 1105 2947 1100 1543 2285 295 43 2667 2380 1447 2668 198 433 2999 2441 690 1027 210 1152 1309 2201 570 294 1826 2542 560 1703 380 960 78 48 1886 2787 2876 193 1949 1018 1432 2967 3 2999 1030 2441 690 1503 962 917 380 2588 324 1529 665 283 994 1800 1604 425 418 2724 1440 1930 1334 1933 945 766 1594 601 142 1449 8 2931 1528 2300 2253 1424 2968 1594 1068 1355 316 448 1778 243 602 1756 1880 2830 2237 1704 998 2306 2461 1151 2786 55 1559 310 2748 2863 184 1970 1364 1838 1004 213 2706 2736 1829 2305 183 393 2448 2305 1614 2478 2448 1756 2988 2050 2136 570 1083 1826 777 2499 1727 2432 151 587 2450 1344 1980 1827 1694 2132 861 1344 1633 2228 1980 1938 198 2380 2954 103 2153 2082 224 1324 69 2156 1946 1486 552 1495 611 695 67 4 147 2772 1863 1230 719 2957 1246 2840 2734 469 1928 2535 2354 1454 150 363 2967 558 2077 2527 503 2963 2162 1167 1514 2418 2267 754 349 1236 2786 55 2477 1448 202 2776 955 753 2718 2229 991 1089 1979 2012 593 1698 2046 1370 1722 2125 2269 1166 298 1520 284 2901 1196 158 1173 696 689 1838 1004 1364 1839 939 2898 2408 588 2451 928 228 461 2711 2274 100 1076 2018 2683 1973 197 1220 2995 486 2530 53 1933 1930 2939 179 67 695 2479 2121 1026 2559 1561 2248 1652 1272 56 4 2155 2318 1986 2732 1819 1829 1037 1115 1673 223 1886 2773 671 815 1291 813 1619 1541 1499 1571 2448 2579 1927 486 1497 2099 2530 265 2490 2242 1175 451 1408 662 1303 533 1151 1692 1122 3002 1740 518 1677 786 1030 2307 2834 482 2683 1328 197 1265 1619 1865 1878 820 2022 1395 2659 271 1731 446 2737 1114 2908 967 1499 2649 2884 391 2493 357 1869 1116 1087 812 1211 755 2401 820 1851 585 496 1542 2763 1833 914 46 892 1958 2237 131 1615 388 1176 568 2983 1179 3 3003 2355 2267 35 579 116 563 1232 2132 861 1694 2563 1633 14 2228 1595 1782 916 2313 118 2402 231 491 1381 483 837 2894 370 2502 1607 2765 1467 2884 2649 832 2493 2779 1030 737 690 87 588 2651 2734 1477 1575 1339 2697 549 2950 1740 1468 2988 2154 2087 2136 1815 2726 2851 2744 1108 1694 2221 1900 1926 2163 2087 2136 2232 839 499 1575 654 1944 1804 2066 478 2612 1893 1997 1793 2275 195 830 2378 800 2593 768 1093 913 823 811 1256 2538 2343 1619 1264 1023 2990 2610 439 354 2458 945 1643 333 2751 240 1535 554 709 1543 1762 1545 2739 2461 869 2173 394 1278 1922 2004 1455 309 1739 544 340 2541 2706 1135 2736 1829 2673 47 2560 1996 533 910 1151 1122 1965 1159 464 1287 1256 2343 672 1619 852 1084 1340 1248 589 2926 1257 1839 2121 1869 1177 542 2919 1042 1768 986 1346 16 462 2595 1311 2750 537 828 824 691 2541 1294 2781 486 14 59 1988 1975 159 1146 1475 2323 2148 342 1206 505 2505 1099 2202 2852 375 574 2021 916 351 830 845 682 1065 897 1955 2164 1896 2023 2338 891 1275 434 268 611 1495 2866 1052 533 1373 1122 2417 2514 992 1945 911 736 1012 1444 802 2705 1380 2581 1050 2917 1653 2919 524 55 180 35 1711 2225 1996 79 2068 2451 2287 1870 2068 2451 1870 2913 200 1949 1917 743 22 1704 1810 860 94 1085 406 21 894 180 349 206 2236 2151 199 2477 2496 2995 576 518 1550 1571 2579 2426 2187 2683 2234 1714 1473 412 1411 1838 1384 501 2921 257 633 221 847 2953 590 1741 2206 2679 1093 823 1742 811 195 1335 1713 2824 322 2245 2101 2521 2869 2910 1963 204 2125 1863 2088 298 72 354 2808 945 2121 1026 1929 1290 390 2869 204 77 1454 150 2495 915 1933 2410 2458 945 403 61 1386 304 1275 2046 1254 1722 1080 383 568 2983 69 1946 2345 1294 1988 1975 1146 1291 1970 2146 1404 2357 2515 745 1353 691 812 2964 2464 428 418 258 2196 592 2163 622 2988 2136 347 2019 2402 1381 651 2136 2050 2817 243 2921 1558 602 1898 2662 904 777 1806 636 385 2744 1334 1674 1931 1565 196 1788 2491 776 1793 195 2275 2824 2769 1243 1643 240 2788 825 1978 2558 919 2697 1575 506 1480 446 2737 2563 1138 2077 864 289 80 893 2632 1986 2963 694 2162 1252 1114 1919 2196 492 285 2293 2940 915 2344 500 2633 460 1173 158 2961 689 1804 1959 2919 229 2011 982 2046 1254 1055 2637 2458 2410 820 1851 496 779 2854 1702 1680 585 2271 2745 2437 829 568 383 1179 2983 1823 2813 995 116 1790 2521 1342 2138 2925 1455 893 257 141 2742 2256 2581 2732 1108 1245 688 2556 639 131 2414 2061 2411 2 307 1367 199 56 2360 2165 316 1135 1037 2961 122 1173 689 2050 867 610 1318 2080 2076 1010 2626 577 961 50 2207 258 1619 1931 1418 51 1506 424 1432 663 1064 875 644 603 283 994 1800 409 847 2371 2953 2857 2161 1704 860 1097 3006 682 897 2267 2355 349 35 676 1201 2309 187 1815 170 2726 2744 1264 1023 730 2990 2061 307 2 2757 2228 1980 1633 1595 844 247 2253 2311 2852 375 574 2006 377 1754 2067 2558 438 1904 869 1278 1082 2014 2472 2804 4 2905 193 1949 153 795 1434 427 1975 2574 265 1905 310 184 2863 811 509 500 2368 189 2200 2088 719 298 1963 1128 410 2360 869 2667 2173 1278 51 318 1602 2374 2188 2743 451 2415 1859 1498 63 1235 1341 2716 2119 240 82 205 39 27 2997 2290 1447 198 1174 744 61 304 403 1334 1930 2197 1732 1610 1436 2585 142 1638 550 1392 2321 2935 2034 1941 272 2177 2486 2833 2319 681 1624 2794 40 1290 2121 1927 1205 1648 706 2288 2556 1837 786 2834 82 677 205 27 10 2402 2666 1381 136 1966 2438 537 347 2019 2485 373 2383 2787 1402 1979 200 2787 2383 1979 9 1026 763 1701 205 113 677 350 2834 112 2373 1203 2299 633 847 2953 2287 1870 1843 2956 2173 2667 2338 1278 1253 2452 2331 851 1641 1023 871 471 2488 139 1184 987 1480 2737 446 2065 1947 2771 2475 311 661 1424 2253 2968 102 117 2704 1491 699 427 1434 1936 2773 1573 465 1291 1458 825 711 1747 525 738 1250 646 2130 1198 2859 1470 1253 1395 375 851 2604 869 1904 1278 163 1647 1680 1199 2731 2107 613 574 978 1178 1154 2962 1301 2505 1099 834 2633 2595 460 792 1056 2103 1990 538 1500 158 1657 2756 2515 2535 1405 2332 2000 2446 1994 368 1412 124 2638 117 1325 1860 191 2023 1360 136 2750 537 838 1706 1437 1921 328 2934 427 1936 652 85 1893 1997 2779 737 1030 1203 2021 1030 2307 2414 2647 744 2260 1440 2750 2438 2627 537 321 636 1730 2840 2859 2353 6 1198 279 2787 193 1979 2151 2693 2236 600 1266 490 391 1243 183 2448 2478 1294 1313 410 803 56 333 1341 2119 240 185 96 526 729 146 1309 1761 2611 2492 2400 2473 743 823 1742 2053 1093 14 486 2099 59 1093 2053 823 913 351 760 786 1030 2791 617 1735 2433 487 1338 2709 197 1663 2334 2489 2962 2192 2949 2945 1386 2660 315 290 2471 2600 1297 1655 986 892 1936 2050 2237 1793 2986 195 2824 2205 1155 740 1550 113 350 205 955 693 146 2393 2303 809 1671 793 1404 2469 2475 314 2736 999 1512 2031 2678 543 2107 2818 785 1206 1867 2334 834 223 78 1248 1886 740 115 2205 1550 2856 2049 1427 229 2125 298 1166 1365 245 1610 2585 729 2258 1661 2851 242 59 144 2254 1595 2080 2626 1010 1530 2330 2966 2807 426 518 3002 611 1740 983 11 958 602 1187 1660 2578 2595 1367 1236 2786 123 92 164 2608 2274 105 232 1800 1604 375 1395 1253 2006 3010 1740 1519 2158 1505 1191 1740 2158 15 856 1042 986 1058 1197 2261 1364 2380 198 2878 2954 1405 1830 1353 745 1325 191 2627 537 1313 494 2248 803 901 2815 2591 2716 2059 2248 494 803 1518 278 1769 2433 2036 2062 493 2237 1342 2041 1010 1288 235 2076 1331 2233 2062 1835 2097 1208 760 2239 2986 2414 1466 2501 103 1115 115 722 2987 2426 2625 1674 784 1209 1789 1739 2140 2541 52 2952 992 1945 520 2931 566 1289 2339 2192 1913 1678 687 1337 961 645 951 1694 1827 861 138 2991 2144 210 2691 1685 2894 2719 2593 1632 670 2334 418 2724 258 592 1182 2689 2040 1234 1902 314 2706 2736 1224 1886 1135 1037 377 2067 3007 2558 390 1122 1532 2133 1223 120 2094 112 1458 825 1747 377 433 1631 132 916 577 640 524 2207 120 435 2094 112 2142 1975 799 1589 1263 1740 3010 2024 2214 2086 191 1701 1885 1791 881 316 125 1532 390 1122 2885 1527 1431 1980 1398 1514 1176 1071 651 2050 892 1936 1975 235 799 1589 1445 2452 1675 2306 1266 341 2126 1243 2111 1921 287 1247 1514 1164 192 2719 1200 1056 1990 538 1221 923 2857 1704 2632 2979 2318 2956 2612 1893 1997 1378 1022 1488 947 578 1769 278 1285 604 2635 2857 727 1704 2957 2898 1246 2734 2380 2128 1447 198 2398 184 2748 2966 895 1413 463 2611 796 1539 73 910 816 2631 1996 79 292 2179 100 1076 981 663 2964 1064 2319 1624 512 1491 358 105 6 1198 2520 828 2442 743 2844 1740 2768 2024 2026 2978 1039 1 713 2401 282 1601 839 1575 1477 506 1871 1556 1649 2716 1265 1067 2005 2724 2777 1006 1914 257 2643 2634 1093 811 2206 1741 590 1177 2235 2679 651 1936 999 2031 530 2678 357 1869 1087 162 2140 2345 1324 1946 2000 1994 1016 368 1211 428 184 2401 308 1232 317 1197 408 1970 1838 874 1791 1885 881 851 2059 1652 2248 56 1810 1704 93 860 22 1810 402 860 1744 2082 1383 2153 2863 1864 2512 184 953 2953 42 2610 2336 1368 1102 550 755 812 1903 1014 559 355 482 2683 246 1441 1390 2152 2000 1863 2446 368 2943 947 1802 2687 2349 947 516 2687 2522 1525 2654 2655 899 1404 1671 2146 1482 1528 953 2610 2693 215 2236 600 514 1569 902 1604 656 1246 794 2734 2565 737 2779 1203 283 2017 1510 994 2924 1041 1831 2318 2636 389 1178 1452 1224 2732 1886 1037 2842 2921 1455 309 544 340 2541 691 2 307 871 2757 439 2793 2808 606 1767 2868 1625 1134 2973 2434 1143 642 2310 741 2827 1693 1698 2242 173 1474 1275 2756 262 1254 17 1500 2728 2756 1760 2204 1839 1937 1402 926 1979 593 1978 825 1471 377 2720 382 2578 1660 2227 1682 647 2089 1683 2543 610 949 3007 1978 1471 377 42 2953 2209 2610 2746 2975 272 984 710 1671 1404 2421 401 2340 1862 2764 961 1164 50 1192 525 1287 880 646 2186 2009 2975 1048 4 193 2876 1949 2287 1077 1870 2956 1846 1060 1154 1178 976 187 2416 206 1520 2901 867 249 730 1641 1264 1621 1914 1455 2004 341 2235 651 2679 598 2081 2088 1781 1863 183 2478 835 1294 462 394 438 792 2424 1998 30 1695 730 463 1413 2611 2616 2530 1290 1677 2431 2154 892 2136 2788 2558 1978 426 2382 184 2001 428 2076 1905 1975 1146 2253 1424 661 2798 1724 2758 2421 2357 407 707 1925 2655 624 2144 1232 210 2281 2628 1763 916 2287 1843 228 2956 517 2359 1345 867 2294 483 837 2894 2060 636 2862 2197 94 339 1085 21 442 2975 741 1048 362 2011 982 2046 440 2408 2252 2338 1746 680 2292 1030 1867 2698 2636 834 1047 737 2565 1203 518 1026 40 1290 218 417 2537 27 2325 865 2637 2138 2313 351 916 830 2453 1896 1636 162 1256 1619 672 1878 2582 2975 442 984 2885 2038 2361 1431 1520 517 99 249 3007 2558 2067 426 389 1154 723 1178 1509 2938 966 1040 564 1398 2162 1514 2273 16 1346 2595 1062 2791 1735 1923 408 1838 1970 145 1622 2318 2979 2956 439 2808 354 945 40 2332 1290 1927 514 1832 285 915 1885 960 1135 881 1006 1870 1077 2956 1495 611 552 1658 2076 2233 235 2974 321 2410 1268 217 1684 2137 1791 851 2402 2019 347 373 662 1073 1516 2415 1791 1811 1576 1134 109 2528 1548 2922 2779 737 1322 846 649 465 2773 1573 966 1509 1040 490 2494 1543 1757 2100 230 882 2030 2609 2103 271 1990 446 1889 2724 2700 2160 2643 1093 1742 811 718 2094 781 2364 1931 1619 2104 1418 1342 2521 1790 1288 1577 2024 1136 1658 1663 1048 1891 2334 866 1348 2721 730 1675 923 1704 860 2382 2964 812 428 1732 924 2585 2411 902 1560 1569 915 328 2934 1053 2848 837 460 2633 2595 2777 822 1870 1843 1398 1685 2691 2719 1025 283 1800 1604 2007 1406 1436 307 282 2401 1211 1601 1581 998 2308 2564 351 916 2021 690 2508 862 1762 770 1967 1735 1297 986 398 638 171 2834 1060 1569 1560 1178 1766 156 1078 1288 1582 150 883 915 2000 1994 2446 1716 844 646 1287 2311 89 1836 1198 2687 1265 1865 1619 492 478 695 2612 1997 781 2094 435 2364 487 1338 197 2855 413 2394 1180 1678 1687 427 1609 645 1466 2048 613 2022 445 2474 231 1381 2048 2852 2075 1648 507 893 80 1986 1706 838 1437 1411 1939 247 697 1874 462 16 1618 123 1466 1974 1115 2264 976 187 206 373 1002 2449 371 2109 2018 2670 2187 2683 2625 2275 5 2974 998 1423 1704 2306 651 2679 2934 1936 2685 16 1660 123 1036 835 2478 154 1729 48 1273 463 1554 2197 1132 304 556 2749 2833 2571 1683 3002 2136 151 138 624 1152 210 1705 2218 1013 2205 2449 1002 371 1932 2729 812 2464 1014 2287 228 1622 2956 400 1128 204 1356 1806 250 2862 636 73 1201 676 910 2234 1331 2562 1714 2664 880 525 1287 1504 2174 491 1051 1433 2479 1834 495 2755 2703 1184 987 2425 2983 1580 3 2901 2152 867 249 204 944 400 1356 1094 1477 2697 506 2531 865 1147 1905 1380 331 959 2719 2755 1358 2703 1997 1053 1075 328 2848 2768 611 1136 2024 1062 1735 1967 1923 2316 672 2945 1878 2121 1929 1026 1561 1339 1575 919 2697 1766 1078 980 1288 2972 2562 384 684 347 427 328 1381 178 1087 1571 162 1005 1939 697 1874 662 1625 451 2415 2793 439 2064 606 1064 96 725 428 2032 2152 699 645 2331 2452 1531 851 2620 433 2441 690 1123 2971 696 1236 749 2583 623 2601 501 893 507 2074 650 1904 394 792 1151 180 577 1559 361 2852 2202 1648 654 2942 1007 1544 1568 1922 1455 309 1698 189 1370 1209 195 2574 235 2974 2816 2928 1481 1353 1518 1002 2178 2433 958 448 983 602 2273 1346 460 2595 683 506 873 1601 1631 433 2620 690 1206 1920 1867 834 2109 617 2167 2433 1285 160 1769 604 425 2724 2715 1440 1590 2809 2782 764 763 2843 1701 1561 533 1151 577 1559 1653 941 2853 2855 1341 1556 1871 2716 1398 1514 564 1176 1201 2416 1051 187 1073 2415 2811 1376 1913 61 2090 744 616 2058 1225 1994 2208 136 1360 629 901 496 1851 1186 1313 410 56 2360 2740 114 2257 2403 392 2941 1892 1349 1560 1178 1569 915 611 1740 3002 2024 2853 1768 2043 339 55 180 1151 1559 962 1578 147 380 2056 1624 681 2794 951 2221 1827 1694 2087 2136 1263 2024 2497 2060 1953 2197 2599 1594 1521 2116 1958 892 1756 2237 177 1909 125 1151 2430 1925 707 2638 2335 1811 1401 1620 1312 534 554 1059 2496 518 576 2403 718 1540 1714 2364 713 811 12 2401 2419 50 306 1164 405 904 2662 777 2235 2679 1741 598 2405 2403 1026 198 184 2966 725 2529 1509 2545 1213 1243 412 276 1706 2362 179 1997 695 2074 438 394 2173 1278 395 886 2026 1 2557 1574 163 1199 809 1404 762 2146 981 875 663 1064 1224 881 1135 1886 1135 881 960 1886 1406 2 2411 307 1102 550 330 1874 2495 902 2911 915 1885 881 1135 316 193 47 816 1996 1683 1984 3002 151 248 201 1461 1132 2341 2812 1538 1196 2210 1580 2425 2983 2515 544 1497 691 676 187 2590 910 725 96 1064 729 674 1877 1004 2231 2307 2021 235 737 2628 921 916 236 439 2410 1268 945 654 1007 1804 903 2732 1224 1886 688 1731 1990 271 446 2720 1187 0 1660 1500 2367 158 1254 2548 2013 259 2626 2901 2152 687 234 756 1016 643 1994 621 612 2473 991 2657 867 2901 2152 651 3002 1981 2136 1756 892 2154 2136 1311 828 537 593 69 835 988 1676 983 448 243 602 2183 1916 1222 1376 873 506 2985 1601 1993 2331 361 2452 2075 2852 2452 1648 2366 1198 800 1059 835 69 2345 1294 693 146 2605 2571 1016 467 1225 1994 998 655 2306 2461 432 2333 772 1703 848 1991 1195 1777 1195 1991 2527 917 382 2691 959 2719 479 1100 2947 1543 1174 61 403 304 3003 2084 2589 2267 2947 1898 479 1543 1731 2737 1074 2529 192 1164 50 2035 5 2233 2908 2974 2075 169 858 2153 1135 48 2736 1829 639 2669 508 1071 1863 719 2772 1695 2114 1746 1030 1203 204 1356 1128 2360 1005 1956 1638 1874 1573 799 2142 1291 952 1485 126 242 1211 506 954 1014 136 1719 1966 629 1060 1154 1178 2962 1466 2022 37 2264 2095 2429 1728 2066 2509 2172 2199 21 1226 295 2651 2667 441 2689 1182 1234 2121 162 1869 2914 2802 324 166 2195 2090 744 1174 304 713 2065 811 1601 762 1404 809 145 135 1716 2000 1365 679 1004 2903 1839 1988 1146 671 1291 2480 772 2333 665 235 2233 2021 2974 1823 1717 116 2564 1348 1621 730 1043 711 2540 422 1276 1262 2103 49 2439 638 2114 2834 1203 1227 2795 2062 2152 1012 736 2363 1444 164 2834 2608 2274 1719 2370 2517 226 747 2742 2031 1512 2119 1341 1871 2716 53 1930 2708 2939 643 1225 1623 1994 2878 2517 1144 226 621 2718 753 991 1590 1317 334 2418 625 99 249 1305 178 1571 2987 162 852 2082 103 2153 2056 640 2445 1192 2354 198 469 2954 2639 2 1406 307 1089 1548 593 2846 856 2880 1042 986 321 2490 2410 217 2293 902 2940 915 2105 2970 2623 1635 487 2709 609 197 2345 2541 1161 1294 2856 2471 1944 229 9 198 1026 1701 961 2207 2056 1192 1643 2751 2769 240 2105 2749 2970 1635 2948 2058 2446 1994 1200 1665 446 2065 912 2786 1239 2477 2267 2355 754 349 2130 2859 1198 2687 6 516 1198 2687 67 2905 4 147 2673 2560 1295 1996 1123 1644 3003 2477 2925 2318 1843 2956 10 2666 1086 281 439 2458 2410 945 1226 588 254 536 74 1984 1828 1658 913 823 811 2065 651 892 2235 1936 816 193 2905 1777 515 1876 721 1881 179 166 67 2479 339 2880 1085 21 2067 245 526 729 2413 566 8 2725 1299 1544 233 903 1831 522 2979 2318 221 42 953 2953 1325 2438 191 537 2030 1807 2029 2609 1717 563 2813 116 1752 842 2331 2452 1803 2230 2217 1741 1456 1371 1985 1177 487 609 1464 197 1888 2795 990 2152 1529 1376 1916 495 1367 204 2786 2360 1840 2164 1249 1896 1797 2286 1523 629 2593 800 1312 1560 2223 1135 2165 316 725 426 2558 2529 225 1849 2302 703 2382 184 428 2401 213 2506 2706 1829 2062 1208 2036 2152 1828 1984 74 2655 2857 1704 2161 1937 223 1248 78 3001 2761 2936 1970 2357 1225 2058 616 1076 2429 681 2256 2445 2771 311 1947 2611 17 440 2252 434 20 1846 389 1178 582 563 116 1232 2178 2109 2167 2433 1975 2574 235 1589 2412 1318 124 117 1293 105 1800 1470 1665 2065 713 1601 2814 1442 1767 770 1996 2631 1711 79 332 492 1114 1499 1480 2737 547 2563 576 2403 518 611 2587 989 97 536 102 2707 1544 903 2020 410 2456 1128 1184 1997 1893 987 1784 1293 232 1800 113 547 2558 2737 1760 116 1009 1937 2396 1702 546 2333 2002 2260 2647 744 2748 2398 2863 184 2742 2429 2256 2581 1913 2192 61 1386 2640 357 1116 1087 708 948 2618 2409 2979 1622 2924 2318 1358 2479 2263 495 2604 1904 438 1278 661 2253 2798 1874 254 1801 989 536 577 640 2207 1192 1921 2111 287 838 699 1208 2032 1936 2482 1335 1685 1071 2220 2199 2364 21 159 1975 1905 1146 412 2362 1838 1197 1102 1005 1638 1874 2181 1370 189 1209 2604 385 636 2744 2513 1091 554 1059 2028 2761 1877 7 2199 487 197 2855 1465 1983 2400 2876 2251 737 1047 1714 37 1424 2264 2659 2149 1507 2253 2311 2000 2446 1863 1365 1990 446 1731 2065 1665 771 1200 446 1242 1395 881 2459 2751 333 2119 240 2612 1997 695 1378 1015 2071 1932 2880 1449 2931 1585 1528 2700 1889 932 2724 468 1195 2727 1991 243 458 1558 2921 2596 772 712 2333 1767 770 1791 2137 308 359 624 210 2723 472 621 2473 1781 1863 2125 1365 2952 2279 1945 1029 2887 675 1662 952 700 1245 2185 1037 2837 1467 300 2106 2026 1467 2837 2106 2819 2105 2833 2975 295 2285 2455 2667 1112 2111 1247 827 364 112 1873 2864 1317 2576 2450 2782 491 231 1483 1296 1114 2196 2908 492 2200 1538 2269 298 1445 1752 1820 2452 1502 944 1038 77 507 478 2180 2074 2243 1827 2221 1694 661 901 496 2968 1031 1831 1892 991 321 2410 2490 1565 1914 1568 1455 257 245 2585 1805 729 661 779 496 1186 802 2445 2429 2581 699 1609 1434 427 736 1306 2180 2074 82 677 1754 350 1821 2883 1422 1417 1143 857 1435 642 829 903 102 1305 412 1838 2203 1197 2197 1565 1334 945 2852 1395 375 2006 2940 2293 994 902 192 331 2445 2581 619 2816 340 691 2230 1741 1210 2158 1210 1177 1371 2158 2885 2361 2781 144 1089 1548 1979 593 2260 1440 744 938 1455 257 2925 341 1788 2089 647 1899 1224 417 2116 167 1233 1501 285 915 2606 2160 1067 1878 1275 1618 2756 891 589 1838 2362 1197 195 2275 2974 830 794 1246 2898 2734 2604 1904 869 2744 751 2553 2935 1941 1944 2471 2856 903 959 2894 1380 2719 2607 2522 2654 1854 577 2207 50 1192 1706 1411 276 412 2509 1769 160 21 2454 2314 1797 629 2447 363 150 2967 1406 2 130 2411 505 1048 1634 1693 2151 1218 2589 2477 1407 2768 504 2866 1550 2448 1571 154 1114 2908 2196 236 1880 2359 1637 2237 1344 853 1633 1980 294 1826 1083 2100 1964 2716 1341 240 2868 2743 2188 1134 2865 1419 2054 2682 2111 1112 2534 827 1223 2094 718 1203 661 496 901 1186 2079 659 146 1309 235 2021 2233 737 1873 2274 1229 2864 1568 2921 1455 257 561 1998 2200 719 2481 1662 675 952 1529 166 324 495 173 1175 2046 1254 546 1702 2854 2047 625 99 117 249 2079 1309 146 2611 1757 1543 2663 2100 894 1403 180 206 2654 2638 1492 151 703 471 1849 307 2429 2445 2256 2581 1221 2635 1423 1704 1757 554 2663 1543 1181 2233 742 236 1314 2773 815 197 88 2730 2892 2006 308 624 1232 210 529 1929 1191 542 549 1929 529 1561 2032 687 1337 249 1519 1981 2431 598 2919 1959 1042 229 1890 2559 2086 1561 481 1970 1004 2936 2200 1783 2341 719 1446 1716 466 1365 2339 1913 905 1678 2284 2790 109 595 800 1560 58 1198 1809 2417 1945 2553 1102 1005 1956 1638 1607 1467 1621 1043 961 50 2207 1192 208 2186 886 1 1089 593 882 2846 2786 199 1239 2477 1572 1619 2104 1899 1553 2595 2633 792 2302 225 703 2112 2632 1622 2979 2956 954 2464 1211 1014 390 2869 900 204 481 874 1970 2936 1867 2636 1632 834 1114 492 2908 1499 327 1849 471 307 582 116 302 1232 2732 688 1245 1037 2690 767 2234 1714 37 1424 23 2264 2193 588 989 536 2754 1967 1987 941 951 861 2985 2563 1644 2909 513 2984 2852 2048 224 2459 1454 363 1212 2967 88 375 2335 2006 1060 127 1915 1560 976 1051 2416 187 1805 1732 924 2585 2178 1002 2109 2433 1783 719 2424 1131 2060 2862 1953 2197 1384 2632 501 257 2788 2327 1074 2529 1922 2004 1568 1455 2488 1184 1378 987 53 1586 1302 2939 404 2510 2043 112 1605 767 1540 1714 1224 1245 417 688 245 1610 1805 2585 516 2353 1457 2687 1745 2353 2130 2687 1745 2943 1457 2687 1224 688 2732 1037 1138 289 2557 1199 525 2664 1287 2311 725 184 428 2966 2413 2774 2758 1808 3006 76 1065 897 2494 1757 2539 2100 1820 402 1675 2452 1137 1649 1556 399 65 1944 2095 2066 1239 2365 199 2360 130 724 405 777 43 1485 1627 242 2322 1688 548 2932 1502 2133 944 77 1729 463 730 2611 518 611 3002 1677 1987 2600 1117 941 333 1964 1341 240 1970 874 481 1004 1747 711 422 1276 483 1335 2482 370 258 2104 1619 1418 783 1900 1108 1881 2764 401 2282 1693 538 49 2103 2439 2686 2149 1507 2253 2838 1406 2639 2 2949 2724 258 1440 382 396 2691 2719 1058 210 302 1364 522 2979 2318 1986 262 2756 1275 1618 1049 2994 2794 1244 1545 655 2739 2461 194 2799 535 801 565 2058 1240 2274 2378 768 2819 886 225 700 1819 2112 1605 1973 1714 2364 2856 1944 801 229 586 1096 907 1530 2811 662 1408 1303 2822 2854 1680 585 2287 2980 1077 2956 1427 290 2134 2471 448 1639 1778 602 2233 737 2021 846 1058 210 1364 1912 1105 1281 2947 1543 2142 1512 1975 1589 626 1725 220 1452 1284 339 435 112 1933 1334 1565 945 2482 370 1335 2824 850 2308 1645 1937 2591 309 2126 240 1632 1178 723 2334 826 114 2290 2403 2014 330 708 2409 109 595 787 2922 1449 2413 566 8 0 944 1502 2133 2319 1157 681 2794 484 2778 299 1232 789 454 2270 7 2829 785 820 2659 51 1602 2821 2374 713 12 282 2401 89 1836 1091 1059 2779 737 846 690 1796 2309 1201 1051 2416 1201 2328 910 1778 1639 1568 2921 2838 130 1406 2 1169 339 1284 112 2704 2543 1385 1491 2032 2050 1936 2237 538 1200 771 446 259 1982 2626 1530 2180 1608 2363 2404 1960 1893 2871 1378 2669 2482 1685 1071 505 2182 1048 2334 1988 159 671 1146 1316 1922 1964 309 1248 3001 223 1551 1102 1638 550 1874 1815 2851 1597 2744 2773 2917 649 1573 1731 2327 310 2529 2040 292 715 1182 1414 2224 459 1835 1541 492 750 1499 84 1969 1895 2571 411 1969 693 2571 1895 411 698 2571 591 1996 2560 1995 2398 1864 184 2966 555 2779 846 690 2028 1004 2761 2936 1006 1077 2980 2956 1527 853 2782 1980 516 666 800 1387 666 58 800 1387 2979 80 2632 1986 2558 547 725 2529 427 1337 2032 645 1299 2134 2471 903 72 354 2572 2808 436 2513 534 1059 2729 812 889 2464 1396 441 1182 1076 1240 2058 565 2864 1662 2695 2887 952 1135 1829 2706 1037 2558 2737 547 2529 2203 1838 1473 1364 782 1562 1838 874 1311 2787 828 593 2403 611 576 2866 13 573 1816 207 1970 1118 2146 2357 1348 1607 1621 1043 2676 2875 1808 2970 1461 201 653 1132 435 339 2033 2364 418 425 1841 1440 1835 1441 1770 1208 683 499 506 1014 2095 545 1728 2429 462 16 1660 2595 1222 1811 324 1620 2223 1902 2165 1135 1224 1245 688 1037 1080 2210 1603 925 2243 1673 167 688 539 2843 2086 1701 1756 2050 1880 2237 1660 16 462 123 977 2158 1371 542 1954 2230 2158 598 2227 1788 541 642 1717 1645 1009 1937 812 2964 889 2464 2491 2034 776 1941 2539 1700 1212 1757 1731 1074 2327 2529 647 2089 1788 642 2927 2523 1581 2461 1866 2573 2244 342 247 2798 2253 1874 709 1100 479 1543 2660 2471 1166 298 2843 627 9 1701 2490 1209 1370 1565 2236 199 2971 2477 2768 1577 176 2024 1926 1263 176 2024 232 1025 1847 1800 2181 938 1132 304 1653 1420 941 2855 2644 817 2521 2138 898 627 539 1701 2731 2320 2107 1419 2330 2807 1513 426 2875 1101 1808 2970 2328 125 1909 1151 950 394 319 792 1084 852 239 1551 2372 880 2213 646 1205 402 1820 2452 2860 2009 768 886 1488 1467 2026 886 22 402 1704 860 2199 197 2389 2364 294 1083 1179 2100 1663 768 2009 1048 784 938 189 1209 189 938 2181 1209 2721 1641 327 471 404 112 631 2864 248 2002 1858 2090 483 2894 1335 370 2056 2207 640 1192 948 1708 2618 2409 1190 1926 1577 2024 231 445 237 2474 1341 2119 1033 333 273 1101 2970 2555 824 1290 2332 1927 462 1346 1618 16 2191 809 762 2146 1315 717 1578 147 1239 900 2365 2360 1404 2146 1118 2357 1842 2787 279 593 479 1535 709 1543 433 916 351 690 1425 139 2488 1378 1426 867 517 1318 179 166 324 2195 1501 2293 285 915 582 1232 302 1197 1767 1791 770 1134 2633 1904 650 792 2151 1239 199 2477 1312 1450 534 1482 2352 2535 1857 2332 2514 1032 1945 2553 1280 2275 1793 830 2097 493 2062 1208 527 1578 1183 147 605 532 412 2362 1605 1540 781 2364 327 2007 1849 307 440 17 2728 891 1681 868 1383 169 0 1038 1502 944 992 2279 1010 1945 2838 2 2639 1721 2105 1808 2623 2970 2228 1654 1980 1595 2453 1842 279 1807 2271 1672 2745 829 1607 2502 1348 1621 1602 318 1357 1099 1355 2165 2185 1037 320 1299 1007 1544 75 1753 1485 242 2985 506 1211 1601 1625 1516 1767 2415 2266 1419 2747 2288 1970 1118 2936 2146 2256 2445 331 2581 1118 1970 2936 2357 1970 874 762 2146 1931 2521 817 2138 2928 1271 1481 1353 483 370 2482 2824 1314 1653 2853 2855 1094 839 1477 506 204 944 1692 77 1136 502 498 1658 2218 1155 1013 2205 2623 2970 2749 1635 2043 1042 2446 1716 1523 1349 2297 991 1809 992 1010 1945 838 1838 1921 874 1556 1871 2597 1341 2527 1991 468 503 1758 468 1991 503 1253 1811 2335 2006 2335 1253 1751 1811 679 128 2204 1839 2453 279 882 1807 678 2943 26 578 724 904 405 777 153 1296 2474 1381 2665 943 2500 2815 1662 2481 2695 952 1031 2592 1831 991 2430 2098 2543 2638 1169 339 2043 2880 1760 302 116 1937 601 550 2194 1392 1955 1896 1840 2609 2594 1840 1896 2609 1654 1344 2228 1980 1150 50 2419 2035 2099 544 1739 2541 856 1768 2880 986 1475 2047 1354 342 2361 366 1220 144 990 1227 2901 2152 2043 1042 927 2880 204 1692 2133 77 1869 162 1896 2914 271 1448 1074 2737 1685 1335 2894 1071 1582 883 150 2159 2031 1512 2742 2678 782 1838 1257 1004 1953 403 1930 2197 2853 941 1768 2855 2741 1179 2100 3 358 1560 127 1604 1456 1177 1688 2932 944 2133 1692 77 1553 837 2633 2595 2910 2456 1963 1128 1111 2985 1094 2697 796 73 676 910 491 976 2402 373 469 2941 1928 2354 218 1521 2537 417 1686 1620 2588 665 2614 86 840 1121 2492 63 1498 2473 1453 453 1388 145 2031 2742 122 2678 1806 636 1391 385 48 1829 1273 463 1402 2787 214 828 2265 846 2628 690 5 2021 2974 830 1765 1899 1572 1941 377 1747 1754 350 1984 2136 3002 151 362 2046 2369 217 630 908 1952 1419 169 1635 1113 2725 2634 12 1093 811 1760 1839 302 1937 324 1811 1222 1376 2769 2557 2545 1243 2973 1143 1999 642 1768 1085 2880 21 888 601 2599 550 1413 730 2611 1043 178 357 1087 162 2562 1331 384 684 811 2065 1480 1601 2183 956 1073 1376 1562 1921 1838 874 259 2626 1096 1530 1637 2359 2657 867 1007 2471 1804 903 1659 1466 103 2048 2740 2257 1142 2403 2624 1859 2301 1235 1413 730 866 463 420 1131 2963 234 2107 2731 1419 574 1401 2588 1686 1620 2523 655 998 2461 6 1198 2353 2687 2788 1513 2327 2529 2353 1198 2859 2687 2730 2803 2818 785 258 2908 5 2196 683 282 2215 1014 2988 1727 2136 151 1226 254 989 536 1880 867 2359 2237 1685 1335 483 2894 1379 2735 2960 2175 519 395 208 886 111 1488 395 886 111 519 2860 886 1466 1974 2501 1115 177 900 1239 2786 1457 947 2349 2687 1802 947 1457 2687 425 418 2715 2724 1866 2596 2333 342 1395 851 881 2459 2624 2871 1103 335 1632 1099 670 2334 1875 2951 2315 2686 1200 446 1990 2065 2085 436 2513 534 2807 2327 1513 2529 1891 2009 2826 1048 889 2201 2729 2464 2359 867 1880 1318 815 791 2683 197 773 2231 1487 2288 1742 2863 2643 811 2165 1135 2706 1037 912 177 1239 2786 1425 1315 527 147 25 814 2811 1303 34 2116 417 167 1527 2038 1431 949 1185 370 483 2824 2453 1636 1896 2609 708 1368 2277 888 619 1353 2816 691 1706 589 1562 1838 2267 754 1148 2418 887 2306 1545 2137 1006 2777 1870 2956 2802 585 2195 1199 1373 161 1122 2133 2594 2462 2850 2609 2182 1891 1634 1048 1072 2644 1055 2138 1957 2231 1081 2682 1873 2834 2948 112 1957 2761 1877 2231 2010 1387 1663 2962 2548 2626 1982 1029 956 2415 1516 1376 1185 483 2482 2824 324 1620 2047 665 2732 1245 1108 2112 981 2964 2001 428 251 156 1010 1288 1811 2415 956 1376 2901 990 2152 234 1533 1502 1038 77 1778 243 175 448 1753 2258 1627 242 2480 2333 2596 342 872 1155 1361 2218 2826 741 1634 1048 1761 1522 2571 2611 2071 870 2175 1015 2047 1620 1354 665 2043 339 1169 112 541 326 1435 642 2257 2403 634 2866 1094 2985 873 506 2140 1161 2345 2541 2301 147 1315 1378 1102 726 2336 1638 2293 1501 883 915 2336 2377 11 958 2811 2415 662 1303 2763 1542 2938 2225 1971 170 1815 653 793 1388 145 2555 1894 905 1913 1678 2095 1728 36 2066 89 947 2687 1059 2214 191 539 1701 2878 1701 627 226 1315 147 1124 1642 2844 176 1740 2024 425 2715 2647 1440 2446 1042 1959 1365 714 2889 2144 1232 1880 2050 1727 1318 1475 785 2047 342 1851 496 779 1186 962 147 1578 1642 1052 1158 1373 533 518 611 2403 2866 4 2876 2905 1949 2584 1808 1101 2421 320 1007 2812 1196 613 2107 2022 574 1871 2119 1033 1341 1224 1673 881 1886 933 2372 2213 861 2807 2748 2327 2529 2222 699 2152 645 2179 1234 565 1076 2856 801 535 229 2101 980 1078 1288 1184 1893 1378 987 1926 2136 2087 2024 2765 947 1467 578 2482 483 1685 1335 176 3010 1740 2024 930 2229 753 2718 993 952 675 1485 2624 2301 1425 1378 1568 2004 1914 1455 1505 2844 3010 1740 567 267 1416 996 1325 2839 2214 191 2840 2734 1730 434 124 1318 2638 117 324 166 1529 665 1253 375 2852 851 1299 2471 315 298 1038 1187 319 944 2809 1527 2782 764 2751 2119 2769 240 2238 1784 1780 2561 2731 1659 1419 574 1931 2104 817 2521 1280 1841 2278 2275 1931 1342 2104 2138 1931 2104 2521 2138 2280 988 181 1676 561 719 2088 1695 2877 2640 456 1087 672 2316 2945 929 1643 1316 333 240 13 43 1226 989 209 1421 432 1703 560 1961 1421 1703 2712 1042 1446 1365 1433 2263 1962 2479 2546 2542 1433 2479 2546 1962 2507 2479 1584 1503 2944 917 323 60 305 1777 848 372 305 1777 372 2944 323 1777 2527 98 1584 917 98 1961 1503 917 612 2520 920 991 2075 2452 402 1648 563 1717 1009 116 2497 2808 606 945 1816 13 207 2317 404 2510 112 2864 2389 197 1973 2364 1130 145 2120 1364 2449 1932 2071 2880 2763 591 1833 1995 927 1042 2043 1716 357 701 1869 162 793 1238 2463 2421 65 748 2095 1944 1993 2202 706 1648 1930 1953 2197 945 1344 2450 1207 853 2537 417 1245 27 687 2032 2152 249 2344 460 837 370 2476 560 209 1703 2434 2015 857 642 2819 2978 1522 1043 2090 2002 1017 1894 600 2151 1239 199 2369 2046 982 434 214 2787 200 743 962 2905 2944 917 2542 166 1834 2479 2540 2618 716 1708 464 1262 1011 2664 525 1287 646 2311 2286 2314 2370 629 2492 497 920 2473 1218 2151 2236 2477 1569 127 1560 1604 2310 2827 897 1693 2474 1296 231 1381 235 2233 1331 684 2021 2233 5 2974 1834 166 2476 665 70 722 1833 1995 2476 166 2542 1703 2731 613 1659 574 3003 2589 1218 2477 694 1252 2963 1131 2078 74 1828 1658 1141 1366 164 2274 668 1138 864 289 1461 2002 1858 248 2768 1468 504 2866 693 2978 146 2571 2597 1649 1871 1556 512 1157 942 681 1345 1880 2499 1318 1961 1421 1703 917 2123 1251 2951 399 2944 372 917 1777 2818 2107 975 785 2618 708 1855 948 2315 464 2422 2149 663 889 2964 2464 2418 894 2267 349 2467 313 1343 1598 354 439 2572 2808 876 1502 1533 77 1012 1088 766 833 94 2033 1284 339 314 2955 2469 33 1258 2967 1506 3 2826 2975 442 1048 2775 882 1548 2846 983 1879 448 958 1229 1366 1240 2274 2186 2975 2826 1048 22 33 1270 1704 2534 2111 827 874 1939 1082 1965 247 2181 744 938 304 2289 58 1387 2962 1970 762 145 2146 2130 1214 293 1470 2812 1007 1299 298 2458 354 1072 1933 1104 1228 2280 29 66 2587 97 536 1005 1102 330 1874 1682 857 2015 642 2875 182 1901 2970 2598 273 2875 2970 1624 2543 610 117 1522 2611 730 1043 163 1138 2557 1199 1022 2349 1802 947 967 2908 1032 1499 2337 210 359 1912 613 2022 2048 574 2438 2839 191 226 412 605 2362 1197 918 2598 1901 2970 1930 403 2708 1334 1361 1542 1155 872 2531 2325 1147 865 2839 539 191 226 657 2921 1568 257 1771 2476 1703 665 2803 785 2730 1620 920 2473 612 991 2588 1241 2586 665 40 2354 191 1701 2500 943 489 2815 46 2235 892 2237 2623 1404 2421 2357 2711 1240 1141 2274 2512 184 2382 2401 1563 150 810 1452 2447 1258 1715 2967 1247 827 2111 874 2644 817 2392 642 809 1404 453 145 1497 2530 1857 2332 269 1658 2522 1854 1224 417 167 688 2384 1044 1058 1364 308 1232 302 210 245 1805 185 729 52 946 2952 1029 2029 2304 24 1807 24 1860 244 1807 2029 244 1955 1807 2778 2113 299 1232 1758 1307 2406 1669 1700 1757 2494 1543 1015 1932 906 2880 728 660 360 2089 2167 2650 2109 2178 1663 2860 768 1387 1951 1479 229 1149 1313 2365 410 2360 1080 568 731 1580 1925 1492 1525 2655 2040 2179 292 1076 651 1231 2934 2679 2849 902 2366 1800 1761 2571 146 2611 2466 241 2398 2966 1894 2160 905 1678 1785 1403 1909 180 1864 2863 1697 2398 2297 2520 584 991 613 2022 2107 785 2099 1497 544 2541 2930 1039 2393 2978 2768 611 2024 1468 1824 2611 146 1043 566 8 2725 1289 2591 2195 585 1199 1793 2275 2278 2824 1686 2803 88 1620 51 2374 2821 1432 146 2571 1522 2611 1929 1026 518 1290 894 1591 1403 206 2375 1725 626 1452 433 2313 351 916 2393 2978 447 2303 1479 15 1446 1042 2157 2543 707 2638 2186 2746 442 2975 931 2154 1958 892 308 302 1232 1197 714 484 299 1232 2614 2170 2710 2433 2961 2367 530 2678 2419 306 1948 1164 2712 229 1042 1365 182 897 1065 984 1342 2138 1931 1418 2686 2300 2123 2968 1890 2436 2559 2023 2086 2559 2436 2023 2627 1842 2896 593 2896 1842 1860 593 1587 2240 579 1232 466 1106 135 1716 2382 2001 2964 428 978 1178 2593 2334 2537 1245 700 27 1976 674 2028 1004 1963 2456 410 1128 235 737 2233 684 251 1078 156 1288 1479 2929 1042 1149 2491 1899 2569 1941 375 1395 2852 851 1831 2592 1031 2473 854 2175 870 1015 1379 2960 819 2689 243 983 175 448 2765 947 89 1059 2325 2637 1055 2138 1809 2858 1612 1288 895 2771 1413 2611 876 2063 1502 77 2960 1379 2175 1234 1143 1435 1999 642 956 1751 1531 1811 174 1434 2934 1936 2000 1716 2446 1365 899 1170 710 1671 2228 1344 1267 1633 2480 2333 2047 665 1771 1241 2476 665 20 1846 1178 915 3000 1994 1162 2274 1836 1800 2366 1470 837 2578 2294 2595 2384 1473 2982 1364 1167 1514 1398 2719 823 310 811 2065 2283 1838 838 874 1901 2970 182 984 95 589 1197 1839 2174 1504 2309 1051 2368 1825 509 938 192 959 331 2719 1052 796 910 1122 2593 768 800 1387 75 2887 952 1485 18 1979 2900 973 18 1277 1979 973 2111 1921 1247 874 909 1806 385 2744 1873 2948 2834 2274 939 794 2044 2898 2909 1261 513 2984 1718 1895 1912 2969 46 480 2235 2237 742 52 1945 1029 2084 3003 2355 2267 795 2420 2407 2848 2223 1791 2680 770 1786 2784 2124 875 1054 616 2510 1234 1257 1562 589 1838 2787 1979 200 1949 1373 0 161 2133 2001 2675 96 2966 566 2931 1449 8 1343 194 535 1598 1100 1836 2423 1800 848 973 2399 1669 2480 2586 1771 665 2300 1424 1393 2968 656 216 2840 2734 235 1331 737 684 82 1754 1747 350 2181 784 1674 1209 2644 2521 817 776 543 2874 2107 785 1720 1778 657 2921 135 1320 467 1716 67 1703 2077 917 445 1228 1546 2848 1311 537 1842 593 2194 601 888 550 2093 296 955 1743 2395 2831 2510 1716 2811 2404 814 495 2943 947 774 578 2126 341 1711 1243 1367 2786 199 2360 2209 1023 42 2610 1270 1704 33 2564 2091 1133 230 2846 1427 2856 2471 903 2210 1080 731 1580 337 2849 1105 1800 2612 507 80 1986 1342 2521 2104 2138 266 558 503 637 800 768 2378 1387 752 1649 2123 2968 1320 1106 2831 1716 2343 1619 2538 1899 1054 1968 616 1234 1744 1383 2072 1120 983 911 11 602 1426 867 610 249 700 1245 1202 27 2073 2677 2636 1452 2748 310 2327 2529 2449 2071 608 2880 1315 147 1425 1378 390 2133 2063 77 2449 2109 1002 2880 876 1533 190 77 1959 1007 1230 298 1572 1899 2104 1941 1793 2482 2986 2824 2933 1075 2156 2848 1348 866 1413 730 2941 2954 2454 629 1913 2090 1017 1894 867 2152 2032 249 279 193 1548 1979 902 1800 994 1604 80 501 2632 893 295 2455 2651 2667 2449 1002 1932 2880 2115 710 1588 2421 2943 774 947 2687 2463 212 1101 2421 2080 159 1147 1905 1347 145 1970 1364 1358 1997 1962 2479 950 650 394 792 937 1919 592 594 2161 1193 93 860 1132 2197 2181 304 1193 679 93 860 181 29 2280 1676 1061 2688 118 594 2711 100 1972 2179 700 2537 2185 1245 391 129 1266 341 1649 1137 2123 399 1413 1348 730 1043 2398 2748 2807 2966 2094 1714 718 1203 2900 1548 301 973 2528 301 1548 973 2814 1545 770 2137 88 1620 2730 2006 610 867 1426 1318 442 2975 2912 984 2389 487 1464 197 1772 2912 272 984 1948 2222 687 645 2446 2948 2043 1716 653 2016 2259 1132 1730 1722 2046 434 2046 1722 1275 434 330 1939 1005 1874 1700 2539 2494 1757 2912 2975 2746 984 1128 1356 56 2360 2268 964 2932 1165 3006 897 2582 984 1618 1346 262 16 2384 2261 1197 1364 300 1467 1488 578 1919 332 1850 492 2641 1849 808 471 2143 605 532 412 759 332 750 492 1516 2415 1073 1376 2120 1130 1453 145 2686 2315 1875 2149 948 708 2277 888 759 1265 1850 492 2076 1342 1010 1945 1322 737 2836 684 102 1544 625 1305 2032 1936 1208 2237 1541 1619 759 492 713 913 811 2065 759 1619 1865 492 2912 76 2582 984 2522 2654 1984 2655 2101 2521 980 1288 1879 983 11 958 565 1139 470 1234 1083 294 570 1826 647 2227 2089 642 1770 1208 1441 2152 182 76 1772 984 1761 1522 2749 2571 784 1440 1825 938 1582 2722 1566 2159 2474 445 1546 2848 1887 1376 2811 495 1367 56 1356 2360 2331 1531 2452 2137 2614 2710 1121 2433 2001 184 1864 2966 1631 916 433 690 2644 2521 1790 2138 1726 1487 402 2288 754 1590 334 2418 2592 2155 4 2876 2064 1246 656 2840 2178 2650 2109 1002 233 320 99 1544 1170 710 1671 1404 2766 2932 964 542 1115 224 2048 2459 616 2058 1994 1716 784 2181 938 1209 695 2612 1378 1986 1541 1256 1865 1619 2498 2861 353 903 2383 2012 18 1979 2355 2532 349 35 2343 2939 2089 929 2120 1044 2982 1364 2778 1587 2113 1232 2089 2939 2272 929 2194 1368 734 2336 2480 2047 2333 342 2900 1548 1089 2846 109 1548 2528 2846 2030 882 230 2846 1089 882 2304 2846 1205 1726 402 2288 2021 1030 351 690 2988 2136 622 151 453 1404 793 145 1956 943 726 1638 511 988 1036 2262 2384 1197 2203 1364 1535 2513 554 1721 1306 501 507 2074 2243 167 417 688 695 2155 4 1986 747 999 1988 1512 1715 2447 475 1258 1242 1115 2264 2459 2836 737 2251 684 344 1918 1808 2421 1659 613 1466 2048 2061 1900 783 1881 625 1544 99 1305 2417 1377 2514 2553 1929 1026 549 1468 2979 2924 1831 2318 1588 344 2115 2421 2829 2022 785 2659 1380 2894 1335 1071 411 698 2571 1309 889 663 2201 2464 1545 655 33 2306 2483 108 874 2146 2537 700 1202 27 5 2974 2275 830 572 762 874 2146 403 2708 1334 1386 2919 1768 2853 941 1308 2600 1655 2613 194 1308 2799 2613 782 874 1838 1004 2948 2058 2043 1716 2219 785 2148 342 1341 489 1556 2716 1118 2936 2761 2357 1888 246 1390 2152 1724 2421 1404 2357 1536 1739 1789 2099 2527 1991 2077 917 1187 2720 2578 1660 847 221 219 1432 1483 491 1296 1504 2447 1715 363 2967 2782 1317 2576 1590 2556 760 639 2414 2605 146 693 2303 1469 1468 1142 2866 439 2458 1268 2410 978 2593 1178 2962 1971 170 653 201 2163 2136 1926 1854 2228 1439 1789 14 4 2155 695 147 2077 1703 558 917 2845 674 2903 1004 1170 1671 899 1404 1614 2305 2027 2583 735 1871 1649 2716 2768 2024 1740 1468 2641 2721 327 471 2175 2735 2960 854 1684 1531 2137 851 124 2432 599 151 965 833 766 1392 2048 1648 2075 1419 699 1028 1208 1936 3003 1218 2236 2477 2032 1208 699 2152 2069 2531 1147 1905 1068 1791 2223 316 1327 2916 322 776 2205 115 178 154 507 501 80 893 1689 140 1749 2662 1226 254 1801 989 248 343 1461 201 951 1694 861 2563 2759 1863 2772 1695 617 1735 1768 986 420 2963 1948 234 565 2058 2274 1076 1837 2834 2948 2274 742 946 1029 684 2664 1262 1011 2439 1276 2540 716 1708 1647 2119 2716 240 2950 2701 2460 1468 2560 47 1599 1548 246 1770 1441 2152 824 1290 2530 2332 950 319 650 792 1943 2235 1336 480 1943 849 2235 831 849 1336 2235 831 524 180 349 35 2950 504 2844 1468 1050 801 2919 2613 701 1116 357 1869 1334 2197 403 304 2031 747 1728 2742 2316 1180 1606 2945 1466 613 37 2022 608 2510 2831 2880 781 2033 2220 2364 1539 910 796 1122 1188 2403 576 2866 1611 268 1495 2866 1639 2500 1922 309 1862 2996 2310 1693 1973 197 2683 2364 2102 2104 813 1499 906 404 2510 2880 1180 1606 2945 2160 2257 634 1611 2866 156 251 1010 1530 2560 591 1295 1996 544 619 340 691 1032 2553 1377 1499 2568 2282 897 1693 859 1532 1539 1122 390 2063 2869 77 2228 1789 2503 1595 810 2677 2841 1452 2091 230 882 2846 37 1393 1424 2659 39 218 2537 27 505 2996 1517 1693 1931 1334 1933 2939 2781 1220 486 144 2043 2510 2831 1716 1174 2090 61 744 1338 2172 607 2855 2831 2510 2043 2880 2847 2091 230 2609 702 1121 2710 2433 610 117 1426 249 2522 1984 2654 1854 2599 218 948 2409 1224 1135 881 316 192 2445 640 1192 89 947 2765 2687 2043 2510 404 2880 1593 1036 1705 154 1415 878 1738 1197 1819 700 2185 1037 2686 1251 2951 2123 1217 2080 2626 1146 2165 1902 2706 1135 2887 675 952 1485 2832 856 1666 2880 1182 2040 292 1076 2040 2045 715 2179 2181 1334 744 304 2373 364 120 112 58 1560 800 2962 1272 2728 1657 2756 1627 2258 312 242 1769 1518 1768 21 2592 423 1349 828 2988 2087 2163 2136 69 1324 2345 1946 2071 1015 2175 2510 1342 1931 2104 1418 111 886 2860 1387 2700 2606 2381 2160 1764 1284 120 112 2865 1351 2054 1419 1400 1884 967 236 921 884 1400 236 815 1217 2683 1146 1873 2948 2274 2864 1508 1429 2106 578 1181 1884 884 236 2343 2272 2939 929 330 1102 1368 550 109 1548 595 2922 2466 2753 241 2966 2300 2686 1507 2253 354 757 2392 72 2986 639 760 2414 704 512 829 1491 1162 1994 2058 2274 1796 2309 676 1201 630 2107 1419 574 2232 2210 2425 2983 2032 1337 867 249 40 1026 2403 198 141 2256 331 2581 1973 2683 1714 2364 2430 2543 1412 2638 2614 2992 2170 2433 72 1930 1933 945 754 349 2994 1244 2972 384 1029 684 2283 408 1473 1838 942 1728 545 2429 1257 2903 1976 1004 1868 1524 1223 1203 1398 1176 508 1071 87 2651 794 2734 1576 1811 324 1376 878 291 582 1232 1181 236 884 846 1085 374 2696 2880 2971 2236 215 199 190 2063 876 77 1607 2106 1467 1043 1688 2184 548 2932 2047 785 2803 1620 1513 2788 1978 426 2442 352 214 828 2664 2422 464 2149 948 1855 2618 1708 302 1197 1058 1364 1868 2565 1699 1203 1698 438 1346 1722 621 2473 472 991 2432 1727 622 151 174 1028 1434 1936 639 68 2556 131 1697 2512 2863 1864 1069 1737 1309 2303 2162 1398 1167 1514 2200 719 1538 298 1481 896 2511 461 440 1652 2895 891 2460 1469 504 1468 541 1788 776 642 119 2244 1866 2573 2446 1959 1230 1863 631 1764 364 112 2111 838 1921 874 1242 2264 1395 2459 1258 424 1506 2967 2219 2047 2854 785 327 2721 2085 1641 87 1226 2651 588 53 72 1930 1933 854 2960 2175 1234 2377 11 2194 2336 2941 2354 2954 629 2114 1524 1699 1203 2396 864 1138 2077 1788 642 2089 1899 2800 832 2649 2601 2722 150 1563 2159 314 213 2706 2736 1910 1125 874 2936 2028 2936 2761 7 1436 1406 1732 2411 606 2064 656 2840 2592 2876 2787 743 1774 1959 667 1365 2910 2481 993 952 3010 1814 1740 2158 1505 1740 1814 2158 1788 817 642 1899 1540 2690 1047 1714 223 1886 1673 688 613 2048 1659 574 1135 316 1224 1037 1806 2862 1391 636 1027 2873 1152 210 1627 1753 2042 2258 1223 112 2094 1203 661 496 1424 2968 34 2798 247 1874 1246 1592 2064 656 1360 2750 352 828 1723 607 160 2855 1331 737 2562 1714 1467 2978 1621 1043 1506 219 2425 1432 1675 402 1487 860 2881 1415 605 2143 840 2614 1121 2433 907 1096 1935 1530 958 2665 448 602 694 719 1252 1131 867 1337 610 249 1124 147 2155 1642 1206 1099 1920 834 2636 2073 1452 834 482 609 2709 197 1768 339 2853 21 610 1318 1426 117 746 52 2514 1945 1161 2541 340 691 2865 2054 2211 2682 384 1331 2626 1029 288 413 2241 2645 244 1955 1807 2023 244 1807 1860 2023 24 1807 2304 593 24 1860 1807 593 2446 2058 2948 1716 653 1461 343 201 2331 2452 842 2137 88 2335 1401 1620 549 1026 1929 1561 1768 941 1420 2855 2874 613 2107 785 2474 237 231 1296 2865 1120 1419 2682 1467 2978 2819 1621 1527 1359 2038 949 526 3007 2067 426 296 1448 2093 955 978 2334 2593 2962 1434 795 174 2934 1486 2078 552 1658 954 919 1575 506 2091 882 230 2609 859 161 1532 1122 1739 2276 340 544 2032 610 867 1337 2235 892 651 598 40 198 2354 1701 2559 2121 996 2914 2121 2559 996 1561 2121 1929 996 542 2121 996 1929 1561 1314 1420 1653 2855 2885 853 1527 1980 412 2143 605 1197 2568 897 2827 1693 2239 1280 1793 830 2819 1621 2978 1043 909 1806 2455 385 362 1428 1175 217 396 1150 2419 2035 1217 159 2080 1146 1755 643 1623 1994 37 2264 2022 2659 124 2638 1318 151 2121 996 1869 542 1869 996 2121 2914 1984 2638 2504 2655 2971 215 1272 199 1411 2283 1473 1838 1981 651 892 598 2120 1044 1364 1912 2442 828 214 743 2139 672 2343 929 2527 2077 1991 503 2043 339 1768 2880 51 1330 318 1632 1065 897 76 984 2901 1131 1252 1196 362 1175 2046 217 855 75 2695 952 1520 2657 517 867 196 1327 326 776 2302 703 1881 2112 1316 1964 333 240 2181 1370 1209 1565 138 1152 2873 210 1997 1378 1893 987 293 804 2130 1470 1216 2833 272 1 2177 2833 1216 1 2511 2027 2305 2583 1797 1750 2454 629 163 1680 1702 1199 579 2240 116 1232 282 12 2122 2401 832 2027 896 2601 1974 37 23 2264 2423 1800 1836 1470 2438 2750 136 537 233 625 2707 1544 2520 991 2297 828 1130 762 453 145 1682 2089 2227 642 1720 657 1384 2921 1730 2734 2338 434 2122 12 755 2401 2877 2640 104 456 363 2447 475 1715 183 2305 2478 2448 1863 298 2125 1365 1415 2143 1924 1197 1730 1275 1722 434 243 1778 1720 2921 1920 1099 2505 834 2085 2721 2502 1641 1820 2331 1993 2452 1848 990 2457 1131 1603 2215 2127 1014 2031 1728 122 2742 755 2122 44 12 2113 1924 1215 299 1964 489 1341 2716 2043 2058 2948 2864 2355 754 1148 2267 2319 1157 512 681 1393 23 37 1424 1044 1058 1364 1912 746 1945 2908 236 635 1944 2745 829 854 2175 1015 2510 1825 1440 2260 938 2784 1977 2124 875 1412 2543 2704 117 1922 2500 1964 309 988 2694 181 1676 814 2404 2811 1303 1768 2880 339 21 1683 2136 2050 151 587 1086 2666 281 1061 236 2196 118 1793 1280 2278 2275 84 2571 1895 2969 1497 2995 1857 2530 2152 645 687 234 1104 1228 29 2420 1166 1959 1774 1365 869 385 2667 1278 2938 1509 1213 2225 76 897 3006 984 2297 1360 2442 828 2605 1309 146 2303 0 1187 1038 944 2807 2330 2466 2966 823 1731 310 2065 1917 1949 1465 743 2424 719 1998 1695 1088 1576 2415 1134 566 2725 2312 1289 993 675 207 1485 711 825 2776 350 1885 2852 881 851 1869 2121 1087 162 2467 1944 313 1598 521 588 2895 536 3005 2935 1612 1288 686 894 2418 349 873 1094 1111 2985 2775 2560 1599 1548 60 305 1777 973 848 1777 305 973 2708 2939 1334 1386 2382 1864 2001 184 1841 425 1825 1440 6 105 2859 1198 1993 402 2452 1648 2280 2156 69 1676 1761 1309 698 1912 1776 650 2633 1904 670 2975 768 1048 2381 3008 2296 2160 815 671 1217 1146 1957 1877 2761 7 1569 1560 902 1604 1665 913 713 2065 2009 2975 768 886 1265 2674 2724 1878 404 818 2510 2864 1750 1349 2229 991 2129 2947 1100 1105 1518 1768 2880 2433 617 2880 1768 2433 1188 634 826 2403 1982 1010 1029 1530 2233 1945 742 236 544 1353 619 691 60 1917 1277 1949 323 19 60 1949 2073 2375 1452 834 1257 2903 1004 1839 888 1368 734 2194 1067 2724 2674 1878 1847 1800 2567 2561 282 683 873 1601 1674 1209 2490 1565 586 1332 907 1096 692 132 152 1631 2784 148 2675 1786 1666 2109 2449 2880 2696 1932 1002 2880 2017 514 902 1604 2749 2833 2105 2970 2365 600 1239 199 816 47 193 1777 1425 147 527 987 2849 994 902 1800 1047 1714 737 1203 1917 19 1465 1949 654 1804 1944 903 1180 2945 413 1678 2309 2590 676 187 1914 2004 129 341 2048 1419 1659 574 2316 2025 2645 2945 2857 2635 1221 1704 1486 268 1188 2866 2654 1492 2638 2655 527 147 1183 987 358 1198 1560 1604 1522 2978 2833 2571 606 2064 1592 656 2946 2703 1358 274 2080 1010 2041 1530 1753 1627 1485 242 1766 3005 2858 1288 2557 289 668 79 300 2106 1467 578 2562 737 1331 684 2941 1349 2354 629 1395 2264 2022 2459 610 2543 1683 117 362 982 2369 2046 1838 145 408 1364 1982 1029 2626 1530 2497 2197 1953 945 1588 2820 344 2421 1126 362 2369 217 437 946 2972 1029 1761 2571 698 1309 1113 2725 8 1289 922 132 1259 692 271 1074 1731 2737 1725 1690 626 220 1415 2881 1924 2143 2546 2542 2479 380 852 103 2501 1551 920 2492 2473 743 392 2924 928 1041 560 1961 1703 380 1961 1503 917 380 1606 2977 2606 2160 1761 1347 302 1912 2381 2977 3008 2160 983 243 1558 602 2513 1091 1535 554 1379 819 441 2689 1167 2419 2963 1164 2032 1337 687 645 1760 2204 2823 1839 622 2136 2163 151 2317 1627 43 1485 1065 682 3006 897 33 2564 1704 2461 245 185 526 729 976 2416 1591 206 1959 2471 1007 298 241 1864 2398 2966 698 2571 1761 1912 1831 1031 522 2473 344 2820 1918 2421 2784 1786 2675 96 2343 2945 672 1878 2307 2094 2948 1203 2430 124 1492 2638 2222 645 2152 234 1866 2882 2573 342 1486 611 268 2866 1810 1120 2075 2231 1355 2223 2165 316 1633 1344 1267 853 920 991 2520 743 862 2868 1442 770 1487 773 860 2231 2044 794 939 87 826 2906 114 634 895 1413 866 463 1734 1435 326 642 2181 1674 1334 1565 1919 492 1850 592 2845 860 1160 2231 1094 2697 2985 506 2787 1979 279 593 222 1160 860 2231 222 860 773 2231 2531 2637 2325 865 611 1468 2768 2866 1873 112 2948 2864 2761 1120 1810 2231 2878 198 1701 226 2977 2160 1180 1678 2782 1207 2450 853 1783 2200 1998 719 547 2737 1480 2529 2206 1741 1177 286 2474 1546 2420 2848 1413 2611 1824 1043 2215 2122 1282 1903 1111 1094 1942 2697 1739 340 1161 2541 2463 2421 1101 2555 2489 1891 2182 2334 3000 1162 1837 2274 804 1198 2130 1470 2363 2415 2404 1303 2802 166 324 665 1898 2648 2662 777 1127 2936 2028 7 1688 548 2348 2322 768 2334 1663 2962 1817 738 2141 2216 2326 110 1823 2958 2831 608 2395 2510 601 965 766 1392 394 1904 438 792 906 404 818 2510 1954 1814 1519 2158 1814 977 1191 2158 1954 1210 977 2158 2876 1949 2787 743 425 2647 2260 1440 1228 2420 1546 2848 1687 153 1609 427 2937 2504 2638 2655 541 776 326 642 2319 963 1157 2794 978 2489 2487 2334 1585 2371 1602 1528 1593 1705 2205 154 1605 2220 2389 2364 549 1740 1929 1468 2155 1378 2612 1986 1914 657 1568 257 1885 33 22 2306 881 851 2852 2459 622 151 2163 1854 1955 1896 1807 2023 1045 1200 1990 2065 1152 624 359 210 2885 1527 2038 1431 1553 1187 2578 2595 2845 1004 93 860 789 143 2270 454 1006 2899 657 257 2937 2543 2638 949 2061 703 307 2757 1415 1924 1215 2113 699 1434 1028 1936 2026 1467 2978 1 1415 605 2143 1197 683 1094 873 506 258 1499 2104 1418 1344 1654 587 1980 2354 1701 198 226 765 1587 2778 841 2483 2388 1853 2146 1910 827 1247 874 2120 1347 1326 1912 1384 2921 657 257 20 915 1178 1452 1924 2143 317 1197 796 859 1539 1122 918 2833 2749 2970 1529 324 1376 495 1594 1355 1521 2116 2512 1864 2382 184 1007 1544 2942 1196 1810 2761 1970 2357 1501 1582 997 883 804 2130 1198 2687 65 2095 649 2066 429 97 1801 536 2619 1795 1181 846 2605 2571 146 1309 999 747 2031 1512 900 204 1963 2360 2662 1749 1689 405 2272 2343 2939 1386 1427 2049 2660 2471 1334 2939 1931 1386 248 1554 1132 304 1921 2767 1247 874 2079 2771 1947 2611 1593 2262 1036 154 473 198 1938 2954 616 2510 2058 1716 1847 2444 1784 2561 1955 1807 1896 2609 33 1704 2306 2461 1407 611 2768 2866 1862 401 2764 1693 2157 707 1667 2638 513 2532 1644 35 1842 191 1860 2023 1172 366 1984 1658 1461 653 2259 1132 1545 33 655 2461 1580 1506 2425 3 2222 687 645 234 518 1290 2530 1677 2718 1750 2229 991 2991 1232 2144 210 1760 2823 1197 1839 1931 1899 2343 2939 2319 769 1624 1491 2265 555 2619 846 1221 1423 1445 2306 321 1370 636 2197 1206 2487 2182 2334 793 2421 2463 2555 2235 1208 1028 1936 1760 1197 302 1839 1848 1131 2457 1196 2343 1931 2939 1386 2079 146 1824 2611 965 911 1012 833 1322 1795 555 846 1439 2228 1633 14 595 1548 109 2846 2948 2094 112 1203 2833 2975 2105 984 1326 1347 2120 2969 258 1619 2104 1499 2307 2948 2834 1203 535 801 1534 229 2467 801 1944 1598 2871 1960 1021 1893 20 1233 1832 915 2119 1871 1647 2716 402 1704 1675 2306 2161 93 2204 1937 1015 2071 2443 1932 412 2203 2143 1197 1836 2366 1198 1470 2025 2945 2316 929 360 2008 647 2089 2284 595 109 2846 2754 1987 2551 941 2302 1881 721 2112 1942 1477 1821 2697 1712 2019 2402 373 2419 1150 306 50 389 1846 1154 1178 2236 2971 1123 2477 124 1318 2432 151 1853 2388 899 2146 2451 2913 2577 461 2590 306 1150 50 932 780 2052 2700 621 472 2718 991 2147 1301 1099 834 25 2946 814 274 2222 1948 687 234 2432 444 2499 1318 1931 817 1899 2939 2319 512 704 1491 2498 829 1944 903 37 2022 613 2659 1246 794 2150 656 2077 432 1703 637 437 1982 2952 1029 1031 2473 2592 991 75 1753 2887 1485 136 537 1360 629 2706 1829 1819 1037 1831 2924 392 1041 1433 280 2263 495 2911 1700 2849 902 599 622 1109 151 181 2694 29 1676 711 2776 202 350 1792 882 2775 2846 969 2556 68 131 714 2144 2991 1232 1127 381 481 2936 3009 3007 3004 426 508 1398 564 1176 2309 2516 2590 187 1158 396 382 2035 2437 353 2704 829 458 1384 501 2921 2279 2835 1010 1530 19 1949 323 1642 397 484 714 841 1890 2436 2023 2914 2164 2023 133 2914 2701 763 1026 1561 1751 1253 1531 1811 429 1801 1583 536 1006 2980 2899 257 2026 2978 1467 2106 1488 947 1467 886 2532 754 2355 349 963 1049 2994 2794 409 2376 2299 2953 2215 1903 2127 1014 2623 145 1404 2357 2874 2148 2219 785 998 2564 1581 2461 2827 2975 670 1048 2489 2334 978 2962 2935 751 1288 2553 1810 2075 402 2231 2673 1295 668 79 2997 1447 2128 198 1848 1783 1131 1196 2102 1377 751 2553 351 2313 2239 830 1265 2724 1850 492 2948 112 2834 1203 2901 990 1131 1196 2049 1613 667 229 2175 1054 2395 2510 992 2514 52 1945 2703 1997 1184 987 1352 1761 210 1309 312 1627 2042 2258 1139 2510 818 2864 1603 2135 1080 925 2862 1554 1953 2197 363 252 1547 150 751 2102 2553 1941 817 2521 2104 1941 521 551 939 588 2869 1963 900 204 44 2544 755 12 2821 847 219 1432 403 2197 1953 304 768 2975 2009 1048 2099 1789 1536 14 854 818 1139 2510 3009 1978 3007 426 1970 1404 145 2357 2040 1234 2179 1076 104 29 2694 1676 1500 17 982 1254 1198 2687 800 1059 1073 1887 1916 1376 769 2543 1624 1491 2707 2134 233 903 2852 2022 1395 2006 772 1703 2333 665 2636 1178 1632 1452 2593 1560 2495 1178 2544 755 12 2401 1953 2197 1554 304 1691 447 238 2106 238 2837 1508 2106 447 1039 2837 2106 643 1016 1225 1994 823 310 1742 811 483 2344 837 370 1991 917 1195 1777 2266 557 2865 1419 1331 1472 2626 1799 2060 606 216 2840 1265 1850 2724 592 17 2369 982 434 1118 1724 1404 2357 1331 2683 1472 1799 1188 2496 576 2403 2051 2206 1741 2679 1067 2724 780 592 2446 1716 1042 1365 68 508 564 1176 837 2344 2633 460 673 2907 1020 168 1124 2155 2876 1642 752 2300 1393 2968 2802 67 166 1703 67 816 2905 917 591 2763 1213 2225 241 2753 1864 2966 1749 140 1394 644 2774 2575 1808 897 1466 37 1974 2264 2343 2104 1931 1619 613 2022 2829 2659 2017 902 994 1604 360 2008 2089 929 2829 2022 613 785 1785 894 1403 180 1302 1586 106 642 418 2196 1782 594 672 1619 2343 1878 1228 2933 2156 2848 525 2149 2664 2311 1903 2122 1282 755 2662 570 2976 777 1817 1250 738 2216 200 2787 1949 743 2129 2947 479 1100 1142 1026 2403 1468 2210 2135 1080 1603 1283 2101 1327 322 1172 366 2504 1984 1027 1552 571 1309 571 1883 1069 1309 1552 698 1883 1309 1144 1372 1938 2954 1271 1830 928 461 616 2058 1968 1076 1842 1860 1807 2023 1277 1949 1979 973 2852 574 2022 2006 150 915 810 1452 1362 1687 1609 645 672 2945 2343 929 74 260 2770 2078 1571 1087 2121 162 1300 1898 904 479 859 796 161 1122 425 2260 1825 1440 2811 1376 2415 1303 243 1720 1384 2921 695 1378 2155 1986 988 511 2694 2262 3009 3004 2330 426 2055 85 652 274 633 219 847 221 362 1333 1428 217 1745 774 2943 2687 1898 1300 2947 479 1545 770 33 2461 97 989 1801 536 1742 310 2863 811 2051 1741 2235 2679 1549 836 821 1070 2223 1068 2680 1791 2499 1318 1727 151 1498 2473 63 1235 1673 1886 1224 688 2307 737 2094 1203 2931 2371 1585 1528 63 2876 2155 2473 2871 2624 2488 1378 1372 2370 2314 2954 2927 1581 2958 2564 1823 2958 850 2564 2711 1141 100 2274 1384 657 2899 257 2281 692 916 118 921 2628 916 118 2234 2683 1331 1714 1586 2272 2089 2939 680 1030 2226 2108 2890 603 2567 283 1746 2114 1030 2108 1993 2452 2852 1648 436 1091 2513 1059 132 2313 433 916 1015 2510 2071 2880 1095 1654 2503 1595 1997 495 814 274 822 896 2913 461 1765 2008 2538 1899 5 2233 2021 846 136 1966 537 226 2018 2683 355 1799 1639 448 2665 602 2878 2954 198 226 667 2471 2660 229 976 206 1591 373 2102 813 2104 1941 1523 2297 1349 629 2575 1918 2774 1808 1188 268 1611 2866 1968 2058 616 1234 1633 853 2885 1980 516 947 800 2687 520 1340 1084 1289 2628 236 916 846 741 2975 2827 1048 2644 1790 1055 2138 1534 1951 1613 229 1481 2577 2913 461 754 2532 2994 349 312 2285 43 242 1700 2494 1281 1543 26 2943 774 578 813 2104 1619 1499 2612 522 2155 1986 2150 794 1246 2898 2114 638 2834 2108 1866 2333 2882 342 398 168 2834 2108 2457 1131 990 1196 113 547 2737 2563 2394 2977 1180 1678 612 753 584 991 2582 2827 2975 984 1647 1574 2119 240 2151 912 1239 2477 1370 2197 321 1565 2811 2404 1376 1303 423 2787 1842 828 2181 1209 1674 1565 1188 1611 634 2866 1402 1979 2787 593 1931 2104 2343 1899 1205 402 1648 2288 2438 537 1966 226 515 2302 1436 1881 178 2987 357 162 95 2362 605 1197 444 1426 1345 1318 962 147 2905 380 2935 2521 2034 1941 2548 2626 1472 1799 647 2008 575 1899 302 1364 93 1839 839 683 499 506 1990 823 1045 2065 2001 2753 2675 2966 1467 947 1488 578 202 1448 296 955 820 1811 1395 2006 1809 1288 1612 2553 2980 257 1006 2956 1752 2306 887 2137 1867 1632 2334 834 2424 719 641 1131 222 773 1160 2231 727 1704 2857 1937 248 1554 201 1132 2857 923 1193 860 1885 22 2452 2306 1590 754 2994 1244 222 923 1487 860 727 2635 1704 1937 1430 1617 1465 743 2908 1945 1032 2553 1762 2533 770 2461 2845 1193 222 860 2852 1395 2022 2459 197 2364 2199 21 940 1081 773 2231 2342 882 2030 2846 2304 882 2342 2846 2528 1548 443 2846 443 1548 2900 2846 1427 2134 2861 903 1508 452 1429 578 1172 1397 74 1984 2081 368 540 1695 882 2453 1807 2609 1898 2662 1145 904 2627 191 1842 537 2715 2949 2724 2160 2680 770 1791 1134 1931 817 2104 1899 1081 1877 1160 2231 1735 941 1967 1923 314 2475 213 2736 1767 1442 2868 770 97 573 2083 989 1863 719 2088 298 2181 2197 1370 1565 1331 1029 384 684 962 2944 2905 1642 214 1617 1140 743 2534 108 2111 874 544 2515 1353 691 1224 167 1673 688 1924 2113 1415 1232 800 1198 516 2687 1933 1565 2410 945 1675 2452 402 2306 2761 1004 1877 2231 656 794 216 2734 168 2608 1670 164 40 191 2559 1701 2431 892 1981 2136 1750 1523 1349 629 1093 713 913 811 518 1929 1740 1468 2063 2133 1502 77 2765 947 774 2687 2998 2462 2594 2609 995 2813 2240 116 657 1778 1568 2921 1007 2942 1252 1196 1967 1297 2600 941 718 1714 2094 2364 344 2820 1588 1918 800 947 516 1387 3002 1740 1981 2024 2726 170 909 2744 913 1200 1045 2065 1636 882 1792 2609 418 592 2196 594 1978 3009 2330 426 82 1202 677 27 2542 1703 166 380 136 1966 226 629 1999 1435 1734 642 2905 917 962 380 1539 2328 1201 910 1788 776 817 1899 1516 1625 662 2415 2036 1208 2062 2237 1322 1795 846 684 1182 1234 2040 1076 2187 1472 2683 1799 707 2638 1925 2655 2559 191 2086 1701 697 1939 1965 247 786 1030 2834 2108 1981 1740 1263 2024 259 1096 2626 1799 1319 2555 2598 2969 2867 2317 1906 1485 1671 1404 809 2146 627 1701 898 226 2592 2787 423 828 817 776 1788 642 2654 1984 2638 151 1385 2543 2157 1491 1715 2967 1258 3 1607 2765 1467 578 2689 565 2179 1234 1453 2555 1319 2969 2115 212 1238 2421 193 2905 1777 1949 459 1414 1835 480 2113 1924 299 1232 581 148 2675 2784 400 944 204 77 2054 1744 1120 1419 2219 2854 2829 785 895 2506 213 463 1299 2471 1007 903 1257 2926 128 1839 904 2662 1145 405 959 2719 192 2035 1052 676 2590 910 2998 2594 1896 2609 1765 2569 575 1899 1457 2353 1745 2687 1519 1740 1981 2158 1929 1740 1191 2158 1403 1591 2416 206 2833 2970 2486 984 2449 2443 2071 1932 2528 2922 301 973 643 1623 188 1755 1767 770 2868 1134 1395 2022 820 2006 517 2657 2359 867 1756 2050 892 2136 2783 666 2349 1387 2860 2010 2783 1387 666 2010 2289 1387 2272 2945 2343 1386 1872 583 2469 2461 12 713 1093 811 1391 2070 2455 385 478 1893 85 1997 1520 1544 2942 249 2758 1808 2820 2421 1349 991 2592 828 218 1708 948 2409 381 2780 1125 2936 1943 480 806 831 1032 2908 2553 1499 1608 2404 1997 274 1756 892 2050 2237 1737 1069 2702 2303 2340 1517 1862 1693 19 2876 1465 1949 687 2152 2032 645 403 61 2708 1386 1181 846 1795 684 898 1701 539 226 2772 694 641 719 2474 2420 795 2848 1253 2852 2452 851 1715 1258 2324 3 2997 2403 2290 198 983 1558 911 602 2624 2301 1378 1235 757 1302 2392 72 2276 1739 2099 544 2230 1210 1741 286 1371 1177 1210 286 1688 1177 1456 286 2594 1896 1840 1165 2947 2494 1898 1543 1263 2136 1981 2024 284 2812 2341 1196 1987 2551 2246 2754 581 2784 2675 96 522 1378 2155 1235 2645 413 1180 2945 1596 2011 1428 1175 2491 776 1899 1941 2412 625 1426 117 2064 1126 2957 2840 2402 1712 2666 2019 692 132 916 118 95 1738 2823 1197 1977 1805 924 644 1384 2899 2980 257 497 1498 2723 2473 979 1061 2196 594 1919 979 2196 594 2818 975 2730 785 728 1707 660 2089 551 87 939 588 2412 1426 1318 117 2758 2774 2820 1808 84 918 2749 2969 2765 89 436 1059 683 2215 499 1014 2378 1467 2819 1621 325 2675 790 2580 695 1378 1997 987 2812 315 1538 298 1397 74 1984 2655 1948 1362 2222 645 2660 315 2471 298 2483 874 369 2146 771 1111 933 861 2640 1822 104 456 641 719 694 1131 411 1895 1969 2571 1823 2326 2958 2564 2612 2155 522 1378 2086 191 2559 2023 1391 2862 2060 636 1777 973 848 1669 2404 814 495 274 2778 484 841 1438 632 2789 369 2918 1578 147 717 1642 1632 1178 2495 1452 1139 470 1234 2864 1801 97 2083 989 493 480 46 2237 1758 1991 468 1669 1195 1991 848 1669 1866 2333 2596 637 772 2333 432 637 2452 2137 1531 851 2049 2660 2471 229 1715 2741 2967 3 778 521 2895 536 1124 2876 2400 1642 1265 2724 2005 592 1371 1177 1456 542 1842 828 2787 593 1465 2876 19 1642 1791 770 1885 2137 2843 539 627 1701 2005 2724 1067 592 2101 2521 1790 776 2205 2262 1593 154 179 695 1997 2479 2991 720 1232 210 1763 916 2628 118 2281 916 1763 118 420 694 2963 1131 2235 1741 2051 831 1315 717 147 1642 1915 1060 1560 2962 2177 2978 2833 1 1803 831 227 286 398 2834 171 2108 1705 1036 2478 154 2833 2975 272 1 1299 1007 1544 903 171 2834 638 2108 920 1140 1430 743 1746 1030 2292 2108 2292 1030 680 2108 1749 1394 1977 644 1420 941 1768 1923 2887 1906 675 1485 1249 1165 2164 2914 964 1165 2268 2914 2217 831 2230 598 849 1336 831 598 2920 1532 161 2133 1486 552 611 1658 2227 1435 857 642 93 1704 2161 860 1803 1741 2217 831 1456 1177 1985 286 1985 1177 1371 286 2217 1741 2230 831 2230 1741 1803 286 1249 1840 1896 1165 1249 1896 2164 1165 2638 1318 1683 117 1195 2727 1991 1669 468 1991 2727 1669 1347 1364 302 1912 772 712 2333 637 1138 668 2557 289 814 2263 1887 495 2596 2333 712 637 2014 708 2618 2409 116 1232 720 210 2632 257 2980 2956 1577 1926 176 2024 1518 1769 1768 2433 2832 2449 608 2880 321 1565 2197 945 1227 990 2795 2152 603 994 2849 1800 633 1477 839 1575 259 2626 2013 1799 1532 1122 161 2133 2329 301 2922 973 2329 2922 2399 973 962 2905 147 1642 2031 122 2961 2678 2589 912 2151 2477 481 1910 2767 874 502 2078 269 1658 1297 2929 1655 986 617 1768 1735 2433 769 2543 2937 949 751 1612 1288 2553 2301 2155 147 1378 2447 363 1547 150 327 2639 2007 307 2741 1179 2539 2100 1095 2156 2933 1075 518 1026 1929 1468 2671 1906 2887 1485 1610 1732 1805 2585 374 906 1932 2880 1271 2451 2577 461 768 2975 2819 886 735 1647 1871 2716 1847 1784 232 1800 2645 2945 2025 929 1345 867 2359 1318 1498 57 2723 2473 2404 2415 1576 1376 633 839 2232 1575 2436 2166 2214 2023 244 2166 133 2023 133 2436 1897 2023 926 1311 2896 593 2012 926 2039 593 2896 24 2039 593 207 1906 2317 1485 1188 576 611 2866 440 2728 1652 891 2105 2975 2827 984 1702 1138 163 1199 272 2975 2833 984 1467 2106 2978 1043 695 147 2155 1378 369 874 1125 2936 1020 2907 1000 2226 2933 1086 1095 1075 1872 2564 583 2461 1522 146 2978 2571 2041 1078 251 1288 842 2452 1752 2137 527 1315 1578 147 1212 1715 2741 2967 1983 2876 1465 1642 704 512 748 829 2407 174 795 2934 1265 2724 1619 1878 739 540 2828 1695 2937 2543 2157 2638 823 913 1045 2065 1153 1165 1249 2914 2268 1165 1153 2914 33 770 1545 2137 2202 1648 2852 574 2041 251 1010 1288 1233 285 1832 915 1328 482 1171 355 1052 1373 796 1122 849 831 1090 598 1090 831 2217 598 337 1800 2423 2561 706 2202 908 1648 741 1048 2827 1693 2050 2136 1727 151 2709 1773 1338 609 1068 2680 1791 1134 832 2800 2027 2601 2690 1540 767 1714 451 2188 1046 2743 146 2571 1761 1309 2083 573 13 989 139 1378 1425 987 1142 2403 2257 2866 1190 2024 1577 1854 2161 1704 93 1937 194 569 2613 1598 322 2521 2101 776 2199 2855 197 21 2845 1004 860 2231 804 1198 1836 2687 1481 1271 2577 461 340 2816 393 691 2331 1820 1752 2452 2400 2876 1983 1642 1522 146 2611 1043 1897 133 2023 2914 1897 2023 2436 2914 2588 1620 324 665 2699 2040 1182 2689 2671 1627 2867 1485 1944 801 65 1598 258 2908 1499 1418 1853 2440 2717 2146 826 2290 2997 2403 1580 2324 1258 3 1770 246 699 2152 423 1842 537 828 2582 897 2827 984 140 875 1394 644 2639 1406 2007 307 402 2231 2075 2288 1265 1619 2724 492 692 922 132 118 2043 2510 2058 2864 521 254 551 588 2128 1447 2997 2290 2077 2333 2396 637 2706 808 1819 1829 2063 1532 2920 2133 2058 2510 2043 1716 2726 2379 170 1815 2927 2958 2326 2564 2049 2856 1534 229 2036 2152 1208 2237 43 1627 312 242 1688 1177 2184 2932 1926 2024 1190 1854 1767 1625 2415 1134 1790 2325 1055 2138 820 1620 1811 2006 2587 329 573 989 2015 1119 2434 857 2755 1962 1997 987 33 1704 22 2306 1393 2300 23 1424 2950 2844 1740 1468 1342 2104 2908 1418 75 1661 1753 242 435 339 2094 112 403 1953 1554 304 609 482 2298 1328 2852 2022 2048 2459 111 395 519 886 768 1048 1663 2334 2198 1016 756 368 887 2814 842 2137 1815 2726 2379 2851 2646 1069 1737 1309 2814 1767 1684 2137 192 50 1164 1192 478 1608 1997 274 2270 1957 2682 7 663 875 2976 644 2079 1824 1413 2611 751 2417 1612 2553 1454 883 150 915 2543 2638 1683 117 1412 2638 2543 117 2048 2022 2852 574 2747 1419 1120 2288 1675 1704 402 860 160 2855 1769 604 1401 1686 88 1620 2826 1634 1891 1048 1395 1811 1253 2006 2192 2945 2272 1386 1415 2113 878 1232 2086 2559 1701 1561 1770 699 1208 2152 1539 1532 125 1122 1396 1182 292 1076 2879 57 1498 1235 1823 995 863 116 393 1161 340 691 82 1876 1754 677 854 1015 906 2510 1522 2833 2749 2571 569 1882 1019 2613 2548 2013 2626 1799 610 1624 117 1305 451 662 2415 1303 1015 906 2510 2880 608 2071 2175 2510 413 1664 2394 1678 3002 2136 1984 1854 251 156 1794 1530 2082 852 430 2153 2545 2557 668 79 583 116 1270 2564 2805 883 1566 2159 2366 1560 800 1198 2886 787 595 2922 2094 339 435 2364 469 2941 2354 2954 517 867 1345 1318 976 1591 1712 373 1268 2410 1333 217 102 1305 117 1491 565 1234 2058 1076 2758 1681 2413 2725 1420 1768 604 1923 1502 2063 2920 2133 763 1701 1026 1561 2075 1648 1120 1419 2506 808 2706 1829 2645 288 413 2945 2919 1768 941 986 1582 1566 883 2159 2378 2819 1467 886 424 1258 2447 2967 149 220 1409 2159 526 185 581 96 2430 1492 1925 2638 1096 2626 1935 1530 868 2758 1724 2357 1319 273 2598 2555 737 1030 2021 690 2181 2197 1334 304 515 721 2302 1881 1762 2533 2508 770 1783 2457 2341 1196 1791 2137 1885 851 2908 2104 1342 2553 2608 1837 92 2274 2191 108 2717 2146 356 607 1723 2855 2081 2198 540 368 1292 2534 827 632 2958 2326 1907 2927 1522 2819 2833 2978 854 1139 2960 1234 1774 2712 466 1365 1758 2385 1092 503 1120 2075 2231 2288 2841 2073 626 1452 2071 2510 608 2880 2011 2367 982 1254 2026 886 1467 1 345 2089 2272 929 1054 2175 1379 1234 1319 1453 1388 2555 1609 699 2222 645 28 466 135 1365 2410 1565 321 945 2812 298 1538 1196 2021 737 2307 1030 1808 2970 1101 2555 1003 74 1992 1828 338 2813 579 2240 1421 209 560 1703 2710 2614 2356 2170 1962 2546 1433 2479 2608 2834 1837 2274 2213 771 933 861 1584 98 1503 917 305 372 323 1777 1420 1768 2855 604 168 2907 1020 2108 2187 2683 2670 1799 2095 36 649 2066 778 429 805 536 1916 2183 1073 1376 482 815 2683 197 679 2204 93 1839 2125 1774 28 1365 2704 117 2543 1491 70 591 2560 1995 166 2479 2542 380 2940 2131 1510 994 1427 2660 290 2471 1136 2024 611 1658 2654 2638 1984 2655 1487 2231 402 2288 97 2190 429 1801 2079 659 1824 146 1519 2158 1981 598 1929 2158 1191 542 1355 1068 2223 316 102 903 1544 1305 1967 2600 1987 941 254 1226 87 588 2155 2876 2592 2473 2097 1208 1835 480 1326 1718 2255 1912 134 2255 2337 1912 2670 2683 2018 1799 1967 941 1735 986 1823 116 863 2564 1683 2638 2543 949 2769 275 1643 1243 1836 804 293 1470 2869 190 2910 77 2393 146 2978 2303 1130 453 1453 145 622 1109 151 1854 2363 1462 2415 1303 2908 2233 5 236 469 2454 2941 2954 2935 2553 2521 1941 1454 2293 883 915 366 1486 611 1658 537 828 1842 593 129 2004 1266 341 1141 1240 1366 2274 2654 151 599 1854 1880 2050 1318 2237 796 676 1052 910 317 2889 1924 1232 105 1800 1198 1604 806 972 459 1414 447 2978 1039 2106 1663 1387 768 2962 2015 2089 1682 642 1522 2978 146 1043 928 2451 1271 461 93 1839 2204 1937 1691 238 2653 2106 1415 1232 878 1197 2876 2473 2400 743 1834 2479 166 495 317 1232 1924 1197 1901 2598 2875 2970 1535 1091 709 554 1554 250 201 1132 1603 499 2215 1014 2729 1903 812 1014 93 1004 679 1839 335 1378 2612 1235 1188 634 2403 2866 1415 1924 1232 1197 2049 2471 1427 229 2799 1534 801 1149 800 1387 58 2962 366 1486 576 611 273 1388 2463 2555 2271 2752 2745 1672 75 2887 2695 952 1028 1208 2235 480 2559 1026 40 1701 1520 867 517 249 2272 2343 2945 929 968 1314 2709 2855 1229 631 364 2864 2180 1306 507 2074 134 1044 1326 1912 701 1896 1869 162 292 1972 100 2179 2481 675 993 952 2203 1197 1838 1364 715 292 2040 2179 2165 2706 1819 1037 1808 1101 2421 2555 2029 24 244 1807 1083 2494 2539 2100 610 1683 1318 117 2654 1984 151 1854 1793 2278 1185 2824 1880 1318 867 2237 15 1042 2929 986 256 2238 1780 2561 931 2431 892 598 931 892 1336 598 1185 2344 483 370 2181 1334 2197 1565 742 1945 2233 1029 1027 571 2646 1309 1487 860 402 2231 2083 13 1801 989 625 249 117 1305 2861 2707 353 903 2226 1020 2907 2108 183 2345 1161 1294 2236 1123 3003 2477 1446 1042 1716 1365 1394 875 1977 644 1672 635 2745 829 1583 429 2190 1801 701 1636 1896 162 88 2335 1620 2006 2612 1378 522 1235 817 2104 1899 1941 541 1435 2227 642 2304 1807 882 593 2202 2892 1952 574 2602 1938 1372 2954 362 1428 2011 1175 1404 145 762 2146 1545 2306 33 2137 2446 1994 2058 1716 88 2892 375 2006 589 1257 1838 1839 429 778 66 536 1206 2334 1099 834 1643 275 490 1243 1119 2015 1682 857 701 1869 1896 1165 2520 991 828 743 1384 2980 2632 257 1363 1547 363 252 2194 11 965 1392 1166 298 1959 1365 1637 867 2657 2237 258 492 1619 1499 2764 2340 1862 1693 1078 2041 1790 1288 1753 1627 2671 1485 1367 1356 204 2360 363 1454 252 150 2620 680 531 690 882 593 1548 2846 2281 2620 2265 690 1970 2761 1810 1004 815 559 482 2683 1372 2314 2602 2954 1495 611 1407 2866 599 151 1109 1854 2764 2282 2568 1693 2417 2514 1945 2553 161 1502 2920 2133 2265 531 555 690 2333 1703 432 637 518 1740 611 1468 1229 1240 470 2864 848 1991 1777 1669 2753 2466 1298 2484 2119 1574 2769 240 493 1208 2097 480 1067 2160 2724 1878 47 1548 193 973 2222 699 246 2152 1299 1007 2471 298 1836 1198 804 1470 654 903 829 1305 1320 135 1106 1716 1121 2614 2356 2710 1241 1771 2586 665 1599 2560 2673 47 2136 151 1984 1854 2856 1427 2471 229 2745 635 1844 1598 2646 571 1069 1309 486 2995 1497 2530 1544 249 99 1305 89 2765 774 2687 1010 1945 2279 1029 916 236 921 118 2713 303 1709 1564 2851 2726 1459 2258 2692 2887 1906 675 1253 1811 1395 851 1961 917 1703 380 441 2699 1182 2689 2488 2624 1425 1378 2339 1913 1034 905 1887 280 1916 495 1790 2521 2644 776 2050 2032 867 2237 678 2943 2554 26 1280 2239 2313 830 2012 1979 926 593 1082 296 1159 1743 284 2457 2901 1196 1292 2534 632 2789 365 1742 2643 1093 1230 1007 1252 1196 413 2241 1664 288 2634 365 2643 1093 2887 2671 2692 1906 179 2404 1376 495 2644 776 817 642 2114 1203 1030 2108 2666 1712 1493 2019 498 502 269 1658 2091 230 2468 2847 100 2274 1162 1076 1667 2937 2157 2638 2139 2025 672 929 2114 2834 1203 2108 1535 724 2838 1721 546 2882 2396 2333 2520 612 584 991 1398 2669 1685 1071 15 2929 1279 986 781 2220 1605 2364 47 1991 2673 1669 2524 2211 2865 2054 2492 1498 497 2473 1333 2458 2637 2410 2811 1376 2404 495 505 1099 1048 1693 1752 1445 887 2306 2703 1997 1358 274 2455 1806 1391 385 1605 1714 1540 2364 1682 728 647 2089 2488 1378 139 987 2199 297 2509 21 82 1202 1876 677 1335 370 1713 2824 1804 1944 2471 229 87 551 254 588 1172 1984 74 1658 1903 2729 925 1014 76 2912 1772 984 1415 1738 605 1197 559 355 2683 1799 759 1850 332 492 2375 2427 1725 1452 1782 2196 118 594 864 1991 2077 503 2614 840 2992 604 1360 537 2750 828 1331 2233 2076 684 1258 1506 1580 3 1607 1429 1467 2106 2791 2433 1735 1923 1809 1945 1010 2553 2293 2911 902 915 233 99 625 1544 2081 739 561 1695 2314 2954 2370 629 2728 1500 1657 2756 2101 1327 322 776 1298 2753 2484 2580 2675 325 790 581 1026 1701 2559 1561 721 700 225 2112 2054 1419 1120 2682 1463 2714 186 2780 441 1234 1182 1076 1409 220 1725 1452 178 357 2877 1087 2302 721 225 2112 1885 770 33 2137 606 656 216 2840 1412 102 2412 117 1741 1210 2158 286 1177 2158 1210 286 908 1952 1419 574 707 2157 107 1110 92 1141 164 2274 838 2111 572 874 1957 2761 2231 2682 1304 758 1566 2805 52 2952 1945 1029 1853 2483 1063 2388 1050 65 801 1598 1497 1857 2515 2332 1804 2919 801 229 212 2463 1238 2421 2226 1030 2999 2108 2496 2403 2997 198 1423 655 887 2306 156 1078 1321 1766 2354 198 2954 226 702 840 1121 1923 2272 2939 2708 1386 2760 2381 3008 2296 1166 2471 1959 298 1116 2184 2206 1177 1818 750 332 1499 2715 2724 1889 2160 1769 2433 278 604 813 750 1557 1499 261 543 2148 2874 2562 2972 2836 684 2746 208 1216 1 208 395 2642 1 2930 1216 2642 1 1371 2158 1177 542 1741 2158 2230 598 981 2001 2675 96 1042 229 1479 1149 363 1715 1212 2967 2927 1581 2564 2461 2994 1049 2809 1244 2307 1030 737 1203 2343 2945 2949 1386 2879 1498 1859 1235 2935 1288 2521 2553 630 2266 908 1419 2172 2855 2199 21 2441 2999 1057 2226 2972 946 2347 684 5 916 2021 830 806 1943 1414 480 2608 2834 168 2108 2559 191 2453 2023 885 1861 559 355 1804 801 1944 229 2384 2982 1044 1364 1027 2873 210 1309 490 1266 1643 1243 470 818 631 2864 1167 1398 2691 2719 2509 160 2172 2855 566 2312 1340 1289 2981 2998 1490 2594 2051 2206 614 1741 409 2299 847 2953 2324 568 1715 3 1712 2402 976 373 1811 1620 2335 2006 2496 2997 2352 198 807 1776 1597 1904 1866 2882 2333 637 2093 1159 296 1743 603 2444 2567 2561 2512 2382 2544 2401 1707 660 476 728 2284 109 443 2846 230 2284 2342 2846 1089 2342 443 2846 1331 2626 2076 1146 2054 1351 1744 1419 2926 95 2823 1839 2359 867 1637 2237 89 804 1836 2687 149 2722 1563 2159 1150 396 1158 2035 194 801 535 1598 1837 2608 786 2834 920 2473 991 743 2594 2998 1896 1165 2324 1580 568 3 1981 892 2431 598 1060 1178 1560 2962 1220 2781 2361 144 1225 1994 2058 1076 1330 2427 1632 1452 2673 864 2385 1991 327 1849 2641 471 1166 2269 315 298 2293 1454 2911 915 2878 898 2517 226 254 588 521 536 1200 913 1665 2065 1608 2363 2404 1303 253 1920 1301 834 1892 1349 1750 991 805 1583 254 536 774 947 2765 578 2062 1208 493 2237 5 2021 916 846 710 1404 1170 2421 2030 882 1807 2609 317 2143 2261 1197 2460 504 2950 1468 1118 868 1724 2357 2051 1822 2206 2679 2850 2615 2462 2594 2499 2432 1318 151 1213 2545 1295 79 2933 1228 445 2848 2761 1004 1970 2936 431 2943 1745 774 2952 946 437 1029 2398 2807 2466 2966 1102 1956 726 1638 1818 1032 1557 1499 1161 2140 1739 2541 2646 618 571 1027 1717 1009 116 1937 2522 1658 1984 1854 2857 1704 923 860 2262 2205 178 154 595 2284 2790 1133 251 2041 1010 1530 1812 1028 2051 2235 1531 842 1684 2137 2491 2916 196 776 2517 1966 1719 226 2063 390 1532 2133 2999 351 786 1030 2853 791 197 2364 748 1944 635 829 2058 1994 1162 1076 1170 1118 1404 2146 1069 2902 571 2646 1221 1704 1423 2306 1609 153 1434 427 3007 526 3004 426 1240 2274 2058 2864 318 2147 1099 834 794 2651 2070 2734 364 1764 120 112 2453 2559 2023 2914 884 1884 1400 236 1358 1997 2479 495 710 1170 1588 2421 2874 2219 2829 785 2671 2867 1906 1485 800 947 2378 1059 674 1976 2903 1004 252 1454 883 150 1727 1318 2050 151 2774 2568 2282 897 238 2653 2168 1691 2723 57 472 2473 797 1156 2247 2575 2900 1979 1548 973 2104 1619 2343 1899 1217 559 815 2683 2536 1823 2813 995 302 1232 116 210 335 2612 522 1235 1769 2855 160 21 1092 121 468 503 266 121 303 503 590 1740 1929 2158 1981 1740 590 2158 2191 2440 809 2146 1509 490 275 1243 1143 2434 1748 857 1506 51 2821 1432 1607 1467 1429 578 2743 1462 451 2415 635 748 65 1944 1892 2941 1750 1349 159 2069 1147 1905 990 1888 2152 234 562 18 301 973 2329 2399 301 973 562 2399 305 973 1357 318 2147 1099 1198 1800 105 1470 843 1872 255 2927 74 260 2078 1828 583 863 116 2564 1868 1699 1524 1203 1990 1731 823 2065 1892 1750 2718 991 1070 836 821 806 1336 892 2235 598 812 755 2382 2401 1966 898 2839 226 1938 1374 2602 1372 2233 1029 2076 684 1331 2076 1029 684 1398 508 2669 1071 2733 1775 2825 877 505 1048 1099 2334 69 988 2280 1676 2320 2731 421 557 756 643 90 1994 2343 1899 2089 2939 2363 1462 1088 2415 302 93 1270 1937 1889 2715 932 2724 2442 1360 352 828 1297 1735 1279 986 1372 2672 2602 2314 1541 1619 492 1499 714 299 2889 1232 2521 776 2034 1941 2830 1880 1637 2237 1795 2836 2347 684 2877 357 2640 1087 324 179 1376 495 279 1807 1842 593 326 1734 2397 1435 2101 1790 2644 776 2354 191 1701 226 170 250 1806 2744 1959 2471 667 229 2911 994 2293 902 2365 1963 410 2360 2388 2684 1853 899 1896 2023 2164 2914 1950 127 2738 1604 793 145 1404 2555 2320 557 630 1419 2155 147 4 1642 1761 2749 1347 2969 1752 2452 1445 2306 1564 2077 2396 637 2088 719 1863 1695 2628 846 916 690 1526 1301 2570 974 1508 1429 596 2106 227 1070 614 831 641 694 2470 1131 2316 2645 1180 2945 2975 886 2186 1 345 1586 2272 2089 1612 2858 3005 1288 2593 1178 1632 2334 800 2687 947 1059 1896 1807 2453 2609 1397 1172 2504 1984 302 1364 210 1912 2713 303 1564 637 727 2161 2870 1937 816 1991 47 1777 318 1330 2427 1632 1865 1189 2674 1878 2454 474 1797 2314 1028 1770 699 1208 2959 1960 652 1893 1517 2996 1862 1693 546 2333 2047 342 2320 2731 557 1419 346 1486 552 268 227 614 788 2965 2105 1808 2970 984 318 1099 1632 834 1645 2308 727 1937 10 445 231 1381 2105 897 1808 984 937 2733 877 592 780 2733 2005 592 937 1850 2005 592 2871 335 2624 1378 302 1270 116 1937 1070 614 1549 227 1314 197 2709 2855 2078 2770 1486 552 1217 2080 1935 2626 2051 174 1822 2679 2841 2677 2073 1452 1547 2447 1363 363 2300 752 2123 2968 559 885 355 1799 714 2144 1168 2991 1762 2739 255 2461 791 2683 1331 1146 1606 2606 2674 1878 630 1952 975 574 2271 2437 1385 829 2571 1912 1895 2969 2600 941 1297 986 1967 1297 941 986 2838 2639 2513 1721 1719 2954 2370 226 1838 1970 145 1364 2755 1997 2703 987 2594 2981 2998 1165 2691 1685 2294 2894 2688 1763 921 118 922 2688 1001 118 692 1763 922 118 2286 2370 1719 629 1792 882 2091 2609 1888 1848 2117 1131 2726 312 1459 2258 2261 2143 2203 1197 2890 603 283 994 258 2724 2949 1619 816 2077 1991 917 2077 2802 2333 1703 1732 130 924 2411 451 2629 1408 1303 2396 1564 864 2077 2102 2553 2104 1499 168 171 2907 2108 2226 2907 2292 2108 2319 1049 963 2794 805 254 521 536 2114 2292 171 2108 194 2799 801 1149 2079 1352 659 1309 880 2372 738 646 1486 1188 576 611 737 846 2233 684 1600 805 778 429 2058 2510 616 1234 1359 769 2937 949 1217 2683 1146 1799 325 2484 45 3004 1217 1146 2626 1799 1025 232 1950 1604 1383 2082 430 2153 2499 444 1345 1318 1630 1125 2780 2936 641 2424 30 1695 1467 2106 1429 578 2120 145 1347 1364 1775 877 2733 592 367 2392 1302 642 900 1963 2365 2360 1885 33 2306 2137 2370 2954 1719 629 2878 1144 2954 226 1665 713 873 1601 2600 1655 2613 1149 194 2613 2799 1149 1016 1994 756 368 1170 2388 1118 2146 70 1833 591 1995 1025 1800 232 1604 2089 1899 817 2939 804 1745 2130 2687 1948 2963 2419 1164 964 1869 2914 542 1225 1968 1623 1076 2196 258 492 592 1253 1531 1811 851 194 1343 569 1598 2258 1753 1661 242 387 2289 2010 2962 387 978 1476 2962 2453 2023 1896 2914 2196 492 1919 592 2769 1509 275 1243 1404 2421 793 2555 2606 2977 2381 2160 94 406 297 21 2889 299 1924 1232 590 1981 2158 598 72 2808 1930 945 1707 728 1682 2089 2802 2047 2333 665 2515 1857 2535 2332 2704 1385 2437 829 2021 846 737 690 1812 2235 2051 831 1915 2289 1476 2962 1929 590 2158 542 1737 659 1309 2303 2192 2272 61 1386 2013 885 1096 1799 2641 2506 866 463 1070 849 806 831 2965 1803 227 286 227 2217 1070 831 2965 1688 1985 286 2217 1090 849 831 1985 1210 1803 286 2829 613 2874 785 2937 769 2157 2543 2594 1249 2981 1165 2981 2268 1908 1165 1249 1153 2268 1165 2033 2364 339 21 2501 1817 239 1551 473 469 198 2954 1664 413 2945 1678 2454 2954 2314 629 2670 355 885 1799 2184 1177 1688 286 146 1309 659 2303 2600 1308 1117 2613 1019 1308 194 2613 2043 2948 112 2864 1042 229 1959 1365 657 1914 1006 257 1576 2415 1811 1376 2942 1544 654 1305 1685 483 2294 2894 2730 1620 785 2006 1427 2471 2134 903 1783 2341 719 1196 19 1917 60 1949 806 480 821 831 1768 941 1735 1923 1214 2859 1293 1470 2727 1307 1758 1669 848 1451 2727 1669 1307 1451 1129 1669 432 266 712 637 712 2713 1866 637 2713 266 303 637 1735 941 1768 986 509 2260 2259 938 116 2564 1717 1937 2130 1214 1759 293 150 2495 1178 1452 279 882 1807 593 701 2987 1636 162 2329 2528 787 2922 1451 2329 1129 2922 1010 1288 1809 2553 1526 1357 2147 1099 138 2797 2144 2991 964 2932 1869 542 2155 4 2876 1642 2015 1586 2089 642 1129 787 1375 2886 473 469 2352 198 2724 492 258 592 670 768 2593 2334 1761 2571 2749 2969 2853 197 1314 2855 2238 1470 1784 2561 1587 291 2113 1232 930 2229 2718 1750 1842 1807 1860 593 1930 2497 1953 945 965 1012 766 833 2222 420 1948 234 1338 607 968 2855 630 1419 1952 574 2233 236 1181 846 2636 1452 1632 834 1548 1979 193 973 651 1981 892 2136 650 1776 807 1904 2043 112 2510 2864 2652 253 1301 2147 2104 1499 2908 1418 2408 2895 521 588 2319 704 769 1491 498 2607 1190 1854 683 839 1094 506 2435 1555 797 2575 150 1178 2495 915 2345 183 835 1294 1683 1318 2638 151 2814 770 1767 2137 1645 2870 1009 1937 248 1174 1554 304 905 1913 1034 1894 670 2827 1048 1693 2385 1758 2406 1669 1761 302 210 1912 529 1929 542 1561 2559 1890 2914 1561 396 1167 2691 2719 1250 1507 525 2311 1225 1623 1994 1076 1257 1004 1838 1839 1373 161 796 1122 465 1988 671 1291 2614 2992 2433 604 798 454 789 7 1078 2189 1766 980 1606 1189 2316 1878 1891 1048 2182 2334 252 150 883 2159 1968 441 1396 1076 2120 1347 145 2969 2052 1889 932 2700 1866 2713 376 2882 344 2115 1035 1588 323 60 1777 1949 1840 2850 510 2609 2847 2030 510 2609 1734 326 1787 642 1293 1800 1784 1470 651 892 2050 2136 93 302 1839 1937 720 116 2240 1232 160 607 2172 2855 1599 1548 47 2922 1943 46 2097 480 702 1121 2433 1923 1824 2106 1607 1043 1838 1197 589 1839 37 613 2829 2659 1178 915 150 1452 2955 2533 2469 33 2453 191 1842 2023 324 166 179 495 1246 2064 2957 2840 1769 2855 1768 604 975 785 2022 2006 2911 2849 994 902 2157 2543 769 1491 1103 2624 335 1235 2820 1808 1918 2421 2145 962 717 1642 19 2145 1983 1642 1768 2855 1769 21 1142 1468 2403 2866 418 1782 1775 594 2015 106 1586 642 1758 1991 2385 503 2614 840 31 2992 1935 2626 1096 1799 985 840 1121 702 2272 1586 2708 2939 1515 2113 299 2778 2117 2424 1269 641 964 1869 1165 2914 429 778 1600 66 2484 2330 45 3004 2164 1897 1153 2914 669 964 1416 542 1897 1890 567 2914 2465 1371 669 542 1153 567 964 2914 1890 1024 267 1561 1416 529 2465 542 529 267 1496 1561 977 1814 1954 2158 106 2973 1999 642 2206 1177 2184 286 2340 2764 1526 1693 2047 785 2219 342 459 806 1414 480 1024 763 1496 1561 2487 2489 2182 2334 1691 2003 447 2303 2702 2605 2003 2303 2778 299 1515 484 2873 2991 138 210 530 2031 2961 2678 2228 2503 1654 1595 1888 246 2152 234 81 47 2673 1669 931 336 2431 598 1090 931 1336 598 1090 2230 336 598 2051 1741 614 831 626 2375 580 1725 2533 33 2955 770 1787 1283 2101 1327 805 429 1583 536 2522 1992 1525 2655 1983 717 1124 1642 452 300 2291 578 678 2291 1802 578 2528 1548 2922 973 179 1997 2404 495 1719 226 1966 629 1987 1117 2171 941 1553 2633 650 792 2449 2832 1666 2880 25 814 1303 274 1599 47 81 2922 2997 2128 473 198 91 2115 710 1588 1433 2263 2479 495 590 2158 1741 598 1495 1407 1611 2866 2293 1501 997 883 1998 719 561 1695 820 785 2022 2659 1103 1859 2624 1235 2438 191 537 226 374 1932 2696 2880 1177 2158 590 542 166 1703 2476 665 84 1718 2872 2969 484 1438 2778 1232 1718 1326 1813 2969 2944 917 2905 1777 862 2508 2868 770 1724 1170 1118 1404 596 238 1508 2106 1025 2738 2017 1604 789 2270 2682 7 2434 2973 106 642 701 1116 1869 2932 1116 1177 1869 2932 1502 161 0 2133 1611 1469 2257 2866 1813 1319 2872 2969 251 2080 2041 1530 965 601 2194 1392 2860 886 768 1387 1890 2023 2559 2914 1944 829 654 903 1182 292 83 1396 595 2775 1599 1548 2991 2873 720 210 2552 2546 1183 380 1179 1083 2539 2100 2552 450 1961 380 2413 2312 566 2725 2070 216 794 2734 5 916 236 846 2945 2160 1606 1878 1170 1404 899 2146 1327 196 2916 776 1172 2078 1486 1658 1070 806 821 831 555 1795 2619 846 2908 1342 1945 2553 450 1183 1578 380 214 828 2787 743 2321 1350 2102 1941 1230 1863 1959 298 1420 2551 941 1923 5 236 2233 846 1359 2937 2038 949 2354 1349 423 537 406 1769 2509 21 1951 1655 2929 1149 2517 2954 1144 226 758 1304 2888 2805 1109 2163 1190 1854 720 583 863 116 2509 160 2855 21 2509 2855 2172 21 415 494 2248 1313 2323 2219 2148 342 621 2723 890 472 2366 1800 902 1604 622 599 2432 151 1755 1162 1994 1076 525 880 738 646 742 1029 2233 684 2375 2427 1452 834 2370 2954 2517 226 1028 1812 459 480 1616 876 1533 190 1869 2932 964 1165 2402 10 231 1381 701 1896 2998 1165 1761 1347 1912 2969 292 715 2045 2179 2755 2507 1962 987 2569 1765 1350 1941 2423 337 732 1105 1088 1462 2743 2415 850 2564 2308 1937 139 527 2507 987 854 906 818 2510 2053 1045 823 913 1352 720 2873 210 2810 2671 1627 2867 2799 1951 1534 1149 74 2078 1172 1658 2867 2317 1098 1906 579 1587 2792 2240 2375 2698 253 834 92 1141 2904 164 1523 2286 2208 629 420 2526 1888 246 932 780 2724 592 877 979 937 594 979 1001 2688 594 1500 982 2367 1254 360 2089 660 929 2937 2638 1667 2655 46 2830 493 2237 1453 145 1388 2555 864 2385 1991 503 1542 1361 203 872 2820 2774 1918 1808 2370 1144 2517 2954 539 1701 191 226 1441 1219 246 1390 2355 3003 1644 35 854 2175 2510 1234 2994 2809 1590 1244 1322 846 737 684 2175 2395 608 2510 2766 1456 2322 2932 2268 2766 1908 2932 2626 1029 1010 1530 253 1301 2147 834 2089 642 817 1899 230 2525 2284 1133 751 1377 2417 2553 825 1458 1471 377 773 1726 940 2288 418 1775 592 594 82 39 1202 27 737 1714 2094 1203 1177 2932 1456 542 215 2693 415 600 1957 454 1382 7 1045 1056 1990 1200 1230 1252 719 1196 2424 641 719 1695 701 386 1116 2932 2965 227 614 286 1026 198 40 1701 1502 876 2920 2063 81 1599 2673 47 2908 2196 258 492 2390 1163 2544 2634 2447 1547 1330 150 2072 2054 1744 1120 2573 1866 119 2882 1606 2316 2945 1878 1268 2458 1333 2410 1957 157 2270 2682 2670 2013 1472 1799 367 2644 2392 642 1710 1782 2313 118 990 1848 1888 1131 2077 503 558 637 1740 2024 611 1468 2211 157 2747 2682 1180 2160 2945 1678 335 2871 1893 1378 670 1048 1099 1693 2223 2680 2955 770 2252 2957 2369 434 2297 991 1349 828 1293 1784 2238 1470 2938 203 966 1040 64 259 586 1530 1761 1912 2571 2969 2835 64 1794 1530 940 2989 2747 2288 67 695 2479 380 81 2922 47 1669 185 2784 581 96 2496 826 2997 2403 208 886 395 1 1648 1419 908 2288 2120 1364 1347 1912 1967 2754 1062 1923 1682 1707 1640 728 1847 1784 1800 2561 2385 1991 1758 1669 5 2196 236 118 2929 986 1042 1149 566 1340 520 1289 1010 2626 2076 1029 106 367 1302 642 1183 147 1578 380 2700 2381 1889 2160 1724 2758 2820 2421 2675 1786 981 96 447 2978 2106 2303 2600 1117 941 2613 719 1131 1783 1196 878 2113 291 1232 97 2587 573 989 1285 1723 160 604 273 2970 2598 2555 2778 1438 1587 1232 254 805 1646 1583 2317 207 1098 1906 1217 559 2683 1799 83 715 292 1182 826 2496 1188 2403 2222 2152 246 234 1163 2643 414 2512 748 635 1672 829 418 932 2715 2724 1463 2780 1127 2936 1229 2274 1240 2864 2206 614 1741 286 1967 941 2754 1923 407 1667 707 2655 2767 1910 1247 874 837 1553 2578 2595 2235 831 1336 598 1681 2312 2413 2725 1838 874 1970 1004 905 1894 2715 2160 2196 592 1919 594 447 2837 238 2106 1061 118 2196 594 2998 701 1636 1896 714 1438 484 1232 1844 1343 313 1598 2654 1109 2607 1854 2178 278 1518 2433 1770 1208 1028 480 522 80 2979 1986 466 1716 135 1365 1824 146 2106 1043 2167 617 2791 2433 1307 81 2406 1669 3000 1755 1162 1994 711 422 1458 1747 1056 49 2103 538 2707 233 1544 903 1486 1188 611 2866 288 1664 413 2945 323 1949 1777 1642 1385 2566 704 2157 2759 368 1863 1695 2978 2106 146 1043 1824 2106 146 2303 1526 1911 2340 974 850 1581 2308 2564 1883 571 1552 1309 2233 846 1181 684 852 2501 239 1551 2695 1662 1616 2481 985 840 86 1121 86 840 31 2614 1120 1419 1648 2288 2136 2024 1926 1854 2671 1753 2810 1627 2130 2915 1745 804 1357 1099 1526 1693 2330 1513 1978 426 60 1777 1949 973 1477 1942 1094 2697 2449 371 2443 1932 1143 1748 2434 2973 2244 1274 2596 342 1749 1977 924 644 1538 315 2269 298 728 360 647 2089 1957 2761 2682 7 2867 1627 2317 1485 2634 2544 2390 12 1534 1613 2049 229 1453 145 2555 2969 652 2055 934 85 1395 2852 851 2459 2131 2940 2293 994 2920 859 161 1532 968 1338 1537 607 2512 2643 414 2863 84 2749 2571 2969 1653 1420 2551 941 268 1650 1188 634 2656 2184 1688 2965 2989 1726 706 2288 256 1780 54 2561 1709 376 2713 2882 66 97 429 536 1509 2769 2545 1243 647 2089 2008 1899 2297 828 1349 629 570 2662 2648 777 1133 1792 2775 2846 2612 80 522 1986 2238 970 1214 1470 1560 1198 2366 1604 2423 732 1100 1105 2927 2326 1872 2564 2598 2555 2970 2969 2507 2479 1962 987 1438 720 2240 1232 2937 1667 2504 2655 1806 909 170 2744 5 236 916 118 2282 2575 2774 897 2772 719 641 1695 1179 2741 568 3 750 492 332 1499 1437 287 838 1921 1646 521 805 254 2775 1548 595 2846 2882 2396 2333 637 2908 1945 2233 236 100 523 1141 2711 791 2094 1714 2364 357 2987 701 162 1414 2097 1835 480 1812 2051 614 831 1126 1268 1333 217 546 2854 2219 2047 92 1670 2608 164 2072 2054 1120 2682 1943 2235 480 831 337 603 2849 1800 1800 1470 2423 2561 2134 2707 2861 903 2001 1864 2753 2966 1193 923 222 860 1330 1547 1409 150 773 1081 1160 2231 49 1011 1262 2439 716 422 2540 1276 1908 386 597 2981 1007 298 2812 1196 1007 654 1544 903 603 2567 1800 2561 902 1560 2366 1604 5 2196 2908 236 2452 2306 1752 2137 246 2526 1888 1390 478 1997 85 274 1535 2838 2513 1721 2075 1120 1648 2288 1237 826 114 2290 2002 1017 1858 2090 1019 569 685 1882 1430 1140 1617 743 540 2828 1194 739 2451 2068 2577 2913 1632 1452 2427 834 2385 2673 1991 1669 292 100 1162 1076 2681 1935 1096 885 1631 433 1511 2441 870 2735 2175 854 1959 298 1863 1365 631 112 364 2864 1351 2865 557 1419 275 2751 2769 1643 2224 1770 459 1835 2104 2553 2102 1941 2683 197 791 2364 1429 1798 452 1508 1547 150 252 2159 2483 369 2388 2146 1310 1092 1758 2385 2271 1385 1672 829 1217 671 159 1146 179 2479 1997 495 2626 1146 2683 1799 319 1553 650 792 256 2423 1836 1470 1978 1471 3009 3007 494 263 2059 803 1793 1185 2482 2824 458 243 1384 2921 2940 1501 1856 2293 625 2412 102 117 1804 2471 1944 903 2155 1378 2301 1235 1054 2510 2175 1234 356 2386 1723 607 1425 1378 147 987 1787 326 1327 776 278 2992 1285 604 63 2473 2155 1235 854 2510 1139 1234 17 2252 2369 434 2072 2761 1118 7 1330 1725 2427 1452 1411 276 1437 1706 2404 1303 814 274 1606 2160 2606 1878 457 1001 1710 922 2709 1314 815 197 1885 2306 2452 2137 2010 666 2783 1387 2226 2999 1020 2108 2034 2569 2321 1941 932 2724 418 592 147 380 1183 987 1787 776 2644 642 482 2709 815 197 2185 2165 1819 1037 251 935 1794 156 2702 1691 2387 2303 1409 1330 150 1452 2905 4 147 1642 2597 1137 1649 1556 630 557 2266 1419 2208 1719 136 629 33 770 2533 2461 2072 1118 798 7 887 1445 1423 2306 509 1825 2260 938 1033 2597 1871 1341 1028 2235 1812 480 2163 151 2136 1854 2341 2457 284 1196 2683 791 1714 2364 254 1583 1801 536 1077 2068 2287 1870 280 1887 2263 495 879 149 1409 2159 2976 875 140 644 1117 2171 1567 1987 2709 1338 1773 968 1738 95 605 1197 1217 2626 1935 1799 2683 2626 1331 1146 1228 1104 1546 2420 1705 1013 1593 2205 2829 2822 1393 2659 1554 1174 403 304 1062 702 2791 1923 1281 2494 2947 1543 1260 756 643 90 1139 1234 2510 2864 1888 2117 2470 1131 472 2473 1031 991 1307 1129 1651 81 840 2433 1121 1923 1887 1916 1376 495 2614 2433 840 604 2366 1800 1198 1470 1797 2229 1989 1750 1397 1984 2504 2655 1999 106 485 2973 2608 673 1020 168 1088 2415 2743 1134 108 572 2111 874 238 2057 596 1508 1475 1274 2323 342 1707 345 660 2089 2763 2938 1213 2225 1725 1409 1690 220 1835 1208 1770 480 595 1548 1599 2922 39 2537 1202 27 2602 2314 2454 2954 2375 253 378 2427 1465 1949 2876 743 546 2047 2219 342 2167 1570 2650 2178 2780 1630 1668 1125 1384 1720 2899 657 190 2869 2063 77 2284 1133 595 2846 705 270 2629 2547 1925 2638 1492 2655 2927 1872 255 2461 2222 1362 1609 645 1406 130 1732 2411 820 785 2047 1620 288 2945 2645 929 2111 287 1112 1247 1357 2764 2568 1693 2821 219 1506 1432 318 1632 2427 834 796 859 73 1539 537 828 1360 629 1385 2566 2157 1110 1959 1863 2446 1365 1801 13 1226 989 2415 1376 2404 1303 230 1133 2284 2846 132 2313 916 118 326 776 1787 642 2913 896 1481 461 2370 1372 1144 2954 473 1938 2602 2954 1218 2693 2236 2151 1463 2714 2780 2936 2149 525 1507 2311 2887 2692 1662 675 2272 2708 61 1386 155 780 932 2733 369 874 2936 2146 441 819 2699 2689 366 1172 1486 1658 2902 1069 1737 2646 1031 57 522 2473 1885 2137 2452 851 2703 2946 2055 274 2739 655 2523 2461 1608 1462 2363 1303 2265 555 846 690 2277 1855 708 948 2422 1875 2315 2149 1069 1852 2902 1737 1742 365 2053 1093 2534 1112 1292 827 133 2166 2436 2023 926 2896 2039 593 73 1796 676 1201 2713 2882 1866 637 1068 1088 2680 1134 2008 1899 2089 929 2246 1567 2171 1987 2882 2713 1709 1564 1408 25 2811 1303 643 188 1260 90 237 1483 231 1296 557 1351 2785 2865 1906 207 675 1485 1607 596 1429 2106 1855 716 2618 1708 1011 2422 464 2664 2032 2152 867 2237 451 2415 1462 1303 532 2881 605 2143 227 831 614 286 1753 2671 2887 1485 1636 1792 2091 2609 472 1031 2718 991 2155 2473 522 1235 2816 619 2928 1353 1765 575 2008 1899 1592 2793 2064 606 2119 2751 1033 333 243 175 1720 1778 2773 465 671 1291 1020 2608 168 2108 685 2351 1019 1882 2629 2547 270 1303 334 2576 1317 1590 610 117 249 1305 491 1483 2174 1504 983 1879 175 448 1607 1429 2765 578 1194 419 2828 540 90 643 1755 1994 2710 2791 702 2433 445 1546 237 2474 934 2959 652 85 1623 1755 1994 1076 1382 1463 1127 7 2592 828 991 743 794 2150 2044 2898 2958 1581 850 2564 511 181 988 2694 1348 1824 1607 1043 1438 2991 720 1232 2280 181 1104 29 1885 2452 2852 851 57 522 2473 1235 2072 1120 2761 2682 573 1816 2083 13 790 148 2675 581 704 1385 2157 1491 1888 420 246 234 2105 2970 2833 984 1120 2231 940 2288 559 1171 482 355 1875 1251 2951 2686 2946 25 270 274 1889 62 2381 2700 2296 1889 2381 2160 1020 1000 2999 2226 2139 360 660 929 939 2408 521 588 1812 614 1549 1070 1172 2770 1486 2078 2980 2287 1622 2956 2972 1029 946 684 53 2708 1586 2939 540 2198 756 368 2787 828 2592 743 786 2834 2608 2108 95 1197 2823 1839 2113 1215 1515 299 2717 2440 2191 2146 1137 1251 2123 399 2032 1208 2152 2237 2170 2992 278 2433 459 1770 1028 480 1329 2101 322 980 1394 2124 1977 875 1867 1920 2698 834 1762 1845 2533 255 1407 504 1469 2866 841 1587 2778 1438 33 2306 655 2461 1208 2235 480 2237 193 1979 2787 1949 2404 495 1997 274 1069 2702 1852 1737 786 2999 1030 2108 2081 1863 368 1695 1162 2274 2058 1076 1622 2632 2980 2956 2906 826 1188 634 2184 548 2348 1688 1332 1935 907 1096 433 152 132 1631 1872 2927 2564 2461 2330 3009 45 3004 2083 2190 97 1801 2434 106 2015 642 2104 2553 2908 1499 1564 864 2077 503 263 1600 778 66 611 2024 3002 1658 2204 128 2823 1839 1812 1549 821 1070 1172 74 2770 2078 1308 2613 1655 1149 2799 2613 1308 1149 1259 1710 132 922 504 1468 1469 2866 1723 2855 160 604 1872 1907 2326 2927 1118 2761 2936 7 1410 288 2621 2645 800 1560 2593 2962 2533 2469 33 2461 2551 2246 2171 1987 335 2871 1021 1893 188 643 1755 90 1780 41 1940 54 2377 1879 11 958 1587 1438 2240 1232 620 2723 2879 57 1352 210 2873 1309 2015 1707 1682 2089 2518 30 739 1695 2569 1899 1765 1941 2309 1796 2174 1051 2296 2160 3008 1678 2572 757 354 72 774 2554 2943 26 1388 273 1319 2555 132 1710 2313 118 2233 1945 2076 1029 1774 466 28 1365 2148 2323 477 2219 2388 2936 1118 2146 1667 277 407 707 419 540 756 368 1027 2646 2873 1309 2680 2868 770 1134 2466 1298 241 2753 459 1812 821 480 478 85 1608 274 475 2324 1715 1258 484 714 841 1438 1333 362 1126 217 2333 1703 2802 665 1850 492 2724 592 1667 2638 707 2655 2272 2945 288 929 816 917 1991 1777 1691 447 2106 2303 1461 1858 343 248 2927 255 2523 2461 1979 1949 193 973 2775 595 1133 2846 2255 134 1326 1912 2724 1619 258 492 800 2593 1387 2962 678 1934 452 578 1107 805 429 1583 2580 2484 1066 325 136 226 537 629 22 402 2452 2306 449 2671 2867 1906 1779 2643 1163 2634 454 1323 1463 7 25 2629 270 1303 2453 1807 1896 2023 1133 230 2468 2091 1510 2169 283 994 1735 2433 1768 1923 348 1844 2745 635 863 110 1823 2326 401 1555 71 2282 2709 482 2298 609 1413 1824 1348 1043 2543 117 1624 1491 1787 2644 367 642 283 2169 2890 994 635 1944 65 1598 1769 1768 2433 604 1050 801 1882 1598 2997 1494 2128 2290 1282 2127 2215 1903 258 2908 492 1499 866 2506 895 463 1987 2171 2551 941 2629 451 615 1462 2771 2079 1413 2611 143 789 798 454 1326 1912 1347 2969 1148 2084 2355 2267 1385 704 1672 829 139 2755 1184 987 660 345 2622 1410 207 1098 1816 2317 47 973 1777 1669 2192 1664 2945 1678 117 1305 1624 1491 2356 1570 2710 2170 1357 1526 2764 1693 2551 2754 941 1923 2533 2955 2508 770 2057 1798 1429 1508 2577 2928 1271 1481 1570 2710 2170 2433 1984 1658 3002 1854 2593 2334 768 2962 2084 1218 3003 2589 1155 1013 1361 2218 230 2468 2525 1133 493 1637 2036 2237 1588 1035 344 1918 2388 1170 899 2146 2646 1737 659 1309 2104 2521 1342 2553 67 147 695 380 1951 229 1534 1149 1070 1812 614 831 653 343 1971 201 603 1800 337 2561 1379 2960 2689 1234 2576 1207 2450 2782 2289 1387 2010 2962 2228 1267 1439 1633 1525 407 1925 2655 2058 1234 1968 1076 1327 1787 455 326 2718 1031 1892 991 3008 2160 2977 1678 773 940 2231 2288 2479 380 695 987 754 334 1148 2418 1141 92 100 2274 2101 1787 1327 776 85 2959 652 1893 2355 1644 2532 35 412 532 276 2362 2453 1842 1807 2023 1593 511 1036 2262 2092 2847 2850 2609 1007 1230 298 1196 2871 1696 1103 335 2350 2394 2249 2630 817 1899 776 1941 30 1998 561 1695 1864 1697 241 2398 2544 2382 755 2401 2424 30 416 641 2965 2184 1688 286 1684 842 2814 2137 2265 2620 531 690 1739 1536 2276 2099 1035 1399 344 1918 459 821 972 806 1297 1279 2929 986 932 2825 155 2733 1229 470 631 2864 1812 821 480 831 1745 2915 431 804 107 277 1667 707 2793 2572 439 2808 568 2324 731 1580 2662 1689 1145 405 713 282 873 1601 2942 249 1544 1305 2385 81 2673 1669 1509 966 275 490 3008 2977 2394 1678 22 1704 402 2306 2192 2339 1664 1678 2512 414 1697 2863 194 2613 801 1598 1207 1267 1344 853 2549 1623 1396 1076 2343 2949 2945 1878 1441 1770 648 1835 2378 886 947 1387 768 886 2378 1387 1823 863 2326 2564 81 1129 1375 2886 1321 251 1078 156 2981 1908 386 1165 2508 2680 2868 770 26 774 2765 578 804 774 1745 2687 2295 3008 2350 2296 1347 2749 2623 2969 1715 568 2741 3 1050 1882 801 2613 1368 734 2277 888 2759 2828 368 1695 1385 829 2704 1491 102 625 117 1305 670 1048 768 2334 1544 903 654 1305 346 1650 1188 268 2184 2656 788 2965 2998 2462 2615 2594 1935 1096 885 1799 1782 118 1710 594 1655 986 2929 1149 1003 74 1397 1992 2813 338 995 2240 420 1888 2470 1131 2077 1703 2333 637 44 2390 2544 12 1490 597 386 2981 1981 2136 3002 2024 1810 860 1004 2231 2075 1648 402 2288 1970 145 1404 2146 704 2157 769 1491 3002 1658 2024 1854 540 368 2828 1695 922 1001 1710 118 433 1057 1511 2441 1935 2681 1861 885 1888 2526 420 2470 2991 1438 714 1232 93 1004 1810 860 2454 2602 2672 2314 867 1318 2050 2237 734 2377 2194 2336 1127 2780 381 2936 840 1478 31 2992 1307 1129 81 1669 2905 147 67 380 1566 758 2428 2805 1775 2825 932 2733 2077 1564 503 637 1962 2479 1997 987 2381 2760 1889 2296 2101 1329 2189 980 806 459 821 480 1789 1439 1536 14 92 2904 1670 164 57 890 2723 472 2882 2713 1564 637 19 2876 1949 1642 47 1777 1991 1669 1804 2471 1959 229 2076 2626 1331 1029 2853 2364 197 21 2470 2117 1269 641 2322 1204 1908 2932 971 879 1304 149 473 1374 2602 1938 1399 1156 344 1918 1913 1017 1034 1894 2270 2211 32 2682 1824 146 659 2303 750 1818 1557 1499 2397 1787 1734 326 2147 1301 2570 1526 493 1208 480 2237 208 2642 1216 1 2022 785 820 2006 57 2473 1498 1235 1718 1912 1326 2969 2170 2178 1570 2433 2164 1165 1896 2914 2230 831 1741 598 1570 2167 2710 2433 1409 1725 1330 1452 1733 2340 401 2764 1803 1741 831 286 804 431 1745 774 1050 1882 65 1598 648 1219 1770 1441 386 2998 1490 2981 2999 1057 433 2441 559 1935 1861 885 2865 1351 2524 2054 1794 586 2110 1530 2919 2613 801 1149 2189 1078 2101 980 2284 443 2342 2846 1079 473 2128 1938 303 1092 2893 503 1351 2524 2785 2865 1467 947 2378 886 908 1419 1648 574 1489 106 367 1302 1659 1744 1351 1419 147 695 380 987 2799 1308 1655 1149 488 457 1001 1710 840 985 2118 702 340 2276 619 544 1653 2171 1050 2613 932 2733 780 592 251 1321 935 156 660 2089 345 929 2600 2613 941 1149 256 1470 2238 2561 768 1387 2593 2962 179 166 2479 495 990 1131 1888 234 1630 369 1125 2936 704 2566 1385 1672 2052 62 1889 2700 1750 474 1797 2454 2919 941 2613 1149 2347 2836 2972 684 719 298 1230 1196 2998 1896 1636 2609 1215 2881 1924 1415 345 1410 660 929 369 2936 2388 2146 660 476 345 1707 149 1566 2722 2159 778 805 521 536 596 1607 1824 2106 166 2802 1703 665 816 2905 917 1777 2042 2810 1753 1627 2759 90 3000 368 787 2886 1129 2922 2828 2759 2772 1695 2015 1707 1640 1682 37 2829 1393 2659 1099 2334 1632 834 420 2222 246 234 1882 2613 569 1598 521 1646 551 254 2980 2899 1077 1006 1797 1989 474 1750 288 2272 2192 2945 266 503 303 637 1787 455 1283 1327 1966 2517 898 226 739 30 561 1695 968 607 356 2855 1741 2158 1177 286 2423 1470 256 2561 3002 2024 2136 1854 1379 2689 441 1234 121 1092 303 503 1331 2683 791 1714 288 2621 2622 1410 1030 1203 2834 2108 1230 719 1863 298 562 301 2399 973 420 2470 694 1131 1704 2564 1270 1937 1534 229 801 1149 1835 1770 459 480 1486 346 1188 268 2184 788 614 2965 193 1777 47 973 419 2828 540 368 2307 2834 1030 1203 253 2652 378 2427 1300 2129 2947 479 1027 2873 775 138 817 776 2521 1941 1302 367 1489 2392 1537 1773 1338 968 2997 473 2352 198 1141 2904 523 92 2434 1119 1748 857 1703 917 67 380 704 748 1672 829 197 2855 2853 21 843 1872 2533 255 1547 1409 150 2159 1845 843 2533 255 590 1177 1741 2158 2819 2978 1467 1 292 2045 1972 2179 2167 1570 2178 2433 1930 2808 2497 945 436 89 1091 1059 1451 2922 1129 1669 109 2790 1255 595 2940 1856 2131 2293 264 603 2444 1286 2105 2827 897 984 660 1410 2025 929 1070 821 1812 831 2882 1564 2396 637 1889 905 2715 2160 800 2378 947 1387 1630 186 2714 2780 1683 2638 1984 151 877 937 592 594 1970 2936 874 2146 1001 118 2688 594 1992 38 407 2655 632 1125 2923 369 1812 480 2235 831 2749 2555 2623 2969 1537 2386 968 607 1347 2623 2555 2969 668 1295 2545 79 401 71 1733 2764 107 1667 2157 707 92 1837 1162 2274 1710 132 922 118 2005 2733 937 592 1645 727 2870 1937 2526 1888 2117 2470 1950 2738 1025 1604 297 406 2509 21 2743 2868 1656 2680 2356 2250 2614 1121 596 2653 238 2106 2268 2932 1908 1165 2789 2658 2483 369 1331 2626 2683 1799 2688 922 1763 118 2905 1949 2876 1642 2109 2650 371 1002 369 2923 632 2918 369 2789 2658 2918 2919 229 1042 1149 1724 1170 1404 2421 292 2549 83 1396 2907 171 2292 2108 2350 2394 2630 1678 632 1460 1292 2789 1724 1588 1170 2421 1775 2733 932 592 1653 941 2171 2613 2652 253 2147 2427 2343 1619 2949 1878 1189 1606 2674 1878 2789 632 1460 2918 1810 1004 2761 2231 2188 2868 1656 2743 67 2479 166 380 1588 1724 2820 2421 356 2855 1723 604 2206 2184 614 286 1476 2289 387 2962 1683 2050 1318 151 1623 1968 1396 1076 2427 2375 253 834 2653 2168 596 238 166 1703 67 380 484 137 2778 841 67 917 2905 380 968 1420 1314 2855 2670 885 2013 1799 1672 2752 2745 635 1070 2217 849 831 1985 1803 2965 286 1249 2268 2981 1165 2533 1762 255 2461 369 1630 1118 2936 1214 1293 2238 1470 2122 44 1282 755 1385 704 829 1491 1307 2727 1451 1669 2713 712 266 637 1784 1470 1800 2561 2403 1026 518 1468 2592 991 2473 743 1691 2106 2653 2303 786 1020 2999 2108 2329 787 1129 2922 1001 877 488 594 2549 1755 1623 1076 2643 1779 365 2634 2671 449 2692 1906 429 2190 1107 1583 2484 1066 1298 2580 1623 2549 188 1755 2097 1414 1943 480 41 2444 264 664 1935 885 559 1799 2981 386 2998 1165 1859 1103 2879 1235 288 1410 345 929 1198 1800 2366 1604 423 537 1349 828 2385 2406 81 1669 2868 2680 2743 1134 1129 1375 1651 81 2617 1940 41 54 1780 1784 2444 2561 731 2135 1080 2210 2905 2876 4 1642 2271 1385 2566 1672 2850 2847 510 2609 2630 2519 2350 165 90 1994 3000 368 293 1214 970 1470 2926 2823 128 1839 2391 1664 2394 413 1170 710 2603 899 2630 2358 165 1678 2521 2553 2104 1941 2614 2250 86 1121 2624 1378 335 1235 841 765 1587 1438 701 2998 386 1165 2508 1656 2868 2680 717 1983 2145 1642 1566 1304 2805 2159 475 1363 2447 363 995 2240 720 116 246 1770 1219 1441 1897 567 1153 2914 2465 669 1416 542 1496 267 1024 1561 2003 1691 2702 2303 972 2224 459 1414 2127 2135 1603 925 92 523 1141 100 2874 528 2107 613 2955 2680 2508 770 2076 1945 1010 1029 2386 356 968 607 660 2025 2139 929 336 931 1090 598 1888 1131 420 234 452 2291 678 578 1404 2623 2421 2555 620 890 2723 57 1813 2872 1718 2969 251 907 2080 1530 1920 253 2698 834 841 714 397 1438 1217 1935 559 1799 2040 715 2096 1182 194 801 2613 1149 402 860 1810 2231 2623 1808 2421 2555 1092 1310 2893 2385 2552 1183 450 380 2518 416 30 641 2726 1459 2379 2851 756 1994 90 368 2551 2118 2246 2754 93 1704 1270 1937 786 2608 1020 2108 995 2536 1823 863 2778 1515 137 484 2998 1636 2462 2609 2799 1655 1951 1149 1145 1300 1898 904 1190 2607 1109 1854 1046 451 2743 1462 1918 2247 1156 2575 1010 1945 1342 2553 1893 2612 335 1378 165 2295 2350 2296 2891 930 753 2718 1992 407 1525 2655 1882 801 2613 1598 1664 2249 2391 2394 2592 2473 2876 743 348 1484 1844 635 2057 1429 596 1508 441 1968 1054 1234 2965 614 2184 286 543 528 2107 2874 2724 2160 2949 1878 2350 2296 3008 1678 1001 979 877 594 1139 565 2689 1234 2954 226 1719 629 2435 1555 2575 2282 1396 292 2549 1076 2731 1351 421 557 1351 557 2731 1419 1397 38 1003 1992 1908 2766 2322 2932 451 1462 2629 1303 2569 1350 2321 1941 2270 157 2211 2682 2096 2699 2040 1182 2646 2873 618 1027 2284 2525 2790 1133 2852 1648 2048 574 939 551 2044 87 720 863 995 116 2749 2970 2623 2555 1794 64 586 1530 288 2622 345 1410 2949 2160 2945 1878 2623 2970 1808 2555 454 1463 1382 7 2623 145 1347 2555 1952 2892 975 574 335 522 57 1235 932 418 1775 592 1719 2208 2286 629 879 971 733 149 2989 940 1726 2288 879 1628 971 1304 2731 2107 528 613 1758 2406 1310 2385 2764 1911 2340 1526 1838 1364 1197 1839 2507 2755 139 987 1404 145 2623 2555 1640 1119 2015 1682 1824 2653 596 2106 1759 2130 293 804 386 548 1116 2932 2192 1664 288 2945 2272 288 345 929 369 1118 2388 2936 2867 1098 449 1906 57 1031 472 2473 1304 1628 553 2888 1866 376 119 2882 805 1107 1646 1583 2580 1066 790 325 2643 414 1779 1163 1143 1999 1389 2973 30 2518 641 1695 2805 252 883 2159 2058 2274 2948 2864 1710 1001 488 594 2671 2810 449 2867 1163 2390 1779 2634 1600 1107 805 429 45 1066 2484 325 2874 2148 261 2219 664 2550 41 2617 2323 2244 658 342 2997 1494 1079 2128 493 2830 1637 2237 2819 1467 886 1 1670 673 2608 168 2350 3008 2394 1678 569 1844 1484 1598 303 503 1564 637 1352 2646 659 1309 253 2147 2427 834 658 477 2323 2219 1349 537 2354 629 553 758 1304 2888 2427 580 2375 1725 2394 1664 2249 2630 1274 2244 2323 342 2354 537 191 226 1869 2932 1177 542 2833 2978 2819 1 2819 2975 2833 1 1197 1364 302 1839 1608 1303 2404 274 936 934 2055 85 2424 416 1269 641 369 1063 2483 2388 146 2106 2978 2303 2547 2629 705 1462 1120 2231 2761 2682 1343 1844 569 1598 367 1734 1787 642 1351 2731 1659 1419 2523 255 2739 2461 826 1237 2997 2290 1824 2653 2106 2303 1019 1117 1308 2613 1143 1389 1748 2973 2991 1168 714 1438 2949 1619 2724 1878 2091 2847 2092 2609 312 2042 1459 2258 1667 1397 2504 2655 1117 2171 941 2613 170 2379 1971 1815 1463 2936 1127 7 670 1099 1048 2334 2533 1736 1845 1762 2238 256 970 1470 1307 1651 2406 81 2322 548 1204 2932 2888 2805 1304 2159 1889 2296 905 2160 2653 2387 1691 2303 101 2879 1103 1235 2630 165 2350 1678 25 1408 2629 1303 1650 2906 1188 634 2348 2656 2184 1688 288 2241 2621 2645 877 592 1775 594 1787 2101 2644 776 1252 1131 719 1196 2351 1019 1882 2613 1940 2806 1780 54 2997 1079 473 2128 1968 1234 441 1076 1170 91 710 1588 2054 32 2211 2682 907 2110 586 1530 678 26 1934 578 996 2914 1869 542 1872 2533 255 2461 2764 401 71 2282 2886 81 1129 2922 1469 1611 1407 2866 1501 997 1856 2293 597 1204 386 1908 292 1162 1755 1076 1872 843 1907 2927 152 1259 132 692 2110 1332 907 586 615 705 2629 1462 339 2364 2853 21 2524 32 2211 2054 90 2759 2828 368 2130 1759 2915 804 1582 2428 997 883 1710 1259 457 922 2551 1420 840 1923 451 1046 615 1462 2110 935 1794 251 1630 2780 2714 2936 1934 1798 452 1429 2351 1117 1019 2613 1935 1332 2681 1096 433 1511 152 1631 996 542 1929 1561 2559 2914 996 1561 2091 2468 2092 2847 1999 1734 367 642 2873 775 618 1027 1560 1178 2593 2962 1438 2792 1587 2240 2709 2298 1773 609 1092 2385 2893 503 548 1204 2348 2322 1050 2171 1882 2613 2536 110 1823 863 801 229 2919 1149 2521 1288 1342 2553 1125 1630 1668 369 2270 32 789 2682 1478 1723 2992 604 1323 143 798 454 936 2055 270 274 2118 2754 2551 1923 2350 2519 2295 165 2238 2806 970 256 2752 348 2745 635 1824 659 1737 2303 1352 2873 2646 1309 2381 2760 62 1889 2375 378 580 2427 2092 2850 2462 2609 2853 2855 1768 21 303 2893 1564 503 2999 1000 1057 2226 2508 2868 1656 862 518 2403 1468 2866 2672 474 2454 2314 2229 930 1989 1750 559 1861 1171 355 2615 1490 2998 2594 2533 1872 2469 2461 2871 1021 1696 335 1782 1710 1775 594 1707 1586 345 2089 2992 840 1478 604 2510 1234 2058 2864 826 2906 1237 114 603 2444 1286 2567 518 1468 611 2866 1997 2479 695 987 2819 886 2975 1 193 1949 1777 973 477 261 2148 2219 1755 3000 90 1994 1992 1397 38 2655 2943 431 2554 774 1723 1285 2992 604 1999 367 106 642 473 1079 1374 1938 2118 702 2754 1923 1696 101 1103 335 1347 2555 145 2969 138 2873 2797 2991 41 2550 1940 2617 1010 1342 1288 2553 165 2296 2350 1678 1351 2785 421 557 702 1062 2754 1923 2118 840 702 1923 2714 1463 1323 7 2397 455 1787 326 595 1599 2886 2922 702 2433 2791 1923 25 1303 270 274 1125 1668 2923 369 2828 2772 641 1695 1409 733 1690 220 278 2433 2992 604 1664 2630 2394 1678 303 2893 1709 1564 2658 1063 2483 369 1304 149 879 2159 2960 819 2735 1379 2922 973 47 1669 840 604 2433 1923 386 1908 1204 2932 1648 1419 2048 574 2630 2339 2358 1678 2970 2555 2749 2969 2603 91 710 1170 1777 1949 2905 1642 101 620 2879 57 614 831 1741 286 2171 1653 2551 941 1270 2564 116 1937 1999 1389 957 1143 41 54 1780 2561 2547 2629 1462 1303 603 264 2444 664 1869 1896 1165 2914 47 2922 1548 973 1628 553 971 1304 2110 251 1794 1530 635 65 1882 1598 2731 528 2107 2320 2089 1899 2343 929 292 1755 2549 1076 147 1378 695 987 345 2622 476 660 1162 100 92 2274 54 2423 256 2561 1379 441 1054 1234 2296 905 2160 1678 664 628 2617 2561 2960 1139 2689 1234 2919 1042 986 1149 419 90 2828 368 2444 664 41 2561 2235 1741 831 598 2919 986 941 1149 2547 1303 1608 274 2680 1088 2743 1134 765 2792 1587 1438 1667 277 38 407 2326 583 1872 2564 1664 2391 2241 413 1214 970 1759 293 2350 2249 2519 2630 1710 118 1001 594 2684 2388 1170 899 916 846 2021 690 2015 1586 1707 2089 1323 454 798 7 785 1620 820 2006 1429 26 2765 578 1129 2922 81 1669 2888 1628 2176 2159 2270 32 143 789 2326 1907 110 2958 714 1168 397 1438 2124 148 2784 1786 2387 1852 2702 1737 2518 739 2828 1695 635 1484 1844 1598 2071 2443 870 1015 89 774 804 2687 1608 85 2547 274 1301 2570 2652 2147 626 580 1690 1725 1000 673 2907 1020 2547 1462 1608 1303 1908 2932 386 1165 90 419 756 368 318 2427 2147 834 2178 2170 278 2433 338 2536 2813 995 2791 2710 2167 2433 186 1323 2714 1463 1156 1399 2247 1918 1489 757 1302 2392 1420 968 356 2855 1100 732 2129 1105 1734 957 2397 1435 2873 2797 775 138 1478 356 1723 604 2351 1882 2171 2613 1770 2224 648 1835 2714 2936 1463 7 2573 546 2219 342 1420 604 840 1923 482 1171 2298 1328 1394 1689 140 1749 367 106 485 1999 2340 1733 1911 2764 2052 155 780 932 2946 270 2055 274 2959 1021 1960 1893 569 1484 685 1882 1547 879 1409 2159 335 57 101 1235 2168 2057 596 238 2828 2518 1194 739 1564 2385 864 503 2244 2573 658 342 1304 879 1628 2159 1349 828 537 629 1118 2714 798 7 840 2118 2551 1923 270 1303 2547 274 836 972 821 806 335 101 1103 1235 936 270 2547 274 1775 488 877 594 101 57 2879 1235 2888 2176 252 2159 936 85 2055 274 863 583 2326 2564 2150 1592 1246 656 2997 1237 1494 2290 1853 1063 2684 2388 2602 2454 469 2954 149 1304 1566 2159 2054 789 32 2682 1667 407 38 2655 840 356 1478 604 74 1003 260 1828 41 2617 54 2561 2295 2760 3008 2296 1972 523 100 2711 2888 1304 1628 2159 2602 469 473 2954 2653 1824 1737 2303 293 256 1836 1470 2462 2091 2092 2609 293 970 256 1470 2144 2797 1168 2991 2603 2684 1170 899 41 264 2550 664 1283 1329 2101 322 1564 2893 2385 503 664 2444 603 2561 664 337 628 2561 1118 2936 2714 7 2244 119 658 2573 2828 641 2518 1695 1118 1630 2714 2936 537 226 2354 629 2617 628 2423 2561 2653 2387 2168 1691 1460 2658 2789 2918 632 2923 1460 2918 1555 2435 71 2282 1710 488 1775 594 484 397 137 841 137 765 2778 841 1723 1478 2386 356 548 386 1204 2932 2157 2566 107 1110 246 1219 2526 1390 705 936 270 2547 1775 488 2825 877 2189 1321 1078 1766 907 251 2110 1530 756 1260 419 90 2171 1567 2351 1117 1630 1668 186 2780 1547 1363 2176 252 2358 2519 2630 165 1420 356 840 604 1420 2855 356 604 2554 1934 678 26 1780 2444 41 2561 2072 789 2054 2682 86 31 2250 2614 86 2250 985 1121 579 2792 338 2240 571 2902 618 2646 715 2096 2045 2040 715 83 2096 1182 1255 1375 787 2886 569 1484 1882 1598 664 2617 41 2561 1486 2770 346 552 614 788 1549 227 628 2550 664 2617 165 2358 905 1678 2462 2092 2615 2850 635 1882 1484 1598 2247 2435 797 2575 1628 1547 2176 2159 1374 2672 2602 1372 1628 2176 553 2888 1999 485 1389 2973 2091 2462 1636 2609 2354 226 2954 629 2351 2171 1117 2613 1664 2339 2630 1678 2131 2169 1510 994 1397 1667 38 2655 476 1640 1707 728 890 2891 621 472 2547 85 936 274 2271 2566 2752 1672 2117 1269 2526 2470 1323 798 2714 7 337 732 628 2423 2115 91 1035 1588 1547 252 2176 2159 337 2423 628 2561 252 2805 2888 2159 485 1489 106 367 1526 2570 1911 974 2339 1034 2358 905 2339 905 2358 1678 543 261 528 2874 1656 1046 2188 2743 2886 1599 81 2922 2433 604 1768 1923 664 603 337 2561 2617 2423 54 2561 2508 1656 1736 862 421 528 2731 2320 1547 1628 879 2159 603 1286 2890 2567 165 905 2296 1678 1474 1380 141 2273 1474 141 1380 2897 988 154 835 1036 835 154 988 1679 2558 1443 729 783 2558 729 1443 2067 1927 1629 745 2579 1927 745 1629 2332 1904 500 2604 189 2016 2604 500 189 2116 1037 417 1224 417 1037 2116 2185 1087 1290 1927 2121 1087 1927 1290 1679 2328 206 180 1403 180 206 2328 910 446 2093 955 2132 446 955 2093 271 1956 1186 661 1369 661 1186 1956 1638 861 1422 1942 933 861 1942 1422 951 938 2016 2259 509 938 2259 2016 1132 770 1135 2736 2955 2736 1135 770 1885 2736 33 770 2955 770 33 2736 1885 1432 1450 2374 953 1432 2374 1450 1018 1440 1334 2181 1674 1440 2181 1334 744 1543 777 2648 1898 1543 2648 777 2663 1550 1833 1155 740 1550 1155 1833 914 536 2059 2895 778 536 2895 2059 2193 1905 2041 2080 1010 1905 2080 2041 1147 989 207 329 573 989 329 207 126 2786 1909 55 912 2786 55 1909 1151 829 2429 1944 654 1944 2429 829 748 1829 471 463 808 1829 463 471 1273 2601 2993 914 623 2601 914 2993 2493 1432 2371 2374 2821 1432 2374 2371 953 640 2035 2685 192 2685 2035 640 533 2195 2074 1444 179 2195 1444 2074 2842 1244 524 2994 2794 1244 2994 524 349 681 1305 829 1624 829 1305 681 654 2679 1053 2407 456 2679 2407 1053 2934 779 1424 2659 1242 779 2659 1424 496 1342 1905 2625 2076 2625 1905 1342 865 16 689 1236 2685 16 1236 689 262 393 745 2816 2511 393 2816 745 691 2921 1558 1306 458 373 686 1591 1712 373 1591 686 206 2885 1595 144 2781 144 1595 2885 1980 2357 1120 1810 2761 2357 1810 1120 169 2581 2897 1380 141 2581 1380 2897 2705 1528 2568 1693 1585 1528 1693 2568 2827 461 1353 1830 745 461 1830 1353 1271 2716 309 240 1964 2716 240 309 2591 1994 969 2948 3000 1994 2948 969 2446 1392 1186 142 1638 142 1186 1392 833 1676 2848 2156 1053 2156 2848 1676 2280 2697 1422 1821 1942 2697 1821 1422 1417 1059 2502 2765 2378 1059 2765 2502 436 2716 1199 240 2591 2716 240 1199 1647 2921 1306 501 458 2921 501 1306 2074 950 242 869 1661 869 242 950 394 869 807 950 1661 950 807 869 394 1038 77 855 1533 855 77 1038 944 2074 1558 2921 2842 2074 2921 1558 1306 1376 1444 324 1576 1376 324 1444 179 2401 1163 2634 2544 2401 2634 1163 811 1904 2016 500 1776 1904 500 2016 2604 311 720 1270 1947 311 1270 720 116 583 1270 720 1947 583 720 1270 116 434 1126 2957 2369 434 2957 1126 2840 1749 777 924 405 1749 924 777 644 1551 2141 1817 239 1551 1817 2141 2216 533 123 1559 2685 1559 123 533 1692 2112 808 1819 225 2112 1819 808 2732 368 969 3000 2759 368 3000 969 1994 247 2014 1082 2804 247 1082 2014 1939 224 858 1248 2153 224 1248 858 960 554 1836 1059 1091 554 1059 1836 2366 2784 875 96 1977 96 875 2784 1786 1548 2775 279 882 1792 2775 279 70 1792 279 2775 882 1995 2775 279 1548 1995 279 2775 70 2505 1526 1693 974 2505 1693 1526 1099 2195 309 2815 2842 2815 309 2195 2591 1660 1158 1373 2720 1660 1373 1158 533 792 1346 460 438 792 460 1346 2595 2967 1330 2447 424 2967 2447 1330 150 830 2986 1793 2239 830 1793 2986 195 1164 234 1948 2963 1948 234 1164 687 644 2411 777 2212 777 2411 644 924 307 2302 1849 703 307 1849 2302 2007 1435 1999 957 1143 1435 957 1999 1734 1301 1099 1526 2147 1526 1099 1301 2505 2853 1042 2037 2043 2037 1042 2853 2919 960 858 2452 22 960 2452 858 2075 402 2452 858 22 402 858 2452 2075 944 123 1660 462 1660 123 944 1692 2635 2564 1937 2308 1937 2564 2635 1704 1714 235 2094 791 1714 2094 235 737 1026 1142 2405 172 1026 2405 1142 2403 2153 1681 2725 430 2153 2725 1681 169 198 1938 2128 473 198 2128 1938 2380 1621 2721 730 1641 1621 730 2721 1348 874 408 2283 1838 874 2283 408 572 2410 1055 1933 2458 2410 1933 1055 2138 1072 1933 1055 2458 1072 1055 1933 2138 682 2575 845 797 682 845 2575 897 2679 2407 174 1822 2679 174 2407 2934 1701 2668 2878 627 1701 2878 2668 198 1028 2679 1936 174 1936 2679 1028 2235 2274 398 1873 1366 2274 1873 398 2834 2059 66 263 778 263 66 2059 803 2475 1270 2469 583 2475 2469 1270 33 1080 1580 2983 568 2983 1580 1080 2210 2757 471 307 871 2757 307 471 703 949 1624 610 2801 949 610 1624 2543 1134 2188 2415 2743 1134 2415 2188 1625 1555 897 2575 2282 2575 897 1555 682 642 2939 2089 817 2089 2939 642 1586 1071 2482 2986 2669 1071 2986 2482 1335 162 2559 1571 2453 162 1571 2559 2121 1927 1571 2559 2453 1927 2559 1571 2121 1387 1022 2349 2783 1387 2349 1022 947 1349 991 1041 2592 1349 1041 991 1892 1831 1041 991 2592 1831 991 1041 1892 229 1479 2712 1042 229 2712 1479 1613 1196 1544 320 1007 1196 320 1544 1520 2679 1981 1231 590 2679 1231 1981 651 886 1022 1387 111 886 1387 1022 947 1364 1130 408 2982 1364 408 1130 145 915 2722 810 1233 915 810 2722 150 1716 1446 927 1042 1716 927 1446 1106 116 579 2813 2240 116 2813 579 563 2318 2956 2924 1843 2318 2924 2956 1622 228 2924 2956 1843 228 2956 2924 1622 829 313 2498 1944 829 2498 313 2437 1309 1152 2337 210 1309 2337 1152 1552 984 2486 272 1772 984 272 2486 2833 787 595 1255 2886 1255 595 787 109 249 517 1426 867 249 1426 517 99 2471 1166 667 2660 2471 667 1166 1959 2152 2657 2036 1227 1604 105 358 1198 1604 358 105 1950 2159 220 150 1563 2159 150 220 1409 1452 150 220 1563 1452 220 150 1409 1751 1376 956 2183 956 1376 1751 1811 2655 74 1992 1397 2655 1992 74 1828 2452 1253 361 2852 2452 361 1253 2331 2023 1325 2214 191 2023 2214 1325 2166 2421 1671 793 1238 2421 793 1671 1404 1714 2187 1973 767 1714 1973 2187 2683 1452 389 20 2677 1452 20 389 1178 1470 105 2859 1293 1470 2859 105 1198 1037 700 2112 1819 1037 2112 700 1245 1693 974 2340 1517 1693 2340 974 1526 2611 1352 1309 1761 2611 1309 1352 2079 883 1566 2428 2805 883 2428 1566 1582 1947 2611 1352 2079 1352 2611 1947 311 2237 2235 1936 1208 2237 1936 2235 892 2718 621 2891 472 2718 2891 621 753 1658 1577 1854 498 1658 1854 1577 2024 1912 1895 698 2571 1912 698 1895 2255 776 2245 2034 2916 776 2034 2245 2521 1561 2843 2086 1024 1561 2086 2843 1701 903 2467 2498 2861 903 2498 2467 1944 2969 1453 2120 1813 2969 2120 1453 145 1658 1495 1136 502 1658 1136 1495 611 2905 1642 323 1777 323 2944 2905 1777 1807 2030 2304 882 1807 2304 2030 2029 151 1492 124 2638 151 124 1492 599 2969 2598 2749 2970 918 2749 2598 2970 2609 2029 1955 1807 2609 1955 2029 510 743 2400 1465 1430 743 1465 2400 2876 1365 229 667 2712 1365 667 229 1959 2006 975 2730 2892 2006 2730 975 785 2914 2453 162 1896 2914 162 2453 2559 1 2186 2746 208 1 2746 2186 2975 542 590 2121 1929 542 2121 590 1177 1538 1196 719 2341 719 1196 1538 298 1468 172 2701 2460 1468 2701 172 1026 274 652 1997 85 274 1997 652 2703 1 1039 2930 2978 1 2930 1039 2642 1491 102 829 2704 1491 829 102 1305 2231 674 2845 1004 2231 2845 674 1160 1878 1256 1865 1189 1878 1865 1256 1619 21 2033 94 339 21 94 2033 297 598 590 2679 1741 598 2679 590 1981 2245 1288 2935 3005 2935 1288 2245 2521 1288 2835 1809 2858 1288 1809 2835 1010 21 2220 2033 2364 21 2033 2220 297 1693 1634 741 1048 1693 741 1634 2996 1693 2505 505 1099 1693 505 2505 1517 2357 2796 1347 1970 1347 2796 2357 2623 1347 145 2357 1970 2357 145 1347 2623 742 684 1181 2347 1181 684 742 2233 973 60 1277 1949 973 1277 60 562 1309 1912 210 2337 210 1912 1309 1761 2357 2072 1118 868 2357 1118 2072 2761 2127 1014 925 1603 925 1014 2127 1903 1360 629 2297 2208 2297 629 1360 828 542 977 1191 2465 542 1191 977 2158 598 1954 1519 2158 598 1519 1954 336 2613 1653 2919 1050 2613 2919 1653 941 2146 572 108 874 2146 108 572 2191 1941 813 1572 1350 1941 1572 813 2104 1042 1768 2880 2043 1042 2880 1768 986 2288 2266 908 2989 2288 908 2266 1419 1120 2682 1081 2231 1081 940 1120 2231 1364 408 1473 2982 1364 1473 408 1838 2657 2237 2152 2036 2152 2237 2657 867 929 2008 2343 2139 929 2343 2008 1899 2538 2343 2008 2139 2538 2008 2343 1899 1197 878 582 1232 1197 582 878 1738 2334 505 1206 1099 2334 1206 505 2182 2399 1669 2922 1451 2922 1669 2399 973 2645 929 1410 288 1410 929 2645 2025 368 1781 2081 2198 368 2081 1781 1863 2461 583 33 2564 2461 33 583 2469 1270 33 583 2564 1270 583 33 2469 1598 2745 1944 313 1598 1944 2745 635 63 1235 2301 1859 2301 1235 63 2155 2628 690 2281 2265 2281 690 2628 916 690 1746 680 531 690 680 1746 1030 542 2766 1456 669 542 1456 2766 2932 2288 908 706 2989 2288 706 908 1648 578 1022 1802 947 578 1802 1022 2291 1183 987 2479 2507 2479 987 1183 380 2479 2546 1183 2507 1183 2546 2479 380 2088 1695 2081 561 2081 1695 2088 1863 690 2999 351 433 690 351 2999 1030 1499 1377 2102 2553 1499 2102 1377 1557 1642 2944 323 2145 1642 323 2944 2905 1149 2600 986 941 1149 986 2600 1655 2969 918 2598 2872 2969 2598 918 2749 1937 850 1717 1645 1937 1717 850 2564 2682 940 1081 157 2682 1081 940 1120 1288 2101 1790 1078 1288 1790 2101 2521 2709 2855 1338 968 1338 2855 2709 197 1409 149 733 220 733 149 1409 879 629 2941 1750 2454 629 1750 2941 1349 342 2882 546 2333 342 546 2882 2573 915 1560 2495 902 915 2495 1560 1178 256 1780 2806 54 256 2806 1780 2238 593 1548 279 882 593 279 1548 1979 2936 1910 481 874 2936 481 1910 381 1105 2423 1800 1100 1105 1800 2423 337 984 1808 182 897 984 182 1808 2970 2508 1762 1736 2533 1736 1762 2508 862 2846 2091 1792 882 2846 1792 2091 1133 2932 701 1165 1869 2932 1165 701 386 2117 641 1131 2424 1131 641 2117 2470 574 908 2202 1648 574 2202 908 1952 2006 574 975 2892 2006 975 574 2022 1854 269 498 2607 1854 498 269 1658 2932 2184 1116 1177 2932 1116 2184 548 1935 1530 2080 907 2080 1530 1935 2626 2864 1234 565 470 2864 565 1234 2058 940 1120 2747 2682 2747 1120 940 2288 2914 1561 267 996 267 1561 2914 1890 267 567 2914 996 2914 567 267 1890 2914 542 1416 964 1416 542 2914 996 1416 567 2914 964 2914 567 1416 996 542 1561 267 529 267 1561 542 996 267 1416 542 529 542 1416 267 996 7 2682 2072 2761 578 1934 1429 26 578 1429 1934 452 2303 2387 1737 2653 2303 1737 2387 2702 789 7 2072 798 2072 7 789 2682 658 342 2219 2323 2219 342 658 2573 
        </DataArray>
        <DataArray type="Int32" Name="offsets" format="ascii">
          4 8 12 16 20 24 28 32 36 40 44 48 52 56 60 64 68 72 76 80 84 88 92 96 100 104 108 112 116 120 124 128 132 136 140 144 148 152 156 160 164 168 172 176 180 184 188 192 196 200 204 208 212 216 220 224 228 232 236 240 244 248 252 256 260 264 268 272 276 280 284 288 292 296 300 304 308 312 316 320 324 328 332 336 340 344 348 352 356 360 364 368 372 376 380 384 388 392 396 400 404 408 412 416 420 424 428 432 436 440 444 448 452 456 460 464 468 472 476 480 484 488 492 496 500 504 508 512 516 520 524 528 532 536 540 544 548 552 556 560 564 568 572 576 580 584 588 592 596 600 604 608 612 616 620 624 628 632 636 640 644 648 652 656 660 664 668 672 676 680 684 688 692 696 700 704 708 712 716 720 724 728 732 736 740 744 748 752 756 760 764 768 772 776 780 784 788 792 796 800 804 808 812 816 820 824 828 832 836 840 844 848 852 856 860 864 868 872 876 880 884 888 892 896 900 904 908 912 916 920 924 928 932 936 940 944 948 952 956 960 964 968 972 976 980 984 988 992 996 1000 1004 1008 1012 1016 1020 1024 1028 1032 1036 1040 1044 1048 1052 1056 1060 1064 1068 1072 1076 1080 1084 1088 1092 1096 1100 1104 1108 1112 1116 1120 1124 1128 1132 1136 1140 1144 1148 1152 1156 1160 1164 1168 1172 1176 1180 1184 1188 1192 1196 1200 1204 1208 1212 1216 1220 1224 1228 1232 1236 1240 1244 1248 1252 1256 1260 1264 1268 1272 1276 1280 1284 1288 1292 1296 1300 1304 1308 1312 1316 1320 1324 1328 1332 1336 1340 1344 1348 1352 1356 1360 1364 1368 1372 1376 1380 1384 1388 1392 1396 1400 1404 1408 1412 1416 1420 1424 1428 1432 1436 1440 1444 1448 1452 1456 1460 1464 1468 1472 1476 1480 1484 1488 1492 1496 1500 1504 1508 1512 1516 1520 1524 1528 1532 1536 1540 1544 1548 1552 1556 1560 1564 1568 1572 1576 1580 1584 1588 1592 1596 1600 1604 1608 1612 1616 1620 1624 1628 1632 1636 1640 1644 1648 1652 1656 1660 1664 1668 1672 1676 1680 1684 1688 1692 1696 1700 1704 1708 1712 1716 1720 1724 1728 1732 1736 1740 1744 1748 1752 1756 1760 1764 1768 1772 1776 1780 1784 1788 1792 1796 1800 1804 1808 1812 1816 1820 1824 1828 1832 1836 1840 1844 1848 1852 1856 1860 1864 1868 1872 1876 1880 1884 1888 1892 1896 1900 1904 1908 1912 1916 1920 1924 1928 1932 1936 1940 1944 1948 1952 1956 1960 1964 1968 1972 1976 1980 1984 1988 1992 1996 2000 2004 2008 2012 2016 2020 2024 2028 2032 2036 2040 2044 2048 2052 2056 2060 2064 2068 2072 2076 2080 2084 2088 2092 2096 2100 2104 2108 2112 2116 2120 2124 2128 2132 2136 2140 2144 2148 2152 2156 2160 2164 2168 2172 2176 2180 2184 2188 2192 2196 2200 2204 2208 2212 2216 2220 2224 2228 2232 2236 2240 2244 2248 2252 2256 2260 2264 2268 2272 2276 2280 2284 2288 2292 2296 2300 2304 2308 2312 2316 2320 2324 2328 2332 2336 2340 2344 2348 2352 2356 2360 2364 2368 2372 2376 2380 2384 2388 2392 2396 2400 2404 2408 2412 2416 2420 2424 2428 2432 2436 2440 2444 2448 2452 2456 2460 2464 2468 2472 2476 2480 2484 2488 2492 2496 2500 2504 2508 2512 2516 2520 2524 2528 2532 2536 2540 2544 2548 2552 2556 2560 2564 2568 2572 2576 2580 2584 2588 2592 2596 2600 2604 2608 2612 2616 2620 2624 2628 2632 2636 2640 2644 2648 2652 2656 2660 2664 2668 2672 2676 2680 2684 2688 2692 2696 2700 2704 2708 2712 2716 2720 2724 2728 2732 2736 2740 2744 2748 2752 2756 2760 2764 2768 2772 2776 2780 2784 2788 2792 2796 2800 2804 2808 2812 2816 2820 2824 2828 2832 2836 2840 2844 2848 2852 2856 2860 2864 2868 2872 2876 2880 2884 2888 2892 2896 2900 2904 2908 2912 2916 2920 2924 2928 2932 2936 2940 2944 2948 2952 2956 2960 2964 2968 2972 2976 2980 2984 2988 2992 2996 3000 3004 3008 3012 3016 3020 3024 3028 3032 3036 3040 3044 3048 3052 3056 3060 3064 3068 3072 3076 3080 3084 3088 3092 3096 3100 3104 3108 3112 3116 3120 3124 3128 3132 3136 3140 3144 3148 3152 3156 3160 3164 3168 3172 3176 3180 3184 3188 3192 3196 3200 3204 3208 3212 3216 3220 3224 3228 3232 3236 3240 3244 3248 3252 3256 3260 3264 3268 3272 3276 3280 3284 3288 3292 3296 3300 3304 3308 3312 3316 3320 3324 3328 3332 3336 3340 3344 3348 3352 3356 3360 3364 3368 3372 3376 3380 3384 3388 3392 3396 3400 3404 3408 3412 3416 3420 3424 3428 3432 3436 3440 3444 3448 3452 3456 3460 3464 3468 3472 3476 3480 3484 3488 3492 3496 3500 3504 3508 3512 3516 3520 3524 3528 3532 3536 3540 3544 3548 3552 3556 3560 3564 3568 3572 3576 3580 3584 3588 3592 3596 3600 3604 3608 3612 3616 3620 3624 3628 3632 3636 3640 3644 3648 3652 3656 3660 3664 3668 3672 3676 3680 3684 3688 3692 3696 3700 3704 3708 3712 3716 3720 3724 3728 3732 3736 3740 3744 3748 3752 3756 3760 3764 3768 3772 3776 3780 3784 3788 3792 3796 3800 3804 3808 3812 3816 3820 3824 3828 3832 3836 3840 3844 3848 3852 3856 3860 3864 3868 3872 3876 3880 3884 3888 3892 3896 3900 3904 3908 3912 3916 3920 3924 3928 3932 3936 3940 3944 3948 3952 3956 3960 3964 3968 3972 3976 3980 3984 3988 3992 3996 4000 4004 4008 4012 4016 4020 4024 4028 4032 4036 4040 4044 4048 4052 4056 4060 4064 4068 4072 4076 4080 4084 4088 4092 4096 4100 4104 4108 4112 4116 4120 4124 4128 4132 4136 4140 4144 4148 4152 4156 4160 4164 4168 4172 4176 4180 4184 4188 4192 4196 4200 4204 4208 4212 4216 4220 4224 4228 4232 4236 4240 4244 4248 4252 4256 4260 4264 4268 4272 4276 4280 4284 4288 4292 4296 4300 4304 4308 4312 4316 4320 4324 4328 4332 4336 4340 4344 4348 4352 4356 4360 4364 4368 4372 4376 4380 4384 4388 4392 4396 4400 4404 4408 4412 4416 4420 4424 4428 4432 4436 4440 4444 4448 4452 4456 4460 4464 4468 4472 4476 4480 4484 4488 4492 4496 4500 4504 4508 4512 4516 4520 4524 4528 4532 4536 4540 4544 4548 4552 4556 4560 4564 4568 4572 4576 4580 4584 4588 4592 4596 4600 4604 4608 4612 4616 4620 4624 4628 4632 4636 4640 4644 4648 4652 4656 4660 4664 4668 4672 4676 4680 4684 4688 4692 4696 4700 4704 4708 4712 4716 4720 4724 4728 4732 4736 4740 4744 4748 4752 4756 4760 4764 4768 4772 4776 4780 4784 4788 4792 4796 4800 4804 4808 4812 4816 4820 4824 4828 4832 4836 4840 4844 4848 4852 4856 4860 4864 4868 4872 4876 4880 4884 4888 4892 4896 4900 4904 4908 4912 4916 4920 4924 4928 4932 4936 4940 4944 4948 4952 4956 4960 4964 4968 4972 4976 4980 4984 4988 4992 4996 5000 5004 5008 5012 5016 5020 5024 5028 5032 5036 5040 5044 5048 5052 5056 5060 5064 5068 5072 5076 5080 5084 5088 5092 5096 5100 5104 5108 5112 5116 5120 5124 5128 5132 5136 5140 5144 5148 5152 5156 5160 5164 5168 5172 5176 5180 5184 5188 5192 5196 5200 5204 5208 5212 5216 5220 5224 5228 5232 5236 5240 5244 5248 5252 5256 5260 5264 5268 5272 5276 5280 5284 5288 5292 5296 5300 5304 5308 5312 5316 5320 5324 5328 5332 5336 5340 5344 5348 5352 5356 5360 5364 5368 5372 5376 5380 5384 5388 5392 5396 5400 5404 5408 5412 5416 5420 5424 5428 5432 5436 5440 5444 5448 5452 5456 5460 5464 5468 5472 5476 5480 5484 5488 5492 5496 5500 5504 5508 5512 5516 5520 5524 5528 5532 5536 5540 5544 5548 5552 5556 5560 5564 5568 5572 5576 5580 5584 5588 5592 5596 5600 5604 5608 5612 5616 5620 5624 5628 5632 5636 5640 5644 5648 5652 5656 5660 5664 5668 5672 5676 5680 5684 5688 5692 5696 5700 5704 5708 5712 5716 5720 5724 5728 5732 5736 5740 5744 5748 5752 5756 5760 5764 5768 5772 5776 5780 5784 5788 5792 5796 5800 5804 5808 5812 5816 5820 5824 5828 5832 5836 5840 5844 5848 5852 5856 5860 5864 5868 5872 5876 5880 5884 5888 5892 5896 5900 5904 5908 5912 5916 5920 5924 5928 5932 5936 5940 5944 5948 5952 5956 5960 5964 5968 5972 5976 5980 5984 5988 5992 5996 6000 6004 6008 6012 6016 6020 6024 6028 6032 6036 6040 6044 6048 6052 6056 6060 6064 6068 6072 6076 6080 6084 6088 6092 6096 6100 6104 6108 6112 6116 6120 6124 6128 6132 6136 6140 6144 6148 6152 6156 6160 6164 6168 6172 6176 6180 6184 6188 6192 6196 6200 6204 6208 6212 6216 6220 6224 6228 6232 6236 6240 6244 6248 6252 6256 6260 6264 6268 6272 6276 6280 6284 6288 6292 6296 6300 6304 6308 6312 6316 6320 6324 6328 6332 6336 6340 6344 6348 6352 6356 6360 6364 6368 6372 6376 6380 6384 6388 6392 6396 6400 6404 6408 6412 6416 6420 6424 6428 6432 6436 6440 6444 6448 6452 6456 6460 6464 6468 6472 6476 6480 6484 6488 6492 6496 6500 6504 6508 6512 6516 6520 6524 6528 6532 6536 6540 6544 6548 6552 6556 6560 6564 6568 6572 6576 6580 6584 6588 6592 6596 6600 6604 6608 6612 6616 6620 6624 6628 6632 6636 6640 6644 6648 6652 6656 6660 6664 6668 6672 6676 6680 6684 6688 6692 6696 6700 6704 6708 6712 6716 6720 6724 6728 6732 6736 6740 6744 6748 6752 6756 6760 6764 6768 6772 6776 6780 6784 6788 6792 6796 6800 6804 6808 6812 6816 6820 6824 6828 6832 6836 6840 6844 6848 6852 6856 6860 6864 6868 6872 6876 6880 6884 6888 6892 6896 6900 6904 6908 6912 6916 6920 6924 6928 6932 6936 6940 6944 6948 6952 6956 6960 6964 6968 6972 6976 6980 6984 6988 6992 6996 7000 7004 7008 7012 7016 7020 7024 7028 7032 7036 7040 7044 7048 7052 7056 7060 7064 7068 7072 7076 7080 7084 7088 7092 7096 7100 7104 7108 7112 7116 7120 7124 7128 7132 7136 7140 7144 7148 7152 7156 7160 7164 7168 7172 7176 7180 7184 7188 7192 7196 7200 7204 7208 7212 7216 7220 7224 7228 7232 7236 7240 7244 7248 7252 7256 7260 7264 7268 7272 7276 7280 7284 7288 7292 7296 7300 7304 7308 7312 7316 7320 7324 7328 7332 7336 7340 7344 7348 7352 7356 7360 7364 7368 7372 7376 7380 7384 7388 7392 7396 7400 7404 7408 7412 7416 7420 7424 7428 7432 7436 7440 7444 7448 7452 7456 7460 7464 7468 7472 7476 7480 7484 7488 7492 7496 7500 7504 7508 7512 7516 7520 7524 7528 7532 7536 7540 7544 7548 7552 7556 7560 7564 7568 7572 7576 7580 7584 7588 7592 7596 7600 7604 7608 7612 7616 7620 7624 7628 7632 7636 7640 7644 7648 7652 7656 7660 7664 7668 7672 7676 7680 7684 7688 7692 7696 7700 7704 7708 7712 7716 7720 7724 7728 7732 7736 7740 7744 7748 7752 7756 7760 7764 7768 7772 7776 7780 7784 7788 7792 7796 7800 7804 7808 7812 7816 7820 7824 7828 7832 7836 7840 7844 7848 7852 7856 7860 7864 7868 7872 7876 7880 7884 7888 7892 7896 7900 7904 7908 7912 7916 7920 7924 7928 7932 7936 7940 7944 7948 7952 7956 7960 7964 7968 7972 7976 7980 7984 7988 7992 7996 8000 8004 8008 8012 8016 8020 8024 8028 8032 8036 8040 8044 8048 8052 8056 8060 8064 8068 8072 8076 8080 8084 8088 8092 8096 8100 8104 8108 8112 8116 8120 8124 8128 8132 8136 8140 8144 8148 8152 8156 8160 8164 8168 8172 8176 8180 8184 8188 8192 8196 8200 8204 8208 8212 8216 8220 8224 8228 8232 8236 8240 8244 8248 8252 8256 8260 8264 8268 8272 8276 8280 8284 8288 8292 8296 8300 8304 8308 8312 8316 8320 8324 8328 8332 8336 8340 8344 8348 8352 8356 8360 8364 8368 8372 8376 8380 8384 8388 8392 8396 8400 8404 8408 8412 8416 8420 8424 8428 8432 8436 8440 8444 8448 8452 8456 8460 8464 8468 8472 8476 8480 8484 8488 8492 8496 8500 8504 8508 8512 8516 8520 8524 8528 8532 8536 8540 8544 8548 8552 8556 8560 8564 8568 8572 8576 8580 8584 8588 8592 8596 8600 8604 8608 8612 8616 8620 8624 8628 8632 8636 8640 8644 8648 8652 8656 8660 8664 8668 8672 8676 8680 8684 8688 8692 8696 8700 8704 8708 8712 8716 8720 8724 8728 8732 8736 8740 8744 8748 8752 8756 8760 8764 8768 8772 8776 8780 8784 8788 8792 8796 8800 8804 8808 8812 8816 8820 8824 8828 8832 8836 8840 8844 8848 8852 8856 8860 8864 8868 8872 8876 8880 8884 8888 8892 8896 8900 8904 8908 8912 8916 8920 8924 8928 8932 8936 8940 8944 8948 8952 8956 8960 8964 8968 8972 8976 8980 8984 8988 8992 8996 9000 9004 9008 9012 9016 9020 9024 9028 9032 9036 9040 9044 9048 9052 9056 9060 9064 9068 9072 9076 9080 9084 9088 9092 9096 9100 9104 9108 9112 9116 9120 9124 9128 9132 9136 9140 9144 9148 9152 9156 9160 9164 9168 9172 9176 9180 9184 9188 9192 9196 9200 9204 9208 9212 9216 9220 9224 9228 9232 9236 9240 9244 9248 9252 9256 9260 9264 9268 9272 9276 9280 9284 9288 9292 9296 9300 9304 9308 9312 9316 9320 9324 9328 9332 9336 9340 9344 9348 9352 9356 9360 9364 9368 9372 9376 9380 9384 9388 9392 9396 9400 9404 9408 9412 9416 9420 9424 9428 9432 9436 9440 9444 9448 9452 9456 9460 9464 9468 9472 9476 9480 9484 9488 9492 9496 9500 9504 9508 9512 9516 9520 9524 9528 9532 9536 9540 9544 9548 9552 9556 9560 9564 9568 9572 9576 9580 9584 9588 9592 9596 9600 9604 9608 9612 9616 9620 9624 9628 9632 9636 9640 9644 9648 9652 9656 9660 9664 9668 9672 9676 9680 9684 9688 9692 9696 9700 9704 9708 9712 9716 9720 9724 9728 9732 9736 9740 9744 9748 9752 9756 9760 9764 9768 9772 9776 9780 9784 9788 9792 9796 9800 9804 9808 9812 9816 9820 9824 9828 9832 9836 9840 9844 9848 9852 9856 9860 9864 9868 9872 9876 9880 9884 9888 9892 9896 9900 9904 9908 9912 9916 9920 9924 9928 9932 9936 9940 9944 9948 9952 9956 9960 9964 9968 9972 9976 9980 9984 9988 9992 9996 10000 10004 10008 10012 10016 10020 10024 10028 10032 10036 10040 10044 10048 10052 10056 10060 10064 10068 10072 10076 10080 10084 10088 10092 10096 10100 10104 10108 10112 10116 10120 10124 10128 10132 10136 10140 10144 10148 10152 10156 10160 10164 10168 10172 10176 10180 10184 10188 10192 10196 10200 10204 10208 10212 10216 10220 10224 10228 10232 10236 10240 10244 10248 10252 10256 10260 10264 10268 10272 10276 10280 10284 10288 10292 10296 10300 10304 10308 10312 10316 10320 10324 10328 10332 10336 10340 10344 10348 10352 10356 10360 10364 10368 10372 10376 10380 10384 10388 10392 10396 10400 10404 10408 10412 10416 10420 10424 10428 10432 10436 10440 10444 10448 10452 10456 10460 10464 10468 10472 10476 10480 10484 10488 10492 10496 10500 10504 10508 10512 10516 10520 10524 10528 10532 10536 10540 10544 10548 10552 10556 10560 10564 10568 10572 10576 10580 10584 10588 10592 10596 10600 10604 10608 10612 10616 10620 10624 10628 10632 10636 10640 10644 10648 10652 10656 10660 10664 10668 10672 10676 10680 10684 10688 10692 10696 10700 10704 10708 10712 10716 10720 10724 10728 10732 10736 10740 10744 10748 10752 10756 10760 10764 10768 10772 10776 10780 10784 10788 10792 10796 10800 10804 10808 10812 10816 10820 10824 10828 10832 10836 10840 10844 10848 10852 10856 10860 10864 10868 10872 10876 10880 10884 10888 10892 10896 10900 10904 10908 10912 10916 10920 10924 10928 10932 10936 10940 10944 10948 10952 10956 10960 10964 10968 10972 10976 10980 10984 10988 10992 10996 11000 11004 11008 11012 11016 11020 11024 11028 11032 11036 11040 11044 11048 11052 11056 11060 11064 11068 11072 11076 11080 11084 11088 11092 11096 11100 11104 11108 11112 11116 11120 11124 11128 11132 11136 11140 11144 11148 11152 11156 11160 11164 11168 11172 11176 11180 11184 11188 11192 11196 11200 11204 11208 11212 11216 11220 11224 11228 11232 11236 11240 11244 11248 11252 11256 11260 11264 11268 11272 11276 11280 11284 11288 11292 11296 11300 11304 11308 11312 11316 11320 11324 11328 11332 11336 11340 11344 11348 11352 11356 11360 11364 11368 11372 11376 11380 11384 11388 11392 11396 11400 11404 11408 11412 11416 11420 11424 11428 11432 11436 11440 11444 11448 11452 11456 11460 11464 11468 11472 11476 11480 11484 11488 11492 11496 11500 11504 11508 11512 11516 11520 11524 11528 11532 11536 11540 11544 11548 11552 11556 11560 11564 11568 11572 11576 11580 11584 11588 11592 11596 11600 11604 11608 11612 11616 11620 11624 11628 11632 11636 11640 11644 11648 11652 11656 11660 11664 11668 11672 11676 11680 11684 11688 11692 11696 11700 11704 11708 11712 11716 11720 11724 11728 11732 11736 11740 11744 11748 11752 11756 11760 11764 11768 11772 11776 11780 11784 11788 11792 11796 11800 11804 11808 11812 11816 11820 11824 11828 11832 11836 11840 11844 11848 11852 11856 11860 11864 11868 11872 11876 11880 11884 11888 11892 11896 11900 11904 11908 11912 11916 11920 11924 11928 11932 11936 11940 11944 11948 11952 11956 11960 11964 11968 11972 11976 11980 11984 11988 11992 11996 12000 12004 12008 12012 12016 12020 12024 12028 12032 12036 12040 12044 12048 12052 12056 12060 12064 12068 12072 12076 12080 12084 12088 12092 12096 12100 12104 12108 12112 12116 12120 12124 12128 12132 12136 12140 12144 12148 12152 12156 12160 12164 12168 12172 12176 12180 12184 12188 12192 12196 12200 12204 12208 12212 12216 12220 12224 12228 12232 12236 12240 12244 12248 12252 12256 12260 12264 12268 12272 12276 12280 12284 12288 12292 12296 12300 12304 12308 12312 12316 12320 12324 12328 12332 12336 12340 12344 12348 12352 12356 12360 12364 12368 12372 12376 12380 12384 12388 12392 12396 12400 12404 12408 12412 12416 12420 12424 12428 12432 12436 12440 12444 12448 12452 12456 12460 12464 12468 12472 12476 12480 12484 12488 12492 12496 12500 12504 12508 12512 12516 12520 12524 12528 12532 12536 12540 12544 12548 12552 12556 12560 12564 12568 12572 12576 12580 12584 12588 12592 12596 12600 12604 12608 12612 12616 12620 12624 12628 12632 12636 12640 12644 12648 12652 12656 12660 12664 12668 12672 12676 12680 12684 12688 12692 12696 12700 12704 12708 12712 12716 12720 12724 12728 12732 12736 12740 12744 12748 12752 12756 12760 12764 12768 12772 12776 12780 12784 12788 12792 12796 12800 12804 12808 12812 12816 12820 12824 12828 12832 12836 12840 12844 12848 12852 12856 12860 12864 12868 12872 12876 12880 12884 12888 12892 12896 12900 12904 12908 12912 12916 12920 12924 12928 12932 12936 12940 12944 12948 12952 12956 12960 12964 12968 12972 12976 12980 12984 12988 12992 12996 13000 13004 13008 13012 13016 13020 13024 13028 13032 13036 13040 13044 13048 13052 13056 13060 13064 13068 13072 13076 13080 13084 13088 13092 13096 13100 13104 13108 13112 13116 13120 13124 13128 13132 13136 13140 13144 13148 13152 13156 13160 13164 13168 13172 13176 13180 13184 13188 13192 13196 13200 13204 13208 13212 13216 13220 13224 13228 13232 13236 13240 13244 13248 13252 13256 13260 13264 13268 13272 13276 13280 13284 13288 13292 13296 13300 13304 13308 13312 13316 13320 13324 13328 13332 13336 13340 13344 13348 13352 13356 13360 13364 13368 13372 13376 13380 13384 13388 13392 13396 13400 13404 13408 13412 13416 13420 13424 13428 13432 13436 13440 13444 13448 13452 13456 13460 13464 13468 13472 13476 13480 13484 13488 13492 13496 13500 13504 13508 13512 13516 13520 13524 13528 13532 13536 13540 13544 13548 13552 13556 13560 13564 13568 13572 13576 13580 13584 13588 13592 13596 13600 13604 13608 13612 13616 13620 13624 13628 13632 13636 13640 13644 13648 13652 13656 13660 13664 13668 13672 13676 13680 13684 13688 13692 13696 13700 13704 13708 13712 13716 13720 13724 13728 13732 13736 13740 13744 13748 13752 13756 13760 13764 13768 13772 13776 13780 13784 13788 13792 13796 13800 13804 13808 13812 13816 13820 13824 13828 13832 13836 13840 13844 13848 13852 13856 13860 13864 13868 13872 13876 13880 13884 13888 13892 13896 13900 13904 13908 13912 13916 13920 13924 13928 13932 13936 13940 13944 13948 13952 13956 13960 13964 13968 13972 13976 13980 13984 13988 13992 13996 14000 14004 14008 14012 14016 14020 14024 14028 14032 14036 14040 14044 14048 14052 14056 14060 14064 14068 14072 14076 14080 14084 14088 14092 14096 14100 14104 14108 14112 14116 14120 14124 14128 14132 14136 14140 14144 14148 14152 14156 14160 14164 14168 14172 14176 14180 14184 14188 14192 14196 14200 14204 14208 14212 14216 14220 14224 14228 14232 14236 14240 14244 14248 14252 14256 14260 14264 14268 14272 14276 14280 14284 14288 14292 14296 14300 14304 14308 14312 14316 14320 14324 14328 14332 14336 14340 14344 14348 14352 14356 14360 14364 14368 14372 14376 14380 14384 14388 14392 14396 14400 14404 14408 14412 14416 14420 14424 14428 14432 14436 14440 14444 14448 14452 14456 14460 14464 14468 14472 14476 14480 14484 14488 14492 14496 14500 14504 14508 14512 14516 14520 14524 14528 14532 14536 14540 14544 14548 14552 14556 14560 14564 14568 14572 14576 14580 14584 14588 14592 14596 14600 14604 14608 14612 14616 14620 14624 14628 14632 14636 14640 14644 14648 14652 14656 14660 14664 14668 14672 14676 14680 14684 14688 14692 14696 14700 14704 14708 14712 14716 14720 14724 14728 14732 14736 14740 14744 14748 14752 14756 14760 14764 14768 14772 14776 14780 14784 14788 14792 14796 14800 14804 14808 14812 14816 14820 14824 14828 14832 14836 14840 14844 14848 14852 14856 14860 14864 14868 14872 14876 14880 14884 14888 14892 14896 14900 14904 14908 14912 14916 14920 14924 14928 14932 14936 14940 14944 14948 14952 14956 14960 14964 14968 14972 14976 14980 14984 14988 14992 14996 15000 15004 15008 15012 15016 15020 15024 15028 15032 15036 15040 15044 15048 15052 15056 15060 15064 15068 15072 15076 15080 15084 15088 15092 15096 15100 15104 15108 15112 15116 15120 15124 15128 15132 15136 15140 15144 15148 15152 15156 15160 15164 15168 15172 15176 15180 15184 15188 15192 15196 15200 15204 15208 15212 15216 15220 15224 15228 15232 15236 15240 15244 15248 15252 15256 15260 15264 15268 15272 15276 15280 15284 15288 15292 15296 15300 15304 15308 15312 15316 15320 15324 15328 15332 15336 15340 15344 15348 15352 15356 15360 15364 15368 15372 15376 15380 15384 15388 15392 15396 15400 15404 15408 15412 15416 15420 15424 15428 15432 15436 15440 15444 15448 15452 15456 15460 15464 15468 15472 15476 15480 15484 15488 15492 15496 15500 15504 15508 15512 15516 15520 15524 15528 15532 15536 15540 15544 15548 15552 15556 15560 15564 15568 15572 15576 15580 15584 15588 15592 15596 15600 15604 15608 15612 15616 15620 15624 15628 15632 15636 15640 15644 15648 15652 15656 15660 15664 15668 15672 15676 15680 15684 15688 15692 15696 15700 15704 15708 15712 15716 15720 15724 15728 15732 15736 15740 15744 15748 15752 15756 15760 15764 15768 15772 15776 15780 15784 15788 15792 15796 15800 15804 15808 15812 15816 15820 15824 15828 15832 15836 15840 15844 15848 15852 15856 15860 15864 15868 15872 15876 15880 15884 15888 15892 15896 15900 15904 15908 15912 15916 15920 15924 15928 15932 15936 15940 15944 15948 15952 15956 15960 15964 15968 15972 15976 15980 15984 15988 15992 15996 16000 16004 16008 16012 16016 16020 16024 16028 16032 16036 16040 16044 16048 16052 16056 16060 16064 16068 16072 16076 16080 16084 16088 16092 16096 16100 16104 16108 16112 16116 16120 16124 16128 16132 16136 16140 16144 16148 16152 16156 16160 16164 16168 16172 16176 16180 16184 16188 16192 16196 16200 16204 16208 16212 16216 16220 16224 16228 16232 16236 16240 16244 16248 16252 16256 16260 16264 16268 16272 16276 16280 16284 16288 16292 16296 16300 16304 16308 16312 16316 16320 16324 16328 16332 16336 16340 16344 16348 16352 16356 16360 16364 16368 16372 16376 16380 16384 16388 16392 16396 16400 16404 16408 16412 16416 16420 16424 16428 16432 16436 16440 16444 16448 16452 16456 16460 16464 16468 16472 16476 16480 16484 16488 16492 16496 16500 16504 16508 16512 16516 16520 16524 16528 16532 16536 16540 16544 16548 16552 16556 16560 16564 16568 16572 16576 16580 16584 16588 16592 16596 16600 16604 16608 16612 16616 16620 16624 16628 16632 16636 16640 16644 16648 16652 16656 16660 16664 16668 16672 16676 16680 16684 16688 16692 16696 16700 16704 16708 16712 16716 16720 16724 16728 16732 16736 16740 16744 16748 16752 16756 16760 16764 16768 16772 16776 16780 16784 16788 16792 16796 16800 16804 16808 16812 16816 16820 16824 16828 16832 16836 16840 16844 16848 16852 16856 16860 16864 16868 16872 16876 16880 16884 16888 16892 16896 16900 16904 16908 16912 16916 16920 16924 16928 16932 16936 16940 16944 16948 16952 16956 16960 16964 16968 16972 16976 16980 16984 16988 16992 16996 17000 17004 17008 17012 17016 17020 17024 17028 17032 17036 17040 17044 17048 17052 17056 17060 17064 17068 17072 17076 17080 17084 17088 17092 17096 17100 17104 17108 17112 17116 17120 17124 17128 17132 17136 17140 17144 17148 17152 17156 17160 17164 17168 17172 17176 17180 17184 17188 17192 17196 17200 17204 17208 17212 17216 17220 17224 17228 17232 17236 17240 17244 17248 17252 17256 17260 17264 17268 17272 17276 17280 17284 17288 17292 17296 17300 17304 17308 17312 17316 17320 17324 17328 17332 17336 17340 17344 17348 17352 17356 17360 17364 17368 17372 17376 17380 17384 17388 17392 17396 17400 17404 17408 17412 17416 17420 17424 17428 17432 17436 17440 17444 17448 17452 17456 17460 17464 17468 17472 17476 17480 17484 17488 17492 17496 17500 17504 17508 17512 17516 17520 17524 17528 17532 17536 17540 17544 17548 17552 17556 17560 17564 17568 17572 17576 17580 17584 17588 17592 17596 17600 17604 17608 17612 17616 17620 17624 17628 17632 17636 17640 17644 17648 17652 17656 17660 17664 17668 17672 17676 17680 17684 17688 17692 17696 17700 17704 17708 17712 17716 17720 17724 17728 17732 17736 17740 17744 17748 17752 17756 17760 17764 17768 17772 17776 17780 17784 17788 17792 17796 17800 17804 17808 17812 17816 17820 17824 17828 17832 17836 17840 17844 17848 17852 17856 17860 17864 17868 17872 17876 17880 17884 17888 17892 17896 17900 17904 17908 17912 17916 17920 17924 17928 17932 17936 17940 17944 17948 17952 17956 17960 17964 17968 17972 17976 17980 17984 17988 17992 17996 18000 18004 18008 18012 18016 18020 18024 18028 18032 18036 18040 18044 18048 18052 18056 18060 18064 18068 18072 18076 18080 18084 18088 18092 18096 18100 18104 18108 18112 18116 18120 18124 18128 18132 18136 18140 18144 18148 18152 18156 18160 18164 18168 18172 18176 18180 18184 18188 18192 18196 18200 18204 18208 18212 18216 18220 18224 18228 18232 18236 18240 18244 18248 18252 18256 18260 18264 18268 18272 18276 18280 18284 18288 18292 18296 18300 18304 18308 18312 18316 18320 18324 18328 18332 18336 18340 18344 18348 18352 18356 18360 18364 18368 18372 18376 18380 18384 18388 18392 18396 18400 18404 18408 18412 18416 18420 18424 18428 18432 18436 18440 18444 18448 18452 18456 18460 18464 18468 18472 18476 18480 18484 18488 18492 18496 18500 18504 18508 18512 18516 18520 18524 18528 18532 18536 18540 18544 18548 18552 18556 18560 18564 18568 18572 18576 18580 18584 18588 18592 18596 18600 18604 18608 18612 18616 18620 18624 18628 18632 18636 18640 18644 18648 18652 18656 18660 18664 18668 18672 18676 18680 18684 18688 18692 18696 18700 18704 18708 18712 18716 18720 18724 18728 18732 18736 18740 18744 18748 18752 18756 18760 18764 18768 18772 18776 18780 18784 18788 18792 18796 18800 18804 18808 18812 18816 18820 18824 18828 18832 18836 18840 18844 18848 18852 18856 18860 18864 18868 18872 18876 18880 18884 18888 18892 18896 18900 18904 18908 18912 18916 18920 18924 18928 18932 18936 18940 18944 18948 18952 18956 18960 18964 18968 18972 18976 18980 18984 18988 18992 18996 19000 19004 19008 19012 19016 19020 19024 19028 19032 19036 19040 19044 19048 19052 19056 19060 19064 19068 19072 19076 19080 19084 19088 19092 19096 19100 19104 19108 19112 19116 19120 19124 19128 19132 19136 19140 19144 19148 19152 19156 19160 19164 19168 19172 19176 19180 19184 19188 19192 19196 19200 19204 19208 19212 19216 19220 19224 19228 19232 19236 19240 19244 19248 19252 19256 19260 19264 19268 19272 19276 19280 19284 19288 19292 19296 19300 19304 19308 19312 19316 19320 19324 19328 19332 19336 19340 19344 19348 19352 19356 19360 19364 19368 19372 19376 19380 19384 19388 19392 19396 19400 19404 19408 19412 19416 19420 19424 19428 19432 19436 19440 19444 19448 19452 19456 19460 19464 19468 19472 19476 19480 19484 19488 19492 19496 19500 19504 19508 19512 19516 19520 19524 19528 19532 19536 19540 19544 19548 19552 19556 19560 19564 19568 19572 19576 19580 19584 19588 19592 19596 19600 19604 19608 19612 19616 19620 19624 19628 19632 19636 19640 19644 19648 19652 19656 19660 19664 19668 19672 19676 19680 19684 19688 19692 19696 19700 19704 19708 19712 19716 19720 19724 19728 19732 19736 19740 19744 19748 19752 19756 19760 19764 19768 19772 19776 19780 19784 19788 19792 19796 19800 19804 19808 19812 19816 19820 19824 19828 19832 19836 19840 19844 19848 19852 19856 19860 19864 19868 19872 19876 19880 19884 19888 19892 19896 19900 19904 19908 19912 19916 19920 19924 19928 19932 19936 19940 19944 19948 19952 19956 19960 19964 19968 19972 19976 19980 19984 19988 19992 19996 20000 20004 20008 20012 20016 20020 20024 20028 20032 20036 20040 20044 20048 20052 20056 20060 20064 20068 20072 20076 20080 20084 20088 20092 20096 20100 20104 20108 20112 20116 20120 20124 20128 20132 20136 20140 20144 20148 20152 20156 20160 20164 20168 20172 20176 20180 20184 20188 20192 20196 20200 20204 20208 20212 20216 20220 20224 20228 20232 20236 20240 20244 20248 20252 20256 20260 20264 20268 20272 20276 20280 20284 20288 20292 20296 20300 20304 20308 20312 20316 20320 20324 20328 20332 20336 20340 20344 20348 20352 20356 20360 20364 20368 20372 20376 20380 20384 20388 20392 20396 20400 20404 20408 20412 20416 20420 20424 20428 20432 20436 20440 20444 20448 20452 20456 20460 20464 20468 20472 20476 20480 20484 20488 20492 20496 20500 20504 20508 20512 20516 20520 20524 20528 20532 20536 20540 20544 20548 20552 20556 20560 20564 20568 20572 20576 20580 20584 20588 20592 20596 20600 20604 20608 20612 20616 20620 20624 20628 20632 20636 20640 20644 20648 20652 20656 20660 20664 20668 20672 20676 20680 20684 20688 20692 20696 20700 20704 20708 20712 20716 20720 20724 20728 20732 20736 20740 20744 20748 20752 20756 20760 20764 20768 20772 20776 20780 20784 20788 20792 20796 20800 20804 20808 20812 20816 20820 20824 20828 20832 20836 20840 20844 20848 20852 20856 20860 20864 20868 20872 20876 20880 20884 20888 20892 20896 20900 20904 20908 20912 20916 20920 20924 20928 20932 20936 20940 20944 20948 20952 20956 20960 20964 20968 20972 20976 20980 20984 20988 20992 20996 21000 21004 21008 21012 21016 21020 21024 21028 21032 21036 21040 21044 21048 21052 21056 21060 21064 21068 21072 21076 21080 21084 21088 21092 21096 21100 21104 21108 21112 21116 21120 21124 21128 21132 21136 21140 21144 21148 21152 21156 21160 21164 21168 21172 21176 21180 21184 21188 21192 21196 21200 21204 21208 21212 21216 21220 21224 21228 21232 21236 21240 21244 21248 21252 21256 21260 21264 21268 21272 21276 21280 21284 21288 21292 21296 21300 21304 21308 21312 21316 21320 21324 21328 21332 21336 21340 21344 21348 21352 21356 21360 21364 21368 21372 21376 21380 21384 21388 21392 21396 21400 21404 21408 21412 21416 21420 21424 21428 21432 21436 21440 21444 21448 21452 21456 21460 21464 21468 21472 21476 21480 21484 21488 21492 21496 21500 21504 21508 21512 21516 21520 21524 21528 21532 21536 21540 21544 21548 21552 21556 21560 21564 21568 21572 21576 21580 21584 21588 21592 21596 21600 21604 21608 21612 21616 21620 21624 21628 21632 21636 21640 21644 21648 21652 21656 21660 21664 21668 21672 21676 21680 21684 21688 21692 21696 21700 21704 21708 21712 21716 21720 21724 21728 21732 21736 21740 21744 21748 21752 21756 21760 21764 21768 21772 21776 21780 21784 21788 21792 21796 21800 21804 21808 21812 21816 21820 21824 21828 21832 21836 21840 21844 21848 21852 21856 21860 21864 21868 21872 21876 21880 21884 21888 21892 21896 21900 21904 21908 21912 21916 21920 21924 21928 21932 21936 21940 21944 21948 21952 21956 21960 21964 21968 21972 21976 21980 21984 21988 21992 21996 22000 22004 22008 22012 22016 22020 22024 22028 22032 22036 22040 22044 22048 22052 22056 22060 22064 22068 22072 22076 22080 22084 22088 22092 22096 22100 22104 22108 22112 22116 22120 22124 22128 22132 22136 22140 22144 22148 22152 22156 22160 22164 22168 22172 22176 22180 22184 22188 22192 22196 22200 22204 22208 22212 22216 22220 22224 22228 22232 22236 22240 22244 22248 22252 22256 22260 22264 22268 22272 22276 22280 22284 22288 22292 22296 22300 22304 22308 22312 22316 22320 22324 22328 22332 22336 22340 22344 22348 22352 22356 22360 22364 22368 22372 22376 22380 22384 22388 22392 22396 22400 22404 22408 22412 22416 22420 22424 22428 22432 22436 22440 22444 22448 22452 22456 22460 22464 22468 22472 22476 22480 22484 22488 22492 22496 22500 22504 22508 22512 22516 22520 22524 22528 22532 22536 22540 22544 22548 22552 22556 22560 22564 22568 22572 22576 22580 22584 22588 22592 22596 22600 22604 22608 22612 22616 22620 22624 22628 22632 22636 22640 22644 22648 22652 22656 22660 22664 22668 22672 22676 22680 22684 22688 22692 22696 22700 22704 22708 22712 22716 22720 22724 22728 22732 22736 22740 22744 22748 22752 22756 22760 22764 22768 22772 22776 22780 22784 22788 22792 22796 22800 22804 22808 22812 22816 22820 22824 22828 22832 22836 22840 22844 22848 22852 22856 22860 22864 22868 22872 22876 22880 22884 22888 22892 22896 22900 22904 22908 22912 22916 22920 22924 22928 22932 22936 22940 22944 22948 22952 22956 22960 22964 22968 22972 22976 22980 22984 22988 22992 22996 23000 23004 23008 23012 23016 23020 23024 23028 23032 23036 23040 23044 23048 23052 23056 23060 23064 23068 23072 23076 23080 23084 23088 23092 23096 23100 23104 23108 23112 23116 23120 23124 23128 23132 23136 23140 23144 23148 23152 23156 23160 23164 23168 23172 23176 23180 23184 23188 23192 23196 23200 23204 23208 23212 23216 23220 23224 23228 23232 23236 23240 23244 23248 23252 23256 23260 23264 23268 23272 23276 23280 23284 23288 23292 23296 23300 23304 23308 23312 23316 23320 23324 23328 23332 23336 23340 23344 23348 23352 23356 23360 23364 23368 23372 23376 23380 23384 23388 23392 23396 23400 23404 23408 23412 23416 23420 23424 23428 23432 23436 23440 23444 23448 23452 23456 23460 23464 23468 23472 23476 23480 23484 23488 23492 23496 23500 23504 23508 23512 23516 23520 23524 23528 23532 23536 23540 23544 23548 23552 23556 23560 23564 23568 23572 23576 23580 23584 23588 23592 23596 23600 23604 23608 23612 23616 23620 23624 23628 23632 23636 23640 23644 23648 23652 23656 23660 23664 23668 23672 23676 23680 23684 23688 23692 23696 23700 23704 23708 23712 23716 23720 23724 23728 23732 23736 23740 23744 23748 23752 23756 23760 23764 23768 23772 23776 23780 23784 23788 23792 23796 23800 23804 23808 23812 23816 23820 23824 23828 23832 23836 23840 23844 23848 23852 23856 23860 23864 23868 23872 23876 23880 23884 23888 23892 23896 23900 23904 23908 23912 23916 23920 23924 23928 23932 23936 23940 23944 23948 23952 23956 23960 23964 23968 23972 23976 23980 23984 23988 23992 23996 24000 24004 24008 24012 24016 24020 24024 24028 24032 24036 24040 24044 24048 24052 24056 24060 24064 24068 24072 24076 24080 24084 24088 24092 24096 24100 24104 24108 24112 24116 24120 24124 24128 24132 24136 24140 24144 24148 24152 24156 24160 24164 24168 24172 24176 24180 24184 24188 24192 24196 24200 24204 24208 24212 24216 24220 24224 24228 24232 24236 24240 24244 24248 24252 24256 24260 24264 24268 24272 24276 24280 24284 24288 24292 24296 24300 24304 24308 24312 24316 24320 24324 24328 24332 24336 24340 24344 24348 24352 24356 24360 24364 24368 24372 24376 24380 24384 24388 24392 24396 24400 24404 24408 24412 24416 24420 24424 24428 24432 24436 24440 24444 24448 24452 24456 24460 24464 24468 24472 24476 24480 24484 24488 24492 24496 24500 24504 24508 24512 24516 24520 24524 24528 24532 24536 24540 24544 24548 24552 24556 24560 24564 24568 24572 24576 24580 24584 24588 24592 24596 24600 24604 24608 24612 24616 24620 24624 24628 24632 24636 24640 24644 24648 24652 24656 24660 24664 24668 24672 24676 24680 24684 24688 24692 24696 24700 24704 24708 24712 24716 24720 24724 24728 24732 24736 24740 24744 24748 24752 24756 24760 24764 24768 24772 24776 24780 24784 24788 24792 24796 24800 24804 24808 24812 24816 24820 24824 24828 24832 24836 24840 24844 24848 24852 24856 24860 24864 24868 24872 24876 24880 24884 24888 24892 24896 24900 24904 24908 24912 24916 24920 24924 24928 24932 24936 24940 24944 24948 24952 24956 24960 24964 24968 24972 24976 24980 24984 24988 24992 24996 25000 25004 25008 25012 25016 25020 25024 25028 25032 25036 25040 25044 25048 25052 25056 25060 25064 25068 25072 25076 25080 25084 25088 25092 25096 25100 25104 25108 25112 25116 25120 25124 25128 25132 25136 25140 25144 25148 25152 25156 25160 25164 25168 25172 25176 25180 25184 25188 25192 25196 25200 25204 25208 25212 25216 25220 25224 25228 25232 25236 25240 25244 25248 25252 25256 25260 25264 25268 25272 25276 25280 25284 25288 25292 25296 25300 25304 25308 25312 25316 25320 25324 25328 25332 25336 25340 25344 25348 25352 25356 25360 25364 25368 25372 25376 25380 25384 25388 25392 25396 25400 25404 25408 25412 25416 25420 25424 25428 25432 25436 25440 25444 25448 25452 25456 25460 25464 25468 25472 25476 25480 25484 25488 25492 25496 25500 25504 25508 25512 25516 25520 25524 25528 25532 25536 25540 25544 25548 25552 25556 25560 25564 25568 25572 25576 25580 25584 25588 25592 25596 25600 25604 25608 25612 25616 25620 25624 25628 25632 25636 25640 25644 25648 25652 25656 25660 25664 25668 25672 25676 25680 25684 25688 25692 25696 25700 25704 25708 25712 25716 25720 25724 25728 25732 25736 25740 25744 25748 25752 25756 25760 25764 25768 25772 25776 25780 25784 25788 25792 25796 25800 25804 25808 25812 25816 25820 25824 25828 25832 25836 25840 25844 25848 25852 25856 25860 25864 25868 25872 25876 25880 25884 25888 25892 25896 25900 25904 25908 25912 25916 25920 25924 25928 25932 25936 25940 25944 25948 25952 25956 25960 25964 25968 25972 25976 25980 25984 25988 25992 25996 26000 26004 26008 26012 26016 26020 26024 26028 26032 26036 26040 26044 26048 26052 26056 26060 26064 26068 26072 26076 26080 26084 26088 26092 26096 26100 26104 26108 26112 26116 26120 26124 26128 26132 26136 26140 26144 26148 26152 26156 26160 26164 26168 26172 26176 26180 26184 26188 26192 26196 26200 26204 26208 26212 26216 26220 26224 26228 26232 26236 26240 26244 26248 26252 26256 26260 26264 26268 26272 26276 26280 26284 26288 26292 26296 26300 26304 26308 26312 26316 26320 26324 26328 26332 26336 26340 26344 26348 26352 26356 26360 26364 26368 26372 26376 26380 26384 26388 26392 26396 26400 26404 26408 26412 26416 26420 26424 26428 26432 26436 26440 26444 26448 26452 26456 26460 26464 26468 26472 26476 26480 26484 26488 26492 26496 26500 26504 26508 26512 26516 26520 26524 26528 26532 26536 26540 26544 26548 26552 26556 26560 26564 26568 26572 26576 26580 26584 26588 26592 26596 26600 26604 26608 26612 26616 26620 26624 26628 26632 26636 26640 26644 26648 26652 26656 26660 26664 26668 26672 26676 26680 26684 26688 26692 26696 26700 26704 26708 26712 26716 26720 26724 26728 26732 26736 26740 26744 26748 26752 26756 26760 26764 26768 26772 26776 26780 26784 26788 26792 26796 26800 26804 26808 26812 26816 26820 26824 26828 26832 26836 26840 26844 26848 26852 26856 26860 26864 26868 26872 26876 26880 26884 26888 26892 26896 26900 26904 26908 26912 26916 26920 26924 26928 26932 26936 26940 26944 26948 26952 26956 26960 26964 26968 26972 26976 26980 26984 26988 26992 26996 27000 27004 27008 27012 27016 27020 27024 27028 27032 27036 27040 27044 27048 27052 27056 27060 27064 27068 27072 27076 27080 27084 27088 27092 27096 27100 27104 27108 27112 27116 27120 27124 27128 27132 27136 27140 27144 27148 27152 27156 27160 27164 27168 27172 27176 27180 27184 27188 27192 27196 27200 27204 27208 27212 27216 27220 27224 27228 27232 27236 27240 27244 27248 27252 27256 27260 27264 27268 27272 27276 27280 27284 27288 27292 27296 27300 27304 27308 27312 27316 27320 27324 27328 27332 27336 27340 27344 27348 27352 27356 27360 27364 27368 27372 27376 27380 27384 27388 27392 27396 27400 27404 27408 27412 27416 27420 27424 27428 27432 27436 27440 27444 27448 27452 27456 27460 27464 27468 27472 27476 27480 27484 27488 27492 27496 27500 27504 27508 27512 27516 27520 27524 27528 27532 27536 27540 27544 27548 27552 27556 27560 27564 27568 27572 27576 27580 27584 27588 27592 27596 27600 27604 27608 27612 27616 27620 27624 27628 27632 27636 27640 27644 27648 27652 27656 27660 27664 27668 27672 27676 27680 27684 27688 27692 27696 27700 27704 27708 27712 27716 27720 27724 27728 27732 27736 27740 27744 27748 27752 27756 27760 27764 27768 27772 27776 27780 27784 27788 27792 27796 27800 27804 27808 27812 27816 27820 27824 27828 27832 27836 27840 27844 27848 27852 27856 27860 27864 27868 27872 27876 27880 27884 27888 27892 27896 27900 27904 27908 27912 27916 27920 27924 27928 27932 27936 27940 27944 27948 27952 27956 27960 27964 27968 27972 27976 27980 27984 27988 27992 27996 28000 28004 28008 28012 28016 28020 28024 28028 28032 28036 28040 28044 28048 28052 28056 28060 28064 28068 28072 28076 28080 28084 28088 28092 28096 28100 28104 28108 28112 28116 28120 28124 28128 28132 28136 28140 28144 28148 28152 28156 28160 28164 28168 28172 28176 28180 28184 28188 28192 28196 28200 28204 28208 28212 28216 28220 28224 28228 28232 28236 28240 28244 28248 28252 28256 28260 28264 28268 28272 28276 28280 28284 28288 28292 28296 28300 28304 28308 28312 28316 28320 28324 28328 28332 28336 28340 28344 28348 28352 28356 28360 28364 28368 28372 28376 28380 28384 28388 28392 28396 28400 28404 28408 28412 28416 28420 28424 28428 28432 28436 28440 28444 28448 28452 28456 28460 28464 28468 28472 28476 28480 28484 28488 28492 28496 28500 28504 28508 28512 28516 28520 28524 28528 28532 28536 28540 28544 28548 28552 28556 28560 28564 28568 28572 28576 28580 28584 28588 28592 28596 28600 28604 28608 28612 28616 28620 28624 28628 28632 28636 28640 28644 28648 28652 28656 28660 28664 28668 28672 28676 28680 28684 28688 28692 28696 28700 28704 28708 28712 28716 28720 28724 28728 28732 28736 28740 28744 28748 28752 28756 28760 28764 28768 28772 28776 28780 28784 28788 28792 28796 28800 28804 28808 28812 28816 28820 28824 28828 28832 28836 28840 28844 28848 28852 28856 28860 28864 28868 28872 28876 28880 28884 28888 28892 28896 28900 28904 28908 28912 28916 28920 28924 28928 28932 28936 28940 28944 28948 28952 28956 28960 28964 28968 28972 28976 28980 28984 28988 28992 28996 29000 29004 29008 29012 29016 29020 29024 29028 29032 29036 29040 29044 29048 29052 29056 29060 29064 29068 29072 29076 29080 29084 29088 29092 29096 29100 29104 29108 29112 29116 29120 29124 29128 29132 29136 29140 29144 29148 29152 29156 29160 29164 29168 29172 29176 29180 29184 29188 29192 29196 29200 29204 29208 29212 29216 29220 29224 29228 29232 29236 29240 29244 29248 29252 29256 29260 29264 29268 29272 29276 29280 29284 29288 29292 29296 29300 29304 29308 29312 29316 29320 29324 29328 29332 29336 29340 29344 29348 29352 29356 29360 29364 29368 29372 29376 29380 29384 29388 29392 29396 29400 29404 29408 29412 29416 29420 29424 29428 29432 29436 29440 29444 29448 29452 29456 29460 29464 29468 29472 29476 29480 29484 29488 29492 29496 29500 29504 29508 29512 29516 29520 29524 29528 29532 29536 29540 29544 29548 29552 29556 29560 29564 29568 29572 29576 29580 29584 29588 29592 29596 29600 29604 29608 29612 29616 29620 29624 29628 29632 29636 29640 29644 29648 29652 29656 29660 29664 29668 29672 29676 29680 29684 29688 29692 29696 29700 29704 29708 29712 29716 29720 29724 29728 29732 29736 29740 29744 29748 29752 29756 29760 29764 29768 29772 29776 29780 29784 29788 29792 29796 29800 29804 29808 29812 29816 29820 29824 29828 29832 29836 29840 29844 29848 29852 29856 29860 29864 29868 29872 29876 29880 29884 29888 29892 29896 29900 29904 29908 29912 29916 29920 29924 29928 29932 29936 29940 29944 29948 29952 29956 29960 29964 29968 29972 29976 29980 29984 29988 29992 29996 30000 30004 30008 30012 30016 30020 30024 30028 30032 30036 30040 30044 30048 30052 30056 30060 30064 30068 30072 30076 30080 30084 30088 30092 30096 30100 30104 30108 30112 30116 30120 30124 30128 30132 30136 30140 30144 30148 30152 30156 30160 30164 30168 30172 30176 30180 30184 30188 30192 30196 30200 30204 30208 30212 30216 30220 30224 30228 30232 30236 30240 30244 30248 30252 30256 30260 30264 30268 30272 30276 30280 30284 30288 30292 30296 30300 30304 30308 30312 30316 30320 30324 30328 30332 30336 30340 30344 30348 30352 30356 30360 30364 30368 30372 30376 30380 30384 30388 30392 30396 30400 30404 30408 30412 30416 30420 30424 30428 30432 30436 30440 30444 30448 30452 30456 30460 30464 30468 30472 30476 30480 30484 30488 30492 30496 30500 30504 30508 30512 30516 30520 30524 30528 30532 30536 30540 30544 30548 30552 30556 30560 30564 30568 30572 30576 30580 30584 30588 30592 30596 30600 30604 30608 30612 30616 30620 30624 30628 30632 30636 30640 30644 30648 30652 30656 30660 30664 30668 30672 30676 30680 30684 30688 30692 30696 30700 30704 30708 30712 30716 30720 30724 30728 30732 30736 30740 30744 30748 30752 30756 30760 30764 30768 30772 30776 30780 30784 30788 30792 30796 30800 30804 30808 30812 30816 30820 30824 30828 30832 30836 30840 30844 30848 30852 30856 30860 30864 30868 30872 30876 30880 30884 30888 30892 30896 30900 30904 30908 30912 30916 30920 30924 30928 30932 30936 30940 30944 30948 30952 30956 30960 30964 30968 30972 30976 30980 30984 30988 30992 30996 31000 31004 31008 31012 31016 31020 31024 31028 31032 31036 31040 31044 31048 31052 31056 31060 31064 31068 31072 31076 31080 31084 31088 31092 31096 31100 31104 31108 31112 31116 31120 31124 31128 31132 31136 31140 31144 31148 31152 31156 31160 31164 31168 31172 31176 31180 31184 31188 31192 31196 31200 31204 31208 31212 31216 31220 31224 31228 31232 31236 31240 31244 31248 31252 31256 31260 31264 31268 31272 31276 31280 31284 31288 31292 31296 31300 31304 31308 31312 31316 31320 31324 31328 31332 31336 31340 31344 31348 31352 31356 31360 31364 31368 31372 31376 31380 31384 31388 31392 31396 31400 31404 31408 31412 31416 31420 31424 31428 31432 31436 31440 31444 31448 31452 31456 31460 31464 31468 31472 31476 31480 31484 31488 31492 31496 31500 31504 31508 31512 31516 31520 31524 31528 31532 31536 31540 31544 31548 31552 31556 31560 31564 31568 31572 31576 31580 31584 31588 31592 31596 31600 31604 31608 31612 31616 31620 31624 31628 31632 31636 31640 31644 31648 31652 31656 31660 31664 31668 31672 31676 31680 31684 31688 31692 31696 31700 31704 31708 31712 31716 31720 31724 31728 31732 31736 31740 31744 31748 31752 31756 31760 31764 31768 31772 31776 31780 31784 31788 31792 31796 31800 31804 31808 31812 31816 31820 31824 31828 31832 31836 31840 31844 31848 31852 31856 31860 31864 31868 31872 31876 31880 31884 31888 31892 31896 31900 31904 31908 31912 31916 31920 31924 31928 31932 31936 31940 31944 31948 31952 31956 31960 31964 31968 31972 31976 31980 31984 31988 31992 31996 32000 32004 32008 32012 32016 32020 32024 32028 32032 32036 32040 32044 32048 32052 32056 32060 32064 32068 32072 32076 32080 32084 32088 32092 32096 32100 32104 32108 32112 32116 32120 32124 32128 32132 32136 32140 32144 32148 32152 32156 32160 32164 32168 32172 32176 32180 32184 32188 32192 32196 32200 32204 32208 32212 32216 32220 32224 32228 32232 32236 32240 32244 32248 32252 32256 32260 32264 32268 32272 32276 32280 32284 32288 32292 32296 32300 32304 32308 32312 32316 32320 32324 32328 32332 32336 32340 32344 32348 32352 32356 32360 32364 32368 32372 32376 32380 32384 32388 32392 32396 32400 32404 32408 32412 32416 32420 32424 32428 32432 32436 32440 32444 32448 32452 32456 32460 32464 32468 32472 32476 32480 32484 32488 32492 32496 32500 32504 32508 32512 32516 32520 32524 32528 32532 32536 32540 32544 32548 32552 32556 32560 32564 32568 32572 32576 32580 32584 32588 32592 32596 32600 32604 32608 32612 32616 32620 32624 32628 32632 32636 32640 32644 32648 32652 32656 32660 32664 32668 32672 32676 32680 32684 32688 32692 32696 32700 32704 32708 32712 32716 32720 32724 32728 32732 32736 32740 32744 32748 32752 32756 32760 32764 32768 32772 32776 32780 32784 32788 32792 32796 32800 32804 32808 32812 32816 32820 32824 32828 32832 32836 32840 32844 32848 32852 32856 32860 32864 32868 32872 32876 32880 32884 32888 32892 32896 32900 32904 32908 32912 32916 32920 32924 32928 32932 32936 32940 32944 32948 32952 32956 32960 32964 32968 32972 32976 32980 32984 32988 32992 32996 33000 33004 33008 33012 33016 33020 33024 33028 33032 33036 33040 33044 33048 33052 33056 33060 33064 33068 33072 33076 33080 33084 33088 33092 33096 33100 33104 33108 33112 33116 33120 33124 33128 33132 33136 33140 33144 33148 33152 33156 33160 33164 33168 33172 33176 33180 33184 33188 33192 33196 33200 33204 33208 33212 33216 33220 33224 33228 33232 33236 33240 33244 33248 33252 33256 33260 33264 33268 33272 33276 33280 33284 33288 33292 33296 33300 33304 33308 33312 33316 33320 33324 33328 33332 33336 33340 33344 33348 33352 33356 33360 33364 33368 33372 33376 33380 33384 33388 33392 33396 33400 33404 33408 33412 33416 33420 33424 33428 33432 33436 33440 33444 33448 33452 33456 33460 33464 33468 33472 33476 33480 33484 33488 33492 33496 33500 33504 33508 33512 33516 33520 33524 33528 33532 33536 33540 33544 33548 33552 33556 33560 33564 33568 33572 33576 33580 33584 33588 33592 33596 33600 33604 33608 33612 33616 33620 33624 33628 33632 33636 33640 33644 33648 33652 33656 33660 33664 33668 33672 33676 33680 33684 33688 33692 33696 33700 33704 33708 33712 33716 33720 33724 33728 33732 33736 33740 33744 33748 33752 33756 33760 33764 33768 33772 33776 33780 33784 33788 33792 33796 33800 33804 33808 33812 33816 33820 33824 33828 33832 33836 33840 33844 33848 33852 33856 33860 33864 33868 33872 33876 33880 33884 33888 33892 33896 33900 33904 33908 33912 33916 33920 33924 33928 33932 33936 33940 33944 33948 33952 33956 33960 33964 33968 33972 33976 33980 33984 33988 33992 33996 34000 34004 34008 34012 34016 34020 34024 34028 34032 34036 34040 34044 34048 34052 34056 34060 34064 34068 34072 34076 34080 34084 34088 34092 34096 34100 34104 34108 34112 34116 34120 34124 34128 34132 34136 34140 34144 34148 34152 34156 34160 34164 34168 34172 34176 34180 34184 34188 34192 34196 34200 34204 34208 34212 34216 34220 34224 34228 34232 34236 34240 34244 34248 34252 34256 34260 34264 34268 34272 34276 34280 34284 34288 34292 34296 34300 34304 34308 34312 34316 34320 34324 34328 34332 34336 34340 34344 34348 34352 34356 34360 34364 34368 34372 34376 34380 34384 34388 34392 34396 34400 34404 34408 34412 34416 34420 34424 34428 34432 34436 34440 34444 34448 34452 34456 34460 34464 34468 34472 34476 34480 34484 34488 34492 34496 34500 34504 34508 34512 34516 34520 34524 34528 34532 34536 34540 34544 34548 34552 34556 34560 34564 34568 34572 34576 34580 34584 34588 34592 34596 34600 34604 34608 34612 34616 34620 34624 34628 34632 34636 34640 34644 34648 34652 34656 34660 34664 34668 34672 34676 34680 34684 34688 34692 34696 34700 34704 34708 34712 34716 34720 34724 34728 34732 34736 34740 34744 34748 34752 34756 34760 34764 34768 34772 34776 34780 34784 34788 34792 34796 34800 34804 34808 34812 34816 34820 34824 34828 34832 34836 34840 34844 34848 34852 34856 34860 34864 34868 34872 34876 34880 34884 34888 34892 34896 34900 34904 34908 34912 34916 34920 34924 34928 34932 34936 34940 34944 34948 34952 34956 34960 34964 34968 34972 34976 34980 34984 34988 34992 34996 35000 35004 35008 35012 35016 35020 35024 35028 35032 35036 35040 35044 35048 35052 35056 35060 35064 35068 35072 35076 35080 35084 35088 35092 35096 35100 35104 35108 35112 35116 35120 35124 35128 35132 35136 35140 35144 35148 35152 35156 35160 35164 35168 35172 35176 35180 35184 35188 35192 35196 35200 35204 35208 35212 35216 35220 35224 35228 35232 35236 35240 35244 35248 35252 35256 35260 35264 35268 35272 35276 35280 35284 35288 35292 35296 35300 35304 35308 35312 35316 35320 35324 35328 35332 35336 35340 35344 35348 35352 35356 35360 35364 35368 35372 35376 35380 35384 35388 35392 35396 35400 35404 35408 35412 35416 35420 35424 35428 35432 35436 35440 35444 35448 35452 35456 35460 35464 35468 35472 35476 35480 35484 35488 35492 35496 35500 35504 35508 35512 35516 35520 35524 35528 35532 35536 35540 35544 35548 35552 35556 35560 35564 35568 35572 35576 35580 35584 35588 35592 35596 35600 35604 35608 35612 35616 35620 35624 35628 35632 35636 35640 35644 35648 35652 35656 35660 35664 35668 35672 35676 35680 35684 35688 35692 35696 35700 35704 35708 35712 35716 35720 35724 35728 35732 35736 35740 35744 35748 35752 35756 35760 35764 35768 35772 35776 35780 35784 35788 35792 35796 35800 35804 35808 35812 35816 35820 35824 35828 35832 35836 35840 35844 35848 35852 35856 35860 35864 35868 35872 35876 35880 35884 35888 35892 35896 35900 35904 35908 35912 35916 35920 35924 35928 35932 35936 35940 35944 35948 35952 35956 35960 35964 35968 35972 35976 35980 35984 35988 35992 35996 36000 36004 36008 36012 36016 36020 36024 36028 36032 36036 36040 36044 36048 36052 36056 36060 36064 36068 36072 36076 36080 36084 36088 36092 36096 36100 36104 36108 36112 36116 36120 36124 36128 36132 36136 36140 36144 36148 36152 36156 36160 36164 36168 36172 36176 36180 36184 36188 36192 36196 36200 36204 36208 36212 36216 36220 36224 36228 36232 36236 36240 36244 36248 36252 36256 36260 36264 36268 36272 36276 36280 36284 36288 36292 36296 36300 36304 36308 36312 36316 36320 36324 36328 36332 36336 36340 36344 36348 36352 36356 36360 36364 36368 36372 36376 36380 36384 36388 36392 36396 36400 36404 36408 36412 36416 36420 36424 36428 36432 36436 36440 36444 36448 36452 36456 36460 36464 36468 36472 36476 36480 36484 36488 36492 36496 36500 36504 36508 36512 36516 36520 36524 36528 36532 36536 36540 36544 36548 36552 36556 36560 36564 36568 36572 36576 36580 36584 36588 36592 36596 36600 36604 36608 36612 36616 36620 36624 36628 36632 36636 36640 36644 36648 36652 36656 36660 36664 36668 36672 36676 36680 36684 36688 36692 36696 36700 36704 36708 36712 36716 36720 36724 36728 36732 36736 36740 36744 36748 36752 36756 36760 36764 36768 36772 36776 36780 36784 36788 36792 36796 36800 36804 36808 36812 36816 36820 36824 36828 36832 36836 36840 36844 36848 36852 36856 36860 36864 36868 36872 36876 36880 36884 36888 36892 36896 36900 36904 36908 36912 36916 36920 36924 36928 36932 36936 36940 36944 36948 36952 36956 36960 36964 36968 36972 36976 36980 36984 36988 36992 36996 37000 37004 37008 37012 37016 37020 37024 37028 37032 37036 37040 37044 37048 37052 37056 37060 37064 37068 37072 37076 37080 37084 37088 37092 37096 37100 37104 37108 37112 37116 37120 37124 37128 37132 37136 37140 37144 37148 37152 37156 37160 37164 37168 37172 37176 37180 37184 37188 37192 37196 37200 37204 37208 37212 37216 37220 37224 37228 37232 37236 37240 37244 37248 37252 37256 37260 37264 37268 37272 37276 37280 37284 37288 37292 37296 37300 37304 37308 37312 37316 37320 37324 37328 37332 37336 37340 37344 37348 37352 37356 37360 37364 37368 37372 37376 37380 37384 37388 37392 37396 37400 37404 37408 37412 37416 37420 37424 37428 37432 37436 37440 37444 37448 37452 37456 37460 37464 37468 37472 37476 37480 37484 37488 37492 37496 37500 37504 37508 37512 37516 37520 37524 37528 37532 37536 37540 37544 37548 37552 37556 37560 37564 37568 37572 37576 37580 37584 37588 37592 37596 37600 37604 37608 37612 37616 37620 37624 37628 37632 37636 37640 37644 37648 37652 37656 37660 37664 37668 37672 37676 37680 37684 37688 37692 37696 37700 37704 37708 37712 37716 37720 37724 37728 37732 37736 37740 37744 37748 37752 37756 37760 37764 37768 37772 37776 37780 37784 37788 37792 37796 37800 37804 37808 37812 37816 37820 37824 37828 37832 37836 37840 37844 37848 37852 37856 37860 37864 37868 37872 37876 37880 37884 37888 37892 37896 37900 37904 37908 37912 37916 37920 37924 37928 37932 37936 37940 37944 37948 37952 37956 37960 37964 37968 37972 37976 37980 37984 37988 37992 37996 38000 38004 38008 38012 38016 38020 38024 38028 38032 38036 38040 38044 38048 38052 38056 38060 38064 38068 38072 38076 38080 38084 38088 38092 38096 38100 38104 38108 38112 38116 38120 38124 38128 38132 38136 38140 38144 38148 38152 38156 38160 38164 38168 38172 38176 38180 38184 38188 38192 38196 38200 38204 38208 38212 38216 38220 38224 38228 38232 38236 38240 38244 38248 38252 38256 38260 38264 38268 38272 38276 38280 38284 38288 38292 38296 38300 38304 38308 38312 38316 38320 38324 38328 38332 38336 38340 38344 38348 38352 38356 38360 38364 38368 38372 38376 38380 38384 38388 38392 38396 38400 38404 38408 38412 38416 38420 38424 38428 38432 38436 38440 38444 38448 38452 38456 38460 38464 38468 38472 38476 38480 38484 38488 38492 38496 38500 38504 38508 38512 38516 38520 38524 38528 38532 38536 38540 38544 38548 38552 38556 38560 38564 38568 38572 38576 38580 38584 38588 38592 38596 38600 38604 38608 38612 38616 38620 38624 38628 38632 38636 38640 38644 38648 38652 38656 38660 38664 38668 38672 38676 38680 38684 38688 38692 38696 38700 38704 38708 38712 38716 38720 38724 38728 38732 38736 38740 38744 38748 38752 38756 38760 38764 38768 38772 38776 38780 38784 38788 38792 38796 38800 38804 38808 38812 38816 38820 38824 38828 38832 38836 38840 38844 38848 38852 38856 38860 38864 38868 38872 38876 38880 38884 38888 38892 38896 38900 38904 38908 38912 38916 38920 38924 38928 38932 38936 38940 38944 38948 38952 38956 38960 38964 38968 38972 38976 38980 38984 38988 38992 38996 39000 39004 39008 39012 39016 39020 39024 39028 39032 39036 39040 39044 39048 39052 39056 39060 39064 39068 39072 39076 39080 39084 39088 39092 39096 39100 39104 39108 39112 39116 39120 39124 39128 39132 39136 39140 39144 39148 39152 39156 39160 39164 39168 39172 39176 39180 39184 39188 39192 39196 39200 39204 39208 39212 39216 39220 39224 39228 39232 39236 39240 39244 39248 39252 39256 39260 39264 39268 39272 39276 39280 39284 39288 39292 39296 39300 39304 39308 39312 39316 39320 39324 39328 39332 39336 39340 39344 39348 39352 39356 39360 39364 39368 39372 39376 39380 39384 39388 39392 39396 39400 39404 39408 39412 39416 39420 39424 39428 39432 39436 39440 39444 39448 39452 39456 39460 39464 39468 39472 39476 39480 39484 39488 39492 39496 39500 39504 39508 39512 39516 39520 39524 39528 39532 39536 39540 39544 39548 39552 39556 39560 39564 39568 39572 39576 39580 39584 39588 39592 39596 39600 39604 39608 39612 39616 39620 39624 39628 39632 39636 39640 39644 39648 39652 39656 39660 39664 39668 39672 39676 39680 39684 39688 39692 39696 39700 39704 39708 39712 39716 39720 39724 39728 39732 39736 39740 39744 39748 39752 39756 39760 39764 39768 39772 39776 39780 39784 39788 39792 39796 39800 39804 39808 39812 39816 39820 39824 39828 39832 39836 39840 39844 39848 39852 39856 39860 39864 39868 39872 39876 39880 39884 39888 39892 39896 39900 39904 39908 39912 39916 39920 39924 39928 39932 39936 39940 39944 39948 39952 39956 39960 39964 39968 39972 39976 39980 39984 39988 39992 39996 40000 40004 40008 40012 40016 40020 40024 40028 40032 40036 40040 40044 40048 40052 40056 40060 40064 40068 40072 40076 40080 40084 40088 40092 40096 40100 40104 40108 40112 40116 40120 40124 40128 40132 40136 40140 40144 40148 40152 40156 40160 40164 40168 40172 40176 40180 40184 40188 40192 40196 40200 40204 40208 40212 40216 40220 40224 40228 40232 40236 40240 40244 40248 40252 40256 40260 40264 40268 40272 40276 40280 40284 40288 40292 40296 40300 40304 40308 40312 40316 40320 40324 40328 40332 40336 40340 40344 40348 40352 40356 40360 40364 40368 40372 40376 40380 40384 40388 40392 40396 40400 40404 40408 40412 40416 40420 40424 40428 40432 40436 40440 40444 40448 40452 40456 40460 40464 40468 40472 40476 40480 40484 40488 40492 40496 40500 40504 40508 40512 40516 40520 40524 40528 40532 40536 40540 40544 40548 40552 40556 40560 40564 40568 40572 40576 40580 40584 40588 40592 40596 40600 40604 40608 40612 40616 40620 40624 40628 40632 40636 40640 40644 40648 40652 40656 40660 40664 40668 40672 40676 40680 40684 40688 40692 40696 40700 40704 40708 40712 40716 40720 40724 40728 40732 40736 40740 40744 40748 40752 40756 40760 40764 40768 40772 40776 40780 40784 40788 40792 40796 40800 40804 40808 40812 40816 40820 40824 40828 40832 40836 40840 40844 40848 40852 40856 40860 40864 40868 40872 40876 40880 40884 40888 40892 40896 40900 40904 40908 40912 40916 40920 40924 40928 40932 40936 40940 40944 40948 40952 40956 40960 40964 40968 40972 40976 40980 40984 40988 40992 40996 41000 41004 41008 41012 41016 41020 41024 41028 41032 41036 41040 41044 41048 41052 41056 41060 41064 41068 41072 41076 41080 41084 41088 41092 41096 41100 41104 41108 41112 41116 41120 41124 41128 41132 41136 41140 41144 41148 41152 41156 41160 41164 41168 41172 41176 41180 41184 41188 41192 41196 41200 41204 41208 41212 41216 41220 41224 41228 41232 41236 41240 41244 41248 41252 41256 41260 41264 41268 41272 41276 41280 41284 41288 41292 41296 41300 41304 41308 41312 41316 41320 41324 41328 41332 41336 41340 41344 41348 41352 41356 41360 41364 41368 41372 41376 41380 41384 41388 41392 41396 41400 41404 41408 41412 41416 41420 41424 41428 41432 41436 41440 41444 41448 41452 41456 41460 41464 41468 41472 41476 41480 41484 41488 41492 41496 41500 41504 41508 41512 41516 41520 41524 41528 41532 41536 41540 41544 41548 41552 41556 41560 41564 41568 41572 41576 41580 41584 41588 41592 41596 41600 41604 41608 41612 41616 41620 41624 41628 41632 41636 41640 41644 41648 41652 41656 41660 41664 41668 41672 41676 41680 41684 41688 41692 41696 41700 41704 41708 41712 41716 41720 41724 41728 41732 41736 41740 41744 41748 41752 41756 41760 41764 41768 41772 41776 41780 41784 41788 41792 41796 41800 41804 41808 41812 41816 41820 41824 41828 41832 41836 41840 41844 41848 41852 41856 41860 41864 41868 41872 41876 41880 41884 41888 41892 41896 41900 41904 41908 41912 41916 41920 41924 41928 41932 41936 41940 41944 41948 41952 41956 41960 41964 41968 41972 41976 41980 41984 41988 41992 41996 42000 42004 42008 42012 42016 42020 42024 42028 42032 42036 42040 42044 42048 42052 42056 42060 42064 42068 42072 42076 42080 42084 42088 42092 42096 42100 42104 42108 42112 42116 42120 42124 42128 42132 42136 42140 42144 42148 42152 42156 42160 42164 42168 42172 42176 42180 42184 42188 42192 42196 42200 42204 42208 42212 42216 42220 42224 42228 42232 42236 42240 42244 42248 42252 42256 42260 42264 42268 42272 42276 42280 42284 42288 42292 42296 42300 42304 42308 42312 42316 42320 42324 42328 42332 42336 42340 42344 42348 42352 42356 42360 42364 42368 42372 42376 42380 42384 42388 42392 42396 42400 42404 42408 42412 42416 42420 42424 42428 42432 42436 42440 42444 42448 42452 42456 42460 42464 42468 42472 42476 42480 42484 42488 42492 42496 42500 42504 42508 42512 42516 42520 42524 42528 42532 42536 42540 42544 42548 42552 42556 42560 42564 42568 42572 42576 42580 42584 42588 42592 42596 42600 42604 42608 42612 42616 42620 42624 42628 42632 42636 42640 42644 42648 42652 42656 42660 42664 42668 42672 42676 42680 42684 42688 42692 42696 42700 42704 42708 42712 42716 42720 42724 42728 42732 42736 42740 42744 42748 42752 42756 42760 42764 42768 42772 42776 42780 42784 42788 42792 42796 42800 42804 42808 42812 42816 42820 42824 42828 42832 42836 42840 42844 42848 42852 42856 42860 42864 42868 42872 42876 42880 42884 42888 42892 42896 42900 42904 42908 42912 42916 42920 42924 42928 42932 42936 42940 42944 42948 42952 42956 42960 42964 42968 42972 42976 42980 42984 42988 42992 42996 43000 43004 43008 43012 43016 43020 43024 43028 43032 43036 43040 43044 43048 43052 43056 43060 43064 43068 43072 43076 43080 43084 43088 43092 43096 43100 43104 43108 43112 43116 43120 43124 43128 43132 43136 43140 43144 43148 43152 43156 43160 43164 43168 43172 43176 43180 43184 43188 43192 43196 43200 43204 43208 43212 43216 43220 43224 43228 43232 43236 43240 43244 43248 43252 43256 43260 43264 43268 43272 43276 43280 43284 43288 43292 43296 43300 43304 43308 43312 43316 43320 43324 43328 43332 43336 43340 43344 43348 43352 43356 43360 43364 43368 43372 43376 43380 43384 43388 43392 43396 43400 43404 43408 43412 43416 43420 43424 43428 43432 43436 43440 43444 43448 43452 43456 43460 43464 43468 43472 43476 43480 43484 43488 43492 43496 43500 43504 43508 43512 43516 43520 43524 43528 43532 43536 43540 43544 43548 43552 43556 43560 43564 43568 43572 43576 43580 43584 43588 43592 43596 43600 43604 43608 43612 43616 43620 43624 43628 43632 43636 43640 43644 43648 43652 43656 43660 43664 43668 43672 43676 43680 43684 43688 43692 43696 43700 43704 43708 43712 43716 43720 43724 43728 43732 43736 43740 43744 43748 43752 43756 43760 43764 43768 43772 43776 43780 43784 43788 43792 43796 43800 43804 43808 43812 43816 43820 43824 43828 43832 43836 43840 43844 43848 43852 43856 43860 43864 43868 43872 43876 43880 43884 43888 43892 43896 43900 43904 43908 43912 43916 43920 43924 43928 43932 43936 43940 43944 43948 43952 43956 43960 43964 43968 43972 43976 43980 43984 43988 43992 43996 44000 44004 44008 44012 44016 44020 44024 44028 44032 44036 44040 44044 44048 44052 44056 44060 44064 44068 44072 44076 44080 44084 44088 44092 44096 44100 44104 44108 44112 44116 44120 44124 44128 44132 44136 44140 44144 44148 44152 44156 44160 44164 44168 44172 44176 44180 44184 44188 44192 44196 44200 44204 44208 44212 44216 44220 
        </DataArray>
        <DataArray type="UInt8" Name="types" format="ascii">
          10 10 10 10 10 10 10 10 10 10 10 10 10 10 10 10 10 10 10 10 10 10 10 10 10 10 10 10 10 10 10 10 10 10 10 10 10 10 10 10 10 10 10 10 10 10 10 10 10 10 10 10 10 10 10 10 10 10 10 10 10 10 10 10 10 10 10 10 10 10 10 10 10 10 10 10 10 10 10 10 10 10 10 10 10 10 10 10 10 10 10 10 10 10 10 10 10 10 10 10 10 10 10 10 10 10 10 10 10 10 10 10 10 10 10 10 10 10 10 10 10 10 10 10 10 10 10 10 10 10 10 10 10 10 10 10 10 10 10 10 10 10 10 10 10 10 10 10 10 10 10 10 10 10 10 10 10 10 10 10 10 10 10 10 10 10 10 10 10 10 10 10 10 10 10 10 10 10 10 10 10 10 10 10 10 10 10 10 10 10 10 10 10 10 10 10 10 10 10 10 10 10 10 10 10 10 10 10 10 10 10 10 10 10 10 10 10 10 10 10 10 10 10 10 10 10 10 10 10 10 10 10 10 10 10 10 10 10 10 10 10 10 10 10 10 10 10 10 10 10 10 10 10 10 10 10 10 10 10 10 10 10 10 10 10 10 10 10 10 10 10 10 10 10 10 10 10 10 10 10 10 10 10 10 10 10 10 10 10 10 10 10 10 10 10 10 10 10 10 10 10 10 10 10 10 10 10 10 10 10 10 10 10 10 10 10 10 10 10 10 10 10 10 10 10 10 10 10 10 10 10 10 10 10 10 10 10 10 10 10 10 10 10 10 10 10 10 10 10 10 10 10 10 10 10 10 10 10 10 10 10 10 10 10 10 10 10 10 10 10 10 10 10 10 10 10 10 10 10 10 10 10 10 10 10 10 10 10 10 10 10 10 10 10 10 10 10 10 10 10 10 10 10 10 10 10 10 10 10 10 10 10 10 10 10 10 10 10 10 10 10 10 10 10 10 10 10 10 10 10 10 10 10 10 10 10 10 10 10 10 10 10 10 10 10 10 10 10 10 10 10 10 10 10 10 10 10 10 10 10 10 10 10 10 10 10 10 10 10 10 10 10 10 10 10 10 10 10 10 10 10 10 10 10 10 10 10 10 10 10 10 10 10 10 10 10 10 10 10 10 10 10 10 10 10 10 10 10 10 10 10 10 10 10 10 10 10 10 10 10 10 10 10 10 10 10 10 10 10 10 10 10 10 10 10 10 10 10 10 10 10 10 10 10 10 10 10 10 10 10 10 10 10 10 10 10 10 10 10 10 10 10 10 10 10 10 10 10 10 10 10 10 10 10 10 10 10 10 10 10 10 10 10 10 10 10 10 10 10 10 10 10 10 10 10 10 10 10 10 10 10 10 10 10 10 10 10 10 10 10 10 10 10 10 10 10 10 10 10 10 10 10 10 10 10 10 10 10 10 10 10 10 10 10 10 10 10 10 10 10 10 10 10 10 10 10 10 10 10 10 10 10 10 10 10 10 10 10 10 10 10 10 10 10 10 10 10 10 10 10 10 10 10 10 10 10 10 10 10 10 10 10 10 10 10 10 10 10 10 10 10 10 10 10 10 10 10 10 10 10 10 10 10 10 10 10 10 10 10 10 10 10 10 10 10 10 10 10 10 10 10 10 10 10 10 10 10 10 10 10 10 10 10 10 10 10 10 10 10 10 10 10 10 10 10 10 10 10 10 10 10 10 10 10 10 10 10 10 10 10 10 10 10 10 10 10 10 10 10 10 10 10 10 10 10 10 10 10 10 10 10 10 10 10 10 10 10 10 10 10 10 10 10 10 10 10 10 10 10 10 10 10 10 10 10 10 10 10 10 10 10 10 10 10 10 10 10 10 10 10 10 10 10 10 10 10 10 10 10 10 10 10 10 10 10 10 10 10 10 10 10 10 10 10 10 10 10 10 10 10 10 10 10 10 10 10 10 10 10 10 10 10 10 10 10 10 10 10 10 10 10 10 10 10 10 10 10 10 10 10 10 10 10 10 10 10 10 10 10 10 10 10 10 10 10 10 10 10 10 10 10 10 10 10 10 10 10 10 10 10 10 10 10 10 10 10 10 10 10 10 10 10 10 10 10 10 10 10 10 10 10 10 10 10 10 10 10 10 10 10 10 10 10 10 10 10 10 10 10 10 10 10 10 10 10 10 10 10 10 10 10 10 10 10 10 10 10 10 10 10 10 10 10 10 10 10 10 10 10 10 10 10 10 10 10 10 10 10 10 10 10 10 10 10 10 10 10 10 10 10 10 10 10 10 10 10 10 10 10 10 10 10 10 10 10 10 10 10 10 10 10 10 10 10 10 10 10 10 10 10 10 10 10 10 10 10 10 10 10 10 10 10 10 10 10 10 10 10 10 10 10 10 10 10 10 10 10 10 10 10 10 10 10 10 10 10 10 10 10 10 10 10 10 10 10 10 10 10 10 10 10 10 10 10 10 10 10 10 10 10 10 10 10 10 10 10 10 10 10 10 10 10 10 10 10 10 10 10 10 10 10 10 10 10 10 10 10 10 10 10 10 10 10 10 10 10 10 10 10 10 10 10 10 10 10 10 10 10 10 10 10 10 10 10 10 10 10 10 10 10 10 10 10 10 10 10 10 10 10 10 10 10 10 10 10 10 10 10 10 10 10 10 10 10 10 10 10 10 10 10 10 10 10 10 10 10 10 10 10 10 10 10 10 10 10 10 10 10 10 10 10 10 10 10 10 10 10 10 10 10 10 10 10 10 10 10 10 10 10 10 10 10 10 10 10 10 10 10 10 10 10 10 10 10 10 10 10 10 10 10 10 10 10 10 10 10 10 10 10 10 10 10 10 10 10 10 10 10 10 10 10 10 10 10 10 10 10 10 10 10 10 10 10 10 10 10 10 10 10 10 10 10 10 10 10 10 10 10 10 10 10 10 10 10 10 10 10 10 10 10 10 10 10 10 10 10 10 10 10 10 10 10 10 10 10 10 10 10 10 10 10 10 10 10 10 10 10 10 10 10 10 10 10 10 10 10 10 10 10 10 10 10 10 10 10 10 10 10 10 10 10 10 10 10 10 10 10 10 10 10 10 10 10 10 10 10 10 10 10 10 10 10 10 10 10 10 10 10 10 10 10 10 10 10 10 10 10 10 10 10 10 10 10 10 10 10 10 10 10 10 10 10 10 10 10 10 10 10 10 10 10 10 10 10 10 10 10 10 10 10 10 10 10 10 10 10 10 10 10 10 10 10 10 10 10 10 10 10 10 10 10 10 10 10 10 10 10 10 10 10 10 10 10 10 10 10 10 10 10 10 10 10 10 10 10 10 10 10 10 10 10 10 10 10 10 10 10 10 10 10 10 10 10 10 10 10 10 10 10 10 10 10 10 10 10 10 10 10 10 10 10 10 10 10 10 10 10 10 10 10 10 10 10 10 10 10 10 10 10 10 10 10 10 10 10 10 10 10 10 10 10 10 10 10 10 10 10 10 10 10 10 10 10 10 10 10 10 10 10 10 10 10 10 10 10 10 10 10 10 10 10 10 10 10 10 10 10 10 10 10 10 10 10 10 10 10 10 10 10 10 10 10 10 10 10 10 10 10 10 10 10 10 10 10 10 10 10 10 10 10 10 10 10 10 10 10 10 10 10 10 10 10 10 10 10 10 10 10 10 10 10 10 10 10 10 10 10 10 10 10 10 10 10 10 10 10 10 10 10 10 10 10 10 10 10 10 10 10 10 10 10 10 10 10 10 10 10 10 10 10 10 10 10 10 10 10 10 10 10 10 10 10 10 10 10 10 10 10 10 10 10 10 10 10 10 10 10 10 10 10 10 10 10 10 10 10 10 10 10 10 10 10 10 10 10 10 10 10 10 10 10 10 10 10 10 10 10 10 10 10 10 10 10 10 10 10 10 10 10 10 10 10 10 10 10 10 10 10 10 10 10 10 10 10 10 10 10 10 10 10 10 10 10 10 10 10 10 10 10 10 10 10 10 10 10 10 10 10 10 10 10 10 10 10 10 10 10 10 10 10 10 10 10 10 10 10 10 10 10 10 10 10 10 10 10 10 10 10 10 10 10 10 10 10 10 10 10 10 10 10 10 10 10 10 10 10 10 10 10 10 10 10 10 10 10 10 10 10 10 10 10 10 10 10 10 10 10 10 10 10 10 10 10 10 10 10 10 10 10 10 10 10 10 10 10 10 10 10 10 10 10 10 10 10 10 10 10 10 10 10 10 10 10 10 10 10 10 10 10 10 10 10 10 10 10 10 10 10 10 10 10 10 10 10 10 10 10 10 10 10 10 10 10 10 10 10 10 10 10 10 10 10 10 10 10 10 10 10 10 10 10 10 10 10 10 10 10 10 10 10 10 10 10 10 10 10 10 10 10 10 10 10 10 10 10 10 10 10 10 10 10 10 10 10 10 10 10 10 10 10 10 10 10 10 10 10 10 10 10 10 10 10 10 10 10 10 10 10 10 10 10 10 10 10 10 10 10 10 10 10 10 10 10 10 10 10 10 10 10 10 10 10 10 10 10 10 10 10 10 10 10 10 10 10 10 10 10 10 10 10 10 10 10 10 10 10 10 10 10 10 10 10 10 10 10 10 10 10 10 10 10 10 10 10 10 10 10 10 10 10 10 10 10 10 10 10 10 10 10 10 10 10 10 10 10 10 10 10 10 10 10 10 10 10 10 10 10 10 10 10 10 10 10 10 10 10 10 10 10 10 10 10 10 10 10 10 10 10 10 10 10 10 10 10 10 10 10 10 10 10 10 10 10 10 10 10 10 10 10 10 10 10 10 10 10 10 10 10 10 10 10 10 10 10 10 10 10 10 10 10 10 10 10 10 10 10 10 10 10 10 10 10 10 10 10 10 10 10 10 10 10 10 10 10 10 10 10 10 10 10 10 10 10 10 10 10 10 10 10 10 10 10 10 10 10 10 10 10 10 10 10 10 10 10 10 10 10 10 10 10 10 10 10 10 10 10 10 10 10 10 10 10 10 10 10 10 10 10 10 10 10 10 10 10 10 10 10 10 10 10 10 10 10 10 10 10 10 10 10 10 10 10 10 10 10 10 10 10 10 10 10 10 10 10 10 10 10 10 10 10 10 10 10 10 10 10 10 10 10 10 10 10 10 10 10 10 10 10 10 10 10 10 10 10 10 10 10 10 10 10 10 10 10 10 10 10 10 10 10 10 10 10 10 10 10 10 10 10 10 10 10 10 10 10 10 10 10 10 10 10 10 10 10 10 10 10 10 10 10 10 10 10 10 10 10 10 10 10 10 10 10 10 10 10 10 10 10 10 10 10 10 10 10 10 10 10 10 10 10 10 10 10 10 10 10 10 10 10 10 10 10 10 10 10 10 10 10 10 10 10 10 10 10 10 10 10 10 10 10 10 10 10 10 10 10 10 10 10 10 10 10 10 10 10 10 10 10 10 10 10 10 10 10 10 10 10 10 10 10 10 10 10 10 10 10 10 10 10 10 10 10 10 10 10 10 10 10 10 10 10 10 10 10 10 10 10 10 10 10 10 10 10 10 10 10 10 10 10 10 10 10 10 10 10 10 10 10 10 10 10 10 10 10 10 10 10 10 10 10 10 10 10 10 10 10 10 10 10 10 10 10 10 10 10 10 10 10 10 10 10 10 10 10 10 10 10 10 10 10 10 10 10 10 10 10 10 10 10 10 10 10 10 10 10 10 10 10 10 10 10 10 10 10 10 10 10 10 10 10 10 10 10 10 10 10 10 10 10 10 10 10 10 10 10 10 10 10 10 10 10 10 10 10 10 10 10 10 10 10 10 10 10 10 10 10 10 10 10 10 10 10 10 10 10 10 10 10 10 10 10 10 10 10 10 10 10 10 10 10 10 10 10 10 10 10 10 10 10 10 10 10 10 10 10 10 10 10 10 10 10 10 10 10 10 10 10 10 10 10 10 10 10 10 10 10 10 10 10 10 10 10 10 10 10 10 10 10 10 10 10 10 10 10 10 10 10 10 10 10 10 10 10 10 10 10 10 10 10 10 10 10 10 10 10 10 10 10 10 10 10 10 10 10 10 10 10 10 10 10 10 10 10 10 10 10 10 10 10 10 10 10 10 10 10 10 10 10 10 10 10 10 10 10 10 10 10 10 10 10 10 10 10 10 10 10 10 10 10 10 10 10 10 10 10 10 10 10 10 10 10 10 10 10 10 10 10 10 10 10 10 10 10 10 10 10 10 10 10 10 10 10 10 10 10 10 10 10 10 10 10 10 10 10 10 10 10 10 10 10 10 10 10 10 10 10 10 10 10 10 10 10 10 10 10 10 10 10 10 10 10 10 10 10 10 10 10 10 10 10 10 10 10 10 10 10 10 10 10 10 10 10 10 10 10 10 10 10 10 10 10 10 10 10 10 10 10 10 10 10 10 10 10 10 10 10 10 10 10 10 10 10 10 10 10 10 10 10 10 10 10 10 10 10 10 10 10 10 10 10 10 10 10 10 10 10 10 10 10 10 10 10 10 10 10 10 10 10 10 10 10 10 10 10 10 10 10 10 10 10 10 10 10 10 10 10 10 10 10 10 10 10 10 10 10 10 10 10 10 10 10 10 10 10 10 10 10 10 10 10 10 10 10 10 10 10 10 10 10 10 10 10 10 10 10 10 10 10 10 10 10 10 10 10 10 10 10 10 10 10 10 10 10 10 10 10 10 10 10 10 10 10 10 10 10 10 10 10 10 10 10 10 10 10 10 10 10 10 10 10 10 10 10 10 10 10 10 10 10 10 10 10 10 10 10 10 10 10 10 10 10 10 10 10 10 10 10 10 10 10 10 10 10 10 10 10 10 10 10 10 10 10 10 10 10 10 10 10 10 10 10 10 10 10 10 10 10 10 10 10 10 10 10 10 10 10 10 10 10 10 10 10 10 10 10 10 10 10 10 10 10 10 10 10 10 10 10 10 10 10 10 10 10 10 10 10 10 10 10 10 10 10 10 10 10 10 10 10 10 10 10 10 10 10 10 10 10 10 10 10 10 10 10 10 10 10 10 10 10 10 10 10 10 10 10 10 10 10 10 10 10 10 10 10 10 10 10 10 10 10 10 10 10 10 10 10 10 10 10 10 10 10 10 10 10 10 10 10 10 10 10 10 10 10 10 10 10 10 10 10 10 10 10 10 10 10 10 10 10 10 10 10 10 10 10 10 10 10 10 10 10 10 10 10 10 10 10 10 10 10 10 10 10 10 10 10 10 10 10 10 10 10 10 10 10 10 10 10 10 10 10 10 10 10 10 10 10 10 10 10 10 10 10 10 10 10 10 10 10 10 10 10 10 10 10 10 10 10 10 10 10 10 10 10 10 10 10 10 10 10 10 10 10 10 10 10 10 10 10 10 10 10 10 10 10 10 10 10 10 10 10 10 10 10 10 10 10 10 10 10 10 10 10 10 10 10 10 10 10 10 10 10 10 10 10 10 10 10 10 10 10 10 10 10 10 10 10 10 10 10 10 10 10 10 10 10 10 10 10 10 10 10 10 10 10 10 10 10 10 10 10 10 10 10 10 10 10 10 10 10 10 10 10 10 10 10 10 10 10 10 10 10 10 10 10 10 10 10 10 10 10 10 10 10 10 10 10 10 10 10 10 10 10 10 10 10 10 10 10 10 10 10 10 10 10 10 10 10 10 10 10 10 10 10 10 10 10 10 10 10 10 10 10 10 10 10 10 10 10 10 10 10 10 10 10 10 10 10 10 10 10 10 10 10 10 10 10 10 10 10 10 10 10 10 10 10 10 10 10 10 10 10 10 10 10 10 10 10 10 10 10 10 10 10 10 10 10 10 10 10 10 10 10 10 10 10 10 10 10 10 10 10 10 10 10 10 10 10 10 10 10 10 10 10 10 10 10 10 10 10 10 10 10 10 10 10 10 10 10 10 10 10 10 10 10 10 10 10 10 10 10 10 10 10 10 10 10 10 10 10 10 10 10 10 10 10 10 10 10 10 10 10 10 10 10 10 10 10 10 10 10 10 10 10 10 10 10 10 10 10 10 10 10 10 10 10 10 10 10 10 10 10 10 10 10 10 10 10 10 10 10 10 10 10 10 10 10 10 10 10 10 10 10 10 10 10 10 10 10 10 10 10 10 10 10 10 10 10 10 10 10 10 10 10 10 10 10 10 10 10 10 10 10 10 10 10 10 10 10 10 10 10 10 10 10 10 10 10 10 10 10 10 10 10 10 10 10 10 10 10 10 10 10 10 10 10 10 10 10 10 10 10 10 10 10 10 10 10 10 10 10 10 10 10 10 10 10 10 10 10 10 10 10 10 10 10 10 10 10 10 10 10 10 10 10 10 10 10 10 10 10 10 10 10 10 10 10 10 10 10 10 10 10 10 10 10 10 10 10 10 10 10 10 10 10 10 10 10 10 10 10 10 10 10 10 10 10 10 10 10 10 10 10 10 10 10 10 10 10 10 10 10 10 10 10 10 10 10 10 10 10 10 10 10 10 10 10 10 10 10 10 10 10 10 10 10 10 10 10 10 10 10 10 10 10 10 10 10 10 10 10 10 10 10 10 10 10 10 10 10 10 10 10 10 10 10 10 10 10 10 10 10 10 10 10 10 10 10 10 10 10 10 10 10 10 10 10 10 10 10 10 10 10 10 10 10 10 10 10 10 10 10 10 10 10 10 10 10 10 10 10 10 10 10 10 10 10 10 10 10 10 10 10 10 10 10 10 10 10 10 10 10 10 10 10 10 10 10 10 10 10 10 10 10 10 10 10 10 10 10 10 10 10 10 10 10 10 10 10 10 10 10 10 10 10 10 10 10 10 10 10 10 10 10 10 10 10 10 10 10 10 10 10 10 10 10 10 10 10 10 10 10 10 10 10 10 10 10 10 10 10 10 10 10 10 10 10 10 10 10 10 10 10 10 10 10 10 10 10 10 10 10 10 10 10 10 10 10 10 10 10 10 10 10 10 10 10 10 10 10 10 10 10 10 10 10 10 10 10 10 10 10 10 10 10 10 10 10 10 10 10 10 10 10 10 10 10 10 10 10 10 10 10 10 10 10 10 10 10 10 10 10 10 10 10 10 10 10 10 10 10 10 10 10 10 10 10 10 10 10 10 10 10 10 10 10 10 10 10 10 10 10 10 10 10 10 10 10 10 10 10 10 10 10 10 10 10 10 10 10 10 10 10 10 10 10 10 10 10 10 10 10 10 10 10 10 10 10 10 10 10 10 10 10 10 10 10 10 10 10 10 10 10 10 10 10 10 10 10 10 10 10 10 10 10 10 10 10 10 10 10 10 10 10 10 10 10 10 10 10 10 10 10 10 10 10 10 10 10 10 10 10 10 10 10 10 10 10 10 10 10 10 10 10 10 10 10 10 10 10 10 10 10 10 10 10 10 10 10 10 10 10 10 10 10 10 10 10 10 10 10 10 10 10 10 10 10 10 10 10 10 10 10 10 10 10 10 10 10 10 10 10 10 10 10 10 10 10 10 10 10 10 10 10 10 10 10 10 10 10 10 10 10 10 10 10 10 10 10 10 10 10 10 10 10 10 10 10 10 10 10 10 10 10 10 10 10 10 10 10 10 10 10 10 10 10 10 10 10 10 10 10 10 10 10 10 10 10 10 10 10 10 10 10 10 10 10 10 10 10 10 10 10 10 10 10 10 10 10 10 10 10 10 10 10 10 10 10 10 10 10 10 10 10 10 10 10 10 10 10 10 10 10 10 10 10 10 10 10 10 10 10 10 10 10 10 10 10 10 10 10 10 10 10 10 10 10 10 10 10 10 10 10 10 10 10 10 10 10 10 10 10 10 10 10 10 10 10 10 10 10 10 10 10 10 10 10 10 10 10 10 10 10 10 10 10 10 10 10 10 10 10 10 10 10 10 10 10 10 10 10 10 10 10 10 10 10 10 10 10 10 10 10 10 10 10 10 10 10 10 10 10 10 10 10 10 10 10 10 10 10 10 10 10 10 10 10 10 10 10 10 10 10 10 10 10 10 10 10 10 10 10 10 10 10 10 10 10 10 10 10 10 10 10 10 10 10 10 10 10 10 10 10 10 10 10 10 10 10 10 10 10 10 10 10 10 10 10 10 10 10 10 10 10 10 10 10 10 10 10 10 10 10 10 10 10 10 10 10 10 10 10 10 10 10 10 10 10 10 10 10 10 10 10 10 10 10 10 10 10 10 10 10 10 10 10 10 10 10 10 10 10 10 10 10 10 10 10 10 10 10 10 10 10 10 10 10 10 10 10 10 10 10 10 10 10 10 10 10 10 10 10 10 10 10 10 10 10 10 10 10 10 10 10 10 10 10 10 10 10 10 10 10 10 10 10 10 10 10 10 10 10 10 10 10 10 10 10 10 10 10 10 10 10 10 10 10 10 10 10 10 10 10 10 10 10 10 10 10 10 10 10 10 10 10 10 10 10 10 10 10 10 10 10 10 10 10 10 10 10 10 10 10 10 10 10 10 10 10 10 10 10 10 10 10 10 10 10 10 10 10 10 10 10 10 10 10 10 10 10 10 10 10 10 10 10 10 10 10 10 10 10 10 10 10 10 10 10 10 10 10 10 10 10 10 10 10 10 10 10 10 10 10 10 10 10 10 10 10 10 10 10 10 10 10 10 10 10 10 10 10 10 10 10 10 10 10 10 10 10 10 10 10 10 10 10 10 10 10 10 10 10 10 10 10 10 10 10 10 10 10 10 10 10 10 10 10 10 10 10 10 10 10 10 10 10 10 10 10 10 10 10 10 10 10 10 10 10 10 10 10 10 10 10 10 10 10 10 10 10 10 10 10 10 10 10 10 10 10 10 10 10 10 10 10 10 10 10 10 10 10 10 10 10 10 10 10 10 10 10 10 10 10 10 10 10 10 10 10 10 10 10 10 10 10 10 10 10 10 10 10 10 10 10 10 10 10 10 10 10 10 10 10 10 10 10 10 10 10 10 10 10 10 10 10 10 10 10 10 10 10 10 10 10 10 10 10 10 10 10 10 10 10 10 10 10 10 10 10 10 10 10 10 10 10 10 10 10 10 10 10 10 10 10 10 10 10 10 10 10 10 10 10 10 10 10 10 10 10 10 10 10 10 10 10 10 10 10 10 10 10 10 10 10 10 10 10 10 10 10 10 10 10 10 10 10 10 10 10 10 10 10 10 10 10 10 10 10 10 10 10 10 10 10 10 10 10 10 10 10 10 10 10 10 10 10 10 10 10 10 10 10 10 10 10 10 10 10 10 10 10 10 10 10 10 10 10 10 10 10 10 10 10 10 10 10 10 10 10 10 10 10 10 10 10 10 10 10 10 10 10 10 10 10 10 10 10 10 10 10 10 10 10 10 10 10 10 10 10 10 10 10 10 10 10 10 10 10 10 10 10 10 10 10 10 10 10 10 10 10 10 10 10 10 10 10 10 10 10 10 10 10 10 10 10 10 10 10 10 10 10 10 10 10 10 10 10 10 10 10 10 10 10 10 10 10 10 10 10 10 10 10 10 10 10 10 10 10 10 10 10 10 10 10 10 10 10 10 10 10 10 10 10 10 10 10 10 10 10 10 10 10 10 10 10 10 10 10 10 10 10 10 10 10 10 10 10 10 10 10 10 10 10 10 10 10 10 10 10 10 10 10 10 10 10 10 10 10 10 10 10 10 10 10 10 10 10 10 10 10 10 10 10 10 10 10 10 10 10 10 10 10 10 10 10 10 10 10 10 10 10 10 10 10 10 10 10 10 10 10 10 10 10 10 10 10 10 10 10 10 10 10 10 10 10 10 10 10 10 10 10 10 10 10 10 10 10 10 10 10 10 10 10 10 10 10 10 10 10 10 10 10 10 10 10 10 10 10 10 10 10 10 10 10 10 10 10 10 10 10 10 10 10 10 10 10 10 10 10 10 10 10 10 10 10 10 10 10 10 10 10 10 10 10 10 10 10 10 10 10 10 10 10 10 10 10 10 10 10 10 10 10 10 10 10 10 10 10 10 10 10 10 10 10 10 10 10 10 10 10 10 10 10 10 10 10 10 10 10 10 10 10 10 10 10 10 10 10 10 10 10 10 10 10 10 10 10 10 10 10 10 10 10 10 10 10 10 10 10 10 10 10 10 10 10 10 10 10 10 10 10 10 10 10 10 10 10 10 10 10 10 10 10 10 10 10 10 10 10 10 10 10 10 10 10 10 10 10 10 10 10 10 10 10 10 10 10 10 10 10 10 10 10 10 10 10 10 10 10 10 10 10 10 10 10 10 10 10 10 10 10 10 10 10 10 10 10 10 10 10 10 10 10 10 10 10 10 10 10 10 10 10 10 10 10 10 10 10 10 10 10 10 10 10 10 10 10 10 10 10 10 10 10 10 10 10 10 10 10 10 10 10 10 10 10 10 10 10 10 10 10 10 10 10 10 10 10 10 10 10 10 10 10 10 10 10 10 10 10 10 10 10 10 10 10 10 10 10 10 10 10 10 10 10 10 10 10 10 10 10 10 10 10 10 10 10 10 10 10 10 10 10 10 10 10 10 10 10 10 10 10 10 10 10 10 10 10 10 10 10 10 10 10 10 10 10 10 10 10 10 10 10 10 10 10 10 10 10 10 10 10 10 10 10 10 10 10 10 10 10 10 10 10 10 10 10 10 10 10 10 10 10 10 10 10 10 10 10 10 10 10 10 10 10 10 10 10 10 10 10 10 10 10 10 10 10 10 10 10 10 10 10 10 10 10 10 10 10 10 10 10 10 10 10 10 10 10 10 10 10 10 10 10 10 10 10 10 10 10 10 10 10 10 10 10 10 10 10 10 10 10 10 10 10 10 10 10 10 10 10 10 10 10 10 10 10 10 10 10 10 10 10 10 10 10 10 10 10 10 10 10 10 10 10 10 10 10 10 10 10 10 10 10 10 10 10 10 10 10 10 10 10 10 10 10 10 10 10 10 10 10 10 10 10 10 10 10 10 10 10 10 10 10 10 10 10 10 10 10 10 10 10 10 10 10 10 10 10 10 10 10 10 10 10 10 10 10 10 10 10 10 10 10 10 10 10 10 10 10 10 10 10 10 10 10 10 10 10 10 10 10 10 10 10 10 10 10 10 10 10 10 10 10 10 10 10 10 10 10 10 10 10 10 10 10 10 10 10 10 10 10 10 10 10 10 10 10 10 10 10 10 10 10 10 10 10 10 10 10 10 10 10 10 10 10 10 10 10 10 10 10 10 10 10 10 10 10 10 10 10 10 10 10 10 10 10 10 10 10 10 10 10 10 10 10 10 10 10 10 10 10 10 10 10 10 10 10 10 10 10 10 10 10 10 10 10 10 10 10 10 10 10 10 10 10 10 10 10 10 10 10 10 10 10 10 10 10 10 10 10 10 10 10 10 10 10 10 10 10 10 10 10 10 10 10 10 10 10 10 10 10 10 10 10 10 10 10 10 10 10 10 10 10 10 10 10 10 10 10 10 10 10 10 10 10 10 10 10 10 10 10 10 10 10 10 10 10 10 10 10 10 10 10 10 10 10 10 10 10 10 10 10 10 10 10 10 10 10 10 10 10 10 10 10 10 10 10 10 10 10 10 10 10 10 10 10 10 10 10 10 10 10 10 10 10 10 10 10 10 10 10 10 10 10 10 10 10 10 10 10 10 10 10 10 10 10 10 10 10 10 10 10 10 10 10 10 10 10 10 10 10 10 10 10 10 10 10 10 10 10 10 10 10 10 10 10 10 10 10 10 10 10 10 10 10 10 10 10 10 10 10 10 10 10 10 10 10 10 10 10 10 10 10 10 10 10 10 10 10 10 10 10 10 10 10 10 10 10 10 10 10 10 10 10 10 10 10 10 10 10 10 10 10 10 10 10 10 10 10 10 10 10 10 10 10 10 10 10 10 10 10 10 10 10 10 10 10 10 10 10 10 10 10 10 10 10 10 10 10 10 10 10 10 10 10 10 10 10 10 10 10 10 10 10 10 10 10 10 10 10 10 10 10 10 10 10 10 10 10 10 10 10 10 10 10 10 10 10 10 10 10 10 10 10 10 10 10 10 10 10 10 10 10 10 10 10 10 10 10 10 10 10 10 10 10 10 10 10 10 10 10 10 10 10 10 10 10 10 10 10 10 10 10 10 10 10 10 10 10 10 10 10 10 10 10 10 10 10 10 10 10 10 10 10 10 10 10 10 10 10 10 10 10 10 10 10 10 10 10 10 10 10 10 10 10 10 10 10 10 10 10 10 10 10 10 10 10 10 10 10 10 10 10 10 10 10 10 10 10 10 10 10 10 10 10 10 10 10 10 10 10 10 10 10 10 10 10 10 10 10 10 10 10 10 10 10 10 10 10 10 10 10 10 10 10 10 10 10 10 10 10 10 10 10 10 10 10 10 10 10 10 10 10 10 10 10 10 10 10 10 10 10 10 10 10 10 10 10 10 10 10 10 10 10 10 10 10 10 10 10 10 10 10 10 10 10 10 10 10 10 10 10 10 10 10 10 10 10 10 10 10 10 10 10 10 10 10 10 10 10 10 10 10 10 10 10 10 10 10 10 10 10 10 10 10 10 10 10 10 10 10 10 10 10 10 10 10 10 10 10 10 10 10 10 10 10 10 10 10 10 10 10 10 10 10 10 10 10 10 10 10 10 10 10 10 10 10 10 10 10 10 10 10 10 10 10 10 10 10 10 10 10 10 10 10 10 10 10 10 10 10 10 10 10 10 10 10 10 10 10 10 10 10 10 10 10 10 10 10 10 10 10 10 10 10 10 10 10 10 10 10 10 10 10 10 10 10 10 10 10 10 10 10 10 10 10 10 10 10 10 10 10 10 10 10 10 10 10 10 10 10 10 10 10 10 10 10 10 10 10 10 10 10 10 10 10 10 10 10 10 10 10 10 10 10 10 10 10 10 10 10 10 10 10 10 10 10 10 10 10 10 10 10 10 10 10 10 10 10 10 10 10 10 10 10 10 10 10 10 10 10 10 10 10 10 10 10 10 10 10 10 10 10 10 10 10 10 10 10 10 10 10 10 10 10 10 10 10 10 10 10 10 10 10 10 10 10 10 10 10 10 10 10 10 10 10 10 10 10 10 10 10 10 10 10 10 10 10 10 10 10 10 10 10 10 10 10 10 10 10 10 10 10 10 10 10 10 10 10 10 10 10 10 10 10 10 10 10 10 10 10 10 10 10 10 10 10 10 10 10 10 10 10 10 10 10 10 10 10 10 10 10 10 10 10 10 10 10 10 10 10 10 10 10 10 10 10 10 10 10 10 10 10 10 10 10 10 10 10 10 10 10 10 10 10 10 10 10 10 10 10 10 10 10 10 10 10 10 10 10 10 10 10 10 10 10 10 10 10 10 10 10 10 10 10 10 10 10 10 10 10 10 10 10 10 10 10 10 10 10 10 10 10 10 10 10 10 10 10 10 10 10 10 10 10 10 10 10 10 10 10 10 10 10 10 10 10 10 10 10 10 10 10 10 10 10 10 10 10 10 10 10 10 10 10 10 10 10 10 10 10 10 10 10 10 10 10 10 10 10 10 10 10 10 10 10 10 10 10 10 10 10 10 10 10 10 10 10 10 10 10 10 10 10 10 10 10 10 10 10 10 10 10 10 10 10 10 10 10 10 10 10 10 10 10 10 10 10 10 10 10 10 10 10 10 10 10 10 10 10 10 10 10 10 10 10 10 10 10 10 10 10 10 10 10 10 10 10 10 10 10 10 10 10 10 10 10 10 10 10 10 10 10 10 10 10 10 10 10 10 10 10 10 10 10 10 10 10 10 10 10 10 10 10 10 10 10 10 10 10 10 10 10 10 10 10 10 10 10 10 10 10 10 10 10 10 10 10 10 10 10 10 10 10 10 10 10 10 10 10 10 10 10 10 10 10 10 10 10 10 10 10 10 10 10 10 10 10 10 10 10 10 10 10 10 10 10 10 10 10 10 10 10 10 10 10 10 10 10 10 10 10 10 10 10 10 10 10 10 10 10 10 10 10 10 10 10 10 10 10 10 10 10 10 10 10 10 10 10 10 10 10 10 10 10 10 10 10 10 10 10 10 10 10 10 10 10 10 10 10 10 10 10 10 10 10 10 10 10 10 10 10 10 10 10 10 10 10 10 10 10 10 10 10 10 10 10 10 10 10 10 10 10 10 10 10 10 10 10 10 10 10 10 10 10 10 10 10 10 10 10 10 10 10 10 10 10 10 10 10 10 10 10 10 10 10 10 10 10 10 10 10 10 10 10 10 10 10 10 10 10 10 10 10 10 10 10 10 10 10 10 10 10 10 10 10 10 10 10 10 10 10 10 10 10 10 10 10 10 10 10 10 10 10 10 10 10 10 10 10 10 10 10 10 10 10 10 10 10 10 10 10 10 10 10 10 10 10 10 10 10 10 10 10 10 10 10 10 10 10 10 10 10 10 10 10 10 10 10 10 10 10 10 10 10 10 10 10 10 10 10 10 10 10 10 10 10 10 10 10 10 10 10 10 10 10 10 10 10 10 10 10 10 10 10 10 10 10 10 10 10 10 10 10 10 10 10 10 10 10 10 10 10 10 10 10 10 10 10 10 10 10 10 10 10 10 10 10 10 10 10 10 10 10 10 10 10 10 10 10 10 10 10 10 10 10 10 10 10 10 10 10 10 10 10 10 10 10 10 10 10 10 10 10 10 10 10 10 10 10 10 10 10 10 10 10 10 10 10 10 10 10 10 10 10 10 10 10 10 10 10 10 10 10 10 10 10 10 10 10 10 10 10 10 10 10 10 10 10 10 10 10 10 10 10 10 10 10 10 10 10 10 10 10 10 10 10 10 10 10 10 10 10 10 10 10 10 10 10 10 10 10 10 10 10 10 10 10 10 10 10 10 10 10 10 10 10 10 10 10 10 10 10 10 10 10 10 10 10 10 10 10 10 10 10 10 10 10 10 10 10 10 10 10 10 10 10 10 10 10 10 10 10 10 10 10 10 10 10 10 10 10 10 10 10 10 10 10 10 10 10 10 10 10 10 10 10 10 10 10 10 10 10 10 10 10 10 10 10 10 10 10 10 10 10 10 10 10 10 10 10 10 10 10 10 10 10 10 10 10 10 10 10 10 10 10 10 10 10 10 10 10 10 10 10 10 10 10 10 10 10 10 10 10 10 10 10 10 10 10 10 10 10 10 10 10 10 10 10 10 10 10 10 10 10 10 10 10 10 10 10 10 10 10 10 10 10 10 10 10 10 10 10 10 10 10 10 10 10 10 10 10 10 10 10 10 10 10 10 10 10 10 10 10 10 10 10 10 10 10 10 10 10 10 10 10 10 10 10 10 10 10 10 10 10 10 10 10 10 10 10 10 10 10 10 10 10 10 10 10 10 10 10 10 10 10 10 10 10 10 10 10 10 10 10 10 10 10 10 10 10 10 10 10 10 10 10 10 10 10 10 10 10 10 10 10 10 10 10 10 10 10 10 10 10 10 10 10 10 10 10 10 10 10 10 10 10 10 10 10 10 10 10 10 10 10 10 10 10 10 10 10 10 10 10 10 10 10 10 10 10 10 10 10 10 10 10 10 10 10 10 10 10 10 10 10 10 10 10 10 10 10 10 10 10 10 10 10 10 10 10 10 10 10 10 10 10 10 10 10 10 10 10 10 10 10 10 10 10 10 10 10 10 10 10 10 10 10 10 10 10 10 10 10 10 10 10 10 10 10 10 10 10 10 10 10 10 10 10 10 10 10 10 10 10 10 10 10 10 10 10 10 10 10 10 10 10 10 10 10 10 10 10 10 10 10 10 10 10 10 10 10 10 10 10 10 10 10 10 10 10 10 10 10 10 10 10 10 10 10 10 10 10 10 10 10 10 10 10 10 10 10 10 10 10 10 10 10 10 10 10 10 10 10 10 10 10 10 10 10 10 10 10 10 10 10 10 10 10 10 10 10 10 10 10 10 10 10 10 10 10 10 10 10 10 10 10 10 10 10 10 10 10 10 10 10 10 10 10 10 10 10 10 10 10 10 10 10 10 10 10 10 10 10 10 10 10 10 10 10 10 10 10 10 10 10 10 10 10 10 10 10 10 10 10 10 10 10 10 10 10 10 10 10 10 10 10 10 10 10 10 10 10 10 10 10 10 10 10 10 10 10 10 10 10 10 10 10 10 10 10 10 10 10 10 10 10 10 10 10 10 10 10 10 10 10 10 10 10 10 10 10 10 10 10 10 10 10 10 10 10 10 10 10 10 10 10 10 10 10 10 10 10 10 10 10 10 10 10 10 10 10 10 10 10 10 10 10 10 10 10 10 10 10 10 10 10 10 10 10 10 10 10 10 10 10 10 10 10 10 10 10 10 10 10 10 10 10 10 10 10 10 10 10 10 10 10 10 10 10 10 10 10 10 10 10 10 10 10 10 10 10 10 10 10 10 10 10 10 10 10 10 10 10 10 10 10 10 10 10 10 10 10 10 10 10 10 10 10 10 10 10 10 10 10 10 10 10 10 10 10 10 10 10 10 10 10 10 10 10 10 10 10 10 10 10 10 10 10 10 10 10 10 10 10 10 10 10 10 10 10 10 10 10 10 10 10 10 10 10 10 10 10 10 10 10 10 10 10 10 10 10 10 10 10 10 10 10 10 10 10 10 10 10 10 10 10 10 10 10 10 10 10 10 10 10 10 10 10 10 10 10 10 10 10 10 10 10 10 10 10 10 10 10 10 10 10 10 10 10 10 10 10 10 10 10 10 10 10 10 10 10 10 10 10 10 10 10 10 10 10 10 10 10 10 10 10 10 10 10 10 10 10 10 10 10 10 10 10 10 10 10 10 10 10 10 10 10 10 10 10 10 10 10 10 10 10 10 10 10 10 10 10 10 10 10 10 10 10 10 10 10 10 10 10 10 10 10 10 10 10 10 10 10 10 10 10 10 10 10 10 10 10 10 10 10 10 10 10 10 10 10 10 10 10 10 10 10 10 10 10 10 10 10 10 10 10 10 10 10 10 10 10 10 10 10 10 10 10 10 10 10 10 10 10 10 10 10 10 10 10 10 10 10 10 10 10 10 10 10 10 10 10 10 10 10 10 10 10 10 10 10 10 10 10 10 10 10 10 10 10 10 10 10 10 10 10 10 10 10 10 10 10 10 10 10 10 10 10 10 10 10 10 10 10 10 10 10 10 10 10 10 10 10 10 10 10 10 10 10 10 10 10 10 10 10 10 10 10 10 10 10 10 10 10 10 10 10 10 10 10 10 10 10 10 10 10 10 10 10 10 10 10 10 10 10 10 10 10 10 10 10 10 10 10 10 10 10 10 10 10 10 10 10 10 10 10 10 10 10 10 10 10 10 10 10 10 10 10 10 10 10 10 10 10 10 10 10 10 10 10 10 10 10 10 10 10 10 10 10 10 10 10 10 10 10 10 10 10 10 10 10 10 10 10 10 10 10 10 10 10 10 10 10 10 10 10 10 10 10 10 10 10 10 10 10 10 10 10 10 10 10 10 10 10 10 10 10 10 10 10 10 10 10 10 10 10 10 10 10 10 10 10 10 10 10 10 10 10 10 10 10 10 10 10 10 10 10 10 10 10 10 10 10 10 10 10 10 10 10 10 10 10 10 10 10 10 10 10 10 10 10 10 10 10 10 10 10 10 10 10 10 10 10 10 10 10 10 10 10 10 10 10 10 10 10 10 10 10 10 10 10 10 10 10 10 10 10 10 10 10 10 10 10 10 10 10 10 10 10 10 10 10 10 10 10 10 10 10 10 10 10 10 10 10 10 10 10 10 10 10 10 10 10 10 10 10 10 10 10 10 10 10 10 10 10 10 10 10 10 10 10 10 10 10 10 10 10 10 10 10 10 10 10 10 10 10 10 10 10 10 10 10 10 10 10 10 10 10 10 10 10 10 10 10 10 10 10 10 10 10 10 10 10 10 10 10 10 10 10 10 10 10 10 10 10 10 10 10 10 10 10 10 10 10 10 10 10 10 10 10 10 10 10 10 10 10 10 10 10 10 10 10 10 10 10 10 10 10 10 10 10 10 10 10 10 10 10 10 10 10 10 10 10 10 10 10 10 10 10 10 10 10 10 10 10 10 10 10 10 10 10 10 10 10 10 10 10 10 10 10 10 10 10 10 10 10 10 10 10 10 10 10 10 10 10 10 10 10 10 10 10 10 10 10 10 10 10 10 10 10 10 10 10 10 10 10 10 10 10 10 10 10 10 10 10 10 10 10 10 10 10 10 10 10 10 10 10 10 10 10 10 10 10 10 10 10 10 10 10 10 10 10 10 10 10 10 10 10 10 10 10 10 10 10 10 10 10 10 10 10 10 10 10 10 10 10 10 10 10 10 10 10 10 10 10 10 10 10 10 10 10 10 10 10 10 10 10 10 10 10 10 10 10 10 10 10 10 10 10 10 10 10 10 10 10 10 10 10 10 10 10 10 10 10 10 10 10 10 10 10 10 10 10 10 10 10 10 10 10 10 10 10 10 10 10 10 10 10 10 10 10 10 10 10 10 10 10 10 10 10 10 10 10 10 10 10 10 10 10 10 10 10 10 10 10 10 10 10 10 10 10 10 10 10 10 10 10 10 10 10 10 10 10 10 10 10 10 10 10 10 10 10 10 10 10 10 10 10 10 10 10 10 10 10 10 10 10 10 10 10 10 10 10 10 10 10 10 10 10 10 10 10 10 10 10 10 10 10 10 10 10 10 10 10 10 10 10 10 10 10 10 10 10 10 10 10 10 10 10 10 10 10 10 10 10 10 10 10 10 10 10 10 10 10 10 10 10 10 10 10 10 10 10 10 10 10 10 10 10 10 10 10 10 10 10 10 10 10 10 10 10 10 10 10 10 10 10 10 10 10 10 10 10 10 10 10 10 10 10 10 10 10 10 10 10 10 10 10 10 10 10 10 10 10 10 10 10 10 10 10 10 10 10 10 10 10 10 10 10 10 10 10 10 10 10 10 10 10 10 10 10 10 10 10 10 10 10 10 10 10 10 10 10 10 10 10 10 10 10 10 10 10 10 10 10 10 10 10 10 10 10 10 10 10 10 10 10 10 10 10 10 10 10 10 10 10 10 10 10 10 10 10 10 10 10 10 10 10 10 10 10 10 10 10 10 10 10 10 10 10 10 10 10 10 10 10 10 10 10 10 10 10 10 10 10 10 10 10 10 10 10 10 10 10 10 10 10 10 10 10 10 10 10 10 10 10 10 10 10 10 10 10 10 10 10 10 10 10 10 10 10 10 10 10 10 10 10 10 10 10 10 10 10 10 10 10 10 10 10 10 10 10 10 10 10 10 10 10 10 10 10 10 10 10 10 10 10 10 10 10 10 10 10 10 10 10 10 10 10 10 10 10 10 10 10 10 10 10 10 10 10 10 10 10 10 10 10 10 10 10 10 10 10 10 10 10 10 10 10 10 10 10 10 10 10 10 10 10 10 10 10 10 10 10 10 10 10 10 10 10 10 10 10 10 10 10 10 10 10 10 10 10 10 10 10 10 10 10 10 10 10 10 10 10 10 10 10 10 10 10 10 10 10 10 10 10 10 10 10 10 10 10 10 10 10 10 10 10 10 10 10 10 10 10 10 10 10 10 10 10 10 10 10 10 10 10 10 10 10 10 10 10 10 10 10 10 10 10 10 10 10 10 10 10 10 10 10 10 10 10 10 10 10 10 10 10 10 10 10 10 10 10 10 10 10 10 10 10 10 10 10 10 10 10 10 10 10 10 10 10 10 10 10 10 10 10 10 10 10 10 10 10 10 10 10 10 10 10 10 10 10 10 10 10 10 10 10 10 10 10 10 10 10 10 10 10 10 10 10 10 10 10 10 10 10 10 10 10 10 10 10 10 10 10 10 10 10 10 10 10 10 10 10 10 10 10 10 10 10 10 10 10 10 10 10 10 10 10 10 10 10 10 10 10 10 10 10 10 10 10 10 10 10 10 10 10 10 10 10 10 10 10 10 10 10 10 10 10 10 10 10 10 10 10 10 10 10 10 10 10 10 10 10 10 10 10 10 10 10 10 10 10 10 10 10 10 10 10 10 10 10 10 10 10 10 10 10 10 10 10 10 10 10 10 10 10 10 10 10 10 10 10 10 10 10 10 10 10 10 10 10 10 10 10 10 10 10 10 10 10 10 10 10 10 10 10 10 10 10 10 10 10 10 10 10 10 10 10 10 10 10 10 10 10 10 10 10 10 10 10 10 10 10 10 10 10 10 10 10 10 10 10 10 10 10 10 10 10 10 10 10 10 10 10 10 10 10 10 10 10 10 10 10 10 10 10 10 10 10 10 10 10 10 10 10 10 10 10 10 10 10 10 10 10 10 10 10 10 10 10 10 10 10 10 10 10 10 10 10 10 10 10 10 10 10 10 10 10 10 10 10 10 10 10 10 10 10 10 10 10 10 10 10 10 10 10 10 10 10 10 10 10 10 10 10 10 10 10 10 10 10 10 10 10 10 10 10 10 10 10 10 10 10 10 10 10 10 10 10 10 10 10 10 10 10 10 10 10 10 10 10 10 10 10 10 10 10 10 10 10 10 10 10 10 10 10 10 10 10 10 10 10 10 10 10 10 10 10 10 10 10 10 10 10 10 10 10 10 10 10 10 10 10 10 10 10 10 10 10 10 10 10 10 10 10 10 10 10 10 10 10 10 10 10 10 10 10 10 10 10 10 10 10 10 10 10 10 10 10 10 10 10 10 10 10 10 10 10 10 10 10 10 10 10 10 10 10 10 10 10 10 10 10 10 10 10 10 10 10 10 10 10 10 10 10 10 10 10 10 10 10 10 10 10 10 10 10 10 10 10 10 10 10 10 10 10 10 10 10 10 10 10 10 10 10 10 10 10 10 10 10 10 10 10 10 10 10 10 10 10 10 10 10 10 10 10 10 10 10 10 10 10 10 10 10 10 10 10 10 10 10 10 10 10 10 10 10 10 10 10 10 10 10 10 10 10 10 10 10 10 10 10 10 10 10 10 10 10 10 10 10 10 10 10 10 10 10 10 10 10 10 10 10 10 10 10 10 10 10 10 10 10 10 10 10 10 10 10 10 10 10 10 10 10 10 10 10 10 10 10 10 10 10 10 10 10 10 10 10 10 10 10 10 10 10 10 10 10 10 10 10 10 10 10 10 10 10 10 10 10 10 10 10 10 10 10 10 10 10 10 10 10 10 10 10 10 10 10 10 10 10 10 10 10 10 10 10 10 10 10 10 10 10 10 10 10 10 10 10 10 10 10 10 10 10 10 10 10 10 10 10 10 10 10 10 10 10 10 10 10 10 10 10 10 10 10 10 10 10 10 10 10 10 10 10 10 10 10 10 10 10 10 10 10 10 10 10 10 10 10 10 10 10 10 10 10 10 10 10 10 10 10 10 10 10 10 10 10 10 10 10 10 10 10 10 10 10 10 10 10 10 10 10 10 10 10 10 10 10 10 10 10 10 10 10 10 10 10 10 10 10 10 10 10 10 10 10 10 10 10 10 10 10 10 10 10 10 10 10 10 10 10 10 10 10 10 10 10 10 10 10 10 10 10 10 10 10 10 10 10 10 10 10 10 10 10 10 10 10 10 10 10 10 10 10 10 10 10 10 10 10 10 10 10 10 10 10 10 10 10 10 10 10 10 10 10 10 10 10 10 10 10 10 10 10 10 10 10 10 10 10 10 10 10 10 10 10 10 10 10 10 10 10 10 10 10 10 10 10 10 10 10 10 10 10 10 10 10 10 10 10 10 10 10 10 10 10 10 10 10 10 10 10 10 10 10 10 10 10 10 10 10 10 10 10 10 10 10 10 10 10 10 10 10 10 10 10 10 10 10 10 10 10 10 10 10 10 10 10 10 10 10 10 10 10 10 10 10 10 10 10 10 10 10 10 10 10 10 10 10 10 10 10 10 10 10 10 10 10 10 10 10 10 10 10 10 10 10 10 10 10 10 10 10 10 10 10 10 10 10 10 10 10 10 10 10 10 10 10 10 10 10 10 10 10 10 10 10 10 10 10 10 10 10 10 10 10 10 10 10 10 10 10 10 10 10 10 10 10 10 10 10 10 10 10 10 10 10 10 10 10 10 10 10 10 10 10 10 10 10 10 10 10 10 10 10 10 10 10 10 10 10 10 10 10 10 10 10 10 10 10 10 10 10 10 10 10 10 10 10 10 10 10 10 10 10 10 10 10 10 10 10 10 10 10 10 10 10 10 10 10 10 10 10 10 10 10 10 10 10 10 10 10 10 10 10 10 10 10 10 10 10 10 10 10 10 10 10 10 10 10 10 10 10 10 10 10 10 10 10 10 10 10 10 10 10 10 10 10 10 10 10 10 10 10 10 10 10 10 10 10 10 10 10 10 10 10 10 10 10 10 10 10 10 10 10 10 10 10 10 10 10 10 10 10 10 10 10 10 10 10 10 10 10 10 10 10 10 10 10 10 10 10 10 10 10 10 10 10 10 10 10 10 10 10 10 10 10 10 10 10 10 10 10 10 10 10 10 10 10 10 10 10 10 10 10 10 10 10 10 10 10 10 10 10 10 10 10 10 10 10 10 10 10 10 10 10 10 10 10 10 10 10 10 10 10 10 10 10 10 10 10 10 10 10 10 10 10 10 10 10 10 10 10 10 10 10 10 10 10 10 10 10 10 10 10 10 10 10 10 10 10 10 10 10 10 10 10 10 10 10 10 10 10 10 10 10 10 10 10 10 10 10 10 10 10 10 10 10 10 10 10 10 10 10 10 10 10 10 10 10 10 10 10 10 10 10 10 10 10 10 10 10 10 10 10 10 10 10 10 10 10 10 10 10 10 10 10 10 10 10 10 10 10 10 10 10 10 10 10 10 10 10 10 10 10 10 10 10 10 10 10 10 10 10 10 10 10 10 10 10 10 10 10 10 10 10 10 10 10 10 10 10 10 10 
        </DataArray>
      </Cells>
      <PointData Scalars="value">
        <DataArray type="Float64" Name="value" format="ascii">
          399.996948 404.197939 403.615693 401.522764 404.815071 404.978778 398.390465 402.185463 404.118752 404.301757 399.996948 399.996948 399.996948 399.996948 399.996948 406.919168 405.217133 399.996948 404.974232 405.218488 394.002032 404.460538 405.442544 399.996948 404.781407 402.707939 399.996948 402.727043 407.394745 399.996948 401.910802 399.996948 399.996948 403.559055 403.976008 402.371807 399.996948 399.996948 399.996948 399.996948 404.742503 385.139139 404.961615 399.996948 399.996948 399.996948 404.154995 403.522162 405.481897 399.996948 403.609959 399.996948 405.004953 399.996948 399.996948 403.539298 402.484651 399.996948 398.741250 403.037905 405.219233 399.996948 399.996948 403.870381 402.858128 399.996948 399.996948 405.417205 399.996948 399.996948 399.996948 399.996948 399.996948 399.996948 399.996948 399.996948 403.600808 401.804593 405.594142 402.716619 399.996948 399.996948 399.996948 399.996948 404.853343 399.996948 399.996948 399.996948 404.853728 399.996948 399.996948 399.996948 399.996948 405.429565 404.861418 404.577732 401.618726 399.996948 404.593422 405.761463 399.996948 399.996948 404.750954 399.996948 399.996948 395.514490 399.996948 399.996948 403.264131 402.085388 399.996948 402.268005 405.405818 403.873714 401.564646 399.996948 403.070355 405.108015 402.688871 399.996948 405.140356 402.859416 399.996948 404.576139 404.754472 399.996948 402.456262 394.999362 405.071785 399.996948 399.996948 404.408819 399.996948 404.512476 404.793266 407.431660 404.630950 399.996948 401.710622 403.584965 399.996948 405.348382 404.120056 399.996948 403.133236 405.092698 403.404666 404.791499 399.996948 391.964897 399.344577 404.962735 399.996948 399.996948 402.085388 399.996948 401.580135 403.051223 399.996948 399.996948 402.242225 399.996948 403.056745 399.996948 401.493733 399.996948 405.300292 404.787966 401.581500 404.541323 399.996948 402.875930 404.186474 404.523674 399.996948 399.996948 404.772940 399.996948 399.996948 404.743557 402.868604 399.996948 403.899693 399.996948 402.078862 399.996948 399.996948 402.534789 399.996948 403.869212 399.996948 405.253442 404.794547 405.264901 403.512601 404.618721 401.893041 403.255096 402.954586 402.155883 405.235148 399.996948 399.996948 399.996948 402.908419 403.055708 402.825803 399.996948 403.463394 404.635116 403.604296 399.996948 402.574497 399.996948 405.088583 399.996948 399.996948 402.581983 399.996948 399.996948 395.701911 403.252905 405.245605 405.004026 404.840031 399.996948 404.277645 401.742839 399.996948 406.210333 401.922336 399.996948 392.124273 405.699648 402.903814 405.990254 405.176265 399.996948 401.240766 399.996948 401.965863 399.996948 401.857875 399.996948 404.673997 399.996948 399.996948 402.790798 399.996948 405.664083 399.996948 399.996948 399.996948 399.700735 399.996948 401.652228 399.996948 402.031648 404.393646 402.891355 399.996948 399.996948 404.696577 399.996948 349.998474 404.655812 402.894769 404.844992 401.568032 402.793248 401.637024 399.996948 404.273290 404.279675 401.942039 399.996948 404.061634 399.996948 402.543882 404.766184 404.978274 403.090624 399.996948 379.192795 405.180669 381.643475 402.610293 403.096160 399.996948 403.356162 406.018351 402.422002 399.996948 399.996948 399.996948 399.996948 399.996948 404.329374 406.080373 402.399864 401.808268 404.541674 404.740391 401.603238 402.403276 404.831595 399.996948 403.262508 404.074243 402.884590 399.996948 404.467494 399.996948 402.991358 399.996948 406.234518 404.009948 403.975114 399.996948 399.996948 405.697870 403.153375 401.298967 405.140176 405.492363 399.996948 401.012927 399.996948 403.328336 399.996948 399.996948 405.508856 404.290272 399.996948 399.996948 399.996948 404.628262 399.996948 399.996948 405.474579 399.996948 402.758053 402.144552 399.996948 401.346845 399.996948 399.996948 403.230484 399.996948 402.511032 402.196185 399.996948 404.942255 404.245265 399.996948 401.639639 399.996948 399.996948 396.671925 404.061551 402.073494 405.461696 399.996948 399.996948 404.592914 399.996948 399.996948 399.996948 402.657431 399.996948 403.523811 402.412894 404.720301 402.562169 404.587543 405.283795 399.996948 399.996948 399.996948 399.996948 405.291930 402.387250 399.996948 399.996948 404.735173 402.785679 399.996948 400.490598 405.400708 396.786612 399.996948 399.996948 399.996948 399.996948 403.173879 402.921020 399.996948 399.996948 402.800796 399.996948 402.873315 400.865668 405.653593 399.996948 404.719522 399.996948 404.162866 401.722524 405.024187 399.996948 399.996948 403.810031 404.689720 400.847242 399.996948 399.996948 399.996948 403.722310 399.996948 399.996948 399.996948 399.996948 399.996948 404.947470 399.996948 399.996948 401.602843 403.275956 402.764473 399.996948 399.996948 399.996948 403.912993 399.996948 402.520251 405.311171 399.996948 404.641665 404.314726 399.996948 399.996948 403.592260 403.380842 403.514556 405.533987 399.996948 402.568496 402.402323 399.996948 399.996948 405.125277 401.835305 400.856588 404.460580 401.688297 399.996948 403.417774 399.996948 399.996948 399.996948 403.845325 401.797928 404.249618 403.459828 399.996948 399.996948 407.518972 406.226802 402.865006 399.996948 403.361485 403.530478 399.996948 399.996948 399.996948 399.996948 399.996948 399.996948 399.996948 399.996948 402.714685 403.643264 399.996948 399.996948 401.310383 399.996948 399.996948 402.646911 399.996948 399.996948 399.996948 399.996948 404.150695 404.251815 399.996948 404.833449 404.106209 403.203233 403.510714 399.996948 399.996948 399.996948 402.718459 402.089885 404.210634 401.394742 402.767065 399.996948 399.996948 399.996948 403.155064 399.996948 399.996948 399.996948 387.065842 399.996948 399.471901 405.701914 404.274032 402.856052 399.996948 399.996948 399.996948 399.996948 404.016774 399.996948 399.996948 404.386432 399.996948 404.813601 399.996948 404.044379 403.710707 403.706296 403.501461 404.705153 401.230904 404.990356 399.996948 404.769805 402.067130 401.563709 404.452169 401.437021 399.996948 399.996948 399.996948 403.833262 399.996948 404.830285 402.439888 399.996948 401.637977 366.664632 402.235589 404.804735 404.654852 401.674772 403.954901 399.996948 405.047963 403.630393 404.922740 402.525041 399.996948 402.327244 399.996948 404.413562 399.996948 401.963301 399.996948 401.654291 404.392575 399.996948 404.303114 402.932540 399.996948 403.995975 401.334895 401.370441 399.996948 399.996948 403.487557 399.996948 403.111386 403.631602 401.614306 399.996948 401.632713 404.780701 404.520647 399.996948 402.372280 405.337784 402.100480 399.996948 399.996948 399.996948 404.608090 404.534612 399.996948 399.996948 401.924031 399.996948 401.826180 403.947410 399.996948 401.396593 405.381229 401.475865 405.476936 403.353277 403.166824 399.996948 399.996948 399.996948 406.070010 405.660827 399.996948 399.996948 399.996948 401.884991 405.061953 404.646182 403.076301 405.469283 397.454177 404.309339 399.996948 403.651553 402.896717 404.457563 400.773472 399.996948 401.560930 399.996948 402.985815 402.599834 403.931863 399.996948 405.166444 399.996948 401.416658 402.322743 401.768397 403.070135 402.681781 402.087473 399.996948 399.996948 399.996948 404.863063 401.445486 399.996948 405.556716 403.712023 399.996948 399.996948 399.996948 399.996948 401.388595 403.854713 403.379276 399.996948 399.996948 404.980185 400.094238 407.069810 399.996948 403.782936 403.630571 399.996948 402.950616 399.996948 404.702019 399.996948 399.996948 403.029714 400.464750 405.204680 402.936793 404.035964 402.132342 399.996948 405.498923 399.996948 399.996948 404.256230 405.164818 403.982343 403.991771 402.165958 401.652364 403.618063 399.996948 404.386445 399.996948 399.996948 403.839583 399.996948 399.996948 399.996948 402.794500 403.990828 399.996948 399.996948 404.955995 401.929873 399.996948 399.996948 401.526929 399.996948 402.928492 399.996948 401.679061 399.996948 399.996948 404.971392 405.365649 404.125578 399.996948 399.996948 399.996948 398.947449 399.996948 402.793551 399.996948 404.515626 401.197185 402.828012 404.269778 399.996948 399.996948 399.996948 399.996948 399.996948 399.996948 405.688511 399.996948 402.037748 399.996948 402.818108 405.260102 404.948422 402.558457 403.245773 405.119387 399.996948 399.996948 403.619005 404.502435 404.195066 399.996948 401.894958 399.996948 399.996948 402.219120 399.996948 349.998474 403.969988 399.996948 404.285940 404.419817 404.658197 403.056358 399.996948 399.996948 404.672970 403.453150 399.996948 402.791688 399.996948 403.986260 404.906447 399.996948 399.996948 401.991503 402.172817 399.996948 405.126210 401.394923 405.057411 404.421503 403.810673 404.184929 403.450393 399.996948 402.025931 399.996948 399.996948 399.996948 405.078855 402.884128 403.653385 399.996948 399.996948 399.996948 401.166337 399.996948 406.154957 401.728583 404.209663 406.003245 399.996948 399.996948 399.996948 401.723443 399.996948 399.996948 403.611418 392.758162 401.558987 399.996948 404.453072 403.552781 399.996948 404.629884 402.767192 404.017339 401.652936 404.649874 399.996948 399.996948 399.996948 403.574548 399.996948 399.996948 402.039470 404.896925 402.819809 403.603232 402.655514 399.996948 403.227458 400.608900 399.996948 399.996948 399.996948 404.366393 399.996948 399.996948 399.996948 404.918916 399.996948 404.274189 402.356790 405.158528 399.996948 404.110729 403.036576 402.772529 405.528146 399.996948 399.996948 403.318009 399.996948 406.288676 400.767035 405.876183 399.996948 405.529661 402.987742 401.472494 399.996948 399.996948 403.710927 399.996948 405.328276 399.996948 402.920049 402.746079 404.814240 399.996948 399.996948 403.939985 399.996948 399.996948 401.549757 403.235579 399.996948 399.996948 405.481178 403.460640 399.996948 404.711833 401.657510 403.545037 404.587305 399.996948 399.996948 399.996948 402.893726 405.051839 403.560360 399.996948 399.996948 399.996948 403.117348 404.333470 401.504804 399.996948 403.026556 398.880352 405.453740 399.996948 399.996948 404.242682 399.996948 404.171788 399.996948 402.260945 399.996948 399.996948 399.996948 402.926726 397.014105 403.621587 404.938486 404.819258 404.620898 404.171897 403.943550 401.692058 405.407039 399.996948 399.996948 405.112878 406.708128 399.996948 402.019846 399.996948 404.780499 399.996948 399.996948 399.996948 399.996948 399.996948 402.700420 402.722591 399.996948 404.201619 403.117702 399.996948 399.996948 402.745387 402.058672 405.099229 402.016546 399.996948 403.076177 399.996948 404.552314 401.647634 404.299898 403.305944 402.814744 404.844213 399.996948 399.996948 404.296829 405.739690 404.198661 405.188321 399.996948 403.823661 399.996948 399.996948 404.964251 399.996948 399.996948 399.996948 399.996948 399.996948 404.572784 400.282369 403.479747 399.996948 404.501279 399.598472 402.769078 401.460914 399.996948 399.996948 399.996948 404.459222 399.996948 405.601532 404.099480 399.996948 401.363409 403.580887 403.150969 404.600732 399.996948 399.996948 399.996948 404.757833 349.998474 403.696975 399.996948 399.996948 401.605751 403.198339 399.996948 405.168216 399.996948 399.996948 405.915679 404.844713 403.493449 403.719793 399.996948 399.996948 399.996948 401.734244 403.623972 404.188426 399.996948 402.973607 402.092586 399.996948 399.996948 401.546117 405.466196 404.869455 387.760605 404.888783 401.686120 399.996948 405.053278 403.615363 399.996948 404.978942 399.996948 399.996948 399.996948 399.996948 403.344973 399.996948 403.091808 399.996948 403.441303 406.482292 403.061462 405.173267 399.996948 399.996948 405.367947 403.260488 399.996948 399.996948 399.996948 399.996948 403.230067 405.452732 399.996948 399.996948 399.996948 404.725679 402.185715 396.334319 403.893971 404.092663 399.996948 402.863224 403.036398 399.996948 402.362810 399.996948 401.611841 401.754653 403.737749 399.996948 404.439108 399.996948 402.721851 402.474521 399.996948 399.996948 399.996948 399.996948 404.100231 399.996948 399.996948 399.996948 404.612100 399.996948 403.257393 399.996948 404.383728 404.015281 399.996948 401.618757 399.996948 399.996948 399.996948 401.640380 401.890473 399.996948 401.996361 399.996948 403.445995 399.996948 401.450452 399.996948 399.996948 407.160907 399.996948 404.459516 404.418132 401.496082 399.996948 402.172992 405.442073 404.528548 404.457127 399.996948 402.444668 399.996948 399.996948 403.620383 401.979410 401.856570 399.996948 404.526071 401.357146 399.996948 402.706353 402.770059 401.872862 405.064373 402.995329 402.444000 399.996948 402.826706 404.372664 403.492709 399.996948 399.996948 403.055530 404.920327 401.301979 403.465175 400.444801 402.830751 399.996948 403.595229 399.996948 399.996948 405.422344 399.996948 403.040546 403.122439 403.832489 397.772190 399.996948 401.329580 399.996948 399.996948 399.996948 404.831805 399.996948 399.996948 399.996948 403.696834 402.558040 407.002669 399.996948 399.996948 404.930499 399.996948 399.996948 399.996948 399.996948 399.996948 403.316215 404.199331 403.354470 399.680677 399.996948 401.636379 405.193350 401.734209 404.942880 402.595958 399.996948 403.857137 399.996948 399.996948 403.045393 404.351704 404.849428 404.804218 405.279555 399.996948 403.996949 405.063948 404.730706 399.881908 403.132814 399.996948 399.996948 399.996948 405.315806 399.996948 405.428379 400.626308 399.996948 403.506859 404.949247 403.891321 402.694018 399.996948 399.996948 397.709289 402.108112 404.004701 399.996948 399.996948 399.996948 399.996948 405.171237 405.327642 405.187230 404.819886 404.452857 399.996948 404.119497 399.996948 403.754753 405.534907 404.570471 402.970573 388.463735 403.684274 401.842223 403.791230 399.996948 402.634720 399.996948 402.435070 405.097526 405.314898 401.847987 402.848296 403.634930 399.996948 403.102648 404.715964 402.926471 399.996948 399.996948 404.551448 405.487626 403.257090 399.996948 403.631366 404.904549 399.996948 399.996948 399.996948 399.996948 399.996948 405.076319 405.264889 403.300612 399.996948 399.996948 399.996948 399.996948 403.805518 399.996948 399.996948 404.943199 402.948385 403.893746 399.996948 405.218195 404.111436 406.570075 399.996948 399.996948 399.996948 399.996948 405.170835 401.916020 339.998779 402.759010 403.178354 403.490699 404.817006 403.339552 401.075933 394.957188 402.561131 399.996948 399.996948 405.634514 399.996948 405.887571 399.996948 400.096200 399.996948 402.374585 382.562403 405.238519 399.996948 401.747583 403.935820 402.681720 399.996948 405.089215 403.357429 399.996948 399.996948 404.491736 399.996948 399.996948 405.623820 404.880828 407.313827 399.996948 405.258278 399.996948 399.996948 405.078840 405.107144 401.316884 401.548053 399.996948 399.996948 405.199811 399.996948 399.996948 403.396260 404.407530 404.102122 404.945328 401.465271 404.331854 399.996948 399.996948 404.479276 403.131610 399.996948 405.842017 405.314752 405.614079 399.996948 403.368410 404.033957 399.996948 399.996948 399.996948 404.087897 399.996948 403.884105 399.996948 403.635373 399.996948 404.728573 399.996948 399.996948 399.996948 405.478866 406.775660 402.708081 403.811587 399.996948 399.996948 404.580925 403.881347 401.761197 399.996948 399.996948 399.996948 404.965757 404.696729 402.928475 404.154664 405.008581 402.046657 402.873358 399.996948 399.996948 401.994002 402.538224 402.036523 404.401046 399.996948 401.543733 399.996948 402.381800 399.996948 399.996948 405.511526 402.156033 399.996948 399.996948 399.996948 404.645015 405.252128 405.128825 399.996948 403.603075 399.996948 399.996948 403.472515 402.687788 399.996948 400.989958 404.702784 404.170250 399.996948 401.744979 403.172290 404.453241 404.040711 405.123130 402.686034 399.996948 404.598189 399.996948 404.588337 403.504802 403.550026 405.744553 405.975758 399.996948 399.996948 404.827816 403.397958 402.354511 404.945189 399.996948 400.894951 399.996948 403.956666 399.996948 399.996948 403.261252 401.766694 402.802863 399.996948 403.813050 405.193987 407.203755 402.628389 399.996948 399.996948 404.567004 403.260400 399.479206 404.998542 399.996948 403.070212 402.817589 399.916603 399.996948 399.996948 399.996948 399.996948 399.996948 401.555801 402.794583 405.056878 399.996948 403.057577 404.589494 403.458955 398.492613 399.996948 403.978361 405.082024 405.582807 402.998837 398.620426 399.996948 399.996948 407.365088 403.004022 399.996948 404.695224 399.996948 399.996948 401.306569 399.996948 405.360714 402.198755 399.996948 399.996948 402.829314 403.837480 399.996948 399.996948 402.651053 404.782362 399.996948 403.049575 404.865921 399.996948 377.659189 399.996948 405.012247 399.996948 404.976307 399.996948 399.996948 401.078462 399.996948 376.724263 399.996948 404.013594 399.996948 404.481983 400.981536 403.958922 401.173244 403.758025 404.988698 405.477048 399.996948 405.122799 403.016960 404.726127 402.788624 399.996948 399.996948 403.253544 405.298180 402.135164 405.166485 399.996948 399.996948 406.279663 399.996948 399.996948 399.996948 405.636157 399.996948 405.131381 404.134819 399.996948 401.591719 405.853189 403.509619 399.996948 399.996948 403.545312 399.996948 403.058318 403.294566 402.975183 399.996948 399.996948 401.048136 399.996948 404.705292 399.996948 404.487563 399.909551 405.105519 404.528362 393.430769 399.996948 404.019887 381.256066 399.996948 399.996948 392.759489 402.127338 403.767502 403.993667 404.840026 399.996948 403.152870 404.514861 404.342535 404.900794 404.842686 399.996948 402.795739 384.207604 399.996948 404.600010 399.996948 399.996948 401.242236 399.996948 405.944544 399.996948 399.996948 399.996948 399.996948 399.996948 402.346422 399.996948 399.996948 402.156055 399.996948 399.996948 402.069134 399.996948 399.996948 395.647040 404.580040 402.382564 399.996948 399.996948 399.996948 399.996948 402.604615 403.625486 407.215222 399.996948 406.143887 399.996948 405.055802 404.597579 404.011734 405.080727 403.893702 399.996948 402.266864 404.180874 402.696794 404.528095 399.996948 399.996948 404.154471 399.996948 401.623841 401.329449 399.996948 402.209762 405.561346 399.996948 405.170985 402.526375 399.996948 399.996948 403.668777 405.249631 399.996948 399.996948 403.583487 399.996948 399.996948 404.957216 399.996948 399.996948 399.996948 399.996948 399.996948 399.996948 405.696776 399.996948 399.996948 402.922903 399.996948 403.523346 399.996948 399.996948 401.726662 399.996948 399.996948 405.289502 399.996948 399.996948 402.693093 399.996948 402.722848 399.996948 405.213552 404.871053 405.474611 402.090688 404.393050 400.816156 403.322529 399.996948 399.996948 401.091747 404.765866 404.432297 399.996948 404.766931 399.996948 401.604864 399.996948 399.996948 401.393427 403.529852 402.211189 404.742512 402.512791 399.996948 399.996948 405.264002 404.753085 399.996948 404.873055 399.996948 404.958287 405.282320 399.996948 404.410935 399.996948 399.996948 399.996948 399.996948 403.391616 399.996948 404.987997 405.417966 399.996948 406.331829 402.687235 405.010682 403.820925 399.996948 402.490867 404.641746 400.997998 399.996948 399.996948 404.920244 405.467123 399.996948 404.950571 403.576539 399.996948 399.996948 399.996948 399.996948 405.492381 399.996948 399.996948 404.062794 399.996948 405.246026 403.396400 399.996948 402.475886 399.996948 399.574739 403.995338 399.996948 399.996948 399.996948 399.996948 405.370853 405.251501 399.996948 399.996948 399.996948 405.458468 402.177227 401.623619 399.996948 404.312246 404.629540 401.902800 402.939028 404.918851 403.553406 401.557449 403.388361 404.507227 403.108126 399.996948 404.655922 404.209195 399.996948 407.315613 399.996948 399.996948 405.093773 399.996948 399.996948 392.634031 405.986738 399.996948 403.723195 391.891368 399.996948 399.996948 399.996948 402.208041 399.996948 399.996948 404.252767 399.996948 399.996948 401.630881 405.232339 399.996948 401.627941 399.996948 402.692124 397.624084 399.996948 400.683551 402.958080 405.728358 399.996948 399.996948 404.620870 403.480324 403.826318 405.531001 405.500040 399.996948 405.164332 404.885814 399.996948 399.996948 399.996948 404.752800 399.996948 405.478256 399.996948 399.996948 401.686126 399.996948 399.996948 402.974905 403.924060 401.683286 403.967449 399.996948 399.996948 391.026565 399.996948 405.273206 401.781998 399.996948 399.996948 405.234481 405.271117 402.947823 399.996948 405.359141 402.803082 401.791619 399.996948 394.679928 386.075331 402.965702 399.996948 403.528822 404.788221 399.996948 401.684170 404.218963 399.996948 339.998779 399.996948 399.996948 402.793046 405.018017 399.996948 401.617558 404.621798 399.996948 403.582847 401.659257 399.542723 405.226057 403.315276 399.996948 399.996948 399.996948 403.862439 402.908165 399.996948 399.996948 404.030858 402.950856 399.996948 405.559770 403.286036 399.996948 402.834292 405.088732 405.178483 405.765032 404.418607 402.054416 399.996948 404.727619 402.060359 399.996948 399.996948 399.996948 404.558042 403.345006 404.399952 399.996948 403.348426 404.974943 404.463619 399.996948 399.996948 402.720533 403.634126 399.996948 399.996948 401.621094 399.996948 402.886359 399.996948 405.127412 399.996948 399.996948 397.706134 404.996859 405.224542 399.996948 403.767889 400.072358 404.021674 399.996948 402.391710 403.433513 402.842954 404.875618 404.662657 399.996948 405.153829 399.996948 404.268594 403.773514 402.654601 399.996948 399.996948 403.774040 404.384883 401.663649 399.996948 399.996948 403.940991 399.996948 403.032717 403.986593 405.134486 403.189764 399.996948 399.996948 405.358529 393.719874 406.906673 404.185538 399.996948 404.553161 404.058930 399.996948 403.018624 404.920585 406.420121 401.387639 405.024849 404.426492 399.996948 399.996948 399.996948 404.476100 404.331207 404.226552 404.370590 404.848038 399.996948 399.996948 403.909330 399.996948 404.640653 404.564599 399.996948 399.996948 405.092819 402.195472 405.284421 403.918260 405.035344 403.478183 402.874174 403.022157 402.525561 399.996948 399.996948 399.996948 403.343196 401.675017 405.395720 403.199776 403.211125 403.834921 403.497970 403.225817 399.996948 406.151434 399.996948 399.996948 402.602522 399.996948 402.527106 405.020759 399.996948 402.913051 402.639172 401.028422 399.996948 404.935427 402.936481 399.996948 399.996948 399.996948 384.038983 402.929799 402.775597 399.996948 404.679606 404.192770 404.990256 404.837865 401.978177 402.743435 399.996948 403.885157 404.258901 403.275964 399.996948 404.563940 404.997493 403.042146 403.337683 404.470044 406.214742 399.996948 404.887475 400.548136 399.996948 399.996948 406.128319 399.996948 399.996948 403.609678 403.414765 404.250224 406.497684 405.412261 399.996948 399.996948 399.996948 399.996948 401.642477 405.326917 399.996948 404.277048 399.996948 399.996948 404.439935 403.314420 399.996948 399.996948 401.567019 404.155915 399.996948 399.996948 399.996948 399.996948 404.301938 399.996948 397.823844 403.288915 405.187553 404.822345 403.341968 401.749551 399.996948 399.996948 403.936317 399.996948 399.996948 399.996948 399.996948 404.876180 405.204008 405.443133 401.961867 399.996948 399.996948 399.996948 399.996948 405.779104 399.996948 399.996948 403.100085 402.886374 399.996948 402.226045 399.996948 404.418212 399.996948 404.626514 404.882555 402.260244 401.897862 402.741271 404.382366 399.996948 403.545166 403.282005 402.013353 403.946509 401.459785 403.809198 401.548805 399.996948 399.996948 405.294299 404.689793 399.996948 399.996948 399.996948 406.868569 403.196900 399.996948 401.451368 399.996948 398.599212 349.998474 403.306292 401.641068 405.622033 399.996948 405.366085 404.687678 403.244598 402.517221 399.996948 399.996948 405.238130 404.327830 401.723587 405.151754 403.128044 399.996948 401.650243 399.996948 399.996948 399.996948 403.649116 403.713488 405.303350 403.474609 399.996948 399.996948 404.923471 396.055052 401.720664 405.053150 399.996948 405.009125 403.959272 399.996948 404.857903 404.534939 399.996948 339.998779 401.269433 399.996948 402.482798 404.036265 399.996948 405.027826 399.996948 404.350825 402.225561 400.813778 399.996948 403.882286 401.422354 405.069067 399.996948 399.996948 403.289836 404.042576 401.451252 399.996948 399.996948 403.588911 399.996948 402.481877 399.996948 404.879882 403.713257 402.897441 404.099138 403.512989 404.818784 399.996948 405.000468 404.866734 404.914068 399.996948 399.996948 404.693593 404.055184 404.739324 399.996948 401.744627 403.284492 399.996948 404.979398 399.996948 403.438101 403.052766 399.996948 399.996948 404.403386 405.304637 399.996948 399.996948 399.996948 402.124038 401.643951 401.528839 399.996948 401.772546 403.984401 404.803153 399.996948 405.588098 404.725029 403.481435 399.996948 404.844677 395.513146 399.996948 399.996948 399.996948 405.313862 404.856782 401.685880 402.433228 399.996948 399.996948 399.996948 399.996948 399.996948 405.357410 399.996948 402.757946 403.777883 404.649826 405.004591 402.552494 399.996948 399.996948 399.996948 404.630683 399.996948 404.420105 403.900377 404.072453 403.092299 399.996948 402.864516 406.395526 401.713034 401.490293 399.996948 404.952314 402.624945 403.904415 399.996948 399.996948 399.996948 403.942581 399.996948 402.976084 399.996948 404.877171 402.030134 399.996948 403.043662 399.996948 404.622639 399.715526 401.447479 401.268627 402.922691 399.996948 399.996948 399.996948 399.996948 404.081997 399.996948 399.996948 399.996948 403.659993 399.996948 402.056264 404.349510 399.996948 405.021569 405.178965 403.642225 399.996948 402.463851 402.479363 399.996948 399.996948 401.806424 399.996948 402.311492 399.996948 403.513242 399.996948 401.467047 403.812464 401.565015 401.685914 399.996948 399.996948 399.996948 399.996948 399.996948 403.359021 399.996948 405.484953 403.128924 403.365904 402.101416 405.358816 399.996948 404.030285 403.066102 399.996948 400.699585 404.944713 403.410247 403.174254 399.996948 399.996948 405.535875 405.289876 399.996948 400.506161 400.419778 399.996948 399.996948 398.670240 403.973063 399.996948 400.820925 403.880063 399.996948 405.631158 402.373200 399.996948 404.439448 399.996948 405.058253 399.996948 400.456041 399.996948 399.996948 399.996948 402.875823 399.996948 399.996948 404.704042 402.925538 398.700327 399.996948 399.996948 403.614311 399.996948 402.677344 401.076350 399.996948 405.137831 405.119910 399.996948 399.996948 399.996948 399.996948 403.694445 399.996948 399.996948 399.996948 403.415931 400.824257 406.218203 399.996948 399.996948 399.996948 404.382344 404.677487 401.577972 399.996948 402.921866 403.406571 403.485003 399.996948 399.996948 399.996948 402.279012 402.575180 402.819774 405.192040 399.996948 404.123549 403.501974 399.996948 404.370102 399.996948 399.996948 399.996948 402.960225 399.996948 399.996948 402.017633 399.996948 403.979481 399.996948 349.998474 404.375506 403.536639 405.142807 405.270255 403.585973 399.996948 399.996948 404.740333 402.873996 404.850142 399.996948 402.813190 401.588406 404.857278 402.533015 379.740688 405.694879 405.729698 399.996948 403.037095 404.563501 399.996948 399.996948 405.631422 404.554613 399.996948 399.996948 399.996948 404.270932 399.996948 405.131356 404.224248 402.482018 399.996948 403.571098 402.690924 404.528959 399.996948 404.345032 399.996948 399.996948 399.996948 406.196223 399.996948 403.146399 399.996948 399.996948 405.082645 402.013177 399.996948 404.932428 404.020552 399.996948 399.996948 401.782665 399.996948 403.925248 404.608466 400.315742 402.550268 401.030795 404.395990 402.640779 404.039784 403.255715 399.996948 400.723187 399.996948 399.996948 403.945733 405.610974 399.996948 399.996948 399.996948 399.996948 399.996948 400.671909 399.996948 404.410045 399.996948 403.301155 405.210692 399.996948 399.996948 399.996948 404.874444 399.996948 399.996948 403.699680 399.996948 399.996948 404.213974 403.183044 402.746913 402.836832 399.996948 399.996948 399.996948 403.934919 403.523145 402.545720 403.286329 399.996948 399.996948 399.996948 402.408986 399.996948 399.996948 399.996948 403.386048 399.996948 399.996948 402.386313 405.214544 403.567363 399.996948 399.996948 404.941050 399.996948 403.932783 399.996948 366.664632 399.996948 405.151558 404.636423 399.996948 404.811410 399.996948 399.996948 402.559368 405.196551 399.996948 395.721856 405.188185 404.130448 402.666853 405.236399 399.996948 381.545206 399.996948 403.425307 399.996948 404.637981 399.996948 399.996948 405.829738 399.996948 399.996948 399.996948 399.996948 404.733586 399.996948 405.772958 403.265241 402.993646 402.492950 403.113245 404.718265 399.996948 405.172706 399.996948 399.996948 403.412459 404.452247 402.231288 401.633630 403.321840 402.931296 399.996948 404.734063 399.996948 404.280193 402.802536 399.996948 399.996948 403.737411 402.789404 402.022752 403.645776 399.996948 402.182578 404.936782 403.531430 399.996948 402.392288 400.405744 399.996948 404.767930 399.996948 399.996948 404.761348 403.045398 399.996948 399.996948 404.956944 402.625245 405.509379 403.413491 405.059280 404.037994 401.590488 399.996948 404.831253 399.996948 399.996948 399.996948 404.614452 398.196260 399.996948 403.571363 399.996948 399.996948 399.996948 403.475900 399.996948 399.996948 401.206485 399.996948 399.996948 399.996948 399.996948 401.771505 399.996948 399.996948 399.996948 403.764644 402.001441 399.996948 405.162536 399.996948 402.900734 406.629159 404.150979 399.996948 403.054560 399.996948 399.996948 399.996948 402.764677 403.581721 399.996948 402.935336 399.996948 399.996948 399.996948 402.881420 399.996948 403.210581 396.186212 403.600044 403.360180 399.996948 399.996948 402.242938 403.641910 399.996948 405.132976 399.996948 400.629698 402.896730 401.439619 405.178964 399.996948 399.996948 399.996948 399.996948 399.996948 404.146315 402.996454 399.007469 400.593710 401.285173 404.690138 401.501822 402.685872 403.540265 406.053560 399.996948 405.176364 399.996948 399.996948 403.432674 401.047401 407.310611 401.660250 399.996948 399.996948 402.060286 402.764567 399.996948 403.562661 399.996948 399.996948 388.825292 401.913445 402.909057 403.472308 399.996948 402.991428 399.996948 399.996948 404.071599 399.996948 404.674731 401.518741 402.094389 402.553366 404.104863 402.822315 390.812654 402.810857 402.548709 399.996948 404.329533 399.996948 402.174857 401.727133 403.851145 403.110467 399.996948 405.360147 404.942778 399.996948 399.996948 399.996948 402.532885 403.620729 403.199162 405.082564 399.996948 399.996948 399.996948 403.574121 402.996776 399.996948 399.996948 399.996948 402.786081 403.920946 404.316784 399.996948 399.996948 399.996948 399.996948 399.996948 399.996948 399.996948 399.996948 399.996948 400.916673 404.811089 401.380356 399.996948 399.996948 401.389885 399.996948 399.996948 403.106819 405.259027 399.996948 401.298316 399.996948 404.797331 399.996948 399.996948 403.450897 402.860143 405.802332 399.996948 404.475993 405.180128 399.996948 404.182512 404.582969 404.085198 403.244413 399.996948 399.996948 399.996948 399.996948 399.996948 399.996948 403.593568 405.602547 401.573723 404.093862 403.206298 399.996948 405.002535 402.888044 404.695466 399.996948 399.996948 399.996948 404.725475 403.046838 399.996948 402.865781 403.742130 399.996948 399.996948 405.010839 406.429962 405.861072 404.980730 403.616037 402.844880 405.320200 402.057856 399.996948 404.739438 402.041828 395.280157 403.427408 404.750416 404.748943 405.199747 402.852297 401.858925 401.888845 399.996948 401.760796 399.996948 405.592795 404.592542 399.996948 402.596720 405.541969 405.173218 402.815821 397.687558 402.110188 404.830297 399.996948 399.996948 404.544053 401.766775 403.387790 399.996948 401.960483 399.996948 404.411855 401.365859 405.047867 399.996948 399.996948 404.091019 405.013142 399.996948 403.620603 401.579661 405.498766 402.987400 399.996948 399.996948 399.996948 399.996948 399.996948 399.996948 399.996948 403.138011 349.998474 399.996948 404.578875 399.996948 403.509085 399.996948 405.110213 405.713284 399.996948 399.996948 404.532286 404.832142 399.996948 405.061173 399.996948 405.303882 399.996948 401.610601 405.213438 399.996948 399.996948 399.996948 403.821215 399.996948 404.418271 399.996948 402.146563 399.996948 399.996948 405.368040 399.996948 401.991972 402.282216 399.996948 399.996948 403.572102 404.874512 401.762333 399.996948 406.976108 403.794186 399.996948 402.115508 399.996948 403.307246 403.398418 402.343072 399.996948 399.996948 402.586911 380.014188 399.996948 405.679470 400.046727 405.086182 401.756109 402.678871 399.996948 404.888199 403.067909 404.613723 399.996948 404.664035 403.122514 402.504388 399.996948 402.057426 399.996948 401.724665 399.996948 402.285414 399.996948 401.062355 399.996948 399.996948 401.704903 401.540518 401.498003 402.623881 405.416764 404.819274 399.996948 405.124066 399.996948 405.793201 404.268247 399.996948 401.528792 403.923835 399.996948 399.996948 401.675808 405.237299 402.457030 403.731977 403.364747 399.996948 399.996948 405.443964 404.203223 405.506992 399.996948 400.813546 404.829513 399.996948 399.996948 401.942414 399.996948 399.996948 399.996948 399.996948 404.438263 404.679907 399.996948 399.996948 402.664224 402.718075 399.996948 400.743021 399.996948 405.077753 
        </DataArray>
      </PointData>
    </Piece>
  </UnstructuredGrid>
</VTKFile>
