<?xml version="1.0"?>
<VTKFile type="UnstructuredGrid" version="0.1" byte_order="LittleEndian">
  <UnstructuredGrid>
    <Piece NumberOfPoints="2570" NumberOfCells="9101">
      <Points>
        <DataArray type="Float64" NumberOfComponents="3" format="ascii">
          1.948854 0.500000 -0.406006
          2.701266 0.401117 -0.296457
          3.175005 0.388316 0.0
          1.959491 0.500000 0.422495
          2.549406 0.335853 0.0
          1.274501 0.125325 -0.381547
          2.700587 0.162594 -0.500000
          2.425000 0.101036 -0.106343
          0.625000 0.398964 -0.089514
          1.900000 0.0 -0.500000
          1.413241 0.500000 -0.053132
          2.000000 0.321121 0.126950
          1.274992 0.225754 -0.068184
          0.125067 0.226085 -0.113076
          1.643323 0.500000 -0.051959
          0.775000 0.196892 0.0
          1.500000 0.450000 0.0
          2.374167 0.500000 -0.122275
          0.575000 0.500000 -0.216506
          0.0 0.350000 0.0
          0.133600 0.132305 -0.246427
          2.550000 0.500000 0.0
          3.455185 0.120664 0.0
          2.600000 0.500000 0.0
          2.474058 0.370978 0.0
          2.445707 0.0 -0.053453
          0.350000 0.413397 0.0
          1.050000 0.0 0.0
          0.800000 0.0 -0.500000
          2.000000 0.101968 0.173397
          1.536603 0.036603 0.500000
          1.824673 0.130015 0.500000
          3.427539 0.405952 -0.074713
          1.623957 0.042806 0.500000
          2.093224 0.114946 -0.235655
          2.000000 0.349605 0.260452
          1.428108 0.171187 -0.072814
          2.800000 0.500000 -0.500000
          1.486796 0.075000 -0.066096
          1.700000 0.500000 -0.500000
          1.500000 0.460123 0.174676
          1.399910 0.355269 -0.071820
          3.399678 0.415231 0.0
          0.949944 0.076943 0.0
          1.500000 0.083449 0.362022
          1.953937 0.500000 0.305612
          1.955030 0.228595 0.500000
          0.047014 0.231815 0.0
          3.500000 0.500000 -0.500000
          2.045330 0.174231 0.0
          3.200000 0.259808 0.0
          1.550901 0.500000 0.287551
          1.629910 0.500000 0.354269
          2.088380 0.099152 -0.401349
          3.373631 0.215716 0.0
          2.937500 0.0 -0.399447
          0.325000 0.0 -0.216506
          0.275000 0.370096 0.0
          2.948370 0.391978 -0.393617
          0.221506 0.112484 -0.408184
          1.953226 0.375000 -0.059094
          1.594305 0.085442 0.500000
          1.500000 0.455573 0.325460
          2.174999 0.303108 0.0
          0.250000 0.413397 -0.500000
          2.277884 0.500000 -0.136953
          2.724922 0.299334 -0.326817
          3.368985 0.369324 -0.364729
          1.500000 0.500000 0.150000
          1.800006 0.259798 0.500000
          1.922139 0.200089 0.115371
          0.300000 0.076795 0.0
          0.825000 0.500000 -0.051755
          0.689445 0.256423 -0.252249
          1.825760 0.398959 -0.192131
          1.896025 0.291648 -0.377612
          0.0 0.0 -0.314482
          3.125000 0.245374 -0.245212
          2.274961 0.245349 -0.249728
          1.500000 0.125946 0.110855
          0.296877 0.148777 -0.349666
          2.975000 0.387790 0.0
          3.208334 0.385231 -0.242586
          1.590320 0.200000 0.297928
          2.725000 0.274241 -0.084302
          2.299991 0.173196 0.0
          1.222104 0.500000 -0.269232
          3.000000 0.500000 -0.500000
          0.700000 0.0 0.0
          2.500000 0.500000 0.0
          2.176855 0.500000 -0.054624
          3.453950 0.418791 0.0
          1.200000 0.0 0.0
          1.456699 0.125000 0.0
          2.249992 0.288666 -0.099851
          2.000000 0.200000 0.500000
          1.864426 0.500000 0.442191
          2.600000 0.336603 0.0
          1.324990 0.370102 0.0
          1.500000 0.299788 0.077682
          0.550000 0.240192 -0.500000
          2.798913 0.376251 -0.255374
          1.350000 0.0 0.0
          2.000000 0.077953 0.453073
          0.050000 0.0 0.0
          2.675000 0.187639 -0.092181
          0.275000 0.196891 0.0
          1.222489 0.0 -0.272195
          2.625000 0.370096 0.0
          1.775000 0.389711 0.500000
          2.225000 0.389711 0.0
          2.000000 0.044815 0.120664
          0.032628 0.275000 0.0
          2.100000 0.500000 0.0
          1.500000 0.200000 0.240192
          0.150062 0.240197 0.0
          1.570126 0.428821 0.340990
          0.800000 0.384530 -0.063101
          0.225000 0.370096 0.0
          3.500000 0.266359 -0.286650
          2.000000 0.043574 0.276167
          2.000000 0.450000 0.500000
          1.238610 0.377284 -0.235432
          0.100000 0.0 -0.500000
          1.500000 0.458187 0.073886
          3.466304 0.375053 0.0
          0.319167 0.500000 -0.062065
          3.463397 0.463397 0.0
          1.920835 0.129686 -0.211181
          2.875000 0.129904 0.0
          1.692896 0.0 -0.138935
          0.400000 0.500000 -0.500000
          3.500000 0.100000 -0.500000
          0.150000 0.076795 0.0
          1.150368 0.072661 0.0
          0.624720 0.168111 -0.083745
          1.500000 0.0 0.400000
          2.299998 0.202067 -0.128201
          1.800001 0.317531 0.419637
          3.175228 0.0 -0.128651
          1.200429 0.125518 -0.061569
          3.000000 0.317543 -0.163387
          2.485131 0.098454 -0.198109
          0.400000 0.413397 0.0
          1.074957 0.500000 -0.215698
          0.477116 0.0 -0.304574
          0.300000 0.153590 0.0
          2.000000 0.225000 0.456699
          1.850081 0.084584 -0.500000
          0.600000 0.326795 0.0
          3.500000 0.150345 -0.419336
          0.350000 0.240192 0.0
          0.750000 0.153591 0.0
          2.398182 0.369050 -0.056736
          2.147767 0.347008 0.0
          1.946752 0.252644 0.447308
          0.0 0.0 -0.500000
          3.300000 0.259808 0.0
          2.000000 0.0 -0.500000
          1.963397 0.463397 0.500000
          2.975000 0.216506 0.0
          0.775000 0.225759 -0.058089
          1.174335 0.500000 -0.210593
          2.125000 0.389711 0.0
          0.721237 0.500000 -0.303748
          2.800000 0.500000 0.0
          1.174350 0.0 -0.211210
          1.259905 0.124643 -0.255382
          0.838592 0.0 -0.401501
          0.157165 0.193917 -0.500000
          1.500000 0.424788 0.042339
          1.500000 0.127011 0.039796
          2.950000 0.173205 0.0
          1.942190 0.500000 0.028479
          1.500000 0.083571 0.290362
          3.000000 0.173205 0.0
          3.325000 0.158768 -0.062623
          2.391795 0.393574 -0.246646
          0.119664 0.387478 -0.250131
          2.000000 0.274560 0.130039
          3.275000 0.303109 0.0
          2.675185 0.0 -0.124786
          1.630458 0.0 0.039483
          1.387292 0.263510 -0.257575
          3.400000 0.500000 0.0
          1.500000 0.500000 0.200000
          1.700000 0.0 -0.500000
          3.279071 0.0 -0.136122
          1.896465 0.395993 0.283115
          0.199994 0.413396 0.0
          0.750000 0.413397 0.0
          0.917276 0.403294 -0.246920
          3.050000 0.086603 0.0
          1.500000 0.323898 0.116510
          2.000000 0.250000 0.0
          1.250000 0.086603 -0.500000
          2.027014 0.250430 -0.246543
          3.342545 0.500000 -0.232601
          2.750000 0.500000 -0.427714
          2.000000 0.083597 0.209622
          0.425000 0.341229 -0.156715
          1.887710 0.425148 0.500000
          0.822946 0.500000 -0.304282
          1.348328 0.0 -0.400241
          1.727483 0.0 0.455766
          3.423202 0.376909 0.0
          2.000000 0.407142 0.348245
          0.825000 0.456699 0.0
          0.525000 0.283494 0.0
          0.974987 0.111234 0.0
          3.350000 0.259808 0.0
          0.500000 0.105179 -0.402988
          2.650000 0.259808 0.0
          0.675000 0.341229 -0.156649
          3.426795 0.073205 -0.500000
          2.500000 0.0 0.0
          0.200000 0.297927 -0.062283
          0.750000 0.240192 0.0
          2.775000 0.129904 0.0
          1.780918 0.500000 0.036322
          3.200000 0.230940 -0.092238
          1.751485 0.500000 -0.045752
          3.075000 0.129904 0.0
          1.625618 0.372473 -0.230782
          0.148022 0.500000 -0.217215
          2.550032 0.413514 -0.500000
          3.500000 0.380086 -0.050738
          2.000000 0.275000 0.456699
          1.299995 0.327005 -0.500000
          1.625000 0.273904 0.441021
          1.000000 0.500000 0.0
          3.500000 0.0 0.0
          2.900000 0.500000 -0.500000
          1.200000 0.153590 0.0
          1.543301 0.325000 0.500000
          1.180833 0.0 -0.062065
          1.800000 0.500000 -0.500000
          0.725000 0.398964 -0.089514
          1.100000 0.326795 -0.500000
          0.450000 0.076795 0.0
          1.200025 0.211339 -0.081742
          2.700000 0.0 0.0
          0.077030 0.0 -0.360862
          2.000000 0.224990 0.303104
          3.342438 0.095329 -0.500000
          3.398377 0.338754 0.0
          1.873183 0.130751 0.500000
          0.850000 0.153621 0.0
          3.050000 0.500000 0.0
          1.000000 0.500000 -0.500000
          3.044960 0.500000 -0.405830
          0.125119 0.398862 -0.113151
          2.523870 0.345368 -0.148509
          0.0 0.264404 -0.138455
          0.300000 0.182457 -0.080829
          1.649482 0.172166 0.500000
          0.475000 0.196891 0.0
          0.200000 0.0 -0.500000
          1.566751 0.072024 0.171810
          3.500000 0.229706 -0.218139
          0.974928 0.500000 -0.216484
          2.350000 0.413397 -0.500000
          3.025000 0.158771 -0.156590
          1.500000 0.101931 0.326581
          2.000000 0.123851 0.043881
          2.075103 0.218641 0.0
          1.300000 0.0 -0.500000
          1.500000 0.200000 0.0
          2.948583 0.395301 -0.090792
          2.425199 0.500000 -0.215057
          3.125000 0.158771 -0.066589
          2.500280 0.413559 0.0
          1.100034 0.153617 0.0
          1.450000 0.500000 0.0
          0.275000 0.456699 0.0
          2.095604 0.385416 -0.237933
          1.413306 0.0 -0.053303
          2.825000 0.301462 0.0
          0.039946 0.076742 0.0
          3.303049 0.335436 -0.500000
          1.871359 0.0 0.241734
          0.098679 0.326402 0.0
          3.347784 0.0 -0.403972
          1.820848 0.500000 0.370546
          1.880767 0.0 -0.123212
          2.288071 0.500000 -0.310507
          0.177392 0.500000 -0.053400
          2.785491 0.500000 -0.129345
          3.000000 0.163415 -0.500000
          2.199999 0.346409 0.0
          0.800000 0.355662 -0.126202
          3.133154 0.500000 -0.223938
          2.975000 0.0 -0.303109
          1.750010 0.230889 0.392475
          1.539946 0.423258 0.500000
          1.611761 0.0 0.446145
          1.600000 0.500000 0.500000
          0.0 0.339118 -0.323069
          1.125000 0.283494 0.0
          2.329609 0.0 -0.222269
          0.325000 0.283494 0.0
          2.322678 0.142788 -0.350857
          1.675831 0.128858 0.500000
          1.453861 0.418652 0.0
          2.650000 0.413397 0.0
          1.626191 0.500000 0.439277
          0.675000 0.456699 0.0
          0.428612 0.339630 -0.339403
          2.550000 0.173197 0.0
          0.800000 0.240192 0.0
          1.500000 0.080973 0.100000
          1.224998 0.427832 -0.061627
          1.500000 0.225000 0.283494
          0.441964 0.500000 -0.052408
          1.602473 0.175000 -0.134259
          3.374347 0.351780 -0.058528
          3.225000 0.216506 0.0
          2.902979 0.160657 -0.500000
          0.300000 0.0 0.0
          3.395366 0.282560 -0.095899
          3.175000 0.072169 -0.066589
          0.204331 0.0 -0.096332
          3.100000 0.163397 -0.500000
          1.651373 0.152017 0.027703
          0.991071 0.0 -0.050518
          1.544290 0.174362 0.500000
          3.049880 0.396771 -0.106390
          1.800020 0.327014 -0.500000
          2.000000 0.175000 0.389711
          2.000000 0.463397 0.036603
          1.799940 0.173178 0.500000
          1.775081 0.129855 0.500000
          3.269082 0.500000 -0.089229
          3.200000 0.0 0.0
          0.500000 0.0 0.0
          1.613755 0.116546 -0.239966
          0.700000 0.500000 -0.500000
          3.196208 0.161852 -0.500000
          2.000000 0.373580 0.221261
          3.500000 0.074524 -0.175658
          1.570994 0.175990 0.428404
          0.900000 0.0 0.0
          2.450069 0.413510 -0.500000
          3.500000 0.082115 -0.269286
          0.538939 0.500000 -0.296919
          2.400000 0.086603 0.0
          1.896473 0.449446 0.446232
          1.553199 0.500000 0.187857
          3.020536 0.500000 -0.062374
          1.597344 0.105223 0.098122
          2.900000 0.0 0.0
          2.500000 0.258160 0.0
          1.500000 0.149994 0.153593
          2.001142 0.161259 -0.500000
          1.200000 0.326795 0.0
          0.677679 0.500000 -0.059282
          3.240647 0.318288 -0.339317
          1.888499 0.0 0.339987
          1.950000 0.500000 0.500000
          0.376298 0.500000 -0.045289
          3.500000 0.165683 -0.125183
          1.487094 0.500000 -0.125456
          0.375000 0.456699 0.0
          1.175000 0.283494 0.0
          1.225000 0.283494 0.0
          1.643665 0.0 -0.224458
          2.718015 0.500000 -0.343876
          1.500000 0.324924 0.456742
          3.325000 0.216506 0.0
          0.250000 0.240192 0.0
          1.897719 0.117179 0.400632
          2.950000 0.259808 0.0
          1.919301 0.175107 0.331922
          1.500000 0.324520 0.197168
          1.349946 0.413428 0.0
          1.628109 0.0 0.371891
          1.500000 0.275000 0.042376
          3.075321 0.457732 0.0
          1.924171 0.199946 0.230950
          1.467372 0.275000 0.0
          1.049571 0.125505 -0.120134
          0.650000 0.326795 0.0
          0.344664 0.379911 -0.252984
          2.349707 0.259552 0.0
          0.0 0.358651 -0.125114
          2.000000 0.174995 0.303107
          2.275000 0.456699 0.0
          1.937478 0.442344 0.149708
          0.622573 0.500000 -0.302304
          0.080776 0.199710 0.0
          0.081378 0.245166 -0.500000
          3.375000 0.456699 0.0
          2.175000 0.158774 -0.157797
          2.837453 0.0 -0.398564
          2.000000 0.200000 0.423205
          1.500000 0.426251 0.279754
          2.910821 0.111426 -0.399573
          2.199997 0.259805 0.0
          2.850000 0.259808 0.0
          0.700000 0.413397 0.0
          2.100000 0.0 0.0
          0.649794 0.153981 0.0
          3.500000 0.050000 0.0
          1.527721 0.0 0.478054
          0.325000 0.312361 -0.069710
          1.291819 0.0 -0.307651
          1.607167 0.239705 -0.235648
          2.125108 0.101134 -0.094685
          2.376441 0.459165 0.0
          2.046135 0.081338 0.0
          1.620471 0.249977 0.102854
          1.324897 0.041834 0.0
          2.000000 0.093446 0.256210
          2.100430 0.086289 0.0
          0.343856 0.259034 -0.377886
          0.0 0.417677 -0.267927
          0.038485 0.500000 -0.040370
          2.000000 0.127011 0.460204
          1.500000 0.250000 0.500000
          0.426319 0.0 -0.218727
          2.175000 0.389711 0.0
          0.645634 0.0 -0.402703
          1.400000 0.0 -0.500000
          0.175000 0.312361 -0.173683
          1.868837 0.500000 0.281000
          0.800000 0.0 0.0
          1.500000 0.077953 0.046927
          1.500000 0.298685 0.154349
          1.948761 0.174192 0.500000
          1.441457 0.500000 -0.218020
          2.079335 0.0 -0.132572
          0.243695 0.500000 -0.054749
          1.800000 0.0 -0.500000
          0.700000 0.500000 0.0
          2.000000 0.250000 0.346410
          1.150206 0.153754 0.0
          1.950000 0.0 0.500000
          0.325000 0.110289 0.0
          1.602979 0.160657 -0.500000
          2.750000 0.413397 -0.500000
          0.850000 0.0 0.0
          2.799593 0.246450 -0.396000
          2.000000 0.043301 0.325000
          1.500000 0.200000 0.076795
          3.072512 0.0 -0.138443
          1.951332 0.242777 -0.500000
          1.898128 0.390082 0.105435
          0.725000 0.196891 0.0
          1.042830 0.0 -0.323951
          1.275000 0.111214 0.0
          1.750018 0.241142 -0.500000
          2.000000 0.126364 0.215714
          1.559000 0.199999 0.355664
          0.425000 0.043301 0.0
          1.750000 0.500000 0.500000
          0.0 0.0 -0.407241
          2.425000 0.043301 0.0
          1.901967 0.325000 -0.093407
          0.150000 0.0 0.0
          1.733009 0.146181 -0.358704
          1.955652 0.0 0.373001
          0.044427 0.325460 0.0
          1.300000 0.0 0.0
          1.125000 0.500000 -0.043301
          3.500000 0.227083 -0.061343
          1.374989 0.370102 0.0
          2.039574 0.423357 0.0
          2.525000 0.216506 0.0
          0.073205 0.426795 -0.500000
          1.650315 0.242091 -0.500000
          2.550000 0.086603 0.0
          1.550000 0.0 0.500000
          1.634092 0.150949 0.366259
          0.950000 0.240192 0.0
          0.775000 0.084212 -0.075443
          0.275000 0.283494 0.0
          0.327480 0.500000 -0.215279
          1.024762 0.112076 0.0
          0.286792 0.0 -0.325220
          2.500000 0.086603 0.0
          1.796255 0.500000 -0.314556
          2.925174 0.500000 -0.217208
          0.579216 0.0 -0.305917
          0.500000 0.500000 -0.500000
          1.500000 0.454715 0.420409
          0.125858 0.197392 0.0
          1.873631 0.215715 0.500000
          2.587165 0.354505 -0.352491
          3.374554 0.302188 0.0
          1.650496 0.081242 -0.500000
          2.850000 0.086603 0.0
          1.075000 0.196891 0.0
          2.190557 0.405506 -0.272302
          3.273550 0.500000 -0.039897
          1.996790 0.500000 -0.312183
          1.580070 0.174974 0.168057
          0.675088 0.0 -0.129510
          3.297157 0.391774 -0.294370
          2.124995 0.245435 -0.107966
          2.775000 0.216506 0.0
          2.000000 0.385450 0.077576
          1.675000 0.456699 0.500000
          3.000000 0.057735 -0.055971
          0.925000 0.043301 0.0
          1.713639 0.0 0.187934
          1.735196 0.0 -0.063958
          1.248045 0.500000 -0.408645
          0.449989 0.182588 -0.163415
          0.400000 0.240192 0.0
          0.775000 0.0 -0.303109
          2.080988 0.399917 0.0
          2.400309 0.327102 -0.500000
          2.675000 0.456699 0.0
          1.463397 0.036603 0.0
          1.036445 0.0 -0.133340
          3.500000 0.0 -0.221723
          1.650000 0.0 0.500000
          1.650067 0.413506 -0.500000
          0.700000 0.326795 0.0
          1.500000 0.374591 0.456935
          1.125000 0.034894 0.0
          2.800000 0.259808 0.0
          2.525051 0.456820 0.0
          2.325000 0.456699 0.0
          1.932653 0.089240 -0.061856
          1.799976 0.346393 0.500000
          1.050000 0.326795 0.0
          1.850000 0.423205 0.500000
          3.100001 0.317430 -0.085277
          1.625511 0.389250 0.500000
          2.000000 0.299900 0.259772
          1.163073 0.101725 -0.226805
          1.848164 0.500000 -0.407077
          0.600000 0.413397 0.0
          2.000000 0.455844 0.276168
          1.952762 0.0 -0.051394
          2.051590 0.241468 -0.500000
          3.500000 0.068436 -0.433746
          3.300000 0.0 0.0
          3.421928 0.0 -0.267644
          3.431564 0.500000 -0.433746
          3.348765 0.342154 0.0
          1.593276 0.300214 0.297804
          0.798244 0.259372 -0.371799
          0.618525 0.100112 -0.357261
          0.550000 0.076870 0.0
          1.932126 0.398430 -0.174676
          2.000000 0.370132 0.125424
          2.000000 0.080973 0.400000
          3.500000 0.200000 -0.500000
          3.500000 0.175000 -0.043301
          0.700000 0.153590 0.0
          1.790381 0.0 0.451942
          1.150000 0.413398 0.0
          3.375000 0.129904 0.0
          1.305829 0.500000 -0.137522
          3.406131 0.341951 -0.500000
          2.575000 0.245374 -0.249427
          2.250000 0.500000 0.0
          1.401017 0.267553 -0.103600
          1.500000 0.400000 0.0
          1.934040 0.175000 0.430622
          2.494946 0.185418 -0.246607
          0.925000 0.283494 0.0
          2.656058 0.295067 -0.408181
          2.400000 0.0 0.0
          1.000000 0.326795 0.0
          0.574937 0.196994 0.0
          1.500000 0.350375 0.326578
          3.245663 0.082248 -0.500000
          2.150315 0.242091 -0.500000
          2.319167 0.500000 -0.062065
          0.200000 0.124722 -0.080355
          1.456699 0.175000 0.0
          1.601641 0.375931 0.092077
          2.200000 0.0 -0.500000
          0.300000 0.355662 -0.126215
          0.0 0.263862 -0.287019
          1.500000 0.250000 0.240192
          0.350000 0.086603 -0.500000
          1.725000 0.043301 0.500000
          3.274038 0.235159 -0.395628
          0.825000 0.110289 0.0
          1.621786 0.358702 0.380570
          1.221061 0.500000 -0.137516
          2.126003 0.0 -0.216084
          2.825182 0.0 -0.217829
          0.325000 0.254626 -0.245556
          0.674966 0.196956 0.0
          0.382909 0.0 -0.315506
          0.0 0.250000 0.0
          1.700000 0.423205 0.500000
          0.673956 0.085387 -0.089151
          0.850000 0.413397 0.0
          1.748347 0.500000 -0.406880
          0.550000 0.500000 0.0
          2.900000 0.057735 -0.055907
          3.332433 0.500000 -0.041912
          1.450000 0.0 0.0
          1.939675 0.061747 0.349923
          0.325000 0.043301 0.0
          1.100033 0.182495 -0.074229
          0.0 0.200000 -0.500000
          1.950000 0.413397 -0.500000
          3.406680 0.256284 0.0
          2.306876 0.0 -0.055092
          0.133501 0.0 -0.046487
          0.0 0.500000 -0.314482
          0.225000 0.110289 0.0
          1.941051 0.063207 0.252937
          2.000000 0.297082 0.172107
          0.111552 0.075693 0.0
          2.744367 0.198557 -0.283851
          2.424936 0.187249 -0.174969
          0.215650 0.284610 -0.409048
          2.000000 0.112290 0.425148
          2.573887 0.116980 -0.259936
          0.080809 0.153039 -0.500000
          0.975000 0.456699 0.0
          2.274998 0.331970 -0.056017
          1.588242 0.325000 -0.116718
          1.572024 0.324196 0.144027
          1.851551 0.0 -0.404713
          0.875000 0.283494 0.0
          3.400899 0.218258 -0.176846
          1.571243 0.324967 0.427876
          1.500000 0.0 0.100000
          0.0 0.450000 0.0
          1.500000 0.350000 0.0
          0.800000 0.182461 -0.126188
          1.300000 0.500000 -0.500000
          0.400000 0.0 0.0
          1.500000 0.300000 0.240192
          0.290260 0.0 -0.126831
          2.925000 0.158771 -0.073652
          3.299999 0.086598 0.0
          0.925000 0.341229 -0.156815
          2.000000 0.500000 0.250000
          1.200000 0.500000 0.0
          2.000000 0.200024 0.346395
          1.500000 0.100000 0.500000
          2.923765 0.383541 0.0
          3.500000 0.300000 -0.500000
          2.500000 0.173159 0.0
          0.272231 0.081190 -0.093095
          3.025000 0.274241 -0.081671
          1.904840 0.0 -0.310948
          2.794095 0.500000 -0.360223
          1.791285 0.0 0.114368
          2.609056 0.500000 -0.221185
          0.200000 0.326795 0.0
          1.695233 0.0 -0.313610
          0.450000 0.240192 0.0
          1.750196 0.144354 0.443500
          1.372989 0.039796 0.0
          1.849772 0.173073 0.500000
          2.600017 0.163373 -0.500000
          1.916401 0.209622 0.500000
          2.000000 0.388510 0.424323
          2.300000 0.0 -0.500000
          3.500000 0.0 -0.129481
          1.592848 0.348230 0.500000
          1.500000 0.325000 0.041654
          1.250000 0.297928 -0.061396
          3.500000 0.356029 -0.121110
          2.750000 0.086603 0.0
          0.673765 0.112636 0.0
          3.196033 0.500000 -0.322111
          2.949295 0.422756 0.0
          1.500000 0.225000 0.043301
          3.125000 0.216506 0.0
          0.578111 0.204884 -0.371809
          2.324565 0.361094 -0.081831
          1.716458 0.177516 0.312316
          1.896833 0.249997 0.288654
          0.400000 0.076795 0.0
          1.560118 0.300028 0.355671
          2.149975 0.086608 0.0
          1.500000 0.300000 0.0
          2.027685 0.152724 -0.141064
          1.781979 0.0 0.288328
          1.674985 0.186637 0.425330
          1.775000 0.456699 0.500000
          2.000000 0.092715 0.348375
          1.325000 0.456699 0.0
          2.525000 0.043301 0.0
          1.500000 0.175001 0.370101
          0.0 0.0 -0.129481
          1.150000 0.0 0.0
          1.125000 0.370096 0.0
          3.300000 0.288675 -0.187176
          0.799681 0.127275 -0.247644
          1.325225 0.283251 0.0
          2.000223 0.327257 -0.500000
          0.0 0.061806 -0.081273
          0.917125 0.0 -0.217403
          3.150085 0.396861 -0.084091
          1.601771 0.250007 0.384526
          2.549400 0.500000 -0.443405
          1.492623 0.119789 -0.249396
          2.236849 0.127016 -0.261530
          1.973779 0.0 0.473779
          2.524118 0.298743 0.0
          0.0 0.464144 -0.037403
          2.448765 0.257127 0.0
          0.100679 0.500000 -0.057671
          3.500000 0.256604 -0.394616
          1.592355 0.500000 -0.136231
          2.000000 0.150000 0.423205
          0.575000 0.283494 0.0
          3.250000 0.259808 0.0
          0.924984 0.168093 -0.157721
          0.303515 0.162550 -0.500000
          1.600302 0.327084 -0.500000
          1.136455 0.0 -0.300837
          0.200000 0.076795 0.0
          1.274997 0.370098 0.0
          3.175031 0.331834 -0.138078
          1.374053 0.110855 0.0
          2.922530 0.459747 0.0
          2.273367 0.0 -0.140412
          2.000000 0.051239 0.174192
          3.150000 0.500000 0.0
          0.350000 0.0 0.0
          0.0 0.380594 -0.057712
          0.250000 0.153590 0.0
          0.953241 0.106120 -0.250736
          2.000000 0.199967 0.259798
          2.549960 0.500000 -0.363753
          3.106903 0.113217 -0.396884
          0.550000 0.086603 -0.500000
          0.100341 0.413607 0.0
          0.348633 0.244022 -0.500000
          0.0 0.427619 -0.175602
          2.000000 0.500000 0.500000
          0.925000 0.456699 0.0
          1.591110 0.225000 0.014434
          2.750000 0.173205 0.0
          3.324990 0.072162 -0.058624
          2.179761 0.500000 -0.131729
          1.490300 0.500000 -0.309814
          0.900000 0.326795 -0.500000
          1.500222 0.327256 -0.500000
          2.177606 0.0 -0.135060
          2.726093 0.0 -0.217223
          1.960132 0.500000 0.373003
          0.675000 0.283494 0.0
          1.775000 0.043301 0.500000
          1.624971 0.215615 0.500000
          1.500000 0.0 -0.500000
          0.682497 0.0 -0.308173
          0.950007 0.050828 -0.057201
          0.875000 0.254626 -0.102716
          0.550000 0.413397 0.0
          3.464876 0.500000 -0.037834
          1.500000 0.0 0.500000
          1.270724 0.387935 -0.354321
          2.000000 0.324528 0.042271
          2.222500 0.0 -0.062065
          1.700000 0.500000 0.500000
          0.675000 0.0 -0.051755
          0.0 0.426788 -0.040423
          1.530935 0.125000 0.500000
          1.648927 0.150003 0.211411
          2.977160 0.0 -0.139946
          2.875000 0.303109 0.0
          1.849643 0.086762 0.500000
          0.900000 0.240192 0.0
          2.675000 0.427831 -0.064985
          2.027014 0.250430 -0.095178
          1.150000 0.326795 0.0
          1.548840 0.500000 0.359831
          1.500000 0.405180 0.147043
          1.500000 0.400412 0.415115
          2.850000 0.500000 -0.413397
          2.525000 0.101030 -0.087148
          0.068436 0.0 -0.433746
          0.354148 0.358691 -0.410760
          1.833612 0.175107 0.331922
          1.152555 0.500000 -0.403323
          0.198220 0.335290 -0.500000
          1.500000 0.0 0.350000
          2.000000 0.150000 0.500000
          1.744635 0.500000 -0.224275
          2.274990 0.303100 0.0
          3.050000 0.346410 0.0
          0.575000 0.225827 -0.058450
          0.100000 0.0 0.0
          3.500000 0.035582 -0.036670
          0.424999 0.196927 0.0
          0.0 0.500000 0.0
          2.000000 0.417626 0.099195
          1.850000 0.500000 0.500000
          3.416435 0.209642 0.0
          1.125041 0.0 -0.048690
          0.376590 0.500000 -0.121514
          3.000000 0.202073 -0.064514
          0.0 0.150294 -0.419204
          2.565915 0.119907 -0.392764
          2.851590 0.241468 -0.500000
          0.074090 0.281012 0.0
          1.704892 0.500000 0.013974
          0.375000 0.254626 -0.107604
          0.125322 0.456885 0.0
          1.900587 0.162594 -0.500000
          1.737641 0.119149 0.120373
          1.299945 0.076513 0.0
          1.800000 0.423205 0.500000
          1.872989 0.460204 0.500000
          0.344410 0.0 -0.411905
          2.875000 0.274241 -0.084302
          2.425089 0.376923 0.0
          0.449997 0.153776 0.0
          1.032340 0.365862 -0.374180
          0.624130 0.037585 0.0
          2.469861 0.279495 -0.223553
          3.025064 0.0 -0.216795
          0.910884 0.245087 -0.241580
          0.895436 0.500000 -0.053104
          0.700000 0.326795 -0.500000
          0.225000 0.168024 -0.151615
          1.897479 0.229957 0.400592
          3.417274 0.0 -0.047407
          2.138325 0.500000 -0.224880
          2.950315 0.242091 -0.500000
          2.137314 0.0 -0.053061
          2.000000 0.126816 0.130751
          1.940461 0.0 0.030208
          1.025000 0.254626 -0.248353
          3.500000 0.0 -0.054567
          1.199977 0.327110 -0.500000
          1.600000 0.500000 -0.500000
          2.200000 0.173205 0.0
          2.663278 0.153434 -0.345241
          0.906083 0.337154 -0.333701
          0.0 0.100000 0.0
          1.025000 0.254626 -0.057848
          1.749804 0.249299 0.125207
          1.500000 0.150006 0.413424
          1.580988 0.399917 0.500000
          2.424794 0.216014 0.0
          1.275000 0.196891 0.0
          0.0 0.500000 -0.500000
          1.029476 0.182590 -0.366595
          0.0 0.150000 0.0
          1.907459 0.090885 0.500000
          1.562065 0.0 0.180833
          3.250000 0.086602 0.0
          0.400000 0.163397 -0.500000
          1.349995 0.153587 0.0
          0.850000 0.102872 -0.095405
          0.631721 0.395582 -0.250620
          2.392297 0.0 -0.321579
          2.249999 0.086603 0.0
          0.243315 0.0 -0.255513
          2.500000 0.163415 -0.500000
          0.949093 0.080915 -0.500000
          3.150000 0.086603 -0.500000
          0.900000 0.500000 -0.500000
          2.398525 0.258566 0.0
          3.000103 0.327160 -0.500000
          0.750000 0.269060 -0.099413
          3.100010 0.500000 -0.060068
          1.024955 0.196965 0.0
          1.500000 0.423480 0.458968
          3.374965 0.043141 0.0
          2.000000 0.457661 0.075212
          1.697164 0.500000 0.443603
          0.068436 0.500000 -0.433746
          2.234843 0.500000 -0.223142
          1.500000 0.467175 0.373524
          3.125000 0.129904 0.0
          3.349994 0.086576 0.0
          2.150940 0.080152 -0.500000
          1.658186 0.404570 -0.107604
          3.075000 0.388786 0.0
          0.873551 0.087222 -0.192088
          0.974679 0.042268 0.0
          1.546764 0.0 -0.405066
          0.699458 0.075785 0.0
          3.125000 0.456699 0.0
          0.800000 0.326795 0.0
          1.600000 0.0 -0.500000
          0.517578 0.370496 -0.250618
          0.600000 0.163397 -0.500000
          2.475000 0.216232 0.0
          0.0 0.424422 -0.360833
          2.477555 0.500000 -0.119579
          3.419191 0.153039 -0.500000
          2.600000 0.086603 0.0
          1.579369 0.394914 0.173855
          3.050000 0.173205 0.0
          2.575000 0.216506 0.0
          1.100000 0.500000 -0.500000
          2.575660 0.500000 -0.132690
          0.325000 0.196891 0.0
          2.101372 0.320498 -0.077482
          0.0 0.100000 -0.500000
          2.000000 0.224902 0.216481
          0.224997 0.398965 -0.089519
          1.945497 0.398598 0.446505
          1.500000 0.425587 0.371753
          0.500000 0.500000 0.0
          1.937281 0.323558 0.099643
          2.000000 0.0 0.400000
          0.200000 0.0 0.0
          2.751332 0.242777 -0.500000
          2.774679 0.371130 0.0
          2.000000 0.100000 0.500000
          1.500000 0.043563 0.223826
          0.625000 0.456699 0.0
          1.604468 0.400782 0.265875
          3.225002 0.0 -0.217918
          2.425000 0.500000 -0.057735
          0.825000 0.283494 0.0
          3.500000 0.299076 -0.058799
          3.025000 0.303109 0.0
          2.575000 0.129901 0.0
          0.700000 0.163400 -0.500000
          0.875000 0.110289 0.0
          2.000000 0.500000 -0.500000
          2.850000 0.0 0.0
          2.725000 0.043301 0.0
          1.948815 0.0 0.196332
          2.750000 0.0 0.0
          0.740684 0.090654 -0.172004
          2.945659 0.500000 -0.403984
          1.564640 0.500000 0.011674
          1.376535 0.282138 0.0
          0.124780 0.370031 0.0
          3.025000 0.388064 0.0
          1.696566 0.500000 -0.134561
          2.000000 0.249913 0.173229
          2.700000 0.362679 -0.078648
          1.069345 0.0 -0.058938
          1.573175 0.325000 0.225941
          2.250000 0.0 0.0
          0.0 0.179785 -0.314715
          3.000000 0.086603 0.0
          1.500000 0.275000 0.456699
          1.500000 0.400000 0.500000
          0.800000 0.076795 0.0
          2.421135 0.298387 0.0
          2.000000 0.249946 0.086532
          0.0 0.123868 -0.045854
          0.127050 0.040773 0.0
          1.349450 0.076604 0.0
          1.075000 0.283494 0.0
          0.181122 0.500000 -0.131010
          3.500000 0.419736 -0.360862
          0.750000 0.076795 0.0
          1.559000 0.250000 0.269060
          1.611490 0.424323 0.500000
          1.580385 0.300000 0.500000
          2.000000 0.041475 0.424703
          0.975000 0.370096 0.0
          2.381466 0.373929 -0.409792
          2.225000 0.129904 0.0
          2.000000 0.299997 0.346409
          0.0 0.083750 -0.270228
          3.146963 0.0 -0.409752
          1.500000 0.175000 0.456699
          1.918118 0.099997 0.028424
          1.593517 0.0 -0.311598
          1.849851 0.346323 0.500000
          2.375000 0.0 -0.051755
          0.200000 0.500000 0.0
          2.800263 0.310270 -0.078889
          1.940354 0.429605 0.073784
          1.906681 0.225000 0.014425
          0.200000 0.211325 -0.074856
          2.027696 0.398278 -0.075494
          3.072887 0.500000 -0.139954
          0.764982 0.500000 -0.396634
          0.775877 0.0 -0.139045
          2.574908 0.371468 0.0
          2.730833 0.0 -0.062065
          2.700000 0.500000 0.0
          2.072504 0.188198 -0.073901
          0.675008 0.168072 -0.156633
          1.592868 0.0 -0.137598
          0.231995 0.376860 -0.246719
          2.575000 0.456699 0.0
          1.553493 0.250000 0.442266
          0.701888 0.170662 -0.327337
          3.451487 0.330318 0.0
          1.500000 0.376930 0.282379
          2.400000 0.500000 -0.500000
          1.125000 0.398964 -0.086790
          1.100000 0.0 0.0
          2.825000 0.129904 0.0
          1.565978 0.425000 0.013789
          3.275000 0.101036 -0.089236
          0.0 0.500000 -0.129481
          1.390799 0.0 -0.135825
          2.600000 0.500000 -0.500000
          2.569761 0.231999 -0.375953
          2.000000 0.175000 0.043301
          3.426795 0.426795 -0.500000
          1.099060 0.103862 -0.403007
          1.953226 0.275000 -0.059094
          0.0 0.080377 -0.359936
          0.550000 0.413397 -0.500000
          1.250000 0.0 0.0
          0.874999 0.196927 0.0
          2.000000 0.345512 0.083222
          3.321181 0.174058 -0.323236
          1.075000 0.456699 0.0
          0.850000 0.326795 0.0
          1.925000 0.0 -0.216506
          2.650081 0.084584 -0.500000
          0.650000 0.240192 -0.500000
          3.426039 0.0 -0.357295
          1.100000 0.413397 0.0
          2.111417 0.424389 0.0
          0.299703 0.328211 -0.500000
          2.426235 0.457412 0.0
          2.000000 0.0 0.150000
          2.850000 0.413397 -0.500000
          2.500000 0.0 -0.500000
          0.939050 0.0 -0.393437
          2.000000 0.0 0.500000
          1.489615 0.378783 -0.404655
          0.499981 0.153808 0.0
          2.203458 0.383334 -0.410443
          1.500000 0.126773 0.369229
          1.900000 0.500000 -0.500000
          2.100000 0.0 -0.500000
          1.994910 0.500000 -0.138638
          2.450000 0.086603 0.0
          3.418600 0.500000 -0.269261
          0.175000 0.283494 0.0
          1.785038 0.249560 -0.386545
          3.325310 0.381744 0.0
          1.073771 0.111006 0.0
          3.273977 0.156888 -0.500000
          1.566233 0.200000 0.102872
          2.523655 0.372618 0.0
          1.334426 0.0 -0.060153
          0.849519 0.081228 -0.500000
          1.711595 0.500000 0.085885
          1.675001 0.303108 0.500000
          1.500000 0.371091 0.120096
          1.305538 0.0 -0.137536
          1.761310 0.389767 0.260096
          1.700001 0.346409 0.500000
          1.424447 0.370729 0.0
          3.367160 0.500000 -0.100266
          0.998874 0.161210 -0.500000
          0.800000 0.153595 0.0
          1.225000 0.196891 0.0
          2.000000 0.092541 0.090885
          0.900000 0.413397 0.0
          1.387513 0.074836 0.0
          0.124447 0.312585 -0.085692
          1.099235 0.099893 -0.059479
          1.500000 0.275000 0.196891
          3.448767 0.174196 0.0
          3.000000 0.0 0.0
          2.800000 0.336527 0.0
          3.500000 0.180143 -0.314017
          3.450000 0.0 0.0
          1.644191 0.500000 -0.223501
          3.100000 0.500000 0.0
          1.500000 0.350000 0.153590
          2.000000 0.200043 0.173203
          0.474998 0.111190 0.0
          1.568320 0.425396 0.432428
          2.650000 0.310526 -0.066565
          2.950000 0.086603 0.0
          0.900000 0.076795 0.0
          0.450000 0.0 0.0
          0.625000 0.370096 0.0
          1.800000 0.397128 0.430214
          0.0 0.500000 -0.221723
          2.092006 0.348299 0.0
          0.300000 0.384530 -0.063108
          1.589036 0.375000 -0.032434
          1.472769 0.346813 -0.114297
          1.775005 0.303099 0.500000
          2.243381 0.500000 -0.055053
          1.274999 0.456700 0.0
          1.714045 0.247599 -0.194858
          2.522740 0.500000 -0.214192
          3.250000 0.346136 0.0
          2.550000 0.086603 -0.500000
          0.0 0.068436 -0.433746
          1.150037 0.182574 -0.163466
          1.600000 0.0 0.500000
          1.099353 0.162758 -0.500000
          2.451746 0.500000 -0.411146
          1.334426 0.500000 -0.060153
          1.500000 0.500000 0.350000
          0.675000 0.312361 -0.077021
          0.0 0.050000 0.0
          2.782127 0.270922 -0.206128
          0.250000 0.500000 0.0
          2.199988 0.115478 -0.073635
          2.850000 0.500000 0.0
          3.100000 0.086603 0.0
          1.150000 0.240192 0.0
          1.560306 0.0 0.073866
          1.300000 0.163397 -0.500000
          0.951739 0.0 -0.136686
          1.250000 0.269060 -0.122793
          3.025000 0.500000 -0.216506
          3.382130 0.261168 -0.269173
          2.083374 0.500000 -0.142032
          2.537857 0.0 -0.053199
          1.825000 0.216506 0.500000
          1.150819 0.100330 -0.100082
          1.707523 0.273974 -0.292593
          0.725000 0.110289 0.0
          1.570849 0.340341 -0.343161
          1.597505 0.172390 0.500000
          1.659821 0.325000 0.013325
          2.450319 0.242101 -0.500000
          1.500000 0.467372 0.275000
          0.499943 0.076944 0.0
          3.275000 0.216506 0.0
          0.775000 0.110289 0.0
          1.202675 0.073965 0.0
          1.485566 0.125000 -0.117733
          2.000000 0.456699 0.175000
          2.350000 0.500000 0.0
          3.500000 0.146434 -0.220457
          1.500000 0.250000 0.076795
          3.125000 0.388814 0.0
          1.916524 0.137978 0.500000
          2.900000 0.173205 0.0
          1.577722 0.452252 0.500000
          0.450000 0.086603 -0.500000
          1.919692 0.375000 0.012926
          1.500000 0.453816 0.230287
          3.392074 0.111994 -0.393351
          2.950496 0.081242 -0.500000
          2.675000 0.500000 -0.129904
          3.326235 0.457412 0.0
          1.124949 0.500000 -0.122510
          2.725000 0.129904 0.0
          1.025000 0.283494 0.0
          3.500000 0.250000 0.0
          1.605226 0.249986 0.211317
          1.929730 0.325000 0.430119
          2.775000 0.303109 0.0
          2.000000 0.080385 0.300000
          0.550000 0.240192 0.0
          2.300000 0.500000 0.0
          0.150107 0.442215 -0.057169
          0.450139 0.102976 -0.099003
          1.455573 0.325460 0.0
          3.500000 0.435491 -0.437403
          3.400000 0.0 -0.500000
          2.975000 0.043301 0.0
          2.781882 0.500000 -0.285224
          3.050032 0.413513 -0.500000
          0.036603 0.036603 0.0
          1.799851 0.104655 -0.282368
          0.574486 0.037765 0.0
          3.500000 0.500000 -0.407241
          2.099222 0.173376 0.0
          0.275000 0.110289 0.0
          0.650706 0.106495 -0.248882
          1.050000 0.442265 -0.053720
          3.125000 0.043301 0.0
          2.327026 0.500000 -0.215437
          2.148933 0.500000 -0.408167
          3.300000 0.500000 -0.500000
          0.961647 0.500000 -0.400315
          2.600000 0.413397 0.0
          3.449380 0.500000 -0.090040
          2.000000 0.043077 0.374680
          0.524971 0.197004 0.0
          0.062767 0.345686 -0.067087
          2.275000 0.389711 0.0
          1.794079 0.500000 -0.137356
          2.874181 0.353009 -0.131696
          1.500000 0.044815 0.379336
          0.0 0.145290 -0.221905
          1.434012 0.379893 -0.231594
          2.000000 0.420900 0.047073
          1.844638 0.500000 -0.224584
          3.500000 0.450000 0.0
          2.650000 0.173205 0.0
          2.223855 0.118533 -0.398459
          0.500000 0.326795 0.0
          1.500000 0.175000 0.110289
          1.725431 0.129649 0.500000
          0.425000 0.370096 0.0
          0.449855 0.242277 -0.500000
          2.625000 0.303109 0.0
          2.077722 0.452252 0.0
          2.832332 0.500000 -0.215312
          2.800000 0.230940 -0.105282
          0.254337 0.082248 -0.500000
          2.300000 0.500000 -0.500000
          2.725000 0.303109 0.0
          2.993936 0.231529 -0.246529
          1.800110 0.089019 -0.410763
          3.225041 0.331831 -0.069129
          1.374678 0.456885 0.0
          2.000000 0.275000 0.043301
          3.416470 0.135670 0.0
          0.973217 0.274052 -0.396377
          2.142680 0.163368 -0.335051
          2.250005 0.423197 0.0
          3.125000 0.303079 0.0
          2.600000 0.173205 0.0
          0.525000 0.370096 0.0
          0.080108 0.500000 -0.268103
          1.674993 0.215959 0.500000
          0.693010 0.251614 -0.400198
          2.925000 0.129904 0.0
          1.048411 0.242798 -0.500000
          2.700000 0.413397 0.0
          2.425048 0.312464 -0.322512
          2.110193 0.500000 -0.055491
          1.556056 0.0 0.400198
          2.900000 0.500000 0.0
          0.350000 0.500000 0.0
          1.924992 0.378204 0.358706
          0.949957 0.413431 -0.500000
          2.374849 0.384593 0.0
          3.150000 0.423205 0.0
          2.679553 0.268100 -0.231621
          2.950067 0.413507 -0.500000
          1.950513 0.500000 0.214286
          1.125000 0.110289 0.0
          2.625000 0.456699 0.0
          2.600000 0.0 -0.500000
          2.000000 0.374033 0.302697
          1.750000 0.449282 0.443121
          0.036603 0.463397 0.0
          1.618969 0.0 0.127178
          2.675000 0.216506 0.0
          1.885231 0.340424 -0.260363
          0.975000 0.283494 0.0
          1.674323 0.0 0.283169
          0.875000 0.370096 0.0
          1.632820 0.500000 0.229235
          1.810168 0.246442 -0.227251
          2.274999 0.101036 -0.103098
          2.555092 0.500000 -0.286327
          2.350000 0.500000 -0.400755
          0.046053 0.418559 0.0
          3.418622 0.245166 -0.500000
          3.349363 0.369251 -0.115478
          1.493917 0.256813 -0.386879
          1.544363 0.373979 0.500000
          0.0 0.500000 -0.407241
          1.500000 0.224957 0.196916
          1.571519 0.152017 0.027703
          0.774601 0.500000 -0.218079
          0.546963 0.0 -0.408984
          1.500000 0.150000 0.500000
          0.381250 0.0 -0.138003
          0.268353 0.352434 -0.350758
          1.379080 0.165749 -0.158899
          1.299991 0.413403 0.0
          3.324999 0.129899 0.0
          2.000000 0.0 0.300000
          0.750000 0.086603 -0.500000
          0.700000 0.0 -0.500000
          2.474994 0.129878 0.0
          1.553253 0.053532 0.099948
          0.173868 0.500000 -0.312988
          3.463172 0.0 -0.038791
          2.737311 0.129792 -0.410940
          0.675000 0.225802 -0.065393
          0.0 0.226225 -0.220055
          0.950000 0.413397 0.0
          2.619643 0.500000 -0.058766
          2.125318 0.043116 0.0
          1.550000 0.413397 -0.500000
          1.859124 0.0 0.432275
          1.737742 0.500000 0.363592
          1.500000 0.112377 0.074875
          3.120348 0.372156 -0.373223
          0.475000 0.283494 0.0
          0.975000 0.312361 -0.081658
          1.868206 0.0 0.069147
          2.450000 0.0 -0.413397
          2.100302 0.327085 -0.500000
          2.050000 0.0 0.0
          0.950000 0.0 0.0
          0.371715 0.500000 -0.300588
          2.875000 0.043301 0.0
          3.000000 0.259808 0.0
          3.050000 0.423130 0.0
          2.680796 0.0 -0.305526
          3.300000 0.230940 -0.099218
          0.800000 0.269060 -0.224572
          3.500000 0.418107 -0.269338
          1.050000 0.240192 0.0
          1.500000 0.093353 0.243735
          3.463397 0.036603 0.0
          3.500000 0.357718 -0.418914
          2.278866 0.372765 -0.230703
          2.251400 0.242975 -0.500000
          2.300028 0.423154 0.0
          1.797731 0.0 -0.314959
          1.049050 0.082479 -0.500000
          1.249998 0.384532 -0.107793
          2.299998 0.346408 0.0
          1.180833 0.500000 -0.062065
          2.071002 0.0 -0.306137
          1.500000 0.249781 0.153716
          0.949986 0.153801 0.0
          1.047286 0.073943 0.0
          2.898651 0.420136 0.0
          2.000000 0.349997 0.346409
          1.700000 0.259808 0.500000
          2.625000 0.043301 0.0
          2.925000 0.043301 0.0
          1.268606 0.0 -0.215296
          1.824886 0.187661 0.418978
          0.250000 0.326795 0.0
          1.275321 0.042268 0.0
          2.600000 0.442265 -0.053937
          2.252661 0.080064 -0.500000
          0.804825 0.381744 -0.389193
          2.873354 0.457920 0.0
          1.300001 0.240161 0.0
          3.429420 0.071152 -0.069673
          1.500000 0.456699 0.125000
          2.000000 0.200000 0.0
          1.634400 0.109606 -0.393973
          1.927884 0.299468 0.028560
          3.304782 0.500000 -0.160935
          2.000000 0.450000 0.0
          0.825000 0.196891 0.0
          2.402604 0.418806 0.0
          0.075000 0.370096 0.0
          1.000000 0.0 0.0
          2.000000 0.419012 0.399917
          0.200000 0.153590 0.0
          2.300000 0.0 0.0
          2.798254 0.414825 0.0
          0.300000 0.500000 0.0
          0.242096 0.242139 -0.500000
          1.750056 0.086565 0.500000
          1.500000 0.0 0.300000
          0.475000 0.043301 0.0
          0.455915 0.267798 -0.247458
          0.226023 0.156888 -0.500000
          0.0 0.325358 -0.217609
          1.250000 0.0 -0.413397
          2.374280 0.302673 0.0
          3.225000 0.456699 0.0
          3.500000 0.0 -0.314482
          2.850000 0.202073 -0.064514
          2.000000 0.150224 0.173072
          1.536603 0.463397 0.500000
          0.850000 0.240192 0.0
          0.041747 0.500000 -0.089613
          0.0 0.212143 -0.053199
          2.800000 0.086603 0.0
          2.000000 0.300000 0.423205
          0.247335 0.115003 -0.251360
          3.349998 0.144336 -0.125247
          1.418930 0.198533 0.0
          1.500000 0.374965 0.042866
          1.200000 0.500000 -0.500000
          3.383921 0.112438 -0.238296
          2.249998 0.173204 0.0
          1.922047 0.453073 0.500000
          1.748408 0.0 -0.406324
          2.224997 0.303106 0.0
          2.600000 0.202073 -0.073211
          3.300824 0.420455 0.0
          0.200000 0.500000 -0.500000
          2.761527 0.391802 -0.386584
          0.375000 0.069378 -0.072532
          1.125000 0.254626 -0.096981
          2.292540 0.362155 -0.358423
          2.249991 0.259799 0.0
          3.025000 0.043301 0.0
          2.175050 0.274270 -0.065585
          0.080067 0.0 -0.266891
          0.500000 0.413397 0.0
          0.072381 0.0 -0.175602
          0.674796 0.140855 -0.056296
          3.275000 0.043300 0.0
          1.196102 0.243651 -0.401238
          1.500000 0.404237 0.089372
          2.750000 0.336603 0.0
          2.125000 0.216506 0.0
          0.175000 0.110289 0.0
          2.301442 0.160902 -0.500000
          1.250000 0.500000 0.0
          1.995194 0.351777 -0.246298
          0.043301 0.175000 0.0
          2.000000 0.463397 0.463397
          1.500000 0.500000 0.500000
          2.225000 0.456699 0.0
          0.325000 0.456699 0.0
          0.0 0.400000 0.0
          3.275000 0.129904 0.0
          0.897117 0.160575 -0.500000
          0.375000 0.370096 0.0
          0.150424 0.415323 -0.500000
          0.974978 0.196992 0.0
          2.287899 0.0 -0.313111
          1.025000 0.456699 0.0
          2.100254 0.260425 0.0
          0.985654 0.085852 -0.350023
          3.025000 0.359735 -0.058779
          2.377262 0.0 -0.131409
          1.482834 0.225000 -0.088408
          1.742698 0.0 -0.225279
          3.300000 0.0 -0.500000
          0.374992 0.168030 -0.066942
          0.0 0.300000 -0.500000
          3.175000 0.043301 0.0
          0.632677 0.500000 -0.136146
          1.399999 0.326980 -0.500000
          2.447398 0.307692 -0.086920
          0.757451 0.500000 -0.054218
          2.026709 0.099671 -0.077983
          2.774562 0.399400 -0.092904
          2.775000 0.158771 -0.072269
          2.825000 0.101036 -0.087194
          2.325000 0.389711 0.0
          0.450000 0.413397 -0.500000
          1.250000 0.076870 0.0
          1.480436 0.0 -0.050660
          1.100000 0.240192 0.0
          2.000000 0.0 0.0
          2.000000 0.500000 0.050000
          1.400584 0.162598 -0.500000
          0.094050 0.341930 -0.500000
          3.500000 0.400000 -0.500000
          2.000000 0.075212 0.042339
          2.000000 0.454323 0.226829
          0.142400 0.0 -0.134524
          2.775000 0.043301 0.0
          0.900000 0.297927 -0.059471
          2.700000 0.086603 0.0
          3.200012 0.346013 0.0
          2.102979 0.160657 -0.500000
          2.000000 0.457542 0.124913
          3.250000 0.500000 0.0
          1.647463 0.0 -0.404984
          0.899742 0.124994 -0.057813
          2.000000 0.0 0.250000
          2.473170 0.159276 -0.340701
          2.875000 0.0 -0.055137
          2.191259 0.500000 -0.313184
          2.000000 0.400000 0.0
          3.353745 0.500000 -0.421693
          1.799909 0.086633 0.500000
          1.500000 0.043075 0.125319
          1.500000 0.200000 0.500000
          2.675000 0.0 -0.043301
          2.000000 0.422278 0.452252
          3.200000 0.500000 0.0
          0.625000 0.283494 0.0
          1.500000 0.325063 0.370060
          1.225000 0.456699 0.0
          2.451475 0.414249 0.0
          0.555100 0.500000 -0.390845
          0.100000 0.500000 -0.500000
          1.500000 0.325322 0.283308
          0.350000 0.076795 0.0
          1.562464 0.0 0.008614
          0.494216 0.273186 -0.401658
          0.456420 0.500000 -0.322771
          0.078540 0.500000 -0.359701
          0.285823 0.500000 -0.308786
          3.225075 0.387646 0.0
          2.700000 0.259808 0.0
          3.100000 0.500000 -0.500000
          2.000000 0.412600 0.200428
          2.000000 0.328658 0.210545
          3.317937 0.500000 -0.322152
          3.500000 0.350000 0.0
          2.825000 0.043301 0.0
          1.543794 0.081337 0.500000
          0.300000 0.240192 0.0
          1.700003 0.317540 0.418903
          2.700000 0.057735 -0.057735
          2.755294 0.500000 -0.199016
          2.000000 0.050000 0.500000
          3.000000 0.346410 0.0
          0.400000 0.326795 0.0
          2.000000 0.125513 0.389259
          2.000000 0.0 0.050000
          0.450000 0.177466 -0.335676
          0.100000 0.500000 0.0
          1.876148 0.043881 0.500000
          1.125000 0.456699 0.0
          0.0 0.0 -0.221723
          0.175119 0.0 -0.327008
          1.487479 0.0 -0.126482
          2.750950 0.082479 -0.500000
          0.600000 0.500000 -0.500000
          0.650000 0.240192 0.0
          3.400000 0.500000 -0.500000
          0.600000 0.0 0.0
          2.125000 0.303109 0.0
          1.923220 0.248901 -0.184775
          3.087992 0.500000 -0.314288
          0.825000 0.043301 0.0
          2.406664 0.108945 -0.406955
          2.324891 0.274141 -0.074924
          2.199992 0.086604 0.0
          3.175000 0.129904 0.0
          2.433032 0.0 -0.229054
          0.875000 0.043301 0.0
          2.000000 0.350000 0.500000
          2.686560 0.105205 -0.244176
          1.927196 0.324557 0.274424
          0.225000 0.043301 0.0
          3.150000 0.086603 0.0
          0.987857 0.500000 -0.053199
          1.149919 0.084584 -0.500000
          2.675000 0.370096 0.0
          2.176908 0.0 -0.304537
          2.725000 0.101036 -0.106481
          2.400000 0.500000 0.0
          1.255982 0.0 -0.056751
          1.350000 0.413397 -0.500000
          1.956699 0.325000 0.500000
          1.275000 0.139777 -0.057442
          3.000000 0.0 -0.500000
          0.453571 0.500000 -0.423237
          2.350000 0.086603 0.0
          3.025000 0.216506 0.0
          0.033390 0.374433 0.0
          2.850928 0.080940 -0.500000
          3.417256 0.300978 0.0
          1.500000 0.275000 0.283494
          1.900000 0.400188 -0.401539
          1.450000 0.413397 -0.500000
          0.225000 0.0 -0.043301
          2.950000 0.0 0.0
          2.481899 0.273728 -0.407894
          0.875000 0.398964 -0.089514
          1.998851 0.098283 -0.266550
          1.412177 0.334929 -0.341898
          2.500105 0.327164 -0.500000
          1.941725 0.439063 0.242934
          0.175000 0.456699 0.0
          3.500000 0.121844 -0.051422
          1.731531 0.395038 -0.268868
          3.100000 0.0 0.0
          3.500000 0.100000 0.0
          1.570213 0.069396 0.430107
          3.380225 0.253693 -0.388195
          2.650000 0.500000 0.0
          0.450000 0.326795 0.0
          1.337310 0.356700 -0.269475
          2.925515 0.376757 -0.247286
          1.453197 0.231427 0.0
          1.825000 0.043301 0.500000
          3.075000 0.216506 0.0
          1.150000 0.500000 0.0
          2.033755 0.224267 0.0
          1.621800 0.127798 0.500000
          2.915657 0.221177 -0.377165
          0.450000 0.500000 0.0
          3.350000 0.0 0.0
          1.000000 0.0 -0.230940
          2.872181 0.429774 -0.076227
          1.811429 0.0 -0.066965
          1.938657 0.0 0.272917
          0.150000 0.500000 0.0
          2.349776 0.201911 -0.056710
          1.100000 0.500000 0.0
          3.050018 0.241142 -0.500000
          1.650000 0.423205 0.500000
          2.499926 0.229787 -0.104798
          2.824051 0.376832 0.0
          0.467442 0.500000 -0.139200
          2.000000 0.250000 0.500000
          3.100000 0.173205 0.0
          1.938174 0.056491 0.146412
          0.726380 0.0 -0.218866
          1.956699 0.0 0.325000
          0.750000 0.326795 0.0
          2.000000 0.175323 0.130023
          2.650000 0.0 0.0
          1.500000 0.150228 0.240324
          1.501141 0.161259 -0.500000
          1.125000 0.341229 -0.157731
          2.000000 0.500000 0.200000
          1.200000 0.240192 0.0
          0.400000 0.0 -0.500000
          2.750000 0.413397 0.0
          0.056138 0.258843 -0.066212
          0.358273 0.500000 -0.394618
          2.042130 0.374578 0.0
          2.000000 0.500000 0.300000
          2.036603 0.036603 0.0
          1.500000 0.150000 0.326796
          1.025000 0.254626 -0.122499
          1.450950 0.082479 -0.500000
          2.925000 0.303109 0.0
          2.498831 0.334616 0.0
          0.074295 0.428117 -0.067844
          0.0 0.200000 0.0
          1.725085 0.216306 0.500000
          3.225000 0.043301 0.0
          0.475000 0.370096 0.0
          2.950000 0.317543 -0.074116
          0.350000 0.153595 0.0
          2.250000 0.057735 -0.057265
          3.200000 0.0 -0.500000
          1.350000 0.500000 0.0
          1.547500 0.268045 0.500000
          2.625000 0.398964 -0.109393
          2.650000 0.336603 0.0
          0.750000 0.0 0.0
          3.100020 0.327014 -0.500000
          1.955879 0.500000 -0.054664
          3.500000 0.338656 -0.324532
          0.0 0.159650 -0.133571
          3.500000 0.500000 0.0
          1.640896 0.258825 -0.385931
          3.344875 0.270938 -0.500000
          1.500000 0.036603 0.463397
          2.475000 0.043301 0.0
          1.924788 0.042339 0.500000
          0.674306 0.500000 -0.216875
          1.000000 0.076870 0.0
          1.700000 0.0 0.500000
          2.500000 0.500000 -0.500000
          1.750003 0.288646 0.444264
          3.088151 0.256586 -0.386522
          1.140717 0.0 -0.401699
          3.200000 0.086602 0.0
          1.936603 0.0 0.436603
          2.000000 0.041630 0.074568
          0.650000 0.500000 0.0
          1.725000 0.389711 0.500000
          0.574707 0.112174 0.0
          3.450000 0.500000 0.0
          1.090838 0.272100 -0.399121
          0.550000 0.355662 -0.126202
          3.326670 0.429898 -0.070946
          2.600000 0.0 0.0
          2.700000 0.336603 0.0
          0.399999 0.153621 0.0
          1.575068 0.218530 0.500000
          3.203584 0.500000 -0.048709
          2.225485 0.0 -0.216674
          0.650000 0.0 0.0
          2.000000 0.149991 0.259805
          0.524984 0.084951 -0.066296
          2.877114 0.0 -0.304952
          3.500000 0.056067 -0.092024
          0.953929 0.0 -0.295780
          2.396711 0.341053 0.0
          2.700004 0.326982 -0.500000
          3.150003 0.345931 0.0
          1.897107 0.104167 0.283250
          3.100000 0.346256 0.0
          0.539117 0.127309 -0.251547
          1.299999 0.442269 -0.060705
          2.525127 0.400601 -0.081887
          1.764199 0.116334 0.246155
          2.799958 0.115605 -0.233457
          2.201623 0.161140 -0.500000
          0.950000 0.500000 0.0
          2.062906 0.248849 -0.376639
          3.050000 0.086603 -0.500000
          1.150000 0.413397 -0.500000
          1.555944 0.500000 0.096730
          1.025000 0.398964 -0.101717
          2.350169 0.422899 0.0
          1.500000 0.500000 0.300000
          1.675000 0.415788 0.417633
          1.382709 0.100757 -0.399960
          0.929755 0.500000 -0.137750
          1.083229 0.0 -0.221727
          2.700000 0.0 -0.500000
          2.700000 0.173205 0.0
          1.875621 0.0 0.153421
          2.371418 0.330090 -0.151804
          2.575002 0.158768 -0.138079
          0.925000 0.370096 0.0
          1.500000 0.175000 0.043301
          1.199855 0.163427 -0.500000
          1.750001 0.346409 0.500000
          1.049963 0.413426 -0.500000
          1.401421 0.326307 0.0
          1.903711 0.500000 0.377319
          2.392927 0.225459 -0.392560
          1.487759 0.114407 -0.389364
          2.249998 0.346408 0.0
          0.522500 0.0 -0.062065
          1.913977 0.175000 -0.089675
          0.750000 0.500000 0.0
          0.124912 0.120642 -0.376162
          2.000000 0.249900 0.259773
          2.299951 0.259765 0.0
          1.919038 0.106970 0.198704
          3.075038 0.431373 -0.058531
          2.000000 0.150148 0.346323
          3.075000 0.072169 -0.066589
          1.175034 0.196919 0.0
          0.650000 0.413397 0.0
          0.500000 0.500000 -0.230940
          0.150000 0.326795 0.0
          2.200000 0.0 0.0
          1.024920 0.168183 -0.066729
          1.627050 0.459227 0.500000
          2.950000 0.230940 -0.105282
          2.038696 0.0 -0.049551
          1.500000 0.500000 -0.500000
          1.374723 0.428093 -0.079663
          1.500000 0.092700 0.151620
          1.817183 0.094908 -0.045890
          1.726484 0.0 0.382459
          1.846810 0.149263 0.029293
          3.038460 0.095755 -0.236749
          1.850001 0.259806 0.500000
          0.500000 0.0 -0.500000
          2.000000 0.0 0.350000
          2.550000 0.0 0.0
          2.450000 0.0 0.0
          1.548268 0.0 0.126375
          1.919615 0.300000 0.500000
          0.241718 0.0 -0.414398
          1.977223 0.0 -0.269909
          1.991502 0.175000 -0.074460
          2.000000 0.419701 0.300539
          2.479082 0.500000 -0.045360
          1.527392 0.500000 0.472608
          1.249999 0.326795 0.0
          0.800000 0.163415 -0.500000
          2.100029 0.401566 -0.402665
          0.725000 0.370096 0.0
          2.525000 0.129895 0.0
          1.466699 0.373549 0.0
          1.703643 0.0 0.078247
          1.324970 0.196874 0.0
          1.500000 0.500000 0.400000
          2.375000 0.043301 0.0
          0.476667 0.0 -0.135127
          2.000000 0.299675 0.086182
          1.900066 0.107577 -0.398749
          0.375000 0.283494 0.0
          1.646815 0.500000 -0.402820
          1.500000 0.092490 0.409161
          3.500000 0.439298 -0.083765
          3.125011 0.0 -0.217757
          1.500000 0.100000 0.0
          1.130414 0.500000 -0.304465
          3.300000 0.316434 -0.076893
          1.869510 0.411473 0.407571
          1.870096 0.500000 0.175000
          3.025000 0.0 -0.059797
          1.800000 0.0 0.500000
          1.022937 0.064003 -0.069008
          1.727527 0.148656 -0.212707
          0.600000 0.240192 0.0
          3.428136 0.0 -0.175203
          1.500000 0.041475 0.075297
          2.943194 0.0 -0.054955
          0.675000 0.427831 -0.058721
          3.075000 0.0 -0.303109
          2.542857 0.500000 -0.049487
          0.850000 0.413397 -0.500000
          0.399715 0.327709 -0.500000
          0.625000 0.196891 0.0
          1.202794 0.500000 -0.335215
          2.000000 0.335277 0.165152
          3.025000 0.129904 0.0
          2.000000 0.224988 0.043288
          1.175000 0.456699 0.0
          3.269865 0.106030 -0.242419
          2.044629 0.500000 -0.222353
          3.125000 0.101036 -0.110566
          3.455030 0.228595 0.0
          3.225000 0.129904 0.0
          0.349951 0.413633 -0.500000
          0.650000 0.086603 -0.500000
          1.500000 0.500000 0.0
          2.925000 0.216506 0.0
          1.712967 0.500000 0.271873
          2.000000 0.350000 0.0
          3.423066 0.457815 0.0
          2.000000 0.100000 0.0
          0.475000 0.398964 -0.089514
          0.623525 0.111458 0.0
          2.449951 0.173046 0.0
          3.500000 0.269694 -0.134831
          1.446763 0.500000 -0.406165
          1.950950 0.082479 -0.500000
          0.072152 0.172018 -0.078126
          1.400000 0.500000 -0.500000
          0.739982 0.0 -0.404368
          3.075000 0.043301 0.0
          2.625764 0.0 -0.218388
          0.575000 0.370096 0.0
          2.174978 0.129909 0.0
          0.775000 0.456699 0.0
          0.425000 0.110289 0.0
          0.0 0.074126 -0.178155
          2.874181 0.353009 -0.063006
          0.092981 0.151834 0.0
          2.400000 0.0 -0.500000
          1.500000 0.175024 0.196921
          2.001399 0.142912 -0.356774
          3.250438 0.415190 -0.500000
          1.872022 0.0 -0.021888
          0.606452 0.0 -0.054755
          0.625786 0.0 -0.218384
          1.250000 0.153590 0.0
          3.245060 0.0 -0.052650
          0.650000 0.413397 -0.500000
          3.325000 0.043301 0.0
          1.350526 0.326449 0.0
          1.749861 0.379364 -0.045777
          0.044363 0.126021 0.0
          2.800000 0.0 0.0
          0.599720 0.153850 0.0
          3.100000 0.230940 -0.110226
          2.351606 0.241512 -0.500000
          0.050000 0.500000 0.0
          2.625000 0.129904 0.0
          0.225000 0.196891 0.0
          2.100000 0.500000 -0.500000
          1.683256 0.255183 -0.098501
          1.390342 0.0 -0.304616
          1.500000 0.125035 0.456859
          0.157562 0.095329 -0.500000
          0.850000 0.500000 0.0
          2.274992 0.216499 0.0
          0.600000 0.326795 -0.500000
          0.948669 0.241234 -0.500000
          0.825000 0.312361 -0.069704
          2.550000 0.259808 0.0
          2.000000 0.500000 0.400000
          0.200010 0.240193 0.0
          1.546444 0.0 -0.061304
          0.660649 0.500000 -0.398922
          2.374720 0.216217 0.0
          1.402169 0.239079 0.0
          2.396825 0.109647 -0.262299
          0.437500 0.0 -0.055879
          2.850000 0.173205 0.0
          1.349999 0.241094 -0.500000
          1.141963 0.250981 -0.258620
          1.798503 0.225000 -0.104908
          2.509265 0.388495 -0.264170
          2.375000 0.072169 -0.064926
          2.873748 0.380366 0.0
          1.956923 0.374680 0.500000
          1.500000 0.0 0.050000
          3.500000 0.200000 0.0
          1.394020 0.242817 -0.407043
          1.500000 0.225000 0.110289
          1.681556 0.414929 0.052417
          2.450000 0.500000 0.0
          1.550000 0.500000 0.500000
          3.300000 0.344763 0.0
          2.104595 0.401718 -0.098819
          0.375000 0.398964 -0.089517
          0.300000 0.326795 0.0
          2.000000 0.500000 0.0
          2.475206 0.456818 0.0
          1.980776 0.0 -0.131680
          2.324711 0.302927 0.0
          1.500000 0.500000 0.250000
          2.175000 0.456699 0.0
          2.875000 0.216506 0.0
          2.399813 0.229977 -0.092165
          2.975823 0.461311 0.0
          3.187129 0.500000 -0.136621
          0.125945 0.110860 0.0
          0.350000 0.124726 -0.119992
          2.484094 0.375557 -0.397540
          0.061874 0.0 -0.085462
          1.500000 0.418521 0.190194
          0.131544 0.371478 -0.369093
          1.324998 0.168013 -0.086048
          0.450000 0.413397 0.0
          1.907285 0.348375 0.500000
          3.425000 0.500000 -0.044564
          3.500000 0.500000 -0.054567
          1.500000 0.500000 0.450000
          1.958370 0.074568 0.500000
          2.014096 0.325000 -0.069080
          1.541235 0.500000 -0.222945
          0.800000 0.500000 0.0
          2.000000 0.400000 0.500000
          1.946945 0.446321 0.399651
          1.750316 0.115293 0.387134
          0.702411 0.110295 -0.413517
          3.217859 0.400523 -0.400972
          1.200000 0.0 -0.500000
          2.000000 0.500000 0.350000
          1.345078 0.500000 -0.406512
          1.637577 0.0 -0.050359
          2.849118 0.342035 0.0
          1.500000 0.200001 0.413402
          0.877520 0.0 -0.308095
          1.249998 0.413399 0.0
          1.250000 0.240192 0.0
          0.080173 0.500000 -0.160061
          0.0 0.400000 -0.500000
          1.125026 0.0 -0.122446
          0.950000 0.384530 -0.071444
          2.550018 0.241143 -0.500000
          1.595180 0.500000 -0.311806
          1.000000 0.413397 0.0
          0.074075 0.0 -0.031847
          2.800223 0.327257 -0.500000
          1.896567 0.500000 -0.313332
          3.157121 0.120053 -0.255037
          3.225000 0.303063 0.0
          3.000000 0.424011 0.0
          0.950000 0.326795 0.0
          0.037190 0.0 -0.034375
          0.822321 0.0 -0.059282
          0.099889 0.239867 0.0
          1.500000 0.349153 0.082514
          0.597015 0.500000 -0.057645
          1.790065 0.366196 -0.363309
          3.500000 0.400000 0.0
          1.500000 0.250000 0.0
          3.422283 0.500000 -0.174916
          2.000000 0.050000 0.0
          0.518750 0.500000 -0.063749
          1.572984 0.180450 -0.334687
          2.825000 0.456699 0.0
          0.425000 0.456699 0.0
          0.400000 0.500000 0.0
          1.256021 0.500000 -0.056751
          1.225000 0.111936 0.0
          2.236018 0.243643 -0.372302
          0.346486 0.0 -0.053995
          1.925000 0.500000 0.459968
          3.225000 0.158771 -0.151466
          1.713968 0.127382 -0.084415
          2.899647 0.343005 0.0
          3.032409 0.460976 0.0
          1.955185 0.120664 0.500000
          3.251137 0.449251 -0.049264
          1.868313 0.182782 -0.317418
          2.675000 0.245374 -0.056979
          1.500000 0.250000 0.413398
          0.850010 0.182484 -0.069703
          2.697766 0.500000 -0.248370
          0.691104 0.337785 -0.333030
          2.800000 0.443188 -0.055908
          3.300000 0.173204 0.0
          0.742612 0.0 -0.054227
          0.153394 0.0 -0.219545
          0.999778 0.326968 -0.500000
          1.068810 0.500000 -0.059385
          2.873470 0.500000 -0.316555
          3.500000 0.080173 -0.359685
          2.348645 0.345624 0.0
          2.048018 0.0 -0.404060
          1.578862 0.300131 0.051087
          1.740901 0.232933 0.003558
          2.402982 0.160666 -0.500000
          1.300000 0.153590 0.0
          2.900000 0.0 -0.500000
          2.825000 0.216506 0.0
          1.947556 0.500000 0.113252
          3.250000 0.500000 -0.413397
          0.550000 0.326795 0.0
          3.000000 0.500000 0.0
          2.349990 0.144301 -0.083615
          3.175000 0.0 -0.303109
          2.349953 0.173157 0.0
          2.096081 0.500000 -0.316840
          0.350000 0.326795 0.0
          2.247518 0.500000 -0.406370
          1.300000 0.500000 0.0
          0.300000 0.413397 0.0
          3.200000 0.144338 -0.075733
          0.073205 0.073205 -0.500000
          2.051002 0.080758 -0.500000
          0.446568 0.0 -0.402216
          1.500000 0.036603 0.036603
          3.336124 0.0 -0.052019
          2.000000 0.500000 0.450000
          1.686514 0.275000 0.312361
          1.533699 0.224268 0.500000
          2.350000 0.0 0.0
          2.000000 0.500000 0.150000
          2.700000 0.500000 -0.500000
          2.479828 0.0 -0.137808
          1.889147 0.274914 0.101123
          2.374992 0.129896 0.0
          2.399910 0.173065 0.0
          1.159474 0.337050 -0.336623
          1.325000 0.110289 0.0
          2.488748 0.0 -0.318309
          2.042769 0.323770 0.0
          2.950000 0.500000 0.0
          3.275882 0.385313 0.0
          1.349819 0.240088 0.0
          1.098296 0.072125 0.0
          0.425000 0.427831 -0.058721
          1.074179 0.036452 0.0
          0.0 0.027952 -0.033960
          1.809294 0.0 0.378998
          2.000000 0.125895 0.302590
          2.000000 0.455637 0.373979
          1.650000 0.259807 0.500000
          2.725000 0.456699 0.0
          1.500000 0.041624 0.425437
          3.050000 0.144338 -0.078295
          3.500000 0.420923 -0.176831
          2.028816 0.349002 -0.141298
          1.249998 0.413429 -0.500000
          1.050000 0.500000 0.0
          2.199999 0.202072 -0.084178
          0.417345 0.500000 -0.222250
          2.225000 0.043301 0.0
          1.542534 0.405753 -0.171121
          1.500000 0.0 0.250000
          3.458406 0.074548 0.0
          2.925383 0.0 -0.218237
          3.150000 0.259808 0.0
          0.724044 0.500000 -0.139464
          0.0 0.443933 -0.092024
          1.049801 0.153714 0.0
          3.500000 0.0 -0.407241
          2.377780 0.500000 -0.304155
          2.173723 0.332713 -0.158908
          3.423271 0.183408 -0.081963
          2.625000 0.101036 -0.087143
          1.870096 0.500000 0.075000
          2.725000 0.344019 -0.155409
          1.850002 0.241094 -0.500000
          3.351387 0.417804 0.0
          2.816375 0.143463 -0.348346
          1.175000 0.370096 0.0
          3.050000 0.259808 0.0
          0.750000 0.240192 -0.500000
          1.000000 0.240192 0.0
          1.249993 0.241139 -0.500000
          2.675000 0.043301 0.0
          0.700000 0.240192 0.0
          1.675518 0.0 0.442564
          0.250000 0.0 0.0
          1.966898 0.500000 0.466493
          0.874661 0.500000 -0.217551
          0.499952 0.326947 -0.500000
          0.150000 0.153590 0.0
          0.575000 0.456699 0.0
          3.500000 0.300000 0.0
          2.000000 0.083475 0.137978
          1.250196 0.125143 -0.120031
          1.825000 0.456699 0.500000
          2.000000 0.174978 0.216500
          1.947162 0.0 0.109673
          0.143985 0.0 -0.422254
          2.725000 0.187639 -0.174828
          2.575000 0.043301 0.0
          1.551589 0.241468 -0.500000
          1.525985 0.407134 -0.275155
          2.976042 0.500000 -0.134114
          3.362161 0.0 -0.312171
          2.875000 0.245374 -0.249730
          1.920911 0.387139 0.199698
          2.574925 0.301070 0.0
          1.130666 0.402230 -0.250881
          2.600021 0.327015 -0.500000
          3.249122 0.500000 -0.235743
          0.175000 0.043301 0.0
          2.127050 0.459227 0.0
          1.358321 0.500000 -0.207155
          3.175000 0.216506 0.0
          1.906552 0.256210 0.500000
          1.750019 0.259767 0.500000
          1.895543 0.102280 0.117179
          0.475000 0.456699 0.0
          0.525000 0.456699 0.0
          2.650002 0.241094 -0.500000
          3.148286 0.500000 -0.410623
          0.549905 0.153947 0.0
          0.549586 0.125508 -0.119552
          2.000000 0.036603 0.036603
          2.000000 0.036603 0.463397
          1.825001 0.303107 0.500000
          2.450497 0.081244 -0.500000
          1.637140 0.500000 0.045375
          2.200000 0.500000 0.0
          0.077722 0.047748 0.0
          1.750085 0.173154 0.500000
          0.724925 0.041279 0.0
          0.500000 0.240192 0.0
          0.300000 0.0 -0.500000
          1.390187 0.500000 -0.304748
          0.800000 0.326795 -0.500000
          3.175000 0.303109 0.0
          1.576453 0.041131 0.500000
          1.500000 0.0 0.200000
          1.750000 0.375277 0.379192
          0.549604 0.500000 -0.143390
          2.373667 0.500000 -0.048415
          1.175000 0.312361 -0.074269
          0.800000 0.413397 0.0
          3.350000 0.500000 0.0
          1.500000 0.080176 0.199535
          2.807817 0.0 -0.055130
          2.150000 0.173205 0.0
          2.000000 0.300000 0.0
          2.975000 0.129904 0.0
          0.866331 0.0 -0.132819
          1.543750 0.500000 -0.054127
          3.500000 0.150000 0.0
          2.618810 0.0 -0.059385
          2.026685 0.0 -0.211306
          1.407140 0.151379 0.0
          3.250000 0.202072 -0.059671
          2.000000 0.372166 0.040927
          0.220197 0.236294 -0.233904
          1.674880 0.370214 -0.392172
          1.500000 0.051233 0.325804
          1.990179 0.0 -0.339434
          1.500000 0.043301 0.175000
          2.000000 0.224918 0.129915
          3.200000 0.423205 0.0
          2.000000 0.324983 0.303103
          1.500000 0.401655 0.326198
          3.500000 0.500000 -0.314482
          1.900000 0.0 0.500000
          1.805521 0.0 0.197481
          3.300000 0.500000 0.0
          2.742857 0.500000 -0.049487
          1.274999 0.283494 0.0
          2.676786 0.500000 -0.046394
          2.650000 0.413397 -0.500000
          1.570937 0.129216 0.500000
          0.896998 0.170773 -0.327858
          2.775000 0.0 -0.303109
          2.860588 0.337078 -0.361000
          1.567035 0.098068 0.357886
          2.151625 0.332810 -0.333950
          1.857764 0.175095 0.187665
          0.524983 0.111240 0.0
          0.775000 0.043301 0.0
          1.963397 0.036603 0.500000
          2.875000 0.158771 -0.138213
          1.176235 0.111276 0.0
          1.750000 0.0 0.500000
          1.500000 0.450000 0.500000
          1.914014 0.273865 0.188127
          3.001523 0.320347 -0.331750
          0.450000 0.297927 -0.083675
          1.060815 0.500000 -0.398475
          2.750000 0.259808 0.0
          2.524604 0.270996 -0.059732
          2.543966 0.0 -0.409551
          2.174039 0.360289 -0.078109
          2.773685 0.0 -0.138904
          2.950000 0.346410 0.0
          1.500000 0.050000 0.0
          1.560882 0.0 0.462214
          1.786417 0.500000 0.301812
          2.000000 0.374488 0.389251
          3.261473 0.118941 -0.397456
          0.124626 0.283348 0.0
          1.370053 0.102627 -0.251455
          0.525000 0.225834 -0.100255
          2.975000 0.303109 0.0
          2.000000 0.274499 0.216327
          1.750000 0.423205 0.500000
          3.183666 0.276694 -0.411117
          2.250000 0.413397 -0.500000
          1.541235 0.0 -0.222945
          1.050000 0.413397 0.0
          2.150000 0.423205 0.0
          2.000000 0.175000 0.456699
          2.476257 0.500000 -0.302918
          2.630875 0.500000 -0.311953
          1.493264 0.275000 -0.219255
          0.825230 0.0 -0.216900
          1.500000 0.050000 0.500000
          1.500000 0.125000 0.196891
          2.175000 0.043301 0.0
          0.250000 0.269060 -0.099421
          1.274914 0.068536 -0.066837
          3.250537 0.422080 0.0
          0.175000 0.196891 0.0
          1.750069 0.381235 0.110985
          1.900000 0.500000 0.500000
          0.674118 0.039131 0.0
          1.500000 0.225000 0.456700
          1.275009 0.254621 -0.245582
          2.642417 0.500000 -0.415958
          0.325000 0.370096 0.0
          3.350000 0.173204 0.0
          1.775028 0.216464 0.500000
          2.446153 0.335527 0.0
          1.500000 0.399606 0.236894
          1.075000 0.370096 0.0
          1.500000 0.349954 0.413424
          3.150000 0.413397 -0.500000
          2.775000 0.456699 0.0
          2.324989 0.129893 0.0
          1.849166 0.346378 0.189950
          3.185124 0.189364 -0.361082
          1.500000 0.150000 0.076795
          0.300000 0.500000 -0.500000
          1.750032 0.413513 -0.500000
          0.225000 0.283494 0.0
          0.850000 0.241830 -0.500000
          3.200000 0.173205 0.0
          2.000000 0.250000 0.423205
          1.400000 0.500000 0.0
          1.451330 0.242776 -0.500000
          1.026083 0.500000 -0.132863
          2.725000 0.216506 0.0
          1.375737 0.226262 -0.058948
          1.783648 0.0 0.017064
          1.800017 0.163372 -0.500000
          1.500000 0.299992 0.413402
          3.500000 0.327097 -0.221698
          2.900000 0.259808 0.0
          1.492949 0.0 -0.309538
          1.125046 0.196928 0.0
          2.200001 0.423204 0.0
          1.500000 0.300000 0.326795
          3.349576 0.415323 -0.500000
          1.697441 0.0 0.000323
          2.847256 0.416649 0.0
          1.500000 0.300000 0.500000
          1.480436 0.500000 -0.050660
          0.278182 0.500000 -0.136765
          1.162965 0.163910 -0.334623
          3.398069 0.173419 0.0
          1.221074 0.0 -0.137505
          1.625898 0.302590 0.500000
          0.0 0.358218 -0.418576
          1.600000 0.259808 0.500000
          0.524679 0.042268 0.0
          2.000000 0.199984 0.086595
          3.250000 0.0 -0.413397
          2.000000 0.044970 0.228595
          0.950000 0.103192 -0.092013
          0.550000 0.384530 -0.063101
          2.000000 0.275000 0.303109
          1.225499 0.037754 0.0
          2.473167 0.297093 0.0
          1.483267 0.425000 -0.071994
          3.500000 0.472325 -0.034583
          2.300000 0.086602 0.0
          1.959606 0.231234 -0.322683
          0.900371 0.105911 -0.410386
          0.875000 0.456699 0.0
          3.075000 0.303083 0.0
          2.625000 0.216506 0.0
          1.374352 0.196919 0.0
          1.500000 0.500000 0.050000
          2.036603 0.463397 0.0
          3.257608 0.240879 -0.500000
          0.550000 0.297927 -0.073006
          2.800000 0.173205 0.0
          0.775000 0.370096 0.0
          0.227156 0.0 -0.177401
          2.048443 0.500000 -0.407199
          1.792967 0.500000 0.127416
          1.500000 0.126369 0.284284
          1.716506 0.500000 0.175000
          2.317794 0.124205 -0.195543
          1.500000 0.200000 0.326796
          3.276441 0.459165 0.0
          3.175000 0.456699 0.0
          0.923035 0.500000 -0.302182
          1.463397 0.463397 0.0
          2.325000 0.216506 0.0
          0.275000 0.043301 0.0
          1.824814 0.072124 0.425176
          1.500000 0.225000 0.370096
          1.587119 0.125000 -0.046725
          0.725000 0.168024 -0.082906
          1.750000 0.057710 0.443918
          1.325164 0.312295 -0.079465
          0.600000 0.0 -0.500000
          2.475008 0.158735 -0.072240
          2.200000 0.500000 -0.500000
          0.598954 0.100773 -0.068623
          1.733162 0.352591 -0.162224
          0.389605 0.102425 -0.395139
          3.456250 0.275923 0.0
          3.279624 0.0 -0.311932
          2.900302 0.327085 -0.500000
          1.874103 0.302590 0.500000
          3.250000 0.173205 0.0
          1.066247 0.128928 -0.251362
          1.500000 0.350000 0.500000
          0.236083 0.500000 -0.220769
          1.850000 0.413397 -0.500000
          0.375000 0.196891 0.0
          1.650000 0.346410 0.500000
          1.725003 0.303102 0.500000
          1.791689 0.500000 0.222048
          1.199999 0.413398 0.0
          0.449989 0.182588 -0.077319
          0.105046 0.098885 -0.106635
          1.500000 0.250000 0.326795
          1.500000 0.463397 0.463397
          2.000000 0.150000 0.0
          1.700423 0.172052 0.500000
          1.390734 0.500000 -0.135654
          0.899462 0.0 -0.055097
          1.956425 0.276167 0.500000
          2.675000 0.129904 0.0
          2.325000 0.043301 0.0
          2.000000 0.0 0.200000
          3.100000 0.259808 0.0
          1.350081 0.084584 -0.500000
          1.446655 0.0 -0.404275
          2.000000 0.350000 0.423205
          0.900000 0.0 -0.500000
          2.000000 0.460054 0.423258
          0.725000 0.456699 0.0
          1.403954 0.176924 -0.328677
          0.725000 0.283494 0.0
          0.076934 0.457815 0.0
          3.100054 0.423061 0.0
          2.274997 0.187635 -0.064101
          3.374609 0.379113 0.0
          3.237516 0.215163 -0.252932
          1.426311 0.280678 0.0
          0.0 0.300000 0.0
          2.075486 0.129291 0.0
          1.224999 0.370097 0.0
          1.938637 0.069750 0.425984
          1.500000 0.500000 0.100000
          2.000000 0.275000 0.389711
          1.149865 0.242082 -0.500000
          0.575000 0.254626 -0.245374
          1.665002 0.183043 -0.294854
          1.550928 0.080940 -0.500000
          2.639185 0.0 -0.398475
          2.200103 0.327160 -0.500000
          1.270431 0.500000 -0.215375
          2.033467 0.125513 0.0
          3.342785 0.193707 -0.500000
          2.900000 0.086603 0.0
          2.750000 0.500000 0.0
          0.0 0.0 0.0
          2.000000 0.325000 0.389711
          0.0 0.500000 -0.054567
          1.346060 0.358010 -0.415190
          1.750000 0.086603 -0.500000
          2.801142 0.161259 -0.500000
          2.000000 0.0 0.100000
          1.824595 0.113539 -0.141194
          1.898031 0.173397 0.500000
          0.080988 0.100083 0.0
          0.266389 0.0 -0.057254
          0.799323 0.117173 -0.384086
          1.784292 0.255865 0.242011
          0.425000 0.283494 0.0
          2.000000 0.405538 0.255284
          2.425000 0.129904 0.0
          3.039077 0.0 -0.402570
          2.980518 0.500000 -0.306720
          2.050000 0.500000 0.0
          2.351264 0.080479 -0.500000
          2.475000 0.072169 -0.057915
          2.000000 0.325000 0.456699
          0.750000 0.413397 -0.500000
          1.952037 0.0 -0.408562
          0.850000 0.076795 0.0
          0.625000 0.254626 -0.107554
          2.000000 0.225000 0.389711
          0.925000 0.196891 0.0
          3.150002 0.241094 -0.500000
          3.087176 0.371380 -0.245913
          0.174963 0.370085 0.0
          2.150000 0.413397 -0.500000
          2.275000 0.129904 0.0
          2.000000 0.413265 0.150071
          1.299998 0.326796 0.0
          1.945506 0.500000 -0.223773
          2.000000 0.371497 0.179595
          1.023299 0.381632 -0.229013
          1.075000 0.312361 -0.074269
          0.225000 0.456699 0.0
          1.358321 0.0 -0.207155
          2.549822 0.413845 0.0
          2.000000 0.500000 0.100000
          0.800000 0.500000 -0.500000
          2.150000 0.0 0.0
          0.112419 0.274742 -0.404428
          2.000000 0.150354 0.086763
          2.625000 0.274241 -0.122862
          1.175590 0.036546 0.0
          1.569519 0.075000 0.016897
          2.584719 0.0 -0.312804
          1.100000 0.0 -0.500000
          2.000000 0.372950 0.459227
          0.372590 0.121387 -0.247807
          1.441457 0.0 -0.218020
          2.080385 0.300000 0.0
          1.650000 0.500000 0.500000
          3.150000 0.0 0.0
          2.574829 0.327752 -0.080430
          1.700000 0.163415 -0.500000
          1.700103 0.327160 -0.500000
          0.0 0.436528 -0.437330
          0.375000 0.043301 0.0
          1.291408 0.500000 -0.306437
          3.500000 0.071844 -0.036762
          1.500000 0.044970 0.271405
          0.131141 0.063488 -0.059888
          0.648941 0.074579 0.0
          2.000000 0.300000 0.500000
          0.775000 0.283494 0.0
          1.205534 0.0 -0.340283
          1.546510 0.500000 -0.405101
          2.576111 0.0 -0.134234
          1.552537 0.0 0.334696
          2.250000 0.397122 -0.107474
          2.246704 0.0 -0.403677
          2.800000 0.0 -0.500000
          3.175000 0.0 -0.051755
          0.600000 0.500000 0.0
          3.325000 0.303109 0.0
          2.047500 0.268045 0.0
          1.100000 0.326795 0.0
          1.958525 0.424703 0.500000
          0.250000 0.076795 0.0
          1.024494 0.037750 0.0
          0.949960 0.211348 -0.083777
          1.399613 0.413621 0.0
          1.786309 0.500000 0.448082
          3.420308 0.500000 -0.361429
          0.675000 0.370096 0.0
          1.785513 0.0 -0.142830
          1.626447 0.0 0.208404
          3.407764 0.090715 0.0
          2.031364 0.500000 -0.060049
          3.150000 0.173205 0.0
          0.155125 0.270938 -0.500000
          0.150010 0.413415 0.0
          1.500000 0.375073 0.370054
          1.569282 0.0 0.260000
          3.500000 0.500000 -0.221723
          3.050000 0.0 0.0
          1.739691 0.095959 0.013089
          0.550000 0.0 0.0
          2.300251 0.327320 -0.500000
          2.349475 0.0 -0.412255
          2.076934 0.042185 0.0
          1.636633 0.500000 0.132204
          1.500000 0.374638 0.194180
          1.565004 0.275000 -0.050603
          2.914891 0.121718 -0.265048
          1.500000 0.0 0.450000
          3.106820 0.0 -0.054092
          0.572575 0.0 -0.139954
          1.500000 0.0 0.150000
          1.500000 0.0 0.0
          2.975000 0.101036 -0.094260
          0.825000 0.370096 0.0
          0.560897 0.361954 -0.372277
          0.924999 0.111190 0.0
          0.825437 0.500000 -0.129023
          1.500000 0.274457 0.111789
          1.000000 0.0 -0.500000
          1.874487 0.389259 0.500000
          2.224999 0.216505 0.0
          1.675000 0.389711 0.500000
          0.784860 0.385524 -0.266243
          2.275000 0.043301 0.0
          2.881203 0.500000 -0.132986
          3.500000 0.500000 -0.129481
          3.150009 0.288670 -0.057266
          2.382146 0.220659 -0.273552
          1.419027 0.100000 0.0
          0.172903 0.232871 -0.329858
          1.674826 0.043219 0.500000
          1.825000 0.389711 0.500000
          1.935204 0.274999 0.360844
          0.110890 0.242667 -0.235680
          2.450545 0.442666 -0.055985
          2.146963 0.0 -0.408984
          2.839796 0.500000 -0.051255
          3.250000 0.0 0.0
          2.000000 0.456699 0.325000
          2.575000 0.072169 -0.057915
          3.448585 0.0 -0.091980
          2.150351 0.245028 -0.242700
          1.649671 0.086371 0.500000
          1.500000 0.350000 0.240192
          1.500000 0.075212 0.457661
          2.325137 0.430530 -0.064682
          3.375391 0.0 -0.119983
          1.500000 0.199963 0.153611
          0.524903 0.168217 -0.062551
          1.725000 0.456699 0.500000
          1.919027 0.400000 0.500000
          0.500000 0.163397 -0.500000
          1.423066 0.457815 0.0
          2.600000 0.259808 0.0
          1.299268 0.269937 -0.377575
          0.148831 0.500000 -0.421647
          3.250879 0.395197 -0.099519
          2.624065 0.361296 -0.230917
          1.862000 0.500000 -0.029065
          1.590962 0.102510 0.269995
          1.899285 0.500000 -0.134948
          2.425903 0.404337 -0.101359
          1.675002 0.100071 0.421086
          1.900004 0.326982 -0.500000
          2.150000 0.500000 0.0
          0.999927 0.153908 0.0
          3.382609 0.379013 -0.238256
          1.458525 0.075297 0.0
          2.528472 0.0 -0.223466
          2.000000 0.0 0.450000
          3.500000 0.0 -0.500000
          0.0 0.256297 -0.393824
          1.023391 0.500000 -0.303404
          0.900000 0.500000 0.0
          2.725000 0.370096 0.0
          1.840350 0.347951 0.027576
          2.003598 0.355069 -0.352138
          1.850000 0.0 0.500000
          2.775000 0.072169 -0.057933
          0.862643 0.500000 -0.397829
          1.449552 0.297443 -0.063518
          1.422047 0.046927 0.0
          0.900000 0.326795 0.0
          1.500000 0.463397 0.036603
          2.935714 0.500000 -0.049487
          1.700337 0.086378 0.500000
          1.563397 0.500000 0.436603
          1.695178 0.500000 -0.311187
          2.875201 0.0 -0.129802
          1.349989 0.355431 -0.147884
          1.861871 0.324398 0.361190
          2.675000 0.303109 0.0
          0.250000 0.413397 0.0
          2.738739 0.0 -0.400946
          3.200004 0.326982 -0.500000
          1.500000 0.150000 0.0
          3.019424 0.155943 -0.335887
          2.124870 0.129932 0.0
          2.650000 0.086603 0.0
          1.025000 0.370096 0.0
          3.200000 0.500000 -0.500000
          0.0 0.302256 -0.053497
          0.525498 0.0 -0.217747
          0.597236 0.074035 0.0
          1.400000 0.0 0.0
          0.899997 0.153775 0.0
          1.835196 0.0 -0.229178
          2.050087 0.413523 -0.500000
          1.649556 0.348770 0.182109
          1.500000 0.175000 0.283494
          0.247518 0.500000 -0.408477
          2.150042 0.259910 0.0
          1.500000 0.275010 0.370090
          0.375000 0.110289 0.0
          1.369074 0.088470 -0.096526
          3.100000 0.0 -0.500000
          2.175001 0.430621 -0.065178
          3.424788 0.042339 0.0
          0.0 0.0 -0.054567
          3.400000 0.0 0.0
          1.046429 0.0 -0.423237
          2.175000 0.216506 0.0
          3.335431 0.0 -0.220010
          1.800000 0.500000 0.500000
          3.434765 0.0 -0.433702
        </DataArray>
      </Points>
      <Cells>
        <DataArray type="Int32" Name="connectivity" format="ascii">
          942 859 1347 1416 2503 457 1814 74 1917 2161 115 13 2131 1371 487 564 368 210 54 1290 1139 2307 1676 105 2035 2310 1555 1818 2206 543 2133 1203 75 1741 445 2247 986 568 1462 542 2526 1053 2473 2559 2317 2188 2499 5 804 445 75 1741 1525 307 1423 2459 2317 167 2188 5 278 2351 2086 2408 149 1072 381 1093 1579 518 1732 1093 1656 875 1127 1697 1845 457 1240 74 830 1666 1991 756 2131 2189 487 1371 2059 326 268 1552 1811 819 2364 1946 2447 413 1272 407 1666 1991 779 813 997 2236 1769 70 1845 1240 2282 74 704 885 840 1868 1501 1277 2147 58 1845 2282 457 74 1811 2364 1837 1946 1837 1946 2364 1320 130 314 1936 335 1804 445 1741 2247 1830 1946 1811 2459 1374 1932 2445 1687 2350 246 655 1315 2175 1926 2317 1247 2540 1408 267 2274 1325 2302 997 969 507 1149 419 1657 690 1246 2511 82 779 1991 1666 756 2317 1926 2175 699 819 1811 1830 1946 141 268 326 1552 2259 1434 2299 20 2021 237 213 2467 2133 543 2206 2248 1484 1399 1188 1859 362 26 1395 1859 2074 2075 1379 1784 207 2249 593 1537 1716 1109 69 1315 288 1559 2541 1628 2390 134 1121 1110 557 1215 487 996 1160 2104 2542 978 566 2544 526 2380 689 770 2423 2099 543 2353 2206 2248 2229 2499 2188 5 2407 174 2117 2504 419 507 1657 2395 1991 813 828 2379 2524 1221 834 1320 1742 2355 508 802 2175 314 1122 699 457 2282 1845 1814 1215 1374 78 1297 1582 1803 114 495 826 1351 1580 70 830 2011 1666 756 2126 2138 2073 805 2089 1278 208 2256 2126 2138 805 1660 1215 1297 78 177 690 82 2511 497 2031 1941 1032 1741 1910 1235 2521 1390 1215 177 78 2472 487 1371 2189 1 2133 2353 543 2248 1678 1297 672 2490 1796 2542 2104 1097 2332 2459 1946 671 737 1676 2212 1420 860 1559 2147 58 1819 2445 1932 1687 467 308 643 2279 2259 2299 820 20 130 980 314 335 557 487 1215 1846 238 1991 1666 813 356 1277 77 2371 2123 568 986 116 2520 457 1845 1814 1285 382 1256 777 840 1786 1990 2279 735 618 1270 1904 2055 1679 557 1510 1739 2547 419 1149 672 1297 2416 2490 1314 167 1043 2162 1678 78 177 2472 2229 2188 167 5 1821 1183 2307 2028 308 917 1733 775 2474 1256 587 414 1165 1297 1678 2490 587 1872 820 2395 1769 943 1201 1327 2229 5 2412 999 2286 1559 860 58 2520 1845 969 1958 2286 824 860 1559 130 1936 1755 335 2364 1946 819 1320 1328 2511 1246 82 2553 2184 1044 2354 1359 1771 2323 624 356 2371 77 82 1876 2478 297 2387 2031 1941 75 1032 1770 553 1490 988 2511 82 1328 497 1678 78 1297 177 262 1818 1773 1911 1911 729 2201 2160 880 2267 1223 696 1423 307 2045 2459 2547 419 1149 1657 1221 813 834 1203 1910 2521 1235 1532 262 77 1818 1911 283 2158 188 1044 2259 2299 1434 572 2524 1763 1221 1320 741 834 543 1203 860 2147 1277 58 2474 587 80 414 1991 2379 828 2064 690 2501 1246 82 487 996 1215 1536 1314 2050 1043 167 2284 1774 604 319 2553 837 2184 2354 1811 1946 1837 2459 557 1215 996 562 1857 1996 1033 1749 151 1478 300 404 1971 1399 1484 404 1501 2147 1277 2371 2188 1104 1257 559 1043 167 2050 2162 1623 2467 213 851 2520 1845 457 969 2323 1771 1363 624 980 130 314 1936 283 2096 2158 1044 741 543 2206 1203 717 2371 696 82 2332 1343 883 1465 557 1846 1215 815 2137 570 1932 1664 2332 883 2459 1465 2150 521 499 1193 1779 2218 371 1707 557 815 1215 562 824 1569 860 1628 290 2467 2044 191 1935 1773 1818 1911 2002 1655 1889 2272 837 1142 763 2354 741 1221 834 1203 860 1277 1155 58 1277 2371 356 82 1374 1687 2445 956 1168 834 1221 813 1250 1306 1056 1142 1912 710 50 1199 2142 2457 2019 2451 1991 828 1844 2064 1328 1246 2501 82 1043 2050 2559 2162 2031 1032 2215 1741 2175 314 699 406 2520 1845 1958 1814 1935 1818 77 1911 1830 2459 671 1211 1876 178 297 2478 2175 1122 1257 699 1665 2541 288 396 1679 616 557 1510 1363 1006 2323 624 1257 1104 2188 2050 2019 2142 2451 1661 114 2554 1582 83 2188 559 1257 183 2474 981 178 2478 1584 122 1104 1844 2521 75 693 1664 1876 178 2474 981 445 693 75 1664 570 2336 2137 1932 2413 1113 1273 2116 981 2478 2474 2115 213 237 290 2467 1215 1536 996 562 1049 1120 152 474 2188 2534 1104 559 570 2137 1282 1664 963 699 1926 1688 1830 1946 2459 1211 980 1122 314 335 837 2553 1142 2354 2059 1105 326 1552 819 1946 1830 1211 2055 1510 557 1224 587 2395 820 1358 151 508 2293 1411 2259 820 2299 572 196 2010 498 2486 2474 2478 1876 2387 2259 1950 1434 20 1584 1302 584 988 1104 2050 1257 1877 2505 457 2503 74 2188 1104 122 1844 1282 570 2336 2137 2534 559 2188 183 507 419 1149 2395 2150 499 2212 84 1272 2179 825 677 2229 2188 2499 1383 2026 498 2010 2486 1257 2050 2188 167 860 1277 2147 1628 929 2372 1703 1054 2186 760 879 2088 66 557 487 564 2175 1122 314 1408 980 314 2274 1936 690 1359 2323 624 2535 1982 2096 2354 1666 2011 506 756 1755 459 651 2333 2503 457 2520 1814 828 813 1991 1637 1059 907 1572 967 264 2388 997 962 480 1920 1235 74 1920 1235 1240 1032 2547 1739 2079 1149 1755 651 335 2333 2044 1537 290 191 760 2186 2409 814 2287 1716 2082 138 2031 2215 804 1741 1122 2559 1257 2162 1508 2366 1070 850 397 1375 2465 1377 996 1536 1445 562 2510 209 1307 1705 2535 293 1982 2354 1550 1484 1188 2148 1742 1484 2355 2148 2355 652 508 2148 1185 1550 1603 2148 2089 652 1278 2148 1189 848 1487 414 979 2079 2332 1657 587 1256 2474 2115 979 2332 2079 2367 1215 1445 1536 562 17 1165 1678 2490 196 2010 2486 275 2026 2486 2010 275 2332 2163 1638 1343 1083 252 2506 1846 2357 1989 1990 1967 646 1941 128 1538 662 628 1361 1957 587 820 1872 254 2175 1113 1926 1247 1526 2246 2199 1847 646 1741 1941 1538 1804 1664 445 2247 2060 1006 1134 2160 2282 1814 457 74 141 528 77 2371 584 1584 162 1302 78 392 94 2486 583 1982 911 1044 1252 2044 290 2467 2104 1386 2566 2013 307 382 1285 777 964 2464 1879 1143 2483 1726 206 1220 141 326 1105 1552 1842 129 990 1350 1779 1867 2218 1350 2547 1149 2079 1657 2133 1291 543 691 2294 661 529 625 2535 1982 293 138 1106 2323 1006 624 1037 4 1598 2400 2535 2096 1982 138 1204 1932 570 1664 2474 80 587 2115 1910 2521 494 1390 2045 2459 307 1465 633 644 1872 1358 2520 2184 1115 1958 1889 1655 778 2272 77 528 717 2371 984 543 1291 691 2175 699 1257 183 1359 1363 1771 624 2199 2246 2374 1241 1048 1203 1831 2248 1829 1375 1695 2321 1048 843 1203 2248 2332 671 1946 73 1099 871 1513 1773 1665 2358 2541 396 2359 1501 2147 58 1906 223 1113 2116 1512 1534 2067 715 423 178 981 2478 557 996 487 564 423 2478 981 2115 162 1584 584 988 457 1500 1240 74 78 2137 2486 492 1941 1741 75 2247 1926 1113 2175 406 2332 2079 2367 2163 837 2354 763 1660 1133 51 1117 395 427 1056 1306 621 1801 2046 1871 1790 78 2486 1297 492 2499 5 2229 1383 2541 2201 77 1911 741 543 834 1320 1374 1297 1215 177 1573 1784 200 883 583 2096 1982 1044 833 564 441 1267 1395 1974 274 1076 2047 753 2075 2240 1072 149 1795 2240 1208 1185 1603 2240 2258 1579 1732 117 207 2100 1797 117 57 1316 118 1076 480 1544 1920 74 2310 670 1555 1818 1111 1240 1920 1544 2200 1044 2184 2354 162 1302 1584 122 894 1610 252 2502 2215 1741 1032 1198 1256 1876 2474 981 1662 570 1204 1932 75 1240 1235 1032 2520 457 2503 1132 651 459 1755 1157 1716 2287 2071 821 250 1277 1501 58 837 1988 1714 1958 2055 557 1679 1224 650 2372 118 216 1982 1142 2553 2354 2188 2050 1087 167 1257 1122 2175 1408 2121 1469 2 696 1755 1936 314 335 1573 1638 1784 883 604 793 54 2027 507 587 1872 802 1910 1235 480 1920 763 1142 1982 2354 2297 2034 553 311 1423 307 1525 777 2259 20 820 1358 2377 1235 1910 1390 2396 2559 1122 2162 690 1359 1935 2323 66 487 557 1224 1729 2327 716 663 1926 699 963 335 828 813 834 2379 577 297 2478 2387 507 1872 587 2395 1256 414 2474 614 1555 1527 2035 645 955 2544 566 1279 2035 2250 2310 645 2505 546 457 74 2097 1638 1573 883 894 252 1083 2502 2019 2142 2533 2457 1573 200 2014 883 2134 1510 2033 1267 952 1706 1570 1671 1363 2323 1006 1771 1031 115 2161 216 2554 2262 1582 2504 1168 2524 1221 834 1087 2188 1104 2050 1273 1113 2413 1022 1910 1235 1920 1532 1678 1297 1165 177 307 883 1466 382 906 441 564 1267 2535 2096 1044 2354 813 2379 1991 2064 2381 431 274 2537 2126 2073 2138 1696 587 1872 802 254 2268 834 813 191 837 2138 1714 1988 2079 592 2454 1162 77 82 717 2323 1730 2206 543 2353 2332 671 984 1162 2474 178 1876 2478 828 1087 1595 2289 1634 1683 1045 1479 628 678 1078 2450 646 128 1941 1157 1487 1189 414 1465 98 716 1258 1658 2461 1252 2044 290 883 1343 307 1465 2351 278 1815 944 1087 380 1595 2289 2527 1238 1680 1436 563 1236 473 1436 1573 1638 2097 1784 833 6 564 1267 1291 290 636 2467 106 369 1478 254 1161 725 146 254 151 895 1478 254 223 2116 2532 1544 1605 437 146 254 69 1109 2192 1315 1525 1423 1002 2459 860 1613 1277 1628 2014 883 200 382 2169 1122 980 335 2147 2371 2359 1552 1679 2028 1794 1510 636 1291 2467 191 2188 167 2317 2162 837 763 805 1660 1291 691 979 73 2396 994 1122 2559 639 328 2368 372 2169 699 1122 335 963 1688 1926 1326 1240 1500 1235 74 1682 1515 5 999 2296 2261 2200 2184 1573 2014 1702 883 2421 488 210 1749 141 1818 77 528 64 1256 2555 1876 445 1664 75 2247 1920 75 1235 1032 196 498 679 2486 288 1628 2541 729 2358 1665 2541 729 671 1343 2332 1465 1105 2371 141 1552 2317 1688 2162 1672 914 1353 309 161 1679 1794 616 1510 1049 152 15 161 833 1510 1289 1267 1714 1988 2138 70 1487 1343 671 1465 1714 2138 837 805 608 725 1161 572 2336 2137 1932 1024 2137 2521 196 275 830 756 1991 1383 1285 1468 1256 382 388 2459 1946 851 1988 969 1714 1958 906 564 6 1267 1437 2307 1139 1480 283 188 2096 1044 1946 671 2459 1211 1282 2137 2336 1024 283 1750 2096 188 1204 1662 1932 1184 2396 994 2559 2162 1946 73 671 1211 2046 485 2183 970 2447 409 413 1418 353 445 1804 1664 2137 1374 78 1932 2020 2070 670 2471 2126 1696 2138 1660 480 1235 1181 74 1678 137 78 2472 1359 1935 2323 1771 2532 223 1906 2116 2317 1688 699 2162 837 2184 2520 1958 1487 2332 671 1343 114 1803 1250 495 2332 2079 2163 1657 717 82 690 2323 828 1991 1844 1637 291 696 2371 82 2165 1694 530 1511 587 80 1487 2395 2175 1539 1113 1247 1666 506 779 756 1830 671 2459 1465 1215 177 1873 956 587 1487 80 414 613 137 1678 2472 2188 2317 183 2162 2359 2147 1501 2371 78 392 137 94 238 830 1666 1991 66 441 833 564 2332 2163 507 1657 848 1487 414 2283 77 2201 2541 1628 1291 629 979 691 2217 319 2511 624 1306 1250 2492 495 1083 2506 269 1846 1941 459 1240 1032 6 2076 833 564 1946 2459 2332 851 196 1804 1204 34 1111 1240 459 1032 2200 2184 837 2354 2332 1657 671 1162 830 2499 756 1383 828 2379 834 817 1683 1634 109 1073 1439 1662 570 1204 392 679 498 2486 1339 80 414 614 1111 1920 1240 1032 2061 141 1176 1707 1682 5 2229 999 1774 793 604 2027 1869 1913 668 268 2520 969 1988 1958 555 2337 2534 122 1525 1466 307 2459 1237 472 1889 673 1048 1831 1398 2248 1115 2520 1958 1814 238 1991 813 1637 485 1917 115 13 1982 1044 2096 2354 557 1510 833 1224 2474 1358 1693 59 17 1678 1165 177 834 817 2379 191 1311 1210 2005 229 2459 883 307 1465 288 322 1628 729 2175 1247 2317 183 2229 167 2412 5 1032 1741 1941 1198 837 1115 410 2184 1583 1926 2057 1247 78 94 2026 2486 929 2438 2372 1148 314 620 2175 1408 2195 2544 2170 1163 2097 1573 1702 883 487 2502 1242 1846 820 2395 1872 1358 1755 459 1111 1240 196 275 2521 1390 2461 290 2044 1537 162 122 1584 2064 1257 2559 2050 2162 2192 2087 1601 653 2188 2499 1991 756 2474 1693 937 2387 1322 692 1997 2213 1982 763 2354 673 2553 410 1115 2184 1439 1204 570 1664 392 679 2486 34 2412 167 2229 531 1583 438 2057 1926 2540 573 267 36 77 2371 1277 1628 269 1846 2506 177 1875 1133 2194 890 98 2376 716 2277 2260 603 2552 2521 2133 1203 843 2248 1388 1932 301 1687 837 410 2553 2184 77 717 220 2323 1730 2353 543 1211 1449 2223 67 1891 2026 94 392 2486 17 65 1165 2490 1935 1359 690 1290 2133 828 843 1203 1384 1324 772 890 1113 1539 2175 2058 2133 817 828 1203 507 2163 2079 1657 2503 1814 1175 74 1748 779 1991 813 679 196 2486 34 584 1302 162 122 2286 2135 1559 58 837 2520 1988 1958 1115 2184 2520 1814 508 151 1742 802 576 981 587 2115 2061 2135 66 101 651 1326 335 2333 1730 543 2036 1211 1665 288 1135 396 1456 1496 1756 2367 763 349 410 805 712 1339 80 414 1105 326 141 2371 2506 1846 252 177 636 2467 290 191 2133 843 828 726 2061 66 2135 441 374 465 98 1710 739 2416 2026 492 1766 1991 779 756 1819 1932 1388 1687 1991 2188 1844 1383 849 2112 718 36 2304 2244 1078 1179 1297 2486 2026 492 2474 59 169 614 651 459 1326 2333 1291 817 834 191 2133 691 543 2353 587 2180 820 254 2397 1404 2422 896 1768 2106 175 2008 1575 891 1555 2008 2188 183 1257 2162 1242 487 2174 2502 1730 2353 1211 1890 986 2488 2194 911 1122 699 2396 2162 2122 958 1310 2477 410 349 763 495 1991 2499 2188 1383 543 691 984 2353 2091 1551 756 2345 1992 849 718 1877 2137 196 2521 1664 1539 1551 2091 2345 224 251 178 981 1616 13 20 2478 110 1689 289 619 2366 1502 941 474 972 696 326 2371 475 1478 369 2180 2318 1579 2411 861 487 1371 1 564 2412 107 167 531 2072 2192 1601 293 979 691 984 73 950 2088 879 474 459 1240 1755 1157 139 1773 1935 1911 77 2147 2371 1628 1590 1285 1256 777 1951 813 1221 1203 828 834 813 1203 423 981 576 2115 834 2467 1291 191 1065 1580 1351 70 200 1859 2014 382 2422 1404 265 769 837 1115 2184 1958 1830 671 1011 1211 2401 459 1032 1618 288 2541 1665 729 2060 1363 1006 1771 1898 691 2133 2353 457 1235 1500 74 713 1273 1113 2116 2014 1466 883 382 932 2120 1065 70 1083 2502 252 1846 2191 54 2230 176 472 1237 2504 673 1078 1710 2304 1179 517 1743 1273 2116 1808 2454 592 1162 937 2474 20 1693 2002 680 1889 1655 1192 1176 1419 101 2459 671 2332 1465 509 691 984 1162 2296 2184 2200 1044 410 349 323 805 943 1769 2236 70 108 975 1169 1318 1941 1240 75 1032 260 1668 636 2379 555 2534 1302 122 2126 2073 648 805 1941 1240 459 1157 699 1688 1825 2162 1582 114 83 495 18 8 1638 851 587 802 2180 254 2131 2189 225 487 2378 547 1767 2062 1941 1741 646 1157 480 1910 1181 1235 1126 669 376 1957 2519 907 1385 933 1324 124 1667 1384 2503 1132 457 60 1616 20 1178 2478 735 2249 818 1052 1083 252 887 2506 1616 13 2299 20 2173 1873 1846 177 763 410 837 805 2229 1844 2188 1383 134 2390 520 794 1515 1629 5 999 2284 1530 985 915 2377 546 1235 1390 2474 1693 169 59 812 1798 1642 2298 2026 275 823 492 1485 1698 683 599 246 31 655 1315 1629 2412 5 999 2445 1687 1819 956 195 1515 1346 5 652 789 508 2298 2089 256 652 2298 1953 101 647 1371 2401 1032 450 1618 979 984 691 1162 830 2499 228 756 20 1693 2474 1358 2060 2285 1006 2160 2133 543 834 1203 739 2026 1858 275 1732 518 2431 1093 1456 149 381 1093 2431 381 1072 1093 1579 2318 518 1093 395 2194 1133 911 279 67 356 581 2188 1991 122 756 1291 636 817 191 848 414 712 2283 262 2457 2142 2451 2496 1189 848 1487 711 691 629 817 557 616 833 1510 2200 2535 1044 2354 262 2451 2142 1197 1014 510 1191 1858 1946 819 1320 1211 345 2357 1029 7 711 828 2289 726 937 20 2474 2478 2377 1910 494 1390 860 1613 1155 1277 980 2274 1895 1936 1766 1991 756 2064 943 2120 179 70 64 2555 1400 1876 2061 101 66 1095 1730 1211 2036 1890 1012 2060 1363 1134 1716 2287 821 138 392 94 2026 2013 438 1926 1583 1688 834 543 1291 2467 655 486 2350 1315 314 2175 620 406 1766 756 122 2064 629 691 1291 817 2188 1257 167 2162 1748 813 1991 2064 1111 459 1755 2333 740 1179 1539 2058 77 1818 717 528 1583 1926 1247 1688 2304 1710 1078 2244 963 2219 699 1688 712 414 80 2283 1386 1404 2556 498 1982 2553 1044 2354 1237 1660 2504 673 664 319 1246 2511 2061 66 441 612 1363 1106 1006 624 1237 1889 1660 673 1755 1936 2432 2349 741 1951 1221 1203 1204 1804 196 1664 145 1657 1487 2395 1863 128 679 1538 520 2000 1998 794 739 2026 823 492 1830 100 671 1465 2060 539 1012 1363 633 1872 56 1358 948 251 224 981 1023 1066 812 2298 2414 1794 1679 2028 1237 1889 472 2507 2467 73 213 851 1665 1135 2358 396 1205 1174 110 2416 1666 2149 1684 813 77 356 82 2323 2504 1660 763 673 741 2092 543 1320 202 1320 834 2467 690 2323 1106 624 2175 2317 699 183 317 1559 2033 396 1794 2414 1679 616 2201 1911 2541 729 2092 1320 819 1211 1632 1051 1432 962 301 1687 1932 2472 984 2353 509 1890 457 1845 1240 1500 1825 2162 1688 1672 2228 476 576 981 1584 1373 1595 1844 2462 1306 1853 1036 202 2467 834 191 457 546 2505 60 128 2349 1240 1157 169 59 1344 614 18 1414 8 851 2061 1707 1176 810 2294 2466 1045 1479 714 2289 2229 999 690 220 717 2323 628 1078 678 2525 1255 1872 1149 2395 739 823 2026 275 837 805 2138 1660 1277 2371 2147 1628 314 1122 980 2274 2474 414 80 614 80 1358 2474 59 1012 1363 343 1134 388 1837 1946 2459 664 2217 319 2511 2260 0 603 2521 260 2379 636 191 2134 1289 1510 1267 2526 2473 2512 38 1065 898 932 378 78 2026 1297 2486 1006 1363 2060 1134 2092 543 1320 1211 837 2138 2354 1660 2436 2070 2207 1975 1775 847 1630 1975 727 243 1694 378 1397 1775 2288 1975 693 1282 2521 1664 2503 457 2505 60 18 2097 1638 8 1065 1351 2052 378 979 592 2079 1162 948 899 251 981 698 225 2189 487 656 833 2076 996 1087 1595 1373 1844 356 2201 77 2167 1946 73 2467 851 2413 1273 1743 2116 69 2082 1716 138 1257 699 1122 2162 1819 2445 1298 1932 71 437 1463 1372 1089 1637 999 1383 529 661 839 1067 2521 1664 1282 1731 1873 177 2025 956 885 704 351 2151 1127 1654 1656 696 356 67 279 1891 1062 223 2282 874 2282 223 1062 1544 392 700 1645 34 1666 779 2149 813 1798 239 675 1372 1673 636 260 1668 1584 1595 828 1844 64 1400 780 1876 2188 167 1087 1844 1678 177 815 2472 466 2254 1191 971 1638 883 2332 1343 690 2511 319 624 1846 1873 1215 177 714 2229 2412 999 151 1478 802 254 521 1962 499 1193 160 1779 371 1707 317 2033 2347 396 1837 2364 973 1320 343 1012 539 1363 157 710 180 1749 2079 1149 507 1657 942 704 859 1416 2332 1638 213 851 2432 1755 130 1936 438 2057 1926 1618 718 2112 2473 36 587 2180 576 2115 2412 2229 714 531 1056 578 1250 1142 1968 729 1911 2160 778 1889 680 1655 98 716 1302 2277 2268 834 1168 813 151 802 1478 404 894 1083 649 2502 1189 1487 2496 1465 1335 1822 725 970 1822 369 106 970 740 1539 1022 2058 1087 828 1595 1844 2487 61 1558 2507 1716 1315 69 138 98 1302 716 1658 2259 644 633 1358 2061 1176 141 1552 1409 1755 651 335 1616 2299 13 1790 784 1695 1375 1504 1311 1601 1210 681 2332 979 1657 1162 6 906 2076 564 1569 288 322 1628 848 2496 1487 211 1006 1106 356 2323 356 1106 690 2323 604 54 210 319 739 1858 823 275 2175 699 1926 406 2425 715 608 572 587 1487 414 1343 476 382 576 981 1466 307 2459 883 1113 1247 713 1618 2063 1190 2498 2400 1233 349 763 805 145 2395 1487 2283 78 94 1678 1297 144 1584 1668 2379 486 1109 1716 1315 267 2274 1408 2450 1730 2036 918 1890 1294 2407 909 2504 2104 1160 1386 978 2302 264 997 962 2133 726 828 817 1917 485 389 1790 1743 1906 1113 2116 2036 1211 918 1890 984 73 2332 1162 576 899 2228 981 739 869 2416 492 526 1140 566 2380 526 2544 2195 2380 947 298 1426 2380 689 2423 2195 2380 2034 770 689 2099 693 2521 1282 1731 363 1100 298 2099 364 1586 363 2099 2327 354 2034 2099 2423 770 298 2099 79 352 1711 258 690 1106 356 497 2200 2535 188 1044 2076 996 833 564 813 2379 2517 191 1136 2030 1610 2502 238 1666 1684 813 603 2521 0 1532 2261 446 2200 2184 778 293 2535 2354 2229 999 1637 1383 1291 543 834 817 1993 616 1445 142 509 984 691 2353 1100 2220 1426 601 1156 2086 694 278 1445 798 1281 1503 371 2218 1597 1604 1287 371 2164 1604 986 911 568 542 559 1179 2175 183 314 335 699 406 2133 543 1291 817 279 67 2223 1891 290 1537 636 191 359 362 1395 1859 2534 1179 559 183 2434 872 554 738 1256 981 2474 2115 17 2506 1678 177 1714 648 2073 805 2220 1700 435 601 18 1414 2097 8 2433 763 1233 258 169 1693 2474 2387 1830 100 1011 671 2413 1743 1113 2116 1653 441 1371 564 139 1935 912 1911 1845 1240 1500 2349 719 668 1309 1563 1679 616 2414 142 77 220 1935 2323 1484 1859 1188 2148 2379 817 636 191 423 576 2180 2115 680 1889 778 1660 2553 911 1982 1044 141 77 1818 1197 2147 2061 2135 1559 931 2282 1062 1544 1593 409 2447 1418 648 805 1714 2443 2261 1751 2296 2200 2055 1679 2389 1224 628 2244 560 1077 128 1500 1240 2349 680 778 1655 1660 2533 1421 2142 1661 2142 2451 2061 1197 949 540 1151 67 392 2026 498 2013 80 59 2474 614 2374 853 957 1097 963 1926 335 1326 195 1682 1515 5 1255 1149 419 2395 476 1859 576 382 2520 446 2029 2184 1819 1298 1388 1932 979 73 984 1162 2134 1661 2033 1510 677 1505 2179 1097 984 1291 543 73 2285 2060 1006 1771 617 797 1693 2387 2147 2135 2061 1552 6 2076 656 833 2459 883 2332 851 356 1548 67 1106 884 1211 671 1890 1955 1347 1864 1504 811 1459 24 153 1257 2050 167 2162 931 1062 2282 874 2553 2184 2263 1044 2200 2535 2354 1511 1837 973 1946 1320 1946 1291 543 2467 713 1113 742 1247 1144 1196 1385 84 2201 1771 1911 2160 830 1991 238 1637 2175 1539 1247 183 828 813 1637 1203 587 2395 1487 1343 2111 1863 679 1538 1970 275 2521 1731 262 77 1911 1715 2200 1988 837 2184 859 383 1347 1504 2302 997 969 962 2224 182 323 2391 1673 260 636 191 2242 2390 1121 235 1492 1693 1358 59 579 809 2283 59 1799 2299 1380 20 1863 679 128 524 250 1155 1277 58 2359 250 1501 58 1060 1363 1006 1134 1953 2135 101 1371 1821 1207 1183 1368 917 308 1207 1368 997 962 2388 70 952 1570 529 1671 308 467 892 1368 279 1548 67 581 2520 837 1988 2184 18 1638 883 851 24 1598 2193 1416 1714 805 837 1958 2268 813 2517 191 1590 307 1285 777 1060 1006 1363 1106 1112 950 879 474 2541 1911 77 1715 323 837 410 805 200 382 883 1343 1845 1824 1958 1814 2188 2317 2499 183 438 1926 1688 1326 2201 1628 77 2167 2142 1707 262 1197 843 2289 828 726 33 2487 2475 2507 1562 380 2289 726 77 1628 2541 1197 1278 1185 208 2256 709 149 1456 2256 1146 2089 208 2256 1993 1445 1840 142 2217 2511 1106 624 1235 75 1941 1240 980 1895 130 1936 2137 1282 1664 1731 196 498 2010 769 832 1796 2104 1097 585 392 1645 34 2469 1176 1192 1552 66 833 441 612 1240 1544 2282 74 1018 2135 774 1371 1215 815 177 2472 361 2244 2304 1179 253 1054 13 2478 1006 1548 1060 1134 1006 356 1106 581 2061 1707 2142 1197 2541 1559 2147 1628 328 1698 1485 372 2332 883 1638 851 1788 1022 1539 2345 392 498 2026 2486 210 368 157 1290 774 2135 1018 58 1487 1657 507 2395 1102 2499 5 1852 1910 494 2521 1532 1757 1363 1359 1323 255 1114 748 681 24 1037 1598 1659 1466 1285 307 382 1083 887 269 2506 883 382 307 1343 2175 1113 223 406 1280 2214 648 1714 2138 1988 837 2354 1176 101 1192 1552 979 2367 2079 135 2138 2146 1988 2354 2178 1582 1294 2504 554 2230 1202 2027 301 1932 78 2472 714 2229 2289 531 2096 1750 2535 188 2214 648 1714 2443 742 1247 1113 1022 1845 2282 1824 1814 1468 1590 1285 1256 196 1804 34 1538 2055 2028 1679 1510 2133 834 543 817 288 2541 1559 396 2057 713 1247 1618 783 2282 931 1544 894 649 1610 2502 1645 392 1241 700 2357 1990 1786 2279 804 445 2031 75 2212 499 737 1420 1676 737 1139 1420 1466 2459 344 883 2402 1032 1920 2116 1111 1113 223 2116 742 1113 713 1022 2446 301 2361 1184 979 861 1291 73 1359 1363 339 1323 77 2147 1628 1197 1733 643 308 2279 628 1734 560 2244 1798 812 1066 1149 1032 2116 2402 1618 137 94 392 2013 207 72 2249 1537 1926 2057 1247 1618 253 1345 384 1054 2091 740 1539 1022 1202 2434 554 1323 1053 654 946 2559 1898 2353 2133 2248 568 911 986 116 1871 2046 1387 572 1993 1281 1445 798 2260 2521 2552 1731 1694 2165 898 378 1510 612 833 1224 643 885 467 2279 1492 1693 20 1358 1060 1548 1006 1106 620 223 2282 1082 1487 671 2332 1657 219 2520 2029 2184 1653 1909 1371 441 2200 837 1988 2354 509 984 750 1162 122 756 1991 2064 1102 5 1672 1852 2126 280 1696 1660 225 487 698 1873 353 1664 1804 53 1804 1741 2118 1538 2030 2502 1945 1 1548 1106 356 581 365 1409 651 335 620 406 223 1082 1481 101 2030 1 648 1280 1714 2073 557 2389 1679 1224 2445 1932 1374 1024 196 2486 2137 275 1694 243 2241 674 1125 1106 1363 624 2200 1988 2146 2354 278 944 2351 2299 1857 1084 1996 1749 1590 1525 307 777 1291 213 2467 73 2521 275 494 1390 2046 485 970 1790 691 2133 817 876 964 2476 2464 1073 2263 2553 2448 2184 1895 323 2224 2443 579 1194 809 59 78 137 1678 94 1786 840 885 2279 144 1584 2379 2064 1181 1235 2377 546 2388 1051 826 2073 2061 101 1176 1552 78 1204 1932 700 2061 66 612 1095 1539 1179 2175 2058 78 1932 1204 2486 2524 834 202 1320 828 636 2379 817 1201 943 1740 1327 2096 188 2535 1044 763 837 410 1142 291 696 972 2371 741 2092 2206 543 1204 700 78 2486 1270 1052 735 1904 1270 618 1907 1904 955 1907 2544 1904 459 1618 2401 1326 834 828 817 1203 1869 348 1913 268 1714 969 1845 1958 979 629 1291 861 1235 1500 1941 2247 1273 713 1113 1022 1409 651 1755 1157 494 2521 1970 275 164 1946 1320 2467 1645 392 743 1241 2294 529 2466 1671 1558 255 302 2507 323 1936 2274 1824 1291 984 691 73 1122 699 314 335 308 1571 467 1368 1530 2284 604 319 726 817 2133 876 1121 2242 235 2181 2271 71 600 644 353 1439 1664 53 2219 1825 699 1688 2188 1087 1104 1844 2202 79 1276 349 202 834 2268 191 1423 2045 1002 2459 868 886 2403 1876 806 1992 946 2181 783 931 1062 1544 18 1638 2097 883 2061 141 1707 1197 2236 997 2388 70 2175 559 1078 1179 1682 1089 999 1383 2175 223 1113 2058 690 82 356 2323 1235 1240 1941 1500 828 1844 843 1637 1946 543 1291 73 600 71 1463 1372 675 239 453 1372 2416 1297 2026 492 2445 2336 1932 1024 1743 1906 2413 1113 1120 1049 582 474 327 1920 2402 1032 1291 691 2133 817 1757 339 1363 1323 750 984 509 1890 385 1647 2003 372 1445 616 1993 798 671 1162 1657 544 2174 487 2189 1 197 2511 1328 497 1595 2427 636 817 2029 446 2261 2184 1346 1515 1629 5 1087 1844 167 531 1677 2073 2126 1696 2104 1386 2013 978 17 1678 2506 2490 727 1647 385 378 2439 568 2123 116 124 1384 170 991 1863 1418 679 524 344 883 2459 851 2462 427 1306 621 764 2019 2533 2457 884 918 1211 1890 1534 2067 715 2408 507 2395 587 1343 2462 1306 410 621 2188 2229 167 1844 1150 1734 628 2525 938 2106 1768 2457 1954 1012 343 1134 2259 1950 20 1358 487 2502 557 1224 200 883 1638 1343 2553 2448 2184 1854 2339 2160 1134 581 1314 1043 2382 2162 1804 1941 1741 1538 1111 2116 223 1544 1968 1911 1771 2160 617 1693 169 2387 1678 2506 252 177 2065 996 487 1536 251 899 423 981 1118 1342 239 1648 323 2274 736 1824 196 679 498 769 467 1571 308 2279 54 1290 210 319 2500 1400 2555 1876 2462 410 1306 1036 67 356 1106 497 2535 2200 188 1511 1845 1500 1691 2349 1176 101 2061 1095 1941 128 1240 1157 2173 2025 1873 177 674 2354 2535 1511 869 1297 2416 492 942 1347 1652 153 1766 122 86 2064 1653 1371 2131 564 834 2379 813 191 763 1660 2354 673 1151 540 998 67 2261 1751 2200 446 763 2504 1237 1660 213 290 1291 2467 1582 2178 1803 495 711 2289 380 726 1439 1204 1664 53 1246 319 690 2511 13 1054 423 2478 1993 1840 1445 1503 886 1876 1467 178 66 2502 487 1224 1180 1329 1448 968 2488 986 1462 935 1115 410 2553 574 108 1516 1611 1068 507 2148 2163 1343 1682 999 2229 1383 80 2283 809 59 507 1657 1487 1343 2339 1134 1548 581 711 2427 1595 817 169 2387 2474 614 690 1106 2511 624 187 992 1359 1771 1030 949 1292 67 308 917 775 1368 264 1051 2388 962 2483 188 1726 1220 1345 178 423 2478 2200 188 2296 1044 210 157 2421 1749 2137 1932 1204 1664 671 73 984 1211 443 1681 669 1036 662 1361 1918 1957 984 1162 671 544 693 75 2521 1532 487 1873 2065 1536 1282 1731 2137 1024 740 2091 1539 1179 130 365 980 335 1112 152 1120 474 75 1664 2521 2247 1487 2496 1465 211 2332 984 671 73 1872 644 820 1358 743 392 585 407 1414 1623 2021 213 1265 1876 1256 981 326 696 717 2371 979 2367 861 73 125 985 205 32 2534 1078 559 1179 820 2180 587 2115 979 2332 73 1162 636 2427 752 817 1616 2299 1178 20 2055 1518 2028 1510 1404 1386 265 978 985 915 1530 319 77 2371 2147 1197 1860 475 1316 404 1478 475 300 404 300 1742 151 404 2190 1399 1971 404 1742 1971 1484 404 1540 2065 1873 1536 1238 1008 2458 1832 1579 881 2411 1832 914 623 1353 1832 247 582 1049 1944 463 1770 1490 988 828 2289 843 1844 843 2289 2229 1844 307 587 382 414 1481 1192 1419 101 213 861 2367 73 2137 196 1664 2486 767 1004 1353 1944 2377 1181 1910 1235 830 228 2011 756 2147 1552 2359 58 2520 2184 219 1814 587 981 1256 2115 1473 1767 610 2146 1935 77 1818 220 2273 2557 1943 697 2224 323 1895 2391 2061 1661 2142 1095 1388 2361 301 1184 763 349 1233 258 1953 101 2135 1552 1489 766 845 2272 317 1559 799 441 1281 1993 1445 1503 848 1487 2283 211 2046 2183 1335 970 1457 2439 2196 625 1275 1780 2096 1671 78 2026 94 1297 1004 2369 2550 1944 2204 2292 532 1920 2060 1134 282 2160 2082 964 2287 138 652 508 2148 2298 2267 2121 1223 696 2083 1281 798 1503 1557 1325 194 769 252 815 1678 177 1466 2014 1285 382 1240 2349 1755 1157 579 2283 80 59 1714 2073 2138 805 1645 585 743 392 1598 4 702 2151 1257 2175 559 1408 690 1290 1359 624 1813 98 465 41 2282 1240 1111 1544 262 1818 77 1197 646 2118 1741 1538 307 414 1487 1343 2274 1936 323 2443 2520 1988 2200 2184 2332 507 2163 1343 2332 1487 1657 1343 277 398 521 967 711 752 2427 817 2131 225 2065 487 820 587 1358 2115 419 1657 145 2395 1256 382 587 414 167 5 2317 2162 110 2221 1205 2561 1257 559 1104 1877 1160 2542 2326 978 1010 6 656 833 718 2473 1053 2559 353 536 445 1664 2231 2050 1314 531 2505 2503 1175 74 219 2029 2261 2184 207 1797 72 117 855 1687 1445 1536 481 2059 268 1552 1319 2446 2361 1184 1895 1936 2274 2443 301 1932 1388 1184 1294 909 2102 258 200 576 587 802 303 1046 2428 41 2038 5 2499 1383 587 576 200 382 262 1911 1773 1715 2332 213 1638 2367 2390 1121 235 1110 1205 1299 1174 2490 510 1075 1591 971 710 1912 180 1199 56 1872 2395 1358 1445 996 855 1536 1414 1623 213 851 2147 1559 2135 58 1104 559 2534 2277 2089 2163 652 2148 287 1176 2469 1563 587 414 307 1343 1772 2010 546 1390 181 1794 2028 1510 1895 2274 323 2443 2533 586 1421 1661 826 1696 1351 70 2347 317 799 441 1136 1945 2030 2502 678 376 1922 1957 907 2519 1588 1419 252 557 2389 1571 1102 2499 2038 5 115 2183 485 970 2415 2407 2117 2504 679 128 196 1538 77 2201 356 2323 628 662 678 1957 1204 2486 196 34 507 1487 2395 1343 2296 2200 1751 188 499 2212 84 1420 1215 1687 1374 956 2483 1726 188 1541 1845 457 969 1000 1138 1584 144 2064 392 585 407 34 2541 77 1197 1715 830 1991 1637 1383 1010 833 656 798 521 2150 1144 967 380 1110 1903 531 2142 1661 2055 1095 834 1320 543 2467 547 2378 2375 2062 843 1844 2229 1637 2388 826 1580 70 1371 441 66 564 587 802 576 2180 77 141 2371 1197 1953 1552 2135 58 2175 1257 559 183 2114 1005 500 903 1799 1178 2299 20 2332 2367 1638 2163 1113 223 1906 2058 2089 652 2163 2298 130 2432 1409 1755 1481 1419 2030 101 833 612 66 1224 507 587 802 1343 2519 1214 1588 933 576 382 587 981 2175 223 620 406 2102 2178 1294 258 52 911 1780 1671 450 1032 2402 1618 2357 1967 1990 2279 79 1186 352 1036 2284 464 1774 319 929 251 2372 1054 826 29 1351 1696 267 736 2274 2450 1894 2091 756 2345 579 80 712 59 603 693 2552 2521 167 1844 2229 531 78 2137 1932 2486 711 691 817 876 164 1946 973 1320 2567 187 1359 1771 2091 1539 1788 1022 2228 576 476 1859 6 833 1010 1267 2296 2263 2184 1044 2274 1936 314 1824 2147 2061 1559 1197 1746 1773 139 1911 1584 1595 1668 2379 285 1297 1374 177 287 1419 1176 1563 2050 167 1314 531 124 1667 1384 574 2517 2379 813 2064 2104 407 2542 978 1583 1688 1247 1852 1028 1772 2010 546 1647 2052 451 378 141 2371 2147 1552 1655 1696 280 1660 1445 1687 855 1503 141 1818 262 1197 413 677 1272 407 711 817 726 876 797 2516 1693 2387 356 1891 279 2167 1584 828 1595 2379 1487 1657 145 211 2516 937 1693 2387 963 878 1688 1326 1742 1484 2148 404 1748 2149 779 813 2535 674 778 2354 2224 1895 182 2391 1764 414 1465 777 307 382 1256 414 713 517 1273 2116 2474 1876 1256 614 2359 2371 1105 1552 1525 1002 1460 2459 1048 999 843 1405 820 2299 13 20 2079 1657 979 1162 816 262 444 1715 2392 616 833 798 261 1243 1374 956 2188 1104 2534 122 617 390 797 2387 1060 1363 1125 1106 251 423 178 981 2534 2304 1710 1179 711 828 726 817 1048 1301 999 1405 1460 1002 1811 2459 1239 2553 2263 1044 2188 122 1991 1844 1192 1176 287 1419 1346 1629 2412 5 1595 1279 1668 2379 2291 2228 899 981 636 1595 828 2379 2061 441 2033 612 1183 1676 2307 105 2337 2069 555 2534 1595 636 1279 2379 1181 1235 546 74 1191 510 466 971 2540 1122 1408 2274 181 2028 1518 1510 279 581 356 2167 1764 414 1189 1465 2147 2371 141 1197 855 996 1445 798 1447 1024 1374 492 828 1637 843 1203 868 2403 468 1876 2229 5 1682 1383 1845 969 1691 1000 2555 1256 64 777 1805 279 2223 1891 1935 992 187 1771 1010 833 2335 1267 430 2111 679 34 733 251 384 178 1679 2055 105 2028 2061 2147 1552 1197 1414 213 2021 237 1010 2335 833 798 438 1618 1926 1326 1202 554 2027 1323 959 20 1378 1693 2133 834 817 1203 245 985 1530 315 2061 2142 1707 810 2061 1193 2142 810 2133 726 1898 1405 620 2282 1824 1082 1668 1279 636 2379 736 2274 314 1824 145 2283 1487 211 2133 1898 2248 1405 2317 5 2499 1852 1469 1438 2 1199 2129 692 1322 12 1233 2433 504 763 1043 2559 2382 2162 1548 1134 1006 581 1065 70 1351 378 366 2189 1371 1 78 137 392 700 508 789 2293 1411 2061 810 1176 1095 2293 895 151 1411 437 1605 2558 1411 323 837 805 1958 2137 1731 275 492 321 2259 1434 572 1006 2285 1771 2160 2534 1710 1078 1179 1583 1429 1688 1852 1935 912 1911 1771 1584 1302 1104 122 1645 700 1241 2264 2188 2499 756 1551 2558 1642 1798 1411 1134 2160 1006 581 1307 1401 2510 1705 2259 820 644 1358 2061 1552 141 1197 2508 75 693 1532 1030 2430 949 67 487 1215 1873 1536 1325 997 1769 969 2188 756 122 1551 78 301 2472 2264 1366 2346 1326 1198 1111 223 1113 406 670 1575 1555 270 1099 222 871 1699 2436 670 2070 270 871 1506 1513 320 1164 1099 1513 320 1602 1630 847 320 459 1326 2346 1198 1239 911 2553 1044 1772 275 2010 1390 78 700 301 2264 128 2247 196 1538 86 122 1766 756 530 1694 2241 1511 1691 1500 128 2349 2217 1787 319 624 1964 1805 2223 1891 2332 1657 507 1343 291 1870 696 82 833 996 656 798 1474 67 497 1891 848 732 712 414 1006 1771 2201 2160 2358 55 2541 396 805 1958 1714 2443 1685 928 1813 41 579 712 80 2283 228 756 2499 2345 213 8 1414 851 292 2541 55 396 2175 620 223 2016 1138 162 584 988 262 1197 77 1715 1910 1920 480 1532 441 612 833 1267 717 1818 77 220 1204 1664 196 2486 543 2353 984 1211 2224 323 182 2443 2447 1272 825 407 445 536 693 1664 1953 2135 774 58 1920 2532 2116 1544 1292 1030 67 2511 2196 773 519 1067 1192 2469 287 1176 984 1211 2353 1890 327 1920 75 1532 314 620 1408 2450 907 1337 1572 1419 1037 975 4 2400 743 1241 392 1097 438 2401 1618 1326 2296 2263 2261 2184 1359 1363 2567 1771 2065 2131 487 564 886 1467 415 178 2332 73 1946 851 963 335 651 1326 826 1051 2049 1576 1139 1518 2307 105 1449 1964 2223 1891 1570 1706 501 1671 200 802 587 1343 1265 2555 1256 1876 1456 149 1093 2256 481 2469 1192 1552 980 2274 1122 38 2126 1677 648 2073 2228 2291 476 981 1204 1932 2137 2486 930 1913 1288 1697 200 2148 507 1343 209 2510 477 1705 187 912 139 1935 292 2451 2541 396 1804 53 34 1538 1291 752 629 817 510 163 1075 1858 773 2439 901 1067 1946 1320 543 1211 430 679 407 34 2065 487 996 564 1674 1562 380 2289 1573 1859 200 1784 766 31 246 2272 2032 42 2322 315 1992 718 946 2559 1525 1776 1423 777 1481 2030 1945 1 2524 2268 202 834 2033 1510 1661 612 1508 1070 2305 850 369 2205 475 2180 1414 8 213 237 196 128 679 1500 2553 410 837 1142 2137 1664 1204 2486 482 211 1657 544 2033 2061 1559 441 1407 7 1840 2264 711 629 752 817 1716 2071 486 821 1469 1996 1084 1199 2215 2401 459 1032 806 946 411 2181 931 2282 1814 874 2413 1022 1113 2058 2083 2152 1085 798 164 388 1946 851 1384 1667 1324 574 557 1571 252 815 2061 1193 810 1095 2215 450 2401 1032 323 410 837 1958 1375 397 1367 1377 2259 633 56 1358 252 1846 815 177 671 1465 2496 211 2401 450 469 1618 1380 1378 1799 20 1577 691 509 1162 1409 1755 2432 2349 2454 2547 2079 1657 610 1767 11 903 2541 1628 2147 1197 1301 1048 856 1405 145 589 2395 2283 2513 2414 616 142 97 975 108 2400 219 1814 2184 1854 1456 746 1496 1268 746 2318 2040 1268 1678 137 613 1868 1119 157 368 1290 1748 779 1766 1991 628 1078 1077 2450 2365 1804 1789 1741 728 698 487 1873 2454 1808 2547 1657 1845 1714 1958 1712 1233 763 504 805 1926 699 2317 1688 2541 1628 2201 729 668 1913 81 268 2566 1386 2556 1377 393 2033 1529 1267 2439 568 116 676 2021 1252 2461 290 1674 2289 380 531 1751 188 2200 2062 828 1595 636 817 1083 252 894 1659 511 1819 1687 956 1028 1772 1107 2010 948 2291 899 981 42 2032 391 1639 1388 1319 2361 1184 717 77 2371 82 669 1922 376 736 2006 1588 1214 768 728 698 2189 487 388 344 2459 851 438 2401 469 1618 1204 1184 1517 53 1128 246 2350 561 1584 122 1844 2064 855 2083 798 1503 1533 1022 1788 2345 1526 2308 2246 1847 2357 345 1989 1847 1641 1196 2536 1068 1516 108 304 768 2147 1559 2541 1197 2454 592 2079 2281 5 2162 405 1672 1970 275 1731 492 1066 1118 239 1648 884 671 544 1890 1089 1637 843 999 2302 969 1691 962 2413 1113 1906 2058 1853 1126 2462 1036 434 639 2368 2477 361 2304 429 1179 2462 1126 99 1957 2241 243 434 2477 1107 2010 1772 275 278 2299 2351 2408 2521 275 2137 1731 912 1935 187 1771 24 1598 1416 1659 587 80 2395 1358 958 2122 2241 2477 1235 457 546 74 2486 275 2026 492 2204 532 594 1920 907 1059 1385 967 1674 380 1903 531 859 1868 1347 1416 2111 430 679 1418 2117 44 1177 2136 124 574 1384 991 343 1363 1060 1134 141 326 528 2371 459 1032 1941 1198 2174 2502 487 1 1517 700 1204 34 1962 521 398 1350 499 1962 2257 1350 2257 1842 990 1350 1842 1129 129 1350 1129 1867 1779 1350 160 371 1287 796 172 1779 160 796 172 175 2106 796 891 1527 1555 796 1845 1958 1936 1712 1755 2349 1409 1157 979 1162 691 925 884 918 1011 1211 2055 2389 1679 105 2317 1672 5 1852 287 1481 1192 1419 2057 713 742 1247 353 1439 536 1664 1935 220 690 2323 2555 64 1776 777 833 616 557 996 1953 1154 647 101 137 700 78 2264 481 1105 2059 1552 1048 843 2248 1405 859 704 840 1868 647 101 1154 1371 2047 2075 1925 2240 2447 413 407 1418 1189 732 848 414 2445 2336 1298 1932 107 2412 714 531 1679 2389 557 1571 2061 2451 1559 1197 1215 1846 487 1873 18 2097 1702 883 2055 1193 2142 1095 1300 1157 1741 1198 986 2194 395 911 137 392 700 2264 1247 1022 1415 1852 1829 2465 1375 2321 2199 2374 85 2321 2474 1358 80 2115 149 8 1072 1093 1579 1732 237 1093 957 1364 2374 2321 1896 1059 1572 1800 948 224 2291 981 80 1358 587 2115 843 1637 2229 999 1331 1669 408 2490 766 246 845 370 1328 82 2066 497 2270 1829 1695 2321 1808 592 496 1162 1204 34 1804 53 1583 1247 2210 1852 1634 2096 1683 1479 1125 259 1106 624 2178 1582 2504 495 80 2395 589 2283 986 395 2123 116 2520 969 457 1327 42 391 1782 32 1087 2289 828 1844 1215 2472 1445 562 690 356 82 497 1678 672 2506 2490 1241 700 392 2264 380 2239 711 726 2083 1281 2152 798 1533 1788 1521 2345 141 1552 2147 1197 679 196 34 1538 511 2445 1819 956 1972 1374 1447 1024 1006 1106 1548 581 735 1514 618 1904 717 528 326 2371 1590 1466 1285 307 193 2462 99 621 620 1824 406 1082 196 128 1500 2247 1678 815 613 2472 356 1006 2323 581 2517 813 1748 2064 2044 1673 1537 191 1111 406 1113 1618 1113 406 1926 1618 1394 1205 2221 2561 438 1688 2334 1326 2317 1247 1926 1688 704 1571 885 1868 307 1465 414 777 242 1001 959 1693 506 756 2011 2345 937 20 959 1693 1674 1562 514 380 1102 1672 1429 1852 2201 1628 322 729 2137 275 2486 492 200 1784 1638 883 671 211 884 544 686 838 1025 340 2201 1006 2323 1771 54 368 1290 176 1808 2454 496 592 757 1005 2114 903 884 1011 671 1211 246 370 31 1315 2046 1801 485 1790 1845 1714 1691 969 2526 2559 2473 38 1657 211 671 544 797 2516 937 1693 1539 1415 1022 1852 2541 1559 2451 1197 671 1657 1487 211 1299 1205 386 2490 2065 487 225 1873 2135 101 2061 1552 886 297 1876 178 2332 213 73 851 1111 2116 1032 1618 1366 2346 489 1326 2367 2163 2079 135 693 2521 603 1532 2190 26 1399 1076 1974 1395 26 1076 1316 57 1860 1076 1107 1858 2010 275 1366 1326 459 1198 2537 274 1974 1076 855 798 1445 1503 2258 881 1579 117 1072 1795 533 2240 1603 1379 1208 2240 753 2047 533 2240 1379 2075 753 2240 1208 1965 1185 2240 1795 149 1965 2240 190 1797 2100 117 2258 1732 190 117 207 593 2100 117 593 2249 1052 1537 2537 189 2381 899 57 118 2537 1076 2327 2099 2034 311 1056 1142 1306 621 998 1296 1151 67 339 1359 360 1363 1845 1691 457 1000 2030 1419 1176 101 1941 75 1235 2247 307 382 587 1343 118 2372 189 899 2135 1559 2061 441 1735 323 182 349 453 1841 239 1342 750 544 984 1890 2030 1 101 1224 1089 2331 1637 1383 2166 109 1634 1231 327 75 2508 1532 1558 61 2132 1547 2175 2016 223 2058 262 1773 444 1715 728 487 1242 1846 1399 1859 1484 404 1530 915 2284 319 1445 616 996 562 323 1958 1936 1824 2553 574 2448 1854 557 252 2502 1846 200 587 382 1343 1775 1397 847 992 973 164 1837 1946 2282 1111 1240 1082 1746 1773 1911 1715 1619 1548 279 581 2111 679 1863 1418 1946 2467 164 851 2402 327 2204 1920 2402 1920 2204 2116 1015 1256 64 614 691 1162 1577 925 2541 729 1911 1715 242 959 1378 1693 360 1363 1359 624 323 2274 1895 2391 265 1557 2422 769 2061 2451 2033 1559 67 1548 1615 1106 594 1920 2532 2116 2526 654 1053 276 540 949 2430 67 1946 543 1320 2467 2091 1788 740 1022 2259 644 820 572 31 370 246 2272 1895 2224 1936 2443 2228 476 795 1859 78 1932 301 700 2287 964 1143 138 478 2395 80 1358 717 2501 690 82 1529 2033 2347 1267 557 996 616 562 2351 944 1815 1790 855 1116 1687 1536 2205 1316 475 216 1835 2205 369 216 1907 1904 618 1163 2539 279 1891 2167 1817 2078 567 2493 650 118 1316 216 1970 2521 494 1731 2361 301 2446 1503 2038 1682 5 1383 1048 2248 856 1405 1305 34 1204 53 1102 1843 2499 1852 2332 2367 979 73 1367 63 289 1377 1746 139 912 1911 677 2179 407 1097 979 691 629 925 1172 256 2089 2493 1151 1296 949 67 179 610 11 903 327 75 1920 1032 1487 414 307 1465 1204 700 1517 1184 2025 177 1374 956 884 211 730 544 1237 1713 1889 2507 1959 855 1687 1503 586 2154 1421 1661 213 1291 861 73 1246 2511 1923 32 1590 1525 1466 307 1196 1641 1385 933 2317 2162 5 1672 929 2372 251 1148 1920 1032 1111 2116 2392 1993 616 798 285 1447 1374 492 478 1358 80 59 2263 2184 2448 1854 1653 906 441 564 2414 775 1679 142 1507 1840 7 142 2046 2299 1871 1790 1909 2286 2135 441 828 711 1595 817 1993 2152 1281 798 1591 1075 1994 1884 1066 239 1798 1149 1991 756 2499 1383 1083 887 252 1659 457 1500 1235 546 2332 213 2367 73 1871 2299 2046 572 115 1031 1835 216 164 388 1837 1946 557 2502 487 1846 1339 169 1344 614 1996 1469 2182 2501 1615 2511 67 1106 2297 2327 2034 311 2542 413 2326 407 1770 2297 553 311 1899 716 2327 311 182 323 1735 2443 2533 2457 2142 596 1518 105 2055 2028 809 478 80 59 1632 1051 962 1576 557 252 1846 815 1529 2347 2033 396 820 20 13 2478 1230 2122 1310 1511 1616 1178 1269 2478 1102 2038 1682 5 2111 1863 430 1418 1205 1080 386 2490 1729 354 2327 663 364 1900 1586 663 2392 833 2335 798 1766 1748 1991 2064 427 373 1056 621 2142 1421 2055 1661 1501 291 2371 82 741 2206 1831 1203 778 1655 370 2272 29 826 2049 1576 2335 833 1289 1267 1115 1814 1824 874 507 1149 1872 2395 1683 2096 1634 1073 1905 996 2065 1536 943 969 1769 70 1945 1481 1136 2030 1291 2467 1946 73 1374 177 1215 956 478 1492 1358 59 1168 2268 2524 834 620 314 406 1824 613 137 2472 2264 2060 282 2285 2160 1485 615 708 561 137 78 2472 2264 298 1100 1426 1373 284 1863 128 524 1298 1388 1932 1184 1186 79 2202 1036 1429 1672 1688 1852 1993 852 1840 1503 1115 837 410 1958 1539 1179 2091 1551 560 1361 628 991 2055 1421 2142 1420 1735 323 349 805 649 2502 1083 1846 150 1548 888 1134 1525 1460 1466 2459 2552 2521 693 1731 496 1162 592 925 620 1078 2175 1408 1529 2033 393 396 716 2376 1729 663 115 13 2161 1054 650 1703 2372 216 2433 1237 763 2504 323 736 1958 1824 2268 1168 2517 813 1460 1811 1837 2459 1583 2210 1429 1852 2108 1077 2244 2016 1614 1329 173 1132 1300 646 1741 1157 2165 530 1473 1511 671 1211 984 1890 636 1668 1673 1904 2002 357 1655 2272 1836 2274 980 38 716 1899 1258 1658 579 712 1194 59 2317 1247 1539 183 886 868 1467 1876 2168 1374 1972 1024 2169 1493 980 1122 1395 274 126 1076 679 34 2111 1538 1757 1359 2491 1323 2449 2194 2488 935 1735 323 805 2443 150 1245 888 1548 1235 1390 1500 2247 301 700 1932 1184 2074 1925 2075 1784 664 2217 1787 319 1104 1877 559 12 2540 2274 1747 38 1277 82 356 1891 2263 2448 1040 1854 14 1814 801 1854 506 1766 779 756 2036 543 2092 1211 1388 1687 301 1503 392 2486 700 34 700 2486 1204 34 2491 1359 1757 1363 1309 668 641 268 1845 1691 1714 1712 1684 1168 1221 813 80 414 1487 2283 1909 799 2286 441 677 2179 825 407 1623 164 2467 851 2263 1040 2184 1854 2350 486 657 561 733 384 1345 178 1772 494 275 1390 1104 1302 2534 122 1941 1240 128 1500 1968 1771 2285 2160 1487 1465 671 211 2246 1847 2308 1606 1014 2171 163 2561 509 691 1898 2353 1909 2135 1018 1371 2201 2323 1911 1771 439 198 2131 1371 1125 1363 360 624 714 448 2289 999 98 1258 374 1658 1539 1022 1247 1852 699 335 1926 406 986 542 1462 935 1941 1500 128 2247 636 1537 1673 191 742 1415 1247 1022 557 1679 1571 562 2009 1923 2511 32 67 1548 356 581 1991 1844 122 2064 641 2155 1937 1800 1306 1142 1250 495 435 1700 233 140 2214 1714 1280 1712 1107 823 1858 275 667 82 1277 1891 2370 322 2201 1628 1941 2247 128 1538 2063 2498 1833 2151 1521 1894 2011 2345 636 290 1291 752 2139 2078 1635 1648 869 739 823 492 2551 128 646 1157 949 1615 1292 67 252 1610 894 1659 728 487 1846 1873 750 1162 984 544 1445 996 616 798 1448 1132 1329 60 886 415 297 178 283 2158 424 188 316 50 710 2113 2070 316 2207 2113 157 1119 710 2113 368 1948 1119 2113 1397 2288 1948 2113 2534 2188 122 1551 337 729 857 2160 2131 198 2189 1371 1025 838 1744 2136 1185 1603 1784 2148 1731 1024 1447 492 2168 2445 261 1374 1932 700 1204 1184 1468 1265 1256 981 887 2506 252 1659 2403 2233 468 1876 1649 2451 2033 1661 1958 2443 1936 1712 1676 1139 105 1420 1914 2527 1680 1436 623 767 1353 1436 2527 1008 1238 1436 563 473 767 1436 711 629 691 876 2346 459 2401 1326 1066 1023 2139 1648 680 1237 1889 1660 1736 1322 1997 2213 2211 144 1138 1668 101 1 66 1224 2143 134 1227 1055 617 169 390 2387 2038 2499 830 1383 2061 2033 2451 1661 2184 1814 1115 1854 228 830 2038 2499 1242 2174 649 2502 1384 574 1324 890 1014 163 510 1858 2215 1032 459 1198 457 1691 1845 1500 2010 196 769 1500 93 2540 1747 38 263 2117 174 2136 150 1060 1548 1134 1125 339 360 1363 1653 906 1909 441 576 1859 200 382 196 1500 1390 2247 620 1115 1824 874 384 1054 251 1173 114 312 2554 951 2300 2265 312 951 1594 2554 2265 452 578 1056 632 951 2300 2557 2273 452 2055 1421 1518 1661 651 459 1366 1326 670 220 2070 270 1250 578 114 951 490 990 129 1421 1794 2513 2414 616 840 1868 885 2279 1265 178 1876 981 233 1050 1809 140 2553 1982 911 542 2026 739 1858 2561 985 319 1530 315 1616 1269 13 2478 532 1920 2292 1532 2543 1821 2307 2028 929 1332 731 1599 2089 2148 1278 2256 2491 2567 1359 1363 143 26 362 1999 1379 1878 2074 1999 1188 1878 1603 1999 143 1188 1399 1999 2316 190 399 1760 910 1701 533 1760 1701 2431 1072 1760 2431 399 1732 1760 1656 785 875 1406 2567 187 2491 1359 1133 911 2194 890 1958 1824 1115 1814 1941 1804 2247 1538 1584 1668 1595 2380 2403 886 2233 1876 267 2540 2274 1251 1397 1259 635 738 1755 1936 1845 1082 847 635 1382 738 1060 1125 259 1106 984 73 543 1211 543 73 1946 1211 1972 285 1447 1374 2521 75 1235 1532 2006 1419 1588 768 649 1242 2502 1846 2396 994 1493 1122 1146 1172 2089 786 661 2294 2232 625 1394 386 1205 1080 958 2343 1310 2477 1935 1773 139 320 1402 700 301 1184 1496 1765 1756 786 2026 2416 739 2561 1518 1661 744 1510 480 1920 532 1532 2080 1432 1924 962 2033 1661 2061 612 1235 2521 1390 2247 2542 407 2104 1097 2300 1531 2222 951 487 2502 66 1 2161 13 1917 1054 2071 657 486 821 1456 1756 709 786 2036 2092 819 1211 262 2451 1197 1715 2260 494 2521 1731 809 1194 1723 59 589 80 478 2395 2011 756 228 2345 1298 1932 1662 1184 1407 7 1507 1840 636 752 1291 817 2396 1122 1493 699 2174 1242 728 487 1490 553 1013 988 2195 1013 689 988 2034 689 553 988 628 1078 2244 1077 1353 1330 309 161 2242 1121 1424 2181 2411 217 2318 161 914 309 2411 161 444 262 2457 1699 15 1330 1049 161 252 2389 557 2502 690 2511 1106 497 540 1449 998 67 217 447 2040 161 2200 446 2520 2184 2030 101 1176 1095 1235 75 2521 2247 2230 554 2191 176 1329 1132 1614 60 1028 2010 1107 971 665 1139 218 2523 1356 490 1476 2523 218 990 1356 2523 2077 1155 2197 1277 889 2543 1312 2484 470 685 479 2362 1029 456 345 2362 1821 889 917 2484 2503 2520 219 1814 1263 1029 2357 2362 917 470 1733 2484 1733 479 1263 2362 93 573 2540 36 736 1824 314 2450 1236 2037 473 836 947 1426 1293 836 1209 415 1467 178 2134 2538 1289 1267 2409 760 814 592 174 2407 1294 2504 1740 943 179 903 622 1300 1741 1198 360 1359 339 1323 1487 307 1343 1465 1518 1421 2154 1661 616 996 833 798 557 1571 815 562 679 769 196 1500 2201 729 337 2160 491 863 1293 836 2061 2451 2142 1661 392 78 700 2486 1191 2068 1014 1216 2005 1041 1311 229 1401 2037 863 836 2543 2039 1312 1480 1437 2543 2307 1480 665 1437 1139 1480 2006 1588 1419 1947 915 985 226 32 859 1347 1868 1504 2302 962 1691 524 2204 1920 594 2116 1492 1378 20 1693 1296 1615 67 1548 1292 67 1615 2511 713 2116 1113 1618 2211 1673 260 1668 2422 194 2105 1884 566 1279 2544 2380 2361 1388 301 1503 1845 1755 1240 2349 1015 64 780 614 1493 1122 2169 699 556 1296 67 1548 1769 969 943 1327 1531 632 1462 951 307 414 1256 777 2358 55 292 2541 587 382 1256 981 2550 2369 1307 1443 2211 1668 260 2379 2287 964 1879 1143 54 2191 368 176 1136 1610 649 2502 1649 2033 2451 396 480 2532 1920 1544 1298 1662 1388 1184 1774 604 319 2027 1936 1824 1845 1082 1331 2490 408 2479 2310 2020 670 2471 2308 2468 2246 1606 853 2374 2246 1606 66 1 1371 564 1384 1918 1361 574 2070 2020 50 2471 1746 444 1773 1715 1505 2015 2179 1606 77 1935 1911 2323 2093 1912 50 2471 1111 2282 223 1082 0 2521 494 1532 323 1958 805 2443 1215 815 2472 562 413 409 2326 1418 1462 568 2222 676 2021 290 2461 237 1799 1378 959 20 1103 2239 726 876 1954 343 1060 1134 22 1202 1057 2027 2445 261 1374 956 405 5 167 2162 1474 67 2511 497 1676 1234 2212 1942 2498 212 2251 1942 2251 1234 1183 1942 2339 888 1548 1134 2035 2310 1818 645 1555 2035 1818 645 2055 1518 1421 1420 1996 1033 1749 1639 262 1818 141 645 2462 1126 1957 1036 1494 393 1529 1267 1015 64 1256 777 504 2433 1237 763 1457 568 2439 676 1654 1438 2093 2471 1366 459 1300 1198 1542 2381 189 1148 1777 884 730 544 582 247 919 1443 2350 246 1315 561 2534 183 2188 1551 438 1583 2334 1688 1018 2135 2286 58 880 1223 2320 1697 1845 2282 1240 1082 1113 2116 1111 1618 2140 941 1502 474 1638 8 213 851 128 2349 284 524 1052 1537 735 1904 2061 2142 1193 1095 81 1483 2155 1406 2326 2338 49 978 189 2372 2438 1148 849 718 1877 36 246 1128 845 370 1714 962 1280 1712 997 1769 969 70 1053 946 718 2559 213 1291 290 861 849 2252 2112 36 351 704 2243 2151 299 1840 1402 2264 2556 1404 1499 1377 444 1773 262 1699 712 732 1339 414 880 862 2267 696 879 2088 760 592 1714 2443 1958 1712 314 1755 335 406 430 407 679 1418 1049 152 2275 474 2292 1920 327 1532 337 2201 322 729 1982 1142 763 83 1838 840 1990 1567 744 1518 2154 1661 1367 784 1375 619 1689 110 1174 619 1033 541 1857 315 2087 2192 330 653 192 938 1768 502 1459 271 24 2479 1340 331 1450 653 2006 2198 1588 1947 2005 1210 748 229 1150 1046 1734 41 1894 506 2011 2345 1153 1313 1069 596 1286 1476 490 596 2340 490 129 596 1069 2340 1212 596 2070 220 670 2471 1388 1959 1687 1503 2061 612 1661 1095 1982 83 763 673 2282 1111 223 1544 33 2475 2041 2507 209 477 1624 1754 2469 481 2059 268 1683 109 525 1073 964 1750 2464 1143 2412 167 405 5 2010 498 2026 896 2043 1392 159 1888 1922 379 678 2525 1115 1958 736 1824 778 2535 293 1315 14 874 1814 1854 1755 406 314 1082 2072 69 2192 1627 857 729 960 2160 2165 2146 1694 1511 1656 1127 696 1697 127 754 2245 32 2135 1371 1909 441 778 821 2535 1315 2554 1582 83 2504 1395 1859 26 1076 2537 899 274 1076 2047 8 533 2240 1379 1784 2075 2240 190 237 1797 117 207 1537 593 117 1300 459 651 1157 1602 847 992 320 1050 841 1809 1523 489 1442 1366 1326 1483 916 2164 1406 785 2250 916 1406 2508 445 693 75 1018 1909 2286 2135 118 899 1316 216 1736 1960 841 1523 2317 1539 1247 1852 2254 466 1329 971 1959 855 1116 1687 2555 1590 1256 777 1894 756 506 2345 2200 1988 2520 446 1826 1744 838 1547 1594 263 2262 2136 1049 850 582 474 2296 1751 424 188 1394 1080 1205 2561 179 932 610 2146 2014 1466 1702 883 1804 196 2247 1538 239 1342 1841 1149 2106 938 1069 2457 1982 583 911 542 472 2504 375 2136 430 407 585 34 807 682 2051 1231 591 501 2494 1231 1662 873 1184 53 2131 1653 439 1371 2294 583 529 1671 1788 1894 1521 2345 2533 586 2154 1421 1539 1113 1022 2058 1384 1361 170 991 2541 2451 292 1715 331 330 31 653 1656 2250 785 528 517 2204 594 2116 1830 1811 1002 2459 459 1157 1300 1198 1301 856 2565 1405 197 1328 2066 497 1305 1517 1204 34 1087 2050 1104 240 196 2010 275 1390 1691 128 679 524 457 2010 1500 546 1840 2472 301 2264 975 1610 108 2400 855 2083 1085 798 2031 75 327 1032 1911 729 1761 1715 1601 1311 2072 1627 1239 2263 1780 1044 1369 1033 1996 1639 2030 1224 101 1095 2250 1206 2310 528 1918 1384 1042 574 693 536 1282 1664 437 71 1161 644 1111 1032 459 1618 1772 546 2377 1390 1237 504 763 1660 1656 1654 1206 528 2530 580 2475 2276 2030 2502 1 1224 1187 1340 2530 2276 2267 1644 2121 696 809 1723 478 59 2229 1637 1844 1383 285 1374 1297 492 196 1664 1804 2247 63 1499 154 1377 369 2180 1478 254 2392 1289 2335 833 1869 1938 1913 348 1225 774 1018 58 1115 1814 874 1854 1601 2087 2303 653 1517 1305 1204 53 1862 522 271 2479 960 729 1968 2160 2544 1668 2195 2380 1305 34 53 1538 1256 382 307 777 1577 509 750 1162 1821 1183 2028 1368 2121 2501 1469 696 1594 2262 2504 2136 915 985 32 315 1682 2331 1089 1383 108 1610 975 1318 2025 1090 1873 956 1777 730 421 544 1115 874 1077 1854 1237 472 375 2507 2412 107 405 167 2055 612 1510 1224 2294 529 583 625 469 450 2402 1618 671 984 544 1890 1676 105 2212 1420 1235 75 1920 1532 1733 308 775 2279 1449 2223 998 67 426 171 1276 2391 1500 546 2010 1390 134 794 520 1055 2551 2349 128 1157 504 805 763 1660 1466 1460 344 2459 349 495 410 1036 720 1645 743 1241 997 969 962 70 1772 2377 494 1390 144 1668 2211 2379 522 982 2383 1318 2170 2544 1907 1163 1403 1907 618 1163 1490 1013 1007 1163 2170 1013 2195 1163 651 1300 1366 459 547 2375 791 387 1764 732 1189 414 2174 728 2189 487 2370 322 337 2201 108 1169 304 1318 1487 2395 80 2283 1136 2030 1481 1419 1688 1672 2317 1852 361 1179 429 2016 1367 289 1689 619 507 802 200 1343 937 2516 577 2387 2158 424 188 1044 1445 142 616 562 560 2244 16 991 1175 1814 2282 74 2071 821 2287 155 1897 2273 1943 983 24 2193 811 153 1359 992 187 738 2231 1314 166 531 739 1107 823 1858 205 985 245 315 288 1559 317 396 353 1789 1804 1741 1314 2231 1043 2050 2355 508 802 2148 1742 2355 802 2148 1943 2557 2216 983 1662 1439 873 53 1743 2532 1906 2116 963 878 2219 1688 1540 2065 225 1873 2137 1024 1731 492 843 999 2289 1405 154 1075 163 896 1638 2163 2367 2256 1525 1590 1776 777 1133 40 347 1875 2286 799 824 1559 952 1067 1706 1671 2137 1664 2521 1731 2474 20 1358 2115 884 671 2496 211 145 1657 482 211 1780 1275 2096 1044 2448 574 2553 890 327 2402 450 1032 622 1300 646 1741 1239 1780 911 1044 1009 284 1863 128 840 1990 1868 2279 1178 20 937 2478 592 1162 979 925 932 1065 2146 70 2358 1135 55 396 2496 671 100 1465 410 736 1115 1958 2537 431 274 899 1196 1470 2536 84 2212 1470 2150 84 2214 2443 1714 1712 477 1034 1308 1754 1196 1144 2150 84 765 1597 2218 810 569 857 960 2160 1579 861 2318 1093 710 220 50 1199 2231 1110 2050 531 133 1387 715 2408 2069 1179 2534 1551 692 928 1997 2213 843 726 2133 1405 81 2155 641 268 1801 2351 1815 1790 2296 188 424 1044 1824 1814 2282 874 1910 480 532 1532 1319 2417 2446 1184 2169 963 699 335 66 101 1224 1095 1953 1192 101 1552 2304 2534 2069 1179 931 2282 1175 1814 49 2338 2302 1725 2204 327 2292 1920 2359 1552 1953 58 2337 122 2405 1551 547 791 500 968 1183 105 2307 2028 584 988 1302 311 478 80 589 2283 820 20 2478 2115 628 1078 1734 2244 1579 861 237 117 689 2423 2380 2099 594 480 2532 1920 2339 1035 2160 581 1562 726 2289 1405 2259 321 644 572 2287 1143 821 138 1255 56 1872 2395 448 2289 999 1405 742 1415 2210 1247 285 1165 1297 177 2538 2134 2033 1267 1770 553 988 311 1346 2311 195 5 1468 1256 382 981 17 269 2506 177 1447 1970 1731 492 505 2432 1936 1712 2365 2118 1804 1741 2271 600 2352 644 196 1500 2010 1390 2548 1158 545 2281 1839 1553 1360 2213 1950 1492 20 1358 570 1298 2336 1932 2138 1696 1655 1660 383 859 1838 1567 1649 2033 2134 1661 280 1677 2126 1696 1111 223 406 1082 555 2534 2304 1710 2532 1062 1906 223 2541 2451 1559 396 299 1402 700 2264 2193 1598 2243 1416 1272 677 825 407 1127 2320 1223 696 93 2540 1122 36 1072 8 149 2240 1185 1784 1603 2240 1579 237 1732 117 1275 52 1780 1671 1316 899 118 1076 2551 1409 2349 1157 2334 1688 878 1326 809 80 478 2283 604 54 319 2027 1614 546 1028 60 1415 2210 1247 1852 1215 1445 1687 1536 2037 1401 473 2427 2229 2289 843 999 1645 1241 720 2264 1337 907 1588 1419 1991 1844 1637 1383 2010 1858 1107 971 1025 1594 686 452 1818 1773 1935 270 832 2104 2566 2013 2551 1009 646 128 1009 128 2551 2349 473 2369 767 2427 765 398 277 810 1247 1688 2317 1852 509 2353 1792 1890 0 2260 494 2521 1539 1022 1415 2345 2432 2349 1936 1712 656 996 855 798 2555 1776 1590 777 323 736 410 1958 453 239 1841 1149 1550 2355 1484 2148 1185 1278 1550 2148 2355 1278 652 2148 1401 1307 2369 2427 2438 929 731 1148 360 2027 1359 1323 1463 437 2558 1372 1215 1687 1445 2472 582 850 1049 1944 1408 2274 314 2450 14 1077 874 1854 2238 199 721 609 1123 1472 1433 387 2199 85 1969 1967 423 899 576 981 1616 1799 1178 2299 2010 457 1500 1000 2558 1798 675 1372 1926 1247 1113 1618 285 1374 2025 177 2454 2547 1739 2079 2066 1328 2501 82 505 1895 2224 1936 164 1320 202 2467 1404 769 2422 896 93 1122 2540 38 1969 1990 1989 1967 2335 1289 2538 1267 2260 1970 494 1731 223 874 707 2016 2161 1054 1917 1589 1083 894 887 1659 1918 1042 193 621 885 351 467 2151 2121 2 1223 696 119 1615 1548 1106 604 210 488 319 262 1707 141 1197 793 2230 54 2027 395 1133 51 911 2150 1193 499 84 521 1193 2150 84 1779 2218 1707 810 371 1707 2218 810 2104 2013 407 978 1905 855 996 1536 1905 855 656 996 1166 1447 1731 1024 664 2009 2217 2511 1009 284 128 2349 1154 1371 101 1 1557 49 1325 1725 467 1833 892 2151 2092 2364 819 1320 2401 2215 459 1198 2414 181 1794 2028 413 2542 677 407 1825 405 2162 1672 1290 319 54 2027 1001 937 959 1693 1402 1517 700 1184 588 401 1765 1381 2117 2504 174 2136 1662 1298 570 1932 820 2478 13 2115 1462 2222 1531 542 1678 94 137 1504 2143 1121 134 140 1239 2448 2263 2553 2029 446 2520 1132 67 1106 2511 497 743 392 407 1097 1136 649 1945 2502 487 1 66 564 316 2070 50 220 348 326 1913 268 1213 843 1089 1637 2498 1190 212 1068 1161 644 725 254 1676 1183 1234 105 2417 301 2446 1184 2010 1500 769 1000 2499 183 2317 1852 2513 616 1993 142 292 2451 2019 1715 2068 2171 1014 2561 1478 2180 475 404 7 613 1840 2264 1579 2411 861 1832 2397 2422 1994 1884 2303 1187 302 653 1629 714 2412 999 1579 237 861 1093 366 2174 2189 1 707 223 1062 874 1799 959 1178 20 65 2416 869 1297 1539 1415 1852 2345 1115 620 1077 874 1703 1054 2372 216 1767 1473 2378 2062 1806 1280 962 1712 1687 511 956 1536 898 2165 932 2146 1845 1936 1755 2349 778 2354 2138 1660 2066 2501 1870 82 299 1407 1840 2264 2307 1518 1139 1480 1708 2447 825 407 1331 408 1016 2479 194 1325 1769 969 1468 1265 2555 1256 2229 1844 2289 531 2405 756 2091 1551 1726 2356 1230 1541 323 349 410 1036 414 777 1015 614 375 472 1237 2504 1087 167 2050 531 2449 373 1064 621 1534 321 715 572 2088 592 879 474 356 497 67 1891 151 802 508 1411 398 521 810 1350 1288 1913 1938 1697 1102 1843 2038 2499 1306 2492 1853 1036 1615 2217 2511 1106 1540 1905 2065 1536 447 551 588 2275 262 141 1707 645 1817 401 1785 135 2541 1761 729 1715 253 1054 384 1173 2465 2013 1375 2321 83 2504 1582 495 868 468 2500 1876 884 544 1777 1890 1375 1504 1695 2321 613 1678 1868 815 728 1846 2173 1873 239 1149 453 1372 1176 268 141 1552 2396 1493 2169 699 708 615 417 561 1439 570 536 1664 2289 726 843 1405 2158 2296 424 1044 145 419 2547 1657 1111 1920 2116 1544 1104 1302 1584 2099 1386 2566 2013 1377 690 1935 1290 220 1714 2138 2073 70 1678 1416 1868 815 872 1259 554 738 1339 414 1015 614 840 1838 859 1868 1691 2349 128 524 1825 1688 2312 1672 1311 681 1210 229 1111 1618 459 2333 547 1767 2062 903 604 488 1530 319 1294 1582 2262 2504 1632 827 2053 962 1767 2146 1473 2062 1145 2003 412 609 849 1992 1960 1877 40 772 1324 890 1726 1230 206 1220 2357 1989 1967 1847 2282 223 620 874 200 802 507 2148 2245 91 127 32 1474 67 1030 2511 2327 1302 716 663 2036 1730 2206 543 860 1569 1613 1628 975 2383 1169 1318 1342 1149 239 1648 1623 164 1252 2467 2512 2473 93 38 2532 1062 223 1544 1700 240 435 601 646 128 1009 1538 2541 1197 2451 1715 915 319 985 315 735 1052 818 1537 2491 1359 187 738 2188 183 2499 1551 2202 1276 171 1251 281 929 1703 1054 1674 514 1903 380 765 277 1896 1800 369 254 106 970 1233 1735 349 805 1305 2118 1804 53 943 179 1988 70 1328 1923 1246 2511 2445 1374 2168 1024 1539 183 2499 1852 1634 2466 591 1671 1716 821 1315 138 816 292 2019 1715 2046 970 572 1790 907 1385 1419 967 2033 1559 2451 396 91 1782 127 32 1618 1326 459 2333 489 2346 2401 1326 271 1037 24 1659 1937 1597 765 1800 1113 1247 1539 1022 946 2559 411 2181 1060 119 1548 1106 2372 899 118 216 357 680 2002 1655 2199 1241 2374 1967 2246 1241 2199 1967 1501 667 291 82 2156 1747 2391 38 2168 1195 1972 261 152 1112 551 2275 1708 2447 407 1418 694 2001 1915 1156 2291 2228 948 899 327 2031 2508 75 1048 843 1213 1203 1955 1864 1303 672 18 883 344 851 56 2395 478 1358 250 1155 2077 1277 1404 265 769 978 46 147 95 2172 2026 2416 94 1297 2135 1552 2147 58 1755 1240 1111 1082 1395 126 359 1859 2483 534 1726 1541 438 469 2057 1618 181 1518 744 1510 267 1408 1922 2450 2175 1179 1539 183 1227 272 435 1055 2517 2149 1748 813 594 1743 517 2116 54 1290 2027 176 1255 1739 419 1149 711 726 2239 876 2476 964 525 1073 244 1134 2339 2160 2029 219 2503 2520 797 390 2516 2387 82 497 356 1891 1105 972 326 2371 505 1936 2224 2443 2173 2025 1090 1873 1018 1225 232 774 568 542 911 116 1037 1598 1659 2400 1781 2105 1327 1000 690 717 220 1199 196 2521 1664 2247 2388 2073 826 70 641 1848 1309 1800 2025 1374 1243 956 1950 854 1492 1358 1484 1859 2148 404 824 317 288 1559 679 128 1691 1500 1761 2358 2541 729 2158 2096 1275 1044 2175 1078 620 2016 998 556 1296 67 2282 1544 783 74 667 497 82 1891 2535 293 1315 138 2192 1601 293 653 1586 1700 1100 240 1050 233 1700 240 1104 559 2277 12 2533 2142 1421 596 1306 1142 410 621 801 1814 219 1854 2413 740 1022 2058 1900 1050 1586 240 1830 2459 2045 1465 1713 680 1237 1889 480 1181 1544 74 2214 1280 1806 1712 1492 242 1378 1693 1256 777 414 614 1287 2035 1527 645 2164 916 1287 645 919 1070 2366 1443 1914 955 566 1279 916 2250 2035 645 111 1051 1632 1576 1922 678 2450 2525 2232 2294 1041 229 1939 845 1128 2328 718 2473 2559 36 1305 1804 2118 1538 778 293 2354 673 529 839 952 1067 2178 1711 352 258 2003 1145 683 599 2337 584 162 122 2473 36 93 38 1539 2317 183 1852 494 1970 1772 275 1086 776 1976 1693 1287 371 645 796 611 2086 2351 2408 2311 5 203 1672 2461 2044 1673 1537 613 1679 2279 142 2161 800 281 1054 129 1421 990 1350 1087 2289 1844 531 1176 268 2469 1563 2292 532 236 2204 1051 2073 2388 962 1931 1424 1121 140 1306 410 1142 1036 843 2133 2248 1405 496 1808 1162 925 1590 1468 2555 1256 733 1901 251 178 707 1062 223 2016 115 1054 2161 216 1174 1422 1303 672 2201 581 337 2167 2051 527 807 1073 1951 1684 1221 813 895 254 151 1411 2401 459 2346 1198 2537 2381 431 899 613 1571 1679 562 1898 691 2176 876 1734 1078 628 2525 2526 276 1053 2559 2096 1750 283 1073 1238 1904 1680 1436 244 2339 1035 2160 636 2427 1595 1279 290 1291 752 861 568 542 116 676 2480 1517 1184 53 2414 1679 775 2028 1539 2499 183 1551 2409 814 2548 2281 251 899 2372 1054 2267 1348 2121 1644 980 1122 1493 38 2448 2553 1239 890 1684 2149 1168 813 125 226 985 32 2023 272 1034 1055 536 570 1282 1664 830 1637 2331 1383 2255 581 279 2167 1595 380 1087 601 2292 327 2508 1532 149 8 1093 2256 1328 197 1923 2511 370 1655 357 2272 693 603 2508 1532 2396 699 1825 2162 760 2186 879 592 2186 2409 879 592 1087 380 2289 531 2265 2554 312 83 651 1366 1442 1326 2552 693 1282 1731 242 776 1086 1693 1045 1683 2295 1479 639 372 2368 2477 1269 253 13 2478 1679 142 613 562 613 1679 1571 2279 2065 996 1905 564 301 1840 1445 2472 292 1649 2451 396 1473 610 2165 2146 198 1018 774 1371 2029 2520 2503 1132 2460 209 43 2239 2034 988 553 311 398 810 521 967 1136 2030 1419 768 613 7 1840 142 2033 612 441 1267 2235 545 1158 1648 678 1078 2450 2525 406 1824 314 1082 750 509 1792 1890 115 485 13 970 885 1571 704 2151 31 330 655 1315 2540 267 1408 36 203 2311 1346 5 920 2260 603 2552 1122 2559 994 38 2224 182 1735 2443 2535 1315 821 138 1374 1932 2137 1024 1910 0 494 1532 521 84 2150 967 210 1290 157 1749 2370 1628 2201 2167 2055 2142 1193 1420 2175 1179 2016 2058 880 722 2267 862 670 1555 1818 270 1265 2500 2555 1876 1225 926 774 58 1534 715 321 2408 1955 1652 1347 153 1553 379 1922 1408 852 301 1840 1503 468 1400 2500 1876 1109 330 2192 1315 513 2526 2512 38 2295 1311 1041 1479 194 1325 969 1000 1445 1840 142 562 2466 529 1570 1671 725 106 146 254 895 106 1478 254 146 895 1605 254 45 188 2483 1220 1301 2565 999 1405 1868 1416 1571 815 2126 805 504 1660 955 2544 1279 1904 2050 1877 1104 12 636 1673 1537 1904 2324 928 1685 2525 613 1868 1571 815 556 1245 706 1548 522 2383 271 1659 182 349 323 2391 301 1445 1687 2472 1176 1707 141 1604 1102 1429 1843 1852 907 1419 1572 967 1869 668 2529 268 227 2306 2410 2363 2339 888 1245 1548 914 1832 1353 161 393 2538 2033 1267 620 1824 2282 874 1294 2504 909 258 2551 1409 2432 2349 328 561 2368 372 2055 1661 612 1095 198 439 1018 1371 1913 326 348 1697 1469 2 696 1199 337 2201 2160 581 690 220 1290 1199 310 79 1711 1264 952 529 1067 1671 243 385 639 372 250 1225 1155 58 757 2114 1781 1132 66 101 2135 1371 2302 1783 962 524 1779 2218 810 1350 1557 194 2422 769 2383 975 1037 1659 760 2409 2186 592 209 2239 1307 1705 2055 1661 1518 1510 2330 1357 2343 2477 1130 1706 952 1067 2330 2368 2208 2477 1992 718 2559 1877 1121 1110 134 140 486 1716 821 1315 1669 1331 1222 153 2567 1363 2060 1771 1375 2013 2465 1377 2030 1176 967 1095 852 301 1402 1840 1273 517 831 1743 1089 843 1048 999 1845 1824 2282 1082 1359 992 1935 1771 2310 670 1818 2471 2193 942 1652 153 2392 616 1794 1510 1467 1876 1265 178 994 2382 2559 2162 830 238 2331 1637 2425 644 715 572 1087 1110 380 531 2234 748 1643 229 1651 1898 726 1405 1468 382 476 981 1469 2501 2121 1940 1062 1906 223 2058 291 1870 972 696 1335 725 608 572 1714 2073 1280 962 1079 2082 69 138 525 1079 1683 138 1993 1840 1507 142 1875 347 1133 890 2179 758 825 1097 2372 1054 899 216 716 2277 2376 663 1558 2132 340 1547 337 2160 1035 581 2553 1142 1982 542 1181 783 1544 74 388 1460 1837 2459 22 1202 2027 1323 143 1399 26 1859 1701 1072 533 8 1379 1603 1878 1784 190 1732 399 237 1052 1238 593 1537 486 2350 1315 561 1180 329 1329 968 2537 118 189 899 942 2243 704 1416 335 406 1755 2333 2401 2346 2215 1198 1848 1572 2225 1800 2483 1220 206 1888 371 810 2218 1604 1065 932 2146 378 2246 1967 2199 1847 529 625 661 1067 1028 546 971 60 98 374 1710 1658 690 1290 1749 1199 17 1165 269 177 209 477 1754 1705 1145 120 442 609 2337 2405 2069 1551 801 14 221 1814 1010 1085 2335 798 344 1460 388 2459 891 1555 2008 796 2359 1501 1105 2371 743 585 430 407 2496 884 100 671 2492 1250 1803 495 2138 1655 778 1660 459 1941 1157 1198 1616 1269 253 13 715 572 321 2408 1136 1610 2030 768 1014 1191 1216 1858 2033 441 2347 1267 555 1302 2534 1658 2178 2504 1294 258 2269 303 2497 2244 252 1610 2389 2502 556 706 1296 1548 1339 732 1015 414 1649 393 2033 396 505 2432 130 1936 505 1564 2432 1712 2199 1967 2374 2321 2055 1224 84 1095 2029 446 1132 968 635 847 1397 992 907 1419 1385 933 77 1911 2201 2323 1654 1127 2 696 1955 1422 1222 672 1804 1664 1204 53 2431 1072 8 1093 1732 2431 237 1093 2483 45 1220 1888 1245 150 706 1548 2312 1825 2219 1688 356 2323 2201 581 1322 12 692 2213 303 2428 2244 41 2250 528 2310 645 2068 1014 1216 2561 1632 962 2053 1576 2030 84 1224 1095 719 1869 668 2529 1256 1015 777 614 820 13 423 2115 1917 13 485 1790 423 13 820 970 1324 574 1667 890 1115 1824 736 2450 2343 2313 2159 1143 508 2298 789 1411 465 98 1710 41 2169 963 2219 699 1235 546 1500 1390 423 820 2180 970 2197 1613 2539 1277 1089 1213 1048 843 736 314 2274 2450 1955 1347 672 153 559 12 1877 2213 2366 850 1502 474 1647 372 385 378 1941 1804 1741 2247 1296 706 1615 1548 669 736 1126 1036 488 319 210 1749 1380 1950 1378 20 1359 2027 360 624 1839 928 2324 2213 2389 84 2055 1224 380 2239 514 1754 864 294 940 519 2382 994 2396 2162 14 1077 2108 874 2010 971 1028 546 1579 1832 861 117 252 1416 1678 815 322 288 1665 729 778 674 2138 2354 2233 1430 468 1876 698 342 225 1873 1647 1655 2003 372 2030 2389 1610 2502 1845 1936 1958 1824 1770 463 1304 988 2032 2322 1033 315 392 498 679 978 1533 1415 1022 2345 1982 2354 293 673 1010 2538 1494 1267 2542 407 2326 978 1305 53 1804 1538 1845 1240 1755 1082 1049 2275 152 161 1605 437 254 1411 1741 1157 1941 1198 594 517 39 2204 1998 794 2000 1055 224 251 1901 178 1613 2539 1277 2167 1078 2175 1179 2016 328 1485 561 372 1761 2541 292 1715 2284 915 464 319 2434 554 1323 738 2231 166 1110 531 818 1052 2249 1537 684 1200 374 1710 238 813 1951 1637 1205 1174 2416 2490 407 2013 2104 1097 110 1205 2416 2561 1742 802 151 404 819 1830 1011 1211 114 83 495 951 555 2069 2304 2534 235 1121 2181 140 1555 1527 645 796 629 752 1291 861 2483 206 2004 1888 1103 726 695 876 489 1366 186 2346 2197 1277 2539 1891 1176 810 967 1095 1913 348 1938 1697 1099 1773 1513 320 871 1513 1773 320 1099 871 1773 1699 1404 498 1386 978 1053 276 654 2559 124 1667 574 991 1614 2505 546 60 2488 911 986 935 1807 2548 1158 814 710 180 1749 1199 2539 2255 279 2167 1193 967 810 1095 2402 2116 713 1618 1059 1896 277 967 2200 446 1751 2062 1402 301 2417 1184 1175 2282 783 74 1118 2235 1342 1648 569 337 857 2160 1115 620 1824 2450 2294 1671 2466 1479 162 1138 144 2064 1666 2011 1362 506 1614 2505 1028 546 62 1117 51 395 2122 1310 1511 2477 1314 167 107 531 126 274 431 1076 1241 1847 1407 2264 800 2161 1917 1589 1926 1618 406 2333 1111 406 1618 2333 1144 1385 1059 967 1028 2377 1772 546 97 1190 2063 2400 964 1750 1143 138 2044 2467 202 191 308 1368 775 2279 489 2334 882 1326 942 1416 1347 153 2089 2163 256 2298 1992 2559 946 2181 719 2529 668 268 540 2430 1449 67 335 1326 1926 2333 1243 1972 1195 261 1367 2153 289 619 752 2427 636 1279 1215 1687 956 1536 1481 1154 101 1 557 2502 2389 1224 2233 1876 297 2387 1175 931 783 2282 680 1655 280 1660 24 1416 2193 153 367 519 2290 234 2409 592 814 2281 98 1710 2277 1658 1831 1048 1213 1203 389 1391 47 1790 2041 295 33 2507 711 380 1595 1705 2175 1078 559 1408 484 901 870 1067 2260 0 920 603 655 1109 486 1315 1361 574 1918 1957 1898 168 2353 2248 1255 56 633 1872 61 1547 1558 2507 1955 672 1347 1504 7 1407 1847 2264 943 1988 179 903 1811 1460 1495 1002 1813 928 692 2277 1414 18 1623 851 81 641 668 268 1104 1584 1373 2099 137 1241 392 2264 510 1858 1075 971 628 678 1150 2525 763 2433 2504 258 1009 2551 284 2349 256 2163 2089 2493 1236 1279 473 1436 679 769 1500 1725 480 1181 783 1544 741 1763 2092 1320 478 1492 854 1358 1845 2349 1691 1712 2491 1757 2567 1363 2132 1114 1558 340 1638 2148 2163 2256 1922 669 267 736 457 1327 969 1000 1539 2499 1551 2345 2473 2112 93 36 2405 122 756 1551 1178 959 937 20 532 594 236 2204 1039 1261 168 2353 2464 1879 1143 900 1596 749 2334 1688 1575 2008 1555 270 725 644 1161 572 1761 2358 292 2541 2228 1859 126 1076 1478 802 254 404 1407 1507 299 1840 610 2146 1767 903 2464 201 2495 346 314 1408 1122 2274 704 1868 859 1416 1694 2146 2165 378 649 2502 2174 1 283 1275 2158 2096 376 99 1126 1957 1894 2091 2405 756 2079 592 979 2281 2519 1385 1641 933 391 1880 1782 32 2376 692 2129 2277 1614 1028 971 60 1306 495 2492 1036 2195 1668 2544 1163 756 1551 2499 2345 1681 443 2202 1036 669 1126 443 1036 1529 317 2347 396 620 314 1824 2450 730 421 2278 1777 66 1371 2135 441 2054 1976 776 1693 1155 1613 2197 1277 392 407 679 34 97 108 1611 1068 649 1083 1242 1846 630 2011 1521 1894 1798 1642 2298 1411 555 2534 1710 1658 780 1876 2387 614 457 1691 1500 1000 1255 419 56 2395 2352 2425 2271 644 2521 196 1390 2247 366 647 1154 1371 1977 1789 158 2365 418 1983 2187 939 435 240 1700 140 347 911 1133 890 405 203 5 1672 666 2409 1785 1381 706 150 1060 1548 366 2189 198 1371 1126 736 669 1957 1287 645 371 1604 393 1494 2538 1267 13 2478 423 2115 2416 2026 2153 2561 1951 1637 813 1203 2539 1891 1277 2167 1976 797 1086 1693 98 1813 2376 2277 547 11 1767 903 1319 873 575 1184 98 2277 1302 1658 1445 1840 301 1503 2392 2152 1993 798 2368 328 394 561 175 891 1768 2008 1768 222 192 2008 1575 222 891 2008 2538 2134 393 2033 321 572 1434 2408 1010 2335 2538 1267 2219 1825 2396 699 527 201 2464 346 1858 2153 2026 2561 264 1432 1051 962 1273 742 713 1022 2106 175 2008 796 1078 1710 2534 41 1924 1432 1783 962 13 970 485 1790 1783 524 2302 1725 554 176 1323 738 1926 1326 1618 2333 1112 879 592 474 1895 980 1836 2274 2069 2091 1179 1551 1085 2083 1019 2152 2228 576 1859 1076 1593 1924 409 1418 527 2051 808 346 1573 1859 1784 1999 408 2490 2098 2479 65 869 1165 1297 1620 403 2157 30 2483 188 45 1541 354 2099 2327 663 2503 2505 1614 60 957 2374 1097 2321 1516 933 108 768 95 428 46 2172 347 40 1324 890 2173 728 1242 1846 689 2195 988 2380 2034 689 988 2099 1176 810 1707 1604 557 616 1679 562 2194 911 2488 935 1070 850 2366 1443 1859 1784 1188 2148 690 2501 717 1199 926 232 1225 774 2030 933 1419 768 1489 2272 845 2328 264 2302 1783 962 423 2180 820 2115 600 644 71 1372 2436 2070 1975 270 847 1630 1975 320 1005 547 500 903 1062 223 1885 2058 2306 1522 2410 2363 72 1537 207 117 710 1199 1749 2113 1316 1076 404 216 646 1009 1724 1538 1580 1065 2120 70 2446 301 852 1503 69 138 1315 1627 1678 252 2506 1416 1328 1923 1047 1246 679 1500 1691 1725 947 2380 1426 836 2534 1179 183 1551 2046 572 2299 1790 437 2558 1372 1411 1819 1388 1959 1687 1311 681 1479 1627 4 2063 702 2151 2244 1077 620 2016 2030 84 2389 1224 1416 1659 1598 2151 2010 1858 2026 275 1011 100 884 671 878 882 2334 1326 365 651 963 335 1923 1047 1246 32 2558 1798 1372 1411 1493 1122 994 38 1533 1791 1521 1788 1374 1024 2137 492 347 51 1133 911 2152 2335 1085 798 617 797 1976 1693 2338 1783 2302 1418 1751 188 2062 1541 224 178 1265 981 243 674 1694 378 71 644 437 1372 2120 943 2236 70 1045 1041 2294 1479 1474 2511 197 497 711 1595 2427 1705 990 490 1356 1421 13 2299 820 572 2535 821 778 674 2254 2435 1191 971 2063 2400 2498 2151 1983 961 2187 340 221 1175 2503 1814 1505 2179 1097 1606 719 268 668 1563 889 1821 2543 2028 479 1733 470 775 1874 2086 1908 2408 2495 1879 2464 900 730 1253 421 544 2230 2027 554 176 420 110 289 2153 1069 1212 634 596 1414 8 237 1760 1294 2262 174 2504 885 1571 467 2279 2430 1030 1474 67 2437 2387 169 614 2364 1763 2385 1320 14 2108 707 874 1936 1958 323 2443 7 1847 1967 2264 762 2132 1477 1547 1311 1479 681 229 131 1525 1776 1423 14 991 1077 1854 1895 505 130 1936 1830 1002 2045 2459 1613 1277 1628 2167 778 2354 1660 673 279 556 2223 67 2255 337 581 2167 2036 2206 2092 543 420 2221 110 2561 763 1142 410 495 1456 709 2256 786 715 2067 133 2408 2413 1273 831 1743 1196 1385 84 933 2223 556 998 67 1473 338 2378 2062 1913 930 81 1406 2117 1177 2415 2136 730 211 1253 544 305 501 1706 1671 1875 2194 2449 890 1166 1447 1970 1731 1951 238 1684 813 987 261 342 956 198 1018 37 774 283 424 1750 188 812 1642 789 2298 429 2016 1179 2058 2197 1471 1155 2077 1422 1174 1299 2490 256 789 652 2298 1972 1243 285 1374 1023 812 256 2298 1191 1858 510 971 180 1084 1857 1749 1187 2530 302 2507 1615 119 2217 1106 553 689 1013 988 2051 1750 527 1073 2363 1522 1509 2394 1768 2457 2106 2008 1325 1725 969 1000 2461 237 290 117 639 1698 328 372 1077 874 620 2016 782 428 2172 417 374 2428 465 1710 1351 70 1696 378 678 1957 1922 2450 37 439 1018 198 413 2326 407 1418 1237 375 1713 2507 1830 2045 100 1465 1654 528 1656 696 2540 1122 2274 38 1178 937 1269 2478 65 739 869 2416 1744 1177 44 1547 308 1571 1368 2279 83 2504 763 673 124 170 2528 991 720 1241 1407 2264 1078 1408 620 2450 2114 500 1132 903 1456 381 746 1093 381 2431 518 1093 746 518 2318 1093 2000 1308 1998 1055 72 1797 1417 117 1306 1142 495 1036 2046 1335 1387 572 1023 1066 2298 2493 13 1054 253 1589 710 220 1199 2113 1478 254 2180 404 1967 1847 1241 2264 472 2504 83 673 1572 1337 2225 1947 1918 99 662 1957 1103 1562 695 726 879 2409 666 592 448 1562 2289 1405 267 1922 736 2450 656 2076 1905 996 1593 2447 1708 1418 2497 2428 1200 1710 1694 674 2241 1511 344 1702 1466 883 1905 996 2076 564 242 1086 1001 1693 1686 1750 424 188 328 1485 708 561 2025 285 1243 1374 2318 861 2040 1268 54 2027 2230 176 260 2517 2379 191 1659 2400 1598 2151 1185 2148 1784 2256 780 1876 1430 2387 1043 2559 2050 2181 110 289 2153 619 1442 1366 186 489 1248 940 294 519 843 1637 1213 1203 2313 658 2159 900 2082 525 964 138 145 1978 2283 211 974 925 850 876 2446 2417 1402 301 1209 1467 1265 178 110 2416 1174 619 1397 1975 2288 2113 149 8 2256 2240 1185 2256 1784 2240 79 349 2202 1036 439 1986 2131 198 2392 1794 1289 1510 1434 572 2299 2408 832 2104 2013 1097 2051 527 1750 346 2201 2323 1006 581 1316 1860 404 1076 812 1149 1798 2298 301 1687 1445 1503 881 1832 1579 117 221 1814 14 874 1278 2148 1185 2256 40 1875 772 890 848 2283 1131 211 164 973 202 1320 2233 1430 1876 2387 1987 1507 7 142 1761 1911 1968 729 364 1586 2099 663 690 1749 2501 1199 1468 476 2291 981 2134 1649 393 2033 1794 181 744 1510 2381 899 189 1148 2072 2192 293 1627 39 517 594 1743 1647 451 1696 378 2503 219 221 1814 856 1020 2565 1405 1998 134 520 1055 1684 1666 893 2149 189 899 2372 1148 1010 1085 1229 2335 806 449 1992 1523 1598 2400 4 2151 878 2334 749 1688 1456 2367 1756 786 1496 1756 2367 786 762 1477 1826 1547 1233 504 1735 805 931 1814 221 874 267 2274 736 1251 1225 860 1155 58 2352 318 600 2271 1774 319 464 2027 1871 611 2351 2408 2212 105 84 1420 1246 319 664 32 1494 1529 2347 1267 917 2028 775 1368 467 892 1368 2151 339 539 1757 1363 1558 1547 340 2507 2389 2502 2030 1224 1678 137 1868 1504 506 1362 1666 779 283 424 1686 1750 406 1082 1755 2333 1674 714 2289 531 451 199 412 609 1008 1832 1238 1436 1489 845 1622 2328 532 480 594 1920 430 585 2111 34 1066 1149 812 2298 2365 646 2118 1741 1845 1936 2349 1712 1601 2072 293 1627 295 1547 33 2507 767 1353 752 1944 519 1248 2290 234 1062 1885 1906 2058 429 2304 2069 1179 66 1 2502 1224 1084 1996 1749 1199 2370 2201 337 2167 405 167 1314 2162 1386 498 2556 1377 818 1514 735 1904 1286 1446 1476 596 2421 157 180 1749 2261 2029 1751 446 702 2243 1598 2151 1931 449 1424 1523 1610 933 2030 768 1347 1416 1504 153 2217 1106 259 624 489 882 1442 1326 148 1741 2215 1198 1292 2009 1030 2511 1998 520 794 1055 282 1134 244 2160 1956 1977 158 2365 195 1346 266 2311 1898 509 2176 691 669 736 376 1957 1448 1329 971 60 420 163 2171 2561 2179 825 407 1097 716 1302 2327 311 1335 725 572 970 1140 566 2380 836 166 1314 107 531 24 1416 2506 1659 1078 2244 620 2016 1983 961 1452 2187 71 2271 2425 644 1990 1967 1868 2279 906 2347 441 1267 366 1371 1154 1 1907 1668 2544 1904 1808 482 1657 1162 511 1687 1116 1536 1774 1057 793 2027 1982 2096 583 1479 2519 1419 907 933 2389 1610 252 2400 1467 868 2500 1876 1818 1935 220 270 1456 1496 2367 1268 695 726 1898 876 2117 2415 2504 2136 194 1725 1325 1000 898 1065 2052 378 2126 680 280 1660 1714 969 1988 70 148 804 2215 1741 2047 1925 1919 2240 769 1500 1691 1000 87 1225 1155 250 1188 1784 1859 1999 2241 674 243 2477 2190 1399 404 1076 898 727 1694 378 1238 1832 2458 117 1871 572 1387 2408 1953 481 1192 1552 2474 2387 1876 614 1983 325 961 340 1506 2436 2207 1975 1506 1775 1630 1975 2207 2288 1775 1975 1329 1132 1448 968 1154 1953 1192 101 1404 2397 1499 896 1691 1500 769 1725 367 2226 939 234 2374 853 1097 1606 469 2402 713 1618 419 145 589 2395 205 32 985 315 1304 1138 584 311 547 2062 2375 387 2202 349 1276 1251 108 933 1516 1068 250 926 1225 58 1194 809 2090 579 1709 1533 1273 1022 548 1485 683 599 2424 159 1392 900 620 2244 1078 1077 2073 2388 962 70 2070 220 2207 1975 986 911 395 116 2057 469 713 1618 1869 2529 348 268 1982 697 293 1479 2517 144 2379 2064 939 367 234 625 159 2424 1365 900 2397 896 2422 1884 1515 1682 1089 999 802 2148 508 2298 482 1657 1162 544 1378 1950 1492 20 144 2211 260 2379 838 1547 1744 2136 42 1639 391 32 1798 1149 239 1372 1656 1206 2250 528 1217 2415 1177 2136 126 1859 1395 1076 2413 1906 740 2058 1751 424 188 1541 1776 2555 2203 64 2516 297 577 2387 629 925 691 876 262 1707 2142 634 1209 1901 733 178 1577 1162 1808 925 878 1442 882 1326 2054 1693 1492 59 582 941 1120 474 2543 1312 2028 1480 2543 2028 2307 1480 848 1131 2496 211 884 2496 730 211 594 2532 1743 2116 658 1334 2159 900 2483 745 45 1888 1645 299 700 2264 613 815 1571 562 2372 899 251 1148 1215 815 1846 177 290 861 752 1832 1367 289 2153 1377 262 2142 2457 634 1691 2302 524 1725 179 2146 610 903 2079 979 135 2281 748 1114 1643 340 1281 1019 2083 2152 1112 879 666 1381 353 804 1789 1741 198 1986 2131 2189 766 370 845 2272 1459 811 1331 153 1402 852 2446 301 1476 1421 490 596 490 1421 129 596 668 268 1309 1563 2540 1408 1122 36 820 1358 20 2115 2473 2559 36 38 2138 674 778 378 498 2013 1386 978 1836 980 1493 38 827 962 1924 524 2066 1328 1870 2501 1843 2499 1852 2345 1281 852 1993 1503 1894 630 2011 506 548 615 1485 2328 780 1400 1430 1876 1857 541 2421 1749 1111 1755 1082 2333 293 1479 697 681 344 18 1702 883 629 850 925 876 2080 1924 827 962 2138 674 2146 2354 1360 1553 573 36 1214 1588 933 768 1843 228 2499 2345 1261 1792 168 2353 623 1353 1832 1436 488 1749 2421 315 1987 775 2414 142 2530 2475 2487 2507 980 365 2169 335 1380 1799 1874 2299 294 519 864 1067 235 2231 1110 2181 589 478 56 2395 1414 237 2021 1760 1347 1416 1868 1504 1871 1387 133 2408 1307 2427 1401 1705 1668 1279 1595 2380 2156 2391 1836 38 1321 719 1309 1563 1112 2275 152 474 1775 992 847 1975 1397 992 1775 1975 2556 498 1404 1377 1490 988 1013 1163 1013 988 2195 1163 769 1884 2010 1000 2030 1176 1419 967 457 2010 1884 1000 417 561 615 2328 960 2237 569 2160 1029 345 7 2362 899 1076 1316 216 1029 7 2357 2362 195 1892 1346 1515 1114 340 748 681 1190 2498 2400 1068 285 1297 869 492 784 1864 1695 1504 1335 2183 1822 970 2178 495 2504 258 1835 369 1822 970 343 539 339 1363 1873 956 511 1536 325 961 1452 1983 1695 383 2270 1504 987 1243 261 956 2405 122 86 756 1457 2439 625 676 2212 84 105 1942 931 1175 221 1814 706 556 642 1245 1351 29 451 1696 2031 445 2508 75 1304 988 1138 311 293 697 1982 681 235 1110 1121 140 2138 778 1655 378 2306 2363 227 1143 2462 1957 99 621 870 771 1737 484 1724 2118 646 1538 115 1835 2183 970 1102 5 2311 1672 1780 2158 1275 1044 1595 1087 1373 601 1913 268 326 1406 964 2464 1750 1073 1913 81 268 1406 1018 2286 1225 58 706 119 1615 1548 1862 1727 522 2479 255 2507 1558 681 488 2421 541 315 225 698 1626 342 98 2277 1710 41 482 2547 1808 1657 1144 84 1385 967 439 1909 1018 1371 775 2279 1679 142 620 1077 1078 2450 1685 928 41 2525 2233 886 297 1876 2357 7 345 1847 859 1868 383 1504 898 2146 932 378 2369 2550 1944 1443 1474 497 667 1891 1542 286 2381 1148 586 744 2154 1661 939 234 1609 625 979 861 2367 1268 2179 758 1097 1606 1120 950 1112 474 302 2507 255 681 943 1740 1327 903 392 679 407 978 2312 749 1596 1688 1917 1790 389 1589 1213 1637 1951 1203 1196 2150 1470 84 1746 816 444 1715 1474 1030 197 2511 417 615 103 2328 765 2218 398 810 1651 726 1562 1405 302 2487 1558 2507 472 1982 697 681 2513 2392 1993 616 1903 1110 166 531 1681 1251 669 1036 1801 389 485 1790 826 2073 1696 70 2152 1229 1085 2335 418 1983 939 1609 108 304 768 1318 2034 2099 988 311 1049 1944 2275 161 706 1060 119 1548 496 1577 1808 925 1459 2479 24 153 1064 1042 772 890 2034 354 770 2099 1140 526 947 2380 2195 2423 526 2380 947 2423 298 2380 298 770 363 2099 363 354 364 2099 875 930 1288 1697 801 221 219 1814 2465 832 2566 2013 2165 1473 2146 1511 169 1693 1827 59 854 56 478 1358 1726 188 1230 1220 472 1982 681 673 1261 168 28 1039 1239 2553 911 890 439 1653 1909 1371 383 1864 1347 1504 929 1599 731 1148 2307 105 1518 2028 1709 1273 2413 1022 491 1426 2220 601 1144 277 521 967 928 2277 1813 41 298 1373 1426 2380 1100 1373 298 2099 2519 1516 1214 933 371 1597 2164 1604 2023 491 272 601 747 1450 1554 2272 1430 1400 468 1876 652 2148 2163 2298 1100 1426 1373 601 484 870 771 1067 2097 1638 8 2240 1691 524 679 1725 2228 795 126 1859 272 2220 435 601 2003 1655 1145 599 1578 442 120 609 1783 2302 1418 1725 1380 1799 687 1874 733 415 1209 178 648 504 2126 805 2423 298 2380 2099 1296 1615 949 67 2320 1127 875 1697 620 1115 1077 2450 1122 1408 1257 36 2498 2400 2389 1368 1553 1922 267 1408 2097 1784 1638 2240 535 827 1924 524 2134 744 1661 1510 1089 1048 1301 999 716 1899 1658 311 2303 1210 1601 681 1791 1521 1788 1894 1105 291 972 2371 1885 223 1062 2016 686 340 1025 452 1826 325 762 340 1976 2054 1827 1693 1483 2164 2155 1604 2065 1653 2131 564 949 1292 2124 1030 2065 1905 2076 564 678 662 376 1957 1596 1688 1429 1672 569 857 1607 960 1751 2062 446 387 1384 574 1361 991 473 2427 767 1436 2236 2388 1580 70 559 2277 12 2213 337 1035 2255 581 219 2261 1040 2184 1614 971 1329 60 473 1401 2369 2427 1813 2277 98 41 775 2028 917 2484 1460 1495 1837 1811 2003 1698 385 372 2069 2405 2091 1551 608 715 1387 572 592 135 979 2281 2050 2559 1257 1877 915 32 319 315 1508 2305 1916 850 2355 1550 1278 2148 1375 1367 94 1377 2373 1731 1282 1024 1255 1149 1872 1372 1767 2146 2062 903 2159 1310 2343 1220 466 1448 1329 971 1191 2435 1858 971 29 1696 826 1576 1136 1481 287 1419 172 2106 1212 634 172 1129 1779 634 1212 129 1129 634 499 84 1193 1420 1903 2231 166 1110 2369 2427 1307 1443 762 325 2132 340 1505 957 853 1097 2199 1969 1989 1967 2394 1522 1509 1849 2044 1252 202 2467 1332 1528 1244 1599 1573 795 1859 1999 858 1221 2524 1763 832 957 1796 1097 1691 969 1714 962 1765 401 1817 135 677 1796 1505 1097 2285 2567 2060 1771 943 1988 969 70 352 1803 2178 495 2176 691 1577 925 2498 2400 1368 2151 926 1953 774 58 2218 810 1597 1604 405 1825 203 1672 1691 524 1714 1712 1250 1142 578 951 578 1142 1056 951 499 1193 1962 1350 1962 1193 521 1350 1779 1707 160 796 160 1707 371 796 2084 991 14 1854 2519 1588 1419 933 219 2184 1040 1854 357 1655 370 599 2039 1453 1312 1480 694 944 278 2299 2357 7 1967 2279 766 246 370 2272 1287 2164 645 1604 22 1057 1543 2027 263 44 2117 2136 2394 2363 1522 1143 1730 2353 1039 2248 1990 1868 1967 1567 252 1571 2389 2400 194 769 1325 1725 782 428 417 1939 1994 1075 2397 896 2161 281 1703 1054 579 848 712 2283 1304 1770 988 311 2474 2478 20 2115 2193 2243 942 1416 154 163 420 2153 1739 2079 1149 1648 2326 409 2338 1418 1040 2261 2263 2184 1104 1373 1087 240 961 325 1826 340 29 721 199 1576 1221 1684 249 1168 1819 1116 511 1687 2338 49 978 1725 1490 1007 463 1163 1742 2148 802 404 1889 778 1660 673 1817 2493 567 786 1492 478 1723 59 1900 240 1586 663 63 154 289 2153 2425 1161 71 644 1207 2251 1183 1368 809 478 589 2283 2498 2251 892 1368 308 892 1207 1368 2077 1277 2197 1891 2046 1335 572 970 574 1957 1361 991 2361 1959 1388 1503 1142 542 2553 935 943 969 1988 1327 2129 2277 692 12 2528 1667 124 991 2503 1614 1132 60 642 1296 556 706 697 681 1479 229 732 414 1764 777 2010 769 498 896 1811 336 1837 2364 576 2180 802 404 2462 193 427 621 1955 1864 672 1504 1885 223 2016 2058 2032 1639 42 315 1927 1321 2225 1563 610 932 2165 2146 1572 2225 1563 1947 429 1179 740 2058 224 1265 2291 981 2259 854 1950 1358 779 893 1666 2149 1103 514 2239 1754 286 431 2381 1148 1012 1349 343 539 376 736 1922 1957 1987 1507 1407 7 709 1965 149 2256 1146 208 709 2256 1185 1965 208 2256 632 1056 373 935 1880 391 1047 32 2454 2079 1739 1648 1253 211 482 544 1827 169 617 1693 849 1960 1736 1877 849 2252 36 2213 1674 1903 166 531 2038 1843 228 2499 1609 939 2226 234 1571 1416 252 815 1939 417 908 103 757 2114 1132 903 2378 1472 2375 2062 1619 2339 1548 581 134 1110 794 1055 2294 2232 625 229 96 2051 2429 1073 2311 1102 195 5 72 1417 2461 117 262 2008 2457 1699 1818 220 670 270 126 431 2228 1076 974 850 2107 876 326 528 717 696 7 1967 613 2264 856 2248 1020 1405 665 1480 1139 2523 79 352 495 1036 740 429 2091 1179 2448 1667 2084 574 1691 1725 769 1000 347 1324 1667 890 2090 1723 809 1194 1558 2507 340 681 1305 1956 2118 53 294 1248 519 1067 885 467 1571 2151 1583 2057 2210 1247 586 1649 2134 1661 1346 203 266 2311 824 799 317 1559 1125 1060 343 1363 152 551 447 2275 613 2472 1840 2264 444 1699 2457 502 1210 255 748 681 818 2249 72 1537 2439 116 583 676 1596 1583 1429 1688 426 1758 1979 1264 168 509 1898 2353 1597 1937 2155 1604 915 664 319 32 1540 1873 511 1536 1570 501 591 1671 417 103 1939 2328 2483 2004 745 1888 1230 188 35 1511 2052 1647 727 378 1319 575 2417 1184 670 220 1818 2471 247 850 582 1944 1939 1128 561 2328 1066 239 1149 1648 274 899 431 1076 2351 2299 944 1790 1402 2417 1517 1184 66 101 1371 1 2460 43 1070 751 1871 2351 2299 2408 1191 2435 1216 1858 141 1818 528 645 285 1165 869 1297 24 2506 1416 153 209 1624 43 751 2165 2146 898 378 1874 694 2086 2408 2449 890 2194 935 2077 1471 1155 250 2404 675 453 1372 600 1463 2404 1372 986 911 542 935 1202 22 2434 1323 2173 1846 269 177 938 2457 1768 502 271 1659 24 2479 1041 1479 1311 229 743 1241 1097 1606 629 861 979 2275 2228 899 576 1076 2217 1292 1615 2511 1925 1784 2097 2240 2230 1057 1202 2027 195 1102 1682 5 1925 2075 1784 2240 560 1077 2244 991 2361 1319 659 2446 873 2480 575 1184 1075 1858 163 896 2097 1919 1925 2240 1522 2363 2306 1143 990 218 2257 1420 499 2257 737 1420 737 218 1139 1420 1213 1089 2331 1637 1050 1809 140 1523 2560 857 1665 729 2305 850 1070 1443 31 1315 370 2272 2312 878 749 1688 1786 1263 2357 2279 649 1945 2502 1 429 1885 2016 2058 1733 1263 643 2279 2356 1472 338 1541 2054 1827 1693 59 916 645 2164 1406 1494 1010 1675 2538 2250 645 916 1406 690 1246 2501 1749 2439 901 1067 116 714 448 1674 2289 1456 1093 746 1268 746 1093 2318 1268 16 2244 2108 991 1533 1709 1788 1022 2192 1315 330 653 131 1525 1590 1776 1456 1093 2367 2256 704 1416 2243 2151 2373 1282 2336 1024 1223 2 1127 696 13 1054 115 216 1735 805 648 2443 2553 542 911 935 1150 41 1734 2525 2540 171 1747 1251 1555 1818 2008 796 330 1315 31 653 1170 2009 1745 32 488 245 1530 315 1225 87 926 250 2389 105 2055 84 481 2359 1105 1552 2389 2400 2498 1068 1970 823 275 492 292 55 1649 396 569 2237 244 2160 885 643 1786 2279 2526 276 2559 38 616 142 1679 562 1442 963 651 1326 1691 962 1714 524 1634 1671 2096 1479 1924 1783 1418 524 1138 988 584 311 285 2025 1165 177 2430 949 2124 1030 1924 962 1783 524 2217 259 1787 624 2489 1826 1477 1547 620 874 223 2016 1988 969 2520 1327 1766 86 1748 2064 173 1132 1329 968 1925 595 2075 2047 1417 237 2461 117 1518 105 1139 1420 411 462 1317 1038 2010 2026 1858 896 854 2259 56 1358 1923 1030 2009 2511 1783 409 1924 1418 2050 1110 1087 531 2544 1279 1668 2380 1843 1852 1415 2345 2424 1392 1454 900 2305 1443 1070 751 1872 644 437 254 1128 370 246 561 97 2400 108 1068 2418 1529 1494 393 2025 1243 1090 956 171 1251 1276 2391 2405 2337 86 122 1107 1772 823 275 1616 13 253 1790 522 2383 1659 1318 262 1773 2008 1699 1557 1325 769 1725 757 1201 1740 1327 2280 1166 2373 1024 299 1402 1645 700 1050 1700 1586 240 850 974 474 925 1982 472 697 83 1189 2496 100 1465 522 1659 271 2479 1564 2349 2432 1712 1090 342 698 1873 2242 1520 235 2181 1667 2084 574 991 764 2457 2533 596 873 2480 1184 53 916 2035 1287 645 1634 591 2166 1231 500 2114 1132 968 2475 580 2041 2276 2097 8 1919 2240 2374 1241 2246 1606 1236 1914 566 1279 1914 1680 955 1904 1052 1270 1680 1904 1907 955 1270 1904 253 1589 1054 1173 2138 2146 674 378 2389 2400 1571 2151 86 122 162 2064 2196 519 625 1067 2327 1302 2099 311 2448 1667 574 890 2364 2385 973 1320 732 1015 414 777 1918 574 1042 621 339 515 1757 539 235 2181 1110 140 2278 1253 421 730 1762 522 1727 1659 2326 1418 2338 978 81 2155 268 1604 1422 1955 1303 672 1059 967 1572 1800 2352 600 1933 644 444 2457 764 502 2303 302 255 681 498 769 1404 896 1939 561 417 2328 818 735 1537 1904 1409 1300 651 1157 1481 1945 1154 1 498 769 679 978 1269 1345 253 2478 281 1332 929 1173 937 1001 797 1693 2513 1993 1507 142 766 1450 31 2272 2176 925 974 876 1898 1020 2248 1405 1935 1911 2323 1771 2073 962 1051 1576 767 752 1353 1436 2216 367 939 625 975 1659 2383 1318 1447 1166 1972 1024 13 115 970 216 885 1868 1571 2279 2517 1168 2149 813 2307 2028 1518 1480 1346 2412 405 5 81 2155 1604 1406 1686 188 45 1220 2488 1462 632 935 930 1406 1913 1697 1777 544 421 1890 2237 960 1968 2160 1782 1880 127 32 1522 1849 2394 1143 2150 84 1144 967 2045 1764 1189 1465 2243 1416 1598 2151 2370 1569 322 1628 1982 472 83 673 192 1768 2008 502 1015 1776 64 777 2439 625 583 1067 1392 2315 1454 1888 96 1750 2051 1073 648 1677 1280 2073 667 1277 2077 1891 2270 1695 1504 2321 931 707 1062 874 277 810 398 967 1571 1868 704 1416 257 1827 2054 59 214 282 2569 1134 2176 509 1577 691 2440 909 2407 2504 1014 163 1858 2561 1723 257 2054 59 238 1951 1213 1637 252 1571 2400 2151 2439 1067 583 116 1233 1735 182 349 242 2054 776 1693 2216 1457 2196 625 284 524 2349 1712 1205 2416 1080 2490 1485 370 615 561 519 367 2196 625 1792 2353 1261 1890 1469 2501 1996 1199 505 1936 2443 1712 692 2277 928 2213 1041 1045 2295 1479 2215 2031 450 1032 461 800 112 1589 1129 1779 634 1350 1129 634 129 1350 172 634 1779 796 172 2106 634 796 293 681 1982 673 1905 1116 855 1536 1328 2501 1246 1639 1398 1730 1039 2248 908 1883 1939 103 97 4 975 2400 2195 1668 988 2380 2107 850 2239 876 383 1868 859 1567 507 802 1872 1411 1826 838 340 1547 1665 1135 1524 2358 1694 2146 674 1511 1835 369 970 216 1109 655 330 1315 1345 297 415 178 2358 2560 1665 729 1919 8 2047 2240 40 347 1875 890 380 1754 514 1055 2050 1110 2231 2181 1590 2555 2203 1776 880 696 1223 1697 1209 224 1901 178 1369 2266 1137 1639 391 1639 1047 32 953 1609 234 625 2343 1220 1310 2477 115 1835 970 216 210 319 1290 1749 2535 1750 2096 1073 375 2507 472 2136 2182 1369 1996 1940 1781 1884 2105 1000 895 146 106 254 1404 769 498 978 2043 159 1934 346 613 1967 137 2264 154 163 2153 896 1750 138 964 1073 1446 2103 1476 596 227 2363 1357 1143 2140 1502 1916 474 1597 810 765 1800 436 1622 2141 701 1555 645 1818 796 162 86 2337 122 486 821 657 561 1037 1659 975 2400 2059 1105 972 326 1514 618 1904 1163 299 720 1407 2264 1654 1199 1438 2471 1090 987 342 956 2498 1068 212 1942 2237 1968 2285 2160 2178 352 495 258 2559 1877 718 36 1619 279 2255 581 1439 353 1977 53 1683 525 138 1073 265 1386 1160 978 1280 2053 827 962 1292 2009 2441 1030 1572 1563 2225 1800 499 2257 1420 1350 2257 990 1420 1350 1799 1491 1378 1380 1805 2539 279 1891 780 2387 2437 614 2461 290 1537 117 1359 2491 1323 738 2530 2475 2507 2276 1912 1199 50 2471 2122 1511 2241 2477 2415 375 2504 2136 744 181 2154 1518 1037 271 2383 1659 1676 2212 105 1942 388 18 344 851 1841 1149 1342 1648 151 254 802 1411 1638 2367 213 1093 1468 2291 1265 981 780 1430 2437 2387 733 1345 415 178 1423 483 1525 1002 149 2256 1965 2240 1965 2256 1185 2240 1792 168 28 1261 450 2031 327 1032 2070 2207 220 2113 50 220 710 2113 1781 1448 1591 971 1872 254 437 1411 1954 2569 1012 1134 716 1302 2277 663 109 1073 1634 1231 1673 1668 1514 1904 1075 896 1994 1884 1557 769 265 978 515 339 343 539 1429 1102 2311 1672 765 810 277 1800 1131 579 1587 2283 1880 754 127 32 1328 1246 1047 1639 2002 680 1713 1889 2373 2168 2280 1024 1709 2413 1788 1022 2553 574 410 621 954 701 2514 2081 2544 1668 1907 1163 2021 2461 1417 237 2389 1571 1679 1368 2557 697 2273 452 1897 2187 961 340 797 617 602 390 1614 173 2503 1132 1686 1750 188 1220 2029 1132 2503 968 2488 373 2449 935 150 1245 549 888 2294 1479 1041 229 1645 720 299 2264 262 1773 1818 2008 2172 417 428 561 1462 542 568 676 1553 36 1360 2213 1533 1521 1415 2345 1387 1335 608 572 2273 697 1943 983 2050 1104 240 12 1686 1220 45 1888 2082 1079 525 138 1943 697 2557 983 337 322 857 729 1215 956 1873 1536 1987 2414 2513 142 242 76 959 1001 641 1309 268 1563 1255 1872 633 1372 1871 2299 572 2408 2252 1360 2112 36 1445 2472 1840 562 1137 2266 2127 493 1261 2353 1730 1890 392 1241 137 2013 915 226 664 32 1332 1599 929 1173 1043 2050 2231 2181 2498 1368 2389 1068 2176 691 925 876 198 774 647 1371 1570 591 2466 1671 758 743 825 1097 410 574 1115 1957 556 1619 1245 1548 2089 2163 2148 2256 2405 86 1766 756 173 2503 1132 968 1241 1847 2246 1606 1412 1430 2233 2387 2107 2239 1103 876 1033 1857 1749 315 9 1789 148 1741 760 2088 1949 592 1404 896 1499 1377 1006 2160 2201 581 2084 2448 574 1854 475 1860 300 404 1971 1860 2190 404 300 1971 1742 404 2280 2168 1972 1024 2476 807 527 1073 247 1049 1330 1944 2411 881 914 1832 1008 881 2458 1832 914 1008 623 1832 1744 44 1025 2136 1004 1330 1353 1944 711 850 629 876 508 802 2298 1411 2280 1972 1166 1024 2394 2313 2363 1143 1210 681 748 229 918 884 1777 1890 529 583 625 1067 1954 1349 343 1012 2235 1158 1690 1648 840 1868 1990 1567 1555 2008 1818 270 1594 2504 83 2136 1807 814 760 592 850 474 1049 1944 1727 1659 522 2479 259 119 1060 1106 750 421 544 1890 1474 667 1964 1891 2286 860 1225 58 2550 247 1004 1944 373 935 1056 621 1788 2413 740 1022 992 1975 1935 320 1080 2416 1205 2561 583 1067 529 1671 1655 372 1647 378 2254 1329 2435 971 1302 988 1584 2099 613 2279 7 142 1953 2359 481 1552 1056 935 632 951 2030 1610 2389 1068 631 453 1841 2404 2430 1474 1449 67 2327 2099 1302 663 426 2391 1276 1264 1746 444 139 1773 2006 1419 768 1947 582 850 247 1443 222 871 1699 270 871 270 1506 320 1164 1699 1099 320 299 852 1402 1840 519 1248 625 1067 2233 297 2516 2387 1016 408 1519 2098 313 1925 2074 1999 1726 1230 188 1541 260 2268 2517 191 1634 2096 1671 1231 1086 797 1001 1693 145 1978 589 2283 2294 583 1671 1479 1746 1911 1761 1715 1476 1286 921 1446 667 1501 2077 1277 1417 1797 237 117 826 2073 1051 1576 807 2051 1073 1231 1685 1046 1150 41 1172 2089 2163 2493 694 1874 1799 2299 560 628 1077 991 821 1143 2535 138 2208 2368 394 155 690 319 1290 624 2108 1077 14 991 1673 2044 260 191 2435 1329 1614 971 1572 1419 1337 1947 821 1143 2287 155 242 76 1378 959 1983 1643 325 340 1469 2121 2182 1940 2251 1183 1368 1942 2498 2251 1368 1942 2122 530 2241 1511 1438 1912 2093 1199 1669 2490 1331 153 725 254 644 572 1935 1975 220 270 1848 2225 1309 1563 2096 1073 283 1231 1892 1629 1346 1515 1285 476 1468 382 1843 1415 228 2345 2054 1492 1723 59 1903 1110 380 1055 180 1912 1084 1199 1025 340 838 2136 410 1957 2462 621 1913 1406 326 1697 1387 572 715 2408 9 148 622 1741 1706 1067 305 1671 1638 213 8 1093 641 268 2155 1604 244 569 1410 2237 2367 861 213 1093 437 644 1872 1372 1135 1529 1961 396 1954 537 2569 1134 906 6 2347 1267 393 1961 1529 396 1694 674 2146 378 1917 389 47 1589 187 1810 992 320 2014 476 1285 382 2146 70 1065 378 1895 2274 1836 2391 129 634 1421 1350 1244 761 724 1528 1139 1420 218 2523 2520 457 1132 1327 1914 1680 1904 1436 1789 9 2365 1741 1172 2163 2089 786 2000 2426 1308 1754 1601 2303 681 653 288 317 1135 396 1263 2357 2279 2362 428 417 1939 561 2422 769 194 1884 2199 85 1967 2321 72 2461 1537 117 1131 1587 1978 2283 1683 1479 2096 138 1277 1891 356 2167 2294 583 1479 229 254 572 725 970 2179 2015 758 1606 1479 138 1683 1627 173 1329 329 968 2237 282 244 2160 1462 632 935 951 2205 2180 369 216 2205 475 2180 216 530 35 1473 1511 1467 2500 1265 1876 1137 391 2032 1639 1781 2105 757 1327 290 752 636 1832 1903 380 514 1055 720 1241 743 1606 199 1576 721 609 1562 1674 448 2289 1818 2008 1773 270 2266 493 1137 1639 2059 326 348 268 862 1644 2267 696 2414 2028 775 2484 1375 2013 94 2321 559 1877 1257 2213 679 524 1418 1725 1691 2349 524 1712 1656 696 528 1697 2083 2361 1802 1503 1587 579 809 2283 1651 1898 695 726 1421 634 129 596 1196 84 2536 1068 1043 994 2382 2559 1996 1749 2501 1639 1779 810 1707 1350 667 2066 82 497 963 1442 878 1326 276 994 2559 38 319 32 1246 315 510 1591 466 971 431 899 2228 1076 1292 2217 2009 2511 1448 1781 2114 1132 1145 1655 2003 609 953 661 2232 625 1408 2450 1078 2525 49 1160 2326 978 1367 1375 94 619 2336 2445 2168 1024 1673 2211 1514 1668 1647 1696 1655 378 2195 988 1668 1163 615 370 1485 2328 511 1540 342 1873 1217 1177 1547 2136 173 2029 2503 968 649 2174 1945 1 2402 2204 517 2116 2214 1735 648 2443 1841 1342 1690 1648 1048 1398 856 2248 1668 988 1138 1163 2462 1957 410 1036 1736 12 1322 2213 1554 766 1489 2272 1685 1813 465 41 114 2554 83 951 1594 83 2554 452 1138 2211 1668 1163 912 187 2567 1771 500 1180 2114 968 1039 2353 168 2248 1613 1628 2370 2167 858 1221 1168 2524 457 2010 546 60 2302 1325 49 1725 1827 617 1976 1693 1925 1784 2074 1999 319 2027 1290 624 1799 694 687 1874 179 2146 1988 70 157 1290 1119 2113 368 1119 1290 2113 926 2359 1953 58 1039 1730 1261 2353 1230 1310 1220 1511 2255 2370 337 2167 1050 1900 841 12 24 1659 2506 2479 511 1873 342 956 2030 933 1610 1068 370 1315 246 561 841 1322 1736 12 517 713 2402 2116 2411 2318 861 161 423 899 251 1054 280 680 357 1655 1924 1708 535 1418 2274 2391 1747 38 1593 1708 1924 1418 1369 1639 1996 1940 2043 3 1392 1888 944 1094 278 835 310 426 1276 1264 728 2173 1090 1873 1968 1911 912 1771 1827 257 1194 59 2540 1747 2274 1251 1322 1900 2129 12 1917 1054 13 1589 1683 138 2096 1073 1330 1944 1049 161 914 2411 1832 161 899 1054 423 216 66 1224 612 1095 467 1368 1571 2151 1257 1408 559 36 1353 1944 1330 161 2210 2057 742 1247 2201 356 581 2167 390 1430 1412 2387 572 970 13 1790 641 1604 2155 1800 1924 1418 535 524 605 2308 1847 1606 250 2077 1501 1277 1708 825 430 407 103 1883 1939 2328 2055 84 1193 1095 2367 1093 1638 2256 2310 528 1818 645 407 2013 392 978 384 251 733 1599 1501 291 1105 2371 1492 2054 242 1693 342 1873 1090 956 1897 838 686 340 379 1553 2324 2525 743 407 825 1097 2051 1750 96 346 1201 2105 194 1327 2294 625 583 229 2149 249 1684 1168 1723 1194 257 59 1690 1342 2235 1648 987 1090 1243 956 1634 1073 2096 1231 2070 50 220 2471 698 1090 1626 342 1307 2239 2427 1705 2094 61 33 1547 845 370 1128 2328 14 801 2084 1854 430 1708 407 1418 800 461 281 1173 576 802 200 404 2437 169 1339 614 1010 656 1085 798 1012 282 2060 1134 405 107 1314 167 545 2281 1158 1648 2030 967 84 1095 22 2027 1543 1323 2392 2335 2152 798 1359 1290 2027 624 1317 2242 1424 2181 2009 2470 1170 1745 2263 2296 1780 1044 2269 2497 10 2244 2006 768 2128 1947 891 222 1768 2008 1656 528 785 1406 888 2339 244 1134 1773 1935 1975 320 1773 1975 1935 270 2041 516 2475 33 1813 692 2376 2277 284 2349 1564 1712 2531 1728 2301 1352 1241 1967 2246 1847 1783 1432 264 962 2018 22 1546 2406 695 1898 2176 876 855 1959 2083 1503 1634 1671 591 1231 1714 962 969 70 1602 992 1810 320 1805 2545 2197 1891 1644 2121 696 1940 29 199 451 1696 187 139 1810 320 1130 305 1706 1067 1346 405 203 5 1490 463 988 1163 1353 1832 752 161 1424 2181 1121 140 1188 1859 1399 1999 26 1859 362 1999 1188 1603 1784 1999 910 533 8 1760 2431 8 1072 1760 1379 2074 1784 1999 2431 1732 237 1760 2316 237 190 1760 429 2069 2091 1179 272 601 435 1055 2303 302 681 653 778 372 1655 378 1896 967 1059 1800 1481 1154 1192 101 1840 2472 613 562 1057 2230 793 2027 2169 365 963 335 1714 524 962 1712 26 1859 1399 1076 1072 533 8 2240 1603 1784 1379 2240 1732 237 190 117 2105 1884 194 1000 964 138 525 1073 118 899 2537 1076 1776 1764 1423 777 2415 2440 2407 2504 1638 1093 8 2256 2534 1302 1104 2277 1978 1131 2283 211 1596 2312 1688 1672 1499 896 154 1377 689 2380 988 2099 1315 2272 31 653 45 1686 424 188 1280 2073 2053 962 926 250 2359 58 2123 901 2439 116 193 1042 1064 621 200 2148 1859 404 1344 169 1827 59 1244 1396 761 1528 754 1745 2245 32 785 528 2250 1406 1253 145 482 211 1391 1801 1815 1790 2117 1341 2407 2415 847 1382 992 738 732 1764 1015 777 336 973 1837 2364 605 1407 1241 1847 2066 1870 291 82 641 1309 1563 1800 1460 1525 483 1002 1916 1502 850 474 244 282 214 1134 1170 1923 2009 32 2077 2197 2545 1891 618 1663 1514 735 2037 2427 473 836 2547 482 145 1657 1193 84 967 1095 1401 2427 2037 836 2143 1110 134 1055 9 622 2365 1741 97 2063 4 2400 2417 575 2480 1184 105 2028 1183 1368 1469 1084 1438 1199 1415 742 1533 1022 2299 572 13 1790 856 2565 2463 1301 2076 906 1653 564 1300 2551 646 1157 1779 1707 634 1350 583 625 2439 676 44 1547 1177 2136 2538 1010 1675 2335 2180 254 369 970 2238 721 923 609 2120 2236 1580 70 448 1651 1562 1405 1613 1569 2370 1628 1200 2428 374 1710 2086 787 1908 945 94 1504 1375 2321 2083 1802 1281 1503 63 2153 289 1377 1994 2422 2105 1884 1951 741 1831 1203 1075 154 1499 896 1050 12 841 1523 1571 1416 704 2151 411 1317 806 2181 491 1705 863 836 1642 2293 789 1411 2548 1807 1158 2281 2287 1879 1722 1143 2023 601 272 1055 1605 895 2293 1411 1401 863 1705 836 2163 2148 507 2298 1642 2558 1605 1411 224 948 1901 251 2428 1046 465 41 1700 240 233 140 1698 639 385 372 2449 935 373 621 435 601 240 140 1181 546 2505 74 934 2000 794 1055 1473 2062 2146 1511 1539 1852 2499 2345 591 1671 501 1231 1539 183 1179 1551 1993 852 1507 1840 1112 592 879 1381 2142 2457 634 596 1412 2233 2516 2387 498 392 2013 978 1774 550 1057 2027 959 1491 1378 1799 262 645 1707 796 1402 1517 1645 700 802 507 2148 2298 1136 894 649 1610 1954 1060 150 1134 267 1681 2540 1251 1496 1268 1765 786 2454 1807 592 2281 269 2173 1083 1846 711 2239 380 1705 2417 659 1319 2446 1275 2096 283 1231 214 2569 537 1134 549 706 1245 150 975 1610 2400 1318 1305 585 1517 34 447 1268 2040 161 1261 1730 918 1890 437 1372 1872 1411 1401 863 2510 1705 390 602 797 2516 2517 1748 144 2064 2182 1996 2501 1940 707 1885 1062 2016 1668 1279 2544 1904 1047 1639 1246 32 1866 2068 2509 90 2092 1763 2364 1320 1469 2182 2501 1940 1385 1419 967 933 303 560 1734 2244 1982 583 697 1479 294 864 1352 1067 233 240 1050 140 1794 2392 2513 616 1164 1793 1099 1699 1793 1376 192 1699 1099 192 222 1699 1575 871 222 270 670 2436 1575 270 1630 1602 1413 320 1506 871 2436 270 1513 1413 1164 320 1506 1630 1513 320 937 577 1269 2478 748 681 340 229 2382 405 1314 2162 491 2023 863 1705 778 1315 1889 2272 1949 592 2088 474 2334 489 438 1326 456 1847 345 2362 2501 696 2121 1940 63 154 2153 1377 2107 2239 850 751 949 1159 1151 540 870 1067 901 116 1744 1826 2489 1547 1611 1641 2536 1068 94 2013 1375 1377 1066 1023 1648 2493 1925 1573 2097 1784 887 17 269 2506 2244 1077 2108 991 803 731 2319 1599 1872 644 633 1372 513 276 2526 38 56 419 589 2395 260 2517 144 2379 256 812 789 2298 393 1494 2418 2538 213 861 290 237 2373 1166 1731 1024 111 2049 1051 1576 2155 1604 1937 1800 2498 1368 1068 1942 368 176 1948 2113 1397 1948 176 2113 1781 1327 60 1000 91 42 1782 32 1785 2409 2548 2281 733 251 1901 1599 2534 1302 2277 1658 376 662 99 1957 763 2504 83 495 253 1790 13 1589 1635 545 2139 1648 352 2492 1803 495 2534 2277 1710 1658 547 2062 446 903 496 592 1949 474 1926 406 335 2333 1130 305 296 1706 548 1485 599 2328 284 1806 524 1712 381 518 746 1093 1587 809 1978 2283 1230 35 2122 1511 586 2134 744 1661 2055 1661 1510 612 1186 2202 443 1036 1611 1190 97 1068 2143 134 1110 140 1853 443 1126 1036 2432 284 2551 2349 822 865 1323 738 281 929 1054 1173 2361 2446 1802 1503 823 1772 1970 275 284 1564 1806 1712 2139 1118 1066 1648 1259 1397 176 738 1469 696 2501 1199 2078 1635 1648 2493 1407 720 605 1241 2009 1923 2441 1030 501 2398 305 1706 1386 2013 498 1377 990 1421 218 1420 1747 171 426 2391 1933 644 600 1372 1110 2181 2050 140 137 2013 1241 2321 2071 657 821 155 1733 775 1263 2279 1572 967 1419 1800 150 214 537 1134 395 62 2123 116 496 1949 974 474 209 1754 1624 751 1806 962 524 1712 411 2559 1038 2181 1009 2111 1724 1538 2532 783 1062 1544 147 394 2172 561 200 802 2148 404 277 1144 1059 967 1244 1528 724 1599 482 1162 750 544 2311 422 1596 1672 800 1054 2161 1589 1978 1717 1131 211 1301 2393 1515 999 7 2279 775 142 2548 814 1807 2281 532 2292 1026 1532 888 214 150 1134 371 1707 810 1604 1394 1866 2085 90 750 1792 421 1890 1312 2110 2028 1480 2415 375 2440 2504 1259 176 554 738 730 1131 1717 211 1164 1413 2399 2419 1353 752 1944 161 72 1886 1797 207 1413 1602 333 2419 1347 1504 672 153 778 370 1315 2272 1987 7 775 142 453 1149 1841 1372 1078 2244 1710 41 2401 438 489 1326 1521 2011 228 2345 390 1412 2516 2387 2301 1352 864 1067 2300 676 2557 452 2489 30 1620 1547 125 205 91 32 559 1408 1078 2525 2176 974 2107 876 708 417 2172 561 2556 397 2566 1377 822 1980 865 738 2169 2219 2396 699 1857 2421 180 1749 284 2432 1564 2349 1367 1377 2153 619 2139 2078 1648 2493 1026 2292 603 1532 1734 2244 1078 41 2535 188 1750 1220 1516 2519 1641 933 316 220 50 2113 2070 220 316 2113 1410 244 2237 282 496 2454 1807 592 1635 2548 545 2281 1028 1107 2435 971 2300 2222 676 951 164 1623 388 851 1883 845 1939 2328 2053 111 1632 1576 290 237 861 117 2448 347 1667 890 1534 644 321 572 1624 2426 877 1754 362 1859 359 1999 1187 2530 2507 653 2562 865 2434 1323 1514 818 1673 1904 588 2040 447 1268 108 1610 933 1068 2040 1496 746 1268 477 2510 2023 1705 1765 1496 588 1268 488 1530 319 315 1090 698 728 1873 2139 1648 1023 2493 909 2119 2102 258 2300 452 2265 951 431 899 2381 1148 373 427 1064 621 1026 603 0 1532 1223 696 2320 1697 773 864 519 1067 49 1557 265 978 218 1421 990 2523 490 1421 1476 2523 1056 935 1142 621 1489 1622 1631 2328 91 1182 1921 226 2357 1967 7 1847 1115 1077 574 1854 917 1733 775 2484 1462 2222 542 676 2543 2028 1312 2484 1821 917 2028 2484 1733 1263 775 2362 931 221 14 874 2043 1888 159 346 407 1418 2326 978 2084 574 991 1854 1619 2339 1245 1548 119 259 2217 1106 1531 542 2222 951 72 2249 1828 207 2003 372 1655 599 861 237 213 1093 371 645 1707 1604 1602 2419 1413 320 1413 2419 1164 320 960 1607 569 2237 403 2452 1620 2157 1982 542 1142 83 415 1209 1074 733 2060 2567 539 1363 2221 1866 1394 2561 2358 1135 1524 55 243 372 674 378 1757 539 2567 1363 251 1054 929 1173 521 1193 84 967 521 810 1193 967 108 2400 1610 1068 2202 171 1681 1251 1919 2097 1414 8 312 83 2554 951 2265 83 312 951 2554 83 2265 452 1354 2022 1901 1599 975 2400 1659 1318 1679 105 2389 1368 282 1152 214 2569 137 613 1868 1967 1193 810 521 1350 512 304 1228 768 512 2006 1214 768 304 1214 1516 768 1836 2391 2274 38 1572 1800 1419 1947 733 1209 1074 1901 1517 2480 1305 53 522 1762 982 1318 1077 991 574 1854 1594 1025 263 2136 1922 2450 1408 2525 456 1738 345 1847 1738 2308 1526 1847 1379 1784 1878 1999 1878 1784 1603 1999 190 237 399 1760 1701 8 533 1760 1701 1072 8 1760 399 237 1732 1760 143 1859 26 1999 143 1399 1859 1999 2312 1596 422 1672 2134 1289 744 1510 345 1526 1989 1847 2535 1143 1750 138 1385 967 84 933 94 1678 672 1504 583 116 542 676 1483 1604 2155 1406 972 326 696 1697 1397 635 992 738 206 1230 1310 1220 847 992 635 738 1295 1266 2562 1323 1531 1462 542 951 2334 1583 1596 1688 1785 1635 1817 2281 584 1302 555 1658 752 2427 767 1944 1477 2132 61 1547 1818 645 262 796 470 2484 685 2362 1307 2427 2239 1443 1085 656 855 798 898 2052 727 378 290 636 1537 1832 2330 2343 958 2477 2330 434 2368 2477 440 1508 1916 1502 377 1938 248 348 63 1367 397 1377 576 200 1859 404 958 2241 434 2477 2044 202 2268 191 107 714 166 531 1356 1421 490 2523 990 1421 1356 2523 889 2028 2543 2484 1821 2028 889 2484 470 479 775 2362 477 1034 1754 1055 1916 2107 974 850 2107 850 2305 751 1775 1506 2207 1975 470 775 1733 2484 1733 775 479 2362 1584 1595 1373 2380 971 546 2010 60 1382 1812 538 1980 1722 1522 2306 1143 109 2476 525 1073 392 1241 2013 1097 841 1736 1877 12 1237 680 504 1660 2053 962 2073 1576 1246 690 319 1749 1149 1372 1798 1411 1922 1408 379 2525 800 281 1054 1173 1422 672 1174 2490 1126 736 1957 1036 2449 1064 772 890 2483 45 534 1541 1710 2244 2428 41 2285 282 2237 2160 108 933 1610 768 293 1315 2192 653 1867 1962 398 1350 1842 2257 1962 1350 1129 1842 1867 1350 891 175 1527 796 175 172 160 796 1527 160 1287 796 838 961 1826 340 505 2214 1564 1712 979 2275 861 1268 682 2429 2051 1231 1823 2373 1166 1731 1676 105 1234 1942 1234 105 1183 1942 2560 960 857 729 950 941 2140 474 629 850 474 925 428 1939 1128 561 1312 1453 2110 1480 2059 2529 2469 268 1321 2529 719 1563 2245 1745 91 32 93 36 1122 38 818 1537 1673 1904 1136 1419 2128 768 2505 1181 2377 546 2051 96 808 346 2374 1967 1241 2321 2552 2373 1823 1731 1889 293 778 673 2404 453 1841 1372 2019 292 1649 2451 820 644 1872 254 2216 983 2557 676 2093 1199 1912 2471 384 733 2022 1599 505 2443 2214 1712 1707 645 371 796 2417 2480 1517 1184 1033 1749 1639 315 2111 34 1305 1538 2260 2552 1823 1731 778 674 372 378 2485 1650 1757 1323 293 138 1479 1627 2397 1994 896 1884 1736 841 1877 1523 2171 2068 1866 2561 1557 978 49 1725 873 1977 1027 53 1960 1877 1992 1523 1916 850 974 474 657 46 428 561 1489 1622 2125 1631 1838 1868 840 1567 1135 1961 55 396 361 429 1885 2016 1992 2559 2181 1523 1483 2164 1604 1406 2259 321 633 644 1898 1651 1020 1405 701 1631 2141 2081 2339 2255 1035 581 1438 1199 2093 2471 2465 1829 1364 2321 1364 85 2374 2321 393 55 1961 396 1829 2270 85 2321 911 542 583 116 1897 2273 983 452 1831 1213 1951 1203 1908 2086 945 2408 1187 2276 2530 653 1359 1290 1935 176 420 289 154 2153 1290 319 690 1749 386 523 1299 2490 966 1542 286 2381 825 400 1272 2447 2159 2343 1143 1220 1472 1433 387 1541 684 1091 1200 1710 906 799 1909 441 965 1984 1738 2308 714 1629 448 999 1806 962 827 524 523 408 1669 2490 1340 1450 2276 653 743 1097 758 1606 1249 868 886 2403 1100 240 1373 2099 1923 1170 1047 32 1176 141 268 1604 1069 1153 596 502 703 1232 761 1599 1373 240 1100 601 674 372 243 2477 1357 2330 2208 155 421 1262 1777 1890 1619 2255 2339 581 2528 2253 124 1667 1668 1904 1907 1163 2010 457 1884 60 473 1279 2427 1436 1601 681 293 653 2463 1020 2565 856 456 965 565 1738 801 219 1040 1854 1281 1802 2446 1503 2435 1614 1028 971 2347 799 906 441 1690 1158 1807 1648 110 2153 2416 619 1785 2409 2281 1381 1714 2073 962 70 541 1749 1857 315 1489 1274 2272 2328 1835 1822 2183 970 1187 2507 302 653 1426 1373 601 836 2106 2008 2457 796 179 1988 2146 903 2530 2487 302 2507 1153 1759 1313 596 2107 1103 2239 751 383 1695 1864 1504 1456 2256 2367 786 209 1754 2239 1705 1734 41 1078 2525 1477 30 2489 1547 2464 1143 1750 900 2103 1421 1476 596 1736 1877 1960 1523 1187 1340 2276 653 613 142 1840 562 294 839 1248 1067 1069 2457 938 502 820 13 572 970 2126 504 680 1660 878 2312 2219 1688 251 929 1599 1173 802 254 1872 1411 1654 696 1199 2471 1988 2146 2138 70 1033 1369 2032 1639 559 2277 928 41 1218 719 1321 2529 343 339 1125 1363 2194 890 911 935 79 495 349 1036 1392 3 2315 1888 1818 528 2310 2471 2310 528 1206 2471 1537 1904 1238 1436 692 12 2277 2213 420 110 2153 2561 1111 1082 406 2333 1798 2298 1149 1411 1655 1696 1647 609 1992 1877 2559 1523 622 646 2365 1741 1206 528 1654 2471 2338 1418 2302 1725 576 2180 1076 216 448 999 2565 1405 1787 2027 319 624 2437 390 169 2387 504 648 1735 805 1344 1194 712 59 1232 1244 761 1599 1319 1388 1662 1184 295 2094 33 1547 1301 2565 2393 999 1917 13 1790 1589 1870 1328 332 2501 1367 94 1377 619 760 2186 88 2088 1309 2225 1321 1563 1064 1042 890 621 2368 561 821 372 2368 372 821 2477 814 592 1807 2281 1025 2136 1594 452 276 1493 994 38 2469 268 2529 1563 456 965 1738 1847 1738 965 2308 1847 560 170 1361 991 509 168 1792 2353 1359 1935 992 176 576 1076 899 216 943 1327 1988 903 2059 348 2529 268 711 2427 2239 1705 1392 900 159 1888 411 1038 1317 2181 2098 2506 913 2479 1238 1832 1537 1436 2308 605 2468 1606 2512 93 1747 38 733 1901 2022 1599 202 1252 164 2467 1620 30 2157 1547 197 1030 1923 2511 26 2190 1974 1076 1860 57 2190 1076 1974 57 2537 1076 2458 881 2258 117 533 1795 753 2240 753 1208 1379 2240 1795 1965 1208 2240 2100 2258 190 117 593 2458 2100 117 532 1026 0 1532 1123 1433 1226 387 2000 1754 1308 1055 901 484 773 1067 410 1142 2553 621 442 460 1718 1171 947 526 2423 2380 363 770 354 2099 788 1266 1295 1323 1781 1327 1132 60 1107 1858 2435 971 979 629 2275 925 2007 1620 2452 2157 1323 176 1359 738 613 2472 815 562 859 1868 1838 1567 2098 17 913 2506 342 1540 225 1873 1970 1447 823 492 2368 561 394 155 277 967 1896 1800 1014 1858 1216 2561 220 1975 2070 270 1540 511 1116 1536 2358 960 2560 729 1537 1832 636 1436 1241 1097 2374 2321 622 1741 148 1198 1649 55 393 396 491 2220 272 601 1255 1841 1739 1149 1261 1777 1262 1890 1149 2298 1066 2493 711 752 629 1944 752 636 1832 1436 1959 1116 1819 1687 2431 1093 8 1760 2431 237 1093 1760 719 2529 268 1563 1633 910 355 306 1781 1591 1994 1884 422 2311 203 1672 370 561 1485 372 1787 464 319 2027 2036 1011 918 1211 2157 2007 1620 1547 1937 1848 641 1800 1977 1956 1027 53 2073 1696 1677 1576 404 1076 2180 216 845 2272 370 2328 1982 697 583 542 547 446 2062 387 1248 661 234 625 2068 90 1866 2561 1866 90 1394 2561 2164 1597 2155 1604 362 1219 359 1395 1472 2378 338 2062 1520 2231 235 2181 550 1543 1057 2027 1765 588 135 1268 2193 1416 942 153 2191 1948 368 176 2536 84 1470 1942 2212 1470 84 1942 1259 1397 1948 176 1039 168 2314 2248 1172 567 2078 2493 1403 618 1514 1163 395 911 51 116 486 1315 821 561 775 1368 1679 2279 2000 520 989 794 2055 105 1193 84 1806 827 535 524 969 1725 1691 1000 2285 1968 912 1771 1158 2281 1807 1648 2320 696 1127 1697 256 1172 1023 2493 1711 2178 2102 258 1034 1308 1754 1055 1858 896 1075 971 2338 409 1783 1418 1129 172 1212 634 1220 1511 1310 2477 1416 2400 1659 2151 389 1790 47 1589 862 722 2267 1644 2098 2490 2506 2479 2313 2159 1143 900 650 1316 2205 216 1646 2186 760 814 1177 1744 2007 1547 957 1505 1796 1097 1883 2081 2141 2328 10 1710 2304 2244 2144 204 580 747 2018 2406 1295 1323 2534 559 1078 41 1380 1874 1434 2299 1740 1005 757 903 1686 45 745 1888 1595 380 601 1705 1210 2303 255 681 588 1765 135 1381 1142 495 83 951 127 1182 91 2245 2191 554 1259 176 1835 1031 2205 216 2041 580 204 2276 2405 506 1894 756 2154 1421 1518 2523 1193 105 2055 1420 1594 2136 83 452 2556 1499 63 1377 1681 2202 1251 1036 1805 1964 2545 1891 573 93 2112 36 2457 634 2106 796 1914 955 1279 1904 1012 2569 282 1134 512 1228 1549 2130 847 1975 992 320 1969 1967 85 1567 711 629 850 1944 1261 1262 1792 1890 7 1868 613 1967 1662 873 1319 1184 909 846 2119 258 667 2066 291 82 588 447 2275 1268 1170 1923 2470 2009 2139 1023 2078 2493 200 1638 1784 2148 1990 1967 1969 1567 488 319 1749 315 11 1740 179 903 2029 1751 446 387 349 763 495 258 1290 1935 176 2113 2111 585 1305 34 1572 1563 1800 1947 1207 892 2251 1368 2449 1064 890 621 1038 654 276 2559 523 2098 408 2490 395 51 62 116 240 2099 1586 663 592 1112 474 1381 2006 2128 2198 1947 1124 408 523 2098 1426 2380 1373 836 379 1408 1553 2525 1416 1678 1504 153 1690 2235 2444 1158 1166 2260 1823 1731 1338 274 126 1395 750 1808 1577 1162 1302 1658 584 311 1499 2397 1075 896 1479 681 293 1627 2331 2038 830 1383 1136 287 2128 1419 430 1863 1708 1418 597 1047 391 1639 960 1761 1968 729 2032 1033 1639 315 512 1228 2130 768 1787 464 915 319 1145 442 599 609 416 2319 1232 1599 401 135 1765 1381 2429 283 96 1073 1899 2327 2297 311 1081 1899 1458 311 1770 1458 2297 311 1739 1841 1690 1648 208 1965 709 2256 1522 1879 1849 1143 1419 933 1588 768 420 2153 163 2561 2454 1739 1690 1648 7 613 1868 2279 1801 1391 389 1790 1265 224 1209 178 819 1011 2036 1211 1066 1648 1149 2493 1937 1604 1597 1800 50 1199 220 2471 10 2497 1710 2244 244 1152 214 282 2524 202 973 1320 2475 2041 2507 2276 2440 909 2504 258 1703 650 1031 216 1987 775 7 2362 1785 1817 135 2281 2173 1242 1083 1846 929 251 1599 1148 1255 1841 1149 1372 569 1035 337 2160 24 2479 2506 153 1050 240 1900 12 1397 992 1975 2113 915 664 1787 319 2200 2062 2146 903 364 354 1729 663 1120 941 950 474 340 1547 472 2507 1818 220 717 2471 340 1547 838 2136 2369 1944 2427 1443 1781 757 1132 1327 1463 2558 675 1372 1553 2525 1408 2213 2284 985 2048 915 2389 1571 1368 2151 1035 569 244 2160 1115 736 410 1957 1933 318 600 2352 1785 135 401 1381 1419 1563 287 1947 1315 138 293 1627 364 2129 1900 663 1896 1572 1848 1800 934 794 1903 1055 235 2231 1903 1110 2062 1511 35 1541 559 41 928 2525 1571 1679 1368 2279 1674 166 714 531 2077 2545 1964 1891 551 588 2275 1381 1337 1419 1588 1947 285 869 1447 492 763 83 1142 495 1190 2536 212 1068 778 293 1889 1315 861 1832 290 117 2180 404 576 1076 2422 896 769 1884 1099 1699 1773 320 871 1773 1699 270 871 1773 270 320 17 2506 2098 2490 1783 1418 524 1725 2018 2434 22 1323 1935 992 176 2113 1304 1458 638 1770 1898 1020 168 2248 1758 1101 1979 1264 2110 181 2414 2028 2129 1729 2376 663 1744 1547 44 2136 667 1474 2066 497 2501 1749 1996 1199 1629 1515 2393 999 477 1308 1624 1754 416 1232 703 1599 1088 295 2094 33 1257 2559 1122 36 1848 1563 1309 1800 2390 688 520 794 1527 1287 645 796 283 1750 96 1073 1809 1931 233 140 1132 903 500 968 1853 2492 1186 1036 252 1659 1416 2400 2180 254 802 404 1131 848 579 2283 2318 1093 861 1268 551 2275 1112 1381 359 1928 1929 362 825 743 430 407 2368 2208 2477 155 1766 506 2405 756 1147 523 386 571 233 2143 435 140 1806 1280 827 962 19 1528 461 1173 218 737 2257 1420 912 1968 1746 1911 256 2298 2163 2493 2275 474 1112 1381 13 423 1054 216 1081 1258 1899 1658 731 1332 1244 1599 2105 194 1327 1000 2119 1721 1451 258 597 1880 391 1047 1263 1786 643 2279 2142 810 1193 1350 684 374 1258 1658 1808 750 482 1162 1864 1303 672 619 1359 2027 1290 176 535 1418 1863 524 2197 2539 1805 1891 1605 254 895 1411 357 599 370 2328 540 949 1159 2430 1925 2075 902 2074 384 251 1599 1173 1922 1957 736 2450 2416 2153 110 2561 2154 2103 2533 1421 1376 1793 2442 1752 1417 237 2316 1760 280 1696 1655 609 1174 672 2416 2490 72 2461 818 1537 1354 2022 993 1901 2314 856 1039 2248 2488 632 373 935 1138 1952 2211 1163 1348 2121 1644 1940 1746 1968 1761 1911 1312 2028 2110 2484 362 359 1928 1999 391 2101 184 597 194 769 1725 1000 1799 1616 694 2299 985 125 1475 226 1793 1752 1376 1699 2445 511 261 956 788 1295 2406 1323 944 2299 1616 1790 466 1591 1448 971 1770 1304 1458 311 480 783 2532 1544 988 2099 1302 311 870 771 1067 116 1239 1780 52 911 422 203 2312 1672 1269 577 1345 2478 910 8 1919 1760 512 2130 2006 768 103 2081 1883 2328 532 0 1910 1532 716 1658 1302 311 6 1010 1494 1267 603 2292 2508 1532 2055 612 1224 1095 1303 1174 672 619 1870 696 2501 1940 1080 739 65 2416 2454 2281 2079 1648 1069 634 2457 596 1193 84 105 1420 421 1792 1262 1890 349 1251 2202 1036 360 1543 2027 1323 1086 1976 897 797 1739 1149 1841 1648 730 1717 1253 211 2067 905 458 606 924 922 1435 976 2222 2557 2300 676 826 1696 2073 1576 1457 2216 2557 676 1182 91 2245 1745 2416 672 1174 619 702 2063 1833 2151 2234 1643 983 229 2141 1622 1883 2328 1171 460 954 2328 89 522 1862 1727 214 132 150 537 870 901 62 116 955 1680 1270 1904 1334 2159 900 1888 1213 2331 238 1637 617 897 1976 797 761 1244 724 1599 1650 360 339 1323 2295 1479 1683 1627 1650 339 1757 1323 1472 1123 2375 387 159 1365 1934 346 2288 2207 316 2113 1119 316 710 2113 1119 1948 2288 2113 2552 1282 2373 1731 2142 634 1421 596 2132 325 1114 340 375 1547 2507 2136 1988 446 2200 903 888 132 150 214 242 776 455 1086 1311 1479 2295 1627 1138 463 1952 988 1868 1967 7 2279 972 348 2059 326 894 1659 1610 1318 2464 2495 900 346 1859 404 1399 1076 1238 1537 1832 117 568 1457 2222 676 563 767 623 1436 563 2527 1914 1436 2527 623 1008 1436 1554 1450 766 2272 463 1568 1007 1490 1895 1836 1464 2391 388 1623 18 851 1889 681 293 673 2489 2177 1620 30 1451 2119 2455 1721 464 1141 2284 1774 2421 1749 541 315 1397 176 992 2113 386 571 523 2490 1421 1420 990 1350 2018 1295 2562 1323 1087 2050 240 140 1665 857 322 729 1357 1143 2343 2477 1654 528 696 2471 2562 822 865 1323 1456 2367 1093 1268 583 697 1479 229 1875 2449 772 890 711 2239 850 876 2086 611 945 2408 2296 2158 1780 1044 367 2216 2196 625 1889 472 681 673 2331 1682 2038 1383 1761 960 2358 729 507 1872 1149 2298 629 474 2275 925 541 1033 2322 315 498 896 1404 1377 2489 1477 2177 30 507 1872 2298 1411 948 705 251 1148 1696 70 2138 378 1982 697 542 83 2567 2285 912 1771 1868 1416 1678 1504 1232 2319 1244 1599 306 910 355 1760 1149 2298 1872 1411 1683 138 1079 1627 1596 1429 2311 1672 1952 988 463 1163 1079 138 69 1627 1216 2435 1107 1858 1122 36 2559 38 1276 1251 349 2391 2494 501 867 1231 1067 1671 583 116 1752 444 764 502 360 2027 1787 624 2200 446 2062 903 2428 465 1710 41 1391 1355 47 1790 52 51 911 116 767 2427 752 1436 451 1696 199 609 1933 631 1841 2404 578 312 114 951 868 1467 1249 886 2300 2273 2265 452 1810 992 1382 738 1897 686 2273 452 880 862 696 1697 2265 686 1594 452 2300 676 452 951 1707 634 262 796 1108 2414 1987 775 2461 1673 818 1537 2374 1097 1241 1606 2025 2173 269 177 10 2497 1200 1710 1668 1584 988 2380 1812 1980 1382 738 2179 1704 758 2015 1848 2225 1563 1800 785 930 875 1406 375 1237 2440 2504 141 528 326 1406 1863 535 1708 1418 2540 1681 171 1251 2000 934 2426 1754 312 1531 2300 951 1531 578 632 951 758 720 743 1606 375 2415 1217 2136 2156 1464 1836 2391 1554 1489 1274 2272 1690 1807 2454 1648 359 126 795 1859 507 2298 802 1411 120 1578 1260 442 192 2008 222 1699 1575 222 2008 270 832 1097 2013 2321 2485 1757 2491 1323 1115 1957 574 1077 1825 2312 203 1672 1087 1110 2050 140 2504 495 763 258 873 1027 2480 53 2079 507 1149 2298 849 36 1877 2213 362 1928 143 1999 2074 1878 1928 1999 1878 1188 143 1999 2316 399 306 1760 399 2431 1701 1760 306 1701 910 1760 2002 2272 1889 2276 1190 2400 97 1068 1408 36 1553 2213 1957 1077 1115 2450 1138 1304 463 988 684 1710 374 1658 1189 100 2045 1465 295 2041 375 2507 2330 2477 2208 155 574 1077 1957 991 432 2346 1366 1198 2129 2376 2277 663 2424 121 1454 1392 635 1812 1382 738 159 121 2424 1392 1650 660 2485 1757 477 1754 1705 1055 180 1084 1749 1199 1622 845 1883 2328 108 768 1610 1318 1865 1133 51 1117 29 199 1696 1576 736 1957 1115 2450 2040 1268 861 161 2079 2163 507 2493 1955 672 1222 153 928 2277 559 2213 1080 739 2416 2561 323 410 736 1036 2313 2343 1357 1143 2007 2489 1620 1547 977 2006 512 2130 1807 2281 2454 1648 1415 1843 2210 1852 1020 856 2314 2248 2163 135 2367 786 1146 567 1172 786 1690 334 2235 1342 141 645 528 1406 752 861 629 161 1578 120 1565 609 1765 567 1756 786 1770 1556 463 1490 1918 1957 574 621 1177 2007 1217 1547 2506 1416 252 1659 1874 2299 694 2408 972 696 862 1697 206 1310 2159 1220 2039 1581 1312 1453 891 2008 175 796 747 1554 552 2272 1756 1146 709 786 40 1324 68 347 2375 1440 791 387 1988 2200 2146 903 2446 852 1281 1503 505 2224 2214 2443 2275 1944 629 161 1858 2153 163 896 1034 1998 1308 1055 252 2400 1416 2151 1978 1253 1717 211 1885 429 740 2058 1507 852 299 1840 317 1529 1135 396 361 10 2304 2244 1642 789 2298 1411 2030 2389 84 1068 4 2400 2063 2151 821 674 2535 2477 52 305 1067 1671 2079 507 2298 2493 1762 1727 887 1659 1759 2457 764 596 2390 2242 92 235 1916 2140 425 1502 1748 86 162 2064 672 1504 1678 153 866 791 1440 968 1279 2380 566 836 1463 675 2404 1372 148 1789 804 1741 1330 15 309 161 1435 976 922 2523 2411 309 217 161 1015 780 1339 614 447 217 15 161 775 2028 1679 1368 306 355 433 2316 377 880 2320 1697 1253 1978 145 211 2094 30 1477 1547 1332 1528 1599 1173 752 1832 1353 1436 1391 1815 944 1790 1107 739 1216 1858 400 825 1708 2447 1930 584 555 1658 148 432 622 1198 209 43 2239 751 1613 2370 2539 2167 2460 2239 43 751 1644 696 1870 1940 1356 1476 1435 2523 665 1435 922 2523 218 1356 665 2523 2460 2550 1307 1443 479 685 1621 2362 1312 2056 889 2484 2056 685 470 2484 1621 456 1029 2362 694 1616 944 2299 470 917 889 2484 351 2243 702 2151 1762 887 894 1659 1784 2148 1638 2256 1518 1420 1139 2523 1263 479 1029 2362 1160 49 265 978 1132 1327 457 60 666 592 2409 1381 806 1992 2181 1523 2157 30 2094 1547 2301 864 484 1067 1140 2037 1236 836 1293 1140 947 836 948 2228 431 899 2260 1166 1970 1731 1273 1533 742 1022 1817 135 2281 2493 894 1610 1271 1318 7 2279 2357 2362 294 1352 1130 1067 2448 1239 347 890 81 930 1483 1406 300 1860 1971 404 449 1960 1992 1523 1293 863 2037 836 1008 914 881 1832 2039 2543 1437 1480 922 1437 665 1480 2107 1916 2305 850 1004 247 1330 1944 2013 1097 1241 2321 1781 1448 971 60 1483 785 916 1406 1474 197 2066 497 295 375 1547 2507 2453 139 444 1773 1903 794 235 1110 457 60 1327 1000 1239 911 347 890 253 1355 1790 1589 744 1289 1794 1510 134 1998 1227 1055 1779 634 1707 796 574 890 1042 621 2457 262 634 796 325 1643 1114 340 1921 125 91 226 1774 550 1851 1057 972 1870 862 696 1476 1421 2103 2523 380 1110 1087 601 974 2176 1577 925 1496 2367 1268 786 1312 2110 2056 2484 42 91 205 32 1171 954 548 2328 159 900 1365 346 2338 978 1418 1725 200 1784 1859 2148 499 1420 1193 1350 2002 1889 1713 2276 181 976 2154 1518 1750 1220 1686 1888 2377 1028 2505 546 1449 998 1497 540 1414 2021 355 1760 2565 1629 2393 999 1978 809 589 2283 256 1023 2298 2493 2550 919 247 1443 1171 460 904 954 2241 1511 674 2477 1142 935 1056 951 2020 2310 1206 2471 340 2507 472 681 669 1251 736 1036 2246 2468 853 1606 853 2015 1505 1606 2093 50 2020 2471 2500 868 1461 468 1312 2110 1640 2056 2483 2004 1893 745 516 2041 295 33 1512 2042 1534 2271 1564 2214 1806 1712 2269 10 2227 2244 522 1659 1762 1318 2234 2005 748 229 2142 1707 810 1350 2562 1295 1061 1266 1506 1975 1630 320 1506 2436 1975 270 2053 2073 1280 1576 948 705 1901 251 1759 764 2533 596 1275 1671 2096 1231 1439 1977 873 53 1933 600 2404 1372 1137 2032 1369 1639 503 1070 43 751 1177 2007 136 1217 879 592 666 1381 1050 140 240 1523 377 1938 348 1697 370 561 1128 2328 1930 584 1658 311 571 386 1080 2490 1425 276 513 38 1239 51 347 911 2212 1234 1470 1942 2536 1470 212 1942 212 1234 2251 1942 1785 401 666 1381 2440 846 909 258 1711 2119 1451 258 1668 636 1279 1904 44 263 1025 2136 189 2438 1542 1148 1931 1809 449 1523 1933 633 644 1372 1438 1084 1912 1199 1497 2223 998 1449 927 1667 2528 991 1216 1858 739 2561 1409 2551 1300 1157 939 625 1609 983 2481 1218 1321 2529 1927 2481 1321 1563 1276 2391 349 1264 349 2391 182 1264 2494 2166 591 1231 807 2166 682 1231 1540 1116 1905 1536 370 1655 778 372 1482 1883 103 2081 1960 1809 841 1523 366 198 647 1371 1578 599 442 609 1206 1654 2093 2471 2520 446 1988 903 1396 724 761 1528 1752 1699 444 502 1990 1969 1838 1567 2269 16 303 2244 877 43 1624 751 2105 1201 757 1327 461 112 2546 1589 1125 360 259 624 2198 1337 1588 1947 527 2464 1750 346 1373 2380 298 2099 2426 2000 27 934 2316 306 355 1760 2096 1671 583 1479 1101 182 2391 1264 52 1671 1067 116 2457 2008 1768 502 1187 331 1340 653 1838 2270 383 1567 1578 460 1718 442 2107 1103 695 876 261 511 342 956 252 1416 1571 2151 2084 927 14 991 1930 1389 1458 1081 1080 2416 65 2490 1883 1482 2141 2081 528 645 2250 1406 811 2193 1652 153 2270 1969 85 1567 168 1020 2314 2248 181 1518 2028 1480 1373 240 1104 2099 340 2136 1025 452 1050 240 12 1523 1461 2500 468 1400 560 303 16 2244 2084 1040 2448 1854 1818 717 528 2471 1143 1220 2343 2477 1328 332 2501 1639 2305 850 1443 751 181 976 1518 1480 1005 11 547 903 345 1847 7 2362 1983 340 2187 983 491 601 2023 1705 2000 934 1754 1055 331 2087 330 653 1139 1480 1518 2523 2275 474 592 925 2389 1368 2400 2151 2433 2440 1237 2504 2163 2298 507 2493 1429 2210 1843 1852 1170 754 1880 32 1137 597 391 1639 351 1833 467 2151 666 551 1112 1381 952 839 1130 1067 2535 2096 138 1073 1472 2062 338 1541 1170 1745 754 32 355 237 1417 1760 800 1589 461 1173 125 91 226 32 424 45 188 1541 2252 1736 1997 2213 1933 633 2352 644 1933 600 723 2404 42 1639 32 315 574 1957 410 621 1303 1689 1174 619 2382 1825 405 2162 784 1367 1689 619 193 1064 427 621 1340 1450 747 2276 326 268 141 1406 1376 938 192 502 1069 938 1153 502 636 752 1279 1436 1817 135 2493 786 861 1093 2367 1268 841 1900 1322 12 2108 14 927 991 1041 2005 2232 229 2021 237 355 1760 1313 2340 1069 596 1286 490 2340 596 794 1110 1903 1055 2480 1027 1956 53 2062 387 1751 1541 1489 2522 1554 1274 271 1459 1862 2479 1937 765 1896 1800 410 495 1142 1036 1629 2565 448 999 1710 2277 2534 41 1774 464 550 2027 2350 428 1128 561 1864 784 1303 619 2288 1975 2207 2113 1417 355 2021 237 573 2112 1360 36 1151 998 1431 1296 961 838 1897 340 2110 2028 2414 2484 455 242 1086 1001 1747 1251 171 2391 2295 1683 1079 1627 1191 2254 2360 2435 1230 1220 188 1511 1685 1150 2324 2525 449 806 1424 2181 1079 69 2072 1627 622 1366 1300 1198 1515 1089 1301 999 979 2275 592 925 1638 2256 8 2240 1784 2256 1638 2240 1175 1181 2505 74 148 2346 432 1198 606 458 2067 945 1727 887 1659 2479 1841 453 1071 1342 2403 2233 1902 468 1142 83 542 951 1818 262 2008 796 1038 2559 1043 2181 1735 2214 2224 2443 2007 2452 1217 2157 1724 1305 2118 1538 913 1016 1519 2098 1655 1696 2138 378 360 1650 1543 1323 1311 2295 2072 1627 827 1486 2080 1632 428 2350 657 561 1781 60 1884 1000 1038 462 1317 1520 760 1949 496 592 778 370 821 1315 226 1475 985 915 1514 1904 1668 1163 1080 65 571 2490 2129 2277 12 663 2394 658 2313 900 2363 2313 1357 1143 2530 1340 580 2276 730 2496 1131 211 1407 25 1987 7 1187 2303 2087 653 392 2013 407 1097 251 899 948 1148 105 84 2389 1942 355 1417 2316 1760 29 2049 721 1576 1919 910 2420 2047 530 2122 35 1511 323 1251 349 1036 821 370 778 372 465 1046 1685 41 1865 1133 347 51 2138 1696 2073 70 1762 1659 894 1318 1746 1761 816 1715 535 1863 284 524 1996 1639 2501 1940 2480 1956 1305 53 364 2099 354 663 1233 349 182 1264 1472 2375 2062 387 1255 633 1933 1372 2022 724 384 1599 1259 872 635 738 1901 251 705 1599 426 1979 2391 1264 1181 1175 783 74 2065 2076 1653 564 1616 253 1355 1790 2460 1070 1443 751 545 2235 1118 1648 214 888 244 1134 2180 970 369 216 2107 2305 1103 751 1302 2099 1104 663 595 1925 1919 2047 52 51 1239 911 2154 2103 1421 2523 2453 1773 444 1699 1459 1331 2479 153 1214 933 1516 768 806 2181 449 1523 2079 2298 1149 2493 1900 12 240 663 1609 953 2234 983 816 1761 292 1715 147 2208 394 155 1518 2055 105 1420 1807 760 496 592 2270 1504 383 1567 1427 1924 827 2080 1034 272 1227 1055 807 2476 109 1073 2438 731 803 1148 2156 426 1979 2391 1864 1504 784 619 583 542 697 676 1108 775 1987 2362 0 1026 920 603 2453 139 1773 320 1448 1781 1132 60 969 1327 194 1000 1366 622 432 1198 1571 1868 613 2279 472 2507 1547 2136 861 1832 2411 161 182 1895 1464 2391 1132 1327 757 903 234 661 953 625 1450 2272 747 2276 491 601 1705 836 1493 276 1425 38 645 1604 2164 1406 81 1604 268 1406 1997 928 1839 2213 1140 2380 947 836 1823 2280 1166 2373 1605 2293 1642 1411 778 674 821 372 259 360 1787 624 2179 825 2386 1272 551 401 588 1381 25 1621 215 2362 1296 998 1431 556 695 1562 1651 726 976 2154 1518 2523 383 1504 1868 1567 532 236 1026 2292 449 2181 1424 1523 496 974 1577 925 678 379 1150 2525 1392 1454 900 1888 206 1334 2004 1888 875 1406 930 1697 268 1604 141 1406 629 474 850 1944 2095 2119 909 846 2143 1931 1121 140 1452 1254 961 325 232 37 1018 774 1557 769 978 1725 644 254 820 572 123 776 2054 1976 2233 1430 1902 468 2546 253 384 1173 818 1514 1663 735 1427 1924 535 827 1362 893 1666 779 503 341 1508 2305 2026 94 2416 2153 2207 1975 220 2113 2373 2336 2168 1024 2242 1317 1003 1520 2269 2227 16 2244 278 835 1815 944 1195 987 1243 261 2410 1574 2306 227 923 721 1576 609 641 1563 268 1800 426 2156 1747 2391 1793 192 1099 1699 871 1575 2436 270 1413 1513 1630 320 1451 310 1711 1264 1085 1019 1229 2152 2510 863 2023 1705 244 1410 1152 282 1952 1138 988 1163 375 1217 1547 2136 137 1967 1241 2264 853 1505 1097 1606 1827 123 2054 1976 1978 1717 1587 1131 1787 360 464 2027 2429 1073 2051 1231 260 2044 2268 191 2272 2276 1450 653 1169 1228 304 1318 1889 472 2507 681 752 1832 861 161 1781 971 1591 1884 1280 2073 1677 1576 460 599 357 2328 913 17 887 2506 641 268 1604 1800 1907 1403 2170 1163 1013 2170 1007 1163 605 1847 1241 1606 1522 1509 2410 2363 982 1169 2383 1318 1644 862 1870 696 181 2028 2110 1480 517 39 831 1743 2546 1589 253 1173 1979 1758 1850 1101 2156 1836 1425 38 2260 920 1823 2552 1217 2007 2157 1547 633 321 2352 644 1146 2256 709 786 1959 2361 2083 1503 472 1547 340 2136 901 2123 62 116 201 527 808 346 1232 627 761 1244 1667 927 2084 991 3 1392 1981 2043 1136 1271 894 1610 2506 1659 887 2479 150 537 1954 1134 482 750 421 544 394 328 708 561 1366 432 186 2346 1394 558 386 1080 1952 463 1007 1163 428 95 782 2172 1652 1955 1222 153 2187 1897 1943 983 355 910 1919 1760 323 736 1251 1036 227 2306 1143 155 194 1884 769 1000 2426 1624 1308 1754 939 1943 2216 983 2290 940 1248 519 1757 1650 660 339 313 1560 1928 2074 25 1987 7 2362 792 808 2051 96 707 931 14 874 2568 2051 682 2429 721 923 2309 2238 615 561 370 2328 2022 733 993 1901 887 913 2506 2479 370 599 1485 2328 1401 1705 2427 836 2002 1274 357 2272 1108 2414 775 2484 939 2226 418 1609 1543 1546 22 2406 1164 2453 1699 320 2146 2062 2200 1511 432 9 148 622 1273 831 1709 2413 703 1354 416 1599 810 967 277 1800 1104 2277 1302 663 1785 2548 1635 2281 269 1165 2025 177 1885 707 361 2016 144 1748 162 2064 1597 1604 810 1800 2280 1195 1972 2168 1602 1810 2419 320 2440 2504 2433 258 1225 87 232 926 994 1043 1038 2559 1744 2489 2007 1547 2157 1088 295 2094 323 736 2274 1251 2053 1280 1677 1576 163 2153 1858 2561 1696 1576 199 609 2539 2370 2255 2167 484 771 2531 1067 867 501 305 1671 1610 2400 2389 1068 1610 768 1271 1318 1916 1949 2140 474 870 62 771 116 2009 664 1745 32 850 711 1944 1443 1740 757 1327 903 1724 2111 1305 1538 2481 2529 1321 1563 2453 1164 2419 320 1987 2513 1507 142 431 274 1096 2381 368 1290 176 2113 869 823 1447 492 366 1154 1945 1 939 1983 2187 983 1101 1233 182 1264 2437 1430 390 2387 1908 787 606 945 1685 41 1150 2525 1722 1879 1522 1143 559 1257 36 2213 1313 1153 1535 1759 2520 1132 446 903 513 2512 2156 38 2531 1737 771 484 2568 792 2051 2429 1880 391 184 597 321 1534 2352 644 1145 599 1655 609 809 1587 2090 579 17 571 65 2490 820 254 2180 970 1764 1776 1015 777 1457 625 2216 676 825 2386 1704 2179 1514 230 618 1403 2056 1108 1719 685 1860 2190 404 1076 2458 1832 881 117 2117 1177 781 2415 1521 1791 630 1894 422 266 203 2311 1897 340 686 452 332 1870 2501 1940 47 800 1917 1589 293 681 1889 653 2520 1988 1327 903 1980 538 1382 1810 154 896 2153 1377 2040 588 1496 1268 1417 1797 1692 2316 752 711 2427 1944 192 2008 1699 502 1360 36 2252 2213 1477 61 2094 1547 2225 1927 1563 1947 1609 625 953 983 2427 1944 711 1443 2270 2321 1504 1567 1317 1520 2242 2181 2434 2018 2562 1323 1489 1631 1274 2328 1874 1434 2299 2408 2157 2094 295 1547 893 249 1684 2149 594 39 236 2204 1460 483 1495 1002 2128 768 1419 1947 1986 995 2131 2189 1071 334 1841 1342 2322 205 245 315 2101 391 1137 597 2138 70 2146 378 1806 535 284 524 1392 1981 2315 3 94 672 2416 619 864 773 484 1067 1545 1793 1164 2453 421 1262 2278 1777 2384 1963 866 1440 420 2171 2221 2561 1454 1887 121 2424 630 1362 2011 506 2520 1327 1132 903 2346 148 2215 1198 2394 1143 1849 900 905 2067 1534 606 2041 1713 375 2507 2424 2495 1365 900 2557 676 697 452 2507 681 302 653 1214 304 512 768 611 1871 133 2408 1836 2456 2156 1425 724 384 1599 1173 2203 131 1590 1776 1537 636 1904 1436 1526 345 1738 1847 1608 1200 684 1091 329 1428 173 866 2497 1200 2209 10 1849 1879 2495 900 1721 2119 2455 846 1103 1754 2239 751 1081 1458 1930 311 460 357 1631 2328 1667 68 1324 347 2556 63 397 1377 456 25 1847 2362 1919 8 1414 1760 965 456 25 1847 2030 84 933 1068 2330 958 434 2477 1906 1885 740 2058 2273 697 983 452 2404 1841 1933 1372 590 112 47 1589 2429 283 1073 1231 1428 2384 1963 866 493 597 1137 1639 679 1418 407 978 697 2557 983 676 111 2348 2053 1632 10 273 2497 2269 850 1944 247 1443 46 147 561 155 1098 1321 1927 2481 2225 1337 1927 1947 1332 461 1528 1173 1919 1414 355 1760 2253 2528 927 1667 1253 482 421 544 1407 25 7 1847 731 1244 2319 1599 2427 1279 752 1436 1521 228 1415 2345 2347 6 1494 1267 139 2419 1810 320 623 1832 1008 1436 1816 1435 1476 2103 2308 605 1336 2468 2382 2396 1825 2162 1889 2272 1315 653 1966 1938 1869 348 724 1599 1528 1173 1612 2140 1949 2088 872 865 1812 738 1010 1229 1675 2335 1193 1420 2142 1350 939 2216 625 983 1842 1962 1867 1350 175 160 1527 796 1164 2453 1793 1699 158 1027 1977 1956 105 1368 1183 1942 16 2227 2108 2244 281 461 1332 1173 1792 28 1262 1261 173 1861 1329 1614 2348 1486 2053 1632 1462 935 542 951 705 1599 251 1148 771 52 1067 116 2023 1705 601 1055 1080 1394 90 2561 637 1433 534 1541 915 1141 2284 464 945 133 2067 2408 1736 1877 12 2213 2245 754 1881 1745 1983 1643 340 983 2495 201 1365 346 188 2200 2062 1511 1533 1709 1791 1788 2281 1648 1635 2493 724 1528 19 1173 113 2068 1191 1216 1610 1659 252 2400 1200 1608 2209 10 954 2081 103 2328 2528 170 16 991 357 599 1565 609 186 882 1442 489 2129 12 1900 663 1317 1424 806 2181 839 294 1130 1067 1419 1176 1563 1800 2127 1137 493 597 2254 1329 1861 2435 1635 2281 545 1648 1880 1047 1170 32 856 1398 1039 2248 1980 1810 1382 738 2426 1333 877 324 1145 442 683 599 1475 2048 985 915 2356 1433 1472 1541 85 1364 1829 2321 2550 247 1944 1443 1889 2507 1713 2276 426 310 1758 1264 684 1081 1973 1658 667 2077 1964 1891 185 1133 40 347 2079 135 2163 2493 706 642 549 1245 1914 1904 1279 1436 1412 602 390 2516 1889 1315 293 653 340 681 697 229 1219 126 359 1395 2029 387 446 968 820 572 254 970 2105 1781 1994 1884 1477 2177 640 2489 1177 136 781 1217 2562 1266 822 1323 10 361 2227 2244 1391 1600 47 1355 908 1482 1883 103 1802 1019 2083 1281 2232 953 625 229 187 992 1810 738 2526 2549 654 276 1069 596 2457 502 2187 340 1897 983 1419 967 1176 1800 1459 1331 1016 2479 605 2308 965 1847 1422 1299 1669 2490 2012 230 1514 1403 2453 2419 139 320 2124 1159 949 2430 513 2156 1425 38 1719 1640 1108 2056 1133 185 1865 347 1514 1668 2211 1163 147 95 1574 46 2119 846 1721 258 1751 1226 424 1541 1573 313 795 1999 2530 2276 2507 653 1190 1611 2536 1068 1759 764 2457 502 1226 1751 387 1541 209 2239 1754 751 222 1699 2008 270 2518 2249 818 735 348 326 972 1697 545 1118 2139 1648 1369 2266 1639 1940 2197 2545 1471 2077 882 749 878 2334 1444 120 2238 609 1101 2391 1979 1264 2524 2385 858 1763 747 1554 1753 552 1708 1427 1924 535 329 866 173 968 1631 701 954 2081 9 158 1789 2365 1602 1382 2482 1810 2449 890 935 621 1506 270 1975 320 1985 1585 1226 1123 1182 91 1745 226 1108 685 2484 2362 2274 1251 1747 2391 1419 2030 967 933 803 2319 705 1599 1098 1218 1321 2481 1290 220 1935 2113 1471 87 1155 250 1853 1186 443 1036 1916 1508 440 2305 940 2145 294 864 2026 896 498 1377 1167 2545 1805 1964 2481 287 2469 1563 1101 1464 1979 2391 1633 910 1919 355 850 2239 711 1443 377 1288 1938 1697 1080 90 739 2561 1194 1344 1827 59 1446 921 1476 2103 1334 1454 2315 1888 2190 57 1974 1076 249 858 1221 1168 1795 1208 753 2240 2258 2100 2458 117 1747 2156 2512 38 84 967 2030 933 141 1707 645 1604 2426 324 877 1754 403 1620 755 30 2172 394 708 561 257 123 2054 1827 1765 1268 135 786 683 1171 548 599 1655 372 370 599 1631 2141 1622 701 90 1216 739 2561 1862 1016 1855 2479 83 2504 472 2136 1565 1578 1260 120 939 1609 1983 983 1283 400 1708 2447 2001 2563 694 1915 16 170 560 991 771 52 2531 1067 988 2380 1584 2099 2074 1928 313 1999 2223 1497 1167 1449 2153 1377 94 619 2098 523 1124 571 2394 2313 1143 900 1812 865 1561 1980 2275 1268 447 161 2041 1713 2507 2276 821 561 2368 155 720 605 1241 1606 973 336 2385 2364 1354 1901 705 1599 1360 2252 1839 2213 800 1054 1589 1173 2564 1561 865 1980 2549 102 654 276 1348 2182 2121 1940 329 1180 866 968 1421 634 2142 1350 1191 2360 113 1216 2163 2493 135 786 21 982 522 1762 1892 2393 1629 1515 2174 366 1945 1 2007 2452 136 1217 1043 2231 1520 2181 2481 287 1563 1947 2389 1068 1368 1942 1357 227 1143 155 654 102 411 1038 1274 1489 2125 1631 1259 1948 2191 176 1723 2090 257 1194 1837 1495 336 1811 1407 965 25 1847 1357 2208 227 155 1392 159 734 2043 1339 780 2437 614 2078 1023 1172 2493 825 1704 758 2179 769 896 2010 1884 2546 461 2325 112 749 422 2312 1596 1621 25 1720 456 94 2013 137 2321 2039 922 241 1480 2130 1228 1271 768 2356 1726 534 1541 657 46 561 155 2119 1711 2102 258 326 1406 528 1697 2026 2153 1858 896 598 2526 513 276 1092 51 62 1670 2301 2531 1352 1067 1091 555 2304 1710 703 627 761 1232 1486 827 2053 1632 1376 192 1699 502 2232 2234 953 229 1777 1261 918 1890 1690 1841 334 1342 1976 156 776 1086 141 1604 645 1406 1257 1877 2559 36 537 214 2515 2569 638 1389 1458 1930 1488 2319 705 803 731 1599 803 1148 605 965 1407 1847 1349 515 343 539 1524 2560 1665 2358 1995 1966 1869 2529 2221 2171 1866 2561 1782 391 184 1880 213 237 8 1093 1158 1498 1807 814 2107 695 2176 876 842 868 2403 468 313 902 1560 2074 48 998 1151 540 1031 650 2205 216 2156 1979 1464 2391 493 1639 2266 1940 2142 634 1707 1350 1271 1610 1136 768 1554 2522 1753 552 976 1518 1480 2523 1930 1458 638 1304 1464 2456 2156 1836 2463 2314 1020 856 2394 1509 1887 1849 2368 2477 821 155 615 548 103 2328 992 176 1397 738 1659 2400 1610 1318 359 1859 795 1999 2239 1443 850 751 168 2314 28 1039 1745 226 91 32 2460 1070 919 1443 528 696 326 1697 1172 2493 2163 786 287 2128 1419 1947 934 2000 989 794 181 2110 1453 1480 448 2565 1020 1405 1908 945 606 2408 759 867 2494 501 1454 1334 658 900 2159 1220 1143 900 2128 2006 2130 768 1980 2491 187 738 2457 2008 262 796 1063 880 377 862 2068 1216 90 2561 1935 1975 992 2113 1369 2182 2266 1940 2435 1329 1861 1614 2535 1511 1220 2477 2142 1420 1421 1350 2297 1458 1899 311 147 394 561 155 2444 1807 1690 1158 367 2290 2226 234 2447 1708 1283 1593 147 1574 227 155 1419 1800 1563 1947 717 220 1199 2471 218 1420 1421 2523 1391 844 1600 1355 2418 1961 1529 393 1263 2279 775 2362 2006 2341 2198 2128 52 305 2531 1067 2440 2433 846 258 1678 2506 672 153 1476 2103 1435 2523 866 1440 1963 968 1631 357 1274 2328 1081 1658 1899 311 51 1670 1117 62 2535 1143 821 2477 2441 2124 1292 1030 1007 1568 463 1952 607 1249 1467 886 1675 2418 1494 2538 542 83 697 676 1893 2483 745 45 2026 2153 896 1377 2535 138 1750 1073 364 1729 2129 663 1595 601 1373 836 45 637 534 1541 2528 16 1778 927 1123 1985 1440 387 313 1925 902 2074 2453 2442 1793 1752 1123 1440 2375 387 1534 2067 905 1512 575 659 1319 2417 187 1810 1980 738 94 2153 2026 1377 1933 723 631 2404 719 1995 1869 2529 1142 935 2553 621 697 676 83 452 1954 2024 1349 1012 542 676 2222 951 463 1304 1556 1770 2270 85 2321 1567 1472 387 2062 1541 953 2234 983 229 1864 672 1504 619 688 2390 235 794 2284 2048 1141 915 1091 555 1710 1658 1296 1431 642 556 1228 768 304 1318 431 1338 274 126 137 1967 1868 1567 2453 1164 2399 2419 1080 1394 2085 90 567 2493 1172 786 811 1222 1331 153 412 120 1145 609 2017 2407 2440 909 752 629 1944 161 1961 1524 1135 55 1679 2028 105 1368 674 1511 2535 2477 83 676 542 951 944 1355 1391 1790 2050 12 240 1523 2056 1108 685 2484 2239 2427 711 1443 83 452 676 951 1430 1902 1412 2233 1279 1904 636 1436 1017 721 111 1576 2506 2490 672 153 1585 1226 1123 1433 1417 1886 1797 72 697 340 472 681 2426 27 1333 324 1038 1520 1317 2181 2265 452 83 951 1087 240 1373 601 1848 1937 1896 1800 877 1624 1754 751 1810 333 1602 2419 2546 19 461 1173 571 386 1147 1080 558 1147 386 1080 1433 1226 387 1541 276 994 1038 2559 1877 36 1257 2213 1313 350 1286 596 1417 1692 433 2316 1258 1081 684 1658 1708 1924 1427 1593 2500 1461 1370 1400 818 2249 1828 72 657 561 821 155 1887 2424 1454 900 2394 1887 1454 900 2555 1370 2203 64 2130 1228 1549 1271 1352 2531 1856 1130 2501 1749 1246 1639 2140 425 1612 1949 417 908 782 1939 470 775 2484 2362 592 2281 2409 1381 357 1655 599 609 1728 2531 1856 1352 1882 2531 1728 2301 349 1251 323 2391 1722 1143 2306 155 761 2022 703 1599 523 571 2098 2490 841 12 1877 1523 76 1491 1378 959 1678 1416 2506 153 2464 900 1750 346 1773 1699 2453 320 159 1888 900 346 2329 1324 124 1667 488 541 245 315 90 2068 2509 1216 11 1005 1740 903 1246 1639 1749 315 52 1275 867 1671 1153 1058 1535 1759 2416 2153 94 619 2216 625 983 676 2278 1717 1253 730 431 966 286 2381 2415 1177 781 1217 1967 2321 85 1567 800 47 112 1589 1096 1338 274 431 173 1329 1861 329 1545 2442 1793 2453 439 37 1986 198 188 1511 2062 1541 2004 2315 1834 1888 1887 2394 1849 900 523 1669 1299 2490 1455 1348 2267 1644 188 1220 2535 1511 1581 2110 1312 1453 2143 233 1931 140 717 1199 696 2471 96 283 1686 1750 1897 983 340 452 1574 2306 227 155 2536 1068 84 1942 1849 1143 1879 900 412 199 2238 609 1816 924 1435 2103 659 1802 2361 2446 976 1435 924 2103 1373 1584 2380 2099 1209 1074 607 415 821 1315 370 561 359 1929 1928 313 1887 1849 2424 900 2108 16 1778 2227 1295 2018 402 2406 464 550 1851 1774 2531 305 296 1130 1457 2557 2222 676 1651 448 1020 1405 2144 204 747 552 324 2426 27 934 2110 1108 1640 2056 2141 2081 1631 2328 1931 140 1809 1523 1592 534 2483 45 1153 1759 596 502 25 965 565 456 1408 2525 559 2213 987 1626 1090 342 1882 2531 2301 484 1621 25 456 2362 1355 47 1790 1589 1542 803 1566 1148 8 1093 237 1760 316 1119 2288 2113 235 2242 92 1520 1003 92 2242 1520 1877 12 2050 1523 2071 1722 2306 155 1578 1565 599 609 1595 1705 601 836 684 1091 1710 1658 697 83 472 452 687 1491 1799 1380 1949 1916 974 474 147 46 1574 155 2420 1633 910 1919 791 387 1440 968 1949 2140 425 1916 323 1251 2274 2391 936 1336 605 2468 295 1088 516 33 1452 418 1983 2187 1417 433 355 2316 1304 1930 1458 311 242 455 76 1001 623 2527 563 1436 21 23 982 1762 266 1892 1346 195 580 747 204 2276 88 1949 760 2088 16 2108 927 991 2320 875 1288 1697 1874 606 1434 2408 2029 1963 1751 387 2456 2156 1979 1464 534 1592 637 45 1750 1143 2535 1220 1984 965 605 2308 1103 324 1754 751 96 2051 792 2429 348 248 377 862 52 867 305 1671 2560 1607 857 960 2227 16 1778 2269 501 1671 867 1231 665 922 1480 2523 2440 2407 1341 2415 865 1980 1812 738 927 2528 16 991 592 474 2275 1381 2531 1130 1352 1067 10 1200 1091 1710 686 2265 2273 452 305 1130 2531 1067 1103 324 514 1754 2531 2301 484 1067 2141 1631 1622 2328 578 1531 312 951 2536 212 1068 1942 2130 1136 2128 768 135 1268 588 1381 979 2367 135 1268 10 2227 273 2269 2453 1752 1793 1699 143 1928 1878 1999 399 1701 306 1760 821 561 370 372 1355 1391 844 944 861 2275 629 161 2468 936 2015 1606 2029 1963 387 968 923 1444 2309 2238 1101 182 1464 2391 2352 1534 2042 2271 2534 2277 559 41 442 460 1171 599 2071 46 657 155 137 1504 94 2321 379 2324 1150 2525 7 1847 25 2362 416 2319 1820 1232 1756 567 1146 786 2514 1631 701 954 2309 1017 923 721 821 372 674 2477 1622 436 1631 701 1815 844 1391 944 945 2067 606 2408 357 1578 1565 599 791 1180 500 968 2198 2341 165 2128 1255 1933 1841 1372 305 867 2398 501 1985 1123 1226 387 588 1268 2275 1381 1807 1646 760 814 25 1108 1987 2362 2022 761 724 1599 522 89 1762 1727 446 903 1132 968 1425 598 513 276 410 1957 736 1036 1785 2281 135 1381 309 15 217 161 1266 1295 231 788 785 1483 930 1406 2469 2529 2481 1563 1428 1963 173 866 503 1284 341 2305 2301 1393 2145 1352 538 2482 1382 1810 1650 1266 788 1323 2457 596 1759 502 2553 911 890 935 313 359 795 1999 2022 1354 703 1599 1266 1061 2562 822 665 1356 1435 2523 2501 696 717 1199 165 1927 2198 1947 1220 900 2159 1888 1029 479 1621 2362 889 2056 470 2484 2301 1728 1393 1352 2234 1643 1609 983 1451 1711 258 1264 1140 1293 2037 836 2546 112 590 1589 1663 2518 818 735 1108 2056 2110 2484 717 696 528 2471 846 2433 1233 258 1574 46 2306 155 922 2039 1437 1480 548 954 103 2328 2529 1966 1869 348 584 1930 1304 311 1171 548 599 2328 1884 60 457 1000 919 2550 2460 1443 1153 1376 1058 502 2239 1754 380 1705 2010 896 1858 971 723 318 600 1933 1110 601 380 1055 313 1928 359 1999 351 702 1833 2151 1508 341 440 2305 1850 1979 1101 1464 1027 575 873 2480 2546 461 1589 1173 1228 1271 768 1318 321 1434 606 2408 127 1782 1636 1880 602 897 617 797 2444 1498 1807 1158 150 549 132 888 698 1626 995 225 2010 1884 971 60 324 2426 934 1754 2468 2015 853 1606 1206 2093 2020 2471 2041 204 1713 2276 801 1040 2084 1854 1016 1519 1855 913 1908 104 2086 1156 976 1435 2103 2523 2042 318 2352 2271 23 1228 982 1318 2441 2470 1923 2009 1809 1960 449 1523 948 286 705 1148 1836 1493 1425 38 868 842 1461 468 2515 132 214 537 998 48 1497 540 897 156 1976 1086 803 1542 2438 1148 976 2103 2154 2523 460 1631 904 954 1470 1234 212 1942 627 1396 761 1244 701 2141 1021 2081 571 17 2098 2490 1216 1191 2360 2435 1451 258 1721 1264 788 1295 402 2406 1554 1274 552 2272 2501 1639 332 1940 156 455 776 1086 2108 1778 16 927 2564 865 2562 822 2094 2157 471 30 62 51 771 116 137 1868 1504 1567 1275 867 1671 1231 1759 2533 1446 596 2429 1275 283 1231 332 1644 1870 1940 1607 1410 569 2237 1720 215 25 1621 1919 2420 595 2047 721 2049 111 1576 1392 734 1981 2043 2270 1838 1969 1567 1872 1372 1149 1411 513 2156 2456 1425 1781 971 1884 60 1171 599 460 2328 1187 2087 331 653 1874 1908 606 2408 552 1554 2522 1274 1034 1227 1998 1055 1520 1038 1043 2181 2157 403 471 30 979 592 2275 1381 416 703 2344 1354 2157 295 1217 1547 416 705 2319 1599 1620 2177 755 30 442 1171 683 599 2440 2095 2017 909 1930 1973 1389 1081 375 1217 295 1547 755 471 403 30 377 862 880 1697 954 1631 2081 2328 360 1543 550 2027 62 771 1092 870 1636 1617 127 754 1104 2099 240 663 1762 23 982 1318 896 971 2010 1884 1689 1303 784 619 1340 747 580 2276 1078 41 559 2525 583 625 697 229 1376 1153 938 502 979 135 592 1381 2515 2024 537 2569 1151 1159 48 540 2340 1313 1286 596 2141 1482 1021 2081 1017 923 721 1576 1233 258 349 1264 2227 361 2108 2244 790 703 416 1232 159 358 2043 1934 461 2325 19 2546 94 1504 672 619 747 2272 552 2276 534 1433 2356 1541 173 866 1963 968 2157 471 1088 2094 1074 993 733 1901 159 734 121 1392 2072 2295 1079 1627 1376 1699 1752 502 1608 1200 1091 10 868 1249 842 2403 1757 660 515 339 1108 2110 2414 2484 1812 635 872 738 697 983 340 229 462 1003 1317 1520 133 945 611 2408 1997 1839 2252 2213 2050 240 140 1523 2329 68 1324 1667 380 1705 1754 1055 245 541 2322 315 377 2320 1288 1697 2198 1927 1337 1947 909 2440 2095 846 754 127 1636 1880 1459 1016 1862 2479 1328 1047 332 1639 424 1226 45 1541 1631 954 460 2328 846 1233 1721 258 2079 1149 1648 2493 791 866 1180 968 1241 1967 137 2321 697 472 340 452 1222 811 1652 153 1058 1759 1153 502 979 135 2275 1268 1862 1855 1727 2479 2238 120 412 609 2535 1220 1143 2477 2041 516 1625 2475 1444 1565 120 609 2005 2234 2232 229 877 1284 503 751 1889 681 2507 653 754 1170 1881 1745 1930 1973 1081 1658 2460 1443 2239 751 666 401 551 1381 762 640 1254 1826 1007 1403 2012 1163 583 697 625 676 1525 131 483 1423 822 2564 865 1980 944 1094 694 278 605 936 2468 1606 626 1850 1758 1101 867 454 759 2494 1908 1915 104 1156 159 358 734 2043 96 1750 1686 346 2006 977 2128 2130 472 83 2136 452 214 1152 2515 2569 358 159 1365 1934 1295 231 1061 1266 2453 444 1752 1699 776 123 156 1976 559 36 1408 2213 1758 1451 626 1264 280 1565 923 609 2403 1902 842 468 976 1480 922 2523 2053 1017 2348 111 998 1431 48 1151 1373 2380 1595 836 2546 724 19 1173 705 1820 2319 1488 1038 654 102 276 1595 1279 2427 836 1143 1220 1750 900 1617 127 754 2245 460 442 1578 599 1927 2481 1563 1947 1246 1749 319 315 1565 1260 1444 120 705 1566 1488 803 944 1616 1355 1790 982 1228 1169 1318 2427 1705 1595 836 2004 1834 745 1888 2085 558 1394 1080 1403 1007 2170 1163 682 2494 454 1231 913 1855 1016 2479 22 2109 1546 1543 3 1834 2315 1888 722 1455 2267 1644 976 241 922 1480 431 1096 966 2381 377 348 862 1697 350 1446 1286 596 43 877 503 751 2187 1943 939 983 2485 2491 822 1323 679 978 769 1725 2531 296 1856 1130 1929 1560 1928 313 126 1219 1338 1395 1609 1643 1983 983 552 2272 2002 2276 1355 253 2546 1589 1489 2125 2522 1274 2546 2325 590 112 2128 165 2198 1947 1313 1535 350 1759 682 2166 2494 1231 1952 1514 2211 1163 332 1047 597 1639 472 2136 340 452 1759 1752 764 502 2553 890 574 621 2367 2256 2163 786 2305 324 1103 751 1762 894 1271 1318 2399 1545 1164 2453 2253 2329 124 1667 2393 2463 2565 1301 350 921 1286 1446 2053 1017 111 1576 1874 694 2563 1915 2249 1828 2518 818 638 1556 1304 1770 2315 1981 1834 3 1108 25 215 2362 1692 1886 1797 1417 1365 808 2185 346 1091 684 1973 1658 1063 722 880 862 523 1147 1124 571 2482 333 1602 1810 2457 1699 2008 502 2079 2281 135 2493 226 1745 664 32 1246 32 1639 315 2130 1271 1136 768 861 1268 2275 161 1336 1984 605 2308 1915 2001 2342 1156 52 771 51 116 248 1063 377 862 1963 1226 1751 387 1176 810 1604 1800 2304 10 1091 1710 720 758 605 1606 953 983 625 229 924 241 922 976 25 565 1720 456 1866 2509 2085 90 1546 402 2018 2406 2389 1368 105 1942 2086 787 104 1908 2039 241 1453 1480 1851 1141 464 1774 921 1816 1476 2103 705 1820 416 2319 2483 1893 1592 45 1081 1930 1658 311 790 627 703 1232 1295 402 231 788 867 759 2398 501 2531 1882 1737 484 286 1542 1566 1148 1233 1721 258 1264 555 1091 1930 1658 1176 1604 268 1800 220 1975 1935 2113 2495 1365 900 346 902 595 2075 1925 1108 2484 775 2362 590 47 1355 1589 552 2002 1713 2276 51 1092 62 771 1889 2276 2272 653 324 934 514 1754 1396 19 724 1528 1949 88 1612 2088 360 550 464 2027 1915 2342 104 1156 522 89 21 1762 747 1753 2144 552 979 2275 135 1381 1677 923 2053 1576 626 1101 1758 1264 332 597 493 1639 724 2546 384 1173 1455 1441 1348 1644 658 2394 1454 900 84 1068 2389 1942 705 1566 803 1148 1595 2380 1279 836 2526 598 2549 276 1176 967 810 1800 350 1313 1759 596 2528 1778 2253 927 1631 2514 904 954 305 2398 296 1706 1568 1007 2012 1952 1650 2485 1266 1323 2305 503 1284 751 1228 23 1549 1271 2306 46 2071 155 1578 1718 1260 442 1418 978 679 1725 2485 822 1266 1323 576 404 1859 1076 290 1832 1537 117 1104 12 2277 663 2110 1640 1581 1312 1017 2053 923 1576 803 1599 705 1148 268 1563 1176 1800 2068 113 2509 1216 201 808 1365 346 977 2341 2006 2128 1985 1226 1963 387 1834 1893 2004 745 1226 1433 637 1541 173 1963 2029 968 45 1226 637 1541 1807 1498 1646 814 287 2481 2128 1947 606 787 458 945 703 2022 2344 1354 1650 788 2406 1323 2208 147 227 155 2095 2455 2119 846 1979 1850 2456 1464 1441 2266 1348 1940 348 972 862 1697 877 1333 1284 324 453 1071 631 1841 2497 2209 273 10 1334 900 1454 1888 1413 333 2399 2419 1504 2321 137 1567 821 2477 1143 155 877 1754 324 751 92 688 2390 235 1543 1650 2406 1323 1440 387 1963 968 1828 1886 72 207 1622 436 2125 1631 2553 935 890 621 165 1098 1927 2481 2109 1851 550 1057 601 1705 380 1055 808 96 2185 346 493 332 1639 1940 204 1625 2144 580 1359 176 992 738 204 747 552 2276 1451 1721 626 1264 204 552 1713 2276 47 1600 590 1355 2128 2481 165 1947 792 2185 808 96 2407 1341 2017 2440 1855 89 1862 1727 3 1934 1686 346 2004 1334 2315 1888 758 2015 936 1606 2495 2424 1849 900 1566 966 1542 286 2275 1268 135 1381 1421 1420 1518 2523 775 2279 7 2362 3 745 1834 1888 310 1451 1758 1264 1963 1440 1985 387 989 27 2000 934 1984 565 965 1738 2546 590 1355 1589 240 12 1104 663 165 2481 1927 1947 1608 684 1973 1091 1778 273 2227 2269 542 935 1142 951 2494 867 454 1231 1124 1519 408 2098 2455 626 1451 1721 1137 2127 2101 597 827 1486 1427 2080 135 1268 2367 786 2507 2276 1889 653 618 1663 230 1514 1108 215 1719 685 825 400 2386 1272 2117 781 1341 2415 2079 1648 2281 2493 1275 2429 867 1231 697 983 625 676 411 102 462 1038 1916 425 440 1502 904 1718 460 1171 340 983 697 452 1376 1752 1058 502 913 1727 1855 2479 181 1453 976 1480 416 1354 705 1599 1704 936 758 2015 2008 1699 1773 270 23 1271 1228 1318 1750 900 1220 1888 1975 270 1773 320 2305 1284 324 751 1812 1561 538 1980 1952 1007 2012 1163 454 2568 682 2429 2186 88 1646 760 887 1727 913 2479 1348 2266 2182 1940 877 324 1284 751 1750 1888 1686 346 2444 334 2235 1690 694 2563 687 1874 1620 755 2452 403 1762 1271 23 1318 1376 2442 1058 1752 1274 2002 552 2272 355 433 1633 306 1930 1091 1973 1658 605 758 936 1606 1708 1427 1283 1593 416 1820 790 1232 1233 1101 1721 1264 1728 1856 1393 1352 1728 1393 1882 2301 976 1453 241 1480 1549 977 512 2130 3 1686 1888 346 1058 1752 1759 502 359 1929 1219 362 1441 2127 2266 493 513 2456 598 1425 350 1759 1446 596 2384 1985 1963 1440 1721 1101 626 1264 705 286 1566 1148 231 829 1266 788 2470 1881 1170 1745 2141 1021 436 701 701 1021 2514 2081 1644 1441 1348 1940 1365 2185 358 1934 1861 2360 2254 2435 1226 1585 637 1433 1938 1966 248 348 1934 96 1686 346 2050 140 2181 1523 135 2281 592 1381 1441 493 2266 1940 1967 137 2321 1567 682 454 2429 1231 520 688 989 794 125 1921 1475 226 703 2344 790 416 1061 2564 2562 822 1556 1568 463 1490 1365 2185 1934 346 68 185 40 347 625 983 697 229 2039 241 1581 1453 1218 1995 719 2529 2022 993 2344 1354 1578 357 460 599 173 1861 1428 329 867 2429 454 1231 1782 184 1636 1880 2342 2563 2001 1915 1815 835 844 944 754 1881 1617 2245 1644 493 1441 1940 900 1888 1750 346 1934 2185 96 346 771 1737 1092 870 1686 745 3 1888 2485 829 660 1650 51 1670 1865 1117 1534 905 2042 1512 127 1617 1182 2245 2001 1094 2342 1156 1644 332 493 1940 1320 1221 741 1763 1320 741 1221 834 75 1741 2031 804 2031 1741 75 1941 2467 2021 1623 213 2467 1623 2021 1252 2248 1203 2206 2133 2467 2021 290 1252 2467 290 2021 237 1559 860 1628 824 1559 1628 860 2147 1741 445 353 804 1741 353 445 1804 824 1628 288 1569 288 1628 824 1559 77 2167 1277 356 1277 2167 77 1628 816 444 2457 764 2457 444 816 262 1297 65 2490 1165 1297 2490 65 2416 1661 2533 2019 2142 1661 2019 2533 586 557 833 66 1224 564 557 833 66 564 833 557 996 78 1215 1932 1374 78 1932 1215 2472 1687 1932 1215 1374 1687 1215 1932 2472 1780 1044 1671 911 1780 1671 1044 2096 583 1671 1044 911 583 1044 1671 2096 20 1434 1380 1950 20 1380 1434 2299 1661 2019 1649 2451 1661 1649 2019 586 492 78 1374 1297 492 1374 78 2137 2478 1054 1345 253 2478 1345 1054 423 2248 1831 2206 1203 2248 2206 1831 1398 74 1920 1240 1544 74 1240 1920 1235 2064 828 1584 2379 2064 1584 828 1844 1595 2289 711 828 711 2289 1595 380 53 1789 353 1977 53 353 1789 1804 122 555 584 1302 122 584 555 2337 138 1982 1479 2096 138 1479 1982 293 644 1534 715 572 1371 1953 774 647 1371 774 1953 2135 2345 2091 1788 1894 2345 1788 2091 1539 441 317 2033 2347 441 2033 317 1559 2387 2478 937 2474 2387 937 2478 577 1645 34 1517 585 1517 34 1645 700 1344 614 80 1339 80 614 1344 59 80 712 1344 1339 1344 712 80 59 1343 2148 1638 200 1343 1638 2148 2163 335 1409 130 365 335 130 1409 1755 1162 2454 1657 1808 1162 1657 2454 2079 423 178 1054 251 423 1054 178 1345 384 1054 178 251 384 178 1054 1345 476 1859 2014 795 476 2014 1859 382 2162 183 699 2317 2162 699 183 1257 694 1156 1874 2086 694 1874 1156 1915 1908 1874 1156 2086 1908 1156 1874 1915 2408 278 694 2086 2408 694 278 2299 1584 162 1138 988 1138 162 1584 2064 1138 1584 1668 144 1138 1668 1584 988 1891 1449 1474 67 1891 1474 1449 1964 2248 1730 2206 1398 2248 2206 1730 2353 1551 2337 2534 2069 1551 2534 2337 122 297 2478 1345 577 1345 2478 297 178 2365 1804 53 1789 53 1977 2365 1789 2365 1977 53 1956 1538 1863 1009 2111 1538 1009 1863 128 1179 2244 2016 361 1179 2016 2244 1078 1552 2469 268 481 1552 268 2469 1176 2014 1859 1573 795 1573 1859 2014 200 2511 32 664 2009 664 32 2511 1246 1110 2390 794 235 1110 794 2390 134 261 1972 1374 1243 261 1374 1972 2168 2354 1511 2146 2200 2146 1511 2354 674 1082 1936 314 1755 1082 314 1936 1824 82 1501 1277 2371 82 1277 1501 667 2013 2026 1377 94 2013 1377 2026 498 1548 279 556 1619 1548 556 279 67 614 64 1876 1256 614 1876 64 780 441 2286 1559 799 441 1559 2286 2135 2172 46 561 428 2172 561 46 147 696 82 2501 717 2501 82 696 1870 777 1423 2045 1764 2045 1423 777 307 2045 1465 777 1764 777 1465 2045 307 1826 325 1254 762 1254 325 1826 961 2239 726 1562 1103 1562 726 2239 380 1562 514 2239 1103 2239 514 1562 380 1697 1656 1406 528 1697 1406 1656 875 876 2133 1898 691 876 1898 2133 726 628 2450 1957 678 1957 2450 628 1077 53 1662 1204 1184 53 1204 1662 1439 1502 850 1508 1916 1508 850 1502 2366 991 628 1957 1361 991 1957 628 1077 2264 301 1402 700 2264 1402 301 1840 864 1352 2145 294 864 2145 1352 2301 1373 1844 1104 1087 1104 1844 1373 1584 8 2047 910 1919 8 910 2047 533 1467 415 607 886 607 415 1467 1209 2148 1603 1188 1550 2148 1188 1603 1784 2287 155 1722 2071 1722 155 2287 1143 2559 411 654 946 2559 654 411 1038 2504 2554 1594 83 2504 1594 2554 2262 237 1797 2316 190 237 2316 1797 1417 962 2080 1632 827 962 1632 2080 1432 1510 2392 833 1289 1510 833 2392 616 1368 1821 917 2028 1368 917 1821 1207 519 234 625 1248 625 234 519 367 992 1602 1382 847 992 1382 1602 1810 874 2108 2016 1077 874 2016 2108 707 495 79 258 352 495 258 79 349 372 1485 599 1698 372 599 1485 370 70 932 179 2146 70 179 932 2120 1279 473 836 1236 1279 836 473 2427 1323 176 2027 1359 2027 176 1323 554 694 1156 1094 2001 1094 1156 694 278 1400 2555 1370 2500 1400 1370 2555 64 1267 612 1510 2033 1267 1510 612 833 2041 580 1625 204 1625 580 2041 2475 1944 2369 767 1004 1944 767 2369 2427 2199 1847 1989 1526 1989 1847 2199 1967 254 1161 437 146 254 437 1161 644 2465 1377 2566 397 2566 1377 2465 2013 672 1297 94 2416 94 1297 672 1678 1479 2466 1634 1671 1479 1634 2466 1045 2099 1586 1100 240 2099 1100 1586 363 601 1700 1100 2220 601 1100 1700 240 762 340 1547 1826 1547 340 762 2132 1871 1790 2351 1801 2351 1790 1871 2299 2428 2244 2497 303 2497 2244 2428 1710 106 970 725 1822 725 970 106 254 385 378 243 727 243 378 385 372 599 1698 2003 372 599 2003 1698 683 1964 2223 1167 1449 1964 1167 2223 1805 2477 639 243 434 2477 243 639 372 970 423 216 2180 970 216 423 13 1904 1238 1052 1537 1904 1052 1238 1680 2189 225 995 2131 995 225 2189 698 36 267 1553 573 36 1553 267 1408 1350 2218 398 1867 1350 398 2218 810 2507 61 33 2487 2507 33 61 1547 2321 832 2465 2013 2321 2465 832 1364 890 1384 1042 772 890 1042 1384 574 116 1671 911 52 116 911 1671 583 1436 1236 1914 563 1436 1914 1236 1279 1854 2553 1115 2184 1854 1115 2553 574 1944 2275 474 1049 1944 474 2275 629 188 1541 35 1511 969 1725 2302 1691 2302 1725 969 1325 1749 2113 157 710 157 2113 1749 1290 1199 2 1654 1438 1199 1654 2 696 609 1647 2003 412 609 2003 1647 1655 971 1075 1884 896 971 1884 1075 1591 404 216 475 1316 475 216 404 2180 1016 2098 2479 408 2479 2098 1016 913 619 1375 1504 784 619 1504 1375 94 41 303 1734 2244 41 1734 303 1046 2089 786 2256 1146 2256 786 2089 2163 681 1114 1558 255 681 1558 1114 340 653 1450 31 331 653 31 1450 2272 378 451 1351 2052 378 1351 451 1696 474 2366 582 941 474 582 2366 850 836 566 1236 1140 836 1236 566 1279 634 1069 2106 1212 634 2106 1069 2457 836 491 1426 1293 836 1426 491 601 2321 957 832 1097 2321 832 957 1364 495 951 1250 114 1250 951 495 1142 1097 2542 677 1796 1097 677 2542 407 596 1212 129 2340 596 129 1212 634 933 1196 1068 84 933 1068 1196 1641 2151 892 2498 1833 2151 2498 892 1368 1315 1627 2192 69 2192 1627 1315 293 2016 2108 361 2244 2016 361 2108 707 1448 968 2114 1180 2114 968 1448 1132 1067 661 1248 625 1067 1248 661 839 2062 35 1473 338 2062 1473 35 1511 2406 22 1323 2018 2406 1323 22 1543 258 79 1264 1711 258 1264 79 349 1073 2464 527 2476 1073 527 2464 1750 1627 681 1601 1311 1627 1601 681 293 1327 1769 194 1201 1327 194 1769 969 1320 2385 2524 1763 1320 2524 2385 973 1543 1057 2109 550 1543 2109 1057 22 161 2318 2040 217 161 2040 2318 861 99 621 1918 193 1918 621 99 1957 1477 1826 640 762 640 1826 1477 2489 161 152 447 2275 161 447 152 15 1954 2569 2024 1012 2024 2569 1954 537 1067 2196 2439 625 1067 2439 2196 773 320 187 1935 992 320 1935 187 139 2161 216 1703 1031 1703 216 2161 1054 174 2136 2262 263 2262 2136 174 2504 1251 669 267 1681 1251 267 669 736 738 2434 865 1323 738 865 2434 872 968 547 387 446 968 387 547 791 514 1055 934 1903 934 1055 514 1754 2493 1635 1817 2078 2493 1817 1635 2281 786 1817 1765 567 786 1765 1817 135 1055 2023 477 1034 1055 477 2023 1705 117 1238 593 2458 117 593 1238 1537 1070 2305 503 1508 503 2305 1070 751 474 496 925 974 474 925 496 592 2460 2239 1307 209 1307 2239 2460 1443 1443 582 2366 919 1443 2366 582 850 2408 1534 606 321 2408 606 1534 2067 2324 2213 1553 1839 1553 2213 2324 2525 229 1643 340 748 229 340 1643 983 2213 849 1736 1877 2213 1736 849 2252 474 2088 2140 950 474 2140 2088 1949 338 1541 35 2356 35 1541 338 2062 2272 2328 357 370 357 2328 2272 1274 609 451 1647 412 609 1647 451 1696 1036 352 2492 1186 1036 2492 352 495 2479 153 2490 2506 2490 153 2479 1331 140 1424 1523 1931 140 1523 1424 2181 1264 79 1276 310 1264 1276 79 349 2271 1534 2425 2352 2271 2425 1534 1512 644 2425 1534 2352 153 1669 672 1222 153 672 1669 2490 1422 672 1669 1222 1422 1669 672 2490 216 576 423 899 216 423 576 2180 1199 1290 2113 220 1199 2113 1290 1749 1888 2159 206 1334 1888 206 2159 1220 2477 1357 155 2330 2477 155 1357 1143 1068 1516 1641 933 1068 1641 1516 1611 1148 431 948 286 1148 948 431 899 140 1087 601 240 140 601 1087 1110 596 2103 2533 1446 596 2533 2103 1421 215 2362 685 1108 685 2362 215 1621 315 42 205 32 315 205 42 2322 968 903 547 446 968 547 903 500 1999 1925 1573 313 1999 1573 1925 1784 738 822 2491 1323 738 2491 822 1980 1523 2559 2050 1877 1523 2050 2559 2181 609 357 280 1565 609 280 357 1655 2525 2213 928 559 928 2213 2525 2324 1231 109 807 2166 1231 807 109 1073 2012 1163 1514 1952 1514 1163 2012 1403 1650 1266 829 788 1650 829 1266 2485 609 280 1677 923 1677 280 609 1696 1677 1576 609 923 609 1576 1677 1696 609 1444 923 2238 609 923 1444 1565 346 3 2043 1888 346 2043 3 1934 572 2425 1161 608 572 1161 2425 644 1541 1230 35 2356 1541 35 1230 188 2019 816 2457 764 2451 262 2019 1715 2451 2019 262 2457 816 2019 262 1715 816 262 2019 2457 53 2365 2118 1804 2118 2365 53 1956 435 1055 2143 1227 601 1110 435 1055 601 435 1110 140 2143 435 1110 1055 2143 1110 435 140 2425 1534 715 644 2425 715 1534 1512 
        </DataArray>
        <DataArray type="Int32" Name="offsets" format="ascii">
          4 8 12 16 20 24 28 32 36 40 44 48 52 56 60 64 68 72 76 80 84 88 92 96 100 104 108 112 116 120 124 128 132 136 140 144 148 152 156 160 164 168 172 176 180 184 188 192 196 200 204 208 212 216 220 224 228 232 236 240 244 248 252 256 260 264 268 272 276 280 284 288 292 296 300 304 308 312 316 320 324 328 332 336 340 344 348 352 356 360 364 368 372 376 380 384 388 392 396 400 404 408 412 416 420 424 428 432 436 440 444 448 452 456 460 464 468 472 476 480 484 488 492 496 500 504 508 512 516 520 524 528 532 536 540 544 548 552 556 560 564 568 572 576 580 584 588 592 596 600 604 608 612 616 620 624 628 632 636 640 644 648 652 656 660 664 668 672 676 680 684 688 692 696 700 704 708 712 716 720 724 728 732 736 740 744 748 752 756 760 764 768 772 776 780 784 788 792 796 800 804 808 812 816 820 824 828 832 836 840 844 848 852 856 860 864 868 872 876 880 884 888 892 896 900 904 908 912 916 920 924 928 932 936 940 944 948 952 956 960 964 968 972 976 980 984 988 992 996 1000 1004 1008 1012 1016 1020 1024 1028 1032 1036 1040 1044 1048 1052 1056 1060 1064 1068 1072 1076 1080 1084 1088 1092 1096 1100 1104 1108 1112 1116 1120 1124 1128 1132 1136 1140 1144 1148 1152 1156 1160 1164 1168 1172 1176 1180 1184 1188 1192 1196 1200 1204 1208 1212 1216 1220 1224 1228 1232 1236 1240 1244 1248 1252 1256 1260 1264 1268 1272 1276 1280 1284 1288 1292 1296 1300 1304 1308 1312 1316 1320 1324 1328 1332 1336 1340 1344 1348 1352 1356 1360 1364 1368 1372 1376 1380 1384 1388 1392 1396 1400 1404 1408 1412 1416 1420 1424 1428 1432 1436 1440 1444 1448 1452 1456 1460 1464 1468 1472 1476 1480 1484 1488 1492 1496 1500 1504 1508 1512 1516 1520 1524 1528 1532 1536 1540 1544 1548 1552 1556 1560 1564 1568 1572 1576 1580 1584 1588 1592 1596 1600 1604 1608 1612 1616 1620 1624 1628 1632 1636 1640 1644 1648 1652 1656 1660 1664 1668 1672 1676 1680 1684 1688 1692 1696 1700 1704 1708 1712 1716 1720 1724 1728 1732 1736 1740 1744 1748 1752 1756 1760 1764 1768 1772 1776 1780 1784 1788 1792 1796 1800 1804 1808 1812 1816 1820 1824 1828 1832 1836 1840 1844 1848 1852 1856 1860 1864 1868 1872 1876 1880 1884 1888 1892 1896 1900 1904 1908 1912 1916 1920 1924 1928 1932 1936 1940 1944 1948 1952 1956 1960 1964 1968 1972 1976 1980 1984 1988 1992 1996 2000 2004 2008 2012 2016 2020 2024 2028 2032 2036 2040 2044 2048 2052 2056 2060 2064 2068 2072 2076 2080 2084 2088 2092 2096 2100 2104 2108 2112 2116 2120 2124 2128 2132 2136 2140 2144 2148 2152 2156 2160 2164 2168 2172 2176 2180 2184 2188 2192 2196 2200 2204 2208 2212 2216 2220 2224 2228 2232 2236 2240 2244 2248 2252 2256 2260 2264 2268 2272 2276 2280 2284 2288 2292 2296 2300 2304 2308 2312 2316 2320 2324 2328 2332 2336 2340 2344 2348 2352 2356 2360 2364 2368 2372 2376 2380 2384 2388 2392 2396 2400 2404 2408 2412 2416 2420 2424 2428 2432 2436 2440 2444 2448 2452 2456 2460 2464 2468 2472 2476 2480 2484 2488 2492 2496 2500 2504 2508 2512 2516 2520 2524 2528 2532 2536 2540 2544 2548 2552 2556 2560 2564 2568 2572 2576 2580 2584 2588 2592 2596 2600 2604 2608 2612 2616 2620 2624 2628 2632 2636 2640 2644 2648 2652 2656 2660 2664 2668 2672 2676 2680 2684 2688 2692 2696 2700 2704 2708 2712 2716 2720 2724 2728 2732 2736 2740 2744 2748 2752 2756 2760 2764 2768 2772 2776 2780 2784 2788 2792 2796 2800 2804 2808 2812 2816 2820 2824 2828 2832 2836 2840 2844 2848 2852 2856 2860 2864 2868 2872 2876 2880 2884 2888 2892 2896 2900 2904 2908 2912 2916 2920 2924 2928 2932 2936 2940 2944 2948 2952 2956 2960 2964 2968 2972 2976 2980 2984 2988 2992 2996 3000 3004 3008 3012 3016 3020 3024 3028 3032 3036 3040 3044 3048 3052 3056 3060 3064 3068 3072 3076 3080 3084 3088 3092 3096 3100 3104 3108 3112 3116 3120 3124 3128 3132 3136 3140 3144 3148 3152 3156 3160 3164 3168 3172 3176 3180 3184 3188 3192 3196 3200 3204 3208 3212 3216 3220 3224 3228 3232 3236 3240 3244 3248 3252 3256 3260 3264 3268 3272 3276 3280 3284 3288 3292 3296 3300 3304 3308 3312 3316 3320 3324 3328 3332 3336 3340 3344 3348 3352 3356 3360 3364 3368 3372 3376 3380 3384 3388 3392 3396 3400 3404 3408 3412 3416 3420 3424 3428 3432 3436 3440 3444 3448 3452 3456 3460 3464 3468 3472 3476 3480 3484 3488 3492 3496 3500 3504 3508 3512 3516 3520 3524 3528 3532 3536 3540 3544 3548 3552 3556 3560 3564 3568 3572 3576 3580 3584 3588 3592 3596 3600 3604 3608 3612 3616 3620 3624 3628 3632 3636 3640 3644 3648 3652 3656 3660 3664 3668 3672 3676 3680 3684 3688 3692 3696 3700 3704 3708 3712 3716 3720 3724 3728 3732 3736 3740 3744 3748 3752 3756 3760 3764 3768 3772 3776 3780 3784 3788 3792 3796 3800 3804 3808 3812 3816 3820 3824 3828 3832 3836 3840 3844 3848 3852 3856 3860 3864 3868 3872 3876 3880 3884 3888 3892 3896 3900 3904 3908 3912 3916 3920 3924 3928 3932 3936 3940 3944 3948 3952 3956 3960 3964 3968 3972 3976 3980 3984 3988 3992 3996 4000 4004 4008 4012 4016 4020 4024 4028 4032 4036 4040 4044 4048 4052 4056 4060 4064 4068 4072 4076 4080 4084 4088 4092 4096 4100 4104 4108 4112 4116 4120 4124 4128 4132 4136 4140 4144 4148 4152 4156 4160 4164 4168 4172 4176 4180 4184 4188 4192 4196 4200 4204 4208 4212 4216 4220 4224 4228 4232 4236 4240 4244 4248 4252 4256 4260 4264 4268 4272 4276 4280 4284 4288 4292 4296 4300 4304 4308 4312 4316 4320 4324 4328 4332 4336 4340 4344 4348 4352 4356 4360 4364 4368 4372 4376 4380 4384 4388 4392 4396 4400 4404 4408 4412 4416 4420 4424 4428 4432 4436 4440 4444 4448 4452 4456 4460 4464 4468 4472 4476 4480 4484 4488 4492 4496 4500 4504 4508 4512 4516 4520 4524 4528 4532 4536 4540 4544 4548 4552 4556 4560 4564 4568 4572 4576 4580 4584 4588 4592 4596 4600 4604 4608 4612 4616 4620 4624 4628 4632 4636 4640 4644 4648 4652 4656 4660 4664 4668 4672 4676 4680 4684 4688 4692 4696 4700 4704 4708 4712 4716 4720 4724 4728 4732 4736 4740 4744 4748 4752 4756 4760 4764 4768 4772 4776 4780 4784 4788 4792 4796 4800 4804 4808 4812 4816 4820 4824 4828 4832 4836 4840 4844 4848 4852 4856 4860 4864 4868 4872 4876 4880 4884 4888 4892 4896 4900 4904 4908 4912 4916 4920 4924 4928 4932 4936 4940 4944 4948 4952 4956 4960 4964 4968 4972 4976 4980 4984 4988 4992 4996 5000 5004 5008 5012 5016 5020 5024 5028 5032 5036 5040 5044 5048 5052 5056 5060 5064 5068 5072 5076 5080 5084 5088 5092 5096 5100 5104 5108 5112 5116 5120 5124 5128 5132 5136 5140 5144 5148 5152 5156 5160 5164 5168 5172 5176 5180 5184 5188 5192 5196 5200 5204 5208 5212 5216 5220 5224 5228 5232 5236 5240 5244 5248 5252 5256 5260 5264 5268 5272 5276 5280 5284 5288 5292 5296 5300 5304 5308 5312 5316 5320 5324 5328 5332 5336 5340 5344 5348 5352 5356 5360 5364 5368 5372 5376 5380 5384 5388 5392 5396 5400 5404 5408 5412 5416 5420 5424 5428 5432 5436 5440 5444 5448 5452 5456 5460 5464 5468 5472 5476 5480 5484 5488 5492 5496 5500 5504 5508 5512 5516 5520 5524 5528 5532 5536 5540 5544 5548 5552 5556 5560 5564 5568 5572 5576 5580 5584 5588 5592 5596 5600 5604 5608 5612 5616 5620 5624 5628 5632 5636 5640 5644 5648 5652 5656 5660 5664 5668 5672 5676 5680 5684 5688 5692 5696 5700 5704 5708 5712 5716 5720 5724 5728 5732 5736 5740 5744 5748 5752 5756 5760 5764 5768 5772 5776 5780 5784 5788 5792 5796 5800 5804 5808 5812 5816 5820 5824 5828 5832 5836 5840 5844 5848 5852 5856 5860 5864 5868 5872 5876 5880 5884 5888 5892 5896 5900 5904 5908 5912 5916 5920 5924 5928 5932 5936 5940 5944 5948 5952 5956 5960 5964 5968 5972 5976 5980 5984 5988 5992 5996 6000 6004 6008 6012 6016 6020 6024 6028 6032 6036 6040 6044 6048 6052 6056 6060 6064 6068 6072 6076 6080 6084 6088 6092 6096 6100 6104 6108 6112 6116 6120 6124 6128 6132 6136 6140 6144 6148 6152 6156 6160 6164 6168 6172 6176 6180 6184 6188 6192 6196 6200 6204 6208 6212 6216 6220 6224 6228 6232 6236 6240 6244 6248 6252 6256 6260 6264 6268 6272 6276 6280 6284 6288 6292 6296 6300 6304 6308 6312 6316 6320 6324 6328 6332 6336 6340 6344 6348 6352 6356 6360 6364 6368 6372 6376 6380 6384 6388 6392 6396 6400 6404 6408 6412 6416 6420 6424 6428 6432 6436 6440 6444 6448 6452 6456 6460 6464 6468 6472 6476 6480 6484 6488 6492 6496 6500 6504 6508 6512 6516 6520 6524 6528 6532 6536 6540 6544 6548 6552 6556 6560 6564 6568 6572 6576 6580 6584 6588 6592 6596 6600 6604 6608 6612 6616 6620 6624 6628 6632 6636 6640 6644 6648 6652 6656 6660 6664 6668 6672 6676 6680 6684 6688 6692 6696 6700 6704 6708 6712 6716 6720 6724 6728 6732 6736 6740 6744 6748 6752 6756 6760 6764 6768 6772 6776 6780 6784 6788 6792 6796 6800 6804 6808 6812 6816 6820 6824 6828 6832 6836 6840 6844 6848 6852 6856 6860 6864 6868 6872 6876 6880 6884 6888 6892 6896 6900 6904 6908 6912 6916 6920 6924 6928 6932 6936 6940 6944 6948 6952 6956 6960 6964 6968 6972 6976 6980 6984 6988 6992 6996 7000 7004 7008 7012 7016 7020 7024 7028 7032 7036 7040 7044 7048 7052 7056 7060 7064 7068 7072 7076 7080 7084 7088 7092 7096 7100 7104 7108 7112 7116 7120 7124 7128 7132 7136 7140 7144 7148 7152 7156 7160 7164 7168 7172 7176 7180 7184 7188 7192 7196 7200 7204 7208 7212 7216 7220 7224 7228 7232 7236 7240 7244 7248 7252 7256 7260 7264 7268 7272 7276 7280 7284 7288 7292 7296 7300 7304 7308 7312 7316 7320 7324 7328 7332 7336 7340 7344 7348 7352 7356 7360 7364 7368 7372 7376 7380 7384 7388 7392 7396 7400 7404 7408 7412 7416 7420 7424 7428 7432 7436 7440 7444 7448 7452 7456 7460 7464 7468 7472 7476 7480 7484 7488 7492 7496 7500 7504 7508 7512 7516 7520 7524 7528 7532 7536 7540 7544 7548 7552 7556 7560 7564 7568 7572 7576 7580 7584 7588 7592 7596 7600 7604 7608 7612 7616 7620 7624 7628 7632 7636 7640 7644 7648 7652 7656 7660 7664 7668 7672 7676 7680 7684 7688 7692 7696 7700 7704 7708 7712 7716 7720 7724 7728 7732 7736 7740 7744 7748 7752 7756 7760 7764 7768 7772 7776 7780 7784 7788 7792 7796 7800 7804 7808 7812 7816 7820 7824 7828 7832 7836 7840 7844 7848 7852 7856 7860 7864 7868 7872 7876 7880 7884 7888 7892 7896 7900 7904 7908 7912 7916 7920 7924 7928 7932 7936 7940 7944 7948 7952 7956 7960 7964 7968 7972 7976 7980 7984 7988 7992 7996 8000 8004 8008 8012 8016 8020 8024 8028 8032 8036 8040 8044 8048 8052 8056 8060 8064 8068 8072 8076 8080 8084 8088 8092 8096 8100 8104 8108 8112 8116 8120 8124 8128 8132 8136 8140 8144 8148 8152 8156 8160 8164 8168 8172 8176 8180 8184 8188 8192 8196 8200 8204 8208 8212 8216 8220 8224 8228 8232 8236 8240 8244 8248 8252 8256 8260 8264 8268 8272 8276 8280 8284 8288 8292 8296 8300 8304 8308 8312 8316 8320 8324 8328 8332 8336 8340 8344 8348 8352 8356 8360 8364 8368 8372 8376 8380 8384 8388 8392 8396 8400 8404 8408 8412 8416 8420 8424 8428 8432 8436 8440 8444 8448 8452 8456 8460 8464 8468 8472 8476 8480 8484 8488 8492 8496 8500 8504 8508 8512 8516 8520 8524 8528 8532 8536 8540 8544 8548 8552 8556 8560 8564 8568 8572 8576 8580 8584 8588 8592 8596 8600 8604 8608 8612 8616 8620 8624 8628 8632 8636 8640 8644 8648 8652 8656 8660 8664 8668 8672 8676 8680 8684 8688 8692 8696 8700 8704 8708 8712 8716 8720 8724 8728 8732 8736 8740 8744 8748 8752 8756 8760 8764 8768 8772 8776 8780 8784 8788 8792 8796 8800 8804 8808 8812 8816 8820 8824 8828 8832 8836 8840 8844 8848 8852 8856 8860 8864 8868 8872 8876 8880 8884 8888 8892 8896 8900 8904 8908 8912 8916 8920 8924 8928 8932 8936 8940 8944 8948 8952 8956 8960 8964 8968 8972 8976 8980 8984 8988 8992 8996 9000 9004 9008 9012 9016 9020 9024 9028 9032 9036 9040 9044 9048 9052 9056 9060 9064 9068 9072 9076 9080 9084 9088 9092 9096 9100 9104 9108 9112 9116 9120 9124 9128 9132 9136 9140 9144 9148 9152 9156 9160 9164 9168 9172 9176 9180 9184 9188 9192 9196 9200 9204 9208 9212 9216 9220 9224 9228 9232 9236 9240 9244 9248 9252 9256 9260 9264 9268 9272 9276 9280 9284 9288 9292 9296 9300 9304 9308 9312 9316 9320 9324 9328 9332 9336 9340 9344 9348 9352 9356 9360 9364 9368 9372 9376 9380 9384 9388 9392 9396 9400 9404 9408 9412 9416 9420 9424 9428 9432 9436 9440 9444 9448 9452 9456 9460 9464 9468 9472 9476 9480 9484 9488 9492 9496 9500 9504 9508 9512 9516 9520 9524 9528 9532 9536 9540 9544 9548 9552 9556 9560 9564 9568 9572 9576 9580 9584 9588 9592 9596 9600 9604 9608 9612 9616 9620 9624 9628 9632 9636 9640 9644 9648 9652 9656 9660 9664 9668 9672 9676 9680 9684 9688 9692 9696 9700 9704 9708 9712 9716 9720 9724 9728 9732 9736 9740 9744 9748 9752 9756 9760 9764 9768 9772 9776 9780 9784 9788 9792 9796 9800 9804 9808 9812 9816 9820 9824 9828 9832 9836 9840 9844 9848 9852 9856 9860 9864 9868 9872 9876 9880 9884 9888 9892 9896 9900 9904 9908 9912 9916 9920 9924 9928 9932 9936 9940 9944 9948 9952 9956 9960 9964 9968 9972 9976 9980 9984 9988 9992 9996 10000 10004 10008 10012 10016 10020 10024 10028 10032 10036 10040 10044 10048 10052 10056 10060 10064 10068 10072 10076 10080 10084 10088 10092 10096 10100 10104 10108 10112 10116 10120 10124 10128 10132 10136 10140 10144 10148 10152 10156 10160 10164 10168 10172 10176 10180 10184 10188 10192 10196 10200 10204 10208 10212 10216 10220 10224 10228 10232 10236 10240 10244 10248 10252 10256 10260 10264 10268 10272 10276 10280 10284 10288 10292 10296 10300 10304 10308 10312 10316 10320 10324 10328 10332 10336 10340 10344 10348 10352 10356 10360 10364 10368 10372 10376 10380 10384 10388 10392 10396 10400 10404 10408 10412 10416 10420 10424 10428 10432 10436 10440 10444 10448 10452 10456 10460 10464 10468 10472 10476 10480 10484 10488 10492 10496 10500 10504 10508 10512 10516 10520 10524 10528 10532 10536 10540 10544 10548 10552 10556 10560 10564 10568 10572 10576 10580 10584 10588 10592 10596 10600 10604 10608 10612 10616 10620 10624 10628 10632 10636 10640 10644 10648 10652 10656 10660 10664 10668 10672 10676 10680 10684 10688 10692 10696 10700 10704 10708 10712 10716 10720 10724 10728 10732 10736 10740 10744 10748 10752 10756 10760 10764 10768 10772 10776 10780 10784 10788 10792 10796 10800 10804 10808 10812 10816 10820 10824 10828 10832 10836 10840 10844 10848 10852 10856 10860 10864 10868 10872 10876 10880 10884 10888 10892 10896 10900 10904 10908 10912 10916 10920 10924 10928 10932 10936 10940 10944 10948 10952 10956 10960 10964 10968 10972 10976 10980 10984 10988 10992 10996 11000 11004 11008 11012 11016 11020 11024 11028 11032 11036 11040 11044 11048 11052 11056 11060 11064 11068 11072 11076 11080 11084 11088 11092 11096 11100 11104 11108 11112 11116 11120 11124 11128 11132 11136 11140 11144 11148 11152 11156 11160 11164 11168 11172 11176 11180 11184 11188 11192 11196 11200 11204 11208 11212 11216 11220 11224 11228 11232 11236 11240 11244 11248 11252 11256 11260 11264 11268 11272 11276 11280 11284 11288 11292 11296 11300 11304 11308 11312 11316 11320 11324 11328 11332 11336 11340 11344 11348 11352 11356 11360 11364 11368 11372 11376 11380 11384 11388 11392 11396 11400 11404 11408 11412 11416 11420 11424 11428 11432 11436 11440 11444 11448 11452 11456 11460 11464 11468 11472 11476 11480 11484 11488 11492 11496 11500 11504 11508 11512 11516 11520 11524 11528 11532 11536 11540 11544 11548 11552 11556 11560 11564 11568 11572 11576 11580 11584 11588 11592 11596 11600 11604 11608 11612 11616 11620 11624 11628 11632 11636 11640 11644 11648 11652 11656 11660 11664 11668 11672 11676 11680 11684 11688 11692 11696 11700 11704 11708 11712 11716 11720 11724 11728 11732 11736 11740 11744 11748 11752 11756 11760 11764 11768 11772 11776 11780 11784 11788 11792 11796 11800 11804 11808 11812 11816 11820 11824 11828 11832 11836 11840 11844 11848 11852 11856 11860 11864 11868 11872 11876 11880 11884 11888 11892 11896 11900 11904 11908 11912 11916 11920 11924 11928 11932 11936 11940 11944 11948 11952 11956 11960 11964 11968 11972 11976 11980 11984 11988 11992 11996 12000 12004 12008 12012 12016 12020 12024 12028 12032 12036 12040 12044 12048 12052 12056 12060 12064 12068 12072 12076 12080 12084 12088 12092 12096 12100 12104 12108 12112 12116 12120 12124 12128 12132 12136 12140 12144 12148 12152 12156 12160 12164 12168 12172 12176 12180 12184 12188 12192 12196 12200 12204 12208 12212 12216 12220 12224 12228 12232 12236 12240 12244 12248 12252 12256 12260 12264 12268 12272 12276 12280 12284 12288 12292 12296 12300 12304 12308 12312 12316 12320 12324 12328 12332 12336 12340 12344 12348 12352 12356 12360 12364 12368 12372 12376 12380 12384 12388 12392 12396 12400 12404 12408 12412 12416 12420 12424 12428 12432 12436 12440 12444 12448 12452 12456 12460 12464 12468 12472 12476 12480 12484 12488 12492 12496 12500 12504 12508 12512 12516 12520 12524 12528 12532 12536 12540 12544 12548 12552 12556 12560 12564 12568 12572 12576 12580 12584 12588 12592 12596 12600 12604 12608 12612 12616 12620 12624 12628 12632 12636 12640 12644 12648 12652 12656 12660 12664 12668 12672 12676 12680 12684 12688 12692 12696 12700 12704 12708 12712 12716 12720 12724 12728 12732 12736 12740 12744 12748 12752 12756 12760 12764 12768 12772 12776 12780 12784 12788 12792 12796 12800 12804 12808 12812 12816 12820 12824 12828 12832 12836 12840 12844 12848 12852 12856 12860 12864 12868 12872 12876 12880 12884 12888 12892 12896 12900 12904 12908 12912 12916 12920 12924 12928 12932 12936 12940 12944 12948 12952 12956 12960 12964 12968 12972 12976 12980 12984 12988 12992 12996 13000 13004 13008 13012 13016 13020 13024 13028 13032 13036 13040 13044 13048 13052 13056 13060 13064 13068 13072 13076 13080 13084 13088 13092 13096 13100 13104 13108 13112 13116 13120 13124 13128 13132 13136 13140 13144 13148 13152 13156 13160 13164 13168 13172 13176 13180 13184 13188 13192 13196 13200 13204 13208 13212 13216 13220 13224 13228 13232 13236 13240 13244 13248 13252 13256 13260 13264 13268 13272 13276 13280 13284 13288 13292 13296 13300 13304 13308 13312 13316 13320 13324 13328 13332 13336 13340 13344 13348 13352 13356 13360 13364 13368 13372 13376 13380 13384 13388 13392 13396 13400 13404 13408 13412 13416 13420 13424 13428 13432 13436 13440 13444 13448 13452 13456 13460 13464 13468 13472 13476 13480 13484 13488 13492 13496 13500 13504 13508 13512 13516 13520 13524 13528 13532 13536 13540 13544 13548 13552 13556 13560 13564 13568 13572 13576 13580 13584 13588 13592 13596 13600 13604 13608 13612 13616 13620 13624 13628 13632 13636 13640 13644 13648 13652 13656 13660 13664 13668 13672 13676 13680 13684 13688 13692 13696 13700 13704 13708 13712 13716 13720 13724 13728 13732 13736 13740 13744 13748 13752 13756 13760 13764 13768 13772 13776 13780 13784 13788 13792 13796 13800 13804 13808 13812 13816 13820 13824 13828 13832 13836 13840 13844 13848 13852 13856 13860 13864 13868 13872 13876 13880 13884 13888 13892 13896 13900 13904 13908 13912 13916 13920 13924 13928 13932 13936 13940 13944 13948 13952 13956 13960 13964 13968 13972 13976 13980 13984 13988 13992 13996 14000 14004 14008 14012 14016 14020 14024 14028 14032 14036 14040 14044 14048 14052 14056 14060 14064 14068 14072 14076 14080 14084 14088 14092 14096 14100 14104 14108 14112 14116 14120 14124 14128 14132 14136 14140 14144 14148 14152 14156 14160 14164 14168 14172 14176 14180 14184 14188 14192 14196 14200 14204 14208 14212 14216 14220 14224 14228 14232 14236 14240 14244 14248 14252 14256 14260 14264 14268 14272 14276 14280 14284 14288 14292 14296 14300 14304 14308 14312 14316 14320 14324 14328 14332 14336 14340 14344 14348 14352 14356 14360 14364 14368 14372 14376 14380 14384 14388 14392 14396 14400 14404 14408 14412 14416 14420 14424 14428 14432 14436 14440 14444 14448 14452 14456 14460 14464 14468 14472 14476 14480 14484 14488 14492 14496 14500 14504 14508 14512 14516 14520 14524 14528 14532 14536 14540 14544 14548 14552 14556 14560 14564 14568 14572 14576 14580 14584 14588 14592 14596 14600 14604 14608 14612 14616 14620 14624 14628 14632 14636 14640 14644 14648 14652 14656 14660 14664 14668 14672 14676 14680 14684 14688 14692 14696 14700 14704 14708 14712 14716 14720 14724 14728 14732 14736 14740 14744 14748 14752 14756 14760 14764 14768 14772 14776 14780 14784 14788 14792 14796 14800 14804 14808 14812 14816 14820 14824 14828 14832 14836 14840 14844 14848 14852 14856 14860 14864 14868 14872 14876 14880 14884 14888 14892 14896 14900 14904 14908 14912 14916 14920 14924 14928 14932 14936 14940 14944 14948 14952 14956 14960 14964 14968 14972 14976 14980 14984 14988 14992 14996 15000 15004 15008 15012 15016 15020 15024 15028 15032 15036 15040 15044 15048 15052 15056 15060 15064 15068 15072 15076 15080 15084 15088 15092 15096 15100 15104 15108 15112 15116 15120 15124 15128 15132 15136 15140 15144 15148 15152 15156 15160 15164 15168 15172 15176 15180 15184 15188 15192 15196 15200 15204 15208 15212 15216 15220 15224 15228 15232 15236 15240 15244 15248 15252 15256 15260 15264 15268 15272 15276 15280 15284 15288 15292 15296 15300 15304 15308 15312 15316 15320 15324 15328 15332 15336 15340 15344 15348 15352 15356 15360 15364 15368 15372 15376 15380 15384 15388 15392 15396 15400 15404 15408 15412 15416 15420 15424 15428 15432 15436 15440 15444 15448 15452 15456 15460 15464 15468 15472 15476 15480 15484 15488 15492 15496 15500 15504 15508 15512 15516 15520 15524 15528 15532 15536 15540 15544 15548 15552 15556 15560 15564 15568 15572 15576 15580 15584 15588 15592 15596 15600 15604 15608 15612 15616 15620 15624 15628 15632 15636 15640 15644 15648 15652 15656 15660 15664 15668 15672 15676 15680 15684 15688 15692 15696 15700 15704 15708 15712 15716 15720 15724 15728 15732 15736 15740 15744 15748 15752 15756 15760 15764 15768 15772 15776 15780 15784 15788 15792 15796 15800 15804 15808 15812 15816 15820 15824 15828 15832 15836 15840 15844 15848 15852 15856 15860 15864 15868 15872 15876 15880 15884 15888 15892 15896 15900 15904 15908 15912 15916 15920 15924 15928 15932 15936 15940 15944 15948 15952 15956 15960 15964 15968 15972 15976 15980 15984 15988 15992 15996 16000 16004 16008 16012 16016 16020 16024 16028 16032 16036 16040 16044 16048 16052 16056 16060 16064 16068 16072 16076 16080 16084 16088 16092 16096 16100 16104 16108 16112 16116 16120 16124 16128 16132 16136 16140 16144 16148 16152 16156 16160 16164 16168 16172 16176 16180 16184 16188 16192 16196 16200 16204 16208 16212 16216 16220 16224 16228 16232 16236 16240 16244 16248 16252 16256 16260 16264 16268 16272 16276 16280 16284 16288 16292 16296 16300 16304 16308 16312 16316 16320 16324 16328 16332 16336 16340 16344 16348 16352 16356 16360 16364 16368 16372 16376 16380 16384 16388 16392 16396 16400 16404 16408 16412 16416 16420 16424 16428 16432 16436 16440 16444 16448 16452 16456 16460 16464 16468 16472 16476 16480 16484 16488 16492 16496 16500 16504 16508 16512 16516 16520 16524 16528 16532 16536 16540 16544 16548 16552 16556 16560 16564 16568 16572 16576 16580 16584 16588 16592 16596 16600 16604 16608 16612 16616 16620 16624 16628 16632 16636 16640 16644 16648 16652 16656 16660 16664 16668 16672 16676 16680 16684 16688 16692 16696 16700 16704 16708 16712 16716 16720 16724 16728 16732 16736 16740 16744 16748 16752 16756 16760 16764 16768 16772 16776 16780 16784 16788 16792 16796 16800 16804 16808 16812 16816 16820 16824 16828 16832 16836 16840 16844 16848 16852 16856 16860 16864 16868 16872 16876 16880 16884 16888 16892 16896 16900 16904 16908 16912 16916 16920 16924 16928 16932 16936 16940 16944 16948 16952 16956 16960 16964 16968 16972 16976 16980 16984 16988 16992 16996 17000 17004 17008 17012 17016 17020 17024 17028 17032 17036 17040 17044 17048 17052 17056 17060 17064 17068 17072 17076 17080 17084 17088 17092 17096 17100 17104 17108 17112 17116 17120 17124 17128 17132 17136 17140 17144 17148 17152 17156 17160 17164 17168 17172 17176 17180 17184 17188 17192 17196 17200 17204 17208 17212 17216 17220 17224 17228 17232 17236 17240 17244 17248 17252 17256 17260 17264 17268 17272 17276 17280 17284 17288 17292 17296 17300 17304 17308 17312 17316 17320 17324 17328 17332 17336 17340 17344 17348 17352 17356 17360 17364 17368 17372 17376 17380 17384 17388 17392 17396 17400 17404 17408 17412 17416 17420 17424 17428 17432 17436 17440 17444 17448 17452 17456 17460 17464 17468 17472 17476 17480 17484 17488 17492 17496 17500 17504 17508 17512 17516 17520 17524 17528 17532 17536 17540 17544 17548 17552 17556 17560 17564 17568 17572 17576 17580 17584 17588 17592 17596 17600 17604 17608 17612 17616 17620 17624 17628 17632 17636 17640 17644 17648 17652 17656 17660 17664 17668 17672 17676 17680 17684 17688 17692 17696 17700 17704 17708 17712 17716 17720 17724 17728 17732 17736 17740 17744 17748 17752 17756 17760 17764 17768 17772 17776 17780 17784 17788 17792 17796 17800 17804 17808 17812 17816 17820 17824 17828 17832 17836 17840 17844 17848 17852 17856 17860 17864 17868 17872 17876 17880 17884 17888 17892 17896 17900 17904 17908 17912 17916 17920 17924 17928 17932 17936 17940 17944 17948 17952 17956 17960 17964 17968 17972 17976 17980 17984 17988 17992 17996 18000 18004 18008 18012 18016 18020 18024 18028 18032 18036 18040 18044 18048 18052 18056 18060 18064 18068 18072 18076 18080 18084 18088 18092 18096 18100 18104 18108 18112 18116 18120 18124 18128 18132 18136 18140 18144 18148 18152 18156 18160 18164 18168 18172 18176 18180 18184 18188 18192 18196 18200 18204 18208 18212 18216 18220 18224 18228 18232 18236 18240 18244 18248 18252 18256 18260 18264 18268 18272 18276 18280 18284 18288 18292 18296 18300 18304 18308 18312 18316 18320 18324 18328 18332 18336 18340 18344 18348 18352 18356 18360 18364 18368 18372 18376 18380 18384 18388 18392 18396 18400 18404 18408 18412 18416 18420 18424 18428 18432 18436 18440 18444 18448 18452 18456 18460 18464 18468 18472 18476 18480 18484 18488 18492 18496 18500 18504 18508 18512 18516 18520 18524 18528 18532 18536 18540 18544 18548 18552 18556 18560 18564 18568 18572 18576 18580 18584 18588 18592 18596 18600 18604 18608 18612 18616 18620 18624 18628 18632 18636 18640 18644 18648 18652 18656 18660 18664 18668 18672 18676 18680 18684 18688 18692 18696 18700 18704 18708 18712 18716 18720 18724 18728 18732 18736 18740 18744 18748 18752 18756 18760 18764 18768 18772 18776 18780 18784 18788 18792 18796 18800 18804 18808 18812 18816 18820 18824 18828 18832 18836 18840 18844 18848 18852 18856 18860 18864 18868 18872 18876 18880 18884 18888 18892 18896 18900 18904 18908 18912 18916 18920 18924 18928 18932 18936 18940 18944 18948 18952 18956 18960 18964 18968 18972 18976 18980 18984 18988 18992 18996 19000 19004 19008 19012 19016 19020 19024 19028 19032 19036 19040 19044 19048 19052 19056 19060 19064 19068 19072 19076 19080 19084 19088 19092 19096 19100 19104 19108 19112 19116 19120 19124 19128 19132 19136 19140 19144 19148 19152 19156 19160 19164 19168 19172 19176 19180 19184 19188 19192 19196 19200 19204 19208 19212 19216 19220 19224 19228 19232 19236 19240 19244 19248 19252 19256 19260 19264 19268 19272 19276 19280 19284 19288 19292 19296 19300 19304 19308 19312 19316 19320 19324 19328 19332 19336 19340 19344 19348 19352 19356 19360 19364 19368 19372 19376 19380 19384 19388 19392 19396 19400 19404 19408 19412 19416 19420 19424 19428 19432 19436 19440 19444 19448 19452 19456 19460 19464 19468 19472 19476 19480 19484 19488 19492 19496 19500 19504 19508 19512 19516 19520 19524 19528 19532 19536 19540 19544 19548 19552 19556 19560 19564 19568 19572 19576 19580 19584 19588 19592 19596 19600 19604 19608 19612 19616 19620 19624 19628 19632 19636 19640 19644 19648 19652 19656 19660 19664 19668 19672 19676 19680 19684 19688 19692 19696 19700 19704 19708 19712 19716 19720 19724 19728 19732 19736 19740 19744 19748 19752 19756 19760 19764 19768 19772 19776 19780 19784 19788 19792 19796 19800 19804 19808 19812 19816 19820 19824 19828 19832 19836 19840 19844 19848 19852 19856 19860 19864 19868 19872 19876 19880 19884 19888 19892 19896 19900 19904 19908 19912 19916 19920 19924 19928 19932 19936 19940 19944 19948 19952 19956 19960 19964 19968 19972 19976 19980 19984 19988 19992 19996 20000 20004 20008 20012 20016 20020 20024 20028 20032 20036 20040 20044 20048 20052 20056 20060 20064 20068 20072 20076 20080 20084 20088 20092 20096 20100 20104 20108 20112 20116 20120 20124 20128 20132 20136 20140 20144 20148 20152 20156 20160 20164 20168 20172 20176 20180 20184 20188 20192 20196 20200 20204 20208 20212 20216 20220 20224 20228 20232 20236 20240 20244 20248 20252 20256 20260 20264 20268 20272 20276 20280 20284 20288 20292 20296 20300 20304 20308 20312 20316 20320 20324 20328 20332 20336 20340 20344 20348 20352 20356 20360 20364 20368 20372 20376 20380 20384 20388 20392 20396 20400 20404 20408 20412 20416 20420 20424 20428 20432 20436 20440 20444 20448 20452 20456 20460 20464 20468 20472 20476 20480 20484 20488 20492 20496 20500 20504 20508 20512 20516 20520 20524 20528 20532 20536 20540 20544 20548 20552 20556 20560 20564 20568 20572 20576 20580 20584 20588 20592 20596 20600 20604 20608 20612 20616 20620 20624 20628 20632 20636 20640 20644 20648 20652 20656 20660 20664 20668 20672 20676 20680 20684 20688 20692 20696 20700 20704 20708 20712 20716 20720 20724 20728 20732 20736 20740 20744 20748 20752 20756 20760 20764 20768 20772 20776 20780 20784 20788 20792 20796 20800 20804 20808 20812 20816 20820 20824 20828 20832 20836 20840 20844 20848 20852 20856 20860 20864 20868 20872 20876 20880 20884 20888 20892 20896 20900 20904 20908 20912 20916 20920 20924 20928 20932 20936 20940 20944 20948 20952 20956 20960 20964 20968 20972 20976 20980 20984 20988 20992 20996 21000 21004 21008 21012 21016 21020 21024 21028 21032 21036 21040 21044 21048 21052 21056 21060 21064 21068 21072 21076 21080 21084 21088 21092 21096 21100 21104 21108 21112 21116 21120 21124 21128 21132 21136 21140 21144 21148 21152 21156 21160 21164 21168 21172 21176 21180 21184 21188 21192 21196 21200 21204 21208 21212 21216 21220 21224 21228 21232 21236 21240 21244 21248 21252 21256 21260 21264 21268 21272 21276 21280 21284 21288 21292 21296 21300 21304 21308 21312 21316 21320 21324 21328 21332 21336 21340 21344 21348 21352 21356 21360 21364 21368 21372 21376 21380 21384 21388 21392 21396 21400 21404 21408 21412 21416 21420 21424 21428 21432 21436 21440 21444 21448 21452 21456 21460 21464 21468 21472 21476 21480 21484 21488 21492 21496 21500 21504 21508 21512 21516 21520 21524 21528 21532 21536 21540 21544 21548 21552 21556 21560 21564 21568 21572 21576 21580 21584 21588 21592 21596 21600 21604 21608 21612 21616 21620 21624 21628 21632 21636 21640 21644 21648 21652 21656 21660 21664 21668 21672 21676 21680 21684 21688 21692 21696 21700 21704 21708 21712 21716 21720 21724 21728 21732 21736 21740 21744 21748 21752 21756 21760 21764 21768 21772 21776 21780 21784 21788 21792 21796 21800 21804 21808 21812 21816 21820 21824 21828 21832 21836 21840 21844 21848 21852 21856 21860 21864 21868 21872 21876 21880 21884 21888 21892 21896 21900 21904 21908 21912 21916 21920 21924 21928 21932 21936 21940 21944 21948 21952 21956 21960 21964 21968 21972 21976 21980 21984 21988 21992 21996 22000 22004 22008 22012 22016 22020 22024 22028 22032 22036 22040 22044 22048 22052 22056 22060 22064 22068 22072 22076 22080 22084 22088 22092 22096 22100 22104 22108 22112 22116 22120 22124 22128 22132 22136 22140 22144 22148 22152 22156 22160 22164 22168 22172 22176 22180 22184 22188 22192 22196 22200 22204 22208 22212 22216 22220 22224 22228 22232 22236 22240 22244 22248 22252 22256 22260 22264 22268 22272 22276 22280 22284 22288 22292 22296 22300 22304 22308 22312 22316 22320 22324 22328 22332 22336 22340 22344 22348 22352 22356 22360 22364 22368 22372 22376 22380 22384 22388 22392 22396 22400 22404 22408 22412 22416 22420 22424 22428 22432 22436 22440 22444 22448 22452 22456 22460 22464 22468 22472 22476 22480 22484 22488 22492 22496 22500 22504 22508 22512 22516 22520 22524 22528 22532 22536 22540 22544 22548 22552 22556 22560 22564 22568 22572 22576 22580 22584 22588 22592 22596 22600 22604 22608 22612 22616 22620 22624 22628 22632 22636 22640 22644 22648 22652 22656 22660 22664 22668 22672 22676 22680 22684 22688 22692 22696 22700 22704 22708 22712 22716 22720 22724 22728 22732 22736 22740 22744 22748 22752 22756 22760 22764 22768 22772 22776 22780 22784 22788 22792 22796 22800 22804 22808 22812 22816 22820 22824 22828 22832 22836 22840 22844 22848 22852 22856 22860 22864 22868 22872 22876 22880 22884 22888 22892 22896 22900 22904 22908 22912 22916 22920 22924 22928 22932 22936 22940 22944 22948 22952 22956 22960 22964 22968 22972 22976 22980 22984 22988 22992 22996 23000 23004 23008 23012 23016 23020 23024 23028 23032 23036 23040 23044 23048 23052 23056 23060 23064 23068 23072 23076 23080 23084 23088 23092 23096 23100 23104 23108 23112 23116 23120 23124 23128 23132 23136 23140 23144 23148 23152 23156 23160 23164 23168 23172 23176 23180 23184 23188 23192 23196 23200 23204 23208 23212 23216 23220 23224 23228 23232 23236 23240 23244 23248 23252 23256 23260 23264 23268 23272 23276 23280 23284 23288 23292 23296 23300 23304 23308 23312 23316 23320 23324 23328 23332 23336 23340 23344 23348 23352 23356 23360 23364 23368 23372 23376 23380 23384 23388 23392 23396 23400 23404 23408 23412 23416 23420 23424 23428 23432 23436 23440 23444 23448 23452 23456 23460 23464 23468 23472 23476 23480 23484 23488 23492 23496 23500 23504 23508 23512 23516 23520 23524 23528 23532 23536 23540 23544 23548 23552 23556 23560 23564 23568 23572 23576 23580 23584 23588 23592 23596 23600 23604 23608 23612 23616 23620 23624 23628 23632 23636 23640 23644 23648 23652 23656 23660 23664 23668 23672 23676 23680 23684 23688 23692 23696 23700 23704 23708 23712 23716 23720 23724 23728 23732 23736 23740 23744 23748 23752 23756 23760 23764 23768 23772 23776 23780 23784 23788 23792 23796 23800 23804 23808 23812 23816 23820 23824 23828 23832 23836 23840 23844 23848 23852 23856 23860 23864 23868 23872 23876 23880 23884 23888 23892 23896 23900 23904 23908 23912 23916 23920 23924 23928 23932 23936 23940 23944 23948 23952 23956 23960 23964 23968 23972 23976 23980 23984 23988 23992 23996 24000 24004 24008 24012 24016 24020 24024 24028 24032 24036 24040 24044 24048 24052 24056 24060 24064 24068 24072 24076 24080 24084 24088 24092 24096 24100 24104 24108 24112 24116 24120 24124 24128 24132 24136 24140 24144 24148 24152 24156 24160 24164 24168 24172 24176 24180 24184 24188 24192 24196 24200 24204 24208 24212 24216 24220 24224 24228 24232 24236 24240 24244 24248 24252 24256 24260 24264 24268 24272 24276 24280 24284 24288 24292 24296 24300 24304 24308 24312 24316 24320 24324 24328 24332 24336 24340 24344 24348 24352 24356 24360 24364 24368 24372 24376 24380 24384 24388 24392 24396 24400 24404 24408 24412 24416 24420 24424 24428 24432 24436 24440 24444 24448 24452 24456 24460 24464 24468 24472 24476 24480 24484 24488 24492 24496 24500 24504 24508 24512 24516 24520 24524 24528 24532 24536 24540 24544 24548 24552 24556 24560 24564 24568 24572 24576 24580 24584 24588 24592 24596 24600 24604 24608 24612 24616 24620 24624 24628 24632 24636 24640 24644 24648 24652 24656 24660 24664 24668 24672 24676 24680 24684 24688 24692 24696 24700 24704 24708 24712 24716 24720 24724 24728 24732 24736 24740 24744 24748 24752 24756 24760 24764 24768 24772 24776 24780 24784 24788 24792 24796 24800 24804 24808 24812 24816 24820 24824 24828 24832 24836 24840 24844 24848 24852 24856 24860 24864 24868 24872 24876 24880 24884 24888 24892 24896 24900 24904 24908 24912 24916 24920 24924 24928 24932 24936 24940 24944 24948 24952 24956 24960 24964 24968 24972 24976 24980 24984 24988 24992 24996 25000 25004 25008 25012 25016 25020 25024 25028 25032 25036 25040 25044 25048 25052 25056 25060 25064 25068 25072 25076 25080 25084 25088 25092 25096 25100 25104 25108 25112 25116 25120 25124 25128 25132 25136 25140 25144 25148 25152 25156 25160 25164 25168 25172 25176 25180 25184 25188 25192 25196 25200 25204 25208 25212 25216 25220 25224 25228 25232 25236 25240 25244 25248 25252 25256 25260 25264 25268 25272 25276 25280 25284 25288 25292 25296 25300 25304 25308 25312 25316 25320 25324 25328 25332 25336 25340 25344 25348 25352 25356 25360 25364 25368 25372 25376 25380 25384 25388 25392 25396 25400 25404 25408 25412 25416 25420 25424 25428 25432 25436 25440 25444 25448 25452 25456 25460 25464 25468 25472 25476 25480 25484 25488 25492 25496 25500 25504 25508 25512 25516 25520 25524 25528 25532 25536 25540 25544 25548 25552 25556 25560 25564 25568 25572 25576 25580 25584 25588 25592 25596 25600 25604 25608 25612 25616 25620 25624 25628 25632 25636 25640 25644 25648 25652 25656 25660 25664 25668 25672 25676 25680 25684 25688 25692 25696 25700 25704 25708 25712 25716 25720 25724 25728 25732 25736 25740 25744 25748 25752 25756 25760 25764 25768 25772 25776 25780 25784 25788 25792 25796 25800 25804 25808 25812 25816 25820 25824 25828 25832 25836 25840 25844 25848 25852 25856 25860 25864 25868 25872 25876 25880 25884 25888 25892 25896 25900 25904 25908 25912 25916 25920 25924 25928 25932 25936 25940 25944 25948 25952 25956 25960 25964 25968 25972 25976 25980 25984 25988 25992 25996 26000 26004 26008 26012 26016 26020 26024 26028 26032 26036 26040 26044 26048 26052 26056 26060 26064 26068 26072 26076 26080 26084 26088 26092 26096 26100 26104 26108 26112 26116 26120 26124 26128 26132 26136 26140 26144 26148 26152 26156 26160 26164 26168 26172 26176 26180 26184 26188 26192 26196 26200 26204 26208 26212 26216 26220 26224 26228 26232 26236 26240 26244 26248 26252 26256 26260 26264 26268 26272 26276 26280 26284 26288 26292 26296 26300 26304 26308 26312 26316 26320 26324 26328 26332 26336 26340 26344 26348 26352 26356 26360 26364 26368 26372 26376 26380 26384 26388 26392 26396 26400 26404 26408 26412 26416 26420 26424 26428 26432 26436 26440 26444 26448 26452 26456 26460 26464 26468 26472 26476 26480 26484 26488 26492 26496 26500 26504 26508 26512 26516 26520 26524 26528 26532 26536 26540 26544 26548 26552 26556 26560 26564 26568 26572 26576 26580 26584 26588 26592 26596 26600 26604 26608 26612 26616 26620 26624 26628 26632 26636 26640 26644 26648 26652 26656 26660 26664 26668 26672 26676 26680 26684 26688 26692 26696 26700 26704 26708 26712 26716 26720 26724 26728 26732 26736 26740 26744 26748 26752 26756 26760 26764 26768 26772 26776 26780 26784 26788 26792 26796 26800 26804 26808 26812 26816 26820 26824 26828 26832 26836 26840 26844 26848 26852 26856 26860 26864 26868 26872 26876 26880 26884 26888 26892 26896 26900 26904 26908 26912 26916 26920 26924 26928 26932 26936 26940 26944 26948 26952 26956 26960 26964 26968 26972 26976 26980 26984 26988 26992 26996 27000 27004 27008 27012 27016 27020 27024 27028 27032 27036 27040 27044 27048 27052 27056 27060 27064 27068 27072 27076 27080 27084 27088 27092 27096 27100 27104 27108 27112 27116 27120 27124 27128 27132 27136 27140 27144 27148 27152 27156 27160 27164 27168 27172 27176 27180 27184 27188 27192 27196 27200 27204 27208 27212 27216 27220 27224 27228 27232 27236 27240 27244 27248 27252 27256 27260 27264 27268 27272 27276 27280 27284 27288 27292 27296 27300 27304 27308 27312 27316 27320 27324 27328 27332 27336 27340 27344 27348 27352 27356 27360 27364 27368 27372 27376 27380 27384 27388 27392 27396 27400 27404 27408 27412 27416 27420 27424 27428 27432 27436 27440 27444 27448 27452 27456 27460 27464 27468 27472 27476 27480 27484 27488 27492 27496 27500 27504 27508 27512 27516 27520 27524 27528 27532 27536 27540 27544 27548 27552 27556 27560 27564 27568 27572 27576 27580 27584 27588 27592 27596 27600 27604 27608 27612 27616 27620 27624 27628 27632 27636 27640 27644 27648 27652 27656 27660 27664 27668 27672 27676 27680 27684 27688 27692 27696 27700 27704 27708 27712 27716 27720 27724 27728 27732 27736 27740 27744 27748 27752 27756 27760 27764 27768 27772 27776 27780 27784 27788 27792 27796 27800 27804 27808 27812 27816 27820 27824 27828 27832 27836 27840 27844 27848 27852 27856 27860 27864 27868 27872 27876 27880 27884 27888 27892 27896 27900 27904 27908 27912 27916 27920 27924 27928 27932 27936 27940 27944 27948 27952 27956 27960 27964 27968 27972 27976 27980 27984 27988 27992 27996 28000 28004 28008 28012 28016 28020 28024 28028 28032 28036 28040 28044 28048 28052 28056 28060 28064 28068 28072 28076 28080 28084 28088 28092 28096 28100 28104 28108 28112 28116 28120 28124 28128 28132 28136 28140 28144 28148 28152 28156 28160 28164 28168 28172 28176 28180 28184 28188 28192 28196 28200 28204 28208 28212 28216 28220 28224 28228 28232 28236 28240 28244 28248 28252 28256 28260 28264 28268 28272 28276 28280 28284 28288 28292 28296 28300 28304 28308 28312 28316 28320 28324 28328 28332 28336 28340 28344 28348 28352 28356 28360 28364 28368 28372 28376 28380 28384 28388 28392 28396 28400 28404 28408 28412 28416 28420 28424 28428 28432 28436 28440 28444 28448 28452 28456 28460 28464 28468 28472 28476 28480 28484 28488 28492 28496 28500 28504 28508 28512 28516 28520 28524 28528 28532 28536 28540 28544 28548 28552 28556 28560 28564 28568 28572 28576 28580 28584 28588 28592 28596 28600 28604 28608 28612 28616 28620 28624 28628 28632 28636 28640 28644 28648 28652 28656 28660 28664 28668 28672 28676 28680 28684 28688 28692 28696 28700 28704 28708 28712 28716 28720 28724 28728 28732 28736 28740 28744 28748 28752 28756 28760 28764 28768 28772 28776 28780 28784 28788 28792 28796 28800 28804 28808 28812 28816 28820 28824 28828 28832 28836 28840 28844 28848 28852 28856 28860 28864 28868 28872 28876 28880 28884 28888 28892 28896 28900 28904 28908 28912 28916 28920 28924 28928 28932 28936 28940 28944 28948 28952 28956 28960 28964 28968 28972 28976 28980 28984 28988 28992 28996 29000 29004 29008 29012 29016 29020 29024 29028 29032 29036 29040 29044 29048 29052 29056 29060 29064 29068 29072 29076 29080 29084 29088 29092 29096 29100 29104 29108 29112 29116 29120 29124 29128 29132 29136 29140 29144 29148 29152 29156 29160 29164 29168 29172 29176 29180 29184 29188 29192 29196 29200 29204 29208 29212 29216 29220 29224 29228 29232 29236 29240 29244 29248 29252 29256 29260 29264 29268 29272 29276 29280 29284 29288 29292 29296 29300 29304 29308 29312 29316 29320 29324 29328 29332 29336 29340 29344 29348 29352 29356 29360 29364 29368 29372 29376 29380 29384 29388 29392 29396 29400 29404 29408 29412 29416 29420 29424 29428 29432 29436 29440 29444 29448 29452 29456 29460 29464 29468 29472 29476 29480 29484 29488 29492 29496 29500 29504 29508 29512 29516 29520 29524 29528 29532 29536 29540 29544 29548 29552 29556 29560 29564 29568 29572 29576 29580 29584 29588 29592 29596 29600 29604 29608 29612 29616 29620 29624 29628 29632 29636 29640 29644 29648 29652 29656 29660 29664 29668 29672 29676 29680 29684 29688 29692 29696 29700 29704 29708 29712 29716 29720 29724 29728 29732 29736 29740 29744 29748 29752 29756 29760 29764 29768 29772 29776 29780 29784 29788 29792 29796 29800 29804 29808 29812 29816 29820 29824 29828 29832 29836 29840 29844 29848 29852 29856 29860 29864 29868 29872 29876 29880 29884 29888 29892 29896 29900 29904 29908 29912 29916 29920 29924 29928 29932 29936 29940 29944 29948 29952 29956 29960 29964 29968 29972 29976 29980 29984 29988 29992 29996 30000 30004 30008 30012 30016 30020 30024 30028 30032 30036 30040 30044 30048 30052 30056 30060 30064 30068 30072 30076 30080 30084 30088 30092 30096 30100 30104 30108 30112 30116 30120 30124 30128 30132 30136 30140 30144 30148 30152 30156 30160 30164 30168 30172 30176 30180 30184 30188 30192 30196 30200 30204 30208 30212 30216 30220 30224 30228 30232 30236 30240 30244 30248 30252 30256 30260 30264 30268 30272 30276 30280 30284 30288 30292 30296 30300 30304 30308 30312 30316 30320 30324 30328 30332 30336 30340 30344 30348 30352 30356 30360 30364 30368 30372 30376 30380 30384 30388 30392 30396 30400 30404 30408 30412 30416 30420 30424 30428 30432 30436 30440 30444 30448 30452 30456 30460 30464 30468 30472 30476 30480 30484 30488 30492 30496 30500 30504 30508 30512 30516 30520 30524 30528 30532 30536 30540 30544 30548 30552 30556 30560 30564 30568 30572 30576 30580 30584 30588 30592 30596 30600 30604 30608 30612 30616 30620 30624 30628 30632 30636 30640 30644 30648 30652 30656 30660 30664 30668 30672 30676 30680 30684 30688 30692 30696 30700 30704 30708 30712 30716 30720 30724 30728 30732 30736 30740 30744 30748 30752 30756 30760 30764 30768 30772 30776 30780 30784 30788 30792 30796 30800 30804 30808 30812 30816 30820 30824 30828 30832 30836 30840 30844 30848 30852 30856 30860 30864 30868 30872 30876 30880 30884 30888 30892 30896 30900 30904 30908 30912 30916 30920 30924 30928 30932 30936 30940 30944 30948 30952 30956 30960 30964 30968 30972 30976 30980 30984 30988 30992 30996 31000 31004 31008 31012 31016 31020 31024 31028 31032 31036 31040 31044 31048 31052 31056 31060 31064 31068 31072 31076 31080 31084 31088 31092 31096 31100 31104 31108 31112 31116 31120 31124 31128 31132 31136 31140 31144 31148 31152 31156 31160 31164 31168 31172 31176 31180 31184 31188 31192 31196 31200 31204 31208 31212 31216 31220 31224 31228 31232 31236 31240 31244 31248 31252 31256 31260 31264 31268 31272 31276 31280 31284 31288 31292 31296 31300 31304 31308 31312 31316 31320 31324 31328 31332 31336 31340 31344 31348 31352 31356 31360 31364 31368 31372 31376 31380 31384 31388 31392 31396 31400 31404 31408 31412 31416 31420 31424 31428 31432 31436 31440 31444 31448 31452 31456 31460 31464 31468 31472 31476 31480 31484 31488 31492 31496 31500 31504 31508 31512 31516 31520 31524 31528 31532 31536 31540 31544 31548 31552 31556 31560 31564 31568 31572 31576 31580 31584 31588 31592 31596 31600 31604 31608 31612 31616 31620 31624 31628 31632 31636 31640 31644 31648 31652 31656 31660 31664 31668 31672 31676 31680 31684 31688 31692 31696 31700 31704 31708 31712 31716 31720 31724 31728 31732 31736 31740 31744 31748 31752 31756 31760 31764 31768 31772 31776 31780 31784 31788 31792 31796 31800 31804 31808 31812 31816 31820 31824 31828 31832 31836 31840 31844 31848 31852 31856 31860 31864 31868 31872 31876 31880 31884 31888 31892 31896 31900 31904 31908 31912 31916 31920 31924 31928 31932 31936 31940 31944 31948 31952 31956 31960 31964 31968 31972 31976 31980 31984 31988 31992 31996 32000 32004 32008 32012 32016 32020 32024 32028 32032 32036 32040 32044 32048 32052 32056 32060 32064 32068 32072 32076 32080 32084 32088 32092 32096 32100 32104 32108 32112 32116 32120 32124 32128 32132 32136 32140 32144 32148 32152 32156 32160 32164 32168 32172 32176 32180 32184 32188 32192 32196 32200 32204 32208 32212 32216 32220 32224 32228 32232 32236 32240 32244 32248 32252 32256 32260 32264 32268 32272 32276 32280 32284 32288 32292 32296 32300 32304 32308 32312 32316 32320 32324 32328 32332 32336 32340 32344 32348 32352 32356 32360 32364 32368 32372 32376 32380 32384 32388 32392 32396 32400 32404 32408 32412 32416 32420 32424 32428 32432 32436 32440 32444 32448 32452 32456 32460 32464 32468 32472 32476 32480 32484 32488 32492 32496 32500 32504 32508 32512 32516 32520 32524 32528 32532 32536 32540 32544 32548 32552 32556 32560 32564 32568 32572 32576 32580 32584 32588 32592 32596 32600 32604 32608 32612 32616 32620 32624 32628 32632 32636 32640 32644 32648 32652 32656 32660 32664 32668 32672 32676 32680 32684 32688 32692 32696 32700 32704 32708 32712 32716 32720 32724 32728 32732 32736 32740 32744 32748 32752 32756 32760 32764 32768 32772 32776 32780 32784 32788 32792 32796 32800 32804 32808 32812 32816 32820 32824 32828 32832 32836 32840 32844 32848 32852 32856 32860 32864 32868 32872 32876 32880 32884 32888 32892 32896 32900 32904 32908 32912 32916 32920 32924 32928 32932 32936 32940 32944 32948 32952 32956 32960 32964 32968 32972 32976 32980 32984 32988 32992 32996 33000 33004 33008 33012 33016 33020 33024 33028 33032 33036 33040 33044 33048 33052 33056 33060 33064 33068 33072 33076 33080 33084 33088 33092 33096 33100 33104 33108 33112 33116 33120 33124 33128 33132 33136 33140 33144 33148 33152 33156 33160 33164 33168 33172 33176 33180 33184 33188 33192 33196 33200 33204 33208 33212 33216 33220 33224 33228 33232 33236 33240 33244 33248 33252 33256 33260 33264 33268 33272 33276 33280 33284 33288 33292 33296 33300 33304 33308 33312 33316 33320 33324 33328 33332 33336 33340 33344 33348 33352 33356 33360 33364 33368 33372 33376 33380 33384 33388 33392 33396 33400 33404 33408 33412 33416 33420 33424 33428 33432 33436 33440 33444 33448 33452 33456 33460 33464 33468 33472 33476 33480 33484 33488 33492 33496 33500 33504 33508 33512 33516 33520 33524 33528 33532 33536 33540 33544 33548 33552 33556 33560 33564 33568 33572 33576 33580 33584 33588 33592 33596 33600 33604 33608 33612 33616 33620 33624 33628 33632 33636 33640 33644 33648 33652 33656 33660 33664 33668 33672 33676 33680 33684 33688 33692 33696 33700 33704 33708 33712 33716 33720 33724 33728 33732 33736 33740 33744 33748 33752 33756 33760 33764 33768 33772 33776 33780 33784 33788 33792 33796 33800 33804 33808 33812 33816 33820 33824 33828 33832 33836 33840 33844 33848 33852 33856 33860 33864 33868 33872 33876 33880 33884 33888 33892 33896 33900 33904 33908 33912 33916 33920 33924 33928 33932 33936 33940 33944 33948 33952 33956 33960 33964 33968 33972 33976 33980 33984 33988 33992 33996 34000 34004 34008 34012 34016 34020 34024 34028 34032 34036 34040 34044 34048 34052 34056 34060 34064 34068 34072 34076 34080 34084 34088 34092 34096 34100 34104 34108 34112 34116 34120 34124 34128 34132 34136 34140 34144 34148 34152 34156 34160 34164 34168 34172 34176 34180 34184 34188 34192 34196 34200 34204 34208 34212 34216 34220 34224 34228 34232 34236 34240 34244 34248 34252 34256 34260 34264 34268 34272 34276 34280 34284 34288 34292 34296 34300 34304 34308 34312 34316 34320 34324 34328 34332 34336 34340 34344 34348 34352 34356 34360 34364 34368 34372 34376 34380 34384 34388 34392 34396 34400 34404 34408 34412 34416 34420 34424 34428 34432 34436 34440 34444 34448 34452 34456 34460 34464 34468 34472 34476 34480 34484 34488 34492 34496 34500 34504 34508 34512 34516 34520 34524 34528 34532 34536 34540 34544 34548 34552 34556 34560 34564 34568 34572 34576 34580 34584 34588 34592 34596 34600 34604 34608 34612 34616 34620 34624 34628 34632 34636 34640 34644 34648 34652 34656 34660 34664 34668 34672 34676 34680 34684 34688 34692 34696 34700 34704 34708 34712 34716 34720 34724 34728 34732 34736 34740 34744 34748 34752 34756 34760 34764 34768 34772 34776 34780 34784 34788 34792 34796 34800 34804 34808 34812 34816 34820 34824 34828 34832 34836 34840 34844 34848 34852 34856 34860 34864 34868 34872 34876 34880 34884 34888 34892 34896 34900 34904 34908 34912 34916 34920 34924 34928 34932 34936 34940 34944 34948 34952 34956 34960 34964 34968 34972 34976 34980 34984 34988 34992 34996 35000 35004 35008 35012 35016 35020 35024 35028 35032 35036 35040 35044 35048 35052 35056 35060 35064 35068 35072 35076 35080 35084 35088 35092 35096 35100 35104 35108 35112 35116 35120 35124 35128 35132 35136 35140 35144 35148 35152 35156 35160 35164 35168 35172 35176 35180 35184 35188 35192 35196 35200 35204 35208 35212 35216 35220 35224 35228 35232 35236 35240 35244 35248 35252 35256 35260 35264 35268 35272 35276 35280 35284 35288 35292 35296 35300 35304 35308 35312 35316 35320 35324 35328 35332 35336 35340 35344 35348 35352 35356 35360 35364 35368 35372 35376 35380 35384 35388 35392 35396 35400 35404 35408 35412 35416 35420 35424 35428 35432 35436 35440 35444 35448 35452 35456 35460 35464 35468 35472 35476 35480 35484 35488 35492 35496 35500 35504 35508 35512 35516 35520 35524 35528 35532 35536 35540 35544 35548 35552 35556 35560 35564 35568 35572 35576 35580 35584 35588 35592 35596 35600 35604 35608 35612 35616 35620 35624 35628 35632 35636 35640 35644 35648 35652 35656 35660 35664 35668 35672 35676 35680 35684 35688 35692 35696 35700 35704 35708 35712 35716 35720 35724 35728 35732 35736 35740 35744 35748 35752 35756 35760 35764 35768 35772 35776 35780 35784 35788 35792 35796 35800 35804 35808 35812 35816 35820 35824 35828 35832 35836 35840 35844 35848 35852 35856 35860 35864 35868 35872 35876 35880 35884 35888 35892 35896 35900 35904 35908 35912 35916 35920 35924 35928 35932 35936 35940 35944 35948 35952 35956 35960 35964 35968 35972 35976 35980 35984 35988 35992 35996 36000 36004 36008 36012 36016 36020 36024 36028 36032 36036 36040 36044 36048 36052 36056 36060 36064 36068 36072 36076 36080 36084 36088 36092 36096 36100 36104 36108 36112 36116 36120 36124 36128 36132 36136 36140 36144 36148 36152 36156 36160 36164 36168 36172 36176 36180 36184 36188 36192 36196 36200 36204 36208 36212 36216 36220 36224 36228 36232 36236 36240 36244 36248 36252 36256 36260 36264 36268 36272 36276 36280 36284 36288 36292 36296 36300 36304 36308 36312 36316 36320 36324 36328 36332 36336 36340 36344 36348 36352 36356 36360 36364 36368 36372 36376 36380 36384 36388 36392 36396 36400 36404 
        </DataArray>
        <DataArray type="UInt8" Name="types" format="ascii">
          10 10 10 10 10 10 10 10 10 10 10 10 10 10 10 10 10 10 10 10 10 10 10 10 10 10 10 10 10 10 10 10 10 10 10 10 10 10 10 10 10 10 10 10 10 10 10 10 10 10 10 10 10 10 10 10 10 10 10 10 10 10 10 10 10 10 10 10 10 10 10 10 10 10 10 10 10 10 10 10 10 10 10 10 10 10 10 10 10 10 10 10 10 10 10 10 10 10 10 10 10 10 10 10 10 10 10 10 10 10 10 10 10 10 10 10 10 10 10 10 10 10 10 10 10 10 10 10 10 10 10 10 10 10 10 10 10 10 10 10 10 10 10 10 10 10 10 10 10 10 10 10 10 10 10 10 10 10 10 10 10 10 10 10 10 10 10 10 10 10 10 10 10 10 10 10 10 10 10 10 10 10 10 10 10 10 10 10 10 10 10 10 10 10 10 10 10 10 10 10 10 10 10 10 10 10 10 10 10 10 10 10 10 10 10 10 10 10 10 10 10 10 10 10 10 10 10 10 10 10 10 10 10 10 10 10 10 10 10 10 10 10 10 10 10 10 10 10 10 10 10 10 10 10 10 10 10 10 10 10 10 10 10 10 10 10 10 10 10 10 10 10 10 10 10 10 10 10 10 10 10 10 10 10 10 10 10 10 10 10 10 10 10 10 10 10 10 10 10 10 10 10 10 10 10 10 10 10 10 10 10 10 10 10 10 10 10 10 10 10 10 10 10 10 10 10 10 10 10 10 10 10 10 10 10 10 10 10 10 10 10 10 10 10 10 10 10 10 10 10 10 10 10 10 10 10 10 10 10 10 10 10 10 10 10 10 10 10 10 10 10 10 10 10 10 10 10 10 10 10 10 10 10 10 10 10 10 10 10 10 10 10 10 10 10 10 10 10 10 10 10 10 10 10 10 10 10 10 10 10 10 10 10 10 10 10 10 10 10 10 10 10 10 10 10 10 10 10 10 10 10 10 10 10 10 10 10 10 10 10 10 10 10 10 10 10 10 10 10 10 10 10 10 10 10 10 10 10 10 10 10 10 10 10 10 10 10 10 10 10 10 10 10 10 10 10 10 10 10 10 10 10 10 10 10 10 10 10 10 10 10 10 10 10 10 10 10 10 10 10 10 10 10 10 10 10 10 10 10 10 10 10 10 10 10 10 10 10 10 10 10 10 10 10 10 10 10 10 10 10 10 10 10 10 10 10 10 10 10 10 10 10 10 10 10 10 10 10 10 10 10 10 10 10 10 10 10 10 10 10 10 10 10 10 10 10 10 10 10 10 10 10 10 10 10 10 10 10 10 10 10 10 10 10 10 10 10 10 10 10 10 10 10 10 10 10 10 10 10 10 10 10 10 10 10 10 10 10 10 10 10 10 10 10 10 10 10 10 10 10 10 10 10 10 10 10 10 10 10 10 10 10 10 10 10 10 10 10 10 10 10 10 10 10 10 10 10 10 10 10 10 10 10 10 10 10 10 10 10 10 10 10 10 10 10 10 10 10 10 10 10 10 10 10 10 10 10 10 10 10 10 10 10 10 10 10 10 10 10 10 10 10 10 10 10 10 10 10 10 10 10 10 10 10 10 10 10 10 10 10 10 10 10 10 10 10 10 10 10 10 10 10 10 10 10 10 10 10 10 10 10 10 10 10 10 10 10 10 10 10 10 10 10 10 10 10 10 10 10 10 10 10 10 10 10 10 10 10 10 10 10 10 10 10 10 10 10 10 10 10 10 10 10 10 10 10 10 10 10 10 10 10 10 10 10 10 10 10 10 10 10 10 10 10 10 10 10 10 10 10 10 10 10 10 10 10 10 10 10 10 10 10 10 10 10 10 10 10 10 10 10 10 10 10 10 10 10 10 10 10 10 10 10 10 10 10 10 10 10 10 10 10 10 10 10 10 10 10 10 10 10 10 10 10 10 10 10 10 10 10 10 10 10 10 10 10 10 10 10 10 10 10 10 10 10 10 10 10 10 10 10 10 10 10 10 10 10 10 10 10 10 10 10 10 10 10 10 10 10 10 10 10 10 10 10 10 10 10 10 10 10 10 10 10 10 10 10 10 10 10 10 10 10 10 10 10 10 10 10 10 10 10 10 10 10 10 10 10 10 10 10 10 10 10 10 10 10 10 10 10 10 10 10 10 10 10 10 10 10 10 10 10 10 10 10 10 10 10 10 10 10 10 10 10 10 10 10 10 10 10 10 10 10 10 10 10 10 10 10 10 10 10 10 10 10 10 10 10 10 10 10 10 10 10 10 10 10 10 10 10 10 10 10 10 10 10 10 10 10 10 10 10 10 10 10 10 10 10 10 10 10 10 10 10 10 10 10 10 10 10 10 10 10 10 10 10 10 10 10 10 10 10 10 10 10 10 10 10 10 10 10 10 10 10 10 10 10 10 10 10 10 10 10 10 10 10 10 10 10 10 10 10 10 10 10 10 10 10 10 10 10 10 10 10 10 10 10 10 10 10 10 10 10 10 10 10 10 10 10 10 10 10 10 10 10 10 10 10 10 10 10 10 10 10 10 10 10 10 10 10 10 10 10 10 10 10 10 10 10 10 10 10 10 10 10 10 10 10 10 10 10 10 10 10 10 10 10 10 10 10 10 10 10 10 10 10 10 10 10 10 10 10 10 10 10 10 10 10 10 10 10 10 10 10 10 10 10 10 10 10 10 10 10 10 10 10 10 10 10 10 10 10 10 10 10 10 10 10 10 10 10 10 10 10 10 10 10 10 10 10 10 10 10 10 10 10 10 10 10 10 10 10 10 10 10 10 10 10 10 10 10 10 10 10 10 10 10 10 10 10 10 10 10 10 10 10 10 10 10 10 10 10 10 10 10 10 10 10 10 10 10 10 10 10 10 10 10 10 10 10 10 10 10 10 10 10 10 10 10 10 10 10 10 10 10 10 10 10 10 10 10 10 10 10 10 10 10 10 10 10 10 10 10 10 10 10 10 10 10 10 10 10 10 10 10 10 10 10 10 10 10 10 10 10 10 10 10 10 10 10 10 10 10 10 10 10 10 10 10 10 10 10 10 10 10 10 10 10 10 10 10 10 10 10 10 10 10 10 10 10 10 10 10 10 10 10 10 10 10 10 10 10 10 10 10 10 10 10 10 10 10 10 10 10 10 10 10 10 10 10 10 10 10 10 10 10 10 10 10 10 10 10 10 10 10 10 10 10 10 10 10 10 10 10 10 10 10 10 10 10 10 10 10 10 10 10 10 10 10 10 10 10 10 10 10 10 10 10 10 10 10 10 10 10 10 10 10 10 10 10 10 10 10 10 10 10 10 10 10 10 10 10 10 10 10 10 10 10 10 10 10 10 10 10 10 10 10 10 10 10 10 10 10 10 10 10 10 10 10 10 10 10 10 10 10 10 10 10 10 10 10 10 10 10 10 10 10 10 10 10 10 10 10 10 10 10 10 10 10 10 10 10 10 10 10 10 10 10 10 10 10 10 10 10 10 10 10 10 10 10 10 10 10 10 10 10 10 10 10 10 10 10 10 10 10 10 10 10 10 10 10 10 10 10 10 10 10 10 10 10 10 10 10 10 10 10 10 10 10 10 10 10 10 10 10 10 10 10 10 10 10 10 10 10 10 10 10 10 10 10 10 10 10 10 10 10 10 10 10 10 10 10 10 10 10 10 10 10 10 10 10 10 10 10 10 10 10 10 10 10 10 10 10 10 10 10 10 10 10 10 10 10 10 10 10 10 10 10 10 10 10 10 10 10 10 10 10 10 10 10 10 10 10 10 10 10 10 10 10 10 10 10 10 10 10 10 10 10 10 10 10 10 10 10 10 10 10 10 10 10 10 10 10 10 10 10 10 10 10 10 10 10 10 10 10 10 10 10 10 10 10 10 10 10 10 10 10 10 10 10 10 10 10 10 10 10 10 10 10 10 10 10 10 10 10 10 10 10 10 10 10 10 10 10 10 10 10 10 10 10 10 10 10 10 10 10 10 10 10 10 10 10 10 10 10 10 10 10 10 10 10 10 10 10 10 10 10 10 10 10 10 10 10 10 10 10 10 10 10 10 10 10 10 10 10 10 10 10 10 10 10 10 10 10 10 10 10 10 10 10 10 10 10 10 10 10 10 10 10 10 10 10 10 10 10 10 10 10 10 10 10 10 10 10 10 10 10 10 10 10 10 10 10 10 10 10 10 10 10 10 10 10 10 10 10 10 10 10 10 10 10 10 10 10 10 10 10 10 10 10 10 10 10 10 10 10 10 10 10 10 10 10 10 10 10 10 10 10 10 10 10 10 10 10 10 10 10 10 10 10 10 10 10 10 10 10 10 10 10 10 10 10 10 10 10 10 10 10 10 10 10 10 10 10 10 10 10 10 10 10 10 10 10 10 10 10 10 10 10 10 10 10 10 10 10 10 10 10 10 10 10 10 10 10 10 10 10 10 10 10 10 10 10 10 10 10 10 10 10 10 10 10 10 10 10 10 10 10 10 10 10 10 10 10 10 10 10 10 10 10 10 10 10 10 10 10 10 10 10 10 10 10 10 10 10 10 10 10 10 10 10 10 10 10 10 10 10 10 10 10 10 10 10 10 10 10 10 10 10 10 10 10 10 10 10 10 10 10 10 10 10 10 10 10 10 10 10 10 10 10 10 10 10 10 10 10 10 10 10 10 10 10 10 10 10 10 10 10 10 10 10 10 10 10 10 10 10 10 10 10 10 10 10 10 10 10 10 10 10 10 10 10 10 10 10 10 10 10 10 10 10 10 10 10 10 10 10 10 10 10 10 10 10 10 10 10 10 10 10 10 10 10 10 10 10 10 10 10 10 10 10 10 10 10 10 10 10 10 10 10 10 10 10 10 10 10 10 10 10 10 10 10 10 10 10 10 10 10 10 10 10 10 10 10 10 10 10 10 10 10 10 10 10 10 10 10 10 10 10 10 10 10 10 10 10 10 10 10 10 10 10 10 10 10 10 10 10 10 10 10 10 10 10 10 10 10 10 10 10 10 10 10 10 10 10 10 10 10 10 10 10 10 10 10 10 10 10 10 10 10 10 10 10 10 10 10 10 10 10 10 10 10 10 10 10 10 10 10 10 10 10 10 10 10 10 10 10 10 10 10 10 10 10 10 10 10 10 10 10 10 10 10 10 10 10 10 10 10 10 10 10 10 10 10 10 10 10 10 10 10 10 10 10 10 10 10 10 10 10 10 10 10 10 10 10 10 10 10 10 10 10 10 10 10 10 10 10 10 10 10 10 10 10 10 10 10 10 10 10 10 10 10 10 10 10 10 10 10 10 10 10 10 10 10 10 10 10 10 10 10 10 10 10 10 10 10 10 10 10 10 10 10 10 10 10 10 10 10 10 10 10 10 10 10 10 10 10 10 10 10 10 10 10 10 10 10 10 10 10 10 10 10 10 10 10 10 10 10 10 10 10 10 10 10 10 10 10 10 10 10 10 10 10 10 10 10 10 10 10 10 10 10 10 10 10 10 10 10 10 10 10 10 10 10 10 10 10 10 10 10 10 10 10 10 10 10 10 10 10 10 10 10 10 10 10 10 10 10 10 10 10 10 10 10 10 10 10 10 10 10 10 10 10 10 10 10 10 10 10 10 10 10 10 10 10 10 10 10 10 10 10 10 10 10 10 10 10 10 10 10 10 10 10 10 10 10 10 10 10 10 10 10 10 10 10 10 10 10 10 10 10 10 10 10 10 10 10 10 10 10 10 10 10 10 10 10 10 10 10 10 10 10 10 10 10 10 10 10 10 10 10 10 10 10 10 10 10 10 10 10 10 10 10 10 10 10 10 10 10 10 10 10 10 10 10 10 10 10 10 10 10 10 10 10 10 10 10 10 10 10 10 10 10 10 10 10 10 10 10 10 10 10 10 10 10 10 10 10 10 10 10 10 10 10 10 10 10 10 10 10 10 10 10 10 10 10 10 10 10 10 10 10 10 10 10 10 10 10 10 10 10 10 10 10 10 10 10 10 10 10 10 10 10 10 10 10 10 10 10 10 10 10 10 10 10 10 10 10 10 10 10 10 10 10 10 10 10 10 10 10 10 10 10 10 10 10 10 10 10 10 10 10 10 10 10 10 10 10 10 10 10 10 10 10 10 10 10 10 10 10 10 10 10 10 10 10 10 10 10 10 10 10 10 10 10 10 10 10 10 10 10 10 10 10 10 10 10 10 10 10 10 10 10 10 10 10 10 10 10 10 10 10 10 10 10 10 10 10 10 10 10 10 10 10 10 10 10 10 10 10 10 10 10 10 10 10 10 10 10 10 10 10 10 10 10 10 10 10 10 10 10 10 10 10 10 10 10 10 10 10 10 10 10 10 10 10 10 10 10 10 10 10 10 10 10 10 10 10 10 10 10 10 10 10 10 10 10 10 10 10 10 10 10 10 10 10 10 10 10 10 10 10 10 10 10 10 10 10 10 10 10 10 10 10 10 10 10 10 10 10 10 10 10 10 10 10 10 10 10 10 10 10 10 10 10 10 10 10 10 10 10 10 10 10 10 10 10 10 10 10 10 10 10 10 10 10 10 10 10 10 10 10 10 10 10 10 10 10 10 10 10 10 10 10 10 10 10 10 10 10 10 10 10 10 10 10 10 10 10 10 10 10 10 10 10 10 10 10 10 10 10 10 10 10 10 10 10 10 10 10 10 10 10 10 10 10 10 10 10 10 10 10 10 10 10 10 10 10 10 10 10 10 10 10 10 10 10 10 10 10 10 10 10 10 10 10 10 10 10 10 10 10 10 10 10 10 10 10 10 10 10 10 10 10 10 10 10 10 10 10 10 10 10 10 10 10 10 10 10 10 10 10 10 10 10 10 10 10 10 10 10 10 10 10 10 10 10 10 10 10 10 10 10 10 10 10 10 10 10 10 10 10 10 10 10 10 10 10 10 10 10 10 10 10 10 10 10 10 10 10 10 10 10 10 10 10 10 10 10 10 10 10 10 10 10 10 10 10 10 10 10 10 10 10 10 10 10 10 10 10 10 10 10 10 10 10 10 10 10 10 10 10 10 10 10 10 10 10 10 10 10 10 10 10 10 10 10 10 10 10 10 10 10 10 10 10 10 10 10 10 10 10 10 10 10 10 10 10 10 10 10 10 10 10 10 10 10 10 10 10 10 10 10 10 10 10 10 10 10 10 10 10 10 10 10 10 10 10 10 10 10 10 10 10 10 10 10 10 10 10 10 10 10 10 10 10 10 10 10 10 10 10 10 10 10 10 10 10 10 10 10 10 10 10 10 10 10 10 10 10 10 10 10 10 10 10 10 10 10 10 10 10 10 10 10 10 10 10 10 10 10 10 10 10 10 10 10 10 10 10 10 10 10 10 10 10 10 10 10 10 10 10 10 10 10 10 10 10 10 10 10 10 10 10 10 10 10 10 10 10 10 10 10 10 10 10 10 10 10 10 10 10 10 10 10 10 10 10 10 10 10 10 10 10 10 10 10 10 10 10 10 10 10 10 10 10 10 10 10 10 10 10 10 10 10 10 10 10 10 10 10 10 10 10 10 10 10 10 10 10 10 10 10 10 10 10 10 10 10 10 10 10 10 10 10 10 10 10 10 10 10 10 10 10 10 10 10 10 10 10 10 10 10 10 10 10 10 10 10 10 10 10 10 10 10 10 10 10 10 10 10 10 10 10 10 10 10 10 10 10 10 10 10 10 10 10 10 10 10 10 10 10 10 10 10 10 10 10 10 10 10 10 10 10 10 10 10 10 10 10 10 10 10 10 10 10 10 10 10 10 10 10 10 10 10 10 10 10 10 10 10 10 10 10 10 10 10 10 10 10 10 10 10 10 10 10 10 10 10 10 10 10 10 10 10 10 10 10 10 10 10 10 10 10 10 10 10 10 10 10 10 10 10 10 10 10 10 10 10 10 10 10 10 10 10 10 10 10 10 10 10 10 10 10 10 10 10 10 10 10 10 10 10 10 10 10 10 10 10 10 10 10 10 10 10 10 10 10 10 10 10 10 10 10 10 10 10 10 10 10 10 10 10 10 10 10 10 10 10 10 10 10 10 10 10 10 10 10 10 10 10 10 10 10 10 10 10 10 10 10 10 10 10 10 10 10 10 10 10 10 10 10 10 10 10 10 10 10 10 10 10 10 10 10 10 10 10 10 10 10 10 10 10 10 10 10 10 10 10 10 10 10 10 10 10 10 10 10 10 10 10 10 10 10 10 10 10 10 10 10 10 10 10 10 10 10 10 10 10 10 10 10 10 10 10 10 10 10 10 10 10 10 10 10 10 10 10 10 10 10 10 10 10 10 10 10 10 10 10 10 10 10 10 10 10 10 10 10 10 10 10 10 10 10 10 10 10 10 10 10 10 10 10 10 10 10 10 10 10 10 10 10 10 10 10 10 10 10 10 10 10 10 10 10 10 10 10 10 10 10 10 10 10 10 10 10 10 10 10 10 10 10 10 10 10 10 10 10 10 10 10 10 10 10 10 10 10 10 10 10 10 10 10 10 10 10 10 10 10 10 10 10 10 10 10 10 10 10 10 10 10 10 10 10 10 10 10 10 10 10 10 10 10 10 10 10 10 10 10 10 10 10 10 10 10 10 10 10 10 10 10 10 10 10 10 10 10 10 10 10 10 10 10 10 10 10 10 10 10 10 10 10 10 10 10 10 10 10 10 10 10 10 10 10 10 10 10 10 10 10 10 10 10 10 10 10 10 10 10 10 10 10 10 10 10 10 10 10 10 10 10 10 10 10 10 10 10 10 10 10 10 10 10 10 10 10 10 10 10 10 10 10 10 10 10 10 10 10 10 10 10 10 10 10 10 10 10 10 10 10 10 10 10 10 10 10 10 10 10 10 10 10 10 10 10 10 10 10 10 10 10 10 10 10 10 10 10 10 10 10 10 10 10 10 10 10 10 10 10 10 10 10 10 10 10 10 10 10 10 10 10 10 10 10 10 10 10 10 10 10 10 10 10 10 10 10 10 10 10 10 10 10 10 10 10 10 10 10 10 10 10 10 10 10 10 10 10 10 10 10 10 10 10 10 10 10 10 10 10 10 10 10 10 10 10 10 10 10 10 10 10 10 10 10 10 10 10 10 10 10 10 10 10 10 10 10 10 10 10 10 10 10 10 10 10 10 10 10 10 10 10 10 10 10 10 10 10 10 10 10 10 10 10 10 10 10 10 10 10 10 10 10 10 10 10 10 10 10 10 10 10 10 10 10 10 10 10 10 10 10 10 10 10 10 10 10 10 10 10 10 10 10 10 10 10 10 10 10 10 10 10 10 10 10 10 10 10 10 10 10 10 10 10 10 10 10 10 10 10 10 10 10 10 10 10 10 10 10 10 10 10 10 10 10 10 10 10 10 10 10 10 10 10 10 10 10 10 10 10 10 10 10 10 10 10 10 10 10 10 10 10 10 10 10 10 10 10 10 10 10 10 10 10 10 10 10 10 10 10 10 10 10 10 10 10 10 10 10 10 10 10 10 10 10 10 10 10 10 10 10 10 10 10 10 10 10 10 10 10 10 10 10 10 10 10 10 10 10 10 10 10 10 10 10 10 10 10 10 10 10 10 10 10 10 10 10 10 10 10 10 10 10 10 10 10 10 10 10 10 10 10 10 10 10 10 10 10 10 10 10 10 10 10 10 10 10 10 10 10 10 10 10 10 10 10 10 10 10 10 10 10 10 10 10 10 10 10 10 10 10 10 10 10 10 10 10 10 10 10 10 10 10 10 10 10 10 10 10 10 10 10 10 10 10 10 10 10 10 10 10 10 10 10 10 10 10 10 10 10 10 10 10 10 10 10 10 10 10 10 10 10 10 10 10 10 10 10 10 10 10 10 10 10 10 10 10 10 10 10 10 10 10 10 10 10 10 10 10 10 10 10 10 10 10 10 10 10 10 10 10 10 10 10 10 10 10 10 10 10 10 10 10 10 10 10 10 10 10 10 10 10 10 10 10 10 10 10 10 10 10 10 10 10 10 10 10 10 10 10 10 10 10 10 10 10 10 10 10 10 10 10 10 10 10 10 10 10 10 10 10 10 10 10 10 10 10 10 10 10 10 10 10 10 10 10 10 10 10 10 10 10 10 10 10 10 10 10 10 10 10 10 10 10 10 10 10 10 10 10 10 10 10 10 10 10 10 10 10 10 10 10 10 10 10 10 10 10 10 10 10 10 10 10 10 10 10 10 10 10 10 10 10 10 10 10 10 10 10 10 10 10 10 10 10 10 10 10 10 10 10 10 10 10 10 10 10 10 10 10 10 10 10 10 10 10 10 10 10 10 10 10 10 10 10 10 10 10 10 10 10 10 10 10 10 10 10 10 10 10 10 10 10 10 10 10 10 10 10 10 10 10 10 10 10 10 10 10 10 10 10 10 10 10 10 10 10 10 10 10 10 10 10 10 10 10 10 10 10 10 10 10 10 10 10 10 10 10 10 10 10 10 10 10 10 10 10 10 10 10 10 10 10 10 10 10 10 10 10 10 10 10 10 10 10 10 10 10 10 10 10 10 10 10 10 10 10 10 10 10 10 10 10 10 10 10 10 10 10 10 10 10 10 10 10 10 10 10 10 10 10 10 10 10 10 10 10 10 10 10 10 10 10 10 10 10 10 10 10 10 10 10 10 10 10 10 10 10 10 10 10 10 10 10 10 10 10 10 10 10 10 10 10 10 10 10 10 10 10 10 10 10 10 10 10 10 10 10 10 10 10 10 10 10 10 10 10 10 10 10 10 10 10 10 10 10 10 10 10 10 10 10 10 10 10 10 10 10 10 10 10 10 10 10 10 10 10 10 10 10 10 10 10 10 10 10 10 10 10 10 10 10 10 10 10 10 10 10 10 10 10 10 10 10 10 10 10 10 10 10 10 10 10 10 10 10 10 10 10 10 10 10 10 10 10 10 10 10 10 10 10 10 10 10 10 10 10 10 10 10 10 10 10 10 10 10 10 10 10 10 10 10 10 10 10 10 10 10 10 10 10 10 10 10 10 10 10 10 10 10 10 10 10 10 10 10 10 10 10 10 10 10 10 10 10 10 10 10 10 10 10 10 10 10 10 10 10 10 10 10 10 10 10 10 10 10 10 10 10 10 10 10 10 10 10 10 10 10 10 10 10 10 10 10 10 10 10 10 10 10 10 10 10 10 10 10 10 10 10 10 10 10 10 10 10 10 10 10 10 10 10 10 10 10 10 10 10 10 10 10 10 10 10 10 10 10 10 10 10 10 10 10 10 10 10 10 10 10 10 10 10 10 10 10 10 10 10 10 10 10 10 10 10 10 10 10 10 10 10 10 10 10 10 10 10 10 10 10 10 10 10 10 10 10 10 10 10 10 10 10 10 10 10 10 10 10 10 10 10 10 10 10 10 10 10 10 10 10 10 10 10 10 10 10 10 10 10 10 10 10 10 10 10 10 10 10 10 10 10 10 10 10 10 10 10 10 10 10 10 10 10 10 10 10 10 10 10 10 10 10 10 10 10 10 10 10 10 10 10 10 10 10 10 10 10 10 10 10 10 10 10 10 10 10 10 10 10 10 10 10 10 10 10 10 10 10 10 10 10 10 10 10 10 10 10 10 10 10 10 10 10 10 10 10 10 10 10 10 10 10 10 10 10 10 10 10 10 10 10 10 10 10 10 10 10 10 10 10 10 10 10 10 10 10 10 10 10 10 10 10 10 10 10 10 10 10 10 10 10 10 10 10 10 10 10 10 10 10 10 10 10 10 10 10 10 10 10 10 10 10 10 10 10 10 10 10 10 10 10 10 10 10 10 10 10 10 10 10 10 10 10 10 10 10 10 10 10 10 10 10 10 10 10 10 10 10 10 10 10 10 10 10 10 10 10 10 10 10 10 10 10 10 10 10 10 10 10 10 10 10 10 10 10 10 10 10 10 10 10 10 10 10 10 10 10 10 10 10 10 10 10 10 10 10 10 10 10 10 10 10 10 10 10 10 10 10 10 10 10 10 10 10 10 10 10 10 10 10 10 10 10 10 10 10 10 10 10 10 10 10 10 10 10 10 10 10 10 10 10 10 10 10 10 10 10 10 10 10 10 10 10 10 10 10 10 10 10 10 10 10 10 10 10 10 10 10 10 10 10 10 10 10 10 10 10 10 10 10 10 10 10 10 10 10 10 10 10 10 10 10 10 10 10 10 10 10 10 10 10 10 10 10 10 10 10 10 10 10 10 10 10 10 10 10 10 10 10 10 10 10 10 10 10 10 10 10 10 10 10 10 10 10 10 10 10 10 10 10 10 10 10 10 10 10 10 10 10 10 10 10 10 10 10 10 10 10 10 10 10 10 10 10 10 10 10 10 10 10 10 10 10 10 10 10 10 10 10 10 10 10 10 10 10 10 10 10 10 10 10 10 10 10 10 10 10 10 10 10 10 10 10 10 10 10 10 10 10 10 10 10 10 10 10 10 10 10 10 10 10 10 10 10 10 10 10 10 10 10 10 10 10 10 10 10 10 10 10 10 10 10 10 10 10 10 10 10 10 10 10 10 10 10 10 10 10 10 10 10 10 10 10 10 10 10 10 10 10 10 10 10 10 10 10 10 10 10 10 10 10 10 10 10 10 10 10 10 10 10 10 10 10 10 10 10 10 10 10 10 10 10 10 10 10 10 10 10 10 10 10 10 10 10 10 10 10 10 10 10 10 10 10 10 10 10 10 10 10 10 10 10 10 10 10 10 10 10 10 10 10 10 10 10 10 10 10 10 10 10 10 10 10 10 10 10 10 10 10 10 10 10 10 10 10 10 10 10 10 10 10 10 10 10 10 10 10 10 10 10 10 10 10 10 10 10 10 10 10 10 10 10 10 10 10 10 10 10 10 10 10 10 10 10 10 10 10 10 10 10 10 10 10 10 10 10 10 10 10 10 10 10 10 10 10 10 10 10 10 10 10 10 10 10 10 10 10 10 10 10 10 10 10 10 10 10 10 10 10 10 10 10 10 10 10 10 10 10 10 10 10 10 10 10 10 10 10 10 10 10 10 10 10 10 10 10 10 10 10 10 10 10 10 10 10 10 10 10 10 10 10 10 10 10 10 10 10 10 10 10 10 10 10 10 10 10 10 10 10 10 10 10 10 10 10 10 10 10 10 10 10 10 10 10 10 10 10 10 10 10 10 10 10 10 10 10 10 10 10 10 10 10 10 10 10 10 10 10 10 10 10 10 10 10 10 10 10 10 10 10 10 10 10 10 10 10 10 10 10 10 10 10 10 10 10 10 10 10 10 10 10 10 10 10 10 10 10 10 10 10 10 10 10 10 10 10 10 10 10 10 10 10 10 10 10 10 10 10 10 10 10 10 10 10 10 10 10 10 10 10 10 10 10 10 10 10 10 10 10 10 10 10 10 10 10 10 10 10 10 10 10 10 10 10 10 10 10 10 10 10 10 10 10 10 10 10 10 10 10 10 10 10 10 10 10 10 10 10 10 10 10 10 10 10 10 10 10 10 10 10 10 10 10 10 10 10 10 10 10 10 10 10 10 10 10 10 10 10 10 10 10 10 10 10 10 10 10 10 10 10 10 10 10 10 10 10 10 10 10 10 10 10 10 10 10 10 10 10 10 10 10 10 10 10 10 10 10 10 10 10 10 10 10 10 10 10 10 10 10 10 10 10 10 10 10 10 10 10 10 10 10 10 10 10 10 10 10 10 10 10 10 10 10 10 10 10 10 10 10 10 10 10 10 10 10 10 10 10 10 10 10 10 10 10 10 10 10 10 10 10 10 10 10 10 10 10 10 10 10 10 10 10 10 10 10 10 10 10 10 10 10 10 10 10 10 10 10 10 10 10 10 10 10 10 10 10 10 10 10 10 10 10 10 10 10 10 10 10 10 10 10 10 10 10 10 10 10 10 10 10 10 10 10 10 10 10 10 10 10 10 10 10 10 10 10 10 10 10 10 10 10 10 10 10 10 10 10 10 10 10 10 10 10 10 10 10 10 10 10 10 10 10 10 10 10 10 10 10 10 10 10 10 10 10 10 10 10 10 10 10 10 10 10 10 10 10 10 10 10 10 10 10 10 10 10 10 10 10 10 10 10 10 10 10 10 10 10 10 10 10 10 10 10 10 10 10 10 10 10 10 10 10 10 10 10 10 10 10 10 10 10 10 10 10 10 10 10 10 10 10 10 10 10 10 10 10 10 10 10 10 10 10 10 10 10 10 10 10 10 10 10 10 10 10 10 10 10 10 10 10 10 10 10 10 10 10 10 10 10 10 10 10 10 10 10 10 10 10 10 10 10 10 10 10 10 10 10 10 10 10 10 10 10 10 10 10 10 10 10 10 10 10 10 10 10 10 10 10 10 10 10 10 10 10 10 10 10 10 10 10 10 10 10 10 10 10 10 10 10 10 10 10 10 10 10 10 10 10 10 10 10 10 10 10 10 10 10 10 10 10 10 10 10 10 10 10 10 10 10 10 10 10 10 10 10 10 10 10 10 10 10 10 10 10 10 10 10 10 10 10 10 10 10 10 10 10 10 10 10 10 10 10 10 10 10 10 10 10 10 10 10 10 10 10 10 10 10 10 10 10 10 10 10 10 10 10 10 10 10 10 10 10 10 10 10 10 10 10 10 10 10 10 10 10 10 10 10 10 10 10 10 10 10 10 10 10 10 10 10 10 10 10 10 10 10 10 10 10 10 10 10 10 10 10 10 10 10 10 10 10 10 10 10 10 10 10 10 10 10 10 10 10 10 10 10 10 10 10 10 10 10 10 10 10 10 10 10 10 10 10 10 10 10 10 10 10 10 10 10 10 10 10 10 10 10 10 10 10 10 10 10 10 10 10 10 10 10 10 10 10 10 10 10 10 10 10 10 10 10 10 10 10 10 10 10 10 10 10 10 10 10 10 10 10 10 10 10 10 10 10 10 10 10 10 10 10 10 10 10 10 10 10 10 10 10 10 10 10 10 10 10 10 10 10 10 10 10 10 10 10 10 10 10 10 10 10 10 10 10 10 10 10 10 10 10 10 10 10 10 10 10 10 10 10 10 10 10 10 10 10 10 10 10 10 10 10 10 10 10 10 10 10 10 10 10 10 10 10 10 10 10 10 10 10 10 10 10 10 10 10 10 10 10 10 10 10 10 10 10 10 10 10 10 10 10 10 10 10 10 10 10 10 10 10 10 10 10 10 10 10 10 10 10 10 10 10 10 10 10 10 10 10 10 10 10 10 10 10 10 10 10 10 10 10 10 10 10 10 10 10 10 10 10 10 10 10 10 10 10 10 10 10 10 10 10 10 10 10 10 10 10 10 10 10 10 10 10 10 10 10 10 10 10 10 10 10 10 10 10 10 10 10 10 10 10 10 10 10 10 10 10 10 10 10 10 10 10 10 10 10 10 10 10 10 10 10 10 10 10 10 10 10 10 10 10 10 10 10 10 10 10 10 10 10 10 10 10 10 10 10 10 10 10 10 10 10 10 10 10 10 10 10 10 10 10 10 10 10 10 10 10 10 10 10 10 10 10 10 10 10 10 10 10 10 10 10 10 10 10 10 10 10 10 10 10 10 10 10 10 10 10 10 10 10 10 10 10 10 10 10 10 10 10 10 10 10 10 10 10 10 10 10 10 10 10 10 10 10 10 10 10 10 10 10 10 10 10 10 10 10 10 10 10 10 10 10 10 10 10 10 10 10 10 10 10 10 10 10 10 10 10 10 10 10 10 10 10 10 10 10 10 10 10 10 10 10 10 10 10 10 10 10 10 10 10 10 10 10 10 10 10 10 10 10 10 10 10 10 10 10 10 10 10 10 10 10 10 10 10 10 10 10 10 10 10 10 10 10 10 10 10 10 10 10 10 10 10 10 10 10 10 10 10 10 10 10 10 10 10 10 10 10 10 10 10 10 10 10 10 10 10 10 10 10 10 10 10 10 10 10 10 10 10 10 10 10 10 10 10 10 10 10 10 10 10 10 10 10 10 10 10 10 10 10 10 10 10 10 10 10 10 10 10 10 10 10 10 10 10 10 10 10 10 10 10 10 10 10 10 10 10 10 10 10 10 10 10 10 10 10 10 10 10 10 10 10 10 10 10 10 10 10 10 10 10 10 10 10 10 10 10 10 10 10 10 10 10 10 10 10 10 10 10 10 10 10 10 10 10 10 10 10 10 10 10 10 10 10 10 10 10 10 10 10 10 10 10 10 10 10 10 10 10 10 10 10 10 10 10 10 10 10 10 10 10 10 10 10 10 10 10 10 10 10 10 10 10 10 10 10 10 10 10 10 10 10 10 10 10 10 10 10 10 10 10 10 10 10 10 10 10 10 10 10 10 10 10 10 10 10 10 10 10 10 10 10 10 10 10 10 10 10 10 10 10 10 10 10 10 10 10 10 10 10 10 10 10 10 10 10 10 10 10 10 10 10 10 10 10 10 10 10 10 10 10 10 10 10 10 10 10 10 10 10 10 10 10 10 10 10 10 10 10 10 10 10 10 10 10 10 10 10 10 10 10 10 10 10 10 10 10 10 10 10 10 10 10 10 10 10 10 10 10 10 10 10 10 10 10 10 10 10 10 10 10 10 10 10 10 10 10 10 10 10 10 10 10 10 10 10 10 10 10 10 10 10 10 10 10 10 10 10 10 10 10 10 10 10 10 10 10 10 10 10 10 10 10 10 10 10 10 10 10 10 10 10 10 10 10 10 10 10 10 10 10 10 10 10 10 10 10 10 10 10 10 10 10 10 10 10 10 10 10 10 10 10 10 10 10 10 10 10 10 10 10 10 10 10 10 10 10 10 10 10 10 10 10 10 10 10 10 10 10 10 10 10 10 10 10 10 10 10 10 10 10 10 10 10 10 10 10 10 10 10 10 10 10 10 10 10 10 10 10 10 10 10 10 10 10 10 10 10 10 10 10 10 10 10 10 10 10 10 10 10 10 10 10 10 10 10 10 10 10 10 10 10 10 10 10 10 10 10 10 10 10 10 10 10 10 10 10 10 10 10 10 10 10 10 10 10 10 10 10 10 10 10 10 10 10 10 10 10 10 10 10 10 10 10 10 10 10 10 10 10 10 10 10 10 10 10 10 10 10 10 10 10 10 10 10 10 10 10 10 10 10 10 10 10 10 10 10 10 10 10 10 10 10 10 10 10 10 10 10 10 10 10 10 10 10 10 10 10 10 10 10 10 10 10 10 10 10 10 10 10 10 10 10 10 10 10 10 10 10 10 10 10 10 10 10 10 10 10 10 10 10 10 10 10 10 10 10 10 10 10 10 10 10 10 10 10 10 10 10 10 10 10 10 10 10 10 10 10 10 10 10 10 10 10 10 10 10 10 10 10 10 10 10 10 10 10 10 10 10 10 10 10 10 10 10 10 10 10 10 10 10 10 10 10 10 10 10 10 10 10 10 10 10 10 10 10 10 10 10 10 10 10 10 10 10 10 10 10 10 10 10 10 10 10 10 10 10 10 10 10 10 10 10 10 10 10 10 10 10 10 10 10 10 10 10 10 10 10 10 10 10 10 10 10 10 10 10 10 10 10 10 10 10 10 10 10 10 10 10 10 10 10 10 10 10 10 10 10 10 10 10 10 10 10 10 10 10 10 10 10 10 10 10 10 10 10 10 10 10 10 10 10 10 10 10 10 10 10 10 10 10 10 10 10 10 10 10 10 10 10 10 10 10 10 10 10 10 10 10 10 10 10 10 10 10 10 10 10 10 10 10 10 10 10 10 10 10 10 10 10 10 10 10 10 10 10 10 10 10 10 10 10 10 10 10 10 10 10 10 10 10 10 10 10 10 10 10 10 10 10 10 10 10 10 10 10 10 10 10 10 10 10 10 10 10 10 10 10 10 10 10 10 10 10 10 10 10 10 10 10 10 10 10 10 10 10 10 10 10 10 10 10 10 10 10 10 10 10 10 10 10 10 10 10 10 10 10 10 10 10 10 10 10 10 10 10 10 10 10 10 10 10 10 10 10 10 10 10 10 10 10 10 10 10 10 10 10 10 10 10 10 10 10 10 10 10 10 10 10 10 10 10 10 10 10 10 10 10 10 10 10 10 10 10 10 10 10 10 10 10 10 10 10 10 10 10 10 10 10 10 10 10 10 10 10 10 10 10 10 10 10 10 10 10 10 10 10 10 10 10 10 10 10 10 10 10 10 10 10 10 10 10 10 10 10 10 10 10 10 10 10 10 10 10 10 10 10 10 10 10 10 10 10 10 10 10 10 10 10 10 10 10 10 10 10 10 10 10 10 10 10 10 10 10 10 10 10 10 10 10 10 10 10 10 10 10 10 10 10 10 10 10 10 10 10 10 10 10 10 10 10 10 10 10 10 10 10 10 10 10 10 10 10 10 10 10 10 10 10 10 10 10 10 10 10 10 10 10 10 10 10 10 10 10 10 10 10 10 10 10 10 10 10 10 10 10 10 10 10 10 10 10 10 10 10 10 10 10 10 10 10 10 10 10 10 10 10 10 10 10 10 10 10 10 10 10 10 10 10 10 10 10 10 10 10 10 10 10 10 10 10 10 10 10 10 10 10 10 10 10 10 10 10 10 10 10 10 10 10 10 10 10 10 10 10 10 10 10 10 10 10 10 10 10 10 10 10 10 10 10 10 10 10 10 10 10 10 10 10 10 10 10 10 10 10 10 10 10 10 10 10 10 10 10 10 10 10 10 10 10 10 10 10 10 10 10 10 10 10 10 10 10 10 10 10 10 10 10 10 10 10 10 10 10 10 10 10 10 10 10 10 10 10 10 10 10 10 10 10 10 10 10 10 10 10 10 10 10 10 10 10 10 10 10 10 10 10 10 10 10 10 10 10 10 10 10 10 10 10 10 10 10 10 10 10 10 10 10 10 10 10 10 10 10 10 10 10 10 10 10 10 10 10 10 10 10 10 10 10 10 10 10 10 10 10 10 10 10 10 10 10 10 10 10 10 10 10 10 10 10 10 10 10 10 10 10 10 10 10 10 10 10 10 10 10 10 10 10 10 10 10 10 10 10 10 10 10 10 10 10 10 10 10 10 10 10 10 10 10 10 10 10 10 10 10 10 10 10 10 10 10 10 10 10 10 10 10 10 10 10 10 10 10 10 10 10 10 10 10 10 10 10 10 10 10 10 10 10 10 10 10 10 10 10 10 10 10 10 10 10 10 10 10 10 10 10 10 10 10 10 10 10 10 10 10 10 10 10 10 10 10 10 10 10 10 10 10 10 10 10 10 10 10 10 10 10 10 10 10 10 10 10 10 10 10 10 10 10 10 10 10 10 10 10 10 10 10 10 10 10 10 10 10 10 10 10 10 10 10 10 10 10 10 10 10 10 10 10 10 10 10 10 10 10 10 10 10 10 10 10 10 10 10 10 10 10 10 10 10 10 10 10 10 10 10 10 10 10 10 10 10 10 10 10 10 10 10 10 10 10 10 10 10 10 10 10 10 10 10 10 10 10 10 10 10 10 10 10 10 10 10 10 10 10 10 10 10 10 10 10 10 10 10 10 10 10 10 10 10 10 10 10 10 10 10 10 10 10 10 10 10 10 10 10 10 10 10 10 10 10 10 10 10 10 10 10 10 10 10 10 10 10 10 10 10 10 10 10 10 10 10 10 10 10 10 10 10 10 10 10 10 10 10 10 10 10 10 10 10 10 10 10 10 10 10 10 10 10 10 10 10 10 10 10 10 10 10 10 10 10 10 10 10 10 10 10 10 10 10 10 10 10 10 10 10 10 10 10 10 10 10 10 10 10 10 10 10 10 10 10 10 10 10 10 10 10 10 10 10 10 10 10 10 10 10 10 10 10 10 10 10 10 10 10 10 10 10 10 10 10 10 10 10 10 10 10 10 10 10 10 10 10 10 10 10 10 10 10 10 10 10 10 10 10 10 10 10 10 10 10 10 10 10 10 10 10 10 10 10 10 10 10 10 10 10 10 10 10 10 10 10 10 10 10 10 10 10 10 10 10 10 10 10 10 10 10 10 10 10 10 10 10 10 10 10 10 10 10 10 10 10 10 10 10 10 10 10 10 10 10 10 10 10 10 10 10 10 10 10 10 10 10 10 10 10 10 10 10 10 10 10 10 10 10 10 10 10 10 10 10 10 10 10 10 10 10 10 10 10 10 10 10 10 10 10 10 10 10 10 10 10 10 10 10 10 10 10 10 10 10 10 10 10 10 10 10 10 10 10 10 10 10 10 10 10 10 10 10 10 10 10 10 10 10 10 10 10 10 10 10 10 10 10 10 10 10 10 10 10 10 10 10 10 10 10 10 10 10 10 10 10 10 10 10 10 10 10 10 10 10 10 10 10 10 10 10 10 10 10 10 10 10 10 10 10 10 10 10 10 10 10 10 10 10 10 10 10 10 10 10 10 10 10 10 10 10 10 10 10 10 10 10 10 10 10 10 10 10 10 10 10 10 10 10 10 10 10 10 10 10 10 10 10 10 10 10 10 10 10 10 10 10 10 10 10 10 10 10 10 10 10 10 10 10 10 10 10 10 10 10 
        </DataArray>
      </Cells>
      <PointData Scalars="value">
        <DataArray type="Float64" Name="value" format="ascii">
          399.996948 402.901240 403.063703 399.996948 405.481446 402.408267 399.996948 403.627301 402.951780 399.996948 399.996948 405.106890 405.266160 399.284602 399.996948 404.518612 402.035543 399.996948 399.996948 349.998474 401.512444 399.996948 400.933711 399.996948 404.422258 399.996948 400.654805 399.996948 399.996948 403.571717 400.271387 403.952185 401.272289 400.966505 403.500085 404.629430 405.027943 399.996948 402.849476 399.996948 401.889542 404.448833 401.379268 402.630310 403.848554 399.996948 404.999854 376.687932 399.996948 404.872431 404.335892 399.996948 399.996948 401.775658 402.826332 399.996948 399.996948 399.356961 401.988216 401.409596 404.130277 401.882513 402.565846 405.018876 399.996948 399.996948 403.781192 401.810791 399.996948 405.295727 405.583188 399.777001 399.996948 404.548129 403.438720 403.019904 399.996948 404.488858 404.838310 404.333622 402.499619 403.361328 403.101553 406.341062 405.809174 404.867772 399.996948 399.996948 399.996948 399.996948 399.996948 400.707780 399.996948 404.171927 405.308309 404.511703 399.996948 405.508406 404.000724 405.535592 399.996948 403.537472 399.996948 402.634523 399.996948 405.381377 399.303049 399.996948 404.621558 403.508945 403.646428 401.807662 367.764193 399.996948 406.950322 392.435049 403.310636 403.616773 397.789170 399.996948 401.767327 401.649626 403.623573 399.996948 401.648744 400.648933 399.996948 400.309095 404.008055 403.989275 399.996948 399.996948 399.996948 394.970642 402.644107 404.061980 399.996948 405.197815 405.238212 399.996948 404.118606 404.840584 403.357292 401.058828 399.996948 399.996948 399.954083 404.921273 399.996948 403.719082 399.996948 401.255204 404.041147 404.344366 404.490339 405.259501 399.996948 403.724613 399.996948 401.315828 404.923264 404.921331 399.996948 403.663836 399.996948 399.996948 399.996948 403.575361 399.996948 399.996948 402.857740 404.272157 404.609265 399.996948 403.736821 404.503427 403.112537 403.287979 401.293206 405.540257 403.762897 399.996948 399.996948 404.742577 399.996948 399.996948 399.996948 399.996948 403.799111 397.309144 402.605137 402.889478 402.710223 405.457165 405.490587 399.996948 404.911977 399.996948 399.996948 403.059409 403.428785 402.565410 399.996948 399.996948 399.996948 401.445452 403.240836 401.486790 403.513427 403.611745 403.225318 401.733070 406.672028 404.252180 399.996948 399.996948 398.929584 404.648429 404.252938 399.996948 404.522237 399.996948 403.676667 403.866084 399.996948 399.996948 399.996948 404.936992 399.996948 405.455919 399.996948 399.996948 399.996948 404.493437 403.013870 399.996948 399.996948 403.137366 399.996948 401.427629 405.212599 399.996948 399.996948 405.414447 399.996948 402.249831 403.987937 404.210302 399.996948 399.996948 399.996948 399.435733 404.829778 399.996948 401.537048 404.341538 403.014977 399.996948 402.999251 399.996948 399.996948 399.996948 404.517349 404.511874 404.131463 405.274737 399.996948 405.418915 403.427112 399.996948 404.148350 403.158679 404.493459 399.996948 399.527269 403.497120 399.996948 405.334064 383.622983 399.996948 399.996948 388.462560 399.996948 399.996948 399.996948 399.996948 399.996948 399.996948 399.996948 404.471065 404.250805 399.996948 399.996948 405.699937 400.994128 399.996948 399.996948 399.996948 405.100593 399.996948 400.714440 403.064949 403.645241 403.109094 403.244228 399.996948 401.395359 402.885582 405.595068 404.793892 403.053091 402.621170 407.656205 399.996948 405.075497 402.570891 404.078103 399.996948 399.996948 402.557711 402.227323 399.996948 399.996948 405.135062 399.996948 402.954622 403.175235 399.996948 404.742545 401.476659 404.734726 403.974458 399.996948 399.996948 399.996948 403.431685 399.996948 399.996948 404.159312 399.996948 405.192623 399.996948 399.996948 399.996948 399.996948 403.049075 401.945429 399.996948 399.996948 403.968347 399.996948 406.359684 405.081432 399.996948 404.705760 399.996948 403.002229 399.996948 399.996948 399.996948 399.996948 399.996948 400.332845 405.135054 405.102895 399.996948 399.996948 405.135990 403.455987 398.606652 403.998283 405.103292 405.190377 406.474191 402.988358 399.996948 405.661243 401.415291 405.524213 405.560837 404.025914 403.863191 402.572549 405.604881 399.996948 404.960589 401.704625 402.286370 399.996948 384.221082 399.996948 400.950286 404.793435 399.996948 404.912923 403.857147 401.956580 405.297169 405.541127 402.539658 399.996948 403.678584 399.996948 399.996948 401.896655 399.996948 404.974349 403.501647 401.641419 402.893865 406.263975 401.690421 403.271212 403.001855 402.696697 399.996948 399.996948 403.730204 403.794016 399.996948 403.625863 399.996948 399.996948 400.886313 399.996948 399.996948 402.920128 406.177764 404.515733 399.996948 399.996948 399.996948 399.996948 399.996948 405.365530 404.528033 399.996948 400.339046 399.996948 399.996948 399.996948 402.819274 401.730818 405.460912 399.996948 399.996948 403.928039 404.396807 399.996948 403.616956 399.996948 404.188150 406.540453 400.640619 399.996948 399.996948 401.731672 405.083330 399.996948 402.973076 399.996948 374.880011 399.996948 399.996948 399.996948 404.102165 402.728973 406.126598 399.996948 399.996948 403.143997 399.996948 405.251621 405.071103 402.877444 399.386980 399.996948 403.623296 399.996948 403.136602 399.996948 399.996948 399.996948 399.996948 402.233837 391.403042 405.125472 403.095048 402.848453 399.996948 402.896596 404.965615 402.889586 399.996948 399.996948 405.702182 399.996948 402.396769 405.368791 405.731338 403.838007 401.209980 402.035050 401.592717 399.996948 399.996948 399.996948 403.809518 402.253127 399.996948 403.362261 399.996948 401.754796 401.534057 399.996948 399.996948 399.996948 399.996948 404.078453 404.128639 401.392119 405.780659 401.798877 401.703326 403.271581 404.446202 404.633374 402.614531 404.595013 402.816953 405.285618 403.233062 399.996948 402.288647 401.800661 399.996948 399.996948 399.996948 399.996948 399.996948 399.996948 402.752505 406.422246 403.199757 402.156036 401.949080 403.316325 404.269647 402.824855 399.996948 399.996948 403.850554 399.996948 403.012433 402.234682 399.996948 399.996948 404.966557 399.996948 405.402677 403.562749 404.864370 404.619751 404.897768 402.568978 399.996948 404.596793 403.725309 406.559128 399.996948 399.996948 399.996948 399.487856 405.183202 404.561634 399.996948 402.056576 399.996948 407.401150 399.996948 401.393094 402.374682 403.368490 404.836015 399.996948 399.996948 399.996948 403.381150 404.234726 399.996948 349.998474 402.349147 402.729751 402.757111 399.996948 399.996948 402.111343 399.996948 399.996948 402.409495 399.929928 404.930019 399.996948 399.996948 402.302349 399.996948 399.996948 399.996948 397.966222 402.455916 405.366561 391.642257 404.234784 405.016536 401.670164 403.510365 403.519730 399.996948 401.583044 404.815545 405.093084 405.713803 399.996948 404.829377 402.508106 405.198314 399.996948 349.998474 404.776858 404.708467 399.996948 399.996948 407.364175 399.996948 404.557609 402.064485 404.476072 399.996948 399.996948 405.183267 401.310830 403.511509 399.996948 405.333739 400.769531 405.065004 399.996948 399.996948 399.996948 399.996948 396.573691 399.996948 402.909599 404.508498 401.659051 404.720306 399.996948 404.983010 403.553847 399.996948 399.996948 403.515922 405.179598 405.155010 399.996948 403.152604 403.096638 399.996948 402.410665 405.648025 404.610068 403.044151 404.326022 405.568779 405.767530 401.034958 406.704336 403.058283 405.409273 404.679650 399.996948 405.364924 401.506469 403.197123 401.691832 401.780245 406.996023 399.996948 399.996948 404.026240 403.727137 403.576498 405.195631 399.996948 399.996948 399.996948 403.169239 406.022557 399.996948 403.611671 403.680130 399.996948 406.101660 399.996948 406.016835 399.996948 399.996948 399.996948 404.256903 403.870250 404.042825 404.508318 399.996948 399.996948 399.996948 397.714633 404.031636 404.211679 403.737980 401.274543 399.996948 402.021906 399.996948 399.996948 399.996948 398.645446 403.239553 405.270699 399.996948 402.003478 399.996948 391.941976 399.996948 399.996948 399.996948 401.550353 405.676735 405.173450 401.790733 399.996948 399.996948 399.996948 399.996948 399.996948 399.996948 399.996948 404.345098 401.508050 404.565501 399.996948 399.996948 401.873613 405.125544 402.072762 399.996948 399.996948 402.616690 405.034682 399.996948 399.996948 399.996948 399.996948 402.459722 405.401094 399.996948 405.107677 402.869540 405.018596 402.729472 405.391705 404.730963 399.996948 403.661019 404.336289 399.996948 403.657168 399.996948 401.848000 405.518000 399.996948 399.996948 399.996948 403.860936 399.996948 405.113877 404.074319 404.245649 399.996948 399.996948 402.410324 366.664632 402.992207 399.996948 402.071900 399.996948 399.996948 404.941744 399.996948 402.148674 399.996948 384.325354 399.996948 403.079668 395.425458 399.996948 404.308971 402.750839 402.586076 401.474907 399.996948 405.354494 404.154189 402.404383 402.693336 401.156946 404.917609 399.996948 404.836764 399.996948 399.996948 401.437846 405.517288 399.996948 399.996948 399.996948 399.996948 404.230277 399.996948 404.818221 399.996948 399.996948 399.996948 404.832620 403.396645 403.446732 339.998779 405.262774 406.105164 405.672007 402.193352 405.652606 404.981472 399.996948 403.076705 349.998474 402.990574 399.996948 402.241899 399.996948 404.494726 403.406898 402.841647 399.996948 402.977229 399.996948 399.996948 399.996948 399.996948 399.996948 405.779161 399.996948 404.990153 399.996948 404.926395 402.713846 400.936880 401.723980 399.996948 399.996948 399.996948 401.863940 403.470221 401.725194 399.996948 403.421765 403.220541 403.007501 401.633801 399.996948 402.377006 401.380197 404.327884 399.996948 403.263353 399.996948 405.911717 399.996948 399.996948 399.996948 403.193399 404.169846 404.427448 406.413912 399.996948 399.996948 400.696071 404.967369 399.996948 405.459952 400.378369 403.378274 403.678948 399.996948 405.225207 399.996948 399.996948 399.996948 404.243235 402.934944 402.128727 401.326283 404.109475 399.996948 399.996948 404.756020 399.996948 404.623202 404.509567 399.996948 403.454111 399.996948 399.996948 401.653567 399.996948 399.996948 402.879908 399.996948 399.996948 405.283136 391.764086 403.311839 399.996948 405.562133 404.557461 399.996948 406.139232 399.996948 399.996948 402.649033 405.744451 401.482427 402.533199 405.664968 405.618268 399.996948 395.373849 402.802191 405.041384 399.996948 399.996948 402.491790 407.072346 401.791006 403.951476 401.603253 403.926837 402.034366 404.091268 405.152614 399.996948 399.996948 405.273483 403.733836 399.996948 404.451052 399.996948 399.996948 405.324596 402.670294 405.710527 399.216223 403.472205 399.996948 399.996948 399.996948 404.466831 399.996948 399.996948 405.093203 404.271026 399.996948 402.025974 401.833004 405.602915 403.459247 401.095232 405.854433 399.996948 403.341322 399.996948 404.174701 402.955330 402.572800 399.996948 399.996948 399.996948 403.277416 405.084104 399.996948 401.874581 405.396778 399.996948 399.996948 399.996948 404.737222 404.708814 402.809504 401.679551 404.397893 399.996948 399.996948 399.996948 399.996948 402.964908 402.737320 399.996948 401.745916 399.996948 399.996948 399.996948 399.996948 399.996948 402.088995 402.876001 401.862075 405.552256 399.996948 399.996948 399.996948 403.102452 399.996948 394.519477 403.006169 402.469010 403.657233 399.996948 405.778941 404.421989 399.996948 399.996948 399.996948 404.814689 404.535019 399.996948 404.093302 404.251776 404.258005 399.996948 399.996948 404.125423 405.012968 403.330363 402.869620 402.884051 398.129542 403.450144 406.996629 401.233712 399.996948 404.813270 399.996948 399.996948 399.996948 399.996948 405.315844 405.341599 402.131321 402.788170 405.699164 402.712024 402.608050 399.996948 403.194256 403.684492 399.996948 404.503886 401.071186 404.273493 404.678745 405.025196 399.996948 401.679574 405.245947 399.996948 403.548036 399.996948 399.996948 404.790566 399.996948 399.996948 399.996948 399.996948 399.996948 404.427010 357.141113 405.155700 399.996948 403.889594 399.996948 402.500362 405.264203 399.996948 399.996948 399.996948 405.344233 399.996948 402.621370 399.996948 399.996948 405.175177 403.407062 404.407687 403.207637 403.381096 403.926600 405.247838 399.996948 402.027855 401.722894 403.827753 403.250053 402.654693 404.170056 401.769519 399.996948 399.996948 405.756977 403.097911 404.048111 404.638409 400.844224 399.996948 404.269741 402.489320 401.311421 399.996948 399.996948 401.070116 399.996948 404.457907 404.994647 399.996948 406.373863 404.922981 405.636090 402.886129 403.742674 399.996948 398.684840 402.478574 405.088521 399.996948 399.996948 401.459169 399.996948 399.996948 387.159166 402.909826 401.041990 399.996948 404.802935 399.186392 403.086709 402.096467 401.338918 399.996948 399.996948 399.996948 399.996948 403.156131 399.996948 401.669208 403.404608 395.829626 403.644138 399.996948 404.548177 402.314920 399.996948 403.598715 402.891001 399.996948 399.996948 405.632015 402.095422 403.037852 405.114663 403.825440 401.925168 399.996948 406.216432 401.830673 399.996948 405.400394 399.996948 399.996948 405.968827 404.719173 401.528772 404.019030 401.764403 405.472760 401.686858 402.717370 403.601816 402.779372 404.476532 405.676729 402.675567 399.996948 404.974429 402.585364 403.912122 399.996948 403.138760 403.718023 399.996948 399.996948 399.996948 399.996948 404.235773 399.996948 403.866367 402.242147 405.099362 399.996948 399.996948 403.609640 401.754470 399.996948 404.107864 401.927668 382.508761 399.996948 406.244358 404.183489 404.912224 399.996948 403.787505 399.996948 405.105422 403.554097 399.996948 399.996948 381.275362 399.996948 402.703031 402.985603 402.494570 399.996948 406.830865 404.916164 399.996948 399.996948 402.792470 399.996948 402.347597 404.649528 402.931927 402.660837 399.996948 399.996948 399.996948 404.259216 402.215884 399.996948 399.996948 402.158537 404.670901 399.996948 402.867246 399.996948 401.643350 399.996948 399.996948 399.996948 403.899603 402.410245 403.093334 404.859626 399.996948 399.996948 399.996948 399.996948 399.996948 399.996948 401.689058 404.983841 402.437394 399.996948 403.820637 404.771561 399.996948 405.152652 403.896689 400.313157 399.996948 403.747845 399.996948 402.729727 399.996948 399.996948 403.673129 404.536946 399.996948 399.996948 406.398629 404.366765 402.618935 402.543886 404.553888 405.197302 401.784674 401.511519 399.996948 405.359618 398.605085 401.683653 402.307278 399.996948 402.134371 401.511622 405.173094 401.092576 401.820027 405.310476 401.918608 405.432181 399.996948 401.906164 404.642008 402.981365 384.504100 399.996948 402.792031 396.214690 399.996948 402.879117 399.996948 399.996948 402.751723 399.996948 400.955500 404.044298 399.996948 399.996948 399.996948 405.458146 401.250563 399.996948 405.270328 404.668104 400.274669 404.936253 399.996948 399.996948 402.927736 404.946443 401.976658 402.839343 405.325374 404.231794 399.996948 401.937232 404.835348 401.699882 399.996948 405.054697 405.960665 401.914363 399.996948 402.242360 401.312828 405.284433 402.914690 405.377780 401.450080 405.339068 399.996948 401.837033 399.996948 403.799638 401.197046 402.703221 403.509129 405.203093 405.247010 395.431315 399.996948 399.996948 404.074325 374.057077 401.356434 399.996948 401.647809 400.043125 349.998474 402.968637 399.996948 401.367002 399.996948 404.890407 399.996948 401.630161 405.345243 402.177654 404.030064 399.996948 405.491431 399.996948 399.996948 402.403323 399.996948 401.318127 399.996948 399.996948 405.389484 399.996948 403.424363 403.496559 404.819804 403.515322 403.679144 399.996948 402.748009 399.996948 405.222353 399.996948 399.996948 399.996948 399.996948 399.996948 402.827809 401.859060 399.996948 401.705239 404.967528 403.115452 403.752709 399.996948 401.732036 399.996948 399.996948 403.988260 399.996948 403.403960 399.996948 399.996948 403.430423 399.996948 402.881342 401.875484 403.083887 399.996948 402.608438 399.996948 404.161362 407.149644 401.727496 403.127196 399.996948 399.996948 407.348904 400.389188 399.996948 402.397681 399.996948 399.996948 399.996948 402.942417 406.495680 399.996948 403.183747 405.010450 399.996948 399.996948 401.646310 401.071723 400.194766 405.347527 402.249098 399.996948 401.665715 404.122900 401.989007 403.934205 399.996948 403.217885 399.996948 401.618686 401.680095 399.996948 399.996948 399.996948 399.996948 399.996948 404.309497 399.996948 399.996948 405.042595 405.382160 399.996948 401.562214 401.950500 405.459143 403.008309 403.357097 399.996948 401.576069 403.847311 403.333045 405.270653 398.633544 402.440570 399.996948 399.996948 404.571510 399.996948 403.533279 399.996948 399.996948 399.996948 404.510513 404.338779 399.996948 399.996948 403.041549 404.881242 372.178024 399.996948 402.015532 407.871817 401.889785 399.996948 399.996948 399.996948 402.619818 403.276128 402.940325 403.412212 399.996948 402.479115 397.704675 399.996948 403.145448 399.996948 399.996948 402.534916 401.814537 399.996948 402.543990 403.846464 403.555072 405.640192 401.591483 404.857020 399.996948 405.375023 403.191589 403.167791 399.996948 399.996948 399.996948 402.452836 399.996948 399.996948 399.996948 405.291513 399.996948 399.996948 402.013488 405.765720 403.943181 399.996948 404.705605 404.394166 402.176003 399.996948 399.996948 404.237250 405.071762 399.996948 405.968302 399.996948 404.658408 399.996948 405.263942 399.996948 403.107543 394.998001 399.996948 404.025720 399.996948 401.450470 406.260589 405.369051 399.996948 404.925183 405.273891 397.671215 339.998779 405.165968 401.309930 402.328428 404.842866 400.986575 402.140149 399.996948 399.996948 403.848643 403.519494 405.536949 399.996948 399.996948 399.996948 399.996948 399.996948 399.996948 403.046522 399.996948 401.461053 401.756619 401.564160 399.996948 402.711550 399.996948 399.996948 405.458929 402.933118 399.996948 402.344797 399.996948 401.704366 399.996948 403.400661 402.724081 399.996948 402.721850 403.706518 401.797121 399.996948 405.402621 401.842955 404.119003 399.996948 399.996948 399.996948 404.637664 402.363046 399.996948 399.996948 399.996948 404.878718 399.996948 403.850993 403.686541 404.045238 403.274924 402.189305 403.594463 404.126127 403.624007 399.996948 399.996948 403.113372 399.996948 399.996948 399.996948 403.382799 402.832068 399.996948 403.139844 401.882669 399.996948 399.996948 399.996948 405.517343 399.996948 404.994161 404.982909 403.851363 405.102043 399.996948 404.417950 399.996948 404.905550 399.996948 402.879259 402.257959 404.480216 399.996948 405.142086 399.996948 401.377571 405.529837 405.458080 403.799191 402.304523 404.550857 402.383146 405.031752 402.407863 399.996948 393.358982 399.996948 404.733662 400.749086 405.216573 399.996948 399.996948 402.569000 403.518615 403.536788 399.996948 405.006829 402.904279 405.266354 399.996948 399.996948 399.996948 399.996948 399.996948 404.933652 399.996948 399.996948 405.072656 402.886381 399.996948 399.996948 404.662462 399.996948 401.817117 403.490811 404.413424 404.266599 399.996948 405.001992 399.996948 401.747127 399.996948 405.325260 402.073396 401.817427 399.996948 404.035397 399.996948 399.996948 403.571882 399.996948 403.650102 403.274639 399.996948 399.996948 399.996948 402.354633 404.313742 404.087237 399.996948 401.731512 399.996948 402.329026 399.996948 399.996948 399.996948 399.996948 404.054792 399.996948 404.917939 403.756638 405.551965 401.762968 402.633168 399.996948 403.099858 401.217708 403.174551 399.996948 399.996948 399.996948 405.097944 399.996948 404.600480 400.644849 403.515494 402.515479 402.962600 405.090970 399.996948 399.996948 399.996948 396.624751 399.996948 399.996948 401.420162 399.996948 402.989424 404.072102 401.495314 401.672392 399.996948 404.450826 388.432086 399.996948 406.094941 402.986464 399.996948 399.996948 399.996948 399.996948 404.421902 399.996948 399.996948 401.083870 404.753912 404.277212 384.025397 399.996948 403.497324 404.935733 399.996948 399.996948 404.538800 397.550534 399.996948 405.696271 399.996948 404.112357 399.996948 399.996948 405.267644 399.996948 399.996948 404.724864 406.643137 399.996948 396.065330 399.996948 399.996948 405.488577 405.462162 403.281547 399.996948 405.000993 399.996948 404.802217 405.661102 403.310850 402.704073 403.696318 403.693459 399.996948 399.996948 402.517836 405.797699 403.266352 399.996948 399.996948 403.181240 403.337739 401.974146 399.974147 399.996948 401.778579 399.996948 405.246365 399.996948 401.692818 405.306507 405.615169 401.272709 399.996948 391.818721 402.212005 402.366721 399.996948 403.660074 401.547535 404.807443 401.547901 404.322486 399.996948 399.996948 399.996948 402.518529 404.907476 399.996948 399.996948 402.922752 402.042933 403.971550 401.763224 401.593537 399.996948 399.996948 399.996948 399.996948 404.540537 406.802439 399.996948 402.950908 405.223707 399.996948 399.996948 399.996948 403.719315 399.996948 399.996948 402.871165 399.996948 399.996948 399.996948 403.148933 404.021915 402.452361 404.535164 399.996948 399.996948 388.622917 404.867911 399.996948 402.837584 399.996948 405.649849 399.996948 401.954278 399.996948 403.770304 401.706470 400.737577 399.996948 399.996948 403.625519 403.238710 399.996948 399.996948 403.943008 404.259618 404.389013 401.307463 403.608101 401.526104 403.998923 406.103724 406.902990 404.747814 399.996948 403.306334 402.120602 403.389111 399.996948 399.996948 399.996948 399.996948 399.996948 399.996948 404.714200 399.996948 405.743937 405.956302 399.996948 404.425326 399.996948 405.540992 399.996948 399.996948 403.422325 399.996948 404.461121 399.996948 404.935782 399.996948 401.213585 399.996948 399.996948 399.851282 403.687028 399.996948 399.996948 399.996948 401.522593 399.996948 399.996948 406.221595 403.751610 399.996948 399.996948 399.996948 399.996948 405.881312 404.114446 405.016878 403.444122 403.682060 399.996948 404.864298 399.996948 402.751595 405.244461 402.696290 401.624460 401.492527 399.996948 399.996948 404.102687 401.722694 404.970450 401.790078 402.015374 404.120983 399.996948 404.632779 399.996948 399.996948 405.278371 399.996948 401.672132 403.186287 399.996948 400.607344 399.996948 404.586303 399.996948 399.996948 404.448749 399.996948 399.996948 404.876969 401.910085 403.673409 399.996948 404.731407 399.996948 401.662060 403.079125 404.035006 404.923161 399.996948 405.073144 399.996948 401.819413 404.496697 399.996948 399.996948 399.996948 399.996948 399.996948 393.177563 401.197182 399.996948 403.036002 404.088104 401.549346 405.014473 399.996948 399.996948 404.969377 401.805498 399.996948 402.735156 399.996948 399.996948 404.797374 404.040833 406.219263 402.952450 399.996948 399.996948 397.479196 401.569665 399.996948 404.479823 405.158054 405.243523 403.720729 400.930559 401.036580 399.996948 399.996948 403.230524 403.406772 401.499231 401.374595 405.026268 399.996948 399.996948 399.996948 389.808178 404.719558 401.411583 403.408274 399.996948 399.996948 399.996948 404.287591 400.693213 399.996948 404.479893 399.996948 399.996948 405.056433 402.733627 399.996948 403.274835 399.996948 404.852144 405.190918 403.792669 399.996948 399.996948 399.996948 399.996948 399.996948 404.615409 404.104593 404.192525 402.473354 402.371292 402.515906 399.996948 402.033989 405.517758 402.256834 404.967717 404.932555 399.996948 399.996948 399.996948 399.996948 399.996948 405.120678 399.996948 399.996948 402.781594 403.642970 399.996948 403.098505 403.985212 403.534426 405.492653 402.463134 401.580126 401.344281 404.698629 403.656026 399.996948 400.357313 405.825263 403.630812 403.530269 399.996948 406.019214 406.020958 399.996948 404.298332 399.996948 404.184075 402.018093 399.996948 399.996948 404.007830 401.839799 390.339529 403.202083 404.214285 404.776176 405.554964 402.462643 402.225029 399.996948 399.996948 402.941662 402.744887 404.491174 399.996948 399.996948 405.115920 399.996948 400.841431 404.815422 401.635122 401.004336 402.507660 401.986298 394.671318 404.491604 399.996948 401.223456 405.959130 404.895884 399.996948 400.451736 402.909130 405.200293 405.158672 404.726978 403.996916 405.871852 399.996948 401.708360 404.107576 405.119946 403.035566 404.714134 399.996948 399.996948 397.859945 399.996948 403.937138 405.143383 399.996948 399.996948 399.996948 406.037924 405.369324 399.996948 399.996948 406.743075 399.996948 405.312037 399.996948 404.999868 402.746136 407.724861 399.996948 399.996948 402.823508 403.338720 399.996948 399.996948 403.521213 402.200017 399.996948 404.405366 399.996948 404.310339 401.055722 405.375653 399.996948 401.808193 403.481662 403.017551 405.399162 401.497101 405.888971 402.775613 399.996948 403.054767 404.140407 401.729115 401.532933 404.605494 406.570539 405.057052 399.996948 401.435384 399.996948 404.100218 405.034490 403.606155 399.996948 399.996948 399.996948 405.402201 399.996948 403.895162 407.404791 401.122792 401.373593 399.996948 401.574260 405.376570 399.263813 402.706243 407.488215 404.416496 404.377236 402.147085 405.127334 399.996948 404.920998 399.996948 402.922434 404.455266 401.685037 401.173937 399.996948 399.996948 405.026079 403.662574 403.684535 402.521974 399.996948 399.996948 401.674045 403.984403 405.005903 399.996948 403.033201 403.328312 399.577853 407.934766 401.457800 404.647418 404.595066 399.996948 399.996948 404.968354 404.483615 401.722913 399.996948 404.773668 399.996948 399.996948 404.339594 399.996948 401.509174 401.451015 403.542740 404.525043 391.521232 402.270665 405.162179 402.068607 403.928502 405.488503 339.998779 404.087318 404.030591 402.637133 399.996948 405.209966 399.996948 404.374105 404.085436 399.996948 399.996948 399.996948 399.996948 404.075495 399.996948 402.875207 399.996948 366.664632 404.803351 399.996948 402.036810 399.996948 399.996948 399.996948 403.853273 404.619206 386.848573 399.996948 402.220139 406.144480 402.463154 403.322869 404.190506 399.996948 399.996948 399.996948 399.996948 402.763098 404.526861 399.996948 399.996948 402.556707 404.667722 405.217649 404.843474 399.996948 403.544534 395.255200 399.996948 404.112332 403.133883 404.710659 399.996948 404.213776 403.519257 404.937194 398.587567 399.996948 403.228631 399.996948 399.996948 399.996948 401.327421 404.703752 405.641023 401.441415 402.872378 399.996948 399.996948 403.746124 402.715464 399.996948 405.104643 399.996948 399.996948 405.365783 399.996948 399.996948 399.996948 400.410006 399.996948 399.996948 402.283284 397.302341 402.261123 404.529759 404.641490 399.996948 399.996948 399.996948 399.996948 403.464205 399.996948 399.996948 399.996948 399.996948 403.367160 405.368106 404.659417 402.476440 398.746943 401.497974 405.164664 403.128562 399.996948 399.996948 403.347983 399.996948 399.996948 401.489082 399.996948 404.137289 399.996948 395.016312 405.661345 399.996948 399.996948 399.996948 403.442580 399.996948 399.996948 399.996948 401.642526 399.996948 405.150788 405.691955 403.338507 399.996948 399.996948 399.996948 399.996948 399.996948 403.340953 403.743234 402.460112 403.536936 399.996948 405.933297 399.996948 403.524739 405.259681 403.187719 403.173807 401.703259 399.996948 399.996948 404.652711 404.595689 403.578799 402.206082 401.187287 403.510597 405.555988 401.315386 402.199064 399.996948 399.996948 399.996948 401.666283 402.759229 399.996948 404.943863 402.331832 406.342722 402.582885 402.544817 399.996948 405.899588 403.593802 401.354951 403.217734 399.996948 401.790838 406.555947 403.103152 399.996948 402.935788 404.163326 399.996948 404.054922 399.996948 403.363201 403.497744 399.996948 399.996948 404.393866 402.144438 402.849161 399.996948 399.996948 399.996948 399.996948 399.996948 399.996948 404.366336 405.021294 403.052165 399.996948 402.695004 399.996948 405.320790 401.926980 404.457897 401.523417 399.996948 402.647177 399.996948 399.996948 399.996948 404.383061 405.285108 406.197313 398.856182 399.996948 399.996948 404.759926 403.320850 404.072105 403.232907 403.977331 399.996948 399.996948 399.996948 402.072588 399.996948 404.311536 399.996948 399.996948 405.366444 406.914971 399.996948 405.299003 407.601266 401.047293 403.126117 399.996948 402.526456 400.680297 399.996948 399.996948 399.996948 405.243712 399.996948 399.996948 399.996948 
        </DataArray>
      </PointData>
    </Piece>
  </UnstructuredGrid>
</VTKFile>
