<?xml version="1.0"?>
<VTKFile type="UnstructuredGrid" version="0.1" byte_order="LittleEndian">
  <UnstructuredGrid>
    <Piece NumberOfPoints="2181" NumberOfCells="8160">
      <Points>
        <DataArray type="Float64" NumberOfComponents="3" format="ascii">
          0.232059 0.200000 0.081411
          0.249996 0.160632 0.0
          0.0 0.118162 0.204545
          0.385862 0.0 0.118136
          0.129962 0.100000 0.129962
          0.401431 0.049602 0.818679
          0.451744 0.0 0.316586
          0.356483 0.200000 0.844813
          0.356290 0.200000 0.798972
          0.522870 0.065589 0.043605
          1.000000 0.039415 0.886426
          0.116875 0.200000 0.153240
          0.798814 0.0 0.197416
          0.244080 0.0 0.354431
          0.0 0.120000 1.000000
          0.227273 0.200000 0.0
          0.0 0.160000 1.000000
          0.446568 0.151925 0.311816
          0.835727 0.200000 0.930318
          1.000000 0.200000 0.681818
          0.792775 0.200000 0.816662
          0.491850 0.155426 0.887129
          0.873741 0.148267 0.519805
          0.333936 0.056712 0.565434
          0.553760 0.200000 0.495838
          0.311841 0.0 0.631797
          0.542716 0.0 0.554366
          1.000000 0.131219 0.545343
          0.550466 0.200000 0.080041
          0.277430 0.200000 0.568799
          0.933285 0.200000 0.176276
          0.522392 0.039222 1.000000
          0.272698 0.121549 0.0
          0.473403 0.100130 0.795689
          0.315933 0.200000 0.081154
          0.528241 0.156587 0.543728
          0.358291 0.0 0.315551
          0.659277 0.065461 0.937014
          0.081446 0.0 0.446580
          0.431843 0.039355 1.000000
          0.457537 0.155057 0.240107
          0.568901 0.0 0.197753
          0.555547 0.200000 0.637666
          0.750397 0.0 0.516249
          0.545913 0.056384 0.184478
          0.775467 0.063391 0.131283
          0.820397 0.0 0.078632
          0.335698 0.0 0.276009
          1.000000 0.078465 0.863781
          0.293962 0.032831 0.0
          0.659733 0.0 0.039241
          0.913534 0.0 0.157626
          0.425311 0.050335 0.540211
          0.963920 0.200000 0.156085
          0.704520 0.118056 1.000000
          0.890296 0.0 0.197951
          0.475565 0.081648 0.383593
          0.809037 0.116149 0.085677
          1.000000 0.167865 0.704540
          0.376450 0.0 0.830279
          0.591776 0.053312 0.118331
          0.769956 0.0 0.793630
          0.545575 0.0 0.0
          0.404734 0.0 0.316052
          0.408833 0.0 0.078767
          0.564008 0.0 0.752238
          0.725663 0.140806 0.937043
          0.596474 0.200000 0.793868
          0.257541 0.138880 0.059514
          0.077519 0.122865 0.077483
          0.093898 0.047366 0.419533
          0.380258 0.0 0.751403
          0.356462 0.200000 0.753138
          1.000000 0.200000 0.136364
          0.674196 0.200000 0.748944
          1.000000 0.160645 0.295430
          0.221786 0.155458 0.665133
          0.392221 0.200000 0.132073
          0.289877 0.0 0.275847
          0.727273 0.121566 0.0
          0.427946 0.058205 0.250108
          0.917257 0.140385 0.441875
          0.863781 0.121531 0.0
          0.590909 0.200000 0.068451
          0.515851 0.200000 0.566759
          1.000000 0.200000 0.227273
          0.671367 0.200000 0.379914
          0.151260 0.070544 0.644456
          1.000000 0.039345 0.659184
          0.107363 0.0 0.116507
          0.506873 0.150714 0.049934
          0.778236 0.141425 0.425984
          0.0 0.121560 0.293609
          0.727273 0.200000 0.0
          0.557166 0.055157 0.684453
          0.113636 0.200000 0.972131
          0.481563 0.200000 0.079338
          0.888376 0.0 0.959734
          0.682062 0.0 0.0
          0.0 0.160668 0.750189
          0.329943 0.154964 0.798961
          0.357346 0.053591 0.432802
          0.844740 0.066027 0.303507
          0.338710 0.141218 0.443868
          1.000000 0.0 0.772727
          0.773536 0.0 0.476350
          0.636228 0.200000 0.918556
          0.0 0.121563 0.706385
          0.591456 0.0 0.476391
          0.463539 0.136884 0.568165
          0.290553 0.100155 0.776096
          0.959323 0.0 0.795488
          1.000000 0.200000 0.863636
          0.427583 0.200000 0.041920
          0.867704 0.200000 0.545160
          0.684613 0.050897 0.429478
          0.915744 0.200000 0.833299
          0.687316 0.100405 0.771841
          0.746076 0.047599 0.649418
          0.583083 0.129693 0.680969
          0.0 0.039355 0.295430
          0.970970 0.0 0.202548
          0.564661 0.0 0.830785
          0.723569 0.156276 0.105986
          0.039395 0.200000 0.568425
          0.591153 0.0 0.0
          0.144788 0.143112 0.614713
          0.454545 0.200000 1.000000
          0.866876 0.0 0.079008
          0.0 0.120522 0.0
          0.965432 0.200000 0.111609
          0.038480 0.0 0.525985
          0.183608 0.144170 0.314989
          0.0 0.080000 1.000000
          0.264081 0.0 0.868082
          0.800943 0.0 0.959359
          0.503373 0.154454 0.638246
          0.335929 0.046383 0.0
          0.498216 0.0 0.475565
          0.591828 0.0 0.157972
          0.790798 0.058441 0.334939
          0.722125 0.0 0.952360
          0.380406 0.045936 0.697967
          0.0 0.160591 0.431674
          0.903163 0.200000 0.107374
          0.064063 0.0 0.115517
          0.0 0.167899 0.204421
          0.516946 0.200000 0.794785
          0.872952 0.200000 0.723070
          0.153240 0.0 0.116875
          0.867647 0.0 0.316818
          0.591922 0.0 0.237515
          0.198831 0.0 0.275249
          0.635057 0.128397 0.730451
          0.711878 0.200000 0.494411
          0.118271 0.200000 0.431525
          0.540652 0.0 0.792157
          0.311285 0.099352 0.525743
          0.541021 0.0 0.712201
          0.237236 0.200000 0.451253
          1.000000 0.161887 0.524219
          0.864339 0.137219 0.932547
          0.132068 0.0 0.392212
          0.511958 0.200000 0.151584
          0.454545 0.200000 0.0
          0.750034 0.065522 0.936031
          0.0 0.115227 0.750103
          0.045420 0.0 0.0
          0.475564 0.200000 0.498203
          0.333886 0.056011 0.777430
          0.436596 0.200000 0.933340
          0.608573 0.104985 0.863396
          0.845963 0.151995 0.677516
          0.522895 0.0 0.197699
          0.775623 0.0 0.157800
          0.131095 0.157009 0.821574
          0.315095 0.200000 0.267008
          0.328146 0.154966 0.244198
          1.000000 0.037752 0.113636
          0.790400 0.200000 0.265422
          0.616254 0.118903 1.000000
          0.235317 0.200000 0.130996
          0.060812 0.061570 0.378469
          0.090909 0.200000 1.000000
          0.632848 0.057430 0.757177
          0.057757 0.142625 0.829175
          0.0 0.039354 0.749979
          1.000000 0.200000 0.727273
          0.144641 0.052657 0.946307
          0.095242 0.154656 0.608760
          1.000000 0.121498 0.181847
          0.292258 0.0 0.117145
          0.0 0.123364 0.926842
          0.047577 0.153117 0.048523
          0.436718 0.200000 0.751788
          0.752238 0.200000 0.564008
          0.730159 0.0 0.396340
          1.000000 0.120000 1.000000
          0.354831 0.200000 0.335164
          0.157732 0.200000 0.683560
          0.383855 0.200000 0.039164
          0.195978 0.200000 0.153195
          0.358536 0.059057 0.289185
          0.0 0.110837 0.159297
          0.844584 0.0 0.118013
          0.317099 0.200000 0.499676
          0.591708 0.200000 0.334057
          0.768851 0.099922 0.581439
          0.0 0.200000 0.090841
          0.879544 0.0 0.915352
          0.156686 0.200000 0.268701
          0.891563 0.0 0.674710
          0.316726 0.128706 1.000000
          0.798451 0.0 0.118056
          0.706858 0.057945 0.232701
          0.681818 0.200000 1.000000
          0.941869 0.144408 0.868014
          0.798904 0.0 0.277110
          0.380081 0.0 0.434042
          0.401703 0.0 0.552578
          0.317137 0.200000 0.730031
          1.000000 0.118356 0.398750
          0.422412 0.0 0.836524
          0.833299 0.0 0.915744
          0.221954 0.099881 0.656855
          0.775863 0.0 0.237364
          0.750001 0.039370 1.000000
          0.599794 0.063858 0.498032
          0.159091 0.039365 1.000000
          0.357160 0.200000 0.568980
          0.0 0.200000 0.591153
          0.379527 0.136674 0.154333
          0.552027 0.145145 0.472274
          0.155018 0.200000 0.087251
          0.359000 0.0 0.236461
          0.954545 0.200000 1.000000
          0.843741 0.055953 0.065916
          0.860195 0.0 0.874679
          0.157500 0.200000 0.362716
          0.972131 0.0 0.113636
          0.748124 0.041310 0.700966
          0.302214 0.101339 0.105350
          0.039344 0.200000 0.751073
          0.614917 0.0 0.277419
          0.314634 0.200000 0.175896
          0.937499 0.134308 0.113253
          0.156394 0.200000 0.222094
          0.685084 0.0 0.475750
          0.495093 0.044021 0.765389
          0.615719 0.0 0.437028
          0.952532 0.089425 0.659428
          0.053950 0.055520 0.118067
          0.106477 0.0 0.591139
          0.157990 0.200000 0.499994
          0.380753 0.0 0.355191
          0.619403 0.046518 0.333207
          0.930729 0.200000 0.963672
          0.615450 0.161648 0.0
          0.334555 0.061767 0.645240
          0.268258 0.042495 0.209439
          0.420675 0.136308 0.357456
          0.926842 0.076636 0.0
          0.318182 0.078758 1.000000
          0.757665 0.062282 0.873260
          0.915797 0.200000 0.788585
          0.144388 0.156796 0.890597
          0.884788 0.142014 0.608604
          0.840909 0.200000 0.968637
          0.829839 0.200000 0.518491
          0.265838 0.0 0.711111
          0.678996 0.0 0.713931
          0.265987 0.0 0.631614
          0.340603 0.161155 1.000000
          0.389204 0.0 0.864021
          0.411045 0.079996 1.000000
          0.614847 0.060365 0.171138
          0.316051 0.200000 0.404732
          0.173547 0.0 0.868163
          0.660580 0.156314 0.587684
          0.223982 0.131478 0.798811
          0.912602 0.200000 0.069300
          0.157054 0.0 0.038305
          0.936888 0.200000 0.523787
          0.591727 0.200000 0.243043
          0.740389 0.136697 0.817542
          0.864021 0.200000 0.389204
          1.000000 0.200000 0.636364
          0.528308 0.137267 0.590583
          0.0 0.167169 0.293962
          0.354597 0.200000 0.108960
          0.208095 0.040584 1.000000
          0.872462 0.200000 0.677097
          0.197648 0.082085 1.000000
          0.118015 0.200000 0.844579
          0.886801 0.161246 1.000000
          0.340909 0.039106 1.000000
          0.792391 0.0 0.833803
          0.311328 0.0 0.552048
          0.530816 0.150148 0.683266
          0.522727 0.200000 0.969767
          0.477273 0.160635 0.0
          0.638451 0.0 0.476421
          0.232402 0.142428 0.244715
          1.000000 0.120020 0.316230
          0.189196 0.200000 0.071603
          0.840940 0.160642 0.0
          0.661839 0.100069 0.540890
          0.974738 0.200000 0.250000
          0.034603 0.0 0.931082
          0.0 0.200000 0.408847
          0.117907 0.200000 0.890442
          0.973064 0.200000 0.523385
          0.592715 0.200000 0.470773
          0.933937 0.165546 0.0
          0.959359 0.200000 0.800943
          0.681818 0.200000 0.0
          0.863238 0.055153 0.531728
          0.0 0.200000 0.181682
          1.000000 0.0 0.045455
          0.288644 0.043627 0.538604
          0.433626 0.200000 0.334591
          0.541107 0.059161 0.738769
          0.772681 0.121539 0.0
          0.512442 0.200000 0.333979
          0.0 0.200000 0.682062
          0.803574 0.059662 0.949076
          0.173756 0.099693 0.842031
          0.171079 0.124637 0.477060
          0.395924 0.200000 0.775212
          0.637581 0.117652 0.0
          0.288957 0.056669 0.486006
          0.436914 0.200000 0.568481
          0.108748 0.047594 0.090091
          0.544133 0.045516 0.506823
          0.957130 0.200000 0.614906
          0.201074 0.043046 0.065091
          0.636364 0.0 1.000000
          0.317313 0.200000 0.591896
          0.295455 0.200000 0.960635
          0.077867 0.200000 0.913252
          1.000000 0.078406 0.681953
          0.078767 0.200000 0.408834
          0.868150 0.200000 0.173524
          0.651078 0.100000 0.651078
          1.000000 0.0 0.409091
          0.864371 0.122548 1.000000
          0.898435 0.100158 0.853013
          0.749979 0.160646 0.0
          0.409091 0.200000 1.000000
          0.923724 0.089013 0.925168
          0.0 0.082215 0.362379
          0.926257 0.200000 0.421372
          0.523787 0.0 0.936888
          0.777323 0.100264 0.288390
          0.469310 0.061072 0.061178
          0.150458 0.0 0.906350
          0.725142 0.130853 0.517625
          0.039211 0.064975 1.000000
          0.204421 0.032101 0.0
          0.227099 0.0 0.0
          0.969555 0.171900 1.000000
          0.638170 0.0 0.317360
          0.709450 0.200000 0.958333
          0.558115 0.141207 0.257075
          0.0 0.200000 0.727477
          0.672933 0.200000 0.844200
          0.672134 0.200000 0.107059
          0.396627 0.200000 0.867094
          0.907372 0.200000 0.558989
          0.116657 0.200000 0.245340
          0.910444 0.0 0.478633
          0.383133 0.101187 0.844102
          0.0 0.200000 0.500000
          0.863741 0.0 0.0
          0.713431 0.200000 0.818338
          0.834330 0.200000 0.884126
          0.874218 0.200000 0.814507
          0.568790 0.0 0.118364
          0.890353 0.098677 0.086815
          0.671570 0.200000 0.425012
          0.633130 0.200000 0.079696
          0.0 0.160265 0.0
          1.000000 0.200000 0.818182
          0.151340 0.0 0.591450
          0.788585 0.0 0.915797
          0.753422 0.200000 0.793930
          0.740343 0.156147 0.678753
          0.522805 0.0 0.277363
          0.237553 0.200000 0.545890
          1.000000 0.040000 1.000000
          0.673674 0.200000 0.610780
          0.029893 0.028143 1.000000
          0.266302 0.0 0.472785
          0.267879 0.136450 0.643221
          0.384530 0.161946 1.000000
          0.674710 0.200000 0.891563
          1.000000 0.038997 0.386972
          0.157013 0.200000 0.040547
          0.875342 0.200000 0.906040
          0.955886 0.0 0.881082
          0.517998 0.0 0.751877
          0.636637 0.0 0.0
          0.175938 0.0 0.393249
          0.927369 0.0 0.360810
          0.302298 0.153767 0.335587
          0.737278 0.122306 0.220257
          0.647510 0.100143 0.338617
          1.000000 0.037999 0.296888
          0.636364 0.200000 1.000000
          0.443852 0.099092 0.686235
          0.578391 0.137766 0.356720
          0.582706 0.046405 0.768141
          0.272727 0.0 1.000000
          0.0 0.039358 0.840940
          0.892594 0.101118 0.264263
          0.037958 0.200000 0.929776
          0.157558 0.200000 0.821711
          0.714142 0.200000 0.724807
          0.256409 0.141159 0.122540
          0.545455 0.0 1.000000
          0.237429 0.200000 0.499973
          0.0 0.078451 0.272698
          0.078604 0.200000 0.682863
          0.272523 0.0 0.0
          0.958055 0.0 0.391568
          0.204525 0.160646 1.000000
          0.822587 0.200000 0.070264
          0.454546 0.078431 1.000000
          0.157659 0.200000 0.775614
          0.513560 0.200000 0.425481
          0.886450 0.037757 0.0
          0.0 0.172093 0.029743
          0.671634 0.200000 0.334802
          0.775991 0.0 0.317032
          0.774529 0.0 0.078792
          1.000000 0.028143 0.029893
          0.450435 0.156977 0.774500
          0.332224 0.088265 0.0
          0.169581 0.130677 0.245316
          0.174236 0.0 0.789773
          0.631472 0.200000 0.401986
          0.039365 0.0 0.568182
          0.832525 0.200000 0.654673
          0.0 0.038036 0.384514
          0.333979 0.0 0.512442
          0.918894 0.200000 0.653298
          0.518639 0.200000 0.886258
          0.610572 0.066481 0.700063
          0.174293 0.0 0.631272
          0.197273 0.200000 0.844683
          0.033023 0.200000 0.033014
          0.129926 0.054159 0.525901
          1.000000 0.200000 1.000000
          0.198032 0.0 0.432862
          0.929658 0.200000 0.217265
          0.0 0.0 1.000000
          0.198527 0.072711 0.921956
          0.970113 0.028149 0.0
          0.792597 0.200000 0.863017
          0.221541 0.046463 0.288554
          0.090909 0.122851 1.000000
          0.058753 0.137175 0.269022
          0.408731 0.099400 0.105094
          0.524219 0.161887 1.000000
          0.704570 0.160645 0.0
          0.658098 0.154381 0.265995
          0.0 0.039365 0.113636
          0.500000 0.0 1.000000
          0.638869 0.0 0.397159
          0.081148 0.0 0.315920
          0.556863 0.145810 0.635893
          0.789487 0.056520 0.619022
          0.045455 0.0 1.000000
          0.656213 0.042074 0.700589
          0.518120 0.200000 0.705829
          0.700063 0.133281 0.610572
          0.501564 0.122621 0.449616
          0.451598 0.133432 0.729358
          0.386693 0.039268 1.000000
          0.197571 0.200000 0.706760
          0.637747 0.041523 0.105225
          0.476695 0.115620 1.000000
          0.116936 0.146026 0.268798
          0.551621 0.200000 0.128508
          1.000000 0.0 0.681818
          0.966725 0.0 0.966725
          0.048583 0.081406 0.950411
          0.477252 0.039354 1.000000
          0.303492 0.136993 0.844726
          0.958536 0.0 0.244434
          0.159116 0.160645 1.000000
          0.516005 0.200000 0.614486
          0.656444 0.0 0.674188
          0.729853 0.0 0.237451
          0.499289 0.0 0.396504
          0.453432 0.045016 0.184346
          0.039260 0.200000 0.659657
          0.727477 0.0 0.0
          0.569255 0.0 0.357367
          0.770633 0.141848 0.872416
          0.0 0.200000 0.045420
          0.841759 0.0 0.752265
          0.303809 0.154944 0.752983
          0.251998 0.040431 1.000000
          0.0 0.082348 0.637581
          0.453291 0.099661 0.208444
          0.793868 0.0 0.596474
          0.090050 0.083864 0.914795
          0.052527 0.152333 0.636932
          0.500000 0.200000 0.0
          0.700966 0.154275 0.748124
          0.450869 0.055055 0.447833
          0.156912 0.200000 0.315683
          0.909851 0.200000 0.378276
          0.595737 0.200000 0.657764
          0.842863 0.159339 1.000000
          0.462042 0.063787 0.731300
          0.073789 0.200000 0.959751
          0.379288 0.0 0.591869
          0.245036 0.0 0.196284
          0.369612 0.135344 0.498799
          0.568543 0.0 0.436880
          0.727285 0.0 0.555780
          0.102429 0.046585 0.248637
          0.544778 0.0 0.476227
          0.316884 0.200000 0.821843
          0.431674 0.039409 0.0
          0.523385 0.0 0.973064
          0.304058 0.113390 0.614961
          0.088767 0.086697 0.810454
          0.431524 0.0 0.118271
          0.818338 0.0 0.713431
          1.000000 0.081205 0.292907
          0.073252 0.076791 0.0
          0.631404 0.200000 0.220120
          0.500027 0.0 0.157989
          0.704554 0.039365 1.000000
          0.404892 0.0 0.236787
          0.107374 0.0 0.903163
          0.749971 0.200000 0.106106
          0.431818 0.200000 0.970392
          0.0 0.039301 0.159054
          1.000000 0.200000 0.318182
          1.000000 0.120000 0.0
          0.833734 0.200000 0.838483
          0.354577 0.200000 0.289627
          0.694798 0.061843 0.057870
          0.180562 0.048923 0.416638
          0.0 0.039365 0.795455
          1.000000 0.040000 0.0
          0.874679 0.200000 0.860195
          0.371035 0.153110 0.352708
          0.204487 0.114140 0.084917
          0.631253 0.0 0.871981
          0.117164 0.200000 0.199527
          0.0 0.078565 0.135858
          0.471683 0.0 0.831588
          0.816337 0.077410 1.000000
          0.454545 0.0 1.000000
          0.455589 0.0 0.934958
          0.840602 0.089144 0.0
          0.109303 0.0 0.194962
          0.165770 0.055673 0.123055
          0.197418 0.200000 0.798761
          0.410429 0.156000 0.615747
          0.614486 0.0 0.515976
          0.925990 0.0 0.594082
          0.151588 0.068800 0.776429
          0.803484 0.139650 0.242558
          0.130856 0.136896 0.775271
          0.370531 0.132672 0.638404
          0.706852 0.100036 0.890096
          0.060340 0.060068 0.696980
          0.734287 0.154445 0.260275
          1.000000 0.118056 0.704520
          0.236120 0.200000 0.267589
          0.517165 0.0 0.671986
          0.219868 0.0 0.790101
          0.595195 0.200000 0.841210
          0.311819 0.040615 0.446569
          0.796421 0.0 0.039011
          0.096734 0.0 0.934562
          0.402920 0.0 0.791176
          0.150843 0.056555 0.880510
          0.477161 0.0 0.118387
          0.334536 0.146956 0.119677
          0.0 0.084684 0.567605
          0.0 0.200000 0.227099
          0.795519 0.032104 0.0
          0.751150 0.200000 0.334374
          1.000000 0.0 0.227273
          0.512297 0.200000 0.243372
          0.334802 0.0 0.671634
          0.157628 0.200000 0.729500
          0.909719 0.0 0.794429
          0.614922 0.0 0.197656
          0.128183 0.0 0.868084
          0.564630 0.088218 0.621128
          0.944778 0.142663 0.942354
          0.580985 0.150878 0.541865
          0.149990 0.062373 0.459607
          0.087251 0.0 0.155018
          0.196284 0.200000 0.245036
          0.798963 0.159426 1.000000
          0.966528 0.200000 0.432746
          0.249698 0.160861 1.000000
          0.844185 0.0 0.959477
          0.590909 0.200000 1.000000
          0.958720 0.200000 0.890582
          0.683873 0.0 0.237501
          0.0 0.037919 0.430403
          0.176135 0.0 0.156286
          0.676670 0.200000 0.070675
          0.552423 0.062782 0.935291
          0.105095 0.100581 0.408732
          0.227273 0.200000 1.000000
          0.750142 0.200000 0.151690
          0.607742 0.0 0.911316
          0.711222 0.070831 0.489290
          0.631174 0.200000 0.128283
          0.934790 0.066213 0.142578
          0.729196 0.0 0.078656
          0.711309 0.200000 0.311678
          0.408731 0.045992 0.105094
          0.384546 0.041480 0.0
          0.594882 0.200000 0.612003
          0.245340 0.0 0.116657
          0.380340 0.146381 0.407217
          0.899814 0.200000 0.455915
          0.454245 0.0 0.157779
          0.704676 0.047105 0.888792
          0.272727 0.200000 0.929325
          0.792649 0.200000 0.632472
          0.558202 0.200000 0.862720
          0.430403 0.162081 0.0
          0.038446 0.200000 0.248858
          0.473674 0.200000 0.402301
          0.057135 0.060590 0.758432
          0.393317 0.200000 0.175931
          0.0 0.039368 0.249996
          0.034087 0.060241 0.0
          0.910728 0.0 0.396755
          0.636982 0.088681 0.088265
          0.545740 0.0 0.078868
          0.311600 0.0 0.472762
          0.130290 0.0 0.156262
          0.372937 0.054160 0.876212
          0.039390 0.200000 0.842315
          0.683630 0.122369 0.0
          0.605710 0.060948 0.949764
          0.866962 0.0 0.712859
          0.886883 0.145204 0.347993
          1.000000 0.077644 0.410879
          0.449617 0.084387 0.501564
          0.612416 0.128490 0.278571
          0.421372 0.0 0.926257
          0.512056 0.200000 0.197437
          0.343177 0.057405 0.376454
          0.027641 0.0 0.114129
          0.530456 0.140487 0.772029
          0.275218 0.138310 0.418723
          0.242968 0.0 0.750674
          0.499973 0.0 0.237429
          0.654132 0.056958 0.876289
          0.635042 0.200000 0.679842
          0.317236 0.200000 0.545674
          0.477197 0.069547 0.144769
          0.499368 0.139893 0.356703
          0.220124 0.152156 0.435205
          0.0 0.034272 0.067476
          0.659184 0.039345 1.000000
          0.613636 0.200000 0.966428
          0.312675 0.0 0.315189
          0.289626 0.0 0.354578
          0.317686 0.146768 0.054383
          0.553046 0.200000 0.448669
          0.748621 0.110708 1.000000
          0.419710 0.0 0.883495
          0.266509 0.051776 0.420150
          0.157627 0.200000 0.913532
          0.772727 0.200000 0.0
          0.153195 0.0 0.195978
          1.000000 0.0 0.0
          0.295430 0.160645 0.0
          0.723070 0.0 0.872952
          0.295455 0.160894 1.000000
          0.159054 0.160699 0.0
          1.000000 0.078698 0.636764
          0.525985 0.200000 0.038480
          0.840502 0.0 0.518154
          0.296533 0.064958 0.939161
          0.961738 0.0 0.931349
          0.236787 0.200000 0.404892
          0.660723 0.0 0.118338
          0.556962 0.200000 0.727099
          0.220990 0.099462 0.419992
          0.634037 0.200000 0.588297
          0.890444 0.0 0.117906
          0.276259 0.200000 0.381517
          1.000000 0.032117 0.204605
          1.000000 0.076651 0.073174
          0.198576 0.0 0.354132
          0.078864 0.200000 0.454409
          0.224929 0.136846 0.933961
          0.0 0.0 0.409091
          0.770556 0.060375 0.740425
          0.818153 0.121495 0.0
          0.753150 0.045515 0.572117
          0.636912 0.047668 0.052422
          0.852185 0.100765 0.369507
          0.068182 0.0 0.960635
          0.288815 0.074589 0.697949
          0.391579 0.200000 0.958069
          0.932121 0.200000 0.129146
          0.785079 0.146566 0.934723
          0.753642 0.200000 0.701574
          0.275076 0.200000 0.153229
          0.568182 0.039106 1.000000
          1.000000 0.078458 0.772680
          0.197748 0.200000 0.568887
          0.757955 0.141921 0.632840
          0.423976 0.064178 0.645504
          0.197480 0.200000 0.476534
          0.237199 0.200000 0.821853
          1.000000 0.039365 0.250000
          0.477141 0.200000 0.684339
          0.408847 0.0 0.0
          0.355191 0.200000 0.380753
          0.0 0.200000 0.136259
          0.568329 0.039406 0.0
          0.704616 0.091758 0.952189
          0.197717 0.200000 0.614838
          0.397140 0.200000 0.638916
          0.339357 0.048532 0.144559
          0.267589 0.0 0.236120
          0.478506 0.200000 0.728631
          0.902191 0.200000 0.241705
          0.545455 0.200000 1.000000
          0.591898 0.060996 0.290767
          0.403859 0.100071 0.427350
          0.769056 0.0 0.873384
          0.932089 0.0 0.520205
          0.131610 0.156527 0.545813
          0.567605 0.115316 0.0
          0.867939 0.200000 0.219089
          0.476466 0.200000 0.638459
          0.356934 0.200000 0.522489
          0.917969 0.200000 0.489023
          0.051505 0.048532 0.810842
          0.545923 0.0 0.157933
          0.752204 0.200000 0.933618
          1.000000 0.0 0.500000
          0.295624 0.039301 1.000000
          0.475876 0.146993 0.682983
          0.0 0.0 0.909091
          0.615453 0.041418 0.0
          0.356878 0.0 0.473152
          1.000000 0.078502 0.818153
          0.0 0.099616 0.038512
          0.657839 0.154376 0.496053
          0.078879 0.200000 0.591447
          0.104733 0.158215 0.729046
          0.954545 0.200000 0.0
          0.794925 0.0 0.517598
          0.265918 0.065908 0.578425
          0.747400 0.0 0.753807
          0.217290 0.0 0.929700
          0.098746 0.101137 0.231576
          0.288313 0.130920 0.175981
          0.873443 0.200000 0.493743
          0.842239 0.0 0.039375
          0.223366 0.153673 0.382040
          0.516309 0.056466 0.645043
          0.969767 0.0 0.522727
          0.697949 0.128425 0.288815
          0.545614 0.078524 0.0
          0.704540 0.167865 1.000000
          0.341186 0.200000 0.960851
          0.196085 0.0 0.904599
          0.078444 0.200000 0.728678
          0.288856 0.0 0.671469
          0.814507 0.0 0.874218
          0.518059 0.200000 0.840464
          0.0 0.0 0.363636
          0.409091 0.0 1.000000
          0.470277 0.104365 0.947298
          1.000000 0.0 0.318182
          0.712858 0.200000 0.866962
          0.244434 0.200000 0.958535
          0.661343 0.154478 0.679401
          0.724807 0.0 0.714142
          0.038490 0.0 0.657374
          0.129148 0.0 0.932120
          0.250000 0.0 0.974738
          0.886264 0.0 0.518654
          0.370774 0.150136 0.948144
          0.0 0.111766 0.667763
          0.568920 0.086683 0.233839
          0.403678 0.0 0.395021
          0.416799 0.144603 0.810145
          1.000000 0.161956 0.566349
          0.590909 0.200000 0.0
          0.107059 0.0 0.672134
          0.310497 0.0 0.869843
          0.224219 0.0 0.077389
          0.911873 0.062717 0.211860
          0.525901 0.145845 0.129926
          0.437139 0.200000 0.615761
          0.473152 0.200000 0.356878
          0.832057 0.200000 0.609065
          0.965956 0.060635 0.0
          0.221242 0.045143 0.367406
          0.500000 0.0 0.0
          0.545343 0.131219 1.000000
          0.115517 0.200000 0.064063
          0.746514 0.0 0.833347
          0.476287 0.200000 0.544788
          0.489023 0.0 0.917969
          0.633232 0.0 0.713588
          0.942098 0.058122 0.057896
          0.341159 0.100364 0.221413
          0.654904 0.0 0.962663
          0.634177 0.200000 0.772226
          0.118665 0.147112 0.362933
          0.829015 0.200000 0.151095
          0.751791 0.200000 0.426209
          0.952169 0.046778 0.953182
          0.153125 0.056795 0.309865
          0.117810 0.200000 0.798688
          0.838505 0.0 0.833724
          0.771841 0.099595 0.687316
          0.197210 0.200000 0.430173
          0.556921 0.200000 0.772003
          0.592750 0.0 0.397263
          0.806800 0.152742 0.793558
          0.197711 0.200000 0.660825
          0.085892 0.0 0.788516
          1.000000 0.089152 0.159424
          0.026555 0.0 0.749942
          0.446440 0.0 0.632244
          0.357300 0.200000 0.615312
          0.568182 0.200000 0.039365
          0.0 0.040000 1.000000
          0.434873 0.119532 0.0
          0.0 0.200000 0.863741
          0.0 0.078461 0.772681
          0.136090 0.136283 0.186768
          0.188521 0.052636 0.175666
          0.870389 0.051225 0.853390
          0.0 0.167896 0.795519
          0.128763 0.0 0.789469
          0.130994 0.0 0.235311
          0.521682 0.060786 0.462923
          0.236155 0.200000 0.313898
          0.116507 0.200000 0.107363
          0.111610 0.0 0.965432
          0.404137 0.085938 0.0
          0.340011 0.0 0.117863
          0.472762 0.200000 0.311599
          0.181749 0.121566 0.0
          0.661449 0.0 0.357186
          0.225484 0.122381 1.000000
          0.706698 0.141052 0.151730
          0.221794 0.0 0.235823
          0.702750 0.064067 0.622223
          0.935903 0.065380 0.614403
          0.248044 0.049946 0.921242
          0.396992 0.200000 0.545960
          0.863034 0.0 0.792594
          0.360830 0.200000 0.927349
          0.844692 0.0 0.197272
          0.911316 0.200000 0.607742
          0.396482 0.200000 0.498809
          0.633050 0.200000 0.540450
          1.000000 0.200000 0.590909
          1.000000 0.0 0.136364
          0.063715 0.063721 0.296321
          0.330586 0.155923 0.661097
          0.795488 0.200000 0.959323
          0.0 0.078469 0.863781
          0.0 0.160667 0.841029
          0.707549 0.200000 0.040150
          1.000000 0.028145 0.970105
          0.827732 0.200000 0.107361
          0.866024 0.200000 0.079434
          0.403179 0.0 0.711720
          0.430386 0.162003 1.000000
          0.587241 0.041511 0.818222
          0.752837 0.045908 0.383068
          1.000000 0.100355 0.038469
          0.220120 0.0 0.631404
          0.229700 0.061053 0.468944
          0.108946 0.0 0.354562
          0.833347 0.200000 0.746514
          0.554373 0.200000 0.542716
          0.655830 0.0 0.753463
          0.288832 0.129451 0.267049
          0.704787 0.058424 0.559777
          0.293609 0.078440 0.0
          0.564185 0.0 0.672938
          0.888056 0.0 0.437783
          0.478000 0.200000 0.959377
          0.756825 0.048832 0.252962
          0.912343 0.043118 0.103865
          0.775757 0.044486 0.184318
          0.667763 0.088234 0.0
          0.468645 0.200000 0.124415
          0.292130 0.062926 0.169676
          1.000000 0.200000 0.363636
          0.659401 0.200000 0.961397
          0.0 0.200000 0.545575
          0.248858 0.0 0.038446
          0.455915 0.0 0.899814
          0.707367 0.0 0.357001
          0.156262 0.200000 0.130290
          1.000000 0.0 0.545455
          0.052586 0.147448 0.500000
          0.788521 0.117947 1.000000
          0.830279 0.200000 0.376450
          0.588297 0.0 0.634037
          0.275847 0.200000 0.289877
          0.843839 0.063763 0.645769
          0.275252 0.200000 0.198833
          0.868080 0.200000 0.264078
          0.679842 0.0 0.635042
          1.000000 0.0 0.090909
          0.674188 0.200000 0.656444
          0.116537 0.200000 0.935062
          0.522959 0.040595 0.144852
          0.618036 0.157577 0.379530
          0.0 0.200000 0.636637
          0.039438 0.200000 0.477196
          0.792157 0.200000 0.540652
          0.0 0.118143 0.795155
          0.332903 0.0 0.909538
          0.199044 0.0 0.196119
          0.637628 0.0 0.555522
          0.328656 0.140806 0.381373
          1.000000 0.039222 0.522392
          0.750103 0.084773 0.0
          0.044926 0.046518 0.913847
          0.870894 0.200000 0.586604
          1.000000 0.081857 0.204845
          0.357276 0.200000 0.889106
          0.374442 0.138552 0.300683
          0.378470 0.138431 0.060811
          0.791525 0.200000 0.448848
          0.784033 0.154010 0.288347
          0.404146 0.063909 0.368239
          0.889219 0.049332 0.382866
          0.615590 0.0 0.357472
          0.117500 0.200000 0.752029
          1.000000 0.160635 0.659091
          0.868327 0.0 0.634008
          0.079696 0.0 0.633130
          0.795252 0.0 0.673425
          0.029749 0.172100 0.0
          0.501077 0.100023 0.899688
          0.105342 0.134237 0.867481
          0.069300 0.0 0.912602
          0.953758 0.045855 0.186109
          0.475464 0.0 0.277145
          0.340550 0.0 0.039174
          0.614763 0.0 0.118325
          0.0 0.039040 0.659699
          0.758432 0.139410 0.057135
          0.789469 0.200000 0.128763
          0.947854 0.109899 0.245109
          0.543898 0.100294 0.519410
          0.065760 0.134271 0.568576
          1.000000 0.139360 0.965948
          0.916314 0.200000 0.923055
          0.821478 0.053463 0.158094
          0.660022 0.043220 0.541854
          0.790101 0.200000 0.219868
          0.912788 0.0 0.714358
          0.581439 0.100078 0.768851
          0.407546 0.046067 0.419728
          0.224056 0.155479 0.752839
          0.0 0.039365 0.477273
          0.863723 0.0 0.478791
          0.750349 0.131348 0.749700
          0.288731 0.0 0.591833
          0.637863 0.0 0.157966
          0.867545 0.051863 0.131002
          1.000000 0.200000 0.772727
          0.0 0.039735 0.0
          0.632005 0.061168 0.819027
          0.220257 0.078799 0.737278
          0.0 0.139759 0.034087
          0.545925 0.0 0.237560
          0.039174 0.200000 0.340550
          0.793311 0.100000 0.793311
          0.568463 0.0 0.039350
          0.791974 0.200000 0.039936
          0.817268 0.0 0.557373
          0.118427 0.200000 0.522907
          0.478791 0.200000 0.863723
          0.933335 0.0 0.436594
          0.566758 0.0 0.515817
          0.156089 0.0 0.963920
          0.0 0.0 0.500000
          0.0 0.071416 0.400682
          0.312145 0.0 0.394079
          0.454548 0.078508 0.0
          0.752969 0.200000 0.609951
          0.196459 0.200000 0.291579
          0.966728 0.0 0.033281
          0.705971 0.153466 0.890125
          0.470166 0.0 0.672092
          0.108957 0.0 0.274603
          0.197188 0.046550 0.637638
          0.276009 0.200000 0.335698
          0.448848 0.0 0.791525
          0.053977 0.053666 0.453113
          0.0 0.039365 0.568182
          0.710911 0.200000 0.220150
          0.363636 0.200000 1.000000
          0.840661 0.039038 1.000000
          0.930354 0.0 0.835908
          0.712679 0.200000 0.587394
          0.453114 0.146333 0.053978
          0.497107 0.052564 0.526908
          0.662133 0.0 0.436569
          0.596005 0.200000 0.704027
          0.220100 0.050273 0.684465
          0.899677 0.099977 0.501071
          0.129974 0.113305 0.315947
          0.959377 0.0 0.478000
          0.357201 0.200000 0.661439
          0.711519 0.200000 0.357512
          0.0 0.200000 0.454425
          0.634369 0.200000 0.819180
          0.960487 0.064733 1.000000
          0.939943 0.061707 0.711082
          0.049929 0.049268 0.506858
          0.196633 0.0 0.829399
          0.125084 0.074234 1.000000
          0.671469 0.200000 0.288856
          0.579736 0.123896 1.000000
          0.960838 0.0 0.341173
          0.471829 0.200000 0.174204
          0.793930 0.0 0.753422
          0.723674 0.064790 0.819901
          1.000000 0.167883 0.795395
          0.294539 0.0 0.038697
          0.673425 0.200000 0.795252
          0.363403 0.075984 0.0
          1.000000 0.114499 0.659530
          0.552578 0.200000 0.401702
          0.844784 0.0 0.277013
          0.244408 0.0 0.275523
          0.237488 0.200000 0.913356
          0.637879 0.0 0.237517
          1.000000 0.123349 0.926826
          0.699755 0.136366 0.353160
          0.087299 0.087832 0.500488
          0.380387 0.099913 0.702209
          0.078741 0.200000 0.774906
          0.077678 0.200000 0.178085
          0.609065 0.0 0.832057
          0.0 0.032109 0.522765
          0.397188 0.200000 0.592550
          0.900965 0.101183 0.678355
          0.0 0.077631 0.683630
          0.111728 0.037502 1.000000
          0.197951 0.200000 0.890292
          0.0 0.158582 0.615453
          1.000000 0.165547 0.066063
          0.681957 0.078409 1.000000
          0.181820 0.121569 1.000000
          0.227233 0.121544 0.0
          0.941389 0.140355 0.637465
          0.0 0.079164 0.917759
          0.033014 0.0 0.033023
          0.727273 0.0 1.000000
          0.792394 0.200000 0.586499
          0.706036 0.032828 0.0
          0.522837 0.039424 0.0
          0.751877 0.200000 0.517998
          0.921317 0.076143 0.339349
          0.449401 0.0 0.863493
          0.115590 0.134711 0.952250
          0.730100 0.0 0.317129
          0.832974 0.200000 0.700618
          0.221541 0.099864 0.288554
          0.591632 0.0 0.078738
          0.577749 0.146979 0.735641
          0.037936 0.0 0.841508
          0.660897 0.146354 0.101474
          0.545455 0.200000 0.0
          0.559571 0.200000 0.908658
          0.684667 0.0 0.396763
          0.314442 0.200000 0.130333
          0.863636 0.0 1.000000
          0.511044 0.124317 1.000000
          0.862720 0.0 0.558202
          0.469524 0.047304 0.619200
          0.356578 0.0 0.552106
          0.788516 0.200000 0.085892
          0.221132 0.0 0.393673
          0.632244 0.200000 0.446440
          0.888220 0.0 0.752717
          0.333648 0.0 0.830544
          0.378276 0.0 0.909851
          0.928139 0.129083 0.562864
          0.729076 0.0 0.475630
          0.362379 0.117785 0.0
          1.000000 0.038081 0.342745
          0.0 0.200000 0.317938
          0.658921 0.053160 0.594108
          0.316363 0.122392 0.0
          0.765508 0.154864 0.540897
          0.713931 0.200000 0.678996
          0.829902 0.111893 1.000000
          0.632472 0.0 0.792649
          0.197709 0.200000 0.522880
          0.039044 0.200000 0.887127
          0.113636 0.160635 0.0
          0.090909 0.0 1.000000
          0.316818 0.200000 0.867647
          0.0 0.124016 0.363403
          0.906348 0.200000 0.150452
          0.683693 0.055276 0.117825
          0.243043 0.0 0.591727
          0.947996 0.200000 0.684239
          0.450261 0.0 0.474620
          0.082212 0.121644 0.0
          0.750000 0.160635 1.000000
          0.433225 0.200000 0.243701
          0.833803 0.200000 0.792391
          0.0 0.079478 0.0
          0.727299 0.078450 1.000000
          0.960635 0.0 0.295455
          1.000000 0.118605 0.358525
          0.705944 0.0 0.515239
          0.884890 0.081504 0.0
          0.544426 0.131675 0.840238
          0.356958 0.200000 0.707321
          0.115361 0.081644 0.0
          0.610780 0.0 0.673674
          0.818182 0.0 1.000000
          0.249786 0.133971 0.475564
          0.393727 0.200000 0.221116
          0.953229 0.043581 0.768671
          0.266896 0.061759 0.341380
          1.000000 0.110745 0.749925
          0.040150 0.0 0.707549
          0.078909 0.200000 0.499994
          0.939749 0.134775 0.294977
          1.000000 0.089108 0.249560
          0.090909 0.200000 0.0
          0.263730 0.157370 0.821811
          0.038305 0.200000 0.157054
          0.400682 0.128584 0.0
          0.210777 0.143291 0.867291
          0.831588 0.200000 0.471683
          0.970392 0.0 0.431818
          0.396816 0.200000 0.910660
          0.478630 0.200000 0.910443
          0.0 0.162243 0.886450
          0.551891 0.200000 0.220304
          0.815471 0.062615 0.847432
          0.379438 0.067104 0.486589
          0.131964 0.0 0.077414
          0.0 0.039365 0.204545
          0.707303 0.0 0.435867
          0.367179 0.079927 1.000000
          0.0 0.038960 0.340294
          0.369639 0.154928 0.730369
          0.236461 0.200000 0.359000
          0.948190 0.052324 0.818199
          1.000000 0.200000 0.545455
          0.138356 0.120279 1.000000
          0.945016 0.142961 0.703777
          0.860259 0.131082 0.792030
          0.776772 0.155112 0.197147
          0.572811 0.127967 0.925320
          0.197147 0.044442 0.776772
          0.237454 0.200000 0.729866
          0.287999 0.0 0.830153
          0.758188 0.0 0.963046
          0.408573 0.0 0.157712
          0.039150 0.200000 0.705154
          0.078840 0.200000 0.637237
          0.636364 0.200000 0.0
          0.037982 0.0 0.886641
          0.932486 0.034109 1.000000
          0.499033 0.139884 0.266025
          1.000000 0.0 0.590909
          0.039056 0.200000 0.796613
          0.504283 0.155508 0.817947
          0.819901 0.137955 0.723674
          0.393892 0.200000 0.266652
          0.935063 0.0 0.116536
          0.435007 0.200000 0.427331
          0.181818 0.200000 1.000000
          0.593277 0.200000 0.518246
          0.729600 0.0 0.157954
          0.968637 0.0 0.840909
          0.873384 0.200000 0.769056
          0.522791 0.0 0.039420
          0.909091 0.121242 1.000000
          0.753176 0.0 0.356794
          0.063676 0.140089 0.935435
          0.382040 0.047315 0.223366
          0.749942 0.200000 0.026555
          0.0 0.078456 0.227233
          0.886426 0.160585 0.0
          0.954545 0.0 1.000000
          0.836524 0.200000 0.422412
          0.241705 0.0 0.902191
          0.354155 0.200000 0.198581
          0.495839 0.0 0.553756
          0.0 0.121190 0.500291
          0.290713 0.159527 0.591847
          0.592900 0.080042 1.000000
          0.039365 0.0 0.613636
          0.0 0.200000 0.909159
          0.517954 0.054454 0.094862
          1.000000 0.039365 0.159091
          0.209210 0.154153 0.176079
          0.334534 0.046597 0.724674
          0.086195 0.0 0.076268
          0.864242 0.078770 1.000000
          0.202548 0.200000 0.970970
          0.963889 0.139764 0.0
          0.819180 0.0 0.634369
          0.474782 0.0 0.435746
          0.128508 0.0 0.551621
          0.344726 0.0 0.955978
          0.611448 0.151137 0.639847
          0.039432 0.200000 0.522800
          0.395802 0.200000 0.451299
          0.925883 0.127331 0.196276
          0.078674 0.200000 0.820659
          0.401854 0.098827 0.578704
          0.357662 0.0 0.394397
          0.672092 0.200000 0.470166
          0.107134 0.0 0.513899
          0.750738 0.0 0.039157
          0.587394 0.0 0.712679
          0.157910 0.200000 0.637674
          0.634049 0.0 0.634561
          1.000000 0.160585 0.113574
          0.883495 0.200000 0.419710
          0.427970 0.0 0.355995
          0.696980 0.139932 0.060340
          0.235824 0.200000 0.221794
          0.0 0.081815 0.522916
          0.818318 0.0 0.0
          0.345318 0.065219 0.065583
          0.514979 0.200000 0.521188
          0.363636 0.200000 0.0
          0.078167 0.200000 0.316826
          0.750674 0.200000 0.242968
          0.272727 0.200000 1.000000
          0.425482 0.0 0.513560
          0.500000 0.200000 1.000000
          1.000000 0.0 0.272727
          0.492346 0.0 0.632698
          0.113550 0.037825 0.0
          0.518246 0.0 0.593275
          0.558989 0.0 0.907372
          0.079338 0.0 0.481563
          0.339305 0.200000 0.038495
          0.070264 0.0 0.822587
          1.000000 0.080000 0.0
          0.914947 0.200000 0.743841
          0.318182 0.200000 0.0
          0.424887 0.052270 0.592449
          0.836051 0.048160 0.377926
          0.798812 0.068517 0.223982
          0.200822 0.200000 0.935049
          0.316582 0.200000 0.451738
          0.403123 0.067048 0.764718
          0.522663 0.0 0.357043
          0.494411 0.0 0.711878
          0.0 0.0 0.818182
          0.477269 0.039414 0.0
          0.158971 0.039333 0.0
          0.685378 0.155443 0.540413
          1.000000 0.039354 0.477252
          0.068451 0.0 0.590909
          0.822006 0.0 0.396253
          0.518491 0.0 0.829839
          0.0 0.0 0.772727
          0.156286 0.200000 0.176135
          0.963046 0.200000 0.758188
          0.671986 0.200000 0.517165
          0.396763 0.200000 0.684690
          0.449874 0.128114 0.639114
          0.275523 0.200000 0.244408
          1.000000 0.0 0.181818
          0.334592 0.0 0.433627
          0.0 0.121492 0.454548
          0.908659 0.0 0.559574
          0.362716 0.0 0.157500
          0.522974 0.0 0.899611
          0.818182 0.200000 0.0
          0.175693 0.070699 0.366999
          0.525743 0.100628 0.311285
          1.000000 0.160646 0.250021
          0.316826 0.0 0.078167
          0.472113 0.0 0.752003
          0.080041 0.0 0.550466
          0.889155 0.0 0.357263
          0.871981 0.200000 0.631253
          0.752713 0.200000 0.888215
          0.315683 0.0 0.156912
          0.790689 0.200000 0.311191
          0.0 0.039355 0.704570
          0.567546 0.137392 0.063284
          0.631797 0.200000 0.311841
          0.363222 0.0 0.078622
          0.500291 0.078810 0.0
          0.0 0.200000 0.818318
          0.843500 0.136081 0.310711
          0.928886 0.0 0.679477
          0.065704 0.143322 0.431649
          0.750431 0.200000 0.197405
          0.525743 0.153796 0.311285
          0.370583 0.150643 0.866714
          0.356660 0.121483 1.000000
          0.208697 0.0 0.963117
          0.751403 0.200000 0.380258
          0.174226 0.0 0.471789
          0.266659 0.0 0.393893
          0.341810 0.123477 0.909830
          0.038921 0.200000 0.202508
          0.272923 0.060959 0.639713
          0.0 0.0 0.045455
          0.671262 0.200000 0.243014
          0.636585 0.075886 0.0
          0.054169 0.136729 0.695466
          0.545851 0.0 0.317323
          0.500493 0.112149 0.087320
          0.793630 0.200000 0.769956
          0.567861 0.0 0.959463
          0.199527 0.0 0.117164
          0.637334 0.0 0.078773
          1.000000 0.160643 0.159060
          0.752373 0.0 0.118250
          0.064253 0.034400 0.0
          0.394079 0.200000 0.312143
          0.197460 0.200000 0.752738
          0.029743 0.027907 0.0
          1.000000 0.200000 0.181818
          0.0 0.110856 0.840602
          0.819027 0.128086 0.632005
          0.887127 0.0 0.039044
          0.281779 0.154153 0.221583
          0.829825 0.200000 0.242285
          0.772766 0.078453 1.000000
          0.067029 0.131951 0.342269
          0.174442 0.0 0.551723
          0.572809 0.099745 0.412282
          0.470773 0.0 0.592715
          0.264113 0.140124 0.545819
          0.159070 0.083463 1.000000
          0.962801 0.200000 0.482985
          0.0 0.0 0.181818
          0.886364 0.039365 1.000000
          0.0 0.0 0.863636
          0.113861 0.161611 1.000000
          0.0 0.160668 0.249811
          0.434042 0.200000 0.380081
          0.654673 0.0 0.832525
          0.960293 0.200000 0.389568
          0.909091 0.200000 0.0
          0.136364 0.0 1.000000
          0.115128 0.0 0.427703
          0.566349 0.161956 1.000000
          0.818198 0.154603 0.045994
          0.157965 0.200000 0.591782
          0.818182 0.200000 1.000000
          0.0 0.121476 0.545614
          0.129828 0.154150 0.130196
          0.592032 0.0 0.317377
          1.000000 0.160635 0.840909
          0.540985 0.046962 0.293503
          0.247328 0.063056 0.064744
          0.863493 0.200000 0.449401
          0.222087 0.098815 0.182940
          0.181682 0.0 0.0
          0.972870 0.099839 1.000000
          0.838422 0.130922 0.447485
          0.472785 0.200000 0.266302
          0.289197 0.0 0.433366
          0.265858 0.046648 0.737515
          0.401986 0.0 0.631472
          0.159297 0.089163 0.0
          0.912482 0.200000 0.699383
          0.683838 0.0 0.157978
          0.334057 0.0 0.591708
          0.958334 0.0 0.709450
          0.880512 0.143437 0.150835
          0.181992 0.145318 0.131561
          0.458366 0.135591 0.852623
          1.000000 0.034462 0.064304
          0.300850 0.151504 0.481419
          0.107631 0.043756 0.775343
          1.000000 0.200000 0.272727
          0.204545 0.081838 0.0
          0.713705 0.200000 0.771682
          1.000000 0.116537 0.477294
          1.000000 0.039365 0.795455
          0.613636 0.039365 1.000000
          0.541824 0.065125 0.818204
          0.613636 0.200000 0.039365
          0.277362 0.200000 0.522799
          0.899611 0.200000 0.522974
          0.477273 0.160635 1.000000
          0.681818 0.0 1.000000
          0.793399 0.200000 0.724010
          0.807165 0.100928 0.903130
          1.000000 0.120841 0.082242
          1.000000 0.080000 1.000000
          0.118136 0.200000 0.385862
          0.356566 0.200000 0.475308
          0.242558 0.061857 0.803484
          0.568866 0.0 0.277440
          0.934190 0.136278 0.806707
          0.635308 0.200000 0.725506
          0.081409 0.0 0.232054
          0.821875 0.0 0.316889
          0.714357 0.200000 0.912788
          0.119298 0.054736 0.374130
          0.067514 0.034378 1.000000
          0.379530 0.047705 0.618036
          1.000000 0.160635 0.750000
          0.235643 0.200000 0.176099
          0.867495 0.0 0.396417
          0.068130 0.0 0.036377
          0.653298 0.0 0.918894
          0.841029 0.039333 0.0
          0.672938 0.200000 0.564185
          1.000000 0.121569 0.272727
          0.683094 0.0 0.078698
          0.677097 0.0 0.872462
          0.136259 0.0 0.0
          0.078890 0.200000 0.545712
          0.934562 0.200000 0.096734
          1.000000 0.0 0.727273
          0.197287 0.0 0.671088
          0.656865 0.100121 0.221935
          0.153226 0.0 0.275077
          0.0 0.077608 0.316363
          0.711720 0.200000 0.403179
          0.612207 0.162056 1.000000
          0.077389 0.200000 0.224219
          0.272727 0.200000 0.0
          0.869061 0.200000 0.353909
          0.853028 0.155016 0.192212
          0.915620 0.200000 0.878226
          0.0 0.160586 0.477269
          0.546180 0.0 0.397015
          0.389568 0.0 0.960293
          0.908531 0.200000 0.282890
          0.818078 0.0 0.478187
          0.512236 0.200000 0.288714
          0.336956 0.151948 0.182776
          1.000000 0.200000 0.909091
          0.586604 0.0 0.870894
          0.0 0.0 0.590909
          0.129219 0.051939 0.828670
          0.160087 0.120939 0.923321
          0.751987 0.0 0.435707
          0.199734 0.066360 0.586120
          0.0 0.0 0.318182
          0.513899 0.200000 0.107134
          0.379190 0.0 0.512846
          0.501369 0.148804 0.949240
          0.893376 0.137661 0.734615
          0.422679 0.156073 0.451213
          0.564995 0.0 0.594171
          0.498009 0.079721 1.000000
          0.661489 0.139092 0.819609
          0.427349 0.200000 0.115409
          0.406941 0.136326 0.243836
          0.0 0.160576 0.522837
          0.499194 0.061145 0.264368
          0.0 0.080468 0.434873
          0.748944 0.0 0.674196
          0.423381 0.123799 0.910293
          0.591568 0.200000 0.197222
          0.056092 0.098767 1.000000
          0.564644 0.200000 0.957819
          0.276733 0.200000 0.428127
          0.174509 0.0 0.710665
          1.000000 0.078431 0.454546
          0.369520 0.129792 0.776104
          0.592117 0.053080 0.441307
          0.286790 0.043120 0.882120
          0.829399 0.200000 0.196633
          0.830785 0.200000 0.564661
          0.842022 0.100306 0.173756
          0.799005 0.0 0.356678
          0.591869 0.200000 0.379288
          0.954580 0.0 0.0
          0.0 0.165541 0.935733
          0.358648 0.200000 0.071040
          0.0 0.0 0.954545
          1.000000 0.034453 0.933937
          0.605801 0.131432 0.494358
          0.311678 0.0 0.711309
          0.330522 0.144427 0.568763
          0.128283 0.0 0.631174
          0.744196 0.084973 0.533101
          0.660852 0.0 0.197700
          0.436421 0.062828 0.938706
          0.729530 0.042026 0.131531
          0.909091 0.0 1.000000
          0.330995 0.100000 0.330996
          0.545868 0.058768 0.370295
          0.038512 0.100384 0.0
          0.197405 0.0 0.750431
          0.858843 0.065069 0.455218
          0.153447 0.063438 0.248856
          0.0 0.078505 0.818153
          0.692865 0.138303 0.460808
          0.0 0.0 0.727273
          0.045455 0.200000 0.0
          0.0 0.200000 0.954580
          0.053029 0.053026 0.228507
          0.319412 0.135350 0.707080
          0.816662 0.0 0.792775
          1.000000 0.089202 0.545360
          0.495647 0.048800 0.845699
          0.088835 0.047066 0.954582
          0.128921 0.0 0.710489
          0.448743 0.145251 0.498162
          0.071039 0.0 0.358644
          0.170623 0.136602 0.385584
          0.310711 0.069029 0.843500
          0.335164 0.0 0.354831
          0.884239 0.0 0.834276
          0.844762 0.048960 0.250518
          0.586499 0.0 0.792394
          0.144614 0.151863 0.431429
          1.000000 0.039365 0.704554
          0.424161 0.0 0.592305
          0.0 0.118356 0.115361
          0.039413 0.200000 0.431670
          0.0 0.0 0.0
          0.237365 0.200000 0.775865
          0.863636 0.200000 1.000000
          0.079434 0.0 0.866024
          0.609046 0.046181 0.220831
          0.959463 0.200000 0.567861
          0.295455 0.200000 0.039365
          0.367788 0.064030 0.932980
          0.357165 0.0 0.631622
          0.659091 0.160635 1.000000
          0.318182 0.0 1.000000
          1.000000 0.200000 0.090909
          0.578374 0.157919 0.311357
          0.750000 0.200000 0.970748
          0.552106 0.200000 0.356578
          0.520201 0.200000 0.932088
          0.867698 0.046159 0.183960
          0.700618 0.0 0.832974
          1.000000 0.079721 0.498009
          0.670992 0.200000 0.151648
          0.961264 0.0 0.158394
          0.712340 0.200000 0.448982
          0.769585 0.043218 0.820188
          0.317025 0.200000 0.775998
          0.940421 0.098574 1.000000
          0.970105 0.171855 0.0
          0.267007 0.0 0.315095
          1.000000 0.159419 0.428267
          0.408897 0.052505 0.052501
          0.869843 0.200000 0.310497
          0.828016 0.147466 0.129238
          0.0 0.111735 0.332224
          0.868084 0.200000 0.128183
          0.679476 0.200000 0.928886
          1.000000 0.200000 0.500000
          0.030287 0.171971 1.000000
          0.961535 0.100350 0.0
          0.397898 0.125816 1.000000
          0.356473 0.0 0.790874
          1.000000 0.160635 0.204545
          0.420976 0.145926 0.190624
          0.379914 0.0 0.671367
          0.036377 0.200000 0.068130
          0.216902 0.134150 0.596388
          1.000000 0.039357 0.840940
          0.176098 0.0 0.235643
          1.000000 0.200000 0.454545
          0.753807 0.200000 0.747400
          0.472639 0.200000 0.220718
          0.957819 0.0 0.564644
          0.929776 0.0 0.037958
          0.052604 0.051976 0.864059
          0.791981 0.200000 0.494707
          0.513310 0.200000 0.071265
          0.430805 0.200000 0.153834
          0.589485 0.0 0.555163
          0.039506 0.0 0.206926
          0.600981 0.144280 0.817678
          0.038494 0.0 0.339303
          0.556692 0.200000 0.682440
          1.000000 0.200000 0.409091
          1.000000 0.074067 0.329367
          0.071265 0.0 0.513310
          0.315551 0.200000 0.358291
          0.194962 0.200000 0.109303
          0.821739 0.0 0.157547
          0.130321 0.0 0.314415
          0.152437 0.0 0.432592
          0.749362 0.200000 0.062920
          0.157712 0.200000 0.408573
          0.912693 0.083504 0.768236
          0.966725 0.200000 0.966725
          0.113841 0.143199 0.500042
          0.645240 0.153452 0.334555
          0.268701 0.0 0.156686
          0.632698 0.200000 0.492346
          0.878203 0.141169 0.059638
          0.644456 0.129429 0.151260
          0.794768 0.056776 0.543849
          0.634008 0.200000 0.868327
          0.966428 0.0 0.613636
          0.451544 0.0 0.395942
          0.682302 0.0 0.555708
          0.220718 0.0 0.472639
          1.000000 0.160000 0.0
          0.611301 0.145385 0.437045
          0.063417 0.059894 0.062547
          0.0 0.087330 0.477804
          0.499655 0.046993 0.210768
          0.277145 0.200000 0.475463
          0.684211 0.0 0.317334
          0.662095 0.046950 0.650999
          0.033275 0.0 0.966725
          0.355992 0.200000 0.427965
          0.220150 0.0 0.710911
          0.934958 0.200000 0.455589
          0.758199 0.055769 0.458447
          0.0 0.0 0.681818
          0.863636 0.200000 0.0
          0.886407 0.0 0.596669
          1.000000 0.060640 0.034052
          1.000000 0.0 0.818182
          0.274635 0.200000 0.108969
          0.435743 0.200000 0.474702
          0.157779 0.200000 0.454247
          0.867619 0.0 0.237116
          0.107361 0.0 0.827732
          0.935733 0.034459 0.0
          0.724439 0.047830 0.766948
          0.070675 0.0 0.676670
          0.867529 0.0 0.157381
          0.039936 0.0 0.791974
          0.265422 0.0 0.790400
          0.124415 0.0 0.468645
          0.764436 0.133867 0.357243
          0.730211 0.072909 0.343609
          0.850172 0.065291 0.790681
          0.809758 0.046896 0.456447
          0.842791 0.074506 0.725162
          0.394397 0.200000 0.357662
          0.454408 0.0 0.078863
          0.454425 0.0 0.0
          0.970107 0.028143 1.000000
          0.657582 0.0 0.595760
          0.220335 0.084455 0.525392
          0.614906 0.0 0.957130
          0.772901 0.0 0.0
          0.943551 0.057469 0.286060
          0.036325 0.140107 0.0
          0.039057 0.0 0.073210
          0.0 0.200000 0.272523
          0.913356 0.0 0.237488
          0.648198 0.084895 0.455251
          0.683920 0.062232 0.290705
          0.753017 0.043720 0.303786
          0.922790 0.0 0.916449
          0.0 0.115228 0.249873
          0.631272 0.200000 0.174293
          0.437805 0.200000 0.841778
          1.000000 0.0 0.454545
          0.517276 0.046604 0.412588
          0.847958 0.140570 0.861123
          0.135858 0.121435 0.0
          0.962663 0.200000 0.654904
          0.942060 0.144319 0.498442
          0.105986 0.099358 0.723569
          0.654883 0.137131 0.936153
          0.600525 0.127695 0.0
          0.040362 0.134509 1.000000
          0.151648 0.0 0.670992
          1.000000 0.139766 0.036112
          0.594174 0.200000 0.564995
          0.202508 0.0 0.038921
          0.039365 0.0 0.295455
          0.117863 0.200000 0.340011
          0.403132 0.153107 0.109716
          0.220304 0.0 0.551891
          0.473440 0.0 0.514168
          1.000000 0.099645 0.961531
          0.568887 0.099631 0.144811
          0.0 0.034454 0.933937
          0.381517 0.0 0.276259
          0.684465 0.149731 0.220100
          0.538546 0.136515 0.197422
          0.458240 0.136553 0.150077
          0.723569 0.100650 0.105986
          0.795229 0.090658 0.491270
          0.270376 0.0 0.077500
          0.067514 0.165891 1.000000
          0.0 0.139365 0.965956
          0.841508 0.200000 0.037936
          0.904559 0.200000 0.196021
          0.313898 0.0 0.236155
          0.293417 0.048111 0.090644
          0.431669 0.0 0.039413
          0.237496 0.200000 0.683878
          1.000000 0.0 0.909091
          0.474620 0.200000 0.450243
          0.514169 0.200000 0.473438
          0.0 0.167172 0.706036
          0.033281 0.200000 0.966728
          0.079170 0.200000 0.867055
          0.334374 0.0 0.751150
          0.088294 0.111281 0.636935
          0.750895 0.200000 0.288620
          0.710665 0.200000 0.174509
          0.596668 0.200000 0.886407
          0.363363 0.0 0.0
          0.892975 0.044623 0.304451
          0.277456 0.200000 0.614909
          0.476539 0.0 0.197480
          0.934654 0.059906 0.548388
          0.106106 0.0 0.749971
          1.000000 0.160000 1.000000
          0.171013 0.130739 0.706560
          0.706385 0.078437 0.0
          0.204545 0.160635 0.0
          0.383919 0.153001 0.569311
          0.660903 0.0 0.277311
          0.944157 0.065163 0.476690
          0.151584 0.0 0.511958
          0.970748 0.0 0.750000
          0.890133 0.0 0.276409
          0.791176 0.200000 0.402920
          0.0 0.123209 0.073252
          0.706800 0.0 0.197692
          0.512846 0.200000 0.379190
          0.264263 0.098881 0.892595
          0.052109 0.147493 0.882931
          0.422989 0.150676 0.684583
          0.114129 0.200000 0.027641
          0.873812 0.145344 0.404422
          0.180229 0.142022 0.538436
          0.178085 0.0 0.077678
          0.039164 0.0 0.383855
          0.272727 0.200000 0.069799
          0.196538 0.200000 0.338356
          1.000000 0.039355 0.749976
          0.062606 0.137613 0.757099
          0.288620 0.0 0.750895
          0.607289 0.134351 0.588307
          1.000000 0.0 0.636364
          0.684239 0.0 0.947996
          0.039365 0.0 0.250000
          0.864203 0.087230 0.583815
          0.158038 0.200000 0.545858
          0.959311 0.200000 0.294952
          0.0 0.078434 0.181749
          0.699383 0.0 0.912482
          0.384514 0.161964 0.0
          0.353940 0.200000 0.152948
          0.136364 0.200000 1.000000
          0.118201 0.200000 0.660443
          0.103716 0.157707 0.046236
          0.0 0.072305 0.600525
          0.0 0.158520 0.384546
          0.494707 0.0 0.791981
          0.772727 0.0 1.000000
          0.272727 0.121242 1.000000
          0.499676 0.0 0.317099
          1.000000 0.118493 0.884881
          0.041920 0.0 0.427582
          0.592305 0.200000 0.424161
          0.183039 0.156389 0.954435
          0.288223 0.042144 0.803739
          1.000000 0.060234 0.963888
          0.912335 0.048411 0.660572
          0.276403 0.200000 0.890133
          1.000000 0.162056 0.612207
          0.725315 0.156425 0.425901
          0.0 0.118496 0.884890
          0.0 0.027900 0.029749
          0.609951 0.0 0.752969
          0.482985 0.0 0.962801
          0.105986 0.046171 0.723569
          0.0 0.200000 0.363363
          0.966725 0.200000 0.033275
          0.661032 0.0 0.515638
          1.000000 0.200000 0.954545
          1.000000 0.079159 0.917758
          0.158394 0.200000 0.961264
          0.151095 0.0 0.829015
          0.058962 0.146552 0.211933
          1.000000 0.118143 0.795155
          0.710489 0.200000 0.128921
          0.118390 0.200000 0.477170
          0.613463 0.061676 0.567810
          0.448917 0.152255 0.951722
          0.142509 0.139558 0.063322
          0.317229 0.200000 0.684120
          0.842154 0.0 0.437868
          0.752265 0.200000 0.841756
          0.311432 0.040723 0.605370
          0.396018 0.200000 0.820764
          0.118342 0.200000 0.614578
          1.000000 0.081507 0.115119
          0.724010 0.0 0.793399
          0.0 0.060236 0.963889
          0.711111 0.200000 0.265838
          0.844200 0.0 0.672933
          0.289884 0.140643 0.940776
          0.493743 0.0 0.873443
          0.0 0.165600 0.064253
          0.363636 0.0 1.000000
          0.757476 0.062066 0.062070
          0.551723 0.200000 0.174442
          0.614060 0.0 0.039295
          0.961183 0.200000 0.934585
          0.795455 0.160635 0.0
          0.155084 0.066344 0.067110
          0.677646 0.058053 0.374283
          0.0 0.078356 0.082212
          0.710348 0.200000 0.083132
          0.500781 0.100052 0.689076
          0.402301 0.0 0.473674
          0.485352 0.151588 0.197232
          0.494657 0.077124 0.580539
          0.0 0.0 0.136364
          0.315189 0.200000 0.312675
          0.798786 0.069050 0.409981
          0.395944 0.200000 0.730108
          0.071603 0.0 0.189195
          0.935050 0.0 0.200822
          0.878672 0.156653 0.469282
          0.0 0.114062 0.404137
          0.739252 0.156327 0.587192
          0.915035 0.071846 1.000000
          0.934176 0.0 0.961639
          0.039365 0.0 0.477273
          0.955978 0.200000 0.344726
          0.816406 0.152098 0.354962
          0.257979 0.151605 0.305156
          0.105081 0.158122 0.316321
          0.131561 0.056526 0.181992
          0.239261 0.088252 1.000000
          0.916456 0.080643 0.419839
          0.802279 0.050199 0.696034
          0.077500 0.200000 0.270376
          0.176295 0.0 0.933301
          0.317295 0.200000 0.918062
          1.000000 0.039106 0.568182
          0.277357 0.200000 0.706964
          0.909091 0.200000 1.000000
          0.752786 0.0 0.197567
          1.000000 0.123896 0.579736
          0.555170 0.200000 0.589485
          1.000000 0.080042 0.592900
          0.063284 0.062608 0.567546
          0.701574 0.0 0.753642
          0.821857 0.0 0.237198
          0.436721 0.200000 0.706926
          0.181818 0.200000 0.0
          0.0 0.028145 0.970105
          0.250000 0.200000 0.039365
          0.932486 0.165622 1.000000
          0.706726 0.069410 0.171239
          0.963107 0.200000 0.208689
          0.354427 0.200000 0.244089
          0.222094 0.0 0.156394
          0.192211 0.044981 0.853022
          0.790874 0.200000 0.356473
          0.242285 0.0 0.829825
          0.522874 0.0 0.118424
          0.426209 0.0 0.751791
          0.604924 0.144839 0.220086
          0.923898 0.154718 0.238447
          0.0 0.039415 0.886426
          0.906714 0.0 0.875015
          0.771682 0.0 0.713705
          0.702152 0.0 0.674547
          0.069799 0.0 0.272727
          0.062920 0.0 0.749362
          0.249811 0.039332 0.0
          0.752957 0.0 0.277268
          0.918067 0.0 0.317290
          0.678254 0.0 0.793109
          0.700934 0.128253 0.701962
          0.545324 0.155655 0.886093
          0.659530 0.114500 1.000000
          0.117660 0.144722 0.683350
          0.844805 0.0 0.356559
          0.637879 0.047888 0.264075
          0.043710 0.133152 0.387218
          0.729597 0.099571 0.422386
          0.435850 0.200000 0.796665
          0.516175 0.200000 0.661914
          0.631622 0.200000 0.357165
          0.428127 0.0 0.276733
          0.196119 0.200000 0.199044
          0.568649 0.065729 0.065749
          0.432746 0.0 0.966528
          0.795455 0.039365 1.000000
          0.477886 0.200000 0.818041
          0.590909 0.0 1.000000
          0.182412 0.047648 0.529840
          0.0 0.200000 1.000000
          0.773090 0.041219 0.502751
          0.674547 0.200000 0.702152
          0.946845 0.053338 0.382683
          0.909538 0.200000 0.332903
          0.502372 0.152923 0.497520
          0.522765 0.167891 0.0
          0.444606 0.070482 0.868757
          1.000000 0.160529 0.340246
          0.386153 0.0 0.039365
          0.818204 0.134337 0.541824
          1.000000 0.121542 0.227319
          0.0 0.0 0.545455
          0.477804 0.112670 0.0
          0.636764 0.078698 1.000000
          0.657823 0.132987 0.402524
          0.196951 0.200000 0.384166
          0.0 0.160667 0.158971
          0.476443 0.200000 0.591456
          0.521188 0.0 0.514969
          0.929326 0.0 0.272727
          0.311970 0.087880 0.420322
          0.776429 0.129950 0.151588
          0.0 0.0 0.636364
          0.797508 0.042397 0.091711
          0.591450 0.200000 0.151340
          0.521907 0.0 0.436269
          0.545160 0.0 0.867704
          0.318182 0.200000 1.000000
          1.000000 0.0 0.863636
          0.545360 0.089202 1.000000
          1.000000 0.125301 0.511020
          0.602942 0.141975 0.110721
          0.704027 0.0 0.596005
          0.934792 0.134496 0.378737
          0.940842 0.200000 0.252402
          0.037690 0.200000 0.112258
          0.664069 0.046371 0.0
          0.112258 0.0 0.037690
          1.000000 0.200000 0.045455
          0.0 0.162175 0.113550
          0.171169 0.155252 0.660669
          0.522916 0.118185 0.0
          0.0 0.078434 0.727273
          0.395021 0.200000 0.403678
          0.340294 0.161040 0.0
          0.713588 0.200000 0.633232
          1.000000 0.110848 0.840576
          0.249873 0.084772 0.0
          0.385584 0.069403 0.170623
          0.771453 0.145738 0.484363
          0.291579 0.0 0.196459
          0.475337 0.0 0.356585
          0.793109 0.200000 0.678254
          0.725506 0.0 0.635308
          0.0 0.0 0.272727
          0.830544 0.200000 0.333648
          0.181818 0.0 1.000000
          0.338356 0.0 0.196538
          1.000000 0.121535 0.136219
          0.175882 0.0 0.314642
          0.775343 0.155786 0.107631
          0.304895 0.053260 0.301921
          0.737755 0.154412 0.311571
          0.540450 0.0 0.633050
          0.152930 0.0 0.353922
          0.0 0.0 0.090909
          0.797114 0.0 0.436903
          0.288714 0.0 0.512236
          0.118393 0.200000 0.568699
          0.889455 0.047241 0.726461
          0.772003 0.0 0.556921
          0.499946 0.0 0.078891
          0.409091 0.200000 0.0
          0.628402 0.143069 0.057105
          0.452818 0.140515 0.412463
          0.317938 0.0 0.0
          0.952360 0.200000 0.722125
          0.243740 0.0 0.433227
          1.000000 0.162248 0.886364
          0.241613 0.054068 0.861841
          0.959751 0.0 0.073789
          0.0 0.153617 0.335929
          0.594082 0.200000 0.925990
          0.555105 0.054483 0.573569
          0.436269 0.200000 0.521907
          0.432888 0.200000 0.198018
          0.499383 0.044945 0.896554
          0.961397 0.0 0.659401
          0.772226 0.0 0.634177
          0.958925 0.200000 0.845601
          0.076268 0.200000 0.086195
          0.856571 0.062741 0.933172
          0.526088 0.152675 0.402137
          0.0 0.099650 0.961535
          0.475574 0.054254 0.329487
          0.277269 0.200000 0.752959
          0.705292 0.0 0.039228
          1.000000 0.078433 0.727270
          1.000000 0.159583 0.384363
          0.250788 0.136814 0.706884
          0.615780 0.059593 0.384032
          0.374483 0.045311 0.536276
          0.243014 0.0 0.671262
          0.789773 0.200000 0.174236
          0.631614 0.200000 0.265987
          0.425012 0.0 0.671570
          0.072634 0.071278 0.168996
          0.433366 0.200000 0.289193
          1.000000 0.160635 0.477273
          0.611098 0.055344 0.640860
          0.282890 0.0 0.908531
          0.677774 0.041979 0.819584
          0.290734 0.063182 0.249251
          0.750189 0.039332 0.0
          0.795155 0.081857 0.0
          0.956007 0.098407 0.518892
          0.517009 0.200000 0.749237
          0.057105 0.056931 0.628402
          0.243372 0.0 0.512297
          0.0 0.171851 0.970113
          0.941523 0.145449 0.055209
          0.657374 0.200000 0.038490
          0.909159 0.0 0.0
          1.000000 0.0 0.954545
          0.918556 0.0 0.636229
          0.595857 0.085660 0.0
          1.000000 0.117919 0.438715
          0.448669 0.0 0.553045
          0.311191 0.0 0.790689
          0.830153 0.200000 0.287999
          0.428384 0.094152 0.303505
          0.210773 0.156451 0.499642
          0.077414 0.200000 0.131964
          0.446581 0.200000 0.081447
          0.913252 0.0 0.077867
          0.045455 0.200000 1.000000
          1.000000 0.039355 0.431843
          0.551964 0.200000 0.265910
          0.038697 0.200000 0.294539
          0.476934 0.200000 0.773167
          0.265910 0.0 0.551964
          0.083132 0.0 0.710348
          0.276979 0.200000 0.844798
          0.917759 0.120836 0.0
          0.334450 0.103387 0.154921
          0.353909 0.0 0.869061
          0.448982 0.0 0.712340
          0.437850 0.200000 0.888012
          0.039365 0.200000 0.386153
          0.317293 0.200000 0.638037
          0.494684 0.055910 0.945987
          0.477189 0.0 0.039435
          0.706964 0.0 0.277357
          0.706664 0.0 0.118288
          0.085273 0.0 0.398485
          0.748833 0.0 0.595944
          0.221492 0.0 0.314874
          0.591139 0.200000 0.106477
          0.197222 0.0 0.591568
          1.000000 0.076967 0.371754
          0.0 0.0 0.227273
          0.304446 0.156321 0.892974
          0.277442 0.200000 0.660952
          0.197441 0.0 0.512050
          0.743841 0.0 0.914947
          0.430173 0.0 0.197210
          0.170876 0.157266 0.752548
          0.557373 0.200000 0.817268
          0.040547 0.0 0.157013
          0.960635 0.200000 0.068182
          0.227273 0.0 1.000000
          0.634561 0.200000 0.634049
          0.206926 0.200000 0.039506
          1.000000 0.0 1.000000
          0.655547 0.145953 0.877863
          0.593088 0.146022 0.165532
          0.073210 0.200000 0.039057
          0.262911 0.126489 0.358679
          0.671088 0.200000 0.197287
          0.0 0.160594 0.568329
          0.329900 0.046685 0.218675
          0.157383 0.200000 0.867522
          0.117856 0.200000 0.706263
          0.933622 0.0 0.752208
          0.398491 0.200000 0.085276
          0.090841 0.0 0.0
          0.794408 0.200000 0.909694
          0.151690 0.0 0.750142
          0.880769 0.200000 0.956079
          0.237111 0.200000 0.867607
          0.357512 0.0 0.711519
          0.772727 0.200000 1.000000
          0.0 0.059893 0.036325
          0.252402 0.0 0.940842
          0.213359 0.061563 0.232047
          0.0 0.153629 0.664069
          0.660847 0.041887 0.171186
          0.434366 0.118796 1.000000
          0.775523 0.0 0.396326
          0.504044 0.155100 0.727187
          0.0 0.124114 0.636585
          0.959638 0.133965 1.000000
          1.000000 0.171857 0.970107
          0.568182 0.160635 0.0
          0.161293 0.065103 0.709903
          0.136364 0.200000 0.0
          0.101470 0.053642 0.660897
          0.237552 0.200000 0.637877
          0.701962 0.061420 0.700934
          0.0 0.038352 0.615450
          0.067476 0.165728 0.0
          0.595944 0.200000 0.748833
          0.384166 0.0 0.196950
          0.712201 0.200000 0.541021
          0.841210 0.0 0.595195
          0.436566 0.200000 0.662145
          0.427344 0.0 0.435008
          0.314887 0.200000 0.221507
          0.591833 0.200000 0.288731
          0.451253 0.0 0.237236
          0.082850 0.071341 1.000000
          0.659699 0.160960 0.0
          1.000000 0.0 0.363636
          0.931543 0.054918 0.876076
          0.027130 0.100161 1.000000
          0.752003 0.200000 0.472113
          0.0 0.0 0.454545
          0.0 0.200000 0.772901
          0.064653 0.137353 0.155098
          0.273464 0.076224 1.000000
          0.117145 0.200000 0.292258
          1.000000 0.200000 0.0
          0.110718 0.058022 0.602941
          0.886641 0.200000 0.037982
          0.931082 0.200000 0.034603
          1.000000 0.171855 0.029895
          0.447427 0.043541 0.685822
          0.039419 0.200000 0.614115
          1.000000 0.118903 0.616254
          0.237572 0.200000 0.591888
          1.000000 0.165538 0.935696
          0.552048 0.200000 0.311328
          0.565446 0.058022 0.874970
          0.753463 0.200000 0.655830
          1.000000 0.039365 0.613636
          0.0 0.114340 0.595857
          0.633463 0.147477 0.543473
          0.861976 0.145965 0.241602
          0.612003 0.0 0.594881
          0.477273 0.200000 0.039365
          0.727273 0.200000 1.000000
          0.294952 0.0 0.959311
          0.222578 0.060061 0.130010
          0.818222 0.156546 0.587241
          0.0 0.200000 0.0
          0.144853 0.100362 0.568799
          0.219108 0.0 0.867950
          0.184077 0.155435 0.821680
          0.661953 0.043000 0.488998
          0.078622 0.200000 0.363222
          0.277109 0.200000 0.798900
        </DataArray>
      </Points>
      <Cells>
        <DataArray type="Int32" Name="connectivity" format="ascii">
          2134 995 1622 316 538 583 1547 1595 370 316 794 1743 1680 1524 1207 1806 63 1246 6 2014 223 1162 781 325 538 596 1547 583 254 63 36 202 398 1685 1454 216 1295 1056 1631 1014 822 67 2131 1087 1631 1056 1295 916 1911 63 6 2050 741 370 794 1743 1013 5 556 1528 1911 1705 63 80 1955 2010 2052 69 738 410 1514 255 398 161 1685 216 1447 1575 350 1354 1972 720 1349 386 1573 923 1458 1317 1277 576 772 94 217 102 902 1678 1949 1095 813 1472 1740 552 2092 1812 1300 2097 132 771 102 1537 568 2167 1146 1614 1422 1174 1156 268 1596 1969 673 1327 1003 678 383 451 1468 1918 384 781 1162 325 1491 169 1525 1222 469 892 1610 1427 1900 864 475 720 1518 1857 846 847 116 1685 376 1422 2098 534 1681 1706 304 2092 552 1812 666 44 1707 1632 1702 1385 1568 826 217 102 1537 902 1071 1740 859 552 437 1111 898 674 488 1420 1751 1152 1156 268 1929 22 469 1610 827 1427 1911 6 961 2014 980 794 370 316 990 1421 151 797 1023 468 249 115 1740 859 552 1812 383 1468 451 2152 689 980 1459 1661 1971 1246 1625 2014 673 1003 1145 678 852 232 227 1492 1949 813 1177 1472 1518 846 438 847 609 1509 1053 1905 1335 498 1378 1380 279 1751 1420 1152 1212 1143 177 1461 948 551 657 627 702 155 1809 1539 1837 516 659 2119 506 2134 995 471 657 551 937 627 1383 302 2032 1351 895 1899 1872 1652 1003 673 1145 657 498 255 1378 1380 1418 155 341 1539 1526 1660 705 1566 1156 1929 268 1969 1581 1484 274 1551 545 944 1842 177 1013 33 5 1528 1978 190 1341 1234 1042 705 1526 1660 2017 718 1146 1144 1707 1481 505 1632 254 202 36 657 571 663 1477 2031 1573 1317 1458 651 1491 169 1534 100 659 516 33 2119 444 1163 756 579 1392 1063 445 1174 1458 1149 1317 2167 584 1664 530 623 1740 686 859 1812 741 794 1735 1743 2134 1096 995 316 1838 1257 1126 511 437 898 1251 674 1900 830 864 720 1837 321 659 516 96 1336 906 1021 1264 1056 1657 1014 545 1842 176 177 1979 701 2076 811 196 1166 1467 888 1103 59 1582 169 1138 1029 1290 1169 2053 906 1478 1699 1881 1212 1143 177 787 365 374 1008 469 182 1532 1427 1972 1349 830 386 1385 1702 1568 598 794 316 1735 1743 953 1643 921 1790 1295 916 1056 1319 469 1532 892 1427 1113 926 1965 386 63 948 1246 2014 1295 1319 1056 1014 376 116 550 1685 376 1685 1175 1422 1618 191 626 1717 1155 1152 2109 2081 571 1477 1043 2031 469 827 876 1427 2120 504 2165 2037 329 2045 1333 1993 2180 1545 2015 1152 659 321 33 516 494 1276 1971 1684 223 2011 1162 325 830 1349 1972 172 1383 2032 768 1351 2069 337 840 1215 2020 1514 410 255 926 2091 390 789 689 1661 1459 1920 830 1972 1192 172 895 1872 270 473 287 599 1764 2003 444 330 319 2021 715 1972 1414 386 1058 828 1235 175 1229 383 1355 451 1707 1188 505 1481 331 867 2004 1741 584 354 1664 623 1484 1510 274 1551 102 568 1317 2167 1103 59 5 646 0 304 2092 68 813 463 1372 1472 1547 583 596 1465 644 444 756 579 1477 663 987 2031 1257 1838 1163 511 830 1192 1972 386 1526 705 1042 1566 1296 1643 566 1735 1791 2109 1152 2081 116 550 1685 216 796 1064 504 2037 329 905 648 1993 1978 837 190 1234 384 1162 781 263 1675 805 1746 1732 1638 1489 1516 2124 1277 576 1009 2156 822 74 1046 510 1350 819 236 903 689 1622 1661 1920 1700 2060 2038 319 430 1350 819 236 1182 629 530 495 830 2128 864 118 1126 1701 138 1022 1680 461 1524 1806 1156 1386 1929 1969 279 1420 1751 1999 1277 772 576 2156 1300 132 1533 771 445 266 1072 172 501 1662 1042 1660 652 2056 1490 1743 375 2106 499 714 421 1524 1680 461 1362 349 1850 826 1354 182 876 1427 254 948 63 202 1362 97 2011 826 2092 552 1740 68 384 223 781 325 1418 1539 341 823 609 214 1509 1905 797 1481 1707 1632 1146 1422 1430 1174 923 1458 1317 2167 501 1042 1526 1660 2134 1768 1622 471 223 237 781 848 48 216 1966 2143 1085 1300 2097 132 900 1517 370 1743 883 426 884 1574 217 140 102 1678 3 1314 857 623 1786 675 1049 2012 1618 1882 519 259 895 184 1899 1652 1156 1929 1386 22 822 1046 1477 510 1817 7 8 1322 1675 1649 1746 1537 48 1966 1171 2143 980 370 1517 316 1705 202 63 80 79 1828 1247 546 1972 1192 1414 386 856 945 1047 1572 945 1572 843 1021 822 1477 153 510 715 1414 981 386 822 1601 67 1087 544 458 20 834 1163 330 444 2021 1404 374 1046 510 1526 1042 61 1566 1707 1708 666 1839 796 572 1064 2037 905 1247 648 1993 384 1162 263 325 2032 302 896 1351 1962 1762 572 1334 1643 1768 921 1790 666 1707 505 1632 157 1163 1940 103 1479 80 202 1205 884 144 1576 1620 1707 806 1708 1839 102 414 1537 2167 939 79 1739 1828 1595 185 1348 1752 578 1601 1730 1901 702 1809 1616 1539 1643 865 1768 1790 1170 1760 853 771 1729 1320 1016 405 331 2004 109 1741 63 6 2050 2014 1939 1675 1746 1732 1940 1163 157 330 33 516 321 248 79 1247 1828 965 2097 1300 1085 811 1277 1837 772 2156 1013 33 1528 248 631 1052 1791 2081 666 1708 1707 806 578 1623 1730 1601 822 153 1477 1601 468 2020 249 115 260 944 948 551 1236 1531 520 1741 1288 1268 1473 1422 1547 1595 583 1465 1277 772 1837 94 1618 626 2172 1717 2134 1622 995 471 900 370 998 1743 1264 1239 1657 451 1955 69 2052 2148 906 96 1470 806 1058 1235 185 175 1911 63 2050 80 1146 1034 2017 1144 166 1962 107 1762 1288 1422 1473 1174 1509 1905 214 2116 1962 572 1762 637 703 690 1858 866 1911 961 80 2014 53 1341 1234 245 1911 2050 6 2014 941 114 22 2173 689 1622 316 1661 944 404 1842 177 1045 1251 49 1717 1383 768 2032 259 1534 169 110 100 1823 211 921 1989 398 550 1454 1685 1277 1837 321 94 854 2052 2010 1377 1317 1149 1458 651 375 1685 161 714 538 507 583 1595 1491 110 169 100 971 598 161 216 1840 1291 772 136 375 161 18 714 79 1828 939 965 570 258 528 1429 1288 1473 1268 1174 796 1727 2120 508 1103 169 1534 5 534 1888 1681 1706 1882 847 519 259 258 23 528 1429 659 1087 1837 2119 856 843 945 1572 1491 1525 1057 1222 905 642 1333 708 796 1727 572 2037 328 1844 194 436 642 1247 905 1993 1675 1746 805 1537 2092 304 397 1812 477 33 516 2119 1518 847 438 2114 1618 2172 1882 259 1786 1629 675 2012 1003 657 1145 678 339 310 927 265 1013 1275 33 248 279 1751 1155 1999 988 567 279 2086 1509 1548 1905 2116 1163 330 1940 579 601 2026 1857 332 1498 1786 1049 929 223 781 1162 848 797 1188 1707 1481 1700 2038 1668 319 1328 1534 646 1493 1753 1169 1290 877 1962 1762 166 637 898 68 241 674 813 1372 1177 1472 830 864 720 118 1063 1473 1392 172 33 1275 1013 5 383 1355 451 1918 945 1251 1047 1572 36 1535 657 1981 852 1356 232 1492 1504 227 1810 599 301 1023 249 2178 919 2029 1983 94 1850 349 1362 2011 796 572 1727 1334 346 1171 1966 2143 544 1685 458 834 905 1247 642 546 37 1690 171 649 822 153 1601 1087 1383 438 846 847 1900 864 830 2128 365 1477 374 1008 1525 169 110 1222 2004 1531 109 1741 1276 2014 1971 1684 968 653 109 1924 1421 797 990 1380 1509 1053 1905 1548 1362 2011 349 826 1751 279 1155 1152 659 321 1837 1087 96 906 2053 1021 1463 2162 553 887 1740 552 1071 68 1301 738 410 1514 2097 1085 1145 811 2128 1872 1652 473 1534 1751 488 1420 703 1824 1858 690 568 1537 1272 2167 1296 1768 1643 1735 1677 214 774 902 1581 1484 1551 795 1536 1171 594 848 1027 1354 876 1427 1823 650 211 1989 2062 1791 2109 1152 1643 1296 1096 316 1103 5 1534 646 906 1336 96 806 1264 1657 1056 451 613 2070 1949 785 1504 599 1810 2166 667 1514 410 2012 1376 969 1056 916 906 1708 2053 1021 830 1662 921 172 1277 516 1837 2156 1166 115 1467 888 1146 1034 1614 1174 144 1396 1576 1620 1813 1865 2082 1525 1966 216 346 2143 1479 177 1143 1461 898 32 68 674 445 1072 1063 172 1904 1306 150 1732 63 948 2050 202 695 600 1533 547 1473 1422 1614 1174 1840 772 287 136 2032 302 1383 2114 1236 528 23 1429 375 499 1685 714 941 22 266 2173 689 1459 763 1920 1177 171 1690 649 1751 1420 1534 1999 653 968 109 1022 1392 1473 1063 1174 374 1477 1046 510 2134 1622 1768 316 898 1381 241 68 689 1517 980 1661 2052 69 2010 1377 1103 59 169 5 1246 56 1625 2014 1491 1534 371 100 1143 1212 638 1584 653 520 1236 1531 958 185 1595 1752 2120 2165 1727 2037 2045 642 1333 1993 30 53 1880 1583 161 1685 346 2011 968 599 287 2003 1496 1272 1537 2167 110 1525 1491 169 339 927 1082 265 1623 1730 1601 2094 620 805 1496 1560 822 153 74 510 1747 918 1210 1854 63 2050 948 2014 505 1707 666 1839 567 569 279 2086 462 1572 945 1021 444 330 1163 579 654 738 410 1556 2069 840 877 1215 241 1381 898 1717 953 1643 2134 921 1643 865 566 1735 1978 837 1234 620 2002 671 1177 1690 2098 1681 1621 1706 1319 1014 1482 1906 631 1824 1052 2081 1029 1290 1169 877 1643 1768 1296 316 1703 666 1707 806 157 520 1163 103 1138 1029 1169 877 1545 978 2015 1152 1207 1680 421 1524 426 1373 884 1574 1163 1940 101 579 1447 1354 350 182 896 202 820 944 1213 2047 1357 1840 805 1537 1746 1732 830 921 1349 172 1277 321 1837 516 254 948 202 657 1336 1708 906 1021 1979 827 701 811 119 1837 321 1087 2128 184 153 473 601 332 89 251 241 1251 898 674 1277 158 576 94 498 1514 255 1380 1900 720 475 386 890 1330 1124 1011 212 1824 1328 690 1533 600 614 547 326 1155 456 1999 506 995 1622 471 706 560 82 1373 1415 1685 161 2011 63 202 2050 80 926 789 1965 386 1314 733 857 623 673 1145 1327 678 1675 1671 805 1732 554 1806 846 482 706 57 560 1373 1058 185 569 175 1979 811 2076 459 560 57 236 1620 1458 1149 2167 1889 614 600 1533 1539 1030 1325 1448 1055 241 898 1251 1717 1625 56 1246 948 1333 642 2045 708 1275 1491 799 436 2165 2120 1727 508 1126 138 511 1022 1107 437 1251 674 128 2054 1350 903 445 291 266 172 383 451 1229 2152 151 797 1421 738 1966 1171 346 1422 367 2067 1484 1398 1060 1463 553 887 2091 390 789 278 2180 2015 502 1152 884 1620 1576 1574 1042 1662 705 1660 1703 1707 666 44 343 1764 278 1110 980 1517 689 316 584 666 354 623 968 227 852 232 1927 303 1134 1149 1113 789 926 386 780 2022 269 711 1236 570 528 1429 592 780 1505 711 1137 1398 33 1528 588 580 236 1943 655 1510 677 646 160 27 800 1105 1949 1177 613 1472 375 18 2106 714 53 1234 30 245 1582 169 59 5 1143 1461 1212 1584 110 1420 488 1152 304 552 2092 68 868 594 1102 1660 976 117 987 184 32 1967 1381 68 645 89 332 562 1045 49 1381 1717 1162 2011 1415 325 196 115 1166 888 1639 604 2028 81 830 720 1900 386 1939 1671 1675 1732 1679 2011 97 826 1146 2017 1034 1174 1837 477 516 2119 1842 896 176 177 1182 530 623 495 1002 1848 1482 1906 117 976 987 1477 1760 132 853 771 957 1398 1137 1528 1955 1959 69 2148 2053 1021 1708 1699 1341 1978 1234 245 702 1319 155 1539 1899 1652 184 2031 56 1514 667 2012 128 1350 236 903 1751 456 1155 1999 410 1049 2012 929 898 1111 32 674 1837 1087 298 2119 584 530 666 623 155 1319 341 1539 57 1620 560 1373 1513 202 896 944 1029 570 1290 877 30 1583 1880 1234 1192 981 1414 386 1430 1422 1288 1174 469 876 182 1427 1142 678 330 891 328 1169 1844 436 529 507 1595 1465 1496 805 1537 1560 1638 2124 1516 1025 1415 263 1162 325 1535 673 657 1981 405 1879 1941 904 371 1534 1491 169 1747 1210 91 1854 7 8 1322 100 520 1531 653 1474 410 738 406 255 1449 1177 671 1690 1840 109 968 1022 987 1477 976 1601 211 1790 921 1989 1496 1234 620 1396 1143 1479 1461 1584 1386 1854 1210 1755 1236 109 1531 1741 1912 438 246 1221 1386 91 1210 1854 1236 157 520 2021 303 1080 1134 1149 1166 1640 1467 115 1335 1514 498 1380 860 1834 1634 255 1966 1422 346 216 2 1680 1207 1806 1513 948 944 551 550 1454 1685 216 629 666 530 495 856 843 1154 945 2053 1708 906 1699 1614 1171 718 1422 820 1479 202 1205 337 1506 840 1215 1675 805 1649 1537 830 1192 1662 172 116 1685 346 216 1275 477 1491 436 353 568 102 1537 898 32 1967 1381 1817 1322 8 100 119 298 1837 1087 787 374 284 1008 1681 1888 1621 1706 116 346 1685 1422 391 1636 1876 486 1904 949 1306 1732 476 1994 653 1474 1962 107 1762 1334 1024 119 664 789 53 30 713 245 614 1014 1319 1906 1496 620 1234 805 1865 2019 2082 1525 1817 8 799 100 1013 556 1780 248 1350 2054 819 903 926 475 1965 789 79 1739 1828 546 102 1317 414 2167 1320 405 1729 862 1782 2149 1858 690 1887 2066 885 516 1643 1096 2134 1768 20 458 499 834 1341 190 1583 1234 410 738 1301 1556 1063 1072 445 1174 1447 876 1354 182 1882 2172 847 259 1907 618 1640 1969 306 278 1764 1110 3 857 733 623 1810 227 968 599 1156 22 1386 1847 0 1608 304 552 157 1940 330 1400 570 1753 1290 877 157 103 1940 1400 1051 2032 734 459 1404 284 374 510 576 772 1009 2156 958 583 507 1465 339 958 310 265 341 2179 823 1906 515 267 161 714 2020 1492 249 115 1887 885 1275 516 1317 1149 414 2167 1881 1143 1479 177 645 332 1857 562 374 1477 284 1008 501 531 1042 1662 223 1162 2011 848 907 2032 768 259 1051 734 2114 459 653 1163 1236 520 948 1513 657 551 1383 438 847 2114 1618 907 191 1717 1685 499 458 834 1768 865 1643 1735 383 1468 1355 1918 57 984 378 1574 1320 1729 616 862 556 5 1926 1528 653 1994 476 511 288 2058 1354 461 1496 805 1234 2167 1568 1385 1033 826 614 182 1014 1906 1058 569 828 175 322 57 706 1373 1872 2128 270 473 1759 34 1646 674 0 552 304 68 992 1162 1685 499 1391 1833 859 1812 343 278 475 1110 926 390 475 789 2060 1700 764 319 520 1506 1236 1741 588 1828 580 1943 476 653 1531 1474 1658 91 1843 1854 1170 771 853 1855 1428 1636 391 486 529 958 507 1465 1535 672 673 1981 1844 477 194 436 1489 2124 1638 1025 597 287 1764 2003 896 1145 1513 1855 1979 827 811 459 976 1477 153 1601 1870 865 1868 1105 1307 445 291 266 2032 2114 1383 259 1013 1528 556 248 1971 1625 56 2014 171 1730 1601 1901 1618 2172 907 1717 1042 705 61 1566 1371 1611 162 70 1296 1768 1735 316 292 456 1070 703 346 1685 161 216 1730 1177 171 2094 116 346 1422 216 109 968 1924 35 896 944 820 177 757 1171 1966 1422 560 1620 82 1373 1058 1762 569 185 644 330 444 579 2168 1475 2029 2003 614 1056 600 1616 718 1614 1146 1144 341 1539 1319 823 672 1535 36 1981 1314 1251 857 733 1496 1396 620 984 1506 877 840 1215 984 972 57 1943 1911 80 2050 2014 1236 1163 653 52 339 1082 1204 265 1965 789 475 386 800 1868 1792 1105 37 730 1766 630 1376 1056 1249 916 890 271 1124 1330 898 49 1251 1717 1072 266 1063 172 161 598 349 216 117 153 976 1477 913 1083 1634 1659 1729 405 1016 1706 1026 1386 1710 22 900 998 1859 1743 1307 266 291 172 561 2026 1845 1524 421 876 1524 461 2045 1691 1312 1993 1778 1871 2165 2037 900 1859 1517 1743 1940 330 1142 678 2128 1652 184 473 1679 349 2011 826 620 1496 984 1560 1638 1516 988 1025 1496 1537 414 2167 2165 1871 969 2037 1071 1381 1967 68 1643 1768 2134 921 856 1107 1047 945 2045 1312 1913 1993 1805 439 1465 1883 937 657 1513 551 988 1738 567 2086 4 1397 847 562 556 1528 1780 248 326 279 1155 1999 2097 1513 1145 1855 1349 720 830 386 279 569 326 2177 1066 1155 1787 265 284 1477 374 510 1302 1583 1930 1889 1534 488 371 100 2023 1574 824 1453 356 475 207 1849 353 1677 774 902 354 1572 462 1021 1070 456 1466 703 665 1358 1410 1400 223 2011 237 848 1378 255 738 1380 1807 718 1171 1422 405 1941 1272 904 34 1646 674 585 1357 1840 2047 1270 702 1616 1319 1539 212 1328 262 690 137 49 1045 1251 1415 346 1685 2011 1234 805 414 2167 1257 653 1126 511 832 67 1601 1087 933 1519 845 748 1487 1177 1372 1472 157 1236 23 2021 1415 346 2011 848 161 2011 1114 325 1576 1620 1396 1574 1101 379 1520 1629 2082 1525 393 877 102 353 902 1678 2117 274 1581 1484 2175 451 327 1918 367 1682 2067 1398 1823 1662 650 1989 505 1188 2050 1481 1570 78 1051 1981 1023 249 1676 115 1277 321 158 94 1766 37 536 730 1142 330 1940 1400 1236 23 528 1506 597 287 772 136 665 1506 1358 1400 1907 356 618 1969 144 245 1396 1620 353 1272 568 1537 764 1124 1330 1011 675 1629 232 2012 1579 1713 2039 1204 632 442 1972 1349 253 1809 1648 1616 528 1525 258 877 653 1994 739 1474 601 2026 332 251 919 2168 1475 2029 705 981 2128 1652 1771 2 1207 1524 1468 451 2175 1918 1356 410 1514 2012 1257 1163 653 511 571 284 1043 1477 676 917 1353 165 33 321 1408 248 2134 921 1768 471 1904 1271 949 1732 311 160 1105 1688 1581 274 1167 1551 1810 599 1764 2166 945 1251 462 585 885 142 516 2156 1257 1701 1126 653 2062 1791 1152 2081 301 249 1492 2178 1027 876 827 1427 2010 69 1955 193 863 1051 734 2114 1817 799 1322 100 1978 1234 245 620 505 1188 1707 1839 260 551 948 627 1955 69 1959 193 430 819 1136 236 456 326 1999 1883 233 1812 304 1397 1376 1249 1056 969 896 1842 404 177 505 2050 1188 40 2134 1768 1096 316 1383 847 1397 562 1023 1676 249 2178 933 845 637 748 633 578 1730 1901 2052 2148 69 1377 432 1038 622 774 1868 1870 2158 865 1139 69 1833 1812 992 499 1685 834 633 1601 578 1901 893 1200 1175 1473 1210 1854 918 1755 120 1767 639 876 1496 984 57 1574 56 1356 1514 2012 1962 572 107 1334 715 1414 1591 981 528 393 1525 877 594 1614 1102 1660 2050 948 260 944 327 1756 2175 1918 1238 1101 379 1520 528 711 1525 393 475 278 306 1110 1677 902 353 1678 1323 262 212 1328 569 2177 279 2086 1504 968 227 599 1236 520 157 1506 2162 663 553 887 1212 1461 638 1584 1498 1049 410 929 1842 545 198 944 1416 819 245 2040 757 1807 718 1171 2082 1813 1525 877 2175 451 1468 2152 522 43 1135 897 1730 171 1177 1901 2117 274 1484 1510 294 161 2108 598 689 316 1517 1661 1682 1398 367 799 1940 103 1163 101 2063 1620 378 2040 1926 5 33 1528 1631 1214 1056 916 1236 520 1163 2021 1126 653 1701 1022 797 1888 275 2095 447 321 119 94 860 1634 361 255 280 1442 144 245 79 1247 1739 546 1291 109 1840 1270 1085 1145 896 1855 1481 80 961 2014 1940 657 937 627 1514 2014 1276 1684 653 739 1994 511 2165 969 1727 2037 898 1381 49 1717 2045 1913 642 1993 2050 202 1479 80 976 153 117 184 2 1207 1524 1806 2032 202 896 1981 583 1595 507 1465 1291 1840 772 1097 689 763 1622 1920 367 1398 1484 1322 414 1496 805 1537 1568 349 1702 826 1941 1879 45 904 339 1204 958 265 1639 81 2028 1688 822 2131 153 1087 2128 153 343 473 33 659 1408 321 1823 921 1662 1989 0 1608 552 418 456 703 1858 866 745 807 1937 1291 507 958 529 1595 906 1708 1336 806 367 2067 1158 1484 1983 597 1475 2003 36 657 202 1981 560 236 1136 1620 1052 1824 703 2081 505 1481 2050 80 1193 2027 1344 944 571 1477 663 2094 236 984 57 1943 1213 2047 1840 1022 1251 733 1314 623 1933 1690 37 649 2015 978 502 1152 913 1659 1634 1834 1391 1403 859 1833 1881 1193 545 944 1657 600 1056 451 1325 1448 1055 1793 529 1595 958 185 664 1024 514 1231 353 1537 102 902 30 245 1234 1396 275 1888 1621 2095 1767 120 1697 876 2162 663 171 649 453 1997 1100 547 958 1595 507 1752 832 2087 659 1601 1646 418 674 585 1010 876 827 523 1591 1414 1337 981 1246 948 56 2014 917 1353 165 325 907 2172 1383 418 820 202 1479 944 588 236 1828 1943 1881 1479 1193 944 992 705 1660 1566 538 1547 959 1595 2175 1616 327 451 1487 2002 671 1177 406 410 654 738 2097 1300 695 771 505 1479 1968 1205 1193 1479 2027 944 1291 1837 772 136 1467 115 1640 888 990 1481 797 1632 1921 74 1423 153 1150 724 967 960 1751 690 703 866 992 499 284 263 1972 632 1349 720 171 1690 663 2094 648 1247 905 546 256 294 2108 598 110 1534 488 1420 1568 1702 349 598 1515 69 758 1630 1668 764 1700 319 1064 572 796 1334 1837 119 321 94 739 948 657 627 1515 758 69 193 853 771 132 1855 1228 1625 511 1684 709 1843 91 1854 1513 1145 896 1981 739 520 653 1474 2098 1621 1563 862 171 1601 1730 2094 353 140 1317 1854 1634 1834 1677 255 560 1136 82 1620 1681 1563 2098 1621 2082 1525 2019 393 1211 2176 778 1999 462 1968 666 1708 992 1162 499 263 1276 1783 2014 1380 1013 516 1275 248 241 2172 907 418 1668 2038 330 319 764 1468 1124 1011 56 476 1356 2012 1618 907 2172 259 1056 1616 969 742 410 406 2020 255 653 1163 1257 52 538 1595 959 940 1496 378 984 1574 1794 1595 507 940 87 1468 383 2152 898 32 1381 68 1047 945 1107 1251 1940 678 1142 660 1368 604 351 1953 999 1599 227 333 1356 476 56 1684 176 1842 920 896 1496 414 805 2167 1997 678 1100 547 1794 507 1595 1752 541 1771 1165 2026 1643 1096 1768 316 1416 889 819 2040 254 36 1535 657 1416 700 245 819 1580 819 889 2040 1887 1013 1304 516 617 663 2162 649 1968 1708 231 1584 1275 516 885 142 78 2032 1051 1981 797 1481 990 1380 1456 833 1514 1492 575 1006 302 1855 1414 1192 1337 981 171 1690 37 663 2023 824 1494 1453 695 1300 2097 811 666 1968 505 1708 1782 1858 1824 690 2019 1525 711 393 1805 1036 439 1883 2046 1490 1405 1743 859 1833 552 1812 1236 1163 52 2021 33 1275 799 436 303 1605 1080 1149 1792 334 1105 1072 721 258 570 1429 154 1520 2145 1969 346 161 349 216 326 279 567 569 241 462 1251 585 1421 738 797 1380 991 2058 1254 1354 1844 1169 477 436 2091 789 1231 278 483 806 28 1951 306 475 356 1281 1305 1229 451 2152 33 799 1275 5 840 1506 570 877 896 1145 1085 1981 1608 233 304 1397 322 2034 706 57 1320 862 616 1176 1415 1685 346 848 554 1059 846 1806 1639 604 1360 2028 1631 1295 1214 916 592 711 1505 1222 11 554 1059 846 653 109 1840 1022 326 1420 279 1999 830 921 1662 1860 653 1531 109 1924 221 652 1859 1922 353 1317 102 568 311 1105 282 1688 110 279 1420 1152 1887 1275 1013 516 1771 2026 2 1524 893 148 1200 1473 832 67 2087 1601 1372 1449 1039 1177 1168 1602 876 182 1751 1155 703 2081 1912 602 438 302 141 1766 536 730 1496 568 1272 2167 222 1926 556 5 613 1472 957 785 1047 1107 437 1251 620 1396 378 984 1386 1929 1710 22 1376 1249 969 1871 375 2106 458 499 1173 1466 1359 1082 1431 716 768 418 483 28 2077 1951 252 1229 1305 2152 820 1968 1479 1205 1482 1319 1295 1014 1794 507 1073 940 1639 2028 1360 1688 962 137 1045 1251 260 667 2050 17 1006 438 602 302 531 1042 1662 1860 269 711 2022 1025 570 1169 1753 877 87 126 1587 1468 165 66 1415 499 896 404 944 177 1927 1134 1953 1149 1266 1547 1650 1595 676 917 165 714 1182 623 1968 495 2050 667 56 2014 1570 1051 459 1981 1383 1397 2172 562 1415 499 66 714 666 623 530 495 988 279 567 1178 805 967 724 960 1859 1743 998 1922 383 1468 87 1011 655 1551 1510 646 709 91 1386 1854 2038 891 2083 1918 343 475 1900 864 1867 1879 1749 214 1175 346 1685 1660 141 1766 730 630 629 584 530 666 1496 57 984 972 653 1236 109 1531 988 279 978 2086 780 711 592 258 560 706 2034 57 561 1845 1424 1524 528 711 258 1525 1004 354 1932 1021 330 157 319 2021 151 797 738 1548 681 1518 1589 847 1932 354 1315 9 18 161 267 714 2050 667 1301 17 207 720 864 118 1479 202 2050 944 1317 140 709 1854 205 665 1410 1400 800 1792 1549 1105 654 1301 738 1556 604 1953 1571 81 303 532 1605 1149 414 1317 1080 651 1710 1386 1026 1517 528 570 1236 1506 724 489 805 960 1710 1517 1026 316 2066 885 516 2156 1066 1155 703 1787 1356 56 1514 1684 117 153 2128 184 1127 1139 1686 1777 852 511 138 1022 353 1658 140 1854 275 1123 1621 2116 1819 620 245 819 1326 2083 1627 891 180 1690 1933 649 1198 1749 1867 1879 571 66 165 499 1368 1571 604 1953 328 1491 1169 436 209 2011 2143 848 1902 37 1933 1690 1840 1097 1291 1270 448 383 87 1011 2032 734 459 259 922 1431 716 768 1228 494 1625 1684 604 351 1953 81 405 902 214 904 1303 962 1045 1251 2000 239 819 903 2022 711 780 1330 11 1059 2148 846 1319 1616 614 1539 266 22 1929 2173 2050 1301 667 2014 154 1565 2145 1520 1139 1812 1686 1777 884 1373 1620 1574 796 1334 1727 508 905 546 642 708 1121 350 1575 1354 475 356 1281 1849 349 161 346 2011 2114 459 734 259 88 2007 1540 1034 88 2007 1034 1790 1080 1953 1134 1149 1415 161 1114 325 1693 2124 1444 1011 1581 1551 1167 795 1150 967 942 960 1513 948 2050 944 1027 1354 1427 823 676 165 66 714 405 1272 1941 1176 367 799 1398 1322 1510 1926 677 646 1063 865 1768 266 37 171 663 649 832 1601 659 1087 1037 1173 1359 1082 341 823 1319 1906 1146 1614 1034 1144 303 1605 1134 1080 719 1587 1374 1756 1821 391 1876 486 597 1983 2029 94 1668 1756 327 1918 2038 1700 1668 1918 1063 921 1662 172 388 1587 719 1756 33 477 1275 436 1060 553 987 887 475 789 390 278 1236 157 23 1506 528 1358 1587 1215 378 236 819 903 1136 819 378 236 724 805 489 1671 837 1234 620 960 2 1524 2026 1806 1611 547 162 70 845 166 1762 637 1415 66 165 714 262 690 1328 1551 4 846 1857 847 899 919 1983 94 1168 876 1447 182 1236 109 1291 1270 1489 2107 1516 2124 661 1638 1516 988 709 1843 1658 140 552 1397 2172 418 1599 2003 227 333 1104 655 677 646 1724 1579 2039 1204 797 1707 44 1632 1840 52 2047 1270 448 383 1507 87 1870 1868 1527 1105 1968 623 666 495 939 1828 322 965 792 538 581 1529 1145 657 673 1981 1376 1249 1214 916 437 1107 1111 674 2088 1600 1845 2026 246 1912 602 438 2092 1740 1 68 1320 405 862 1176 805 1671 724 967 2010 1955 1586 193 462 1251 733 2064 1751 1824 703 690 1165 1600 2026 1524 820 1479 1968 1584 1254 1354 2058 461 306 1504 1810 2166 1175 1685 346 1422 33 1408 1137 1528 102 140 353 1678 1415 2011 161 325 1146 574 2017 1174 1668 330 2038 891 1300 1533 614 547 1967 1071 1403 1381 1013 222 556 5 1376 969 586 1871 1870 865 1105 1735 444 319 23 2021 180 1177 1690 649 438 846 246 1221 1085 302 2032 2114 1659 1677 353 1678 1782 1858 703 1824 581 538 959 1529 1416 889 700 819 2050 260 56 667 876 1027 827 523 117 1043 1477 2031 2089 1244 130 2040 1056 969 1249 1871 1927 1953 1853 1149 349 2143 2011 848 709 1080 1317 651 110 488 1534 100 553 1463 617 2162 1425 102 217 140 117 2128 981 1652 515 161 1114 714 1480 1232 2099 969 1056 614 1319 1616 1411 282 1105 1688 2046 221 1859 1953 1608 1397 552 418 203 2 1771 2026 1840 1022 2047 52 1276 2014 1514 1380 165 714 917 325 718 1171 1614 1144 1858 690 2149 866 1926 1398 33 799 507 486 1204 1752 1873 225 217 1272 870 12 1873 1272 343 2029 1810 1110 922 1431 768 1351 1297 1977 2132 1968 528 764 1587 1358 1326 2083 891 1918 439 1178 1465 1883 124 2099 1232 969 552 1381 1071 68 69 2148 1542 251 221 652 2046 1859 1415 1162 1685 848 1073 507 1794 486 1083 1634 1659 1677 893 1175 1192 1473 1137 957 2162 1901 157 330 1163 2021 738 255 1514 1380 2157 2099 124 969 1842 944 198 404 1307 442 809 1349 1383 907 768 259 2050 948 1513 202 2023 1176 1574 1453 1608 304 552 1397 2063 261 1580 2040 1248 1221 1431 1351 1177 2162 957 1901 507 1794 486 1752 1971 2014 56 1684 1101 1520 1238 759 2179 2068 991 1906 1006 210 602 438 917 714 1114 325 716 1093 768 418 1276 1335 1783 1380 1792 1105 1868 1072 1182 3 1297 1968 719 731 1374 1587 171 663 1477 2094 552 2172 1381 418 489 805 1675 1671 992 1043 981 1652 993 1830 729 1913 1024 153 119 789 1900 343 2128 153 1679 209 97 2011 388 2159 719 1587 1114 161 1415 714 739 657 1940 627 1366 260 808 1994 2127 731 2159 1587 448 2078 383 1011 642 1123 275 480 990 797 44 1632 1703 666 1219 928 1772 1766 141 630 743 2045 1691 1312 1778 586 2165 1871 515 603 267 714 1142 678 695 660 327 451 600 1918 768 2032 820 1351 343 1810 1764 1110 896 2032 820 202 1114 714 1415 325 160 27 1105 1688 807 1937 1291 109 1819 245 700 819 1428 391 357 486 1986 2118 1467 1843 715 1591 417 981 1163 520 157 2021 1234 1496 2167 1453 1870 1105 1527 1735 2046 1571 221 1953 1997 453 891 547 1074 1346 1795 1630 87 224 1587 126 655 1104 1551 646 2046 81 1859 1743 462 733 1251 623 343 1764 1810 2029 597 772 1983 94 1232 969 1480 916 1905 1548 1445 2116 505 1968 666 495 1466 703 456 1155 1381 2172 241 418 165 499 1415 263 1840 109 653 52 1040 1080 1108 1671 1456 521 833 1492 768 907 1383 418 962 1928 624 1251 1729 862 405 1706 922 1248 1431 1351 249 1492 1676 115 1159 2067 21 1811 1968 1479 505 1584 1070 703 1466 1787 890 1124 2078 1011 1016 1320 1255 573 273 677 5 646 1448 1934 86 1055 371 1398 1926 799 861 292 1070 703 655 912 677 1510 132 302 1006 1855 767 1524 461 1806 597 772 1837 136 1166 1106 1640 115 571 663 1690 2094 1708 1021 462 1699 1701 653 1257 52 347 881 464 965 261 819 1580 2040 1721 636 429 1994 88 865 2007 1790 1715 1122 30 1396 2172 1397 1383 418 837 942 190 1234 679 1066 1787 265 1466 456 326 1155 1432 1814 1517 1271 1634 1677 361 255 604 1571 2028 81 941 1495 114 2173 1937 745 1291 136 1658 140 1843 888 1751 456 703 1155 567 279 326 1178 1877 2092 1 68 709 1658 1843 1854 571 499 165 263 280 245 144 1620 1503 10 691 826 1449 180 1177 1690 1070 1359 1173 1466 739 1163 653 520 1658 709 140 1854 1326 891 600 1918 489 1675 1939 1671 1676 1504 1629 1492 180 1902 1933 1690 171 1177 2162 649 614 1427 1354 823 1126 511 653 1022 214 1905 1445 2116 831 722 1648 668 371 799 33 5 1288 264 1268 1422 613 2162 1177 649 284 1477 571 1008 1513 896 202 1981 1127 69 1139 1777 4 2148 69 251 1907 1520 356 1969 1614 1171 346 848 1837 597 136 470 1693 1530 2124 2126 1968 505 1708 1584 442 1972 1349 172 1300 1085 811 459 1445 1677 654 1905 987 553 663 887 1879 405 214 904 1751 1328 690 1493 505 80 1479 1205 1738 569 567 2086 538 507 1595 940 1085 438 1518 827 375 458 1685 499 2168 2029 1810 2003 711 393 528 1330 1145 678 695 811 1214 1249 1631 1056 1735 316 1026 1743 645 149 89 562 207 471 720 118 1921 74 153 510 709 1843 1386 91 1549 311 160 1105 1081 556 222 1926 273 677 222 5 968 109 1840 35 1415 1685 1162 499 1768 316 1929 22 775 1913 743 9 776 909 362 1690 1466 188 1359 1082 45 57 972 1943 1784 216 48 2143 1848 1319 1482 1906 371 169 1275 5 502 978 279 1152 0 181 1608 418 1137 33 1398 1191 2002 106 671 1690 322 965 57 1373 1423 822 2131 153 528 1587 393 1215 462 585 241 2064 2165 1727 969 508 2000 239 178 819 1114 161 345 2011 642 1913 2045 708 1027 1518 438 827 367 1484 1158 1322 1187 97 1362 826 1325 1055 1658 1793 1038 774 432 1617 1625 56 948 977 1621 862 1879 1123 1814 900 1432 1517 1182 2132 2085 1968 1751 1534 1328 1493 600 891 1668 1918 1300 132 1085 827 304 1812 552 1397 244 716 1093 768 893 1192 148 1473 12 1272 870 972 256 1878 294 598 2063 1136 378 1620 1107 1251 945 674 1029 732 1290 570 1784 349 216 2143 1810 227 1599 2003 584 1991 1664 354 221 2079 652 1922 822 1423 74 153 69 1812 1139 1777 1614 1102 1660 1989 1693 1489 1444 2124 584 354 666 1219 1518 827 1027 523 1003 657 678 579 371 33 1926 5 992 284 1043 263 774 654 1445 1677 1648 1616 1809 1539 1056 969 2175 742 1272 1537 353 902 343 864 1900 2128 1142 695 678 891 405 1272 902 904 1403 552 859 1833 1157 1282 2056 1743 1301 410 667 1514 241 1251 945 585 1941 1272 1496 1176 1073 507 486 940 87 224 126 1960 426 1574 883 1980 976 321 659 1087 1815 787 284 1008 1710 316 1622 1661 1376 586 1249 1871 1168 1447 350 182 1063 921 1349 266 2097 1145 1940 678 171 1408 976 887 385 1591 1337 981 1659 1677 1634 1834 2157 1067 2099 969 1187 1362 1850 826 701 827 1300 811 141 730 165 630 37 1690 571 663 1491 477 1169 436 1602 1697 120 876 88 1034 250 1790 992 263 1043 1566 2032 459 1051 1981 642 1621 275 1123 1691 2045 329 1993 1778 2165 504 2037 1840 287 1291 136 1411 282 368 1105 1445 654 774 465 1056 2175 1616 742 414 2167 1149 1889 622 432 774 1055 1057 1491 1275 477 987 1477 171 663 1907 618 356 1520 1233 520 1419 103 1475 597 2029 2003 1991 1201 2071 9 756 444 1471 1163 1043 117 981 1652 87 2124 1738 1903 327 1616 2175 1756 729 1830 755 1913 1101 1629 1520 759 1551 646 934 1493 957 613 1177 1472 43 1135 897 1508 171 1408 1137 1601 1715 1889 744 1453 306 1810 1504 227 221 1953 2079 1922 10 2143 691 826 1621 275 1445 1888 23 319 157 2021 1300 1027 1427 823 1006 132 438 302 2098 1621 862 1706 2157 1067 969 508 1188 1481 797 363 2050 1301 1188 17 1844 1874 194 477 968 476 653 1924 987 663 2162 887 1912 302 438 1221 462 231 1968 1708 253 1648 327 1616 1201 643 993 9 447 343 153 473 2034 1828 588 236 1183 779 242 1762 648 905 1739 546 1102 1614 594 1144 1830 755 1913 708 1703 44 666 928 1516 2124 988 1025 410 2020 406 929 1039 180 1216 649 383 2078 1355 1468 107 1064 796 1334 1577 362 909 1690 378 1496 1396 1574 1027 876 767 523 1703 797 275 2095 1929 266 1768 22 820 1968 231 1584 859 1403 1071 552 2034 322 1828 965 749 44 139 60 1042 705 1662 1860 933 845 1762 637 885 71 1887 1275 1068 1244 2089 2040 2050 1188 1301 1481 1881 1479 944 177 613 957 2070 785 2107 1516 2124 1178 1446 152 1518 827 1549 160 800 1105 1431 1221 768 1351 1356 1629 1504 1492 912 1510 559 2006 670 821 1407 649 4 2026 2148 251 641 900 998 1859 192 1073 1794 486 56 511 1625 1684 462 1708 1336 1021 1879 1621 1123 2116 1704 1876 1636 940 830 720 471 118 1134 1080 2079 1953 560 57 2034 236 1662 921 1823 1860 653 852 968 1022 1496 1272 1941 904 1513 2097 404 1855 2034 57 322 965 531 650 1823 1860 793 1324 503 866 1700 764 1668 1468 1496 904 1941 972 1491 477 1057 1169 264 1473 1268 1422 1547 1650 1595 1465 379 86 1448 1934 709 1854 1386 1755 1876 486 1636 940 2046 1953 1859 81 1858 2149 503 866 521 1492 1456 1684 462 241 1251 2064 896 1085 2032 1981 328 1817 8 799 1837 298 119 470 1063 1768 921 266 1396 1620 378 1574 1965 926 390 475 1676 1492 249 2178 2027 944 1479 17 1867 1879 214 904 1261 1630 1957 332 1881 944 545 177 1356 1934 2020 929 778 1999 2176 1883 2127 731 1587 76 879 1519 1348 1595 621 1240 2016 1828 1411 1688 1105 22 1013 1304 516 248 1484 1551 1328 646 1703 1913 1336 1312 2175 969 1056 1871 505 1479 2050 40 1356 2020 410 929 777 272 1824 795 722 327 1648 668 711 1525 110 1222 327 600 1668 1918 679 1804 927 1787 1940 2097 1513 1145 1792 334 1549 1105 570 721 1057 258 371 1926 33 799 1659 774 353 1677 1484 1510 1551 646 1004 843 856 1572 144 713 1122 1396 1383 2172 847 562 199 593 2102 1903 1796 818 1241 447 210 132 512 482 1323 1328 212 795 1940 1145 1513 657 124 1232 1441 969 279 1420 326 1178 239 178 819 903 1344 944 2027 17 900 1432 1517 949 1056 1319 614 1014 881 347 1206 965 1130 893 1200 1175 1261 1957 1833 332 1454 550 116 216 920 896 1842 404 355 538 792 583 1030 589 1325 1658 1571 1953 2046 81 933 529 1519 748 388 1358 1587 1756 695 1145 2097 678 117 184 2128 1652 1310 1884 589 1658 1063 266 1349 172 1479 820 1461 1584 1627 453 1326 891 221 1859 1953 1922 161 1685 1415 714 2148 846 1059 1806 1934 1520 379 1629 209 2143 1891 848 1602 120 1168 876 1536 1019 594 1171 1124 271 982 764 338 272 685 1824 1431 418 768 1221 969 1616 1441 742 1425 1050 217 102 715 981 417 386 999 1599 565 227 1703 1336 666 806 1303 1251 1045 1717 1346 2112 1795 1630 650 1662 1823 1860 1272 568 1496 1176 258 1429 721 142 246 846 438 482 1913 1312 743 9 1124 764 1700 1468 760 2157 124 969 28 806 1312 1951 1305 451 1871 2152 190 1930 1583 1234 20 1815 284 499 1767 639 876 1524 87 2175 126 1468 1027 767 461 482 1484 1926 1510 646 1693 802 1530 2126 371 1491 1275 169 1534 169 371 5 653 476 968 852 414 1537 805 1732 1337 981 1192 834 1036 1178 439 1883 2023 1494 1176 1453 1336 9 1932 90 2179 341 2068 1906 478 39 1457 1510 1374 1587 126 1756 1812 1377 854 1777 293 1725 1235 958 1441 1988 760 969 1625 511 56 977 1124 2060 1700 764 2118 1497 888 1271 1456 1492 1514 1684 1276 1514 1335 1380 757 1807 1171 1422 1466 456 1359 188 117 1477 987 2031 1425 1904 102 1271 475 897 864 1110 264 1175 1200 1473 1043 284 992 981 2038 1627 2083 891 1071 552 1403 1381 171 976 1408 1601 1622 1710 1661 1920 633 1137 1601 1901 969 916 1441 1616 993 1086 1830 1913 1336 1703 666 1219 2128 705 830 981 1019 1171 1536 848 621 1342 434 1828 1405 1688 1743 2035 1037 1359 188 1082 1102 594 2103 1144 776 1690 362 66 2172 1397 552 562 385 284 1404 981 654 1677 406 1905 1211 1999 778 866 555 203 2026 2148 1198 1879 1867 904 126 1903 87 1960 1275 516 33 248 1184 1776 422 1903 1721 429 476 1994 677 1510 912 1926 1301 1481 1188 363 1997 891 678 547 666 1968 462 623 453 1326 891 547 349 2011 346 848 601 1845 561 2026 2145 1520 1565 1793 1709 1123 1621 1089 636 1366 808 1994 1983 1262 772 2003 231 1461 820 1584 43 618 1135 1508 1689 1903 87 2126 679 927 1082 1787 20 499 284 834 224 393 711 1330 1145 657 1940 678 614 1300 1427 823 371 1275 799 5 1428 1529 1636 486 1277 321 516 248 1 1740 1071 68 1291 287 109 136 1368 2018 1571 1953 505 666 1708 1839 88 250 865 1790 245 620 378 819 171 976 987 887 538 583 507 188 1213 1262 26 2003 137 898 49 1251 1721 476 1531 1474 512 132 238 823 1955 1959 1586 193 1249 1056 1214 916 1932 354 1336 1021 1941 904 45 972 1103 2065 59 646 1587 126 2175 1468 1549 282 311 1105 837 942 1234 960 1858 503 290 866 384 781 740 263 1085 896 2032 302 2159 1587 388 1358 767 876 1027 461 83 841 1409 1312 1283 441 1217 1871 2034 57 1828 236 245 620 1234 1396 1668 600 327 891 522 707 43 1508 555 1542 2148 251 2079 1953 1080 1922 1932 1336 354 9 592 258 711 1222 912 559 817 2006 690 1551 934 1493 1707 1188 797 363 376 544 1130 1175 1292 920 575 1855 260 667 808 1994 1192 1473 1662 172 574 1034 2017 1174 281 1261 1957 1833 1934 406 2020 929 813 1039 1949 1177 1587 126 224 1960 878 267 603 714 709 1517 1859 1755 1803 1784 48 2143 1519 529 933 185 536 1766 670 37 2022 1330 890 1011 1513 2050 202 944 1357 1097 1840 1270 1385 1568 2121 598 405 862 1879 1706 1184 1903 422 508 976 1408 659 321 1513 404 896 1855 969 1871 1727 2037 1300 827 1085 459 1559 1177 1487 1472 1302 1930 967 1889 709 1386 1517 1755 678 811 1100 547 1704 1821 1876 940 1467 1843 2118 888 1466 1787 1155 265 1247 1828 1709 546 1582 582 71 1275 1913 1312 642 1993 567 1738 988 2124 1941 1879 405 862 520 103 1233 1474 2038 2083 1700 1918 768 907 820 2032 310 339 1725 958 1835 758 1748 1630 1614 346 1660 848 1204 1082 958 265 2154 2153 1208 2040 691 10 399 2143 1108 1080 1040 1922 210 438 1006 132 1894 1767 1697 876 1819 1416 700 245 1142 1940 660 1400 88 1540 340 1034 426 883 1099 1980 1432 1517 949 1271 385 981 1337 834 935 681 1589 847 968 1504 227 232 2022 271 890 1330 217 1537 1272 902 896 820 2032 1351 1261 1139 1630 332 1300 811 827 459 1937 1291 109 136 433 1425 217 140 370 900 980 1517 1136 236 378 1620 2065 1103 803 1534 1738 87 1903 1960 757 48 1966 1171 1182 3 1968 623 87 1587 224 1468 1914 1797 559 1510 2097 678 1940 660 2071 1201 1279 9 24 312 1197 232 1213 1840 1262 2003 1027 767 1518 523 162 402 1984 1427 414 1080 1149 651 1491 1525 110 502 695 2097 1145 811 272 212 1824 795 2132 1968 1977 1205 1374 1587 731 126 1383 1397 846 1221 1709 1828 1247 965 388 1358 1756 2051 1078 1279 1201 9 1063 1072 865 266 832 2131 67 1087 555 2148 2026 251 1158 170 795 1811 117 284 1043 981 1471 1257 1838 1163 1448 1934 1055 1793 1150 942 724 960 1085 459 2032 1981 1026 81 1386 1847 403 1898 1306 1732 1266 1650 836 1401 933 845 166 1762 1423 1921 153 789 1729 2098 1563 862 957 1137 1408 1528 1395 1540 2007 1034 1840 109 1291 287 876 1354 1027 461 1357 1262 1213 1840 1297 1977 1968 733 797 1445 275 1888 1037 188 1529 1082 1559 1091 1487 1177 621 1438 2073 1123 407 1040 1108 1671 1738 2019 479 978 501 868 1102 1660 1328 1824 212 795 949 1271 102 1732 87 1689 2124 1903 553 2162 617 663 870 1272 1873 1537 1137 1408 976 1601 1581 1167 1323 795 1300 1533 695 771 711 1330 2022 1025 479 2019 1738 76 181 1397 1608 418 2145 1969 1520 1793 1803 2143 10 826 1484 21 2067 1811 1873 1272 217 1537 368 1105 266 22 878 18 267 714 2078 1468 383 1011 679 1082 927 265 640 1515 758 1630 2026 1524 767 1806 1442 245 280 2040 1491 799 8 100 893 1192 1175 834 1346 640 2112 1630 1871 451 1305 1035 1373 1574 426 1980 1312 806 28 90 117 1900 2128 153 1776 1903 1184 189 572 1762 1689 1334 3 1297 1968 733 664 119 1024 1231 1621 1709 862 1123 1164 281 1957 1833 561 1524 1424 523 141 536 165 730 773 741 1735 1743 1676 2020 1934 1834 1150 724 1671 967 349 346 2143 848 515 1114 603 714 1030 1658 1325 1055 939 2034 322 1828 4 1857 2026 332 642 275 1621 60 643 1219 377 60 224 2019 711 393 2127 1587 2159 393 739 1940 657 101 1587 764 224 1468 1803 349 1784 2143 2020 1514 833 1492 711 1057 258 1525 1685 499 1415 714 1241 1796 447 411 1605 2079 1134 1080 1913 60 642 1951 933 1762 529 637 1482 1295 1631 1014 1004 1932 843 1021 1668 1142 157 330 57 236 378 984 1336 1913 1703 1219 1408 2162 957 1528 1658 1843 1907 888 943 869 1863 2081 1418 341 2179 823 507 1529 188 1082 92 1354 876 461 1336 1021 96 90 1764 1810 306 1110 429 1994 636 2012 377 1086 643 60 1056 1871 1249 1035 803 2065 1534 646 117 2128 1900 981 1187 1851 97 826 1163 103 739 101 1056 1014 1264 1035 1785 443 610 182 634 113 1773 945 1621 1123 642 1089 226 536 1132 165 522 43 897 1508 288 2001 92 1354 1350 2054 1594 819 852 511 476 1684 2050 17 1188 40 900 1859 641 949 1700 1468 1668 1918 2140 1529 507 1082 597 287 1840 772 1381 68 552 418 420 1633 1410 1142 1374 1756 126 742 1689 1762 572 637 957 1408 1137 2162 1003 1535 673 657 620 819 178 903 679 1066 1273 1787 1561 684 815 1043 245 819 378 2040 87 1903 1727 2126 241 907 2172 1717 520 103 157 1400 2140 1037 1529 1082 406 654 774 1677 501 1660 1102 1989 780 269 1505 711 57 1941 1496 1574 1085 2097 1145 1855 991 2068 1779 1906 1162 1660 1526 1566 1983 772 597 2003 1710 1929 1386 1969 430 1350 1594 819 275 1123 2116 480 1503 1803 10 826 586 969 2165 1871 1425 1497 1904 1271 207 1768 1929 2173 614 182 1354 1427 743 1913 2045 1312 1710 1929 1622 316 749 139 377 60 1648 722 253 327 2067 1159 170 1811 159 1488 1633 1142 429 1722 1721 476 328 799 1491 436 109 287 1840 35 893 1175 1130 834 767 846 1518 1857 614 1533 1300 823 203 2 2026 2148 2049 1975 1310 1317 1858 456 292 703 1371 600 1611 70 442 1349 1307 172 180 1039 1449 1177 507 486 2140 1082 861 1858 292 703 597 287 136 470 1713 1579 1692 1204 1405 2028 2046 1688 610 182 1002 1014 1143 1193 1881 1479 1542 69 1959 2148 1006 575 853 1855 1495 1929 114 2173 1027 132 1300 827 1445 1879 862 1706 1844 1753 477 1169 1320 1176 1255 573 475 306 897 1110 362 1690 1577 66 1157 1028 1282 1743 575 1006 602 302 1307 1349 809 266 831 1648 1539 668 1273 1066 703 1787 1600 1845 2026 1524 1912 1248 602 302 1582 1275 71 169 1835 69 1542 251 1261 1833 1139 332 1491 1322 799 100 1127 1515 533 69 2028 1571 2046 81 378 620 245 1396 1507 87 383 2152 933 637 529 748 1114 345 1224 2011 1079 154 2145 1969 385 1404 1591 981 1129 2027 1193 1479 1165 2026 1771 1524 1182 1968 2085 495 1272 1560 870 972 1137 659 2087 1601 507 1529 538 188 1032 1623 1601 2094 1103 1534 2065 646 1874 477 1844 1753 2085 1968 2132 1205 1516 988 2124 1178 217 1272 225 902 1721 1994 476 1474 1291 1097 721 1270 2112 640 758 1630 403 1040 1898 1080 719 1374 1769 1756 1097 2156 772 409 207 1349 1768 2173 284 499 571 263 1336 666 462 354 1344 320 1663 260 475 789 1900 386 1768 207 1622 471 1244 245 130 2040 1383 846 438 1221 702 916 1319 1616 1301 654 738 363 524 108 1492 333 1597 1470 96 90 1264 1606 1239 1035 1543 931 143 1319 1961 1932 1315 9 1900 2128 830 981 1348 1519 933 185 1030 1448 86 1055 443 1002 610 182 931 1455 143 1319 1154 634 1773 945 679 1787 1082 265 283 2024 2138 654 931 916 1455 1319 1063 1349 921 172 246 210 369 482 695 678 2097 660 326 583 958 1465 1703 60 1913 1951 2108 161 971 598 264 1175 1473 1422 2164 88 687 865 493 1867 1749 214 1336 354 462 1021 709 1317 102 140 609 1749 1509 214 368 1411 1105 22 664 789 119 1231 865 1072 1105 266 210 512 2150 482 1024 119 514 1231 872 867 746 520 1115 1899 895 184 1301 2050 1481 2014 1884 1747 1325 1658 288 1354 92 461 1076 632 1005 720 1177 1690 171 2094 1658 1659 140 888 532 1080 1605 1149 1043 284 117 1477 196 1834 1092 115 1236 653 109 52 1768 266 1929 2173 1085 1145 459 1981 2038 1668 891 1918 1057 258 721 142 1768 1622 1929 316 2149 690 503 866 306 1520 1676 759 162 547 1427 70 935 519 847 2114 1916 1682 1908 799 768 418 1093 585 478 1510 1457 1551 1102 2103 1989 1144 1972 2163 632 720 11 846 2148 1377 343 1231 789 278 1458 923 736 1889 1272 1537 870 1560 1290 570 732 1753 758 69 1748 1630 1485 1161 1829 1707 621 1342 1828 1511 738 1514 1301 1380 462 354 666 623 1102 1989 1614 1144 1039 813 1372 1177 1589 1446 152 1518 1116 388 719 1756 1621 275 1703 60 1952 1973 2075 864 1284 1814 1271 1661 1907 1834 1934 1055 654 406 738 1905 1085 1145 811 459 241 907 768 418 2032 459 2114 259 734 863 2114 259 153 184 447 473 1921 153 789 510 244 768 1093 1461 1314 1303 857 1251 56 476 511 1684 1904 150 1425 102 1023 115 1676 2178 1121 350 1354 1906 154 356 1520 1969 591 1707 1161 363 2118 1284 1497 1271 1961 1932 9 90 20 458 1815 499 53 1244 1341 245 1711 1045 911 1381 992 981 705 1652 683 1877 1 68 614 600 1056 70 153 1477 117 510 1202 161 294 598 43 1106 1135 618 1764 1810 597 2003 1294 1237 1003 101 1676 1492 2020 115 1058 1235 1190 185 1869 1764 625 470 702 1148 916 1616 475 864 207 720 339 958 1204 1752 184 1652 117 2031 1516 661 988 1178 1515 533 69 1630 797 275 1445 1548 1621 1888 1681 2095 272 338 777 1824 1961 743 1312 9 379 1934 1448 1793 1444 2124 1025 1011 1599 1810 565 227 1441 916 1148 1616 371 1484 1328 646 1983 1475 1262 2003 773 1735 938 1743 731 1960 1587 76 1589 1518 152 2114 1366 1195 1963 1994 1158 1322 1484 795 529 326 569 175 414 1149 1317 651 1804 1082 927 1787 1518 827 152 459 636 808 667 1994 1386 81 1026 1517 597 119 1837 94 1815 284 499 1008 885 71 1275 142 810 1644 1580 819 1719 1179 479 2019 1605 1080 532 1671 69 1833 4 332 1867 214 902 904 544 1130 1175 834 681 1857 1518 847 1227 471 955 1860 241 68 1381 418 2015 1179 1865 2019 460 2140 486 1082 1383 847 2172 259 376 544 1175 1685 591 656 1161 1707 778 456 1999 1883 1863 777 1824 795 2049 568 1352 2167 1156 946 1386 1969 274 1510 478 1551 921 1790 1063 1989 711 258 1057 1222 756 1838 218 101 1719 2082 1865 2019 621 1828 546 1511 584 1991 354 1219 536 670 1069 37 1780 1285 156 1408 1051 78 734 2032 1301 797 1481 363 39 487 1914 1510 1058 1190 1762 185 376 1175 264 1422 196 913 1092 1834 988 110 2019 978 1837 119 597 470 661 1638 988 1389 1415 2011 1162 848 2034 1828 57 965 872 1419 1233 520 1961 775 743 9 2044 865 1643 1790 1710 91 1843 1640 1970 1977 1309 2100 1063 1662 1473 172 808 1366 320 260 1858 290 456 866 132 771 2097 1855 1676 306 618 1520 1043 284 571 263 2175 1871 1056 451 860 913 1634 1834 1034 1473 1614 1174 1703 1312 1336 806 945 1251 241 674 805 1671 414 1732 2026 2148 2 1806 1850 1224 349 2011 420 1142 1410 1358 1957 1261 1433 1630 1986 1843 1467 1640 702 1809 1148 1616 712 1158 170 795 1631 1056 1249 1035 1310 1658 589 1982 1039 1177 180 649 1317 568 2049 2167 1450 1861 461 482 709 949 102 1732 1749 1509 214 2116 507 958 1466 583 2175 969 1871 2152 1446 1979 152 827 1621 1879 1445 2116 207 1768 1349 471 493 1867 214 902 1108 1080 1605 1671 1785 182 610 1014 634 113 945 1021 1441 969 1232 916 1311 1962 186 637 347 464 79 965 1703 1913 1312 1951 313 2154 1208 2040 996 1441 1148 1616 1241 447 321 411 157 330 1142 1400 57 378 1620 1574 1479 820 177 1461 56 2014 1514 1684 1676 227 1504 1492 293 958 1235 175 1624 2164 1864 865 992 1162 263 1566 1517 1271 1814 1661 797 1445 1905 1548 257 1409 1312 1993 2129 1217 1871 2037 600 547 1611 70 1030 589 1658 1982 803 646 1534 1493 371 1534 1328 488 2159 1587 1358 1215 476 1994 56 511 1559 1091 1177 1901 1115 1899 184 2031 847 2114 519 259 1877 683 1550 68 792 538 1529 188 1862 1000 1324 188 1274 1488 276 660 597 1810 1764 2029 1301 654 363 1556 555 1542 203 2148 1254 1354 461 1856 1513 202 948 657 378 819 620 903 53 130 1244 245 988 978 1738 2086 507 1529 2140 486 992 1175 1662 1192 840 570 1506 1741 1139 69 533 1630 1050 217 102 1537 1445 1879 1621 862 207 1929 1768 1622 1124 1700 2078 1468 512 482 132 1856 822 1477 1032 1601 953 2044 1643 1790 2024 1313 2138 654 1715 30 1234 1396 26 1022 1213 2003 807 109 1291 564 1292 575 302 1855 992 1192 1662 705 302 1221 1248 1351 1190 849 242 1762 709 1386 1843 1517 1838 1163 511 977 639 421 120 876 1257 1163 1471 2021 1760 1935 238 1533 2159 393 1587 1215 1589 847 1518 2114 1457 39 1914 1510 462 666 1336 1708 923 1573 2049 1317 196 1834 115 888 1914 487 1797 1510 1840 772 1262 2003 593 2102 1903 761 798 1625 1246 948 955 1823 1227 1860 1686 1833 1391 1812 1431 181 716 418 778 1999 456 866 1821 486 1876 940 171 987 976 1601 1366 1994 1963 627 2050 1479 505 80 1016 405 1320 573 924 1893 1973 864 1513 944 896 404 410 2020 1356 1514 854 814 1812 1777 1513 2097 1940 937 849 1762 1190 185 1105 1768 266 22 1835 1630 69 251 1530 1798 2124 2126 774 1055 432 1617 1080 1149 532 1671 207 864 475 897 374 1815 787 284 1224 1202 1850 349 803 934 2065 646 4 1833 69 1812 1517 316 1710 1661 157 1506 520 1400 1988 969 1441 742 1139 1127 533 69 439 850 1805 1465 863 1051 2114 459 760 2157 969 508 992 1685 1175 834 677 1926 222 5 528 877 1506 1215 1496 1272 904 972 1445 654 797 1905 528 258 570 877 945 674 241 585 1676 1834 1934 115 1695 625 1869 1764 1227 921 2134 471 883 884 1576 1574 2039 1713 1500 1204 1404 981 284 510 1780 1408 156 248 854 2010 814 1777 1418 238 1613 823 1484 795 1581 1811 1237 798 254 948 703 1155 1466 1787 807 331 1937 109 1083 913 1203 1659 710 1636 1428 1529 327 1539 1648 668 1408 321 156 248 241 733 1251 2064 110 502 279 1152 1722 476 429 232 2000 1194 239 903 110 279 502 978 196 913 1834 888 778 355 1862 456 2032 202 47 2100 1926 5 677 646 290 503 1324 866 2078 1700 1355 1468 1342 434 1828 1943 1450 369 1861 482 1466 958 326 583 1083 1677 1659 1678 429 476 1994 2012 1086 1830 1913 708 1076 632 720 2173 1124 1468 2078 1011 1785 1758 443 182 113 200 1773 945 1721 1531 476 1924 1471 1163 444 2021 1083 2072 1634 1677 1885 577 1036 1420 1158 795 1484 1811 992 1192 705 981 824 2023 966 1574 1534 5 371 646 1742 2072 609 1677 2175 1727 969 2152 1896 1045 49 1381 675 1722 429 232 749 44 60 928 923 1317 2049 2167 24 232 1197 599 1828 236 57 1943 1880 1234 1583 1889 1327 673 13 1145 661 577 1656 1420 327 1616 1648 1539 1452 285 1854 651 1884 1658 1310 1854 340 88 1034 250 1570 2076 13 1145 78 47 1716 2032 384 263 165 325 2117 1510 1484 785 567 1738 1689 569 638 1461 231 1584 1170 1012 698 2097 935 519 1882 847 1932 1021 1336 90 1693 87 2124 1011 1184 1903 508 189 516 2156 142 409 2072 902 1677 1678 1715 1234 1889 1453 1631 1014 1056 1035 1300 1533 1027 823 529 958 326 175 478 274 39 1510 1968 733 1977 2100 1682 367 1817 799 600 891 1326 547 1452 285 918 1854 709 1080 949 1732 2002 1091 1730 1177 512 132 823 1856 731 126 1587 1960 1194 620 239 903 1328 1534 371 646 669 1074 1795 1630 1006 853 132 1855 280 245 1620 2040 157 1142 1668 1358 865 1105 1768 266 343 789 475 278 538 792 583 188 234 47 202 2100 119 153 1024 1087 238 1760 1533 132 1959 69 1748 193 1707 1188 591 1839 1318 1034 2007 1790 1857 332 4 562 624 1251 1928 1572 102 1317 353 140 1040 1898 1080 1671 1200 264 376 1175 1972 1084 1414 1192 331 2004 816 109 1427 547 600 70 1057 1753 570 1169 1764 287 1869 599 900 1517 1859 949 1747 1325 1658 91 616 862 1941 1176 1240 580 588 1828 1485 1161 1707 1888 867 746 520 1741 846 1806 767 482 1861 1254 2058 461 857 1251 1303 1717 375 398 161 1685 1139 1833 1686 1812 624 137 962 1251 976 1601 153 1087 2028 81 2046 1688 378 1396 245 1620 1934 1834 1907 115 614 1056 1014 70 1040 407 1133 1671 1582 582 1275 5 684 1043 1561 630 2020 1834 1676 115 1984 1610 892 1427 3 733 1968 623 1446 1010 827 523 1233 1474 103 627 1147 572 1311 637 881 1247 464 965 71 1222 1275 142 256 2108 971 598 1589 935 847 2114 512 238 1698 823 2179 991 1354 1906 69 332 4 251 1134 2079 221 1953 239 620 178 903 1414 893 1337 1192 830 720 1349 471 356 618 306 1520 361 1634 1742 1677 1142 330 1668 891 1099 1373 426 1980 982 1330 271 1816 1968 1977 1205 2100 808 667 260 17 1848 1295 1482 1319 410 1617 654 1556 923 2167 736 1889 2049 568 1317 947 1768 1026 316 22 433 140 217 1678 156 321 1408 411 391 1821 357 486 454 30 1880 1234 750 66 1308 714 1826 1586 1959 193 1266 1650 1401 748 1675 489 1846 805 829 1526 1162 1660 1637 1233 1419 103 815 1043 684 263 1729 2098 862 1706 1084 148 893 1192 198 404 944 551 962 1314 1928 1251 205 1419 746 520 570 1057 1169 877 654 738 797 1905 1301 1188 17 1321 1621 1445 275 2116 518 219 2021 1270 1709 1621 862 1089 1163 520 739 103 1301 17 667 1321 403 1306 1080 1732 988 279 110 978 385 284 981 834 1923 1149 1953 651 1559 1177 1472 1901 621 1123 2073 1511 988 1420 279 1178 1127 1515 69 193 1164 1833 1957 332 1862 1324 456 188 524 521 852 1492 746 1506 520 1741 25 780 592 258 1024 153 1423 1087 529 1762 933 185 1241 321 447 94 2127 1587 393 76 1045 1896 911 1381 830 981 1192 386 71 169 1275 1222 326 567 529 569 1153 1959 1955 2148 618 1640 1106 115 744 1889 2167 1453 773 1028 741 1743 1869 287 1764 470 2128 118 1893 1635 828 1058 951 569 716 1646 1093 418 1633 1410 1142 1400 816 109 2004 1531 1137 1408 33 659 1879 862 1709 1123 2085 1968 1205 495 56 260 2050 948 531 1662 650 1860 51 805 620 1560 1926 1398 957 1528 567 1465 439 1178 851 1589 681 1518 1587 764 1668 1358 365 2094 1477 1008 1829 806 483 2095 1929 22 114 2173 1908 1916 799 436 709 949 1517 1271 1395 2007 1318 1034 110 502 2019 978 820 944 1479 177 299 1559 1487 1472 591 1188 1707 363 1988 760 969 189 912 1926 1510 2006 1724 1712 1579 1204 211 953 1823 921 857 733 1251 1717 405 568 1272 1176 1158 1484 170 1811 326 456 1466 583 410 667 1558 1321 328 8 1491 799 559 2070 817 2006 32 1071 1967 68 1573 1458 1923 651 1937 109 84 287 1585 2025 1390 721 552 68 0 418 544 1175 1685 834 582 1013 1887 1275 1593 566 1624 865 1234 967 805 960 1935 831 1613 1533 1961 9 1312 90 767 1524 876 461 438 132 210 482 2052 11 1059 2148 1952 864 2075 707 1230 690 295 1551 1570 459 1145 1981 438 1518 767 846 1547 596 1650 1465 1132 165 536 730 1312 9 1336 90 405 774 1445 214 271 764 1124 1330 1356 232 1629 2012 1727 1871 969 2152 1558 667 410 2012 670 37 821 649 642 1312 1913 1951 199 1738 593 1903 87 1738 224 1960 1477 2094 571 1008 1349 921 1768 266 1129 2027 1479 40 632 809 442 1349 498 833 2020 1514 749 60 377 928 1738 2124 1689 1903 2175 969 1727 189 1325 1658 91 1793 320 260 1344 17 1496 378 1396 984 872 520 1233 1474 1907 1659 1834 1055 1662 921 1063 1989 1767 876 1894 1524 626 1381 804 2172 405 774 353 573 1248 302 1912 1221 1786 312 675 1629 296 829 1526 1162 779 1762 1183 1334 221 1571 2018 1953 2175 1056 1616 451 241 2172 1381 1717 1715 736 744 1889 1662 1192 1175 1473 1796 818 447 184 2082 2019 1719 76 1411 747 1688 22 1582 1275 169 5 63 254 1246 948 981 510 417 386 355 583 792 188 808 260 320 17 2027 17 1479 40 1716 2032 47 2100 2179 1354 823 1906 1991 2071 354 9 961 1481 2139 80 1779 2001 991 1906 51 620 805 960 438 1518 1027 482 107 572 1064 1334 2026 2148 767 846 151 1421 243 738 648 1739 1247 546 1085 132 2097 1855 554 1450 1059 1806 1941 1879 1709 45 109 1531 816 1924 1662 1175 1614 1473 209 237 2011 848 1968 733 462 623 170 1158 2067 1484 1237 798 948 977 1916 1398 1682 799 1838 218 101 977 713 130 53 245 676 66 165 730 1710 1386 1843 91 476 852 1356 232 1445 862 1621 1706 2039 1500 1724 1204 1213 1022 1840 2003 402 1300 1984 1427 1643 2044 566 865 1498 1049 1558 410 601 89 145 251 2075 864 1973 118 1819 178 620 819 1593 1624 1864 865 757 1966 1807 1422 756 1163 101 579 1056 1319 916 1616 656 1707 591 1839 402 1427 162 547 1057 1525 1491 1169 1374 1769 1756 742 1837 136 298 470 621 1828 2016 546 1872 790 270 2128 1038 1822 622 774 803 934 646 1493 512 2150 482 1856 1383 2172 907 259 1444 2124 1489 1025 1275 477 33 516 1285 1408 1780 1528 841 2123 1409 1312 441 1015 1217 1871 47 202 2032 1981 1711 804 626 1381 1552 592 1585 258 1859 1517 709 949 1853 1953 1923 1149 836 1266 1401 748 1907 1843 1658 91 498 1514 2020 255 1045 1381 1711 1717 2015 1179 2019 978 1086 708 60 480 1633 1142 1488 660 1689 1738 567 2124 55 1649 1675 805 1153 1059 1329 1806 1032 1601 1477 2094 479 2019 1179 978 2015 2019 1865 502 1005 1076 720 1849 1581 2117 1484 1811 968 1840 287 35 1633 660 1488 1400 1494 1352 974 568 1797 559 1510 2070 456 583 326 1883 556 1926 1081 1528 557 1114 2011 325 1916 1191 1398 436 1106 618 43 1920 1457 1510 655 1551 1139 1391 1686 1833 48 1784 1966 216 1415 499 1162 263 872 1531 520 1474 388 1756 1116 2051 797 1707 1888 2095 109 1924 816 35 659 2119 33 436 1101 1619 312 1629 1884 1747 1658 1854 1154 1107 856 945 1236 1506 570 1741 110 711 988 2019 425 788 605 703 92 876 421 461 2023 1941 1574 1176 1425 102 140 1271 911 358 1696 335 1255 974 179 568 1383 1221 302 1351 1727 87 126 1903 1850 1362 1224 2011 1465 1178 567 1883 144 245 713 1396 2163 720 1972 386 1574 1176 1941 1453 1275 477 516 409 66 499 1308 714 1225 788 425 703 2022 1025 1330 1011 992 1662 1175 1660 1403 552 1833 335 1433 1261 1343 1630 869 1328 943 795 1679 97 1851 826 41 275 139 44 1510 2070 559 2006 2154 280 2153 2040 1975 1310 1317 1854 1828 1511 1342 1943 1309 1977 733 2100 1484 1398 2067 21 2049 179 1352 568 816 84 1937 109 1668 2175 1756 1918 1937 109 287 136 1780 1528 1408 248 2175 1756 1616 742 457 435 1644 819 1430 1146 1807 1422 650 531 501 1662 982 764 271 1330 595 139 41 275 326 958 529 1465 1274 276 103 660 1659 1658 1907 888 356 1520 306 759 1695 1764 1869 599 1358 1506 157 1400 371 1275 1491 799 1328 1551 1484 795 1294 101 1003 579 1346 1343 640 1630 1235 958 1725 185 758 1748 69 193 331 109 807 564 1069 536 37 730 1709 1879 1941 862 1984 827 1610 1427 301 1492 227 2178 1301 667 56 1514 238 132 1533 823 1296 1735 794 316 621 546 1438 1123 1298 613 1263 2162 350 182 1354 1906 2139 80 1481 1632 711 1025 269 1389 430 1594 1651 819 139 44 275 60 1298 613 2162 2006 284 499 992 834 1593 566 865 1735 326 958 1466 265 2072 214 1677 902 675 232 429 2012 1646 1093 418 585 1467 1640 1843 888 1916 1398 799 436 1445 405 1879 1706 447 153 119 1087 339 1725 958 1752 1387 1460 858 1188 1156 1596 946 1969 1349 809 266 2173 7 488 525 100 1504 1629 1356 232 518 2021 1429 1270 643 1913 993 9 709 1517 1843 1271 1223 1957 1433 1630 806 1951 483 2095 711 258 780 1330 591 2057 1460 1188 2062 1152 488 2081 191 1618 1309 907 1052 703 1066 1155 626 1381 2172 1717 2068 1543 143 1906 1288 1430 1044 1422 283 654 2138 363 943 1328 869 2081 171 1601 1137 1901 858 323 808 667 1614 1171 594 1144 119 2029 447 94 33 1398 1926 1528 963 139 983 275 1328 1534 1751 488 1518 152 2114 459 374 1404 385 284 1120 525 7 488 674 418 241 585 618 897 1135 1508 163 1829 656 1707 648 1739 79 1247 1064 107 1962 572 468 1834 2020 115 1307 1349 266 172 1418 1613 1539 823 1496 1176 568 1453 331 1741 109 564 1301 738 797 363 1040 1080 403 1922 1768 1105 865 1735 638 77 1598 231 1327 678 1145 811 2038 330 392 891 75 1302 1437 1149 1742 1677 609 1905 2131 1024 1423 1087 202 80 1705 1205 570 1506 528 877 601 2026 561 1857 1646 0 1759 418 56 948 2050 2014 2072 1677 1083 1678 1935 1533 1760 771 1019 2143 1171 848 1963 1994 1195 627 394 712 886 795 1458 2167 923 1889 149 332 89 562 477 33 2119 436 371 488 1328 1322 27 1527 1868 1105 1419 520 205 1400 608 2160 1831 598 43 618 1508 1920 712 795 170 1811 1750 323 1558 667 1057 1525 711 1222 695 1533 1539 668 138 852 1228 511 326 1178 1420 1883 1501 945 289 585 522 897 707 1508 621 546 1123 1511 1480 969 1376 916 1885 1420 1036 1883 1291 570 1236 721 1337 1192 893 834 845 1962 166 637 79 939 322 965 2159 388 29 1358 1527 1735 1105 2035 701 1984 402 1300 272 212 685 1824 698 937 2097 404 51 55 1846 805 1636 486 1529 940 1593 865 1864 1735 1940 103 739 627 1344 260 944 17 1768 1105 1026 22 1415 714 165 325 524 1492 852 333 1395 1761 1540 1034 1027 461 1354 1856 1835 1748 69 1630 1441 1616 996 742 462 1251 945 1572 942 967 1234 960 2050 80 1481 2014 403 1080 1898 1732 2058 288 635 461 353 774 1659 1982 1349 921 830 471 851 1518 681 1857 687 865 88 250 417 1921 1113 1900 1744 1326 600 1918 1817 799 367 1322 1262 772 1840 1097 1979 152 827 459 361 1677 1742 1905 1859 1080 709 1953 387 990 1481 1380 1450 461 1806 482 1410 1358 1142 1400 1689 87 2124 2126 246 438 210 482 1084 1192 1972 172 1078 1201 729 9 1536 868 829 848 296 1162 1526 1566 140 888 1497 1271 260 948 739 627 283 2024 654 1888 18 375 398 161 767 1027 1518 482 830 705 1192 981 1236 721 570 1429 148 1473 1192 172 993 729 1201 9 1859 1026 81 1517 653 1022 1840 52 864 1893 118 1635 541 2026 2088 251 988 711 110 1389 1693 2124 87 2126 1933 1902 1069 37 661 1420 1656 1389 597 343 1764 1231 2050 1479 17 40 639 421 876 1524 703 1824 1751 2081 998 641 1859 1922 1306 403 1080 949 1771 541 555 2026 343 597 1764 2029 312 1504 1197 232 896 404 920 1855 788 605 703 1824 1944 483 1951 2095 1027 1533 1300 132 1644 810 457 819 253 1616 1756 742 1036 1420 577 1178 1768 1026 1105 1735 1300 614 1427 547 117 1477 284 510 617 37 663 649 1364 1804 490 1082 1485 1707 1829 2095 569 1762 529 185 653 511 852 1022 661 577 1420 1178 578 1032 1623 1601 1815 385 20 284 258 1222 592 142 406 738 1905 255 611 1882 1339 2172 2049 1317 1310 947 1346 1074 1343 1630 505 80 1205 495 907 733 191 1717 797 1703 1707 2095 1327 1145 13 811 1945 524 521 852 1570 2076 1145 459 597 1837 772 94 1079 356 154 1969 1153 1955 2052 2148 626 1711 1381 1717 1356 852 476 1684 780 258 25 1330 1585 721 1390 1429 1262 1840 1357 1097 2135 807 745 1291 353 1854 1317 947 13 1145 2076 811 1076 720 1849 2173 1308 499 66 1008 1137 659 33 1191 990 662 387 1481 1701 1022 653 52 327 600 695 891 1177 613 957 2162 148 1192 1084 172 2023 1941 966 1574 1580 1644 889 819 1614 1175 1662 1660 1458 1149 1923 651 108 227 301 1492 695 1539 327 668 711 2019 110 1525 1383 768 1221 1351 793 2113 1324 866 1166 1106 1467 1640 327 1142 1668 891 338 685 605 1824 1692 1713 1204 486 487 1797 1510 2070 113 2104 945 1021 1686 1391 859 1812 505 1205 1968 495 569 185 529 175 1455 916 1295 1319 821 1669 1407 649 951 569 1058 761 378 236 57 1620 157 1668 330 319 1344 944 260 551 871 1105 334 1072 1302 1437 1149 967 1255 568 179 573 1636 1529 710 940 55 805 51 1560 1625 948 798 977 253 1616 327 1756 1292 176 920 896 966 2023 616 1941 1619 1629 1101 759 964 1311 791 572 2041 2141 464 1247 521 852 1492 1684 1533 132 1760 771 61 705 1652 1566 454 1715 30 1234 83 1312 1409 1993 1283 1871 1217 2037 831 1533 1935 668 1227 921 471 1860 1613 1533 831 1539 1719 2019 479 76 2107 2124 567 1178 75 1927 1770 1149 1747 91 1658 1854 430 770 1350 236 157 764 528 1358 151 738 243 1905 314 1288 1044 1422 226 141 536 165 211 953 921 1790 935 863 519 2114 1310 1854 1658 947 1768 921 1349 471 475 720 1965 386 1877 0 2092 68 1677 1905 361 255 1774 289 77 585 2097 937 698 660 1147 838 1895 637 1612 881 1206 965 1863 869 777 795 1658 1854 353 947 1319 1539 614 823 1292 896 920 1855 1620 1373 57 1574 69 1377 1812 1777 138 1945 1228 852 191 907 1309 733 1709 642 1123 1089 2059 2119 659 436 102 949 709 1271 498 833 950 2020 462 733 1968 2064 698 937 276 660 2153 1620 1208 2040 1663 1344 260 551 257 1409 2123 1312 2129 1217 1015 1871 739 260 56 948 709 1080 1859 949 51 620 984 1560 886 795 712 1811 597 119 343 1231 559 912 655 1510 1086 1913 60 708 2071 1279 354 9 768 585 1093 1461 468 860 950 2020 264 1200 1268 1473 488 1322 371 100 2015 2019 502 978 961 662 2139 1481 1689 1727 1903 2126 11 2148 2052 1377 439 567 850 1465 290 1324 456 866 171 2162 987 663 600 1427 614 547 1843 91 1907 1640 1052 1273 1066 703 1028 1157 998 1743 1233 103 1637 627 1364 95 1804 1082 793 2171 2113 690 1324 290 456 188 694 1603 1024 1087 512 823 1698 1856 1426 1308 750 66 1288 1268 1996 1174 4 2148 2026 846 524 108 521 1492 526 1718 2071 354 529 567 326 1465 80 1632 2139 495 491 1937 84 287 1944 483 2077 1951 252 383 1229 2152 1425 140 1497 1271 1649 1537 805 1560 1491 371 1322 100 570 721 1291 409 1403 1381 552 335 447 1796 184 411 1721 476 1722 1924 1129 1143 2005 1584 2059 659 1191 436 1410 665 29 1358 1639 747 628 81 1279 526 2071 354 1352 568 1494 1453 1302 967 1149 1889 1026 1735 1768 316 1997 453 1627 891 289 945 1501 1699 156 65 400 321 110 1525 2019 502 1057 1222 258 142 793 503 2171 690 1019 1536 1891 848 1277 400 158 321 695 1533 1300 547 2118 888 1843 1271 1156 769 268 22 207 471 118 707 1973 864 1893 118 1885 1999 1180 1788 1553 909 776 1690 968 227 1810 2003 1945 852 521 1684 1715 1396 1234 1453 1585 1552 258 1429 1310 1658 1982 947 1012 2097 1170 1855 1236 570 1291 564 1026 1386 22 1847 2075 864 118 707 355 456 778 583 116 376 264 1422 2067 170 1484 1811 349 2143 1803 826 1585 258 592 142 626 1882 1618 2172 832 2087 147 659 2131 1423 153 1087 1707 806 1829 2095 1431 181 418 1221 790 2128 1872 1652 1086 1913 643 60 222 677 1081 1926 7 1322 488 100 582 1013 1275 5 1927 2018 1853 1953 1445 774 405 1706 56 667 1994 2012 544 375 458 1685 1907 1520 1969 1793 1366 260 1994 627 1024 1603 514 119 27 1868 800 1105 119 597 2029 94 1324 1000 228 188 56 1994 476 2012 20 284 385 834 224 1738 87 2124 781 1162 740 263 992 705 1662 1660 501 1662 1660 1989 1602 1168 1758 182 147 2059 2036 659 200 1265 1964 945 1450 1861 635 461 756 1163 1838 101 1837 772 2156 409 1049 1558 410 2012 406 774 1659 1677 968 287 1840 2003 429 232 476 2012 1893 864 924 1635 498 1456 833 1514 2026 846 767 1857 1387 1188 858 17 974 1494 568 1176 662 1481 990 1632 498 2020 950 255 774 1677 1445 214 1255 974 568 1176 1063 1473 1034 1174 1639 351 604 81 2104 945 1021 1699 1957 1630 1223 332 489 1846 805 960 1915 1181 226 325 1501 674 945 585 739 103 520 1474 1585 2025 721 142 157 764 1668 319 568 2167 1496 1453 1257 52 1163 2021 1776 126 1903 189 349 161 1202 598 858 1188 1460 1321 1640 115 1907 888 1646 34 1093 585 55 1649 805 1560 253 327 722 2051 643 1913 1219 60 555 203 1771 2026 1237 948 254 657 350 1002 182 1906 2144 1692 1486 486 1598 1699 1708 1584 343 119 597 2029 1225 703 425 1787 1900 475 343 789 1314 1928 1251 1572 377 60 1219 928 249 468 833 2020 1975 1452 1854 651 1621 1888 1445 1706 1829 483 1944 2095 1662 1192 830 705 832 2036 694 659 669 1795 2112 1630 1727 126 87 2152 923 2049 1352 2167 65 1241 158 321 765 61 1042 705 739 56 260 1994 858 667 808 17 323 667 858 1321 2165 969 1067 508 976 153 447 1087 740 781 296 1162 2117 785 1484 1811 1336 1708 666 806 1451 1 683 1877 120 1767 1974 639 1934 1356 1629 929 1937 287 491 136 565 227 1810 973 323 1558 667 1321 87 1468 224 1011 1078 1279 812 1201 808 1750 636 667 8 72 328 1491 84 109 816 35 1885 134 1180 1999 233 1812 1397 1377 1279 2071 812 1201 822 1046 1032 1477 1480 2099 1376 969 721 1097 1291 409 755 2045 1913 708 791 1311 1147 572 2041 464 881 1247 1460 1188 2057 1321 767 846 2148 1806 2171 752 295 690 207 118 864 707 517 1364 1712 1082 1241 321 65 411 1211 778 766 866 689 1622 995 316 797 738 654 363 407 1108 1605 1671 1081 1926 912 2006 1275 1057 477 409 963 275 983 480 567 2124 2107 1798 1570 673 672 1981 629 535 584 666 2159 1358 29 1215 95 1364 517 1082 830 471 921 1860 852 227 968 333 1659 774 406 1055 1748 1959 1542 69 922 716 244 768 1137 1398 957 21 343 475 864 1110 899 2029 919 94 643 1886 377 1219 606 1018 1362 2011 1313 2138 654 1556 1108 1605 1080 1922 614 1427 600 70 4 846 2026 1857 1339 626 804 2172 1750 667 1558 2012 63 1705 36 202 868 1660 829 848 540 886 712 1811 1043 1652 992 1566 1530 2107 1489 2124 1915 226 1353 325 1527 1105 27 2035 1823 921 1227 1860 661 1420 1389 1178 1103 1534 169 1788 665 29 1358 1215 1383 302 438 2114 1845 601 2088 2026 1140 899 1241 94 518 23 1429 2021 2085 1205 80 495 609 1677 2072 214 709 1859 1953 1755 1009 772 1097 2156 534 1888 1706 465 1296 741 794 1735 1749 1198 1393 1879 1465 1401 1650 748 7 1120 488 1322 157 1668 764 1358 570 1291 1753 409 1399 2000 178 819 593 1903 1738 761 1783 387 961 1481 662 2139 1481 1632 1515 989 758 193 294 515 2108 161 213 972 204 1943 1676 1934 1907 115 1201 1991 643 1219 120 1447 1168 876 469 1010 1894 876 1783 1481 961 2014 1153 1329 1936 1806 1446 827 1518 523 1254 461 1861 1856 672 36 47 1981 863 1589 152 2114 108 301 249 1492 1496 1537 1272 1560 776 54 1690 66 1637 276 727 937 1313 654 2024 465 1988 969 742 189 285 1755 1854 651 476 852 653 511 1194 1564 239 620 1940 937 103 627 417 981 1591 510 1835 1748 1542 69 1277 400 321 248 338 605 788 1824 61 705 765 1652 1585 1429 258 142 457 1007 435 819 2087 659 1137 1191 285 918 1854 1755 346 1175 1614 1660 830 705 2128 240 1585 721 1429 142 2076 811 1145 459 670 1766 821 37 269 1505 711 1389 919 899 1140 2029 78 47 2032 1981 296 740 1162 1566 47 1705 234 202 865 1072 1063 250 1324 766 456 866 443 1758 1168 182 1792 1868 2158 1072 1964 1773 200 945 1199 1588 1171 2143 1563 1681 619 1621 593 199 479 1738 439 2107 850 567 75 303 1927 1149 1829 1707 163 806 371 799 1491 1322 489 699 121 960 645 1857 611 562 899 1140 2029 94 169 1389 1763 1788 1507 1693 448 87 1941 862 616 123 306 1676 1504 759 1371 1657 600 70 421 92 1447 876 1577 1690 395 1008 1484 1398 371 1322 1324 228 290 188 1420 1999 326 1883 846 1397 1287 1221 422 1903 1334 508 1700 1355 1468 1918 1237 657 1003 101 1237 948 657 977 1843 1386 1710 1661 2001 1354 991 1906 969 760 508 189 326 567 1178 1883 553 1367 1060 987 946 91 1386 1969 858 17 1188 1321 1038 465 774 1617 958 185 1235 175 406 1905 1677 255 654 410 406 1617 1047 1251 624 1572 1727 572 1689 1334 1603 119 1024 1087 1767 1974 1697 120 1877 683 1451 1550 1870 1864 2164 865 1803 1702 349 826 204 972 984 1943 12 904 1272 972 2084 1772 141 630 312 675 1629 232 1501 34 674 585 163 1707 656 1839 670 1407 1933 649 988 2124 224 1025 1361 541 1165 1600 1740 2092 1875 686 721 2156 1097 409 1763 169 1222 1389 1383 418 1397 1221 1484 371 1926 646 1070 1466 1173 1787 1940 678 657 579 931 702 916 1319 642 1247 1709 546 1308 66 1426 1008 1064 572 964 2037 648 1247 2141 1993 642 275 60 480 1770 1954 307 1149 569 1762 1058 761 503 2149 752 690 156 321 400 248 1520 1629 1676 759 1496 1941 1176 1453 1036 1420 1178 1883 711 528 258 1330 1301 1514 56 2014 739 56 1994 511 1598 231 1699 1584 1953 1149 1080 651 1953 81 351 1755 858 667 17 1321 204 984 236 1943 1970 1309 907 2100 1488 660 1274 1400 695 1142 327 891 2122 970 360 598 355 1862 456 188 1776 1818 126 189 1668 764 1587 1468 992 1652 705 1566 1623 106 1730 2094 557 917 1114 325 306 1504 1676 227 157 1358 528 1506 209 1679 1891 2143 1619 1504 312 1629 709 1953 1080 651 1870 1864 865 1735 2145 825 91 1793 1227 2134 506 471 1063 1473 1662 1989 347 1832 994 965 622 1030 432 1055 1206 347 994 965 420 1410 388 1358 1679 691 2143 826 906 163 1708 806 1105 1688 27 2035 684 263 1043 630 1156 769 22 1847 2108 515 267 161 1030 1658 1055 1982 898 137 437 1251 1658 1055 1907 1793 1284 1271 1843 1661 2118 1843 1284 1271 2087 147 659 1191 1069 37 1902 730 1180 1788 1999 1493 1091 1730 1177 1901 2059 659 147 1191 37 1690 1902 730 528 23 258 1816 1170 2097 771 1855 92 421 1680 461 1335 1276 498 1514 1941 123 616 1980 698 1607 276 937 1142 1358 420 2051 1530 1489 1693 2124 103 1474 739 627 695 891 600 547 1843 1517 1386 1661 0 68 1759 418 1398 799 371 1322 143 1779 2068 1906 622 1055 774 1982 1311 572 1962 637 464 1247 79 965 224 711 988 1025 2068 1319 1543 1906 1907 1658 1659 1055 1662 1473 1614 1989 1320 405 1176 573 1098 444 297 23 241 674 68 418 487 39 427 1510 1336 1312 1913 9 1292 302 896 1855 1932 1004 1315 354 1085 2114 2032 459 503 752 2171 690 1085 827 1518 459 955 1860 471 118 225 1873 12 1272 1697 1602 469 876 171 1477 987 1601 723 563 1545 279 1818 1988 1374 126 1255 1176 568 573 224 988 1738 2124 1679 2143 349 826 945 462 1699 585 462 231 585 2064 2133 154 1079 356 636 1994 667 2012 1349 720 207 471 2026 4 332 251 67 822 1032 1601 227 1492 108 333 971 608 598 216 1137 1191 1398 21 677 912 1081 1926 1691 257 1312 1993 1778 2129 1871 2037 1940 739 103 101 2036 659 2059 2119 936 565 1599 1810 1325 91 825 1793 1598 231 77 1699 1676 306 227 2178 602 210 246 438 454 1234 1880 1889 1838 101 1163 977 1291 721 1236 1270 1738 988 2019 978 1514 2014 1301 1380 149 1164 332 562 2085 537 80 1205 1494 568 1176 1453 614 1014 182 70 831 1539 1533 668 1603 694 298 1087 1871 451 2175 2152 1228 511 852 1684 1057 721 570 409 931 1543 702 1319 694 659 2036 2119 1994 1474 1195 627 1312 806 1703 1951 2068 341 1543 1319 87 126 2175 2152 1198 1879 904 1511 438 302 1383 1221 1710 1929 1112 1508 1803 1702 1054 349 163 1708 806 1839 234 202 1205 2100 406 465 654 1617 1197 232 1504 599 774 465 406 1617 1242 1776 1818 126 154 356 1281 759 1180 803 1103 1534 114 1495 268 1929 1636 710 308 940 1705 234 202 1205 388 420 1358 2051 341 155 702 1319 1098 23 518 2021 1659 774 1055 1982 350 1848 1002 1906 528 764 157 23 1155 2177 723 1152 1804 490 1082 1787 829 868 1526 1660 1230 295 478 1551 1530 2107 2124 1798 2101 2177 1155 265 366 123 1808 1089 1487 1091 2002 1177 698 1607 937 404 941 266 809 2173 1052 1066 2109 1155 946 1210 1386 91 731 719 2159 1587 1242 1374 731 126 1040 1133 1898 1671 513 1953 351 1755 537 1705 80 1205 1738 978 479 2086 1056 916 969 1616 2132 1182 1297 1968 2082 393 2019 76 232 599 24 35 346 1171 1614 1422 1672 989 1515 193 1627 2038 392 891 1677 214 609 1905 1886 377 1219 928 537 1705 1911 80 747 81 1639 1688 1434 617 37 663 1709 1941 57 1980 290 292 1858 456 1610 1446 1010 827 1702 1054 349 598 1668 1468 1587 1756 1328 1484 371 1322 2133 1281 1112 1849 1813 220 1865 1525 209 1891 237 848 955 471 2008 118 1911 961 2139 80 1633 1142 660 1400 2038 1987 392 330 1234 1396 1496 1453 1371 1657 1611 600 1227 953 2134 921 636 667 1750 2012 1324 2113 766 866 1063 1614 1473 1989 46 770 580 236 2087 633 782 1137 1314 1572 1251 623 1782 1858 861 703 280 144 884 1620 2069 877 393 1215 1228 852 1945 1684 1003 101 657 579 567 1798 2107 1401 1339 2172 804 335 394 886 1581 795 1850 349 1568 826 990 44 173 1632 988 711 224 2019 1712 1692 1579 1204 1066 2101 449 1155 535 495 1632 928 1041 1708 163 1839 4 552 1833 1812 593 1738 2086 761 1988 1374 126 742 41 595 275 1548 1598 638 231 1584 2168 2029 1243 1110 1064 964 504 2037 329 648 2141 1993 1242 1776 126 1960 969 2175 742 189 886 1581 795 1811 84 287 109 35 134 1180 1999 1493 860 2020 468 1834 238 1533 1613 823 1987 444 644 330 1744 600 451 1918 976 1408 1137 659 722 327 668 2051 402 1300 1427 547 1747 825 1325 91 749 41 139 44 782 21 1191 1901 1394 518 1098 23 563 978 2177 2086 1485 1888 1707 2095 964 572 791 2037 2041 2141 1247 1993 1285 1946 122 1408 1012 698 2097 404 1242 126 731 1960 764 1330 982 1816 591 1161 2057 363 1043 2031 1561 630 1298 352 613 2006 767 2148 2026 1806 2101 449 1155 2177 236 984 128 903 624 1047 137 1251 1983 576 899 94 1486 460 2140 486 1575 92 2001 1354 57 45 1709 1828 346 216 349 2143 2179 991 1254 1354 571 499 284 1008 449 723 2109 1155 353 1659 1658 1982 71 1726 169 1222 763 995 689 1622 1668 1756 1358 2051 1727 1689 572 2126 1083 1659 1203 1678 2049 179 568 947 1310 1317 1854 947 528 23 157 1506 1689 567 529 1401 851 1857 561 523 642 1709 1247 1089 297 23 444 319 804 2172 1381 335 1058 1190 242 1762 802 1798 1530 2126 990 41 173 44 154 1520 356 759 936 565 1810 973 1114 515 345 161 1630 332 69 251 468 1092 1834 115 233 854 814 1812 1394 518 23 1429 1587 1358 1668 1756 202 657 1513 1981 946 1210 1156 1386 1359 456 292 188 1408 171 2162 887 57 1941 1709 45 56 667 1301 2014 1673 669 466 251 233 854 1812 1377 1027 482 461 1856 1568 1850 1202 349 767 1518 438 482 840 1506 229 1741 51 805 1846 960 580 46 236 1943 1455 1295 143 1319 1103 1582 2048 169 2180 502 100 1152 306 1810 1764 2166 1041 906 163 1708 1703 275 797 44 1583 53 1347 1341 343 119 153 789 1843 140 709 1271 797 1301 1481 1380 345 294 1202 161 1907 1934 1676 1520 2061 572 1895 1798 1203 1659 913 888 224 1738 988 2019 2047 1022 1701 52 4 552 1397 562 1201 1219 643 9 1484 785 21 1811 1744 600 1657 451 2118 1986 1284 1843 69 2148 4 1377 1404 1591 981 510 28 688 841 1312 1305 131 441 1871 275 44 41 1548 1202 294 1878 598 158 321 1241 94 1070 861 703 1787 1226 1580 889 2040 449 723 1155 2177 611 2172 1339 562 1836 1247 1612 123 1066 2101 1155 265 163 806 1707 1839 1704 1636 308 940 237 829 781 848 2117 427 274 1510 156 65 321 411 1907 1055 1934 1793 1411 769 747 1847 1726 1582 71 169 285 1210 918 1755 2165 586 1376 969 305 1208 1714 1620 1986 1814 1284 1661 743 775 2045 1913 1677 1834 406 255 950 2020 860 255 1466 507 583 188 1175 1192 992 834 797 654 1445 1888 405 1272 353 902 1907 618 1676 115 2101 175 2177 265 1763 169 1726 1222 797 738 1301 1380 688 2123 841 1312 131 1015 441 1871 477 1753 1057 1169 1137 1408 171 2162 72 100 502 1169 958 1082 1466 265 1019 1891 2143 848 1103 169 2048 1788 227 2003 968 333 276 937 1637 103 957 1528 2162 2006 1135 897 618 973 379 1520 1934 1793 294 345 515 161 1140 1241 447 94 2160 608 1998 598 1774 77 231 585 2109 1155 723 1152 1550 68 683 674 1026 1743 81 1688 384 2084 165 263 223 209 237 2011 1167 274 478 1551 281 1280 1261 1833 1153 2148 1059 1806 1170 2097 698 771 2104 1021 2053 1699 196 1092 1166 115 1653 791 572 2037 612 2041 1247 1993 1987 330 2038 319 204 128 236 984 1990 506 995 1622 1525 1169 1057 877 1328 1322 943 795 1020 1281 1849 278 229 1506 746 1741 1907 115 1834 888 341 1319 2068 1906 86 1055 1934 1617 1577 66 1690 1008 1763 2048 1726 169 650 1662 501 1989 1612 1836 881 1247 1147 1895 2061 572 1997 392 678 891 1998 598 608 216 460 1037 2140 1082 534 2024 1888 465 295 690 262 1551 1076 1849 1112 2173 1282 1490 2056 1743 1614 1063 1034 1989 927 1804 95 1082 1577 106 395 1690 2019 1525 1865 502 1533 771 1935 668 1751 703 456 866 1803 1054 1784 349 1826 1959 1748 193 444 330 1987 319 119 447 343 153 1496 1574 1941 1453 238 512 1760 132 337 229 840 1506 528 1506 1358 1215 514 119 1603 470 529 567 1689 569 110 279 988 1420 2135 1291 745 753 661 1389 988 1178 326 1465 567 1883 619 1621 1681 2095 355 778 277 583 1057 570 1753 409 10 1803 48 2143 1668 1142 327 2051 253 1756 327 2051 1934 2020 406 1834 1764 1231 343 278 289 945 1699 585 2088 2026 601 251 1710 1622 1929 1508 151 738 1905 1548 1392 445 1125 1174 168 816 1531 1924 1161 1888 283 363 840 570 1741 564 1122 1715 342 1396 326 2177 175 265 2079 1080 1605 1922 507 188 1466 1082 1907 1676 618 1520 591 2057 1188 363 552 1812 4 1397 655 1457 1914 1510 280 1620 2153 2040 2139 2085 537 80 687 2158 1870 865 2099 1067 2165 969 529 1762 1689 637 565 2178 227 973 665 1358 1506 1215 711 1222 110 1389 2048 169 1763 1788 1208 2153 1714 1620 1614 1175 346 1422 1240 434 580 1828 43 1508 707 1920 732 1029 840 570 755 2045 729 1913 1009 772 1260 1097 774 654 406 465 1309 733 907 2100 1353 1132 676 165 1703 1219 1913 60 1838 511 2136 977 283 534 2024 1888 1485 283 1161 1888 1501 289 34 585 1161 1707 1888 363 1082 1787 1466 265 852 1492 227 333 2085 80 2139 495 271 2022 780 1330 1679 691 399 2143 659 1601 976 1087 1201 1991 1219 9 1244 1978 1341 245 387 1481 1783 1380 77 289 1699 585 207 1112 1929 1508 1709 57 1828 965 2017 574 340 1034 529 569 1689 1762 376 550 544 1685 103 660 1940 1400 139 275 963 60 1466 958 507 1082 1457 655 1104 1551 95 517 927 1082 1894 876 1010 523 2149 1782 262 690 681 611 645 1857 732 1753 570 564 937 103 276 660 778 583 456 1883 2122 360 1615 598 1432 1284 1814 1271 853 1012 1170 1855 517 1712 1204 1082 1397 418 181 1221 1197 1504 1619 2166 353 1272 405 568 1237 657 101 977 1234 805 620 960 1226 889 1694 2040 809 1349 632 2173 1614 1034 1063 1473 1313 654 1617 1556 689 995 1096 316 1061 1015 131 1035 1749 214 1879 2116 565 301 108 227 2123 688 1925 90 1776 1903 126 1960 343 153 1900 789 1882 2172 611 847 1485 1681 534 1888 1783 1481 2014 1380 168 1531 1721 1924 1673 1630 669 251 736 2167 744 1889 113 2053 2104 1021 1510 1926 1484 785 541 2088 658 251 692 698 660 771 568 947 179 573 1046 374 365 1477 476 1531 653 1924 555 2026 541 251 354 1572 1664 623 541 1361 2088 1600 397 1875 2092 686 432 1030 86 1055 57 1574 1373 1980 1328 488 1751 2081 204 236 46 1943 2158 1072 865 250 1619 1504 1629 759 110 1222 169 1389 946 1747 1210 91 1202 1568 349 598 1944 619 1681 2095 709 1755 1953 651 144 1442 713 245 1387 17 2027 40 1287 1397 846 1377 1659 1834 913 888 1638 1025 988 1389 946 2145 825 91 1129 1479 1143 1584 1298 2162 1946 2006 864 118 2128 1635 601 561 645 1857 224 1587 1960 76 1770 1927 1853 1149 1054 598 1998 216 1946 1408 1285 1528 958 1204 507 1082 1197 312 1619 1504 724 699 489 960 1563 1621 619 1089 512 210 1006 132 1411 747 22 1847 1693 87 1507 2126 1727 2175 126 2152 506 471 1622 707 665 746 229 1506 1313 654 465 1617 1115 184 987 2031 1526 868 501 1660 425 605 861 703 160 1950 27 1688 1673 466 658 251 622 774 1822 1982 1306 949 1080 1732 1676 618 306 2178 283 2138 2057 363 541 658 466 251 1822 774 1038 465 384 740 2084 263 1813 1138 220 1525 1984 1300 827 1427 998 1157 424 1922 1525 502 1491 1169 1457 1230 478 1551 468 1023 1092 115 1260 772 1262 1097 207 1929 1622 1508 993 1913 729 9 871 1105 1072 266 56 667 260 1994 1843 1271 1517 1661 1368 1853 2018 1953 1488 698 276 660 1936 1329 146 1806 695 811 678 547 1673 1074 669 1630 1274 660 103 1400 2175 1468 87 2152 249 2020 833 1492 641 949 1859 1922 1863 777 338 1824 778 277 583 1883 561 851 681 1857 1227 2008 955 471 1437 532 1149 967 576 1260 1009 772 1349 720 632 2173 432 1055 86 1617 1307 809 941 266 2066 1887 1304 516 2072 493 214 902 352 1263 1298 613 1978 245 1819 620 1715 342 1396 1453 343 447 119 2029 21 785 1472 1811 1020 1965 390 475 226 165 1353 325 417 1900 1113 386 1411 747 282 1688 638 1212 1774 1461 1659 1055 1658 1982 1940 1513 937 657 1044 1430 1807 1422 727 1637 937 627 832 659 694 1087 1589 863 935 2114 1319 823 614 1906 4 847 1857 562 1504 1676 1629 759 1419 103 520 1400 2026 1857 767 523 1405 1490 1562 1743 1533 1539 1613 823 326 2177 569 175 1450 461 635 1806 1624 2044 2007 865 2175 1468 1668 1756 1445 1879 405 214 871 1549 334 1105 1836 366 612 1089 1907 1969 91 1793 1085 1518 438 2114 802 1653 2061 2126 2175 1587 1468 1756 1408 1528 33 248 1921 1113 1900 789 1115 987 411 887 1758 1785 2074 182 1947 338 272 685 2104 200 113 945 227 2178 306 973 1964 945 1265 674 1946 122 1408 2162 957 1472 1177 1901 64 1664 1572 623 807 1291 2135 564 415 1724 1500 1204 987 2162 171 887 851 1518 1857 523 1664 2071 1718 354 204 128 46 236 760 124 1441 969 86 1617 1934 929 1181 165 226 325 356 1969 1112 1508 914 1397 1287 1377 1135 618 2178 973 653 1163 739 511 1085 438 302 2114 231 1699 462 585 182 1014 1785 70 1383 2114 847 259 370 741 1028 1743 430 261 1136 819 2167 1889 1234 1453 1569 2155 1800 2040 1140 1241 818 447 756 1471 1838 1163 853 1760 1006 132 2007 865 2044 1790 201 1287 1397 1221 23 1236 1429 2021 1810 2029 2168 1110 527 613 352 2070 2175 1727 126 189 1819 700 178 819 993 643 1086 1913 1941 862 405 1176 820 2032 907 2100 1543 1319 143 1906 1907 1834 1659 888 778 456 766 866 1710 1112 1969 1508 246 554 1287 846 1147 1895 572 637 1612 1247 881 965 968 852 476 232 1647 1721 1531 1474 1884 1325 589 1658 2141 315 2041 464 964 1311 1641 791 1126 2136 1838 511 355 456 583 188 739 56 511 977 574 250 1034 1174 298 1087 694 2119 243 361 1905 255 2060 1124 982 764 2017 1540 1761 1034 1275 1222 1057 142 86 379 440 1934 1081 1528 1926 2006 448 87 1693 1011 1664 354 1718 1572 460 486 1204 1082 1657 1744 1326 600 1098 444 23 2021 717 527 31 613 1197 1619 873 2166 517 1712 1724 1204 1986 1284 1843 1661 1865 1525 220 502 340 1034 574 250 1689 529 637 1401 1576 342 824 1396 1687 1125 1072 1174 1126 138 1228 511 596 277 1805 583 2145 91 1969 1793 283 1888 654 363 1207 1165 1771 1524 864 897 207 707 747 1688 22 1847 938 1743 1735 2035 1782 861 605 703 225 1867 902 904 375 550 398 1685 739 948 56 977 1085 302 132 1855 281 1164 1757 1833 872 1647 1531 1474 670 1933 37 649 1927 1134 2018 1953 1314 64 1572 623 213 1609 204 972 460 1486 1204 486 864 2128 343 1635 1921 1900 417 510 1667 2168 1243 1110 1808 123 862 1089 1327 1100 678 811 1563 862 1621 1089 733 2100 1968 2064 1570 1145 673 1981 1219 60 1703 928 794 980 689 316 2072 1897 902 1678 2172 562 552 335 2158 865 687 250 816 2004 168 1531 1988 126 1818 189 1934 1676 1520 1629 1715 1234 454 1889 1386 1517 1710 1661 659 694 1087 2119 1877 1550 1759 68 2097 660 698 771 1588 48 1171 2143 427 487 1510 2070 1588 10 48 2143 1946 2162 1408 1528 773 1593 938 1735 1869 599 287 35 402 701 1300 811 740 263 1162 1566 326 1466 1155 265 176 896 1292 177 26 1022 2003 333 531 1892 1042 1860 1367 987 553 663 1975 1854 1317 651 849 933 1762 185 911 1896 358 335 1081 912 1825 2006 415 1204 1500 1752 4 1833 552 562 2026 767 1524 523 2082 393 2069 877 1934 1834 406 1055 654 1888 2024 465 269 1025 1638 1389 860 2020 1834 255 233 397 304 1812 1603 298 119 1087 51 984 620 903 1513 657 1145 1981 330 678 392 891 301 227 565 2178 97 606 1362 2011 1896 49 898 1381 1488 692 698 660 1952 897 864 707 829 1660 1162 848 434 580 1828 1943 292 456 290 188 958 529 185 175 557 1114 1224 2011 295 1230 2171 690 110 100 502 1152 534 1706 1332 465 557 2011 1018 325 242 849 99 1762 837 1978 1819 620 2005 1598 1041 1584 2091 1231 696 278 174 1609 213 972 529 1465 1595 748 1988 742 126 189 1343 1074 1433 1630 1153 1936 2148 1806 11 1287 554 846 1332 1706 1822 465 992 1660 1162 1566 914 201 1287 1397 584 1219 666 928 406 1677 1659 1834 376 1130 1200 1175 447 2029 1140 94 1509 595 1548 2116 1480 1232 910 2099 315 881 2041 464 1147 1641 1311 791 490 1173 1082 1787 1997 1627 392 891 271 780 25 1330 2165 1067 2120 508 1048 1072 250 1174 729 1078 62 1201 45 1342 1511 1943 740 815 684 263 870 1537 1649 1560 71 582 1887 1275 1971 1276 1783 2014 198 1607 404 551 371 1484 1926 1398 206 1617 410 1556 962 1303 1314 1251 1602 1697 1469 120 1269 683 1265 1550 1232 124 910 2099 168 1647 1721 1531 591 1592 1839 40 1810 2029 597 2003 1354 182 614 1906 616 1941 2023 1176 2159 1733 393 1215 993 729 62 1201 963 60 275 480 1329 635 146 1806 713 1442 130 245 931 143 1031 1543 1718 2071 1665 526 1056 451 1871 1035 2069 393 1733 1215 1336 806 1312 90 755 1333 2045 708 1662 705 830 1860 306 475 1281 278 410 1617 206 929 326 175 958 265 1971 6 1246 2014 428 2177 569 2086 1840 287 597 2003 72 1491 8 100 1633 1488 1274 1400 1203 888 140 1678 1709 57 965 1980 1485 1681 1888 2095 1455 143 1031 931 526 2071 1665 1279 2034 588 1435 236 201 1397 181 1221 165 263 1415 325 2162 1528 1946 2006 233 1397 914 1377 1081 1825 1528 2006 569 2177 428 175 1003 678 1388 579 1614 1473 1175 1422 45 1828 57 1943 1501 1265 200 945 1602 1758 1532 182 1292 896 302 1351 616 966 1941 1980 392 1388 678 579 1757 562 1339 335 976 659 1137 1601 1263 613 1338 649 233 1608 914 1397 310 1725 293 958 1682 997 2067 1398 2123 1691 257 1312 1015 1778 2129 1871 1600 1165 2080 639 2092 15 1 1740 2075 118 471 707 1308 499 2106 714 922 768 244 1351 1822 465 1706 573 2104 289 1501 1699 234 1716 47 2100 676 165 1132 730 1296 794 1096 316 1668 1358 1142 2051 292 290 228 188 824 1396 342 1453 1484 1322 1328 795 277 1805 583 1883 1692 1204 1486 486 1703 797 1707 44 42 514 1603 470 372 1232 1480 916 372 1480 1455 916 797 1905 738 1548 1115 987 184 411 1129 1584 2005 40 1188 363 2057 1321 1441 1232 1148 916 1140 1635 2029 473 1239 1305 1229 451 1426 66 1577 1008 372 931 1232 916 372 1455 931 916 1664 1718 64 1572 483 1470 28 806 1429 2021 1236 1270 2008 471 2075 118 1609 12 870 972 931 702 1148 916 1782 703 605 1824 456 1999 1751 866 1722 476 232 1924 1990 43 707 1920 1359 292 228 188 1561 815 1820 1043 1085 1518 2114 459 584 666 535 928 1689 1727 1334 1903 1608 181 201 1397 506 1622 1990 707 1387 1188 17 40 829 1162 781 848 1140 492 1635 473 1534 1420 110 1788 1434 37 617 649 642 1993 1312 1951 820 202 2032 2100 1703 275 1621 2095 287 599 968 35 1877 15 1 2092 1767 1600 2080 639 2084 141 165 630 1305 131 1871 1035 1371 38 1657 70 28 688 1312 90 608 1831 971 598 149 645 611 562 2033 1240 588 1828 1709 546 1828 1511 735 194 1874 477 128 1350 770 236 1986 1843 1640 1661 1709 642 546 1123 519 2114 863 259 1277 2066 1304 516 1940 937 2097 660 31 613 527 2070 1727 2037 1871 2152 370 1028 998 1743 1192 981 992 834 1514 1492 1356 1684 1833 332 1164 562 1656 1389 1420 1788 1885 1999 1420 1883 1562 1743 938 2035 1569 1694 2155 2040 2115 796 2120 508 326 1155 2177 265 314 264 1288 1422 917 603 1114 714 244 1093 1774 1461 1510 1926 957 2006 36 202 47 1981 114 1929 268 22 51 697 984 903 640 533 1515 1630 2138 363 654 1556 1099 965 994 1373 545 1344 198 944 364 1723 1183 242 83 1993 380 1951 954 1283 2037 2152 191 733 857 1717 678 891 695 547 1026 1517 1859 1743 476 232 1356 2012 535 666 629 495 51 984 1654 1560 1956 905 1333 708 207 1849 720 2173 1749 1879 1393 2116 676 66 1128 714 1438 546 708 480 1682 1916 997 1398 835 1960 731 76 356 1112 2133 1281 934 690 1230 1551 1746 1537 1050 1732 975 1034 1318 1790 1198 1393 1879 1511 2108 398 971 161 328 1491 72 1169 356 207 1112 1849 1183 1723 324 496 1328 1824 1751 690 532 1671 1149 967 54 1553 776 1690 987 184 117 2031 1213 1701 2047 1022 1290 1753 1844 1169 1314 64 1928 1572 611 1857 847 562 1344 545 1193 944 247 1135 1106 618 1268 1473 1392 1174 2110 1222 71 142 1142 1358 157 1400 1300 1027 827 1427 740 684 2084 263 2058 991 1109 288 1553 1449 671 1690 4 1397 1812 1377 535 666 495 928 957 1926 1510 785 479 1738 1960 76 427 1510 2117 785 1208 2063 313 2040 768 418 1383 1221 782 1191 1137 1901 513 351 1245 1755 410 1321 1558 1556 1016 1706 405 573 1138 1169 1525 877 490 1070 1173 1787 207 1112 1849 2173 591 1839 1188 40 1132 1353 226 165 1693 1507 802 2126 1015 1871 131 1035 366 1563 619 1089 279 2177 563 978 1353 917 557 325 2123 1312 688 90 683 68 32 674 199 479 1738 1960 1950 27 1688 2035 593 1738 479 2086 750 1308 2106 714 852 1356 1492 1684 1859 81 1026 1743 2063 82 1136 1620 493 225 1867 902 1476 1949 31 2070 1505 1763 1222 1389 1814 1459 980 1661 1003 1327 1388 678 2072 1897 493 902 1894 1524 876 523 279 723 2177 1152 957 1484 1926 785 1437 532 303 1149 1938 138 1022 333 1103 1180 1534 1788 1406 1645 1588 1199 186 548 1286 838 1481 80 505 1632 526 1718 354 1572 1405 1743 1562 2035 353 1658 1659 140 1880 53 1347 1583 971 1454 608 216 1171 2143 346 848 2017 1034 1761 1144 1291 109 1236 564 750 1557 66 714 119 789 343 1231 1339 562 2172 335 859 686 1686 1812 1997 392 1388 678 1100 1997 1327 678 1690 2094 395 1008 1108 1040 396 1922 976 321 447 411 1260 1983 1262 772 790 2128 1652 240 2016 1077 98 50 124 2157 230 2099 23 1429 258 1816 232 24 1924 35 1479 944 2050 17 305 1620 1714 1373 1561 2031 1439 630 1143 1129 1193 1479 1936 1959 1153 2148 1256 338 685 605 718 1406 757 1171 24 599 894 35 1952 1667 924 1110 635 2058 1674 288 1553 671 909 1690 1426 362 1577 66 354 1219 1991 9 414 1149 1080 1671 1768 1349 266 2173 77 1699 231 585 1269 683 1964 1265 1836 612 1247 1089 1469 1602 120 1168 2074 182 1785 70 1653 572 2061 2126 2135 1753 732 564 612 1993 1247 1089 1653 2037 572 2126 592 1222 2110 142 1352 2167 568 1453 279 978 1545 1152 735 477 1874 753 2107 567 439 1178 462 1021 945 1699 2016 497 1077 1240 488 1322 1120 2081 327 1142 695 668 1521 1311 186 838 471 1860 830 118 975 1790 211 1989 1043 263 815 1566 1695 696 625 1764 1899 1820 1652 2031 2091 625 696 1231 88 2007 484 1540 725 735 1874 753 445 1072 1125 1174 1251 733 241 1717 1239 1744 1657 451 906 1470 163 806 1832 322 706 1373 1099 965 1373 1980 1663 551 260 627 1501 1265 945 674 2077 83 380 1951 993 125 729 1830 954 252 1283 2152 1870 1527 1864 1735 1188 1839 505 40 174 213 45 972 1956 546 905 708 211 975 1318 1790 2133 356 1079 1112 1509 595 1053 1548 1983 772 576 94 272 1323 212 795 1140 2029 447 473 611 847 2172 562 638 1774 231 1461 150 1050 1425 102 392 678 330 579 697 128 984 903 89 332 145 251 2067 1398 997 21 1030 1055 622 1982 2107 850 567 1401 2137 244 1461 1351 154 356 2133 1281 1261 1139 533 1630 1204 486 507 1082 535 1734 1632 495 1543 143 309 2068 106 909 671 1690 126 742 2175 189 1313 1617 206 1556 766 1862 1324 456 1709 45 1879 1511 2004 872 1647 1531 1659 406 1834 1055 1108 2079 1605 1922 448 1693 1444 1011 565 108 999 227 1038 1313 465 1617 2127 2159 1733 393 563 279 723 2177 1138 1525 1813 877 2115 1334 796 508 666 354 1336 1219 1898 1080 1671 1732 1505 1222 711 1389 33 1191 659 436 1115 411 1538 887 2056 652 396 1922 225 1272 12 904 840 1741 1062 564 1545 279 563 978 2137 922 244 1351 694 474 298 2119 1020 1281 2133 1849 814 1754 397 1777 4 1812 69 1377 723 279 1545 1152 1810 227 306 973 616 1729 1808 862 1907 91 1658 1793 1832 965 322 1373 1466 1082 1173 1787 580 1250 588 770 403 1080 949 1922 518 1541 219 1270 351 81 1245 1755 72 1491 100 1169 1929 1969 1710 1112 1637 103 937 627 1190 647 1316 849 2069 2082 1733 393 1399 178 700 819 430 1651 261 819 625 1764 1231 470 45 1511 1828 1943 884 426 1714 1373 1062 1741 331 564 1247 965 1612 123 957 21 1484 785 777 1947 338 272 572 637 1895 1798 1140 492 1243 1635 907 2100 733 2064 415 1500 1160 1752 220 1525 1138 1169 1261 533 1343 1630 1654 204 1609 984 275 2116 983 480 420 159 1633 1142 1892 705 1042 1860 1612 994 1099 965 836 1895 1655 637 1203 1659 888 1678 1759 68 1550 674 1952 924 864 1110 2025 721 142 2156 782 1137 633 1901 2088 601 145 251 683 1 32 68 1738 569 2086 761 446 21 782 1901 1928 1718 726 1572 628 81 747 1847 1054 1998 1784 216 1287 846 11 1377 863 2114 152 459 1225 1273 788 703 1690 66 54 730 894 599 1869 35 669 1835 466 251 1298 1263 1946 2162 1438 708 1340 480 1900 417 510 386 281 1696 1280 335 1833 552 562 335 72 1567 502 100 2180 502 1567 100 245 378 1620 2040 1302 1930 1437 967 1092 860 468 1834 1902 1690 54 730 1086 1340 708 480 1167 295 262 1551 1565 1238 379 1520 830 2128 118 240 42 625 514 1231 625 1764 696 1231 1228 1625 2136 511 684 2084 263 630 2087 1137 782 1191 1656 1763 1389 1788 61 1652 1820 1566 1625 2136 511 977 1106 1640 618 1920 1020 1849 475 278 2058 635 1861 461 528 764 23 1816 955 118 1483 240 1378 1421 1335 1380 1009 1097 839 2156 1161 656 1829 1707 611 1857 681 847 1386 91 1710 1969 1885 1420 1999 1788 1642 305 1208 1714 1363 1890 1088 413 1121 1575 2001 1354 980 900 1814 1517 758 1835 2112 1630 2139 1632 1734 495 1510 957 2070 2006 852 1022 138 333 1369 1208 2154 2153 1667 936 2168 1110 1342 174 213 45 1843 888 140 1271 1289 154 1281 759 1776 1184 1818 189 803 1534 1180 1493 195 2133 1112 1849 1382 1156 1210 1386 1952 924 1973 864 1255 179 1728 573 1208 1620 2063 2040 110 1491 502 100 976 447 153 184 1975 2049 1573 1317 1921 789 1900 510 1482 610 1002 1014 1910 206 1617 929 1113 1900 789 386 1668 1468 2175 1918 195 1112 1076 1849 670 1933 1069 37 619 1944 1951 2095 1438 1123 546 480 1179 1719 1865 2019 1832 994 965 1373 631 338 788 1824 165 263 2084 630 491 1869 42 470 2163 1965 1005 720 2074 1532 182 1427 72 502 220 1169 144 1122 1576 1396 493 609 2072 214 1277 516 1304 248 932 1076 1112 2173 355 596 538 583 1382 1386 1210 1755 692 1488 159 668 669 1630 1835 251 1312 1993 83 1951 320 1366 1663 260 1871 2037 1283 2152 1390 721 839 1270 1559 1472 21 1901 1159 21 1472 1811 1345 978 563 2086 1419 872 746 520 438 132 1085 302 1708 1699 231 1584 457 1651 1007 819 1533 132 1027 823 44 1632 666 928 820 1205 202 2100 284 981 117 510 1916 997 1398 1191 1687 1072 952 1174 1399 435 1007 819 2145 91 946 1969 295 1167 478 1551 1203 1497 433 140 402 162 1611 547 692 660 1488 668 26 1938 1213 1022 1108 2142 396 1040 1317 568 353 947 1225 615 425 788 489 121 1846 960 1564 1194 51 620 1495 932 268 1929 1598 1708 1041 1584 1203 1497 140 888 253 1116 1769 1756 616 862 1808 123 535 1632 173 928 1779 991 1799 2068 962 1928 1731 624 2180 100 525 1152 2017 1761 718 1144 2104 1501 945 1699 2148 846 4 1377 2179 1354 1254 1856 2153 1642 1208 1714 1363 1890 1186 1088 1965 720 475 1849 219 52 2021 1270 6 1783 961 2014 1345 479 978 2086 999 227 108 333 911 1381 1896 335 1738 2019 224 76 2163 1965 720 386 227 1492 1676 2178 1850 1568 1033 826 387 1421 990 1380 555 1835 1542 251 1365 635 288 461 2005 1041 1839 1584 428 563 2177 2086 534 2098 1332 1706 1411 22 769 1847 1020 1436 1281 278 696 1764 1695 2166 2135 745 725 753 1394 1429 23 1816 791 1147 1653 572 612 2041 881 1247 1394 1552 1429 1816 816 1924 1252 35 1626 1952 897 1110 368 1105 871 266 2161 1321 2057 1556 2025 839 1390 721 132 482 1027 1856 788 615 425 605 462 1968 231 2064 253 1756 1769 742 174 1198 904 1511 1638 269 2022 1025 687 1870 2164 865 395 1690 106 2094 1332 1016 1822 1706 548 1655 637 748 2161 1558 1321 1556 1910 1617 86 929 51 697 1654 984 790 1652 765 240 1965 1005 720 1849 1745 1395 2103 1144 1964 1107 945 674 1390 839 1541 1270 1282 1683 1157 2056 415 1160 1117 1752 453 1611 1326 547 312 1629 1504 232 643 1219 1913 9 462 1572 354 623 416 428 2177 175 1301 667 410 1321 1716 734 78 2032 416 2177 2101 175 1435 770 430 236 571 1690 37 730 1626 1667 1952 1110 779 1058 242 1762 1161 283 2057 363 1445 1548 275 2116 204 697 128 984 2074 892 1532 1427 45 904 1879 1511 639 1207 421 1524 297 319 982 1816 109 1741 1236 564 1238 1520 154 759 997 1191 782 21 2071 1664 1991 354 1744 2083 1326 1918 1607 198 727 551 975 2103 1034 1989 2099 2157 230 1067 1203 140 433 1678 1653 954 791 2037 612 380 2041 1993 1339 1757 149 562 683 32 1111 674 253 1116 1756 2051 957 21 1472 1901 488 100 110 1152 739 511 1163 977 548 1655 1286 838 243 1378 361 255 33 1398 1191 436 66 499 571 1008 943 1322 1328 2081 1458 1954 1149 1889 1667 1243 924 1635 1869 625 42 470 951 428 828 569 2066 516 1277 2156 732 570 840 564 1029 840 570 877 396 1040 424 1922 1027 823 132 1856 2121 360 970 598 1265 1550 683 674 491 287 1869 470 1938 1022 26 333 505 1632 80 495 1879 214 1445 2116 1093 585 1774 1461 1357 2047 1541 1270 2056 344 1157 396 810 1267 1580 1644 1949 613 31 2070 2041 1409 257 1993 791 1217 2129 2037 1444 1489 1638 1025 1565 154 1238 1520 1729 1016 2098 1706 356 306 1281 759 1274 103 1419 1400 802 2061 1798 2126 156 1285 122 1408 2101 293 175 265 755 729 125 1830 1369 1208 313 2154 619 1951 1621 2095 1689 569 1738 761 1028 773 751 1282 1893 118 2128 240 1534 1788 1180 1493 1966 1379 1422 216 1689 2124 1798 2126 1945 521 1456 1684 735 2119 2059 436 1822 1982 774 573 1027 132 438 482 1565 1520 379 1793 1624 1765 2164 88 670 336 1407 821 1626 522 1135 897 1338 527 717 613 1645 1406 111 1199 747 81 1688 1847 1836 123 366 1089 1168 783 1602 1758 1253 1964 200 1265 306 618 356 1508 1434 663 37 630 148 1392 1268 1473 1709 1123 546 1511 380 1993 612 1089 1356 1514 2020 1492 954 2037 1653 2126 1115 1796 1538 411 1263 1338 617 649 1395 484 2007 1540 584 1886 1219 928 1273 703 1225 1787 1843 1710 1640 1661 1274 276 1637 103 1915 1018 135 325 39 1457 784 478 1613 238 1935 1533 957 1926 1484 1398 1687 952 1125 1174 1913 1219 1336 9 1223 145 332 251 85 1302 307 1583 143 1779 309 2068 1216 180 1933 649 1018 2011 606 325 725 1874 2135 1753 1240 621 434 1828 1241 65 1796 411 818 447 184 473 306 897 618 1508 1311 1521 1147 838 1498 1558 206 410 638 1774 77 231 998 424 641 1922 1736 2107 1798 1401 1129 1479 1584 40 955 1860 118 240 2113 690 2030 866 957 1398 1484 21 1251 1572 462 623 709 140 102 1271 1214 1480 1376 916 1112 1281 356 1849 1593 1296 566 1735 1519 1595 413 748 1549 368 282 1105 1900 789 153 510 1796 895 818 184 673 1570 13 1145 1234 2167 414 1889 705 1652 2128 240 577 1885 1656 1420 597 772 1840 2003 1822 774 465 573 474 725 1909 298 1504 759 1619 2166 156 411 1408 887 1711 911 804 1381 253 996 1616 742 1634 2072 1742 1677 1466 583 456 188 241 733 907 1717 1814 980 1517 1661 415 1117 339 1752 1034 1989 2103 1144 893 1414 1084 1192 1127 1672 1515 193 1549 871 368 1105 437 137 1047 1251 1403 1391 1280 1833 1080 1953 1859 1922 1274 1419 205 1400 1246 254 798 948 1809 253 996 1616 1252 1924 24 35 166 107 99 1762 1553 54 1902 1690 231 1708 462 1699 2142 424 396 1040 338 1256 788 605 1020 1965 475 1849 86 1934 440 929 457 810 1651 819 1292 575 1248 302 572 2037 1727 2126 1406 1199 1588 1171 50 1438 546 708 513 1368 351 1953 122 1408 2162 887 593 2086 951 761 414 1671 805 967 311 1360 160 1688 1224 1018 557 2011 1247 1993 642 1089 1990 43 522 707 624 1928 726 1572 1399 1644 435 819 783 1168 443 1758 1773 1253 1964 200 942 699 724 960 110 1420 988 1389 1354 614 823 1906 2047 1701 1257 52 1576 1396 824 1574 1727 508 1903 189 496 422 1334 508 2135 1291 1753 564 1059 1153 2052 2148 895 818 184 473 1048 952 1072 1174 560 2034 1435 236 1801 2178 565 973 1618 1970 1309 907 496 422 1183 1334 1649 870 1873 1537 541 1841 658 2088 1754 2125 397 686 1615 360 1878 598 347 322 1832 965 845 548 186 637 1295 1455 1214 916 767 876 1524 523 2008 506 2075 471 498 950 1378 255 2033 939 1739 1828 1800 2155 1068 2040 816 1937 331 109 1626 897 1135 973 1128 66 1557 714 384 165 1181 325 122 2162 1463 887 1792 1687 334 1072 353 568 405 573 1115 184 1796 411 1098 518 219 2021 596 583 1805 1465 621 2016 1438 546 1803 1789 1702 826 696 1231 1764 278 693 983 2116 480 2160 1998 1054 598 1016 1822 1706 573 2175 126 1587 1756 50 1438 2016 546 884 1714 1620 1373 1378 738 1421 1380 1034 1790 975 1989 1403 1833 1280 335 584 1886 1991 1219 148 1268 1200 1473 1562 1282 938 1743 39 558 1914 487 422 779 1183 1334 851 1446 1518 523 1900 510 981 386 943 1120 1322 2081 1632 495 666 928 461 482 1861 1856 936 1810 2168 1110 639 1600 1165 1524 1721 1195 636 1994 1140 447 818 473 1402 1302 75 307 1696 358 1280 335 1762 1334 779 761 1589 851 1446 1518 1050 1873 217 1537 407 786 1108 1040 1050 1537 102 1732 820 1968 2100 2064 1352 1494 744 1453 2176 1885 1036 1883 2177 978 279 2086 774 1982 353 573 552 1381 2172 335 618 115 247 2178 25 592 1552 258 2057 363 2138 1556 982 2060 764 319 539 616 123 1980 797 44 275 1548 1191 21 1137 1901 836 637 1655 748 142 2156 721 409 25 1330 258 1816 1611 600 1326 547 1416 1694 889 2040 1964 1265 683 674 1534 1999 1420 1788 1012 404 2097 1855 540 712 170 1811 639 1767 1600 1524 1020 475 390 278 1445 214 1677 1905 481 1095 1476 785 1393 1123 1879 1511 588 1240 1670 580 438 846 767 482 1382 1386 1755 1847 907 2100 2032 259 281 1833 1757 335 281 1280 1833 335 1044 1379 314 1422 917 676 1128 714 2005 1839 1592 40 752 262 295 690 1840 1022 968 2003 824 1574 1396 1453 938 1593 1864 1735 1668 327 1756 2051 1683 1157 1028 1282 1395 975 2103 1034 964 1064 1311 572 464 2141 648 1247 1263 617 1463 2162 2041 257 2141 1993 2129 964 791 2037 1534 1999 1788 1493 1535 1237 254 657 1496 1560 1272 972 1773 634 1992 113 443 610 704 1785 1195 1994 1721 1474 1393 1879 1123 2116 2082 1719 2127 76 642 60 708 480 2127 835 731 76 1018 1224 1362 2011 243 738 1378 255 279 2177 1155 1152 1805 1465 583 1883 475 1849 1281 278 1897 217 902 1678 243 1905 738 255 310 958 293 265 1948 1588 1199 10 666 1632 505 495 126 1756 2175 742 1367 1115 1060 987 1190 2147 242 849 957 1510 2070 785 656 591 1592 1839 143 1295 1848 1319 1292 177 896 1351 405 1706 774 573 1614 1660 1662 1989 1724 415 517 1204 1692 460 1486 1204 380 619 1951 1089 954 1507 2152 2126 1140 1243 2029 1635 1801 1135 2178 973 320 1344 2027 17 879 413 1519 1595 2135 1290 732 1753 768 1461 244 1351 340 1540 2017 1034 1519 548 845 748 110 1389 169 1788 1217 441 1464 1015 801 1409 841 2123 626 191 1711 1717 1237 101 218 977 1276 494 1456 1684 1237 218 798 977 900 641 1432 949 1967 1896 898 1381 820 231 1968 2064 1387 858 2027 17 647 1235 1725 185 957 2162 613 2006 507 1204 958 1752 207 720 1349 2173 1874 1844 1290 1753 1772 1439 1434 630 1406 1171 718 1144 358 1403 1280 335 932 1929 1495 2173 1949 1216 717 613 415 339 1204 1752 1129 1387 2027 40 851 1010 1446 523 1899 1820 1872 1652 2025 142 885 2156 1723 2115 324 496 1395 1034 2103 1144 778 1862 766 456 858 808 320 17 522 897 1952 707 1000 1370 1065 855 747 1639 1360 1688 466 1841 658 541 2125 1754 1118 686 524 999 108 333 991 2001 1109 288 155 1648 1809 1539 1305 1606 131 1035 894 1695 1869 599 28 1597 688 90 528 393 877 1215 1744 1229 1355 451 483 1829 163 806 194 477 735 436 1915 135 1181 325 1612 1206 994 965 1655 1895 838 637 82 1620 305 1373 1757 1833 562 335 525 1120 2062 488 1080 414 1671 1732 820 177 1461 1351 368 114 1411 22 199 1738 1903 1960 1418 1613 155 1539 442 1084 1972 172 2085 2132 537 1205 1445 774 1706 465 198 944 1344 551 1697 469 1894 876 1050 102 150 1732 696 1695 873 2166 1934 1520 1907 1793 50 1340 1438 708 496 1184 422 508 2009 314 1379 1422 2059 1191 1916 436 1077 1956 98 50 374 385 1815 284 1315 354 1279 9 1301 363 1321 1556 1914 1457 784 39 1069 1132 536 730 779 1334 422 761 1831 608 1462 2160 427 39 274 1510 243 1421 1378 738 1483 118 1893 240 113 634 164 2169 1852 2146 610 1785 1561 1043 1820 2031 566 2044 1624 865 1278 548 413 748 243 361 1742 1905 1053 1742 609 1905 1223 332 1630 251 151 243 1053 1905 2108 267 18 161 1820 1043 815 1566 1900 981 830 386 944 404 1513 551 2057 1321 363 1556 1034 250 1063 1174 2160 2122 1615 598 1019 1199 1171 2143 179 974 1352 568 1070 425 861 1787 745 1291 136 753 570 1753 1291 564 1156 1386 1382 1847 790 1893 270 2128 2047 219 1541 52 522 1952 2075 707 1603 119 298 470 1956 50 546 708 937 404 1607 551 2135 1753 1291 753 857 191 1309 733 760 1184 2157 508 241 418 768 585 1074 1673 1433 1630 1216 717 613 649 502 100 1491 1169 558 1797 1914 487 1592 591 1387 40 306 1764 278 2166 1585 1390 1552 1429 894 24 1197 599 1725 185 958 1752 642 60 1913 708 758 989 1748 193 373 430 770 1350 1181 384 2084 165 966 1574 1941 1980 3 857 1297 733 156 1408 122 887 2009 1422 1379 216 1964 1111 1107 674 787 395 365 1008 1610 1984 1979 827 959 1547 1186 1595 864 897 1952 1110 2008 2075 1973 118 2115 496 1334 508 491 84 1869 287 1619 1101 1238 759 1859 81 1953 1755 1758 443 704 1785 1992 1773 113 200 474 1603 694 298 139 595 983 275 1598 77 1478 1699 1825 1298 1946 2006 1669 1434 617 649 219 1257 1471 2021 1907 1640 618 115 1701 1938 138 1022 664 2091 789 1231 225 902 1272 904 421 1447 120 876 815 263 740 1566 1914 559 655 1510 407 786 1040 1133 1736 1798 1895 1401 1100 811 402 547 1765 1624 2007 88 976 411 987 887 476 968 232 1924 1197 599 1504 2166 506 2075 471 707 2030 690 934 1493 1160 647 844 1117 116 1422 2009 216 988 1025 711 1389 1836 1247 123 1089 1607 727 937 551 44 1703 60 928 1563 1808 1729 862 1065 1000 855 188 1764 287 597 470 159 1142 420 2051 572 1798 2061 2126 1185 2041 1409 257 1217 1942 791 2129 1559 21 446 1901 224 1330 711 1025 2005 1584 1839 40 976 447 184 411 587 146 1329 635 358 1696 359 911 33 799 1398 436 203 1936 2 2148 968 599 232 35 1743 1688 1026 2035 1279 1315 1004 354 1168 350 443 182 1773 1964 1107 945 402 811 1300 547 1646 181 0 418 2168 919 1243 2029 1708 1839 1041 1584 1800 313 1569 2040 1694 1569 1226 2040 1394 1552 518 1429 1460 1387 591 1188 548 637 845 748 1086 1340 1830 708 835 479 1960 76 1308 458 2106 499 395 2094 365 1008 69 193 2010 1777 514 1231 119 470 684 1561 1439 630 323 1750 808 667 1433 1957 2105 1261 1586 1955 208 1959 1500 1204 192 1752 28 841 83 1312 1305 441 1283 1871 1313 1910 206 1617 273 5 59 646 1445 1706 1888 465 343 1635 2128 473 955 2008 1483 118 1372 463 737 299 1061 1249 1015 1035 1260 1262 1357 1097 1362 1512 97 1187 2123 1925 1961 90 1337 893 1130 834 81 1755 1386 1847 48 757 1588 1171 191 857 1303 1717 353 947 568 573 1954 1880 307 1889 406 1617 410 929 1725 647 185 1752 1135 618 247 2178 1986 1467 105 1640 2153 884 1714 1620 1613 831 1648 1539 661 1656 1763 1389 111 1199 1406 1171 220 502 1525 1169 1338 352 527 613 1621 1951 619 1089 1276 1456 1514 1684 647 1117 1160 1752 1058 1762 779 761 1673 658 145 251 87 2152 1507 2126 1318 975 1395 1034 591 1188 1387 40 619 1944 2077 1951 1507 383 252 2152 988 1389 1420 1178 323 858 1460 1321 957 1137 21 1901 1564 620 51 960 1612 539 123 1980 567 2124 988 1178 1367 987 663 2031 156 1538 411 887 2110 592 1505 1222 7 1817 367 1322 1827 1230 295 478 1328 1751 1824 2081 1497 1425 433 140 82 305 706 1373 424 1157 344 396 936 1599 2168 1810 661 269 1638 1389 820 1461 768 1351 1047 624 856 1572 1071 32 1 68 1846 55 1675 805 829 296 781 1162 571 66 1690 730 1505 1763 1726 1222 850 1465 567 1401 1408 321 976 411 790 1872 765 1652 1570 1051 2076 459 1609 984 204 972 1979 2076 152 459 2029 1635 1243 1110 71 2110 1726 1222 863 152 1051 459 1667 1243 1635 1110 269 1763 1505 1389 1398 1191 997 21 867 229 746 1741 1938 524 138 333 445 1687 1125 1072 1018 1094 606 1362 1439 2031 663 630 1079 356 1969 1112 1703 1951 806 2095 427 1476 487 2070 61 765 1820 1652 1434 553 617 663 247 115 1023 2178 1946 1463 122 2162 878 2111 1557 603 42 1231 514 470 1437 1150 532 967 425 703 861 1787 199 1903 1776 1960 571 165 66 730 1582 59 582 5 1654 984 1609 972 1245 351 628 81 2179 823 1354 1856 179 947 1728 573 1797 817 559 2070 1530 1736 2107 1798 1365 461 1680 1806 174 45 1342 1511 2025 839 721 2156 119 1231 597 470 384 1181 135 325 1884 918 1747 1854 368 871 941 266 1843 1640 1907 888 117 981 1900 510 840 229 1062 1741 991 1799 2001 1779 137 962 1731 624 524 852 138 333 1041 1598 906 1708 1967 1403 1896 1381 1303 1045 1711 1717 953 1227 1823 921 311 1578 160 1360 1273 1052 788 703 328 1908 799 436 810 1580 261 819 804 1381 911 335 64 530 1664 623 1439 663 1434 630 2062 525 488 1152 700 889 1644 819 1352 744 2167 1453 529 1401 1465 748 1603 1909 42 298 475 720 207 1849 1121 1354 2001 1906 440 1934 1629 929 2176 1999 1885 1883 1088 413 1890 1595 764 982 319 1816 1718 526 726 1572 226 1181 141 165 773 938 751 1282 224 393 1587 76 1038 432 1313 1617 1900 153 117 510 1342 45 213 1943 885 2110 71 142 918 1975 1452 1854 976 184 987 411 2 2148 1936 1806 1440 1957 281 1261 1959 1955 728 1153 1245 1382 1755 1847 1301 1321 410 1556 1893 2128 1635 473 625 1231 42 470 1019 399 1199 2143 55 870 1649 1560 2123 1961 743 1312 1015 1249 586 1871 636 1195 1366 1994 1409 801 257 2123 2129 1217 1464 1015 1487 607 1372 671 1292 302 1248 1351 388 1410 29 1358 607 1449 1372 671 1416 1819 1978 245 526 354 1004 1572 25 271 1330 1816 920 1842 1012 404 1049 1750 1558 2012 1279 1004 526 354 1043 1652 1820 2031 1851 97 1512 1187 2169 113 634 1021 1785 610 1852 1014 380 619 2077 1951 722 668 159 2051 725 298 474 753 1507 252 954 2152 352 2070 613 2006 951 428 569 2086 323 2161 1558 1321 1929 1112 207 2173 1212 177 2137 1461 889 1580 1267 1644 1746 1649 1050 1537 1431 1248 1912 1221 1651 1594 1007 819 75 1437 303 1149 524 1945 138 852 932 1112 1929 2173 773 741 1593 1735 833 468 950 2020 828 569 428 175 609 493 1749 214 1442 280 2089 2040 201 1912 1287 1221 1203 2118 1497 888 1842 198 1607 404 1721 1722 168 1924 820 896 177 1351 535 1734 173 1632 1716 734 2032 259 51 620 1194 903 1092 913 860 1834 1759 1550 34 674 839 1097 721 2156 675 429 1049 2012 735 477 2119 436 1820 1652 1043 1566 1116 719 1769 1756 958 175 293 265 2163 1005 632 720 1310 589 1728 1982 870 1654 1609 1560 1376 2099 2165 969 961 387 662 1481 1612 965 1099 1980 729 2045 775 1913 2161 1460 2057 1321 534 1332 2024 465 147 2036 832 659 67 578 2087 1601 836 1895 637 1401 692 771 660 668 1048 250 574 1174 1332 1822 1038 465 1944 1485 1829 2095 1535 1003 1237 657 662 1734 2139 1632 330 678 1940 579 1287 11 914 1377 992 981 284 834 1705 537 234 1205 622 1822 1728 1982 1690 66 571 1008 968 2003 1022 333 143 1319 1848 1906 1164 1957 1223 332 168 1252 816 1924 1186 1088 1890 1595 1245 81 628 1847 662 990 173 1632 149 1164 89 332 1182 530 3 623 1088 1278 413 748 213 45 972 1943 1393 1123 693 2116 1233 1637 1963 627 1759 0 1877 68 1042 1892 765 705 2065 273 59 646 1030 622 589 1982 1314 3 64 623 1435 1136 560 236 1297 1309 1977 733 1018 606 135 325 2073 1123 1393 1511 1626 1952 522 897 767 1857 1518 523 1291 1837 136 753 1990 707 1622 1920 2050 944 260 17 792 581 855 1529 1727 1903 126 189 1882 626 1339 2172 2062 488 1120 2081 1289 1238 154 759 1825 1946 1528 2006 518 1390 1541 1429 1328 1322 488 2081 7 943 1120 1322 820 2100 907 2064 1657 1326 1611 600 1327 13 1100 811 899 576 158 94 1149 1671 414 967 1541 839 1357 1097 664 2091 926 789 196 1203 913 888 1452 513 285 651 1012 1607 698 404 1826 1586 208 1959 1261 2105 1433 1343 1477 1601 171 2094 899 158 1241 94 1102 650 501 1989 1367 663 1439 2031 1313 2024 1038 465 1142 668 327 2051 814 397 1812 1777 1910 432 86 1617 1667 1635 924 1110 1927 2018 908 1853 712 540 348 886 257 1185 2041 2141 1942 964 791 2129 1248 575 602 302 1018 135 1141 1915 146 635 1365 1806 1245 1382 1210 1755 1467 2118 196 888 1709 1828 45 1511 725 1753 2135 753 1880 85 307 1583 1115 895 1796 184 701 13 2076 811 836 1401 637 748 1143 638 2005 1584 618 306 2178 973 820 907 768 2064 1970 907 1618 259 1197 873 1695 599 1975 1884 1310 1854 1424 1767 1894 1524 1117 1218 1160 415 1350 2042 430 1594 1226 2063 1580 2040 1334 1903 422 761 2160 970 2122 598 102 1537 414 1732 1150 1671 532 967 1592 2005 1041 1839 158 400 65 321 1976 228 1324 1000 1656 1420 1885 1788 1585 592 2110 142 1881 545 176 177 957 1472 21 785 10 691 1720 1503 1893 1635 492 473 1079 1969 1596 1112 1062 867 331 1741 1567 2180 2015 502 1498 410 206 929 2102 422 1903 761 2137 176 1292 177 2 1936 146 1806 1881 2137 1212 177 1244 53 73 130 2015 1865 220 502 20 385 1337 834 1487 1372 737 299 1527 938 1735 2035 568 1176 405 573 174 904 45 1511 1705 47 36 202 2030 2113 2171 690 647 1190 1235 185 2000 819 2054 903 1764 597 1231 470 974 2023 1494 1176 2133 1020 1436 1281 525 100 488 1152 1064 1962 1311 572 464 648 79 1247 1009 1260 839 1097 206 410 1558 1556 513 1923 1853 1953 1355 1744 451 1918 635 461 1365 1806 750 878 1557 714 1046 74 1404 510 640 1131 758 1515 1515 129 758 989 1734 535 629 495 445 871 1072 266 1909 298 725 753 2009 116 314 1422 72 8 1567 100 275 44 1703 60 1320 616 2023 1176 614 1539 1533 823 1274 1637 1419 103 725 1874 1753 753 1043 263 571 630 1320 974 1255 1176 2073 693 1393 1123 1121 1848 350 1906 1445 1888 654 465 820 1461 231 2064 427 2070 1510 785 556 1285 1780 1528 110 1420 1389 1788 618 897 306 973 1779 1121 2001 1906 1838 2136 218 977 275 1548 595 2116 199 2102 1776 1903 739 1994 260 627 1288 1996 1430 1174 1079 1596 932 1112 1249 1871 1015 1035 2123 1961 1312 90 414 805 1234 967 1133 489 1939 1671 2180 1567 525 100 1921 926 1113 789 2000 1399 1007 819 117 1652 1043 2031 199 835 479 1960 427 1476 2070 785 1148 1809 996 1616 1438 693 1123 480 1138 1290 1844 1169 1105 1735 1026 2035 932 1076 195 1112 692 1170 698 771 399 1948 1199 10 1133 724 489 1671 687 88 340 250 569 951 2086 761 1242 199 1776 1960 72 1567 220 502 7 525 8 100 628 351 1639 81 886 348 712 394 563 723 449 2177 1954 1770 1458 1149 1792 952 1687 1072 402 1100 701 811 2015 1545 1179 978 835 1242 731 1960 1338 1407 1669 649 2133 1079 195 1112 2112 1835 669 1630 1341 53 73 1244 174 1198 1867 904 1923 1953 513 651 907 1970 2100 259 174 12 1609 904 1036 577 439 1178 1696 804 911 335 959 1595 1186 940 25 258 1552 1816 1280 1391 1139 1833 1853 1923 1770 1149 1937 491 745 136 1423 664 1921 789 606 2011 223 325 1294 756 101 579 308 710 959 940 694 2036 474 2119 2097 937 1513 404 72 220 1138 1169 854 11 2052 1377 1345 479 1179 978 140 888 1659 1678 1105 1688 1026 22 1500 192 1160 1752 200 2104 1501 945 1532 1758 2074 182 1516 2107 439 1178 693 2116 1123 480 1230 1827 1457 478 225 12 1867 904 1545 563 1345 978 276 1607 727 937 1516 577 661 1178 378 984 236 903 1658 353 1982 947 1278 1655 548 748 1115 987 1367 2031 1057 142 721 409 1895 1798 637 1401 963 1086 60 480 422 1776 2102 1903 75 1927 542 1770 624 726 526 1572 2082 2127 393 76 778 2176 277 1883 724 1133 407 1671 1703 806 1707 2095 2087 782 147 1191 1953 1755 513 651 463 813 1095 1472 445 1307 871 266 1338 717 1407 649 258 1429 1552 1816 1280 1139 1261 1833 563 416 428 2177 74 1921 417 510 2101 416 449 2177 693 2073 1438 1123 1715 744 342 1453 477 1753 1874 753 1893 270 2128 473 83 1409 380 1993 954 1283 1217 2037 1904 1432 1306 949 79 322 347 965 186 1962 845 637 735 2119 477 753 752 1554 2171 295 765 1652 705 240 1500 1160 1218 415 2042 1651 430 1594 1329 1936 317 1153 1384 281 1696 1280 1138 1813 1029 877 336 1407 821 1669 1277 1304 400 248 440 1629 1786 929 2137 1461 177 1351 1276 1456 498 1514 84 1869 287 35 767 1806 461 482 640 758 1131 2112 129 1515 1672 989 513 1853 1368 1953 782 633 446 1901 1861 482 2150 1856 2108 256 1866 294 865 250 1063 1790 134 1999 1211 1493 1612 123 965 1980 429 636 1750 2012 1894 1424 1524 523 750 1557 362 66 1334 1903 1727 508 297 23 319 1816 982 297 2060 319 1159 1472 901 1811 2082 2069 1813 877 611 1339 149 562 1449 1553 180 1690 55 51 1654 1560 862 123 1709 1089 1713 192 1500 1204 371 5 1926 646 539 616 1808 123 2089 1800 1068 2040 1709 862 1941 123 1485 1944 1681 2095 159 668 1142 2051 1404 417 1591 510 983 275 595 2116 1301 2014 1481 1380 745 1909 725 136 513 1755 285 651 221 2018 1134 1953 1909 42 298 470 1774 585 231 1461 2163 1113 1965 386 399 691 1720 10 952 58 1125 1174 1115 1060 987 887 460 1204 1712 1082 1690 571 2094 1008 173 1632 44 928 1698 823 2179 1856 217 225 1897 902 446 997 782 21 1738 224 1960 76 1127 193 69 1777 1702 970 1054 598 1673 1223 1433 1630 873 1619 759 2166 305 82 1208 1620 1603 298 42 470 2072 1083 1897 1678 1435 430 1136 236 1715 454 736 1889 1083 1203 433 1678 2163 1972 715 386 398 2108 18 161 1076 932 1495 2173 1897 433 217 1678 2154 313 1800 2040 1078 1315 1279 9 1815 458 1308 499 234 2132 1977 1205 2153 280 884 1620 291 148 1084 172 415 339 517 1204 1413 670 536 1766 790 1893 2128 240 959 710 581 1529 1577 909 106 1690 1541 52 219 1270 1527 938 1864 1735 1988 1769 1374 742 151 1905 1053 1548 1062 331 807 564 2047 52 1541 1270 1854 1755 709 651 403 949 641 1922 1005 195 1076 1849 233 814 397 1812 365 1032 1046 1477 1941 1709 123 1980 174 45 904 972 1716 2100 1970 259 380 1951 1993 1089 253 1769 996 742 954 2152 2037 2126 1029 2069 840 877 1245 1755 81 1847 195 1020 2133 1849 715 417 1113 386 1988 1441 996 742 241 768 907 2064 1807 1966 1379 1422 197 1702 1385 970 1023 247 1166 115 1689 2124 567 1798 2106 18 878 714 717 31 1949 613 1923 1458 1770 1149 24 1722 232 1924 356 1112 207 1508 1530 802 2061 1798 328 1908 1817 799 764 157 23 319 1062 732 840 564 650 975 211 1989 1483 1973 1893 118 2155 1694 1068 2040 1831 2160 1615 598 968 1022 852 333 544 20 1130 834 1504 306 759 2166 1543 341 702 1319 521 249 833 1492 357 133 2144 1821 1878 1866 256 294 1609 870 1560 972 1360 2028 160 1688 924 1635 864 1110 1104 677 273 646 256 1615 1878 598 213 204 46 1943 685 1782 605 1824 941 809 1495 2173 297 444 1987 319 2145 1565 825 1793 735 2036 2059 2119 78 672 47 1981 1050 150 1746 1732 1289 154 2133 1281 1534 110 169 1788 1780 156 400 248 1230 934 2171 690 832 694 2131 1087 1801 301 565 2178 1242 1818 1374 126 78 1570 672 1981 219 52 1257 2021 725 474 2119 753 1330 1025 224 1011 1504 232 968 599 760 1184 508 189 629 1182 2085 495 1065 855 1529 188 1909 136 42 470 1559 1472 1159 21 1300 811 695 547 1654 1609 1560 972 807 2135 732 564 460 1173 1037 1082 1020 1005 1965 1849 1101 1786 440 1629 1689 1798 567 1401 2054 2000 1594 819 392 1987 644 330 26 1262 1475 2003 1713 14 2013 2144 571 730 37 630 1194 2000 2054 903 968 232 1924 35 2060 1987 2038 319 1585 885 2025 142 872 1233 1647 1474 1902 180 1553 1690 1764 599 1695 2166 820 1968 1205 2100 1450 635 1329 1806 1727 969 508 189 883 1574 966 1980 2160 608 1462 1998 696 873 1436 278 491 136 287 470 1099 883 966 1980 1723 364 99 242 310 293 2101 265 490 1173 1364 1082 696 278 1764 2166 1892 765 705 240 89 1223 145 332 1202 2121 1568 598 710 1529 959 940 1859 949 1080 1922 1252 24 894 35 1725 1117 647 1752 375 544 550 1685 1098 297 1394 23 1268 1392 1996 1174 2062 2180 525 1152 1703 1621 1951 2095 1033 1417 1789 1385 99 849 933 1762 1390 1429 721 1270 1650 1465 850 1401 1009 2066 1277 2156 174 904 1609 972 52 1236 2021 1270 2025 1009 839 2156 105 1986 1640 1661 1236 1741 570 564 721 1097 839 1270 851 561 1424 523 1689 1738 1903 761 943 367 1158 1322 582 222 1013 5 1079 2145 1596 1969 1170 1935 1760 771 1446 1610 1979 827 61 296 1526 1566 82 2063 1208 1620 428 1345 563 2086 1565 379 1448 1793 1707 797 1888 363 2157 496 930 508 328 194 1908 436 879 1073 1890 940 734 519 863 259 328 72 1844 1169 695 660 2097 771 1990 763 43 1920 24 675 312 232 1431 201 181 1221 406 1055 774 1617 1609 904 12 972 2109 723 2062 1152 1348 185 880 1752 1294 756 218 101 763 1990 995 1622 593 479 1345 2086 390 2091 696 278 1012 920 404 1855 416 2101 293 175 925 178 2000 239 453 1100 402 547 1689 637 1798 1401 2180 723 1545 1152 61 1820 815 1566 528 1330 764 1816 1325 825 1448 1793 487 31 1797 2070 163 656 1041 1839 688 509 1925 90 1364 460 1712 1082 228 290 1976 1324 159 420 722 2051 131 1001 1061 1035 1313 206 2138 1556 1650 850 836 1401 934 2030 2171 690 951 593 428 2086 543 1226 1580 889 749 173 41 44 253 722 1116 2051 1066 449 2109 1155 121 489 590 699 497 2033 1077 1240 1432 949 1904 1271 50 401 1830 708 1656 1885 1180 1788 1910 86 440 929 1086 377 963 60 454 1880 1954 1889 828 428 416 175 1278 1088 1655 748 2018 1368 908 1853 1899 1561 1820 2031 1791 2062 1120 2081 1104 934 1551 646 377 139 963 60 1656 2048 1763 1788 1106 105 1467 1640 1706 465 774 573 24 1252 1722 1924 388 1116 420 2051 895 270 818 473 809 632 1076 2173 935 611 681 847 146 1936 317 1329 358 1384 1696 1280 1898 1671 1939 1732 1541 839 1097 1270 1220 620 1564 960 965 123 1709 1980 635 1674 1365 288 1103 2048 1180 1788 1338 1407 1917 1669 1159 2067 997 21 203 1542 1936 2148 357 1821 2144 486 879 1890 1595 940 2059 147 1916 1191 1211 134 2176 1999 518 1429 1541 1270 1044 1807 1379 1422 1978 1244 1416 245 463 1412 1258 299 2085 2139 1734 495 1692 1712 460 1204 571 165 730 630 1434 821 1766 37 1509 1749 1393 2116 1343 533 640 1630 1916 782 997 1191 1198 174 1342 1511 1626 936 1667 973 1501 34 1265 674 1197 873 599 2166 873 1695 599 2166 588 2034 2033 1828 1797 31 527 2070 1911 2139 537 80 1101 312 1786 1629 1367 553 1439 663 1066 679 2101 265 616 539 966 1980 963 1340 1086 480 1792 1687 286 334 1571 1368 1604 2018 923 744 736 2167 1509 983 595 2116 1653 1147 2061 572 1836 612 881 1247 1646 716 181 418 1538 156 122 887 846 1397 4 1377 2121 197 1385 970 1057 1753 477 409 1236 721 1429 1270 658 2088 145 251 1357 1541 1097 1270 2102 779 422 761 1801 1626 1135 973 1498 206 1910 929 634 300 164 2169 2146 610 979 1852 657 101 1940 579 664 514 2091 1231 111 594 1171 1144 745 136 725 753 712 394 1017 795 1390 1541 1429 1270 1106 105 1640 1920 1435 588 1250 770 909 215 776 362 1198 2073 1393 1511 621 2073 1342 1511 880 1316 647 849 1140 818 492 473 1393 693 983 2116 1310 1982 1728 947 1899 1115 1367 2031 1691 2123 743 1312 1778 1015 586 1871 1405 1950 1688 2035 1990 1622 763 1920 975 1102 2103 1989 1598 2005 638 1584 2104 2053 1478 1699 1716 2032 2100 259 2048 1582 1726 169 226 1075 536 141 14 1713 1692 2144 1893 492 270 473 99 933 166 1762 1146 1430 574 1174 491 42 136 470 406 1934 1617 929 1728 1982 1822 573 2019 393 224 76 2161 2057 2138 1556 828 293 1235 175 717 1407 1917 1338 1909 725 136 753 1999 866 1211 1493 1698 2179 1254 1856 606 223 135 325 1226 543 1694 889 561 681 645 1857 2107 1736 850 1401 1898 1133 1939 1671 1534 1751 1999 1493 841 688 1090 2123 131 1931 441 1015 1817 1908 1682 799 434 46 580 1943 1825 1946 1285 1528 976 1408 411 887 750 362 1426 66 874 800 1792 1549 631 1863 338 1824 182 2074 1427 70 206 1558 2161 1556 1736 2061 1895 1798 1614 1989 1034 1144 1716 1970 734 259 1342 213 434 1943 1959 1936 1542 2148 1230 1457 1104 1551 1060 122 1463 887 37 663 571 630 1909 491 42 136 1436 1020 390 278 1108 396 2079 1922 133 2013 2144 1821 233 914 854 1377 2150 1861 369 482 1237 1294 218 101 1394 297 982 1816 1099 994 426 1373 2059 194 735 436 693 963 983 480 1296 1593 741 1735 775 729 1913 9 2164 1864 1189 1624 369 210 2150 482 1394 23 297 1816 343 447 1635 473 539 1612 1099 1980 593 951 2102 761 688 2169 509 90 989 956 431 193 1289 1436 873 1281 631 1863 1824 2081 380 366 619 1089 954 802 1507 2126 665 229 337 1506 131 1852 1001 1035 1067 2157 930 508 1234 414 967 1889 1292 2137 177 1351 1254 1861 2150 1856 526 1004 856 1572 1026 1688 81 1847 283 1485 534 1888 1527 1562 938 2035 1599 26 1475 2003 1412 901 1258 299 1088 1547 1266 1595 339 1117 1725 1752 925 178 1399 2000 2121 1878 360 598 128 770 46 236 1626 973 1667 1110 712 1017 777 795 797 654 1888 363 247 1023 301 2178 792 1529 855 188 1626 897 973 1110 755 1830 401 708 1365 1680 2 1806 442 1307 291 172 1438 1340 693 480 1094 97 606 1362 2034 939 2033 1828 1338 613 717 649 1991 1886 643 1219 957 1926 1528 2006 366 1836 1808 123 156 1538 65 411 644 392 330 579 675 24 1722 232 1294 1003 1388 579 2144 1821 2013 486 1002 443 350 182 1107 1154 1773 945 1026 22 1688 1847 296 815 740 1566 930 496 2115 508 481 1472 1095 785 2000 1007 1594 819 830 118 1860 240 1886 584 535 928 1892 955 1483 240 1247 1709 123 1089 1970 1618 519 259 950 860 361 255 951 1058 779 761 644 1388 392 579 836 1736 1895 1401 697 51 1194 903 1702 1789 1417 1385 803 1180 134 1493 1059 1450 1329 1806 935 1882 611 847 1886 749 377 928 326 1155 279 2177 1757 1339 804 335 697 2054 128 903 1735 1743 1026 2035 2179 1698 1418 823 1760 512 1006 132 84 894 1869 35 487 467 1797 31 794 689 1096 316 1909 298 136 470 739 1163 101 977 1956 401 50 708 2170 776 362 1557 407 724 1259 1133 2159 29 1733 1215 228 1370 1065 1000 1294 644 756 579 873 759 1289 2166 342 1576 1122 1396 2030 866 690 1493 1977 234 1205 2100 2069 1733 337 1215 173 44 749 928 596 355 277 583 546 642 708 480 936 973 1810 1110 353 1982 947 573 665 337 29 1215 725 474 735 2119 1934 1055 406 1617 1940 103 937 660 1243 919 1140 2029 725 2119 735 753 2029 1635 447 473 1048 1072 2158 250 1368 1604 604 1571 1770 1402 75 307 313 1226 1569 2040 1663 198 1344 551 281 1757 1696 335 1686 1118 1127 1777 535 173 749 928 54 66 676 730 546 1123 642 480 1115 1538 1060 887 873 1289 1281 2166 1063 250 1072 1174 873 1436 278 2166 1013 1780 1304 248 576 1983 1260 772 353 140 1659 1678 531 1823 955 1860 298 2119 474 753 727 1963 1637 627 1490 1282 1562 1743 665 1506 337 1215 1394 25 1552 1816 1472 785 481 1811 1581 886 2117 1811 395 106 1623 2094 1689 1798 572 2126 2145 946 1596 1969 696 873 278 2166 1413 670 1766 821 223 384 135 325 1298 817 352 2006 2169 634 300 1021 610 979 1852 1014 1633 205 1410 1400 105 1459 1661 1920 440 1786 1498 929 1240 1670 2033 588 873 1619 1289 759 2008 1227 506 471 1212 2137 244 1461 1956 1739 905 546 1024 2131 694 1087 1133 724 1259 489 896 302 1085 1855 790 1483 1893 240 1129 2005 1592 40 1063 1790 1034 1989 25 982 271 1816 540 901 127 1811 1048 574 952 1174 1892 1860 955 240 892 162 1984 1427 355 792 1862 188 556 1081 1825 1528 1360 1578 160 2028 1689 1762 569 761 2147 99 242 849 873 1281 1436 2166 2041 380 1409 1993 791 954 1217 2037 1647 1195 1721 1474 2115 107 796 1334 57 1373 965 1980 936 1801 565 973 1220 837 1819 620 936 1667 973 1110 424 1040 403 1922 886 540 127 1811 238 1418 1698 823 1600 1424 1845 1524 1375 878 267 603 528 258 1330 1816 642 1951 1621 1089 241 585 768 2064 1694 1416 1068 2040 1727 2152 87 2126 1892 790 765 240 31 467 1797 527 883 824 966 1574 228 1000 1065 188 2111 1128 1557 603 1625 798 2136 977 937 1513 404 551 1624 1864 1189 1593 1360 604 1590 2028 380 612 366 1089 84 816 1252 35 954 1653 802 2126 4 332 1833 562 1669 617 1338 649 343 1635 2029 1110 620 984 378 903 837 620 1220 960 2066 2025 885 2156 211 2044 953 1790 1893 924 492 1635 427 481 1476 785 937 551 727 627 466 555 541 251 1885 2176 134 1999 923 1352 744 2167 1135 247 1801 2178 1747 946 825 91 824 342 1494 1453 1559 1159 446 21 277 1036 1805 1883 647 880 185 1752 413 1595 1088 748 162 892 2074 1427 1426 1577 395 1008 1654 1560 984 972 875 1564 1220 239 817 2070 352 2006 67 1032 578 1601 1650 1805 850 1465 1318 2007 2044 1790 1797 527 352 2070 914 1608 201 1397 1106 43 105 1920 257 329 2141 1993 2129 504 964 2037 435 1644 549 457 448 890 2078 1011 1245 628 1382 1847 679 927 310 265 1088 1595 1266 748 1925 1090 688 2123 1015 131 1931 1061 606 97 209 2011 1128 603 917 714 1158 712 869 795 308 1186 754 940 1105 1026 1688 2035 2010 193 2096 1777 1067 930 2115 508 241 907 733 2064 1228 1945 494 1684 1915 557 1018 325 282 1360 311 1688 314 116 264 1422 1908 2059 1916 436 1301 363 1188 1321 41 151 595 1548 1956 755 401 708 207 707 897 1508 835 1719 479 76 1836 1612 539 123 1439 553 1434 663 695 771 1533 668 2049 1310 179 947 387 1783 1335 1380 883 1576 824 1574 1412 299 463 1472 722 831 159 668 639 1165 1207 1524 1770 1927 542 1853 162 2074 1371 70 162 1427 2074 70 447 2029 343 1635 647 1160 880 1752 1119 710 1428 1529 1048 2158 687 250 1159 901 170 1811 1622 471 207 707 445 334 1687 1072 1048 340 574 250 2009 1998 608 216 146 587 1365 635 911 359 358 1896 1119 1065 855 1529 1098 1471 444 2021 1292 1248 922 1351 1119 1428 1065 1529 1519 413 548 748 1126 1228 2136 511 373 430 1435 770 1181 226 1781 1915 1016 1255 1822 573 1119 855 710 1529 2169 96 1021 90 521 108 249 1492 168 2004 1647 1531 1852 1264 1014 1035 1554 1230 2171 295 853 575 920 1855 1073 1821 1704 940 647 844 880 1160 2028 604 1590 1571 34 289 1093 585 506 1990 2075 707 406 1834 2020 255 1644 810 549 457 676 54 1128 66 2149 262 752 690 1700 2083 1355 1918 571 263 165 630 1148 1232 931 916 1367 1439 1561 2031 1455 1480 1214 916 280 2154 2089 2040 1718 1928 64 1572 1988 1818 760 189 352 1338 1263 613 1932 300 1021 90 1631 979 1014 1035 1909 136 298 753 1141 606 135 1018 1019 111 594 1171 1761 104 1406 1144 1996 58 1430 1174 776 1128 54 66 431 989 381 956 515 1375 267 603 952 1687 286 1792 1559 446 1091 1901 6 1971 1783 2014 613 2070 957 2006 2010 1586 2096 193 59 273 222 5 105 763 1459 1920 1348 880 1794 1752 513 1245 285 1755 365 395 1623 2094 512 1698 2150 1856 1306 1898 150 1732 1564 121 1293 960 38 1785 1014 70 1289 759 1281 2166 1650 596 1805 1465 424 403 641 1922 1709 965 1247 123 1710 1508 1640 1920 408 1553 671 909 1797 352 817 2070 1210 285 1245 1755 1689 1334 1762 761 1019 1891 399 2143 1640 1508 618 1920 901 299 1412 1472 1159 1559 901 1472 787 1308 1426 1008 178 1220 1819 620 684 1772 2084 630 223 606 209 2011 1299 1832 305 1373 1104 2065 934 646 408 1553 1449 671 1997 1388 1327 678 1127 2130 193 1777 934 1230 1104 1551 1091 633 1730 1901 1497 1284 1904 1271 1588 757 1406 1171 1317 1854 709 651 1891 1536 237 848 1605 532 407 1671 1280 1440 281 1261 1959 728 1936 1153 343 864 1635 1110 717 419 31 527 334 874 1792 1549 1950 2028 1405 1688 739 1474 1994 627 1704 308 754 940 1306 641 403 949 1689 637 572 1798 425 490 1196 1787 1093 289 1774 585 754 1186 1890 940 532 1150 724 1671 943 1863 1120 2081 1412 1472 481 1811 1892 705 1860 240 256 1831 1615 598 971 1831 256 598 2130 450 956 193 1716 1977 1970 2100 1739 1956 1077 546 555 466 1835 251 1709 1879 1123 1511 1406 104 111 1144 2127 1733 2082 393 1938 26 999 333 660 771 695 668 1299 994 1832 1373 1564 51 1846 960 141 1181 2084 165 107 2115 1723 1334 38 2074 1785 70 121 699 1293 960 282 747 1360 1688 1837 516 477 409 1142 660 695 668 1263 1463 1946 2162 1654 697 204 984 1930 942 1150 967 1092 1023 1166 115 1691 329 257 1993 1778 504 2129 2037 146 1365 2 1806 425 1196 1225 1787 1941 1574 57 1980 1281 278 1436 2166 114 268 769 22 1800 2089 2154 2040 1428 472 391 1636 1676 115 618 2178 77 289 2104 1699 288 92 1365 461 1964 683 1111 674 750 2106 878 714 1837 2156 516 409 1761 1745 104 1144 775 1078 729 9 58 574 1430 1174 1938 1701 1213 1022 1672 956 989 193 882 1666 1789 826 300 1925 509 90 979 1061 1001 1035 160 2028 1950 1688 764 319 23 1816 1211 866 2030 1493 820 768 1461 2064 1069 1902 54 730 1202 1878 2121 598 829 237 1536 848 1837 477 2119 753 585 1461 768 2064 2079 396 652 1922 2155 1569 1628 1694 849 880 933 185 1127 2130 1672 193 1216 1933 1407 649 810 261 1651 819 1299 305 1714 1373 1353 557 1915 325 642 1993 1951 1089 1399 700 1644 819 1727 2037 2152 2126 34 1550 1265 674 2022 1444 1638 1025 1396 1574 1496 1453 776 1553 215 909 1016 1332 2098 1706 583 1465 326 1883 1804 1196 490 1787 1891 1679 399 2143 1073 486 1821 940 567 1465 529 1401 1336 1219 354 9 178 875 1220 239 836 1655 1266 748 1666 485 1187 826 1966 1784 1379 216 431 956 450 193 1837 298 136 753 792 855 1000 188 1216 1407 717 649 414 1149 967 1889 2096 2130 1151 1777 952 574 58 1174 111 1171 1406 1144 313 2063 1226 2040 419 717 1338 527 306 278 1281 2166 1746 1898 1939 1732 1890 1704 754 940 871 334 445 1072 306 1810 973 1110 105 1661 1640 1920 116 2009 1454 216 1789 1803 1503 826 1998 2009 1379 216 134 1211 2030 1493 111 2103 594 1144 92 1680 1365 461 481 785 2117 1811 489 724 590 699 1689 1903 1334 761 2169 300 509 90 1209 485 1187 1666 1839 1584 505 40 453 402 1611 547 1998 608 112 2009 1852 979 1001 1035 2039 1579 16 1713 1048 952 2158 1072 244 1774 1212 1461 2130 1118 1151 1777 1476 31 487 2070 481 427 2117 785 1012 853 920 1855 505 1839 1708 1584 1890 1186 1595 940 1754 2096 1151 1777 707 1508 1622 1920 1547 1088 1186 1595 2122 970 1737 360 1897 225 493 902 1503 485 882 826 96 2053 2169 1021 1852 1264 38 1014 105 1459 1986 1661 1424 1600 1767 1524 1151 1118 1754 1777 1348 933 880 185 306 973 897 1110 1479 505 1584 40 1649 1873 1050 1537 1666 1033 1789 826 1745 111 104 1144 631 1791 1863 2081 1187 1850 1033 826 1406 718 1761 1144 1452 1573 1923 651 901 1412 127 1811 1804 1225 1196 1787 450 2130 2096 193 1065 1529 1037 188 776 2170 1128 1557 1714 994 1299 1373 531 955 1892 1860 1795 1331 1074 669 2130 450 1522 956 1411 114 769 22 514 625 2091 1231 1804 679 1273 1787 143 1848 1779 1906 1257 219 2047 52 882 485 1666 826 58 1996 1125 1174 886 127 1412 1811 685 212 1782 1824 407 532 724 1671 1486 357 2144 486 1044 1379 382 314 1067 2115 2120 508 135 1181 1781 1915 2027 858 320 17 1744 1239 1229 451 483 163 1470 806 1290 2135 1874 1753 1333 755 1956 708 690 866 1751 1493 637 1401 529 748 1930 1150 1437 967 1458 736 1954 1889 989 1672 381 956 1603 474 1909 298 1027 1354 823 1856 1073 192 2013 486 155 1613 1648 1539 496 2157 1184 508 1792 2158 952 1072 243 1742 1053 1905 1284 1432 1904 1271 1405 1562 1950 2035 924 1243 492 1635 50 1830 1340 708 1197 1695 894 599 205 1633 1274 1400 1728 947 1982 573 1704 1876 1502 1636 313 1569 762 1800 1503 485 2043 882 1958 2155 1068 1800 1878 1615 235 360 472 1428 710 1636 842 1821 391 1876 526 856 624 1572 1826 431 450 193 1281 759 306 2166 425 1070 490 1787 882 1666 389 1789 792 1000 1862 188 273 2065 1104 646 1820 765 1872 1652 890 448 1444 1011 2169 2053 113 1021 1785 1852 38 1014 485 1851 1187 826 1054 970 2160 598 1156 1382 769 1847 1199 111 1019 1171 1307 941 871 266 912 817 1825 2006 1390 518 1552 1429 595 151 1053 1548 1832 706 305 1373 1125 1687 19 952 857 1309 1297 733 179 1310 1728 947 692 159 831 668 1292 922 2137 1351 1851 691 1679 826 2008 1973 1483 118 1711 191 1303 1717 1315 775 1961 9 198 1663 727 551 1335 1421 387 1380 1821 357 842 391 1291 1837 753 409 269 661 1763 1389 1726 2110 1505 1222 1232 910 372 1480 950 361 1378 255 1455 1031 372 931 2071 812 1665 1279 1051 152 2076 459 1 1451 15 1877 1767 2080 1974 639 812 62 1078 1201 1538 1796 65 411 1789 1666 389 1033 2009 608 1454 216 1209 485 1851 1187 1223 89 1164 332 357 1486 2140 486 1814 1986 1459 1661 1794 1160 192 1752 1482 1631 979 1014 300 843 1932 1021 58 1125 19 952 299 901 1559 1472 1728 1822 1255 573 314 1379 382 2009 229 867 1062 1741 2169 1597 96 90 830 1860 705 240 54 676 1132 730 1977 1716 234 2100 1530 2061 1736 1798 1852 1606 1264 1035 1063 250 1034 1790 1592 1041 656 1839 1355 2083 1744 1918 984 1560 1496 972 1713 1579 16 1692 1460 2161 323 1321 1910 1313 432 1617 394 1323 272 795 766 2113 1211 866 1890 413 879 1595 1697 1974 1469 120 683 1269 1451 1550 803 2030 934 1493 760 1818 1184 189 1412 1095 481 1472 530 64 3 623 20 1337 1130 834 970 2121 1737 360 1379 1998 112 2009 141 226 1075 1181 1579 2055 1712 1724 2096 193 2130 1777 222 582 59 5 234 537 2132 1205 1431 1912 201 1221 1012 1842 1607 404 814 2010 2096 1777 300 2169 1021 90 979 1852 1014 1035 777 869 712 795 55 1654 870 1560 1673 1074 1331 669 450 1522 2096 2130 1456 494 1945 1684 1800 762 313 2154 1636 1502 1704 308 589 622 1728 1982 1750 1049 429 2012 628 747 769 1847 1332 1038 2024 465 1894 1010 1424 523 1655 1088 1266 748 943 7 367 1322 1884 1975 918 1854 885 1585 2110 142 1932 1961 300 90 1631 1249 979 1035 11 854 914 1377 1694 1569 1628 1226 196 2118 1203 888 13 701 1100 811 1127 1118 2130 1777 1412 481 2117 1811 340 1048 687 250 2113 2030 1211 866 839 1260 1357 1097 1881 176 2137 177 277 2176 1036 1883 744 1494 342 1453 662 173 1734 1632 1567 2015 220 502 1784 1998 1379 216 1074 167 1346 1343 500 450 1826 431 1503 691 485 826 614 182 1427 70 2127 1719 835 76 1990 522 2075 707 975 650 1102 1989 1320 2023 974 1176 1170 692 1935 771 1592 1387 1129 40 417 1404 74 510 932 195 1079 1112 926 1921 664 789 291 1084 442 172 450 1586 1826 193 1564 1293 1220 960 843 300 634 1021 610 1482 979 1014 1471 1098 219 2021 199 1242 835 1960 1523 2039 1500 1724 1651 1499 457 1007 1252 168 1722 1924 1802 1615 2160 2122 1443 484 1395 1540 1567 8 525 100 901 1472 1412 1811 798 218 2136 977 1160 1794 880 1752 1392 1125 1996 1174 855 581 710 1529 1800 1068 1958 2089 563 449 416 2177 1179 1545 1345 978 577 1516 439 1178 1426 395 787 1008 1751 866 1999 1493 1867 12 174 904 58 187 1996 1430 397 2125 1875 686 1361 1841 541 2088 1285 556 1825 1528 72 1138 1844 1169 1028 751 1683 1282 1406 104 1645 111 1909 745 491 136 1299 680 1832 994 1655 1286 1278 548 141 1413 536 1766 641 1306 1432 949 1289 1619 1238 759 1029 1813 2069 877 629 2085 1734 495 315 93 881 464 1311 1521 1641 1147 715 1113 2163 386 1837 2119 298 753 1780 400 1304 248 1836 539 1808 123 684 1439 1772 630 344 2142 424 396 1083 433 1897 1678 2133 1436 1289 1281 2055 1712 1724 517 1775 1196 490 1804 801 1185 1409 257 1217 1464 1942 2129 1220 1293 699 960 2060 297 1987 319 837 1220 942 960 1256 615 788 605 1988 996 1769 742 782 1916 147 1191 1452 1923 513 651 1165 2080 1361 1600 2092 1875 15 1740 2169 688 1597 90 1005 1020 195 1849 1852 131 1606 1035 930 324 2115 496 401 98 1956 50 2108 1866 1546 294 1062 807 732 564 1499 1651 1594 1007 1724 1500 1523 415 536 1075 1413 141 2001 1109 1799 991 962 1731 1995 137 999 524 1938 333 851 1424 1010 523 1748 989 1826 193 1950 1527 27 2035 485 2043 691 1503 235 256 1615 1878 2013 1821 1073 486 2180 2062 723 1152 435 318 1399 1007 1372 737 607 1487 231 1461 585 2064 228 1065 1037 188 1318 2044 211 1790 293 828 416 175 446 633 1091 1901 477 753 1837 409 428 593 1345 2086 1565 1448 825 1793 1407 336 1917 1669 1666 1187 1033 826 997 446 1159 21 1615 1831 1802 2160 1233 1195 1647 1474 450 1586 500 1826 167 1074 1433 1343 1529 486 507 940 539 1099 966 1980 1640 1661 1710 1920 1925 300 1961 90 1061 979 1249 1035 1710 1622 1508 1920 1180 2048 1656 1788 818 270 492 473 301 1801 247 2178 2130 956 1672 193 228 1037 1359 188 1899 1367 1561 2031 809 1076 1495 2173 1369 1642 1208 2153 754 1363 1890 1186 308 959 1186 940 1970 519 734 259 2000 1399 318 1007 207 1622 707 1508 1964 1253 1269 1265 1602 1469 783 1168 1478 77 2104 1699 296 61 815 1566 983 1509 1393 2116 1436 390 696 278 1826 989 431 193 850 1736 836 1401 1342 2073 1198 1511 1267 543 1580 889 1412 2117 886 1811 2025 2066 1009 2156 1797 558 467 487 901 540 170 1811 394 1581 1323 795 1088 1278 1363 413 1642 1299 305 1714 206 2161 2138 1556 213 46 434 1943 679 310 2101 265 722 420 1116 2051 1498 1910 440 929 150 1898 1746 1732 474 2036 735 2119 1412 463 1095 1472 1757 804 1696 335 1340 963 693 480 129 758 1131 1515 399 1720 1948 10 1457 1827 784 478 1073 1704 1890 940 1779 1799 309 2068 1928 726 1731 624 2157 930 230 1067 1368 908 1604 2018 1428 1119 472 710 1371 2074 38 70 164 1992 634 113 121 1564 1846 960 2146 704 610 1785 348 1017 712 394 125 401 755 1830 443 704 783 1758 1773 1992 1253 200 951 779 2102 761 484 1765 2007 88 1863 1791 1120 2081 775 1315 1078 9 1094 1512 97 1362 230 910 124 2099 777 1017 1947 272 644 1294 1388 579 2059 1908 194 436 1698 1254 2150 1856 426 994 1714 1373 62 125 729 993 143 309 1031 1543 1718 1665 726 526 338 1947 1256 685 908 542 1927 1853 1892 1483 790 240 1886 535 749 928 936 1626 1801 973 1825 817 1298 2006 1880 1347 85 1583 1733 29 337 1215 763 105 43 1920 2140 1037 1065 1529 1394 982 25 1816 1586 450 2096 193 810 549 1267 1644 1252 894 84 35 1781 1141 135 1915 1538 122 1060 887 1185 315 2041 2141 1641 1942 964 791 942 1220 699 960 985 1044 314 1288 1364 1173 460 1082 697 1194 2054 903 1244 73 1555 130 457 682 435 1007 2151 1569 2155 1800 1876 391 455 1636 2093 485 1666 882 2122 452 1615 360 1346 1544 1074 1795 2174 450 431 956 1919 1579 2039 1724 1230 1554 1827 295 1065 1370 1119 855 73 1347 53 1341 1069 54 1132 730 985 1044 1288 1430 389 1417 1789 1033 1950 1562 1527 2035 1068 1555 1958 2089 1512 1209 1851 1187 803 134 2030 1493 1065 1428 2140 1529 1503 882 1789 826 357 842 133 1821 1141 1094 606 1018 16 14 1713 1692 2121 1737 197 970 1792 286 874 334 915 1189 1864 1593 1273 1225 1804 1787 1831 1462 1802 2160 1291 753 1753 409 878 1375 2111 603 2103 111 1745 1144 1753 753 477 409 1160 844 1218 1117 430 373 2042 1350 786 2142 1108 1040 187 1288 1996 1430 1259 786 407 1133 1673 1331 1985 669 2096 1522 1151 2130 1121 1779 1848 1906 1651 2042 1499 1594 1500 1218 1523 415 1196 615 425 1225 1931 1464 441 1015 1090 801 841 2123 1954 736 454 1889 1399 318 925 2000 1131 986 640 2112 1672 381 129 989 98 497 1077 2016 1914 784 558 39 628 769 1382 1847 324 364 1723 1183 1712 2055 183 517 99 364 2147 242 2033 497 1670 1240 1955 728 208 1959 1440 2105 1957 1261 2096 1754 814 1777 1588 1645 1948 1199 2058 1109 1674 288 1045 1995 423 49 93 680 1206 347 186 1286 1521 838 133 2013 14 2144 1417 197 1702 1385 1996 1125 19 58 901 1258 127 1412 1250 373 1435 770 880 1316 844 647 267 1546 1375 515 1745 104 1443 1761 226 1781 1075 1181 588 1670 1250 580 317 587 146 1329 359 1384 1696 358 1190 1316 2147 849 19 187 1996 58 587 1674 1365 635 423 359 911 1896 1384 1440 281 1280 1936 728 317 1153 1157 1683 344 2056 762 1369 313 2154 1502 754 1704 308 776 215 2170 362 208 500 1586 1826 2105 167 1433 1343 1694 1628 543 1226 590 1259 724 489 2171 412 1554 752 542 1402 75 1770 112 1462 608 1998 874 1172 800 1549 463 1258 737 299 1604 1590 604 1571 1293 875 1564 1220 1189 1765 2164 1624 1851 485 691 826 1754 1151 2125 1118 658 1985 1841 466 1590 1578 1360 2028 688 509 1090 1925 131 1001 1931 1061 670 1413 336 821 1302 1402 85 307 1499 682 457 1007 2039 1523 1919 1724 485 2093 2043 882 2155 1958 2151 1800 2151 762 1569 1800 1876 455 1502 1636 1615 1802 452 2122 1209 2093 485 1666 472 455 391 1636 183 1775 1364 95 1074 167 1544 1346 450 500 2174 431 452 235 1615 360 290 2090 1976 1324 435 549 682 457 691 2043 1720 1503 160 1172 1578 311 127 348 540 886 1628 2151 1569 2155 1346 986 1544 1795 431 381 2174 956 1544 1331 1074 1795 450 2174 1522 956 2090 412 793 503 1553 408 215 909 751 915 938 773 228 1976 1370 1000 435 682 318 1007 1919 2055 1579 1724 112 382 1379 2009 300 509 164 2169 1001 2146 979 1852 717 1917 419 1338 382 985 1044 314 1449 607 408 671 419 467 31 527 391 455 842 1876 1666 389 2093 882 256 235 1866 1878 16 1919 1579 2039 2122 1737 452 360 178 925 875 239 1288 187 985 1430 590 1293 121 699 1128 2170 2111 1557 286 19 1687 952 2081 1052 1155 703 172 1392 445 291 172 445 1392 1063 216 398 971 1454 216 971 398 161 1743 1157 1922 2056 1743 1922 1157 998 1472 1949 785 613 1472 785 1949 1095 2081 2109 1052 1791 2081 1052 2109 1155 332 645 601 89 332 601 645 1857 1652 895 473 1872 1652 473 895 184 1741 2004 520 867 1741 520 2004 1531 872 520 2004 867 872 2004 520 1531 1657 1014 38 1264 1657 38 1014 70 1400 665 520 205 1400 520 665 1506 746 520 665 205 746 665 520 1506 1949 785 1476 1095 1476 785 1949 2070 2094 1690 1730 1177 2094 1730 1690 106 2002 1730 1690 1177 2002 1690 1730 106 2012 1786 929 1049 2012 929 1786 1629 529 1595 1519 748 1743 316 1517 370 1743 1517 316 1026 827 469 1010 1610 827 1010 469 876 482 554 246 846 482 246 554 369 1699 906 1598 1708 1699 1598 906 1478 1969 1710 618 1640 1508 618 1710 1640 1234 53 1583 1341 1234 1583 53 30 232 1492 1504 227 1504 1492 232 1356 1493 1551 1328 690 1493 1328 1551 646 1354 1447 92 876 1354 92 1447 1575 182 469 1602 876 182 1602 469 1532 2003 599 1810 968 2003 1810 599 1764 1732 1904 102 150 1732 102 1904 1271 774 902 405 353 405 902 774 214 1222 1491 1275 1057 1222 1275 1491 169 1333 1993 905 329 905 1993 1333 642 2037 2120 796 1727 2037 796 2120 504 482 1450 554 1806 482 554 1450 369 151 797 41 990 151 41 797 1548 44 41 797 990 44 797 41 1548 1685 1660 992 1175 992 1660 1685 1162 1969 268 1112 1929 1969 1112 268 1596 932 1112 268 1929 932 268 1112 1596 2029 1983 1475 919 2029 1475 1983 597 246 1221 1287 1912 1287 1221 246 846 185 1519 1595 1348 185 1595 1519 529 848 1614 594 1660 848 594 1614 1171 1743 1922 652 2056 652 1922 1743 1859 316 22 1710 1929 1710 22 316 1026 1397 847 846 4 846 847 1397 1383 1539 695 600 1533 1539 600 695 327 22 941 368 114 22 368 941 266 789 1024 1423 664 789 1423 1024 153 2010 1377 1777 854 1777 1377 2010 69 2089 1244 1555 130 2089 1555 1244 1068 1392 172 148 291 148 172 1392 1473 456 1070 1359 292 456 1359 1070 1466 2031 571 630 1043 2031 630 571 663 1971 1684 1625 494 1625 1684 1971 56 2162 1901 171 1137 171 1901 2162 1177 70 1056 1657 600 70 1657 1056 1014 1372 671 1177 1487 1177 671 1372 1449 1624 88 865 2007 865 88 1624 2164 332 1139 69 1833 332 69 1139 1630 806 96 90 1336 806 90 96 1470 451 1264 1035 1056 451 1035 1264 1239 1824 1052 788 631 1824 788 1052 703 1743 652 2046 1490 1743 2046 652 1859 1889 1930 1234 1583 1889 1234 1930 967 307 1149 1889 1302 1889 1149 307 1954 1601 633 2087 1137 1601 2087 633 578 1790 1768 1063 865 1790 1063 1768 921 1595 1794 1348 879 1595 1348 1794 1752 1422 718 1146 1807 1422 1146 718 1614 1539 600 1616 614 1539 1616 600 327 2011 1679 2143 349 2011 2143 1679 209 1021 1004 1572 843 1021 1572 1004 354 748 1650 1595 1266 748 1595 1650 1465 1082 339 517 927 1082 517 339 1204 1152 1751 2081 1155 1152 2081 1751 488 690 793 866 2113 690 866 793 503 649 1039 613 1216 649 613 1039 1177 1949 613 1039 1216 1949 1039 613 1177 2046 1688 1743 1405 1743 1688 2046 81 877 1057 258 570 877 258 1057 1525 1330 393 764 224 1330 764 393 528 1587 764 393 224 1587 393 764 528 1077 1240 1828 2016 1828 1240 1077 2033 1828 546 1077 2016 1008 1815 1308 499 1008 1308 1815 787 827 701 1984 1979 827 1984 701 1300 1002 1014 1906 1482 1906 1014 1002 182 843 945 634 1154 843 634 945 1021 1234 1930 942 190 1234 942 1930 967 333 1599 26 999 333 26 1599 2003 192 1752 486 1794 486 1752 192 1204 2040 261 378 2063 2040 378 261 819 1136 378 261 2063 1136 261 378 819 115 1106 247 1166 115 247 1106 618 1723 242 1762 1183 1762 242 1723 99 1762 1334 1723 1183 795 1167 1328 1551 795 1328 1167 1323 262 1328 1167 1551 262 1167 1328 1323 1011 2022 1444 890 1011 1444 2022 1025 130 2040 1442 2089 1442 2040 130 245 940 538 1529 959 940 1529 538 507 630 1766 1434 1772 630 1434 1766 37 1517 1755 81 1859 81 1755 1517 1386 1035 1239 1305 1606 1035 1305 1239 451 1270 109 52 1236 1270 52 109 1840 90 1470 28 1597 90 28 1470 806 848 868 594 1536 848 594 868 1660 600 1616 451 327 451 1616 600 1056 686 2092 1812 1740 686 1812 2092 397 1600 541 2026 2088 1600 2026 541 1165 2011 345 349 161 2011 349 345 1224 1202 349 345 161 1202 345 349 1224 943 795 1158 869 1158 795 943 1322 1011 764 224 1330 1011 224 764 1468 2112 1346 986 640 2112 986 1346 1795 523 2026 561 1524 523 561 2026 1857 827 132 438 1027 827 438 132 1085 2094 1032 365 1477 2094 365 1032 1623 1492 2020 1934 1676 1934 2020 1492 1356 1934 1629 1492 1676 1492 1629 1934 1356 1685 848 1660 346 1660 848 1685 1162 1896 1045 423 49 1896 423 1045 911 447 1087 321 976 321 1087 447 119 1195 627 1233 1963 1233 627 1195 1474 1640 1969 91 1907 91 1969 1640 1710 940 879 1794 1595 940 1794 879 1073 1072 1868 865 1105 1072 865 1868 2158 1077 50 546 1956 546 50 1077 2016 486 1713 192 2013 486 192 1713 1204 1935 668 692 831 692 668 1935 771 414 1732 1317 102 414 1317 1732 1080 709 1317 1732 102 709 1732 1317 1080 1951 28 83 1312 1951 83 28 2077 1305 2152 1283 252 1283 2152 1305 1871 1629 379 440 1101 1629 440 379 1934 1508 1969 618 356 1508 618 1969 1710 1723 496 1334 2115 1334 496 1723 1183 1045 137 1995 49 1995 137 1045 962 991 288 1354 2001 1354 288 991 2058 690 212 1782 262 690 1782 212 1824 1396 713 30 245 1396 30 713 1122 773 1282 1743 938 1743 1282 773 1028 929 1356 2012 410 929 2012 1356 1629 1804 1364 1775 95 1804 1775 1364 490 1824 2081 795 1328 1824 795 2081 1863 869 795 2081 1328 869 2081 795 1863 409 772 1291 1837 409 1291 772 1097 2040 1244 1416 1068 2040 1416 1244 245 347 881 93 464 347 93 881 1206 838 1311 637 1147 838 637 1311 186 627 1366 1663 1963 627 1663 1366 260 160 1549 1172 311 1172 1549 160 800 562 1164 1757 149 562 1757 1164 1833 1808 1089 1563 366 1563 1089 1808 862 2003 2168 1599 1810 2003 1599 2168 1475 1713 2144 486 1692 486 2144 1713 2013 548 838 637 1655 637 838 548 186 347 994 680 1206 347 680 994 1832 651 1975 1573 1317 651 1573 1975 1452 1759 418 674 1646 674 418 1759 68 1372 299 1472 463 1472 299 1372 1487 1941 972 57 1496 57 972 1941 45 75 307 1149 1770 1149 307 75 1302 1385 970 598 2121 598 970 1385 1702 409 1275 142 516 409 142 1275 1057 396 1157 1922 424 396 1922 1157 2056 1395 1761 1443 1540 1443 1761 1395 1745 503 1324 2090 290 503 2090 1324 793 1144 1395 1761 1745 1144 1761 1395 1034 1199 10 2143 399 2143 10 1199 1588 668 1488 1142 660 668 1142 1488 159 649 1263 2162 617 649 2162 1263 613 649 821 1434 37 649 1434 821 1669 251 1223 1673 1630 251 1673 1223 145 1385 1789 826 1702 1385 826 1789 1033 216 1054 349 1784 216 349 1054 598 1951 60 1621 1703 1951 1621 60 642 1011 2124 224 87 1011 224 2124 1025 335 1896 1403 1381 335 1403 1896 358 1118 1777 686 1754 397 686 1777 1754 397 1777 686 1812 2108 515 1546 267 1546 515 2108 294 1673 466 1985 658 1985 466 1673 669 1364 517 183 95 183 517 1364 1712 938 1593 915 1864 915 1593 938 773 207 1508 475 356 207 475 1508 897 306 475 1508 356 306 1508 475 897 503 2171 412 793 503 412 2171 752 770 588 236 1435 770 236 588 580 627 1663 727 1963 627 727 1663 551 977 657 739 948 977 739 657 101 307 1583 1889 1880 1889 1583 307 1302 849 647 185 1190 849 185 647 880 776 1557 66 362 66 1557 776 1128 1220 239 620 178 620 239 1220 1564 486 1428 2140 357 486 2140 1428 1529 795 1017 272 394 795 272 1017 777 1557 603 714 878 714 603 1557 1128 1077 1828 1739 546 1739 1828 1077 2033 1723 1762 107 1334 107 1762 1723 99 1777 686 1686 1118 1777 1686 686 1812 
        </DataArray>
        <DataArray type="Int32" Name="offsets" format="ascii">
          4 8 12 16 20 24 28 32 36 40 44 48 52 56 60 64 68 72 76 80 84 88 92 96 100 104 108 112 116 120 124 128 132 136 140 144 148 152 156 160 164 168 172 176 180 184 188 192 196 200 204 208 212 216 220 224 228 232 236 240 244 248 252 256 260 264 268 272 276 280 284 288 292 296 300 304 308 312 316 320 324 328 332 336 340 344 348 352 356 360 364 368 372 376 380 384 388 392 396 400 404 408 412 416 420 424 428 432 436 440 444 448 452 456 460 464 468 472 476 480 484 488 492 496 500 504 508 512 516 520 524 528 532 536 540 544 548 552 556 560 564 568 572 576 580 584 588 592 596 600 604 608 612 616 620 624 628 632 636 640 644 648 652 656 660 664 668 672 676 680 684 688 692 696 700 704 708 712 716 720 724 728 732 736 740 744 748 752 756 760 764 768 772 776 780 784 788 792 796 800 804 808 812 816 820 824 828 832 836 840 844 848 852 856 860 864 868 872 876 880 884 888 892 896 900 904 908 912 916 920 924 928 932 936 940 944 948 952 956 960 964 968 972 976 980 984 988 992 996 1000 1004 1008 1012 1016 1020 1024 1028 1032 1036 1040 1044 1048 1052 1056 1060 1064 1068 1072 1076 1080 1084 1088 1092 1096 1100 1104 1108 1112 1116 1120 1124 1128 1132 1136 1140 1144 1148 1152 1156 1160 1164 1168 1172 1176 1180 1184 1188 1192 1196 1200 1204 1208 1212 1216 1220 1224 1228 1232 1236 1240 1244 1248 1252 1256 1260 1264 1268 1272 1276 1280 1284 1288 1292 1296 1300 1304 1308 1312 1316 1320 1324 1328 1332 1336 1340 1344 1348 1352 1356 1360 1364 1368 1372 1376 1380 1384 1388 1392 1396 1400 1404 1408 1412 1416 1420 1424 1428 1432 1436 1440 1444 1448 1452 1456 1460 1464 1468 1472 1476 1480 1484 1488 1492 1496 1500 1504 1508 1512 1516 1520 1524 1528 1532 1536 1540 1544 1548 1552 1556 1560 1564 1568 1572 1576 1580 1584 1588 1592 1596 1600 1604 1608 1612 1616 1620 1624 1628 1632 1636 1640 1644 1648 1652 1656 1660 1664 1668 1672 1676 1680 1684 1688 1692 1696 1700 1704 1708 1712 1716 1720 1724 1728 1732 1736 1740 1744 1748 1752 1756 1760 1764 1768 1772 1776 1780 1784 1788 1792 1796 1800 1804 1808 1812 1816 1820 1824 1828 1832 1836 1840 1844 1848 1852 1856 1860 1864 1868 1872 1876 1880 1884 1888 1892 1896 1900 1904 1908 1912 1916 1920 1924 1928 1932 1936 1940 1944 1948 1952 1956 1960 1964 1968 1972 1976 1980 1984 1988 1992 1996 2000 2004 2008 2012 2016 2020 2024 2028 2032 2036 2040 2044 2048 2052 2056 2060 2064 2068 2072 2076 2080 2084 2088 2092 2096 2100 2104 2108 2112 2116 2120 2124 2128 2132 2136 2140 2144 2148 2152 2156 2160 2164 2168 2172 2176 2180 2184 2188 2192 2196 2200 2204 2208 2212 2216 2220 2224 2228 2232 2236 2240 2244 2248 2252 2256 2260 2264 2268 2272 2276 2280 2284 2288 2292 2296 2300 2304 2308 2312 2316 2320 2324 2328 2332 2336 2340 2344 2348 2352 2356 2360 2364 2368 2372 2376 2380 2384 2388 2392 2396 2400 2404 2408 2412 2416 2420 2424 2428 2432 2436 2440 2444 2448 2452 2456 2460 2464 2468 2472 2476 2480 2484 2488 2492 2496 2500 2504 2508 2512 2516 2520 2524 2528 2532 2536 2540 2544 2548 2552 2556 2560 2564 2568 2572 2576 2580 2584 2588 2592 2596 2600 2604 2608 2612 2616 2620 2624 2628 2632 2636 2640 2644 2648 2652 2656 2660 2664 2668 2672 2676 2680 2684 2688 2692 2696 2700 2704 2708 2712 2716 2720 2724 2728 2732 2736 2740 2744 2748 2752 2756 2760 2764 2768 2772 2776 2780 2784 2788 2792 2796 2800 2804 2808 2812 2816 2820 2824 2828 2832 2836 2840 2844 2848 2852 2856 2860 2864 2868 2872 2876 2880 2884 2888 2892 2896 2900 2904 2908 2912 2916 2920 2924 2928 2932 2936 2940 2944 2948 2952 2956 2960 2964 2968 2972 2976 2980 2984 2988 2992 2996 3000 3004 3008 3012 3016 3020 3024 3028 3032 3036 3040 3044 3048 3052 3056 3060 3064 3068 3072 3076 3080 3084 3088 3092 3096 3100 3104 3108 3112 3116 3120 3124 3128 3132 3136 3140 3144 3148 3152 3156 3160 3164 3168 3172 3176 3180 3184 3188 3192 3196 3200 3204 3208 3212 3216 3220 3224 3228 3232 3236 3240 3244 3248 3252 3256 3260 3264 3268 3272 3276 3280 3284 3288 3292 3296 3300 3304 3308 3312 3316 3320 3324 3328 3332 3336 3340 3344 3348 3352 3356 3360 3364 3368 3372 3376 3380 3384 3388 3392 3396 3400 3404 3408 3412 3416 3420 3424 3428 3432 3436 3440 3444 3448 3452 3456 3460 3464 3468 3472 3476 3480 3484 3488 3492 3496 3500 3504 3508 3512 3516 3520 3524 3528 3532 3536 3540 3544 3548 3552 3556 3560 3564 3568 3572 3576 3580 3584 3588 3592 3596 3600 3604 3608 3612 3616 3620 3624 3628 3632 3636 3640 3644 3648 3652 3656 3660 3664 3668 3672 3676 3680 3684 3688 3692 3696 3700 3704 3708 3712 3716 3720 3724 3728 3732 3736 3740 3744 3748 3752 3756 3760 3764 3768 3772 3776 3780 3784 3788 3792 3796 3800 3804 3808 3812 3816 3820 3824 3828 3832 3836 3840 3844 3848 3852 3856 3860 3864 3868 3872 3876 3880 3884 3888 3892 3896 3900 3904 3908 3912 3916 3920 3924 3928 3932 3936 3940 3944 3948 3952 3956 3960 3964 3968 3972 3976 3980 3984 3988 3992 3996 4000 4004 4008 4012 4016 4020 4024 4028 4032 4036 4040 4044 4048 4052 4056 4060 4064 4068 4072 4076 4080 4084 4088 4092 4096 4100 4104 4108 4112 4116 4120 4124 4128 4132 4136 4140 4144 4148 4152 4156 4160 4164 4168 4172 4176 4180 4184 4188 4192 4196 4200 4204 4208 4212 4216 4220 4224 4228 4232 4236 4240 4244 4248 4252 4256 4260 4264 4268 4272 4276 4280 4284 4288 4292 4296 4300 4304 4308 4312 4316 4320 4324 4328 4332 4336 4340 4344 4348 4352 4356 4360 4364 4368 4372 4376 4380 4384 4388 4392 4396 4400 4404 4408 4412 4416 4420 4424 4428 4432 4436 4440 4444 4448 4452 4456 4460 4464 4468 4472 4476 4480 4484 4488 4492 4496 4500 4504 4508 4512 4516 4520 4524 4528 4532 4536 4540 4544 4548 4552 4556 4560 4564 4568 4572 4576 4580 4584 4588 4592 4596 4600 4604 4608 4612 4616 4620 4624 4628 4632 4636 4640 4644 4648 4652 4656 4660 4664 4668 4672 4676 4680 4684 4688 4692 4696 4700 4704 4708 4712 4716 4720 4724 4728 4732 4736 4740 4744 4748 4752 4756 4760 4764 4768 4772 4776 4780 4784 4788 4792 4796 4800 4804 4808 4812 4816 4820 4824 4828 4832 4836 4840 4844 4848 4852 4856 4860 4864 4868 4872 4876 4880 4884 4888 4892 4896 4900 4904 4908 4912 4916 4920 4924 4928 4932 4936 4940 4944 4948 4952 4956 4960 4964 4968 4972 4976 4980 4984 4988 4992 4996 5000 5004 5008 5012 5016 5020 5024 5028 5032 5036 5040 5044 5048 5052 5056 5060 5064 5068 5072 5076 5080 5084 5088 5092 5096 5100 5104 5108 5112 5116 5120 5124 5128 5132 5136 5140 5144 5148 5152 5156 5160 5164 5168 5172 5176 5180 5184 5188 5192 5196 5200 5204 5208 5212 5216 5220 5224 5228 5232 5236 5240 5244 5248 5252 5256 5260 5264 5268 5272 5276 5280 5284 5288 5292 5296 5300 5304 5308 5312 5316 5320 5324 5328 5332 5336 5340 5344 5348 5352 5356 5360 5364 5368 5372 5376 5380 5384 5388 5392 5396 5400 5404 5408 5412 5416 5420 5424 5428 5432 5436 5440 5444 5448 5452 5456 5460 5464 5468 5472 5476 5480 5484 5488 5492 5496 5500 5504 5508 5512 5516 5520 5524 5528 5532 5536 5540 5544 5548 5552 5556 5560 5564 5568 5572 5576 5580 5584 5588 5592 5596 5600 5604 5608 5612 5616 5620 5624 5628 5632 5636 5640 5644 5648 5652 5656 5660 5664 5668 5672 5676 5680 5684 5688 5692 5696 5700 5704 5708 5712 5716 5720 5724 5728 5732 5736 5740 5744 5748 5752 5756 5760 5764 5768 5772 5776 5780 5784 5788 5792 5796 5800 5804 5808 5812 5816 5820 5824 5828 5832 5836 5840 5844 5848 5852 5856 5860 5864 5868 5872 5876 5880 5884 5888 5892 5896 5900 5904 5908 5912 5916 5920 5924 5928 5932 5936 5940 5944 5948 5952 5956 5960 5964 5968 5972 5976 5980 5984 5988 5992 5996 6000 6004 6008 6012 6016 6020 6024 6028 6032 6036 6040 6044 6048 6052 6056 6060 6064 6068 6072 6076 6080 6084 6088 6092 6096 6100 6104 6108 6112 6116 6120 6124 6128 6132 6136 6140 6144 6148 6152 6156 6160 6164 6168 6172 6176 6180 6184 6188 6192 6196 6200 6204 6208 6212 6216 6220 6224 6228 6232 6236 6240 6244 6248 6252 6256 6260 6264 6268 6272 6276 6280 6284 6288 6292 6296 6300 6304 6308 6312 6316 6320 6324 6328 6332 6336 6340 6344 6348 6352 6356 6360 6364 6368 6372 6376 6380 6384 6388 6392 6396 6400 6404 6408 6412 6416 6420 6424 6428 6432 6436 6440 6444 6448 6452 6456 6460 6464 6468 6472 6476 6480 6484 6488 6492 6496 6500 6504 6508 6512 6516 6520 6524 6528 6532 6536 6540 6544 6548 6552 6556 6560 6564 6568 6572 6576 6580 6584 6588 6592 6596 6600 6604 6608 6612 6616 6620 6624 6628 6632 6636 6640 6644 6648 6652 6656 6660 6664 6668 6672 6676 6680 6684 6688 6692 6696 6700 6704 6708 6712 6716 6720 6724 6728 6732 6736 6740 6744 6748 6752 6756 6760 6764 6768 6772 6776 6780 6784 6788 6792 6796 6800 6804 6808 6812 6816 6820 6824 6828 6832 6836 6840 6844 6848 6852 6856 6860 6864 6868 6872 6876 6880 6884 6888 6892 6896 6900 6904 6908 6912 6916 6920 6924 6928 6932 6936 6940 6944 6948 6952 6956 6960 6964 6968 6972 6976 6980 6984 6988 6992 6996 7000 7004 7008 7012 7016 7020 7024 7028 7032 7036 7040 7044 7048 7052 7056 7060 7064 7068 7072 7076 7080 7084 7088 7092 7096 7100 7104 7108 7112 7116 7120 7124 7128 7132 7136 7140 7144 7148 7152 7156 7160 7164 7168 7172 7176 7180 7184 7188 7192 7196 7200 7204 7208 7212 7216 7220 7224 7228 7232 7236 7240 7244 7248 7252 7256 7260 7264 7268 7272 7276 7280 7284 7288 7292 7296 7300 7304 7308 7312 7316 7320 7324 7328 7332 7336 7340 7344 7348 7352 7356 7360 7364 7368 7372 7376 7380 7384 7388 7392 7396 7400 7404 7408 7412 7416 7420 7424 7428 7432 7436 7440 7444 7448 7452 7456 7460 7464 7468 7472 7476 7480 7484 7488 7492 7496 7500 7504 7508 7512 7516 7520 7524 7528 7532 7536 7540 7544 7548 7552 7556 7560 7564 7568 7572 7576 7580 7584 7588 7592 7596 7600 7604 7608 7612 7616 7620 7624 7628 7632 7636 7640 7644 7648 7652 7656 7660 7664 7668 7672 7676 7680 7684 7688 7692 7696 7700 7704 7708 7712 7716 7720 7724 7728 7732 7736 7740 7744 7748 7752 7756 7760 7764 7768 7772 7776 7780 7784 7788 7792 7796 7800 7804 7808 7812 7816 7820 7824 7828 7832 7836 7840 7844 7848 7852 7856 7860 7864 7868 7872 7876 7880 7884 7888 7892 7896 7900 7904 7908 7912 7916 7920 7924 7928 7932 7936 7940 7944 7948 7952 7956 7960 7964 7968 7972 7976 7980 7984 7988 7992 7996 8000 8004 8008 8012 8016 8020 8024 8028 8032 8036 8040 8044 8048 8052 8056 8060 8064 8068 8072 8076 8080 8084 8088 8092 8096 8100 8104 8108 8112 8116 8120 8124 8128 8132 8136 8140 8144 8148 8152 8156 8160 8164 8168 8172 8176 8180 8184 8188 8192 8196 8200 8204 8208 8212 8216 8220 8224 8228 8232 8236 8240 8244 8248 8252 8256 8260 8264 8268 8272 8276 8280 8284 8288 8292 8296 8300 8304 8308 8312 8316 8320 8324 8328 8332 8336 8340 8344 8348 8352 8356 8360 8364 8368 8372 8376 8380 8384 8388 8392 8396 8400 8404 8408 8412 8416 8420 8424 8428 8432 8436 8440 8444 8448 8452 8456 8460 8464 8468 8472 8476 8480 8484 8488 8492 8496 8500 8504 8508 8512 8516 8520 8524 8528 8532 8536 8540 8544 8548 8552 8556 8560 8564 8568 8572 8576 8580 8584 8588 8592 8596 8600 8604 8608 8612 8616 8620 8624 8628 8632 8636 8640 8644 8648 8652 8656 8660 8664 8668 8672 8676 8680 8684 8688 8692 8696 8700 8704 8708 8712 8716 8720 8724 8728 8732 8736 8740 8744 8748 8752 8756 8760 8764 8768 8772 8776 8780 8784 8788 8792 8796 8800 8804 8808 8812 8816 8820 8824 8828 8832 8836 8840 8844 8848 8852 8856 8860 8864 8868 8872 8876 8880 8884 8888 8892 8896 8900 8904 8908 8912 8916 8920 8924 8928 8932 8936 8940 8944 8948 8952 8956 8960 8964 8968 8972 8976 8980 8984 8988 8992 8996 9000 9004 9008 9012 9016 9020 9024 9028 9032 9036 9040 9044 9048 9052 9056 9060 9064 9068 9072 9076 9080 9084 9088 9092 9096 9100 9104 9108 9112 9116 9120 9124 9128 9132 9136 9140 9144 9148 9152 9156 9160 9164 9168 9172 9176 9180 9184 9188 9192 9196 9200 9204 9208 9212 9216 9220 9224 9228 9232 9236 9240 9244 9248 9252 9256 9260 9264 9268 9272 9276 9280 9284 9288 9292 9296 9300 9304 9308 9312 9316 9320 9324 9328 9332 9336 9340 9344 9348 9352 9356 9360 9364 9368 9372 9376 9380 9384 9388 9392 9396 9400 9404 9408 9412 9416 9420 9424 9428 9432 9436 9440 9444 9448 9452 9456 9460 9464 9468 9472 9476 9480 9484 9488 9492 9496 9500 9504 9508 9512 9516 9520 9524 9528 9532 9536 9540 9544 9548 9552 9556 9560 9564 9568 9572 9576 9580 9584 9588 9592 9596 9600 9604 9608 9612 9616 9620 9624 9628 9632 9636 9640 9644 9648 9652 9656 9660 9664 9668 9672 9676 9680 9684 9688 9692 9696 9700 9704 9708 9712 9716 9720 9724 9728 9732 9736 9740 9744 9748 9752 9756 9760 9764 9768 9772 9776 9780 9784 9788 9792 9796 9800 9804 9808 9812 9816 9820 9824 9828 9832 9836 9840 9844 9848 9852 9856 9860 9864 9868 9872 9876 9880 9884 9888 9892 9896 9900 9904 9908 9912 9916 9920 9924 9928 9932 9936 9940 9944 9948 9952 9956 9960 9964 9968 9972 9976 9980 9984 9988 9992 9996 10000 10004 10008 10012 10016 10020 10024 10028 10032 10036 10040 10044 10048 10052 10056 10060 10064 10068 10072 10076 10080 10084 10088 10092 10096 10100 10104 10108 10112 10116 10120 10124 10128 10132 10136 10140 10144 10148 10152 10156 10160 10164 10168 10172 10176 10180 10184 10188 10192 10196 10200 10204 10208 10212 10216 10220 10224 10228 10232 10236 10240 10244 10248 10252 10256 10260 10264 10268 10272 10276 10280 10284 10288 10292 10296 10300 10304 10308 10312 10316 10320 10324 10328 10332 10336 10340 10344 10348 10352 10356 10360 10364 10368 10372 10376 10380 10384 10388 10392 10396 10400 10404 10408 10412 10416 10420 10424 10428 10432 10436 10440 10444 10448 10452 10456 10460 10464 10468 10472 10476 10480 10484 10488 10492 10496 10500 10504 10508 10512 10516 10520 10524 10528 10532 10536 10540 10544 10548 10552 10556 10560 10564 10568 10572 10576 10580 10584 10588 10592 10596 10600 10604 10608 10612 10616 10620 10624 10628 10632 10636 10640 10644 10648 10652 10656 10660 10664 10668 10672 10676 10680 10684 10688 10692 10696 10700 10704 10708 10712 10716 10720 10724 10728 10732 10736 10740 10744 10748 10752 10756 10760 10764 10768 10772 10776 10780 10784 10788 10792 10796 10800 10804 10808 10812 10816 10820 10824 10828 10832 10836 10840 10844 10848 10852 10856 10860 10864 10868 10872 10876 10880 10884 10888 10892 10896 10900 10904 10908 10912 10916 10920 10924 10928 10932 10936 10940 10944 10948 10952 10956 10960 10964 10968 10972 10976 10980 10984 10988 10992 10996 11000 11004 11008 11012 11016 11020 11024 11028 11032 11036 11040 11044 11048 11052 11056 11060 11064 11068 11072 11076 11080 11084 11088 11092 11096 11100 11104 11108 11112 11116 11120 11124 11128 11132 11136 11140 11144 11148 11152 11156 11160 11164 11168 11172 11176 11180 11184 11188 11192 11196 11200 11204 11208 11212 11216 11220 11224 11228 11232 11236 11240 11244 11248 11252 11256 11260 11264 11268 11272 11276 11280 11284 11288 11292 11296 11300 11304 11308 11312 11316 11320 11324 11328 11332 11336 11340 11344 11348 11352 11356 11360 11364 11368 11372 11376 11380 11384 11388 11392 11396 11400 11404 11408 11412 11416 11420 11424 11428 11432 11436 11440 11444 11448 11452 11456 11460 11464 11468 11472 11476 11480 11484 11488 11492 11496 11500 11504 11508 11512 11516 11520 11524 11528 11532 11536 11540 11544 11548 11552 11556 11560 11564 11568 11572 11576 11580 11584 11588 11592 11596 11600 11604 11608 11612 11616 11620 11624 11628 11632 11636 11640 11644 11648 11652 11656 11660 11664 11668 11672 11676 11680 11684 11688 11692 11696 11700 11704 11708 11712 11716 11720 11724 11728 11732 11736 11740 11744 11748 11752 11756 11760 11764 11768 11772 11776 11780 11784 11788 11792 11796 11800 11804 11808 11812 11816 11820 11824 11828 11832 11836 11840 11844 11848 11852 11856 11860 11864 11868 11872 11876 11880 11884 11888 11892 11896 11900 11904 11908 11912 11916 11920 11924 11928 11932 11936 11940 11944 11948 11952 11956 11960 11964 11968 11972 11976 11980 11984 11988 11992 11996 12000 12004 12008 12012 12016 12020 12024 12028 12032 12036 12040 12044 12048 12052 12056 12060 12064 12068 12072 12076 12080 12084 12088 12092 12096 12100 12104 12108 12112 12116 12120 12124 12128 12132 12136 12140 12144 12148 12152 12156 12160 12164 12168 12172 12176 12180 12184 12188 12192 12196 12200 12204 12208 12212 12216 12220 12224 12228 12232 12236 12240 12244 12248 12252 12256 12260 12264 12268 12272 12276 12280 12284 12288 12292 12296 12300 12304 12308 12312 12316 12320 12324 12328 12332 12336 12340 12344 12348 12352 12356 12360 12364 12368 12372 12376 12380 12384 12388 12392 12396 12400 12404 12408 12412 12416 12420 12424 12428 12432 12436 12440 12444 12448 12452 12456 12460 12464 12468 12472 12476 12480 12484 12488 12492 12496 12500 12504 12508 12512 12516 12520 12524 12528 12532 12536 12540 12544 12548 12552 12556 12560 12564 12568 12572 12576 12580 12584 12588 12592 12596 12600 12604 12608 12612 12616 12620 12624 12628 12632 12636 12640 12644 12648 12652 12656 12660 12664 12668 12672 12676 12680 12684 12688 12692 12696 12700 12704 12708 12712 12716 12720 12724 12728 12732 12736 12740 12744 12748 12752 12756 12760 12764 12768 12772 12776 12780 12784 12788 12792 12796 12800 12804 12808 12812 12816 12820 12824 12828 12832 12836 12840 12844 12848 12852 12856 12860 12864 12868 12872 12876 12880 12884 12888 12892 12896 12900 12904 12908 12912 12916 12920 12924 12928 12932 12936 12940 12944 12948 12952 12956 12960 12964 12968 12972 12976 12980 12984 12988 12992 12996 13000 13004 13008 13012 13016 13020 13024 13028 13032 13036 13040 13044 13048 13052 13056 13060 13064 13068 13072 13076 13080 13084 13088 13092 13096 13100 13104 13108 13112 13116 13120 13124 13128 13132 13136 13140 13144 13148 13152 13156 13160 13164 13168 13172 13176 13180 13184 13188 13192 13196 13200 13204 13208 13212 13216 13220 13224 13228 13232 13236 13240 13244 13248 13252 13256 13260 13264 13268 13272 13276 13280 13284 13288 13292 13296 13300 13304 13308 13312 13316 13320 13324 13328 13332 13336 13340 13344 13348 13352 13356 13360 13364 13368 13372 13376 13380 13384 13388 13392 13396 13400 13404 13408 13412 13416 13420 13424 13428 13432 13436 13440 13444 13448 13452 13456 13460 13464 13468 13472 13476 13480 13484 13488 13492 13496 13500 13504 13508 13512 13516 13520 13524 13528 13532 13536 13540 13544 13548 13552 13556 13560 13564 13568 13572 13576 13580 13584 13588 13592 13596 13600 13604 13608 13612 13616 13620 13624 13628 13632 13636 13640 13644 13648 13652 13656 13660 13664 13668 13672 13676 13680 13684 13688 13692 13696 13700 13704 13708 13712 13716 13720 13724 13728 13732 13736 13740 13744 13748 13752 13756 13760 13764 13768 13772 13776 13780 13784 13788 13792 13796 13800 13804 13808 13812 13816 13820 13824 13828 13832 13836 13840 13844 13848 13852 13856 13860 13864 13868 13872 13876 13880 13884 13888 13892 13896 13900 13904 13908 13912 13916 13920 13924 13928 13932 13936 13940 13944 13948 13952 13956 13960 13964 13968 13972 13976 13980 13984 13988 13992 13996 14000 14004 14008 14012 14016 14020 14024 14028 14032 14036 14040 14044 14048 14052 14056 14060 14064 14068 14072 14076 14080 14084 14088 14092 14096 14100 14104 14108 14112 14116 14120 14124 14128 14132 14136 14140 14144 14148 14152 14156 14160 14164 14168 14172 14176 14180 14184 14188 14192 14196 14200 14204 14208 14212 14216 14220 14224 14228 14232 14236 14240 14244 14248 14252 14256 14260 14264 14268 14272 14276 14280 14284 14288 14292 14296 14300 14304 14308 14312 14316 14320 14324 14328 14332 14336 14340 14344 14348 14352 14356 14360 14364 14368 14372 14376 14380 14384 14388 14392 14396 14400 14404 14408 14412 14416 14420 14424 14428 14432 14436 14440 14444 14448 14452 14456 14460 14464 14468 14472 14476 14480 14484 14488 14492 14496 14500 14504 14508 14512 14516 14520 14524 14528 14532 14536 14540 14544 14548 14552 14556 14560 14564 14568 14572 14576 14580 14584 14588 14592 14596 14600 14604 14608 14612 14616 14620 14624 14628 14632 14636 14640 14644 14648 14652 14656 14660 14664 14668 14672 14676 14680 14684 14688 14692 14696 14700 14704 14708 14712 14716 14720 14724 14728 14732 14736 14740 14744 14748 14752 14756 14760 14764 14768 14772 14776 14780 14784 14788 14792 14796 14800 14804 14808 14812 14816 14820 14824 14828 14832 14836 14840 14844 14848 14852 14856 14860 14864 14868 14872 14876 14880 14884 14888 14892 14896 14900 14904 14908 14912 14916 14920 14924 14928 14932 14936 14940 14944 14948 14952 14956 14960 14964 14968 14972 14976 14980 14984 14988 14992 14996 15000 15004 15008 15012 15016 15020 15024 15028 15032 15036 15040 15044 15048 15052 15056 15060 15064 15068 15072 15076 15080 15084 15088 15092 15096 15100 15104 15108 15112 15116 15120 15124 15128 15132 15136 15140 15144 15148 15152 15156 15160 15164 15168 15172 15176 15180 15184 15188 15192 15196 15200 15204 15208 15212 15216 15220 15224 15228 15232 15236 15240 15244 15248 15252 15256 15260 15264 15268 15272 15276 15280 15284 15288 15292 15296 15300 15304 15308 15312 15316 15320 15324 15328 15332 15336 15340 15344 15348 15352 15356 15360 15364 15368 15372 15376 15380 15384 15388 15392 15396 15400 15404 15408 15412 15416 15420 15424 15428 15432 15436 15440 15444 15448 15452 15456 15460 15464 15468 15472 15476 15480 15484 15488 15492 15496 15500 15504 15508 15512 15516 15520 15524 15528 15532 15536 15540 15544 15548 15552 15556 15560 15564 15568 15572 15576 15580 15584 15588 15592 15596 15600 15604 15608 15612 15616 15620 15624 15628 15632 15636 15640 15644 15648 15652 15656 15660 15664 15668 15672 15676 15680 15684 15688 15692 15696 15700 15704 15708 15712 15716 15720 15724 15728 15732 15736 15740 15744 15748 15752 15756 15760 15764 15768 15772 15776 15780 15784 15788 15792 15796 15800 15804 15808 15812 15816 15820 15824 15828 15832 15836 15840 15844 15848 15852 15856 15860 15864 15868 15872 15876 15880 15884 15888 15892 15896 15900 15904 15908 15912 15916 15920 15924 15928 15932 15936 15940 15944 15948 15952 15956 15960 15964 15968 15972 15976 15980 15984 15988 15992 15996 16000 16004 16008 16012 16016 16020 16024 16028 16032 16036 16040 16044 16048 16052 16056 16060 16064 16068 16072 16076 16080 16084 16088 16092 16096 16100 16104 16108 16112 16116 16120 16124 16128 16132 16136 16140 16144 16148 16152 16156 16160 16164 16168 16172 16176 16180 16184 16188 16192 16196 16200 16204 16208 16212 16216 16220 16224 16228 16232 16236 16240 16244 16248 16252 16256 16260 16264 16268 16272 16276 16280 16284 16288 16292 16296 16300 16304 16308 16312 16316 16320 16324 16328 16332 16336 16340 16344 16348 16352 16356 16360 16364 16368 16372 16376 16380 16384 16388 16392 16396 16400 16404 16408 16412 16416 16420 16424 16428 16432 16436 16440 16444 16448 16452 16456 16460 16464 16468 16472 16476 16480 16484 16488 16492 16496 16500 16504 16508 16512 16516 16520 16524 16528 16532 16536 16540 16544 16548 16552 16556 16560 16564 16568 16572 16576 16580 16584 16588 16592 16596 16600 16604 16608 16612 16616 16620 16624 16628 16632 16636 16640 16644 16648 16652 16656 16660 16664 16668 16672 16676 16680 16684 16688 16692 16696 16700 16704 16708 16712 16716 16720 16724 16728 16732 16736 16740 16744 16748 16752 16756 16760 16764 16768 16772 16776 16780 16784 16788 16792 16796 16800 16804 16808 16812 16816 16820 16824 16828 16832 16836 16840 16844 16848 16852 16856 16860 16864 16868 16872 16876 16880 16884 16888 16892 16896 16900 16904 16908 16912 16916 16920 16924 16928 16932 16936 16940 16944 16948 16952 16956 16960 16964 16968 16972 16976 16980 16984 16988 16992 16996 17000 17004 17008 17012 17016 17020 17024 17028 17032 17036 17040 17044 17048 17052 17056 17060 17064 17068 17072 17076 17080 17084 17088 17092 17096 17100 17104 17108 17112 17116 17120 17124 17128 17132 17136 17140 17144 17148 17152 17156 17160 17164 17168 17172 17176 17180 17184 17188 17192 17196 17200 17204 17208 17212 17216 17220 17224 17228 17232 17236 17240 17244 17248 17252 17256 17260 17264 17268 17272 17276 17280 17284 17288 17292 17296 17300 17304 17308 17312 17316 17320 17324 17328 17332 17336 17340 17344 17348 17352 17356 17360 17364 17368 17372 17376 17380 17384 17388 17392 17396 17400 17404 17408 17412 17416 17420 17424 17428 17432 17436 17440 17444 17448 17452 17456 17460 17464 17468 17472 17476 17480 17484 17488 17492 17496 17500 17504 17508 17512 17516 17520 17524 17528 17532 17536 17540 17544 17548 17552 17556 17560 17564 17568 17572 17576 17580 17584 17588 17592 17596 17600 17604 17608 17612 17616 17620 17624 17628 17632 17636 17640 17644 17648 17652 17656 17660 17664 17668 17672 17676 17680 17684 17688 17692 17696 17700 17704 17708 17712 17716 17720 17724 17728 17732 17736 17740 17744 17748 17752 17756 17760 17764 17768 17772 17776 17780 17784 17788 17792 17796 17800 17804 17808 17812 17816 17820 17824 17828 17832 17836 17840 17844 17848 17852 17856 17860 17864 17868 17872 17876 17880 17884 17888 17892 17896 17900 17904 17908 17912 17916 17920 17924 17928 17932 17936 17940 17944 17948 17952 17956 17960 17964 17968 17972 17976 17980 17984 17988 17992 17996 18000 18004 18008 18012 18016 18020 18024 18028 18032 18036 18040 18044 18048 18052 18056 18060 18064 18068 18072 18076 18080 18084 18088 18092 18096 18100 18104 18108 18112 18116 18120 18124 18128 18132 18136 18140 18144 18148 18152 18156 18160 18164 18168 18172 18176 18180 18184 18188 18192 18196 18200 18204 18208 18212 18216 18220 18224 18228 18232 18236 18240 18244 18248 18252 18256 18260 18264 18268 18272 18276 18280 18284 18288 18292 18296 18300 18304 18308 18312 18316 18320 18324 18328 18332 18336 18340 18344 18348 18352 18356 18360 18364 18368 18372 18376 18380 18384 18388 18392 18396 18400 18404 18408 18412 18416 18420 18424 18428 18432 18436 18440 18444 18448 18452 18456 18460 18464 18468 18472 18476 18480 18484 18488 18492 18496 18500 18504 18508 18512 18516 18520 18524 18528 18532 18536 18540 18544 18548 18552 18556 18560 18564 18568 18572 18576 18580 18584 18588 18592 18596 18600 18604 18608 18612 18616 18620 18624 18628 18632 18636 18640 18644 18648 18652 18656 18660 18664 18668 18672 18676 18680 18684 18688 18692 18696 18700 18704 18708 18712 18716 18720 18724 18728 18732 18736 18740 18744 18748 18752 18756 18760 18764 18768 18772 18776 18780 18784 18788 18792 18796 18800 18804 18808 18812 18816 18820 18824 18828 18832 18836 18840 18844 18848 18852 18856 18860 18864 18868 18872 18876 18880 18884 18888 18892 18896 18900 18904 18908 18912 18916 18920 18924 18928 18932 18936 18940 18944 18948 18952 18956 18960 18964 18968 18972 18976 18980 18984 18988 18992 18996 19000 19004 19008 19012 19016 19020 19024 19028 19032 19036 19040 19044 19048 19052 19056 19060 19064 19068 19072 19076 19080 19084 19088 19092 19096 19100 19104 19108 19112 19116 19120 19124 19128 19132 19136 19140 19144 19148 19152 19156 19160 19164 19168 19172 19176 19180 19184 19188 19192 19196 19200 19204 19208 19212 19216 19220 19224 19228 19232 19236 19240 19244 19248 19252 19256 19260 19264 19268 19272 19276 19280 19284 19288 19292 19296 19300 19304 19308 19312 19316 19320 19324 19328 19332 19336 19340 19344 19348 19352 19356 19360 19364 19368 19372 19376 19380 19384 19388 19392 19396 19400 19404 19408 19412 19416 19420 19424 19428 19432 19436 19440 19444 19448 19452 19456 19460 19464 19468 19472 19476 19480 19484 19488 19492 19496 19500 19504 19508 19512 19516 19520 19524 19528 19532 19536 19540 19544 19548 19552 19556 19560 19564 19568 19572 19576 19580 19584 19588 19592 19596 19600 19604 19608 19612 19616 19620 19624 19628 19632 19636 19640 19644 19648 19652 19656 19660 19664 19668 19672 19676 19680 19684 19688 19692 19696 19700 19704 19708 19712 19716 19720 19724 19728 19732 19736 19740 19744 19748 19752 19756 19760 19764 19768 19772 19776 19780 19784 19788 19792 19796 19800 19804 19808 19812 19816 19820 19824 19828 19832 19836 19840 19844 19848 19852 19856 19860 19864 19868 19872 19876 19880 19884 19888 19892 19896 19900 19904 19908 19912 19916 19920 19924 19928 19932 19936 19940 19944 19948 19952 19956 19960 19964 19968 19972 19976 19980 19984 19988 19992 19996 20000 20004 20008 20012 20016 20020 20024 20028 20032 20036 20040 20044 20048 20052 20056 20060 20064 20068 20072 20076 20080 20084 20088 20092 20096 20100 20104 20108 20112 20116 20120 20124 20128 20132 20136 20140 20144 20148 20152 20156 20160 20164 20168 20172 20176 20180 20184 20188 20192 20196 20200 20204 20208 20212 20216 20220 20224 20228 20232 20236 20240 20244 20248 20252 20256 20260 20264 20268 20272 20276 20280 20284 20288 20292 20296 20300 20304 20308 20312 20316 20320 20324 20328 20332 20336 20340 20344 20348 20352 20356 20360 20364 20368 20372 20376 20380 20384 20388 20392 20396 20400 20404 20408 20412 20416 20420 20424 20428 20432 20436 20440 20444 20448 20452 20456 20460 20464 20468 20472 20476 20480 20484 20488 20492 20496 20500 20504 20508 20512 20516 20520 20524 20528 20532 20536 20540 20544 20548 20552 20556 20560 20564 20568 20572 20576 20580 20584 20588 20592 20596 20600 20604 20608 20612 20616 20620 20624 20628 20632 20636 20640 20644 20648 20652 20656 20660 20664 20668 20672 20676 20680 20684 20688 20692 20696 20700 20704 20708 20712 20716 20720 20724 20728 20732 20736 20740 20744 20748 20752 20756 20760 20764 20768 20772 20776 20780 20784 20788 20792 20796 20800 20804 20808 20812 20816 20820 20824 20828 20832 20836 20840 20844 20848 20852 20856 20860 20864 20868 20872 20876 20880 20884 20888 20892 20896 20900 20904 20908 20912 20916 20920 20924 20928 20932 20936 20940 20944 20948 20952 20956 20960 20964 20968 20972 20976 20980 20984 20988 20992 20996 21000 21004 21008 21012 21016 21020 21024 21028 21032 21036 21040 21044 21048 21052 21056 21060 21064 21068 21072 21076 21080 21084 21088 21092 21096 21100 21104 21108 21112 21116 21120 21124 21128 21132 21136 21140 21144 21148 21152 21156 21160 21164 21168 21172 21176 21180 21184 21188 21192 21196 21200 21204 21208 21212 21216 21220 21224 21228 21232 21236 21240 21244 21248 21252 21256 21260 21264 21268 21272 21276 21280 21284 21288 21292 21296 21300 21304 21308 21312 21316 21320 21324 21328 21332 21336 21340 21344 21348 21352 21356 21360 21364 21368 21372 21376 21380 21384 21388 21392 21396 21400 21404 21408 21412 21416 21420 21424 21428 21432 21436 21440 21444 21448 21452 21456 21460 21464 21468 21472 21476 21480 21484 21488 21492 21496 21500 21504 21508 21512 21516 21520 21524 21528 21532 21536 21540 21544 21548 21552 21556 21560 21564 21568 21572 21576 21580 21584 21588 21592 21596 21600 21604 21608 21612 21616 21620 21624 21628 21632 21636 21640 21644 21648 21652 21656 21660 21664 21668 21672 21676 21680 21684 21688 21692 21696 21700 21704 21708 21712 21716 21720 21724 21728 21732 21736 21740 21744 21748 21752 21756 21760 21764 21768 21772 21776 21780 21784 21788 21792 21796 21800 21804 21808 21812 21816 21820 21824 21828 21832 21836 21840 21844 21848 21852 21856 21860 21864 21868 21872 21876 21880 21884 21888 21892 21896 21900 21904 21908 21912 21916 21920 21924 21928 21932 21936 21940 21944 21948 21952 21956 21960 21964 21968 21972 21976 21980 21984 21988 21992 21996 22000 22004 22008 22012 22016 22020 22024 22028 22032 22036 22040 22044 22048 22052 22056 22060 22064 22068 22072 22076 22080 22084 22088 22092 22096 22100 22104 22108 22112 22116 22120 22124 22128 22132 22136 22140 22144 22148 22152 22156 22160 22164 22168 22172 22176 22180 22184 22188 22192 22196 22200 22204 22208 22212 22216 22220 22224 22228 22232 22236 22240 22244 22248 22252 22256 22260 22264 22268 22272 22276 22280 22284 22288 22292 22296 22300 22304 22308 22312 22316 22320 22324 22328 22332 22336 22340 22344 22348 22352 22356 22360 22364 22368 22372 22376 22380 22384 22388 22392 22396 22400 22404 22408 22412 22416 22420 22424 22428 22432 22436 22440 22444 22448 22452 22456 22460 22464 22468 22472 22476 22480 22484 22488 22492 22496 22500 22504 22508 22512 22516 22520 22524 22528 22532 22536 22540 22544 22548 22552 22556 22560 22564 22568 22572 22576 22580 22584 22588 22592 22596 22600 22604 22608 22612 22616 22620 22624 22628 22632 22636 22640 22644 22648 22652 22656 22660 22664 22668 22672 22676 22680 22684 22688 22692 22696 22700 22704 22708 22712 22716 22720 22724 22728 22732 22736 22740 22744 22748 22752 22756 22760 22764 22768 22772 22776 22780 22784 22788 22792 22796 22800 22804 22808 22812 22816 22820 22824 22828 22832 22836 22840 22844 22848 22852 22856 22860 22864 22868 22872 22876 22880 22884 22888 22892 22896 22900 22904 22908 22912 22916 22920 22924 22928 22932 22936 22940 22944 22948 22952 22956 22960 22964 22968 22972 22976 22980 22984 22988 22992 22996 23000 23004 23008 23012 23016 23020 23024 23028 23032 23036 23040 23044 23048 23052 23056 23060 23064 23068 23072 23076 23080 23084 23088 23092 23096 23100 23104 23108 23112 23116 23120 23124 23128 23132 23136 23140 23144 23148 23152 23156 23160 23164 23168 23172 23176 23180 23184 23188 23192 23196 23200 23204 23208 23212 23216 23220 23224 23228 23232 23236 23240 23244 23248 23252 23256 23260 23264 23268 23272 23276 23280 23284 23288 23292 23296 23300 23304 23308 23312 23316 23320 23324 23328 23332 23336 23340 23344 23348 23352 23356 23360 23364 23368 23372 23376 23380 23384 23388 23392 23396 23400 23404 23408 23412 23416 23420 23424 23428 23432 23436 23440 23444 23448 23452 23456 23460 23464 23468 23472 23476 23480 23484 23488 23492 23496 23500 23504 23508 23512 23516 23520 23524 23528 23532 23536 23540 23544 23548 23552 23556 23560 23564 23568 23572 23576 23580 23584 23588 23592 23596 23600 23604 23608 23612 23616 23620 23624 23628 23632 23636 23640 23644 23648 23652 23656 23660 23664 23668 23672 23676 23680 23684 23688 23692 23696 23700 23704 23708 23712 23716 23720 23724 23728 23732 23736 23740 23744 23748 23752 23756 23760 23764 23768 23772 23776 23780 23784 23788 23792 23796 23800 23804 23808 23812 23816 23820 23824 23828 23832 23836 23840 23844 23848 23852 23856 23860 23864 23868 23872 23876 23880 23884 23888 23892 23896 23900 23904 23908 23912 23916 23920 23924 23928 23932 23936 23940 23944 23948 23952 23956 23960 23964 23968 23972 23976 23980 23984 23988 23992 23996 24000 24004 24008 24012 24016 24020 24024 24028 24032 24036 24040 24044 24048 24052 24056 24060 24064 24068 24072 24076 24080 24084 24088 24092 24096 24100 24104 24108 24112 24116 24120 24124 24128 24132 24136 24140 24144 24148 24152 24156 24160 24164 24168 24172 24176 24180 24184 24188 24192 24196 24200 24204 24208 24212 24216 24220 24224 24228 24232 24236 24240 24244 24248 24252 24256 24260 24264 24268 24272 24276 24280 24284 24288 24292 24296 24300 24304 24308 24312 24316 24320 24324 24328 24332 24336 24340 24344 24348 24352 24356 24360 24364 24368 24372 24376 24380 24384 24388 24392 24396 24400 24404 24408 24412 24416 24420 24424 24428 24432 24436 24440 24444 24448 24452 24456 24460 24464 24468 24472 24476 24480 24484 24488 24492 24496 24500 24504 24508 24512 24516 24520 24524 24528 24532 24536 24540 24544 24548 24552 24556 24560 24564 24568 24572 24576 24580 24584 24588 24592 24596 24600 24604 24608 24612 24616 24620 24624 24628 24632 24636 24640 24644 24648 24652 24656 24660 24664 24668 24672 24676 24680 24684 24688 24692 24696 24700 24704 24708 24712 24716 24720 24724 24728 24732 24736 24740 24744 24748 24752 24756 24760 24764 24768 24772 24776 24780 24784 24788 24792 24796 24800 24804 24808 24812 24816 24820 24824 24828 24832 24836 24840 24844 24848 24852 24856 24860 24864 24868 24872 24876 24880 24884 24888 24892 24896 24900 24904 24908 24912 24916 24920 24924 24928 24932 24936 24940 24944 24948 24952 24956 24960 24964 24968 24972 24976 24980 24984 24988 24992 24996 25000 25004 25008 25012 25016 25020 25024 25028 25032 25036 25040 25044 25048 25052 25056 25060 25064 25068 25072 25076 25080 25084 25088 25092 25096 25100 25104 25108 25112 25116 25120 25124 25128 25132 25136 25140 25144 25148 25152 25156 25160 25164 25168 25172 25176 25180 25184 25188 25192 25196 25200 25204 25208 25212 25216 25220 25224 25228 25232 25236 25240 25244 25248 25252 25256 25260 25264 25268 25272 25276 25280 25284 25288 25292 25296 25300 25304 25308 25312 25316 25320 25324 25328 25332 25336 25340 25344 25348 25352 25356 25360 25364 25368 25372 25376 25380 25384 25388 25392 25396 25400 25404 25408 25412 25416 25420 25424 25428 25432 25436 25440 25444 25448 25452 25456 25460 25464 25468 25472 25476 25480 25484 25488 25492 25496 25500 25504 25508 25512 25516 25520 25524 25528 25532 25536 25540 25544 25548 25552 25556 25560 25564 25568 25572 25576 25580 25584 25588 25592 25596 25600 25604 25608 25612 25616 25620 25624 25628 25632 25636 25640 25644 25648 25652 25656 25660 25664 25668 25672 25676 25680 25684 25688 25692 25696 25700 25704 25708 25712 25716 25720 25724 25728 25732 25736 25740 25744 25748 25752 25756 25760 25764 25768 25772 25776 25780 25784 25788 25792 25796 25800 25804 25808 25812 25816 25820 25824 25828 25832 25836 25840 25844 25848 25852 25856 25860 25864 25868 25872 25876 25880 25884 25888 25892 25896 25900 25904 25908 25912 25916 25920 25924 25928 25932 25936 25940 25944 25948 25952 25956 25960 25964 25968 25972 25976 25980 25984 25988 25992 25996 26000 26004 26008 26012 26016 26020 26024 26028 26032 26036 26040 26044 26048 26052 26056 26060 26064 26068 26072 26076 26080 26084 26088 26092 26096 26100 26104 26108 26112 26116 26120 26124 26128 26132 26136 26140 26144 26148 26152 26156 26160 26164 26168 26172 26176 26180 26184 26188 26192 26196 26200 26204 26208 26212 26216 26220 26224 26228 26232 26236 26240 26244 26248 26252 26256 26260 26264 26268 26272 26276 26280 26284 26288 26292 26296 26300 26304 26308 26312 26316 26320 26324 26328 26332 26336 26340 26344 26348 26352 26356 26360 26364 26368 26372 26376 26380 26384 26388 26392 26396 26400 26404 26408 26412 26416 26420 26424 26428 26432 26436 26440 26444 26448 26452 26456 26460 26464 26468 26472 26476 26480 26484 26488 26492 26496 26500 26504 26508 26512 26516 26520 26524 26528 26532 26536 26540 26544 26548 26552 26556 26560 26564 26568 26572 26576 26580 26584 26588 26592 26596 26600 26604 26608 26612 26616 26620 26624 26628 26632 26636 26640 26644 26648 26652 26656 26660 26664 26668 26672 26676 26680 26684 26688 26692 26696 26700 26704 26708 26712 26716 26720 26724 26728 26732 26736 26740 26744 26748 26752 26756 26760 26764 26768 26772 26776 26780 26784 26788 26792 26796 26800 26804 26808 26812 26816 26820 26824 26828 26832 26836 26840 26844 26848 26852 26856 26860 26864 26868 26872 26876 26880 26884 26888 26892 26896 26900 26904 26908 26912 26916 26920 26924 26928 26932 26936 26940 26944 26948 26952 26956 26960 26964 26968 26972 26976 26980 26984 26988 26992 26996 27000 27004 27008 27012 27016 27020 27024 27028 27032 27036 27040 27044 27048 27052 27056 27060 27064 27068 27072 27076 27080 27084 27088 27092 27096 27100 27104 27108 27112 27116 27120 27124 27128 27132 27136 27140 27144 27148 27152 27156 27160 27164 27168 27172 27176 27180 27184 27188 27192 27196 27200 27204 27208 27212 27216 27220 27224 27228 27232 27236 27240 27244 27248 27252 27256 27260 27264 27268 27272 27276 27280 27284 27288 27292 27296 27300 27304 27308 27312 27316 27320 27324 27328 27332 27336 27340 27344 27348 27352 27356 27360 27364 27368 27372 27376 27380 27384 27388 27392 27396 27400 27404 27408 27412 27416 27420 27424 27428 27432 27436 27440 27444 27448 27452 27456 27460 27464 27468 27472 27476 27480 27484 27488 27492 27496 27500 27504 27508 27512 27516 27520 27524 27528 27532 27536 27540 27544 27548 27552 27556 27560 27564 27568 27572 27576 27580 27584 27588 27592 27596 27600 27604 27608 27612 27616 27620 27624 27628 27632 27636 27640 27644 27648 27652 27656 27660 27664 27668 27672 27676 27680 27684 27688 27692 27696 27700 27704 27708 27712 27716 27720 27724 27728 27732 27736 27740 27744 27748 27752 27756 27760 27764 27768 27772 27776 27780 27784 27788 27792 27796 27800 27804 27808 27812 27816 27820 27824 27828 27832 27836 27840 27844 27848 27852 27856 27860 27864 27868 27872 27876 27880 27884 27888 27892 27896 27900 27904 27908 27912 27916 27920 27924 27928 27932 27936 27940 27944 27948 27952 27956 27960 27964 27968 27972 27976 27980 27984 27988 27992 27996 28000 28004 28008 28012 28016 28020 28024 28028 28032 28036 28040 28044 28048 28052 28056 28060 28064 28068 28072 28076 28080 28084 28088 28092 28096 28100 28104 28108 28112 28116 28120 28124 28128 28132 28136 28140 28144 28148 28152 28156 28160 28164 28168 28172 28176 28180 28184 28188 28192 28196 28200 28204 28208 28212 28216 28220 28224 28228 28232 28236 28240 28244 28248 28252 28256 28260 28264 28268 28272 28276 28280 28284 28288 28292 28296 28300 28304 28308 28312 28316 28320 28324 28328 28332 28336 28340 28344 28348 28352 28356 28360 28364 28368 28372 28376 28380 28384 28388 28392 28396 28400 28404 28408 28412 28416 28420 28424 28428 28432 28436 28440 28444 28448 28452 28456 28460 28464 28468 28472 28476 28480 28484 28488 28492 28496 28500 28504 28508 28512 28516 28520 28524 28528 28532 28536 28540 28544 28548 28552 28556 28560 28564 28568 28572 28576 28580 28584 28588 28592 28596 28600 28604 28608 28612 28616 28620 28624 28628 28632 28636 28640 28644 28648 28652 28656 28660 28664 28668 28672 28676 28680 28684 28688 28692 28696 28700 28704 28708 28712 28716 28720 28724 28728 28732 28736 28740 28744 28748 28752 28756 28760 28764 28768 28772 28776 28780 28784 28788 28792 28796 28800 28804 28808 28812 28816 28820 28824 28828 28832 28836 28840 28844 28848 28852 28856 28860 28864 28868 28872 28876 28880 28884 28888 28892 28896 28900 28904 28908 28912 28916 28920 28924 28928 28932 28936 28940 28944 28948 28952 28956 28960 28964 28968 28972 28976 28980 28984 28988 28992 28996 29000 29004 29008 29012 29016 29020 29024 29028 29032 29036 29040 29044 29048 29052 29056 29060 29064 29068 29072 29076 29080 29084 29088 29092 29096 29100 29104 29108 29112 29116 29120 29124 29128 29132 29136 29140 29144 29148 29152 29156 29160 29164 29168 29172 29176 29180 29184 29188 29192 29196 29200 29204 29208 29212 29216 29220 29224 29228 29232 29236 29240 29244 29248 29252 29256 29260 29264 29268 29272 29276 29280 29284 29288 29292 29296 29300 29304 29308 29312 29316 29320 29324 29328 29332 29336 29340 29344 29348 29352 29356 29360 29364 29368 29372 29376 29380 29384 29388 29392 29396 29400 29404 29408 29412 29416 29420 29424 29428 29432 29436 29440 29444 29448 29452 29456 29460 29464 29468 29472 29476 29480 29484 29488 29492 29496 29500 29504 29508 29512 29516 29520 29524 29528 29532 29536 29540 29544 29548 29552 29556 29560 29564 29568 29572 29576 29580 29584 29588 29592 29596 29600 29604 29608 29612 29616 29620 29624 29628 29632 29636 29640 29644 29648 29652 29656 29660 29664 29668 29672 29676 29680 29684 29688 29692 29696 29700 29704 29708 29712 29716 29720 29724 29728 29732 29736 29740 29744 29748 29752 29756 29760 29764 29768 29772 29776 29780 29784 29788 29792 29796 29800 29804 29808 29812 29816 29820 29824 29828 29832 29836 29840 29844 29848 29852 29856 29860 29864 29868 29872 29876 29880 29884 29888 29892 29896 29900 29904 29908 29912 29916 29920 29924 29928 29932 29936 29940 29944 29948 29952 29956 29960 29964 29968 29972 29976 29980 29984 29988 29992 29996 30000 30004 30008 30012 30016 30020 30024 30028 30032 30036 30040 30044 30048 30052 30056 30060 30064 30068 30072 30076 30080 30084 30088 30092 30096 30100 30104 30108 30112 30116 30120 30124 30128 30132 30136 30140 30144 30148 30152 30156 30160 30164 30168 30172 30176 30180 30184 30188 30192 30196 30200 30204 30208 30212 30216 30220 30224 30228 30232 30236 30240 30244 30248 30252 30256 30260 30264 30268 30272 30276 30280 30284 30288 30292 30296 30300 30304 30308 30312 30316 30320 30324 30328 30332 30336 30340 30344 30348 30352 30356 30360 30364 30368 30372 30376 30380 30384 30388 30392 30396 30400 30404 30408 30412 30416 30420 30424 30428 30432 30436 30440 30444 30448 30452 30456 30460 30464 30468 30472 30476 30480 30484 30488 30492 30496 30500 30504 30508 30512 30516 30520 30524 30528 30532 30536 30540 30544 30548 30552 30556 30560 30564 30568 30572 30576 30580 30584 30588 30592 30596 30600 30604 30608 30612 30616 30620 30624 30628 30632 30636 30640 30644 30648 30652 30656 30660 30664 30668 30672 30676 30680 30684 30688 30692 30696 30700 30704 30708 30712 30716 30720 30724 30728 30732 30736 30740 30744 30748 30752 30756 30760 30764 30768 30772 30776 30780 30784 30788 30792 30796 30800 30804 30808 30812 30816 30820 30824 30828 30832 30836 30840 30844 30848 30852 30856 30860 30864 30868 30872 30876 30880 30884 30888 30892 30896 30900 30904 30908 30912 30916 30920 30924 30928 30932 30936 30940 30944 30948 30952 30956 30960 30964 30968 30972 30976 30980 30984 30988 30992 30996 31000 31004 31008 31012 31016 31020 31024 31028 31032 31036 31040 31044 31048 31052 31056 31060 31064 31068 31072 31076 31080 31084 31088 31092 31096 31100 31104 31108 31112 31116 31120 31124 31128 31132 31136 31140 31144 31148 31152 31156 31160 31164 31168 31172 31176 31180 31184 31188 31192 31196 31200 31204 31208 31212 31216 31220 31224 31228 31232 31236 31240 31244 31248 31252 31256 31260 31264 31268 31272 31276 31280 31284 31288 31292 31296 31300 31304 31308 31312 31316 31320 31324 31328 31332 31336 31340 31344 31348 31352 31356 31360 31364 31368 31372 31376 31380 31384 31388 31392 31396 31400 31404 31408 31412 31416 31420 31424 31428 31432 31436 31440 31444 31448 31452 31456 31460 31464 31468 31472 31476 31480 31484 31488 31492 31496 31500 31504 31508 31512 31516 31520 31524 31528 31532 31536 31540 31544 31548 31552 31556 31560 31564 31568 31572 31576 31580 31584 31588 31592 31596 31600 31604 31608 31612 31616 31620 31624 31628 31632 31636 31640 31644 31648 31652 31656 31660 31664 31668 31672 31676 31680 31684 31688 31692 31696 31700 31704 31708 31712 31716 31720 31724 31728 31732 31736 31740 31744 31748 31752 31756 31760 31764 31768 31772 31776 31780 31784 31788 31792 31796 31800 31804 31808 31812 31816 31820 31824 31828 31832 31836 31840 31844 31848 31852 31856 31860 31864 31868 31872 31876 31880 31884 31888 31892 31896 31900 31904 31908 31912 31916 31920 31924 31928 31932 31936 31940 31944 31948 31952 31956 31960 31964 31968 31972 31976 31980 31984 31988 31992 31996 32000 32004 32008 32012 32016 32020 32024 32028 32032 32036 32040 32044 32048 32052 32056 32060 32064 32068 32072 32076 32080 32084 32088 32092 32096 32100 32104 32108 32112 32116 32120 32124 32128 32132 32136 32140 32144 32148 32152 32156 32160 32164 32168 32172 32176 32180 32184 32188 32192 32196 32200 32204 32208 32212 32216 32220 32224 32228 32232 32236 32240 32244 32248 32252 32256 32260 32264 32268 32272 32276 32280 32284 32288 32292 32296 32300 32304 32308 32312 32316 32320 32324 32328 32332 32336 32340 32344 32348 32352 32356 32360 32364 32368 32372 32376 32380 32384 32388 32392 32396 32400 32404 32408 32412 32416 32420 32424 32428 32432 32436 32440 32444 32448 32452 32456 32460 32464 32468 32472 32476 32480 32484 32488 32492 32496 32500 32504 32508 32512 32516 32520 32524 32528 32532 32536 32540 32544 32548 32552 32556 32560 32564 32568 32572 32576 32580 32584 32588 32592 32596 32600 32604 32608 32612 32616 32620 32624 32628 32632 32636 32640 
        </DataArray>
        <DataArray type="UInt8" Name="types" format="ascii">
          10 10 10 10 10 10 10 10 10 10 10 10 10 10 10 10 10 10 10 10 10 10 10 10 10 10 10 10 10 10 10 10 10 10 10 10 10 10 10 10 10 10 10 10 10 10 10 10 10 10 10 10 10 10 10 10 10 10 10 10 10 10 10 10 10 10 10 10 10 10 10 10 10 10 10 10 10 10 10 10 10 10 10 10 10 10 10 10 10 10 10 10 10 10 10 10 10 10 10 10 10 10 10 10 10 10 10 10 10 10 10 10 10 10 10 10 10 10 10 10 10 10 10 10 10 10 10 10 10 10 10 10 10 10 10 10 10 10 10 10 10 10 10 10 10 10 10 10 10 10 10 10 10 10 10 10 10 10 10 10 10 10 10 10 10 10 10 10 10 10 10 10 10 10 10 10 10 10 10 10 10 10 10 10 10 10 10 10 10 10 10 10 10 10 10 10 10 10 10 10 10 10 10 10 10 10 10 10 10 10 10 10 10 10 10 10 10 10 10 10 10 10 10 10 10 10 10 10 10 10 10 10 10 10 10 10 10 10 10 10 10 10 10 10 10 10 10 10 10 10 10 10 10 10 10 10 10 10 10 10 10 10 10 10 10 10 10 10 10 10 10 10 10 10 10 10 10 10 10 10 10 10 10 10 10 10 10 10 10 10 10 10 10 10 10 10 10 10 10 10 10 10 10 10 10 10 10 10 10 10 10 10 10 10 10 10 10 10 10 10 10 10 10 10 10 10 10 10 10 10 10 10 10 10 10 10 10 10 10 10 10 10 10 10 10 10 10 10 10 10 10 10 10 10 10 10 10 10 10 10 10 10 10 10 10 10 10 10 10 10 10 10 10 10 10 10 10 10 10 10 10 10 10 10 10 10 10 10 10 10 10 10 10 10 10 10 10 10 10 10 10 10 10 10 10 10 10 10 10 10 10 10 10 10 10 10 10 10 10 10 10 10 10 10 10 10 10 10 10 10 10 10 10 10 10 10 10 10 10 10 10 10 10 10 10 10 10 10 10 10 10 10 10 10 10 10 10 10 10 10 10 10 10 10 10 10 10 10 10 10 10 10 10 10 10 10 10 10 10 10 10 10 10 10 10 10 10 10 10 10 10 10 10 10 10 10 10 10 10 10 10 10 10 10 10 10 10 10 10 10 10 10 10 10 10 10 10 10 10 10 10 10 10 10 10 10 10 10 10 10 10 10 10 10 10 10 10 10 10 10 10 10 10 10 10 10 10 10 10 10 10 10 10 10 10 10 10 10 10 10 10 10 10 10 10 10 10 10 10 10 10 10 10 10 10 10 10 10 10 10 10 10 10 10 10 10 10 10 10 10 10 10 10 10 10 10 10 10 10 10 10 10 10 10 10 10 10 10 10 10 10 10 10 10 10 10 10 10 10 10 10 10 10 10 10 10 10 10 10 10 10 10 10 10 10 10 10 10 10 10 10 10 10 10 10 10 10 10 10 10 10 10 10 10 10 10 10 10 10 10 10 10 10 10 10 10 10 10 10 10 10 10 10 10 10 10 10 10 10 10 10 10 10 10 10 10 10 10 10 10 10 10 10 10 10 10 10 10 10 10 10 10 10 10 10 10 10 10 10 10 10 10 10 10 10 10 10 10 10 10 10 10 10 10 10 10 10 10 10 10 10 10 10 10 10 10 10 10 10 10 10 10 10 10 10 10 10 10 10 10 10 10 10 10 10 10 10 10 10 10 10 10 10 10 10 10 10 10 10 10 10 10 10 10 10 10 10 10 10 10 10 10 10 10 10 10 10 10 10 10 10 10 10 10 10 10 10 10 10 10 10 10 10 10 10 10 10 10 10 10 10 10 10 10 10 10 10 10 10 10 10 10 10 10 10 10 10 10 10 10 10 10 10 10 10 10 10 10 10 10 10 10 10 10 10 10 10 10 10 10 10 10 10 10 10 10 10 10 10 10 10 10 10 10 10 10 10 10 10 10 10 10 10 10 10 10 10 10 10 10 10 10 10 10 10 10 10 10 10 10 10 10 10 10 10 10 10 10 10 10 10 10 10 10 10 10 10 10 10 10 10 10 10 10 10 10 10 10 10 10 10 10 10 10 10 10 10 10 10 10 10 10 10 10 10 10 10 10 10 10 10 10 10 10 10 10 10 10 10 10 10 10 10 10 10 10 10 10 10 10 10 10 10 10 10 10 10 10 10 10 10 10 10 10 10 10 10 10 10 10 10 10 10 10 10 10 10 10 10 10 10 10 10 10 10 10 10 10 10 10 10 10 10 10 10 10 10 10 10 10 10 10 10 10 10 10 10 10 10 10 10 10 10 10 10 10 10 10 10 10 10 10 10 10 10 10 10 10 10 10 10 10 10 10 10 10 10 10 10 10 10 10 10 10 10 10 10 10 10 10 10 10 10 10 10 10 10 10 10 10 10 10 10 10 10 10 10 10 10 10 10 10 10 10 10 10 10 10 10 10 10 10 10 10 10 10 10 10 10 10 10 10 10 10 10 10 10 10 10 10 10 10 10 10 10 10 10 10 10 10 10 10 10 10 10 10 10 10 10 10 10 10 10 10 10 10 10 10 10 10 10 10 10 10 10 10 10 10 10 10 10 10 10 10 10 10 10 10 10 10 10 10 10 10 10 10 10 10 10 10 10 10 10 10 10 10 10 10 10 10 10 10 10 10 10 10 10 10 10 10 10 10 10 10 10 10 10 10 10 10 10 10 10 10 10 10 10 10 10 10 10 10 10 10 10 10 10 10 10 10 10 10 10 10 10 10 10 10 10 10 10 10 10 10 10 10 10 10 10 10 10 10 10 10 10 10 10 10 10 10 10 10 10 10 10 10 10 10 10 10 10 10 10 10 10 10 10 10 10 10 10 10 10 10 10 10 10 10 10 10 10 10 10 10 10 10 10 10 10 10 10 10 10 10 10 10 10 10 10 10 10 10 10 10 10 10 10 10 10 10 10 10 10 10 10 10 10 10 10 10 10 10 10 10 10 10 10 10 10 10 10 10 10 10 10 10 10 10 10 10 10 10 10 10 10 10 10 10 10 10 10 10 10 10 10 10 10 10 10 10 10 10 10 10 10 10 10 10 10 10 10 10 10 10 10 10 10 10 10 10 10 10 10 10 10 10 10 10 10 10 10 10 10 10 10 10 10 10 10 10 10 10 10 10 10 10 10 10 10 10 10 10 10 10 10 10 10 10 10 10 10 10 10 10 10 10 10 10 10 10 10 10 10 10 10 10 10 10 10 10 10 10 10 10 10 10 10 10 10 10 10 10 10 10 10 10 10 10 10 10 10 10 10 10 10 10 10 10 10 10 10 10 10 10 10 10 10 10 10 10 10 10 10 10 10 10 10 10 10 10 10 10 10 10 10 10 10 10 10 10 10 10 10 10 10 10 10 10 10 10 10 10 10 10 10 10 10 10 10 10 10 10 10 10 10 10 10 10 10 10 10 10 10 10 10 10 10 10 10 10 10 10 10 10 10 10 10 10 10 10 10 10 10 10 10 10 10 10 10 10 10 10 10 10 10 10 10 10 10 10 10 10 10 10 10 10 10 10 10 10 10 10 10 10 10 10 10 10 10 10 10 10 10 10 10 10 10 10 10 10 10 10 10 10 10 10 10 10 10 10 10 10 10 10 10 10 10 10 10 10 10 10 10 10 10 10 10 10 10 10 10 10 10 10 10 10 10 10 10 10 10 10 10 10 10 10 10 10 10 10 10 10 10 10 10 10 10 10 10 10 10 10 10 10 10 10 10 10 10 10 10 10 10 10 10 10 10 10 10 10 10 10 10 10 10 10 10 10 10 10 10 10 10 10 10 10 10 10 10 10 10 10 10 10 10 10 10 10 10 10 10 10 10 10 10 10 10 10 10 10 10 10 10 10 10 10 10 10 10 10 10 10 10 10 10 10 10 10 10 10 10 10 10 10 10 10 10 10 10 10 10 10 10 10 10 10 10 10 10 10 10 10 10 10 10 10 10 10 10 10 10 10 10 10 10 10 10 10 10 10 10 10 10 10 10 10 10 10 10 10 10 10 10 10 10 10 10 10 10 10 10 10 10 10 10 10 10 10 10 10 10 10 10 10 10 10 10 10 10 10 10 10 10 10 10 10 10 10 10 10 10 10 10 10 10 10 10 10 10 10 10 10 10 10 10 10 10 10 10 10 10 10 10 10 10 10 10 10 10 10 10 10 10 10 10 10 10 10 10 10 10 10 10 10 10 10 10 10 10 10 10 10 10 10 10 10 10 10 10 10 10 10 10 10 10 10 10 10 10 10 10 10 10 10 10 10 10 10 10 10 10 10 10 10 10 10 10 10 10 10 10 10 10 10 10 10 10 10 10 10 10 10 10 10 10 10 10 10 10 10 10 10 10 10 10 10 10 10 10 10 10 10 10 10 10 10 10 10 10 10 10 10 10 10 10 10 10 10 10 10 10 10 10 10 10 10 10 10 10 10 10 10 10 10 10 10 10 10 10 10 10 10 10 10 10 10 10 10 10 10 10 10 10 10 10 10 10 10 10 10 10 10 10 10 10 10 10 10 10 10 10 10 10 10 10 10 10 10 10 10 10 10 10 10 10 10 10 10 10 10 10 10 10 10 10 10 10 10 10 10 10 10 10 10 10 10 10 10 10 10 10 10 10 10 10 10 10 10 10 10 10 10 10 10 10 10 10 10 10 10 10 10 10 10 10 10 10 10 10 10 10 10 10 10 10 10 10 10 10 10 10 10 10 10 10 10 10 10 10 10 10 10 10 10 10 10 10 10 10 10 10 10 10 10 10 10 10 10 10 10 10 10 10 10 10 10 10 10 10 10 10 10 10 10 10 10 10 10 10 10 10 10 10 10 10 10 10 10 10 10 10 10 10 10 10 10 10 10 10 10 10 10 10 10 10 10 10 10 10 10 10 10 10 10 10 10 10 10 10 10 10 10 10 10 10 10 10 10 10 10 10 10 10 10 10 10 10 10 10 10 10 10 10 10 10 10 10 10 10 10 10 10 10 10 10 10 10 10 10 10 10 10 10 10 10 10 10 10 10 10 10 10 10 10 10 10 10 10 10 10 10 10 10 10 10 10 10 10 10 10 10 10 10 10 10 10 10 10 10 10 10 10 10 10 10 10 10 10 10 10 10 10 10 10 10 10 10 10 10 10 10 10 10 10 10 10 10 10 10 10 10 10 10 10 10 10 10 10 10 10 10 10 10 10 10 10 10 10 10 10 10 10 10 10 10 10 10 10 10 10 10 10 10 10 10 10 10 10 10 10 10 10 10 10 10 10 10 10 10 10 10 10 10 10 10 10 10 10 10 10 10 10 10 10 10 10 10 10 10 10 10 10 10 10 10 10 10 10 10 10 10 10 10 10 10 10 10 10 10 10 10 10 10 10 10 10 10 10 10 10 10 10 10 10 10 10 10 10 10 10 10 10 10 10 10 10 10 10 10 10 10 10 10 10 10 10 10 10 10 10 10 10 10 10 10 10 10 10 10 10 10 10 10 10 10 10 10 10 10 10 10 10 10 10 10 10 10 10 10 10 10 10 10 10 10 10 10 10 10 10 10 10 10 10 10 10 10 10 10 10 10 10 10 10 10 10 10 10 10 10 10 10 10 10 10 10 10 10 10 10 10 10 10 10 10 10 10 10 10 10 10 10 10 10 10 10 10 10 10 10 10 10 10 10 10 10 10 10 10 10 10 10 10 10 10 10 10 10 10 10 10 10 10 10 10 10 10 10 10 10 10 10 10 10 10 10 10 10 10 10 10 10 10 10 10 10 10 10 10 10 10 10 10 10 10 10 10 10 10 10 10 10 10 10 10 10 10 10 10 10 10 10 10 10 10 10 10 10 10 10 10 10 10 10 10 10 10 10 10 10 10 10 10 10 10 10 10 10 10 10 10 10 10 10 10 10 10 10 10 10 10 10 10 10 10 10 10 10 10 10 10 10 10 10 10 10 10 10 10 10 10 10 10 10 10 10 10 10 10 10 10 10 10 10 10 10 10 10 10 10 10 10 10 10 10 10 10 10 10 10 10 10 10 10 10 10 10 10 10 10 10 10 10 10 10 10 10 10 10 10 10 10 10 10 10 10 10 10 10 10 10 10 10 10 10 10 10 10 10 10 10 10 10 10 10 10 10 10 10 10 10 10 10 10 10 10 10 10 10 10 10 10 10 10 10 10 10 10 10 10 10 10 10 10 10 10 10 10 10 10 10 10 10 10 10 10 10 10 10 10 10 10 10 10 10 10 10 10 10 10 10 10 10 10 10 10 10 10 10 10 10 10 10 10 10 10 10 10 10 10 10 10 10 10 10 10 10 10 10 10 10 10 10 10 10 10 10 10 10 10 10 10 10 10 10 10 10 10 10 10 10 10 10 10 10 10 10 10 10 10 10 10 10 10 10 10 10 10 10 10 10 10 10 10 10 10 10 10 10 10 10 10 10 10 10 10 10 10 10 10 10 10 10 10 10 10 10 10 10 10 10 10 10 10 10 10 10 10 10 10 10 10 10 10 10 10 10 10 10 10 10 10 10 10 10 10 10 10 10 10 10 10 10 10 10 10 10 10 10 10 10 10 10 10 10 10 10 10 10 10 10 10 10 10 10 10 10 10 10 10 10 10 10 10 10 10 10 10 10 10 10 10 10 10 10 10 10 10 10 10 10 10 10 10 10 10 10 10 10 10 10 10 10 10 10 10 10 10 10 10 10 10 10 10 10 10 10 10 10 10 10 10 10 10 10 10 10 10 10 10 10 10 10 10 10 10 10 10 10 10 10 10 10 10 10 10 10 10 10 10 10 10 10 10 10 10 10 10 10 10 10 10 10 10 10 10 10 10 10 10 10 10 10 10 10 10 10 10 10 10 10 10 10 10 10 10 10 10 10 10 10 10 10 10 10 10 10 10 10 10 10 10 10 10 10 10 10 10 10 10 10 10 10 10 10 10 10 10 10 10 10 10 10 10 10 10 10 10 10 10 10 10 10 10 10 10 10 10 10 10 10 10 10 10 10 10 10 10 10 10 10 10 10 10 10 10 10 10 10 10 10 10 10 10 10 10 10 10 10 10 10 10 10 10 10 10 10 10 10 10 10 10 10 10 10 10 10 10 10 10 10 10 10 10 10 10 10 10 10 10 10 10 10 10 10 10 10 10 10 10 10 10 10 10 10 10 10 10 10 10 10 10 10 10 10 10 10 10 10 10 10 10 10 10 10 10 10 10 10 10 10 10 10 10 10 10 10 10 10 10 10 10 10 10 10 10 10 10 10 10 10 10 10 10 10 10 10 10 10 10 10 10 10 10 10 10 10 10 10 10 10 10 10 10 10 10 10 10 10 10 10 10 10 10 10 10 10 10 10 10 10 10 10 10 10 10 10 10 10 10 10 10 10 10 10 10 10 10 10 10 10 10 10 10 10 10 10 10 10 10 10 10 10 10 10 10 10 10 10 10 10 10 10 10 10 10 10 10 10 10 10 10 10 10 10 10 10 10 10 10 10 10 10 10 10 10 10 10 10 10 10 10 10 10 10 10 10 10 10 10 10 10 10 10 10 10 10 10 10 10 10 10 10 10 10 10 10 10 10 10 10 10 10 10 10 10 10 10 10 10 10 10 10 10 10 10 10 10 10 10 10 10 10 10 10 10 10 10 10 10 10 10 10 10 10 10 10 10 10 10 10 10 10 10 10 10 10 10 10 10 10 10 10 10 10 10 10 10 10 10 10 10 10 10 10 10 10 10 10 10 10 10 10 10 10 10 10 10 10 10 10 10 10 10 10 10 10 10 10 10 10 10 10 10 10 10 10 10 10 10 10 10 10 10 10 10 10 10 10 10 10 10 10 10 10 10 10 10 10 10 10 10 10 10 10 10 10 10 10 10 10 10 10 10 10 10 10 10 10 10 10 10 10 10 10 10 10 10 10 10 10 10 10 10 10 10 10 10 10 10 10 10 10 10 10 10 10 10 10 10 10 10 10 10 10 10 10 10 10 10 10 10 10 10 10 10 10 10 10 10 10 10 10 10 10 10 10 10 10 10 10 10 10 10 10 10 10 10 10 10 10 10 10 10 10 10 10 10 10 10 10 10 10 10 10 10 10 10 10 10 10 10 10 10 10 10 10 10 10 10 10 10 10 10 10 10 10 10 10 10 10 10 10 10 10 10 10 10 10 10 10 10 10 10 10 10 10 10 10 10 10 10 10 10 10 10 10 10 10 10 10 10 10 10 10 10 10 10 10 10 10 10 10 10 10 10 10 10 10 10 10 10 10 10 10 10 10 10 10 10 10 10 10 10 10 10 10 10 10 10 10 10 10 10 10 10 10 10 10 10 10 10 10 10 10 10 10 10 10 10 10 10 10 10 10 10 10 10 10 10 10 10 10 10 10 10 10 10 10 10 10 10 10 10 10 10 10 10 10 10 10 10 10 10 10 10 10 10 10 10 10 10 10 10 10 10 10 10 10 10 10 10 10 10 10 10 10 10 10 10 10 10 10 10 10 10 10 10 10 10 10 10 10 10 10 10 10 10 10 10 10 10 10 10 10 10 10 10 10 10 10 10 10 10 10 10 10 10 10 10 10 10 10 10 10 10 10 10 10 10 10 10 10 10 10 10 10 10 10 10 10 10 10 10 10 10 10 10 10 10 10 10 10 10 10 10 10 10 10 10 10 10 10 10 10 10 10 10 10 10 10 10 10 10 10 10 10 10 10 10 10 10 10 10 10 10 10 10 10 10 10 10 10 10 10 10 10 10 10 10 10 10 10 10 10 10 10 10 10 10 10 10 10 10 10 10 10 10 10 10 10 10 10 10 10 10 10 10 10 10 10 10 10 10 10 10 10 10 10 10 10 10 10 10 10 10 10 10 10 10 10 10 10 10 10 10 10 10 10 10 10 10 10 10 10 10 10 10 10 10 10 10 10 10 10 10 10 10 10 10 10 10 10 10 10 10 10 10 10 10 10 10 10 10 10 10 10 10 10 10 10 10 10 10 10 10 10 10 10 10 10 10 10 10 10 10 10 10 10 10 10 10 10 10 10 10 10 10 10 10 10 10 10 10 10 10 10 10 10 10 10 10 10 10 10 10 10 10 10 10 10 10 10 10 10 10 10 10 10 10 10 10 10 10 10 10 10 10 10 10 10 10 10 10 10 10 10 10 10 10 10 10 10 10 10 10 10 10 10 10 10 10 10 10 10 10 10 10 10 10 10 10 10 10 10 10 10 10 10 10 10 10 10 10 10 10 10 10 10 10 10 10 10 10 10 10 10 10 10 10 10 10 10 10 10 10 10 10 10 10 10 10 10 10 10 10 10 10 10 10 10 10 10 10 10 10 10 10 10 10 10 10 10 10 10 10 10 10 10 10 10 10 10 10 10 10 10 10 10 10 10 10 10 10 10 10 10 10 10 10 10 10 10 10 10 10 10 10 10 10 10 10 10 10 10 10 10 10 10 10 10 10 10 10 10 10 10 10 10 10 10 10 10 10 10 10 10 10 10 10 10 10 10 10 10 10 10 10 10 10 10 10 10 10 10 10 10 10 10 10 10 10 10 10 10 10 10 10 10 10 10 10 10 10 10 10 10 10 10 10 10 10 10 10 10 10 10 10 10 10 10 10 10 10 10 10 10 10 10 10 10 10 10 10 10 10 10 10 10 10 10 10 10 10 10 10 10 10 10 10 10 10 10 10 10 10 10 10 10 10 10 10 10 10 10 10 10 10 10 10 10 10 10 10 10 10 10 10 10 10 10 10 10 10 10 10 10 10 10 10 10 10 10 10 10 10 10 10 10 10 10 10 10 10 10 10 10 10 10 10 10 10 10 10 10 10 10 10 10 10 10 10 10 10 10 10 10 10 10 10 10 10 10 10 10 10 10 10 10 10 10 10 10 10 10 10 10 10 10 10 10 10 10 10 10 10 10 10 10 10 10 10 10 10 10 10 10 10 10 10 10 10 10 10 10 10 10 10 10 10 10 10 10 10 10 10 10 10 10 10 10 10 10 10 10 10 10 10 10 10 10 10 10 10 10 10 10 10 10 10 10 10 10 10 10 10 10 10 10 10 10 10 10 10 10 10 10 10 10 10 10 10 10 10 10 10 10 10 10 10 10 10 10 10 10 10 10 10 10 10 10 10 10 10 10 10 10 10 10 10 10 10 10 10 10 10 10 10 10 10 10 10 10 10 10 10 10 10 10 10 10 10 10 10 10 10 10 10 10 10 10 10 10 10 10 10 10 10 10 10 10 10 10 10 10 10 10 10 10 10 10 10 10 10 10 10 10 10 10 10 10 10 10 10 10 10 10 10 10 10 10 10 10 10 10 10 10 10 10 10 10 10 10 10 10 10 10 10 10 10 10 10 10 10 10 10 10 10 10 10 10 10 10 10 10 10 10 10 10 10 10 10 10 10 10 10 10 10 10 10 10 10 10 10 10 10 10 10 10 10 10 10 10 10 10 10 10 10 10 10 10 10 10 10 10 10 10 10 10 10 10 10 10 10 10 10 10 10 10 10 10 10 10 10 10 10 10 10 10 10 10 10 10 10 10 10 10 10 10 10 10 10 10 10 10 10 10 10 10 10 10 10 10 10 10 10 10 10 10 10 10 10 10 10 10 10 10 10 10 10 10 10 10 10 10 10 10 10 10 10 10 10 10 10 10 10 10 10 10 10 10 10 10 10 10 10 10 10 10 10 10 10 10 10 10 10 10 10 10 10 10 10 10 10 10 10 10 10 10 10 10 10 10 10 10 10 10 10 10 10 10 10 10 10 10 10 10 10 10 10 10 10 10 10 10 10 10 10 10 10 10 10 10 10 10 10 10 10 10 10 10 10 10 10 10 10 10 10 10 10 10 10 10 10 10 10 10 10 10 10 10 10 10 10 10 10 10 10 10 10 10 10 10 10 10 10 10 10 10 10 10 10 10 10 10 10 10 10 10 10 10 10 10 10 10 10 10 10 10 10 10 10 10 10 10 10 10 10 10 10 10 10 10 10 10 10 10 10 10 10 10 10 10 10 10 10 10 10 10 10 10 10 10 10 10 10 10 10 10 10 10 10 10 10 10 10 10 10 10 10 10 10 10 10 10 10 10 10 10 10 10 10 10 10 10 10 10 10 10 10 10 10 10 10 10 10 10 10 10 10 10 10 10 10 10 10 10 10 10 10 10 10 10 10 10 10 10 10 10 10 10 10 10 10 10 10 10 10 10 10 10 10 10 10 10 10 10 10 10 10 10 10 10 10 10 10 10 10 10 10 10 10 10 10 10 10 10 10 10 10 10 10 10 10 10 10 10 10 10 10 10 10 10 10 10 10 10 10 10 10 10 10 10 10 10 10 10 10 10 10 10 10 10 10 10 10 10 10 10 10 10 10 10 10 10 10 10 10 10 10 10 10 10 10 10 10 10 10 10 10 10 10 10 10 10 10 10 10 10 10 10 10 10 10 10 10 10 10 10 10 10 10 10 10 10 10 10 10 10 10 10 10 10 10 10 10 10 10 10 10 10 10 10 10 10 10 10 10 10 10 10 10 10 10 10 10 10 10 10 10 10 10 10 10 10 10 10 10 10 10 10 10 10 10 10 10 10 10 10 10 10 10 10 10 10 10 10 10 10 10 10 10 10 10 10 10 10 10 10 10 10 10 10 10 10 10 10 10 10 10 10 10 10 10 10 10 10 10 10 10 10 10 10 10 10 10 10 10 10 10 10 10 10 10 10 10 10 10 10 10 10 10 10 10 10 10 10 10 10 10 10 10 10 10 10 10 10 10 10 10 10 10 10 10 10 10 10 10 10 10 10 10 10 10 10 10 10 10 10 10 10 10 10 10 10 10 10 10 10 10 10 10 10 10 10 10 10 10 10 10 10 10 10 10 10 10 10 10 10 10 10 10 10 10 10 10 10 10 10 10 10 10 10 10 10 10 10 10 10 10 10 10 10 10 10 10 10 10 10 10 10 10 10 10 10 10 10 10 10 10 10 10 10 10 10 10 10 10 10 10 10 10 10 10 10 10 10 10 10 10 10 10 10 10 10 10 10 10 10 10 10 10 10 10 10 10 10 10 10 10 10 10 10 10 10 10 10 10 10 10 10 10 10 10 10 10 10 10 10 10 10 10 10 10 10 10 10 10 10 10 10 10 10 10 10 10 10 10 10 10 10 10 10 10 10 10 10 10 10 10 10 10 10 10 10 10 10 10 10 10 10 10 10 10 10 10 10 10 10 10 10 10 10 10 10 10 10 10 10 10 10 10 10 10 10 10 10 10 10 10 10 10 10 10 10 10 10 10 10 10 10 10 10 10 10 10 10 10 10 10 10 10 10 10 10 10 10 10 10 10 10 10 10 10 10 10 10 10 10 10 10 10 10 10 10 10 10 10 10 10 10 10 10 10 10 10 10 10 10 10 10 10 10 10 10 10 10 10 10 10 10 10 10 10 10 10 10 10 10 10 10 10 10 10 10 10 10 10 10 10 10 10 10 10 10 10 10 10 10 10 10 10 10 10 10 10 10 10 10 10 10 10 10 10 10 10 10 10 10 10 10 10 10 10 10 10 10 10 10 10 10 10 10 10 10 10 10 10 10 10 10 10 10 10 10 10 10 10 10 10 10 10 10 10 10 10 10 10 10 10 10 10 10 10 10 10 10 10 10 10 10 10 10 10 10 10 10 10 10 10 10 10 10 10 10 10 10 10 10 10 10 10 10 10 10 10 10 10 10 10 10 10 10 10 10 10 10 10 10 10 10 10 10 10 10 10 10 10 10 10 10 10 10 10 10 10 10 10 10 10 10 10 10 10 10 10 10 10 10 10 10 10 10 10 10 10 10 10 10 10 10 10 10 10 10 10 10 10 10 10 10 10 10 10 10 10 10 10 10 10 10 10 10 10 10 10 10 10 10 10 10 10 10 10 10 10 10 10 10 10 10 10 10 10 10 10 10 10 10 10 10 10 10 10 10 10 10 10 10 10 10 10 10 10 10 10 10 10 10 10 10 10 10 10 10 10 10 10 10 10 10 10 10 10 10 10 10 10 10 10 10 10 10 10 10 10 10 10 10 10 10 10 10 10 10 10 10 10 10 10 10 10 10 10 10 10 10 10 10 10 10 10 10 10 10 10 10 10 10 10 10 10 10 10 10 10 10 10 10 10 10 10 10 10 10 10 10 10 10 10 10 10 10 10 10 10 10 10 10 10 10 10 10 10 10 10 10 10 10 10 10 10 10 10 10 10 10 10 10 10 10 10 10 10 10 10 10 10 10 10 10 10 10 10 10 10 10 10 10 10 10 10 10 10 10 10 10 10 10 10 10 10 10 10 10 10 10 10 10 10 10 10 10 10 10 10 10 10 10 10 10 10 10 10 10 10 10 10 10 10 10 10 10 10 10 10 10 10 10 10 10 10 10 10 10 10 10 10 10 10 10 10 10 10 10 10 10 10 10 10 10 10 10 10 10 10 10 10 10 10 10 10 10 10 10 10 10 10 10 10 10 10 10 10 10 10 10 10 10 10 10 10 10 10 10 10 10 10 10 10 10 10 10 10 10 10 10 10 10 10 10 10 10 10 10 10 10 10 10 10 10 10 10 10 10 10 10 10 10 10 10 10 10 10 10 10 10 10 10 10 10 10 10 10 10 10 10 10 10 10 10 10 10 10 10 10 10 10 10 10 10 10 10 10 10 10 10 10 10 10 10 10 10 10 10 10 10 10 10 10 10 10 10 10 10 10 10 10 10 10 10 10 10 10 10 10 10 10 10 10 10 10 10 10 10 10 10 10 10 10 10 10 10 10 10 10 10 10 10 10 10 10 10 10 10 10 10 10 10 10 10 10 10 10 10 10 10 10 10 10 10 10 10 10 10 10 10 10 10 10 10 10 10 10 10 10 10 10 10 10 10 10 10 10 10 10 10 10 10 10 10 10 10 10 10 10 10 10 10 10 10 10 10 10 10 10 10 10 10 10 10 10 10 10 10 10 10 10 10 10 10 10 10 10 10 10 10 10 10 10 10 10 10 10 10 10 10 10 10 10 10 10 10 10 10 10 10 10 10 10 10 10 10 10 10 10 10 10 10 10 10 10 10 10 10 10 10 10 10 10 10 10 10 10 10 10 10 10 10 10 10 10 10 10 10 10 10 10 10 10 10 10 10 10 10 10 10 10 10 10 10 10 10 10 10 10 10 10 10 10 10 10 10 10 10 10 10 10 10 10 10 10 10 10 10 10 10 10 10 10 10 10 10 10 10 10 10 10 10 10 10 10 10 10 10 10 10 10 10 10 10 10 10 10 10 10 10 10 10 10 10 10 10 10 10 10 10 10 10 10 10 10 10 10 10 10 10 10 10 10 10 10 10 10 10 10 10 10 10 10 10 10 10 10 10 10 10 10 10 10 10 10 10 10 10 10 10 10 10 10 10 10 10 10 10 10 10 10 10 10 10 10 10 10 10 10 10 10 10 10 10 10 10 10 10 10 10 10 10 10 10 10 10 10 10 10 10 10 10 10 10 10 10 10 10 10 10 10 10 10 10 10 10 10 10 10 10 10 10 10 10 10 10 10 10 10 10 10 10 10 10 10 10 10 10 10 10 10 10 10 10 10 10 10 10 10 10 10 10 10 10 10 10 10 10 10 10 10 10 10 10 10 10 10 10 10 10 10 10 10 10 10 10 10 10 10 10 10 10 10 10 10 10 10 10 10 10 10 10 10 10 10 10 10 10 10 10 10 10 10 10 10 10 10 10 10 10 10 10 10 10 10 10 10 10 10 10 10 10 10 10 10 10 10 10 10 10 10 10 10 10 10 10 10 10 10 10 10 10 10 10 10 10 10 10 10 10 10 10 10 10 10 10 10 10 10 10 10 10 10 10 10 10 10 10 10 10 10 10 10 10 10 10 10 10 10 10 10 10 10 10 10 10 10 10 10 10 10 10 10 10 10 10 10 10 10 10 10 10 10 10 10 10 10 10 10 10 10 10 10 10 10 10 10 10 10 10 10 10 10 10 10 10 10 10 10 10 10 10 10 10 10 10 10 10 10 10 10 10 10 10 10 10 10 10 10 10 10 10 10 10 10 10 10 10 10 10 10 10 10 10 10 10 10 10 10 10 10 10 10 10 10 10 10 10 10 10 10 10 10 10 10 10 10 10 10 10 10 10 10 10 10 10 10 10 10 10 10 10 10 10 10 10 10 10 10 10 10 10 10 10 10 10 10 10 10 10 10 10 10 10 10 10 10 10 10 10 10 10 10 10 10 10 10 10 10 10 10 10 10 10 10 10 10 10 10 10 10 10 10 10 10 10 10 10 10 10 10 10 10 10 10 10 10 10 10 10 10 10 10 10 10 10 10 10 10 10 10 10 10 10 10 10 10 10 10 10 10 10 10 10 10 10 10 10 10 10 10 10 10 10 10 10 10 10 10 10 10 10 10 10 10 10 10 10 10 10 10 10 10 10 10 10 10 10 10 10 10 10 10 10 10 10 10 10 10 10 10 10 10 10 10 10 10 10 10 10 10 10 10 10 10 10 10 10 10 10 10 10 10 10 10 10 10 10 10 10 10 10 10 10 10 10 10 10 10 10 10 10 10 10 10 10 10 10 10 10 10 10 10 10 10 10 10 10 10 10 10 10 10 10 10 10 10 10 10 10 10 10 10 10 10 10 10 10 10 10 10 10 10 10 10 10 10 10 10 10 10 10 10 10 10 10 10 10 10 10 10 10 10 10 10 10 10 10 10 10 10 10 10 10 10 10 10 10 10 10 10 10 10 10 10 10 10 10 10 10 10 10 10 10 10 10 10 10 10 10 10 10 10 10 10 10 10 10 10 10 10 10 10 10 10 10 10 10 10 10 10 10 10 10 10 10 10 10 10 10 10 10 10 10 10 10 10 10 10 10 10 10 10 10 10 10 10 10 10 10 10 10 10 10 10 10 10 10 10 10 10 10 10 10 10 10 10 10 10 10 10 10 10 10 10 10 10 10 10 10 10 10 10 10 10 10 10 10 10 10 10 10 10 10 10 10 10 10 10 10 10 10 10 10 10 10 10 10 10 10 10 10 10 10 10 10 10 10 10 10 10 10 10 10 10 10 10 10 10 10 10 10 10 10 10 10 10 10 10 10 10 10 10 10 10 10 10 10 10 10 10 10 10 10 10 10 10 10 10 10 10 10 10 10 10 10 10 10 10 10 10 10 10 10 10 10 10 10 10 10 10 10 10 10 10 10 10 10 10 10 10 10 10 10 10 10 10 10 10 10 10 10 10 10 10 10 10 10 10 10 10 10 10 10 10 10 10 10 10 10 10 10 10 10 10 10 10 10 10 10 10 10 10 10 10 10 10 10 10 10 10 10 10 10 10 10 10 10 10 10 10 10 10 10 10 10 10 10 10 10 10 10 10 10 10 10 10 10 10 10 10 10 10 10 10 10 10 10 10 10 10 10 10 10 10 10 10 10 10 10 10 10 10 10 10 10 10 10 10 10 10 10 10 10 10 10 10 10 10 10 10 10 10 10 10 10 10 10 10 10 10 10 10 10 10 10 10 10 10 10 10 10 10 10 10 10 10 10 10 10 10 10 10 10 10 10 10 10 10 10 10 10 10 10 10 10 10 10 10 10 10 10 10 10 10 10 10 10 10 10 10 10 10 10 10 10 10 10 10 10 10 10 10 10 10 10 10 10 10 10 10 10 10 10 10 10 10 10 10 10 10 10 10 10 10 10 10 10 10 10 10 10 10 10 10 10 10 10 10 10 10 10 10 10 10 10 10 10 10 10 10 10 10 10 10 10 10 10 10 10 10 10 10 10 10 10 10 10 10 10 10 10 10 10 10 10 10 10 10 10 10 10 10 10 10 10 10 10 10 10 10 10 10 10 10 10 10 10 10 10 10 10 10 10 10 10 10 10 10 10 10 10 10 10 10 10 10 10 10 10 10 10 10 10 10 10 10 10 10 10 10 10 10 10 10 10 10 10 10 10 10 10 10 10 10 10 10 10 10 10 10 10 10 10 10 10 10 10 10 10 10 10 10 10 10 10 10 10 10 10 10 10 10 10 10 10 10 10 10 10 10 10 10 10 10 10 10 10 10 10 10 10 10 10 10 10 10 10 10 10 10 10 10 10 10 10 10 10 10 10 10 10 10 10 10 10 10 10 10 10 10 10 10 10 10 10 10 10 10 10 10 10 10 10 10 10 10 10 10 10 10 10 10 10 10 10 10 10 10 10 10 10 10 10 10 10 10 10 10 10 10 10 10 10 10 10 10 10 10 10 10 10 10 10 10 10 10 10 10 10 10 10 10 10 10 10 10 10 10 10 10 10 10 10 10 10 10 10 10 10 10 10 10 10 10 10 10 10 10 10 10 10 10 10 10 10 10 10 10 10 10 10 10 10 10 10 10 10 10 10 10 10 10 10 10 10 10 10 10 10 10 10 10 10 10 10 10 10 10 10 10 10 10 10 10 10 10 10 10 10 10 10 10 10 10 10 10 10 10 10 10 10 10 10 10 10 10 10 10 10 10 10 10 10 10 10 10 10 10 10 10 10 10 10 10 10 10 10 10 10 10 10 10 10 10 10 10 10 10 10 10 10 10 10 10 10 10 10 10 10 10 10 10 10 10 10 10 10 10 10 10 10 10 10 10 10 10 10 10 10 10 10 10 10 10 10 10 10 10 10 10 10 10 10 10 10 10 10 10 10 10 10 10 10 10 10 10 10 10 10 10 10 10 10 10 10 10 10 10 10 10 10 10 10 10 10 10 10 10 10 10 10 10 10 10 10 10 10 10 10 10 10 10 10 10 10 10 10 10 10 10 10 10 10 10 10 10 10 10 10 10 10 10 10 10 10 10 10 10 10 10 10 10 10 10 10 10 10 10 10 10 10 10 10 10 10 10 10 10 10 10 10 10 10 10 10 10 10 10 10 10 10 10 10 10 10 10 10 10 10 10 10 10 10 10 10 10 10 10 10 10 10 10 10 10 10 10 10 10 10 10 10 10 10 10 10 10 10 10 10 10 10 10 10 10 10 10 10 10 10 10 10 10 10 10 10 10 10 10 10 10 10 10 10 10 10 10 10 10 10 10 10 10 10 10 10 10 10 10 10 10 10 10 10 10 10 10 10 10 10 10 10 10 10 10 10 10 10 10 10 10 10 10 10 10 10 10 10 10 10 10 10 10 10 10 10 10 10 10 10 10 10 10 10 10 10 10 10 10 10 10 10 10 10 10 10 10 10 10 10 10 10 10 10 10 10 10 10 10 10 10 10 10 10 10 10 10 10 10 10 10 10 10 10 10 10 10 10 10 10 10 10 10 10 10 10 10 10 10 10 10 10 10 10 10 10 10 10 10 10 10 10 10 10 10 10 10 10 10 10 10 10 10 
        </DataArray>
      </Cells>
      <PointData Scalars="value">
        <DataArray type="Float64" Name="value" format="ascii">
          0.0 0.000000 -0.000000 0.000000 -0.000000 -0.000003 0.000000 -0.000003 -0.000003 0.000001 0.000021 -0.000000 0.000001 -0.000000 -0.000093 -0.000000 -0.000086 0.000000 0.000004 0.000003 0.000001 -0.000002 0.000002 -0.000001 0.000001 -0.000002 0.000000 0.000002 0.000001 -0.000001 0.000001 -0.000001 0.000000 -0.000002 0.000000 0.000000 -0.000000 -0.000001 -0.000001 -0.000001 0.000000 0.000001 -0.000000 0.000002 0.000001 0.000001 0.000001 0.000000 0.000013 0.000000 0.000001 0.000001 -0.000000 0.000001 -0.000000 0.000001 0.000000 0.000001 0.000003 -0.000003 0.000001 0.000000 0.000001 0.000000 0.000000 -0.000001 -0.000000 -0.000001 0.000000 -0.000000 -0.000001 -0.000002 -0.000003 0.000001 -0.000000 0.000002 -0.000002 0.000000 -0.000000 0.000001 0.000000 0.000002 0.000001 0.000001 0.000000 0.000001 0.000001 -0.000003 0.000003 -0.000000 0.000001 0.000002 -0.000000 0.000001 -0.000000 -0.000006 0.000001 0.000011 0.000001 -0.000004 -0.000003 -0.000000 0.000002 -0.000000 0.000004 0.000002 -0.000001 -0.000003 0.000001 -0.000000 -0.000003 0.000005 0.000015 0.000000 0.000002 0.000001 0.000008 -0.000000 0.000002 -0.000000 -0.000000 0.000001 -0.000001 0.000001 -0.000002 0.000001 -0.000002 -0.000002 0.000001 -0.000000 0.000001 -0.000002 -0.000000 -0.000097 -0.000005 0.000001 -0.000001 0.000000 0.000000 0.000001 0.000002 -0.000000 -0.000002 -0.000001 0.000001 -0.000000 -0.000000 -0.000002 0.000003 -0.000000 0.000002 0.000001 -0.000000 -0.000000 0.000002 -0.000001 -0.000001 -0.000001 -0.000001 -0.000001 0.000002 0.000006 -0.000001 0.000001 0.000000 -0.000000 -0.000004 -0.000000 0.000000 -0.000003 -0.000003 -0.000002 0.000003 0.000001 0.000001 -0.000006 -0.000000 0.000000 0.000001 0.000001 -0.000000 -0.000000 -0.000001 -0.000007 -0.000000 -0.000006 -0.000004 0.000003 -0.000007 -0.000002 0.000001 0.000000 -0.000009 -0.000000 -0.000002 0.000002 0.000002 0.000182 -0.000000 -0.000003 0.000000 -0.000000 0.000000 -0.000000 0.000001 -0.000001 0.000001 0.000002 -0.000000 0.000008 -0.000000 0.000003 -0.000005 0.000001 0.000001 -0.000003 0.000011 0.000001 -0.000000 -0.000001 -0.000003 0.000002 -0.000003 0.000004 -0.000002 0.000001 0.000002 0.000001 -0.000004 -0.000001 -0.000002 0.000000 0.000001 -0.000000 0.000000 0.000047 0.000001 0.000004 -0.000001 0.000001 0.000001 0.000000 -0.000004 0.000001 0.000000 0.000001 -0.000000 0.000001 -0.000001 0.000001 0.000003 -0.000000 -0.000002 -0.000001 -0.000000 0.000001 0.000026 0.000001 -0.000002 -0.000000 0.000000 0.000001 -0.000005 -0.000001 0.000004 -0.000007 0.000003 0.000006 0.000002 -0.000003 0.000000 -0.000002 -0.000003 -0.000003 -0.000004 0.000001 -0.000000 -0.000006 0.000001 -0.000004 0.000001 -0.000000 0.000002 0.000001 -0.000000 0.000002 0.000003 0.000000 -0.000000 0.000000 -0.000007 0.000003 -0.000003 -0.000006 0.000011 -0.000004 0.000001 -0.000001 -0.000001 -0.000001 0.000001 0.000001 -0.000000 0.000002 -0.000000 0.000001 0.000001 0.000002 -0.000013 -0.000001 -0.000008 0.000002 0.000001 0.000001 0.000005 0.000001 0.000002 -0.000000 0.000001 -0.000001 0.000000 -0.000001 0.000001 0.000001 -0.000003 0.000001 -0.000005 -0.000001 -0.000002 0.000001 -0.000001 -0.000001 -0.000000 0.000000 0.000003 -0.000000 -0.000000 -0.000001 -0.000004 -0.000011 0.000003 -0.000001 0.000001 0.000001 0.000002 0.000005 0.000006 0.000001 -0.000001 0.000019 -0.000001 0.000002 -0.000001 0.000001 0.000001 -0.000006 0.000002 -0.000035 -0.000000 -0.000000 0.000076 0.000001 -0.000001 0.000001 -0.000004 -0.000001 0.000001 -0.000003 0.000003 -0.000000 0.000002 -0.000003 -0.000001 0.000001 -0.000001 0.000002 0.000004 0.000001 0.000001 0.000001 0.000001 -0.000000 0.000007 -0.000002 -0.000001 0.000000 0.000001 0.000001 -0.000001 0.000175 0.000001 -0.000041 -0.000001 -0.000002 -0.000004 -0.000001 0.000002 -0.000000 0.000007 0.000015 -0.000001 0.000001 -0.000001 0.000002 -0.000000 0.000001 0.000001 0.000002 -0.000002 -0.000001 0.000001 -0.000001 -0.000007 -0.000006 0.000002 -0.000013 -0.000005 0.000001 0.000000 -0.000004 -0.000001 -0.000000 -0.000003 0.000000 0.000002 -0.000008 0.000001 -0.000002 -0.000004 0.000000 0.000001 -0.000000 0.000001 0.000002 0.000001 0.000001 -0.000002 0.000000 -0.000000 -0.000004 0.000001 -0.000002 0.000003 -0.000001 -0.000001 0.000003 -0.000002 -0.000000 -0.000002 -0.000005 -0.000000 -0.000002 0.000126 -0.000001 0.000002 -0.000064 -0.000007 0.000001 0.000001 -0.000000 0.000000 -0.000000 0.000000 -0.000002 0.000001 0.000001 -0.000000 -0.000001 0.000001 -0.000000 -0.000000 0.000003 -0.000027 0.000000 -0.000001 0.000001 0.000000 -0.000002 -0.000002 -0.000003 0.000001 -0.000002 -0.000000 0.000001 0.000003 0.000054 -0.000012 -0.000002 -0.000004 0.000002 -0.000004 -0.000000 0.000000 0.000001 0.000000 0.000000 -0.000003 0.000001 0.000001 -0.000000 -0.000000 0.000002 -0.000003 -0.000003 -0.000002 0.000000 0.000002 -0.000011 -0.000003 0.000001 -0.000000 0.000000 -0.000000 0.000002 0.000000 0.000003 -0.000002 -0.000014 -0.000001 -0.000000 -0.000001 0.000001 0.000002 -0.000000 0.000001 -0.000003 0.000000 -0.000000 -0.000002 -0.000006 0.000000 0.000002 0.000002 -0.000000 0.000001 0.000001 -0.000002 0.000000 -0.000008 0.000001 -0.000000 -0.000000 0.000002 0.000001 0.000002 0.000000 0.000001 -0.000001 -0.000005 0.000001 0.000005 -0.000000 -0.000000 -0.000001 -0.000000 -0.000000 -0.000002 0.000001 -0.000002 -0.000003 0.000001 -0.000000 -0.000000 -0.000004 -0.000001 0.000001 0.000003 -0.000004 0.000001 -0.000004 -0.000001 -0.000001 -0.000003 0.000001 0.000003 -0.000000 -0.000001 -0.000004 -0.000001 -0.000001 0.000001 -0.000009 -0.000002 -0.000006 0.000001 0.000000 -0.000002 -0.000000 0.000001 0.000001 0.000002 0.000001 -0.000002 -0.000004 0.000005 0.000001 -0.000006 0.000000 0.000030 0.000001 -0.000001 -0.000000 -0.000000 0.000001 0.000002 -0.000005 0.000005 -0.000001 0.000018 0.000001 -0.000001 -0.000000 0.000001 -0.000002 -0.000001 -0.000009 0.000001 -0.000001 0.000002 0.000001 0.000001 0.000001 0.000001 0.000000 0.000000 0.000000 0.000000 -0.000000 0.000002 0.000000 -0.000001 -0.000005 0.000002 -0.000001 0.000000 -0.000000 0.000000 -0.000004 0.000000 -0.000000 -0.000000 0.000002 0.000001 0.000001 -0.000001 -0.000000 -0.000003 -0.000007 0.000001 -0.000001 0.000003 0.000002 0.000002 -0.000000 0.000001 -0.000003 0.000001 -0.000000 -0.000000 -0.000001 -0.000001 -0.000003 0.000001 -0.000001 0.000000 -0.000001 0.000001 0.000000 -0.000001 -0.000000 -0.000003 -0.000001 -0.000000 -0.000000 0.000000 0.000001 0.000001 -0.000003 -0.000001 -0.000007 0.000001 -0.000000 0.000001 0.000000 -0.000001 -0.000003 -0.000000 0.000003 0.000001 0.000002 -0.000005 0.000031 -0.000001 0.000001 -0.000001 -0.000001 0.000001 0.000001 -0.000000 0.000001 0.000001 -0.000000 -0.000001 -0.000006 -0.000001 0.000001 0.000001 0.000002 0.000001 0.000002 -0.000014 -0.000002 -0.000003 0.000001 0.000000 0.000001 0.000000 -0.000004 0.000003 -0.000002 0.000002 -0.000001 -0.000001 -0.000004 0.000002 -0.000001 0.000000 -0.000000 -0.000000 0.000001 -0.000001 -0.000002 -0.000001 0.000000 -0.000000 -0.000001 0.000002 -0.000003 0.000001 -0.000000 -0.000000 0.000002 -0.000002 0.000001 0.000001 -0.000001 -0.000001 0.000002 -0.000006 0.000001 0.000001 0.000002 -0.000004 -0.000001 -0.000011 0.000001 -0.000000 0.000006 -0.000000 0.000001 -0.000002 -0.000004 0.000001 0.000002 -0.000002 0.000001 -0.000006 -0.000000 0.000000 0.000002 0.000001 -0.000001 -0.000000 0.000002 0.000001 0.000001 -0.000001 -0.000004 -0.000005 -0.000004 -0.000002 0.000001 -0.000002 -0.000001 -0.000001 -0.000002 0.000002 -0.000001 -0.000007 0.000000 0.000001 -0.000003 -0.000007 -0.000003 0.000002 -0.000003 -0.000003 0.000001 -0.000000 -0.000002 0.000002 0.000001 -0.000003 -0.000004 -0.000000 0.000001 0.000001 -0.000001 0.000000 0.000003 0.000001 -0.000000 0.000001 -0.000004 -0.000000 -0.000000 -0.000000 -0.000002 -0.000000 0.000001 0.000000 0.000000 -0.000001 -0.000001 0.000001 0.000002 0.000036 -0.000000 -0.000005 0.000003 0.000002 -0.000001 -0.000001 0.000001 0.000001 -0.000003 -0.000005 0.000001 -0.000004 -0.000001 -0.000001 0.000001 -0.000087 0.000000 -0.000007 -0.000004 -0.000000 -0.000000 0.000004 -0.000005 -0.000005 -0.000000 0.000000 -0.000000 -0.000000 -0.000008 0.000000 0.000000 0.000000 -0.000000 0.000001 -0.000004 0.000001 -0.000000 0.000001 0.000003 -0.000007 -0.000001 0.000003 -0.000004 0.000001 0.000003 -0.000000 0.000001 0.000003 0.000001 -0.000000 -0.000002 0.000000 -0.000006 -0.000006 0.000001 0.000085 0.000001 0.000001 -0.000002 -0.000001 -0.000001 0.000002 0.000001 -0.000002 -0.000001 -0.000001 0.000002 0.000000 -0.000000 -0.000000 0.000002 0.000000 -0.000000 0.000002 -0.000003 0.000001 0.000001 0.000001 0.000001 0.000001 0.000000 0.000002 -0.000002 -0.000002 0.000000 -0.000002 0.000001 -0.000000 0.000002 -0.000001 0.000001 0.000002 0.000000 -0.000000 0.000003 -0.000000 0.000002 0.000001 0.000001 0.000001 -0.000008 0.000001 0.000001 -0.000003 -0.000001 0.000002 -0.000005 -0.000004 -0.000000 0.000001 -0.000000 0.000002 0.000001 -0.000009 0.000003 0.000001 -0.000004 0.000000 0.000000 0.000002 0.000001 0.000000 0.000002 0.000001 -0.000004 0.000003 0.000003 -0.000003 0.000002 -0.000000 -0.000002 -0.000007 -0.000010 0.000001 0.000000 0.000000 0.000001 -0.000003 0.000001 0.000001 0.000002 0.000000 -0.000002 0.000091 0.000018 0.000001 0.000001 0.000001 0.000003 -0.000001 -0.000000 -0.000003 -0.000001 0.000002 0.000001 -0.000001 0.000001 0.000001 0.000004 -0.000000 -0.000001 -0.000003 -0.000000 0.000001 -0.000001 0.000001 0.000001 0.000001 0.000002 -0.000002 -0.000002 0.000002 0.000001 -0.000006 -0.000001 -0.000001 -0.000000 0.000000 0.000002 -0.000000 0.000001 -0.000001 -0.000001 -0.000000 -0.000002 -0.000000 -0.000002 -0.000001 -0.000002 0.000001 -0.000001 0.000003 0.000008 0.000002 0.000000 0.000000 0.000001 -0.000000 -0.000003 0.000002 -0.000000 0.000002 -0.000002 0.000001 -0.000001 -0.000001 0.000062 0.000003 -0.000001 -0.000005 -0.000005 0.000001 -0.000000 0.000002 0.000001 0.000001 -0.000000 0.000005 0.000000 -0.000001 0.000000 0.000003 0.000001 0.000002 -0.000000 -0.000005 0.000001 0.000041 0.000001 -0.000001 -0.000002 -0.000005 -0.000000 -0.000001 -0.000001 -0.000001 0.000003 -0.000003 -0.000006 -0.000005 -0.000002 0.000001 -0.000001 -0.000004 -0.000000 0.000003 -0.000009 -0.000000 -0.000001 0.000002 0.000001 0.000001 0.000002 0.000002 -0.000003 -0.000008 0.000001 0.000003 -0.000000 0.000001 -0.000001 -0.000007 0.000001 0.000001 -0.000002 0.000001 0.000000 0.000008 -0.000002 0.000003 -0.000001 -0.000001 0.000001 -0.000001 0.000001 0.000003 -0.000003 -0.000003 0.000003 0.000002 0.000000 0.000002 -0.000000 0.000001 0.000000 0.000002 0.000001 0.000001 -0.000001 -0.000001 -0.000009 -0.000000 -0.000003 -0.000004 -0.000001 0.000001 0.000001 -0.000002 0.000003 0.000000 -0.000000 0.000002 0.000000 0.000002 -0.000000 0.000001 0.000002 0.000002 0.000001 0.000001 -0.000001 -0.000002 -0.000000 0.000000 0.000002 -0.000001 0.000000 0.000004 -0.000000 0.000003 -0.000004 -0.000001 0.000002 0.000002 -0.000000 -0.000004 -0.000000 0.000000 -0.000005 0.000002 0.000002 -0.000003 -0.000002 -0.000008 0.000001 0.000001 -0.000000 -0.000000 -0.000000 0.000001 -0.000001 -0.000001 -0.000002 -0.000000 0.000006 0.000002 -0.000007 0.000003 0.000003 0.000001 -0.000002 -0.000004 -0.000003 -0.000004 0.000002 0.000000 -0.000004 -0.000003 0.000001 -0.000009 0.000028 0.000001 0.000003 -0.000005 -0.000002 0.000002 0.000000 0.000001 -0.000000 -0.000001 0.000001 0.000001 0.000008 0.000003 0.000001 0.000016 0.000002 -0.000011 0.000000 0.000001 -0.000000 0.000001 0.000050 0.000002 -0.000005 0.000000 -0.000000 -0.000001 -0.000002 -0.000001 -0.000002 -0.000010 0.000001 0.000001 -0.000000 -0.000002 -0.000000 0.000003 -0.000006 0.000001 0.000003 0.000000 -0.000002 -0.000004 0.000000 -0.000002 -0.000000 0.000001 -0.000006 -0.000001 -0.000000 0.000001 -0.000001 0.000001 -0.000000 -0.000002 0.000001 0.000001 0.000002 0.000000 0.000001 -0.000000 -0.000001 0.000001 0.000000 0.000000 0.000000 -0.000000 0.000001 -0.000004 -0.000000 -0.000001 0.000002 -0.000001 -0.000000 -0.000000 -0.000002 -0.000001 0.000000 -0.000006 0.000001 0.000004 0.000000 -0.000001 0.000002 0.000001 -0.000005 -0.000001 -0.000002 0.000001 -0.000001 -0.000006 0.000001 -0.000000 0.000001 0.000002 -0.000002 0.000002 -0.000002 -0.000005 -0.000000 0.000004 0.000001 -0.000002 -0.000001 -0.000000 0.000001 -0.000000 -0.000001 0.000002 0.000000 -0.000002 0.000001 -0.000001 0.000001 0.000002 0.000000 -0.000002 -0.000002 0.000002 0.000003 -0.000000 0.000000 0.000002 -0.000003 0.000001 0.000001 0.000000 0.000001 -0.000006 0.000002 0.000003 -0.000001 0.000001 0.000001 -0.000003 -0.000002 -0.000006 0.000002 -0.000001 -0.000001 -0.000004 -0.000000 -0.000002 -0.000000 0.000001 0.000001 -0.000003 0.000001 0.000001 0.000001 -0.000004 -0.000000 0.000001 0.000001 0.000001 -0.000000 0.000000 -0.000004 -0.000000 0.000001 -0.000006 0.000003 0.000001 -0.000000 0.000001 0.000001 -0.000001 -0.000002 0.000001 -0.000001 -0.000001 -0.000008 0.000002 -0.000000 0.000010 -0.000007 -0.000003 -0.000000 0.000000 -0.000001 0.000002 0.000001 -0.000006 -0.000001 -0.000003 0.000001 -0.000002 0.000004 -0.000002 -0.000000 0.000001 0.000009 0.000001 0.000000 0.000002 -0.000000 -0.000000 0.000092 0.000002 0.000000 -0.000001 -0.000003 -0.000001 -0.000000 0.000004 0.000001 -0.000001 0.000003 0.000001 -0.000000 -0.000002 0.000001 -0.000001 -0.000005 0.000002 -0.000000 -0.000000 0.000002 0.000004 -0.000001 -0.000001 0.000001 -0.000001 0.000002 -0.000003 -0.000002 0.000002 0.000000 0.000001 0.000190 -0.000001 -0.000000 -0.000004 0.000001 0.000005 -0.000000 -0.000000 0.000002 -0.000001 -0.000001 -0.000015 -0.000001 0.000003 -0.000000 0.000002 -0.000000 -0.000000 0.000001 0.000001 0.000002 0.000001 -0.000001 -0.000000 -0.000002 0.000001 0.000003 -0.000003 0.000001 -0.000000 -0.000000 0.000001 -0.000001 -0.000000 0.000000 0.000002 0.000001 0.000011 -0.000001 0.000001 -0.000002 0.000002 0.000002 0.000001 0.000000 0.000029 -0.000001 -0.000002 -0.000005 -0.000008 0.000002 -0.000002 -0.000000 0.000001 -0.000001 -0.000001 0.000004 -0.000000 0.000000 -0.000002 -0.000001 0.000000 0.000000 -0.000001 0.000001 -0.000001 0.000002 -0.000003 0.000001 -0.000012 -0.000002 -0.000001 -0.000003 0.000002 -0.000002 0.000001 -0.000005 0.000001 0.000003 0.000001 0.000002 0.000001 0.000001 -0.000013 0.000000 -0.000023 0.000042 0.000001 -0.000002 -0.000001 -0.000002 0.000002 0.000001 -0.000003 0.000001 0.000019 -0.000000 0.000001 -0.000000 -0.000004 0.000002 -0.000000 -0.000006 0.000001 -0.000004 -0.000000 -0.000020 -0.000000 -0.000002 0.000002 0.000002 -0.000002 -0.000008 -0.000003 -0.000000 -0.000001 -0.000001 -0.000004 -0.000000 0.000005 0.000002 -0.000001 -0.000001 0.000003 -0.000001 -0.000000 -0.000001 -0.000000 -0.000004 0.000005 -0.000007 0.000001 0.000002 0.000000 -0.000003 -0.000001 -0.000002 -0.000005 0.000001 0.000001 0.000003 0.000001 -0.000001 0.000001 -0.000001 0.000002 0.000001 0.000001 0.000002 0.000000 -0.000003 0.000043 0.000001 -0.000000 0.000002 0.000000 0.000002 0.000001 -0.000000 0.000001 -0.000001 0.000002 -0.000043 0.000001 -0.000005 -0.000003 0.000001 0.000000 -0.000002 -0.000000 -0.000002 0.000009 -0.000000 0.000002 0.000001 0.000000 0.000003 0.000001 -0.000008 0.000002 0.000001 0.000000 0.000001 -0.000000 -0.000001 -0.000001 -0.000000 0.000002 0.000002 -0.000001 -0.000000 -0.000000 0.000001 -0.000000 -0.000001 0.000001 -0.000001 0.000005 0.000052 -0.000001 0.000001 0.000000 0.000001 0.000001 0.000001 0.000002 -0.000001 0.000003 0.000000 0.000001 -0.000001 0.000001 0.000001 -0.000000 -0.000001 0.000001 -0.000001 0.000001 0.000001 -0.000025 -0.000000 -0.000003 0.000002 0.000002 -0.000003 0.000001 0.000003 0.000001 0.000006 0.000000 -0.000000 -0.000001 0.000001 -0.000006 0.000001 0.000000 -0.000003 0.000001 -0.000005 -0.000004 -0.000001 0.000002 0.000001 0.000003 0.000002 0.000003 0.000000 0.000000 0.000000 0.000076 0.000001 -0.000001 -0.000002 0.000001 0.000002 -0.000000 -0.000000 -0.000000 0.000002 0.000001 0.000001 0.000001 0.000018 -0.000000 0.000001 -0.000003 0.000002 0.000000 0.000002 -0.000000 0.000003 0.000002 -0.000004 -0.000002 0.000001 -0.000031 -0.000003 0.000001 0.000001 -0.000000 -0.000000 -0.000001 0.000000 -0.000001 -0.000000 0.000074 0.000001 -0.000015 0.000000 0.000001 0.000001 0.000000 0.000001 0.000002 0.000000 -0.000010 -0.000025 0.000001 0.000001 0.000000 0.000000 0.000000 -0.000003 0.000027 0.000000 0.000000 -0.000003 -0.000021 -0.000007 -0.000003 -0.000003 0.000001 0.000001 -0.000002 0.000000 0.000002 -0.000002 0.000001 0.000002 -0.000004 0.000170 -0.000003 0.000001 -0.000000 -0.000001 0.000001 0.000002 -0.000001 0.000004 0.000002 0.000002 -0.000000 0.000001 0.000001 -0.000005 -0.000008 -0.000001 -0.000000 0.000002 -0.000001 -0.000000 -0.000001 0.000000 -0.000000 0.000003 -0.000004 -0.000003 0.000001 0.000003 -0.000001 -0.000000 0.000003 -0.000002 0.000002 -0.000000 -0.000001 0.000000 0.000000 -0.000007 -0.000003 -0.000000 -0.000002 -0.000001 -0.000002 0.000001 -0.000003 0.000001 0.000021 -0.000001 0.000001 -0.000006 -0.000004 0.000086 0.000003 -0.000005 0.000003 0.000002 -0.000006 -0.000000 -0.000001 -0.000002 -0.000004 -0.000001 0.000001 0.000001 0.000053 0.000034 -0.000008 -0.000005 -0.000000 0.000004 0.000001 -0.000001 0.000001 -0.000002 -0.000000 -0.000002 0.000002 -0.000000 -0.000001 -0.000003 -0.000002 0.000001 -0.000000 -0.000029 0.000001 0.000003 -0.000005 -0.000002 -0.000000 -0.000003 0.000001 0.000001 0.000001 0.000034 0.000001 -0.000000 0.000001 -0.000000 0.000001 -0.000001 -0.000000 0.000001 -0.000000 -0.000000 -0.000000 0.000002 -0.000002 -0.000000 0.000001 0.000002 -0.000001 0.000002 0.000017 0.000030 -0.000001 0.000002 0.000002 -0.000000 -0.000000 -0.000000 -0.000003 0.000002 0.000002 -0.000000 -0.000006 -0.000005 0.000002 -0.000003 0.000019 0.000001 0.000002 0.000000 0.000003 -0.000002 0.000000 0.000001 -0.000001 -0.000000 -0.000031 0.000000 0.000028 0.000001 0.000002 0.000000 -0.000000 -0.000005 0.000002 -0.000004 0.000001 -0.000002 0.000001 0.000002 -0.000008 0.000009 0.000001 0.000001 -0.000000 -0.000004 0.000000 0.000001 0.000002 -0.000001 0.000001 -0.000002 -0.000001 -0.000003 0.000002 0.000001 -0.000001 0.000002 -0.000002 -0.000001 0.000001 0.000000 -0.000000 0.000001 -0.000001 0.000000 -0.000002 -0.000003 -0.000001 -0.000066 0.000002 0.000000 0.000002 0.000002 0.000000 0.000001 -0.000003 0.000002 0.000000 0.000002 0.000001 -0.000002 0.000001 -0.000002 0.000001 -0.000001 -0.000000 -0.000000 0.000000 0.000002 -0.000000 0.000001 -0.000003 0.000001 0.000001 0.000000 -0.000002 -0.000003 0.000015 -0.000003 0.000002 0.000001 0.000001 0.000002 0.000002 -0.000000 0.000001 -0.000000 0.000001 -0.000000 -0.000003 0.000001 -0.000004 -0.000000 0.000000 0.000001 0.000009 -0.000000 0.000000 0.000002 0.000000 0.000000 0.000002 0.000002 -0.000000 0.000002 -0.000005 0.000000 0.000001 -0.000000 0.000001 -0.000000 0.000001 -0.000000 -0.000001 -0.000000 0.000002 -0.000001 -0.000002 0.000003 0.000002 0.000001 0.000000 0.000001 0.000000 0.000000 0.000003 -0.000001 0.000022 -0.000005 0.000001 -0.000001 -0.000002 0.000000 -0.000000 0.000000 -0.000002 0.000003 0.000002 0.000009 -0.000000 0.000004 0.000001 -0.000024 0.000000 -0.000003 0.000001 0.000003 0.000002 -0.000003 0.000001 -0.000001 -0.000002 0.000001 0.000001 -0.000001 -0.000000 0.000000 0.000002 0.000000 -0.000005 -0.000001 -0.000000 0.000001 0.000001 0.000002 -0.000001 -0.000002 -0.000001 -0.000030 0.000001 0.000001 0.000001 0.000054 0.000003 0.000001 0.000002 -0.000000 -0.000003 0.000002 0.000000 -0.000001 -0.000000 0.000000 0.000001 -0.000022 0.000002 0.000001 -0.000000 -0.000002 -0.000001 -0.000004 -0.000004 0.000001 0.000000 -0.000004 -0.000001 -0.000003 -0.000001 -0.000002 -0.000002 0.000001 0.000001 0.000001 -0.000001 0.000002 -0.000000 0.000001 -0.000002 0.000002 -0.000000 -0.000004 -0.000002 -0.000001 -0.000001 0.000000 -0.000004 -0.000001 -0.000000 0.000001 -0.000003 0.000001 -0.000000 0.000122 -0.000001 0.000001 -0.000000 -0.000000 0.000001 -0.000002 0.000000 -0.000006 -0.000003 0.000004 0.000000 -0.000000 0.000001 -0.000004 0.000008 -0.000005 -0.000002 0.000000 -0.000000 -0.000006 -0.000000 -0.000003 0.000001 -0.000000 0.000002 -0.000001 -0.000002 0.000061 0.000085 0.000001 -0.000003 -0.000000 -0.000003 -0.000002 0.000001 -0.000002 -0.000000 -0.000001 0.000000 0.000002 0.000003 -0.000001 -0.000000 0.000000 0.000001 0.000000 -0.000011 0.000001 0.000002 0.000010 -0.000052 0.000002 -0.000001 -0.000005 -0.000000 -0.000003 -0.000000 0.000001 -0.000002 0.000001 0.000001 0.000001 -0.000001 -0.000002 0.000003 -0.000002 0.000043 0.000001 -0.000001 0.000002 0.000003 -0.000002 0.000001 0.000002 0.000001 0.000001 0.000002 -0.000007 -0.000000 0.000002 -0.000000 -0.000002 -0.000005 -0.000005 0.000001 -0.000001 -0.000004 
        </DataArray>
      </PointData>
    </Piece>
  </UnstructuredGrid>
</VTKFile>
