$MeshFormat
4.1 0 8
$EndMeshFormat
$PhysicalNames
11
2 1 "Bnd 0"
2 2 "Bnd 1"
2 3 "Bnd 2"
2 4 "Bnd 3"
2 5 "Itf 4"
2 6 "Itf 5"
2 7 "Bnd 6"
2 8 "Bnd 7"
3 1 "Dom 0"
3 2 "Dom 1"
3 3 "Dom 2"
$EndPhysicalNames
$Entities
32 52 24 3
1 0 0 0 0 
2 0 0.5 0 0 
3 1.5 0 0 0 
4 1.5 0.5 0 0 
5 1.5 0 0.5 0 
6 1.5 0.5 0.5 0 
7 2 0 0.5 0 
8 2 0.5 0.5 0 
9 2 0 0 0 
10 2 0.5 0 0 
11 3.5 0 0 0 
12 3.5 0.5 0 0 
13 3.5 0 0.5 0 
14 3.5 0.5 0.5 0 
15 2.5 0 0.5 0 
16 2.5 0.5 0.5 0 
17 2.5 0 1 0 
18 2.5 0.5 1 0 
19 1 0 1 0 
20 1 0.5 1 0 
21 1 0 0.5 0 
22 1 0.5 0.5 0 
23 0 0 0.5 0 
24 0 0.5 0.5 0 
25 3.5 0 -0.5 0 
26 3.5 0.5 -0.5 0 
27 0 0 -0.5 0 
28 0 0.5 -0.5 0 
29 3.5 0 1.5 0 
30 3.5 0.5 1.5 0 
31 0 0 1.5 0 
32 0 0.5 1.5 0 
1 -1e-07 -9.999999997511999e-08 -1e-07 1e-07 0.5000000999999999 1e-07 0 2 1 -2 
2 1.4999999 -9.999999997511999e-08 -1e-07 1.5000001 0.5000000999999999 1e-07 0 2 3 -4 
3 -9.999999994736442e-08 -1e-07 -1e-07 1.5000001 1e-07 1e-07 0 2 1 -3 
4 -9.999999994736442e-08 0.4999999 -1e-07 1.5000001 0.5000000999999999 1e-07 0 2 2 -4 
5 1.4999999 -9.999999997511999e-08 0.4999999 1.5000001 0.5000000999999999 0.5000000999999999 0 2 5 -6 
6 1.4999999 -1e-07 -9.999999997511999e-08 1.5000001 1e-07 0.5000000999999999 0 2 3 -5 
7 1.4999999 0.4999999 -9.999999997511999e-08 1.5000001 0.5000000999999999 0.5000000999999999 0 2 4 -6 
8 1.9999999 -9.999999997511999e-08 0.4999999 2.0000001 0.5000000999999999 0.5000000999999999 0 2 7 -8 
9 1.4999999 -1e-07 0.4999999 2.0000001 1e-07 0.5000000999999999 0 2 5 -7 
10 1.4999999 0.4999999 0.4999999 2.0000001 0.5000000999999999 0.5000000999999999 0 2 6 -8 
11 1.9999999 -9.999999997511999e-08 -1e-07 2.0000001 0.5000000999999999 1e-07 0 2 9 -10 
12 1.9999999 -1e-07 -9.999999997511999e-08 2.0000001 1e-07 0.5000000999999999 0 2 7 -9 
13 1.9999999 0.4999999 -9.999999997511999e-08 2.0000001 0.5000000999999999 0.5000000999999999 0 2 8 -10 
14 3.4999999 -9.999999997511999e-08 -1e-07 3.5000001 0.5000000999999999 1e-07 0 2 11 -12 
15 1.9999999 -1e-07 -1e-07 3.5000001 1e-07 1e-07 0 2 9 -11 
16 1.9999999 0.4999999 -1e-07 3.5000001 0.5000000999999999 1e-07 0 2 10 -12 
17 3.4999999 -9.999999997511999e-08 0.4999999 3.5000001 0.5000000999999999 0.5000000999999999 0 2 13 -14 
18 3.4999999 -1e-07 -9.999999997511999e-08 3.5000001 1e-07 0.5000000999999999 0 2 11 -13 
19 3.4999999 0.4999999 -9.999999997511999e-08 3.5000001 0.5000000999999999 0.5000000999999999 0 2 12 -14 
20 2.4999999 -9.999999997511999e-08 0.4999999 2.5000001 0.5000000999999999 0.5000000999999999 0 2 15 -16 
21 2.4999999 -1e-07 0.4999999 3.5000001 1e-07 0.5000000999999999 0 2 13 -15 
22 2.4999999 0.4999999 0.4999999 3.5000001 0.5000000999999999 0.5000000999999999 0 2 14 -16 
23 2.4999999 -9.999999997511999e-08 0.9999999000000001 2.5000001 0.5000000999999999 1.0000001 0 2 17 -18 
24 2.4999999 -1e-07 0.4999999 2.5000001 1e-07 1.0000001 0 2 15 -17 
25 2.4999999 0.4999999 0.4999999 2.5000001 0.5000000999999999 1.0000001 0 2 16 -18 
26 0.9999999000000001 -9.999999997511999e-08 0.9999999000000001 1.0000001 0.5000000999999999 1.0000001 0 2 19 -20 
27 0.9999999000000001 -1e-07 0.9999999000000001 2.5000001 1e-07 1.0000001 0 2 17 -19 
28 0.9999999000000001 0.4999999 0.9999999000000001 2.5000001 0.5000000999999999 1.0000001 0 2 18 -20 
29 0.9999999000000001 -9.999999997511999e-08 0.4999999 1.0000001 0.5000000999999999 0.5000000999999999 0 2 21 -22 
30 0.9999999000000001 -1e-07 0.4999999 1.0000001 1e-07 1.0000001 0 2 19 -21 
31 0.9999999000000001 0.4999999 0.4999999 1.0000001 0.5000000999999999 1.0000001 0 2 20 -22 
32 -1e-07 -9.999999997511999e-08 0.4999999 1e-07 0.5000000999999999 0.5000000999999999 0 2 23 -24 
33 -9.999999994736442e-08 -1e-07 0.4999999 1.0000001 1e-07 0.5000000999999999 0 2 21 -23 
34 -9.999999994736442e-08 0.4999999 0.4999999 1.0000001 0.5000000999999999 0.5000000999999999 0 2 22 -24 
35 -1e-07 -1e-07 -9.999999997511999e-08 1e-07 1e-07 0.5000000999999999 0 2 23 -1 
36 -1e-07 0.4999999 -9.999999997511999e-08 1e-07 0.5000000999999999 0.5000000999999999 0 2 24 -2 
37 3.4999999 -9.999999997511999e-08 -0.5000000999999999 3.5000001 0.5000000999999999 -0.4999999 0 2 25 -26 
38 3.4999999 -1e-07 -0.5000000999999999 3.5000001 1e-07 9.999999997511999e-08 0 2 11 -25 
39 3.4999999 0.4999999 -0.5000000999999999 3.5000001 0.5000000999999999 9.999999997511999e-08 0 2 12 -26 
40 -1e-07 -9.999999997511999e-08 -0.5000000999999999 1e-07 0.5000000999999999 -0.4999999 0 2 27 -28 
41 -1.000000000583867e-07 -1e-07 -0.5000000999999999 3.5000001 1e-07 -0.4999999 0 2 25 -27 
42 -1.000000000583867e-07 0.4999999 -0.5000000999999999 3.5000001 0.5000000999999999 -0.4999999 0 2 26 -28 
43 -1e-07 -1e-07 -0.5000000999999999 1e-07 1e-07 9.999999997511999e-08 0 2 27 -1 
44 -1e-07 0.4999999 -0.5000000999999999 1e-07 0.5000000999999999 9.999999997511999e-08 0 2 28 -2 
45 3.4999999 -9.999999997511999e-08 1.4999999 3.5000001 0.5000000999999999 1.5000001 0 2 29 -30 
46 3.4999999 -1e-07 0.4999998999999999 3.5000001 1e-07 1.5000001 0 2 13 -29 
47 3.4999999 0.4999999 0.4999998999999999 3.5000001 0.5000000999999999 1.5000001 0 2 14 -30 
48 -1e-07 -9.999999997511999e-08 1.4999999 1e-07 0.5000000999999999 1.5000001 0 2 31 -32 
49 -1.000000000583867e-07 -1e-07 1.4999999 3.5000001 1e-07 1.5000001 0 2 29 -31 
50 -1.000000000583867e-07 0.4999999 1.4999999 3.5000001 0.5000000999999999 1.5000001 0 2 30 -32 
51 -1e-07 -1e-07 0.4999998999999999 1e-07 1e-07 1.5000001 0 2 31 -23 
52 -1e-07 0.4999999 0.4999998999999999 1e-07 0.5000000999999999 1.5000001 0 2 32 -24 
1 -9.999999994736442e-08 -9.999999997511999e-08 -1e-07 1.5000001 0.5000000999999999 1e-07 1 5 4 1 4 -2 -3 
2 1.4999999 -9.999999997511999e-08 -9.999999997511999e-08 1.5000001 0.5000000999999999 0.5000000999999999 1 5 4 2 7 -5 -6 
3 1.4999999 -9.999999997511999e-08 0.4999999 2.0000001 0.5000000999999999 0.5000000999999999 1 5 4 5 10 -8 -9 
4 1.9999999 -9.999999997511999e-08 -9.999999997511999e-08 2.0000001 0.5000000999999999 0.5000000999999999 1 5 4 8 13 -11 -12 
5 1.9999999 -9.999999997511999e-08 -1e-07 3.5000001 0.5000000999999999 1e-07 1 5 4 11 16 -14 -15 
6 3.4999999 -9.999999997511999e-08 -9.999999997511999e-08 3.5000001 0.5000000999999999 0.5000000999999999 1 2 4 14 19 -17 -18 
7 2.4999999 -9.999999997511999e-08 0.4999999 3.5000001 0.5000000999999999 0.5000000999999999 1 6 4 17 22 -20 -21 
8 2.4999999 -9.999999997511999e-08 0.4999999 2.5000001 0.5000000999999999 1.0000001 1 6 4 20 25 -23 -24 
9 0.9999999000000001 -9.999999997511999e-08 0.9999999000000001 2.5000001 0.5000000999999999 1.0000001 1 6 4 23 28 -26 -27 
10 0.9999999000000001 -9.999999997511999e-08 0.4999999 1.0000001 0.5000000999999999 1.0000001 1 6 4 26 31 -29 -30 
11 -9.999999994736442e-08 -9.999999997511999e-08 0.4999999 1.0000001 0.5000000999999999 0.5000000999999999 1 6 4 29 34 -32 -33 
12 -1e-07 -9.999999997511999e-08 -9.999999997511999e-08 1e-07 0.5000000999999999 0.5000000999999999 1 1 4 32 36 -1 -35 
13 -1.000000000583867e-07 -1e-07 -9.999999994736442e-08 3.5000001 1e-07 1.0000001 1 7 12 3 6 9 12 15 18 21 24 27 30 33 35 
14 -1.000000000583867e-07 0.4999999 -9.999999994736442e-08 3.5000001 0.5000000999999999 1.0000001 1 8 12 4 7 10 13 16 19 22 25 28 31 34 36 
15 3.4999999 -9.999999997511999e-08 -0.5000000999999999 3.5000001 0.5000000999999999 9.999999997511999e-08 1 3 4 14 39 -37 -38 
16 -1.000000000583867e-07 -9.999999997511999e-08 -0.5000000999999999 3.5000001 0.5000000999999999 -0.4999999 1 3 4 37 42 -40 -41 
17 -1e-07 -9.999999997511999e-08 -0.5000000999999999 1e-07 0.5000000999999999 9.999999997511999e-08 1 3 4 40 44 -1 -43 
18 -1.000000000583867e-07 -1e-07 -0.5000000999999999 3.5000001 1e-07 0.5000000999999999 1 3 8 3 6 9 12 15 38 41 43 
19 -1.000000000583867e-07 0.4999999 -0.5000000999999999 3.5000001 0.5000000999999999 0.5000000999999999 1 3 8 4 7 10 13 16 39 42 44 
20 3.4999999 -9.999999997511999e-08 0.4999998999999999 3.5000001 0.5000000999999999 1.5000001 1 4 4 17 47 -45 -46 
21 -1.000000000583867e-07 -9.999999997511999e-08 1.4999999 3.5000001 0.5000000999999999 1.5000001 1 4 4 45 50 -48 -49 
22 -1e-07 -9.999999997511999e-08 0.4999998999999999 1e-07 0.5000000999999999 1.5000001 1 4 4 48 52 -32 -51 
23 -1.000000000583867e-07 -1e-07 0.4999998999999999 3.5000001 1e-07 1.5000001 1 4 8 -33 -30 -27 -24 -21 46 49 51 
24 -1.000000000583867e-07 0.4999999 0.4999998999999999 3.5000001 0.5000000999999999 1.5000001 1 4 8 -34 -31 -28 -25 -22 47 50 52 
1 -1.000000000583867e-07 -9.999999997511999e-08 -9.999999994736442e-08 3.5000001 0.5000000999999999 1.0000001 1 1 14 1 2 3 4 5 6 7 8 9 10 11 12 13 -14 
2 -1.000000000583867e-07 -9.999999997511999e-08 -0.5000000999999999 3.5000001 0.5000000999999999 0.5000000999999999 1 2 10 -1 -2 -3 -4 -5 -15 -16 -17 -18 19 
3 -1.000000000583867e-07 -9.999999997511999e-08 0.4999998999999999 3.5000001 0.5000000999999999 1.5000001 1 3 10 -11 -10 -9 -8 -7 20 21 22 23 -24 
$EndEntities
$Nodes
111 4616 1 4616
0 1 0 1
1
0 0 0
0 2 0 1
2
0 0.5 0
0 3 0 1
3
1.5 0 0
0 4 0 1
4
1.5 0.5 0
0 5 0 1
5
1.5 0 0.5
0 6 0 1
6
1.5 0.5 0.5
0 7 0 1
7
2 0 0.5
0 8 0 1
8
2 0.5 0.5
0 9 0 1
9
2 0 0
0 10 0 1
10
2 0.5 0
0 11 0 1
11
3.5 0 0
0 12 0 1
12
3.5 0.5 0
0 13 0 1
13
3.5 0 0.5
0 14 0 1
14
3.5 0.5 0.5
0 15 0 1
15
2.5 0 0.5
0 16 0 1
16
2.5 0.5 0.5
0 17 0 1
17
2.5 0 1
0 18 0 1
18
2.5 0.5 1
0 19 0 1
19
1 0 1
0 20 0 1
20
1 0.5 1
0 21 0 1
21
1 0 0.5
0 22 0 1
22
1 0.5 0.5
0 23 0 1
23
0 0 0.5
0 24 0 1
24
0 0.5 0.5
0 25 0 1
25
3.5 0 -0.5
0 26 0 1
26
3.5 0.5 -0.5
0 27 0 1
27
0 0 -0.5
0 28 0 1
28
0 0.5 -0.5
0 29 0 1
29
3.5 0 1.5
0 30 0 1
30
3.5 0.5 1.5
0 31 0 1
31
0 0 1.5
0 32 0 1
32
0 0.5 1.5
1 1 0 6
33
34
35
36
37
38
0 0.0714285714285713 0
0 0.1428571428571427 0
0 0.2142857142857139 0
0 0.285714285714285 0
0 0.3571428571428566 0
0 0.4285714285714283 0
1 2 0 6
39
40
41
42
43
44
1.5 0.0714285714285713 0
1.5 0.1428571428571427 0
1.5 0.2142857142857139 0
1.5 0.285714285714285 0
1.5 0.3571428571428566 0
1.5 0.4285714285714283 0
1 3 0 19
45
46
47
48
49
50
51
52
53
54
55
56
57
58
59
60
61
62
63
0.075 0 0
0.15 0 0
0.225 0 0
0.3 0 0
0.375 0 0
0.45 0 0
0.525 0 0
0.6 0 0
0.675 0 0
0.75 0 0
0.825 0 0
0.9 0 0
0.975 0 0
1.05 0 0
1.125 0 0
1.2 0 0
1.275 0 0
1.35 0 0
1.425 0 0
1 4 0 19
64
65
66
67
68
69
70
71
72
73
74
75
76
77
78
79
80
81
82
0.075 0.5 0
0.15 0.5 0
0.225 0.5 0
0.3 0.5 0
0.375 0.5 0
0.45 0.5 0
0.525 0.5 0
0.6 0.5 0
0.675 0.5 0
0.75 0.5 0
0.825 0.5 0
0.9 0.5 0
0.975 0.5 0
1.05 0.5 0
1.125 0.5 0
1.2 0.5 0
1.275 0.5 0
1.35 0.5 0
1.425 0.5 0
1 5 0 6
83
84
85
86
87
88
1.5 0.0714285714285713 0.5
1.5 0.1428571428571427 0.5
1.5 0.2142857142857139 0.5
1.5 0.285714285714285 0.5
1.5 0.3571428571428566 0.5
1.5 0.4285714285714283 0.5
1 6 0 6
89
90
91
92
93
94
1.5 0 0.0714285714285713
1.5 0 0.1428571428571427
1.5 0 0.2142857142857139
1.5 0 0.285714285714285
1.5 0 0.3571428571428566
1.5 0 0.4285714285714283
1 7 0 6
95
96
97
98
99
100
1.5 0.5 0.0714285714285713
1.5 0.5 0.1428571428571427
1.5 0.5 0.2142857142857139
1.5 0.5 0.285714285714285
1.5 0.5 0.3571428571428566
1.5 0.5 0.4285714285714283
1 8 0 6
101
102
103
104
105
106
2 0.0714285714285713 0.5
2 0.1428571428571427 0.5
2 0.2142857142857139 0.5
2 0.285714285714285 0.5
2 0.3571428571428566 0.5
2 0.4285714285714283 0.5
1 9 0 6
107
108
109
110
111
112
1.571428571428571 0 0.5
1.642857142857143 0 0.5
1.714285714285714 0 0.5
1.785714285714285 0 0.5
1.857142857142857 0 0.5
1.928571428571428 0 0.5
1 10 0 6
113
114
115
116
117
118
1.571428571428571 0.5 0.5
1.642857142857143 0.5 0.5
1.714285714285714 0.5 0.5
1.785714285714285 0.5 0.5
1.857142857142857 0.5 0.5
1.928571428571428 0.5 0.5
1 11 0 6
119
120
121
122
123
124
2 0.0714285714285713 0
2 0.1428571428571427 0
2 0.2142857142857139 0
2 0.285714285714285 0
2 0.3571428571428566 0
2 0.4285714285714283 0
1 12 0 6
125
126
127
128
129
130
2 0 0.4285714285714287
2 0 0.3571428571428573
2 0 0.2857142857142861
2 0 0.214285714285715
2 0 0.1428571428571434
2 0 0.07142857142857173
1 13 0 6
131
132
133
134
135
136
2 0.5 0.4285714285714287
2 0.5 0.3571428571428573
2 0.5 0.2857142857142861
2 0.5 0.214285714285715
2 0.5 0.1428571428571434
2 0.5 0.07142857142857173
1 14 0 6
137
138
139
140
141
142
3.5 0.0714285714285713 0
3.5 0.1428571428571427 0
3.5 0.2142857142857139 0
3.5 0.285714285714285 0
3.5 0.3571428571428566 0
3.5 0.4285714285714283 0
1 15 0 19
143
144
145
146
147
148
149
150
151
152
153
154
155
156
157
158
159
160
161
2.075 0 0
2.15 0 0
2.225 0 0
2.3 0 0
2.375 0 0
2.45 0 0
2.525 0 0
2.6 0 0
2.675 0 0
2.75 0 0
2.825 0 0
2.9 0 0
2.975 0 0
3.05 0 0
3.125 0 0
3.2 0 0
3.275 0 0
3.35 0 0
3.425 0 0
1 16 0 19
162
163
164
165
166
167
168
169
170
171
172
173
174
175
176
177
178
179
180
2.075 0.5 0
2.15 0.5 0
2.225 0.5 0
2.3 0.5 0
2.375 0.5 0
2.45 0.5 0
2.525 0.5 0
2.6 0.5 0
2.675 0.5 0
2.75 0.5 0
2.825 0.5 0
2.9 0.5 0
2.975 0.5 0
3.05 0.5 0
3.125 0.5 0
3.2 0.5 0
3.275 0.5 0
3.35 0.5 0
3.425 0.5 0
1 17 0 6
181
182
183
184
185
186
3.5 0.0714285714285713 0.5
3.5 0.1428571428571427 0.5
3.5 0.2142857142857139 0.5
3.5 0.285714285714285 0.5
3.5 0.3571428571428566 0.5
3.5 0.4285714285714283 0.5
1 18 0 6
187
188
189
190
191
192
3.5 0 0.0714285714285713
3.5 0 0.1428571428571427
3.5 0 0.2142857142857139
3.5 0 0.285714285714285
3.5 0 0.3571428571428566
3.5 0 0.4285714285714283
1 19 0 6
193
194
195
196
197
198
3.5 0.5 0.0714285714285713
3.5 0.5 0.1428571428571427
3.5 0.5 0.2142857142857139
3.5 0.5 0.285714285714285
3.5 0.5 0.3571428571428566
3.5 0.5 0.4285714285714283
1 20 0 6
199
200
201
202
203
204
2.5 0.0714285714285713 0.5
2.5 0.1428571428571427 0.5
2.5 0.2142857142857139 0.5
2.5 0.285714285714285 0.5
2.5 0.3571428571428566 0.5
2.5 0.4285714285714283 0.5
1 21 0 13
205
206
207
208
209
210
211
212
213
214
215
216
217
3.428571428571429 0 0.5
3.357142857142857 0 0.5
3.285714285714286 0 0.5
3.214285714285714 0 0.5
3.142857142857143 0 0.5
3.071428571428572 0 0.5
3.000000000000001 0 0.5
2.92857142857143 0 0.5
2.857142857142859 0 0.5
2.785714285714287 0 0.5
2.714285714285715 0 0.5
2.642857142857143 0 0.5
2.571428571428572 0 0.5
1 22 0 13
218
219
220
221
222
223
224
225
226
227
228
229
230
3.428571428571429 0.5 0.5
3.357142857142857 0.5 0.5
3.285714285714286 0.5 0.5
3.214285714285714 0.5 0.5
3.142857142857143 0.5 0.5
3.071428571428572 0.5 0.5
3.000000000000001 0.5 0.5
2.92857142857143 0.5 0.5
2.857142857142859 0.5 0.5
2.785714285714287 0.5 0.5
2.714285714285715 0.5 0.5
2.642857142857143 0.5 0.5
2.571428571428572 0.5 0.5
1 23 0 6
231
232
233
234
235
236
2.5 0.0714285714285713 1
2.5 0.1428571428571427 1
2.5 0.2142857142857139 1
2.5 0.285714285714285 1
2.5 0.3571428571428566 1
2.5 0.4285714285714283 1
1 24 0 6
237
238
239
240
241
242
2.5 0 0.5714285714285713
2.5 0 0.6428571428571427
2.5 0 0.7142857142857139
2.5 0 0.7857142857142849
2.5 0 0.8571428571428565
2.5 0 0.9285714285714283
1 25 0 6
243
244
245
246
247
248
2.5 0.5 0.5714285714285713
2.5 0.5 0.6428571428571427
2.5 0.5 0.7142857142857139
2.5 0.5 0.7857142857142849
2.5 0.5 0.8571428571428565
2.5 0.5 0.9285714285714283
1 26 0 6
249
250
251
252
253
254
1 0.0714285714285713 1
1 0.1428571428571427 1
1 0.2142857142857139 1
1 0.285714285714285 1
1 0.3571428571428566 1
1 0.4285714285714283 1
1 27 0 19
255
256
257
258
259
260
261
262
263
264
265
266
267
268
269
270
271
272
273
2.425 0 1
2.35 0 1
2.275 0 1
2.2 0 1
2.125 0 1
2.05 0 1
1.975 0 1
1.9 0 1
1.825 0 1
1.75 0 1
1.675 0 1
1.6 0 1
1.525 0 1
1.45 0 1
1.375 0 1
1.3 0 1
1.225 0 1
1.15 0 1
1.075 0 1
1 28 0 19
274
275
276
277
278
279
280
281
282
283
284
285
286
287
288
289
290
291
292
2.425 0.5 1
2.35 0.5 1
2.275 0.5 1
2.2 0.5 1
2.125 0.5 1
2.05 0.5 1
1.975 0.5 1
1.9 0.5 1
1.825 0.5 1
1.75 0.5 1
1.675 0.5 1
1.6 0.5 1
1.525 0.5 1
1.45 0.5 1
1.375 0.5 1
1.3 0.5 1
1.225 0.5 1
1.15 0.5 1
1.075 0.5 1
1 29 0 6
293
294
295
296
297
298
1 0.0714285714285713 0.5
1 0.1428571428571427 0.5
1 0.2142857142857139 0.5
1 0.285714285714285 0.5
1 0.3571428571428566 0.5
1 0.4285714285714283 0.5
1 30 0 6
299
300
301
302
303
304
1 0 0.9285714285714287
1 0 0.8571428571428573
1 0 0.7857142857142861
1 0 0.7142857142857151
1 0 0.6428571428571435
1 0 0.5714285714285717
1 31 0 6
305
306
307
308
309
310
1 0.5 0.9285714285714287
1 0.5 0.8571428571428573
1 0.5 0.7857142857142861
1 0.5 0.7142857142857151
1 0.5 0.6428571428571435
1 0.5 0.5714285714285717
1 32 0 6
311
312
313
314
315
316
0 0.0714285714285713 0.5
0 0.1428571428571427 0.5
0 0.2142857142857139 0.5
0 0.285714285714285 0.5
0 0.3571428571428566 0.5
0 0.4285714285714283 0.5
1 33 0 13
317
318
319
320
321
322
323
324
325
326
327
328
329
0.9285714285714287 0 0.5
0.8571428571428574 0 0.5
0.785714285714286 0 0.5
0.7142857142857146 0 0.5
0.6428571428571435 0 0.5
0.5714285714285723 0 0.5
0.5000000000000012 0 0.5
0.42857142857143 0 0.5
0.3571428571428585 0 0.5
0.2857142857142868 0 0.5
0.2142857142857152 0 0.5
0.1428571428571435 0 0.5
0.07142857142857173 0 0.5
1 34 0 13
330
331
332
333
334
335
336
337
338
339
340
341
342
0.9285714285714287 0.5 0.5
0.8571428571428574 0.5 0.5
0.785714285714286 0.5 0.5
0.7142857142857146 0.5 0.5
0.6428571428571435 0.5 0.5
0.5714285714285723 0.5 0.5
0.5000000000000012 0.5 0.5
0.42857142857143 0.5 0.5
0.3571428571428585 0.5 0.5
0.2857142857142868 0.5 0.5
0.2142857142857152 0.5 0.5
0.1428571428571435 0.5 0.5
0.07142857142857173 0.5 0.5
1 35 0 6
343
344
345
346
347
348
0 0 0.4285714285714287
0 0 0.3571428571428573
0 0 0.2857142857142861
0 0 0.214285714285715
0 0 0.1428571428571434
0 0 0.07142857142857173
1 36 0 6
349
350
351
352
353
354
0 0.5 0.4285714285714287
0 0.5 0.3571428571428573
0 0.5 0.2857142857142861
0 0.5 0.214285714285715
0 0.5 0.1428571428571434
0 0.5 0.07142857142857173
1 37 0 3
355
356
357
3.5 0.1249999999999998 -0.5
3.5 0.2499999999999994 -0.5
3.5 0.3749999999999994 -0.5
1 38 0 3
358
359
360
3.5 0 -0.08674486367588996
3.5 0 -0.2077595566437182
3.5 0 -0.353796617363326
1 39 0 3
361
362
363
3.5 0.5 -0.08674486367588996
3.5 0.5 -0.2077595566437182
3.5 0.5 -0.353796617363326
1 40 0 3
364
365
366
0 0.1249999999999998 -0.5
0 0.2499999999999994 -0.5
0 0.3749999999999994 -0.5
1 41 0 23
367
368
369
370
371
372
373
374
375
376
377
378
379
380
381
382
383
384
385
386
387
388
389
3.354166666666667 0 -0.5
3.208333333333333 0 -0.5
3.0625 0 -0.5
2.916666666666666 0 -0.5
2.770833333333333 0 -0.5
2.624999999999999 0 -0.5
2.479166666666666 0 -0.5
2.333333333333333 0 -0.5
2.187499999999999 0 -0.5
2.041666666666665 0 -0.5
1.895833333333331 0 -0.5
1.749999999999997 0 -0.5
1.604166666666663 0 -0.5
1.458333333333329 0 -0.5
1.312499999999995 0 -0.5
1.166666666666661 0 -0.5
1.020833333333328 0 -0.5
0.8749999999999951 0 -0.5
0.729166666666663 0 -0.5
0.5833333333333299 0 -0.5
0.4374999999999978 0 -0.5
0.2916666666666652 0 -0.5
0.1458333333333326 0 -0.5
1 42 0 23
390
391
392
393
394
395
396
397
398
399
400
401
402
403
404
405
406
407
408
409
410
411
412
3.354166666666667 0.5 -0.5
3.208333333333333 0.5 -0.5
3.0625 0.5 -0.5
2.916666666666666 0.5 -0.5
2.770833333333333 0.5 -0.5
2.624999999999999 0.5 -0.5
2.479166666666666 0.5 -0.5
2.333333333333333 0.5 -0.5
2.187499999999999 0.5 -0.5
2.041666666666665 0.5 -0.5
1.895833333333331 0.5 -0.5
1.749999999999997 0.5 -0.5
1.604166666666663 0.5 -0.5
1.458333333333329 0.5 -0.5
1.312499999999995 0.5 -0.5
1.166666666666661 0.5 -0.5
1.020833333333328 0.5 -0.5
0.8749999999999951 0.5 -0.5
0.729166666666663 0.5 -0.5
0.5833333333333299 0.5 -0.5
0.4374999999999978 0.5 -0.5
0.2916666666666652 0.5 -0.5
0.1458333333333326 0.5 -0.5
1 43 0 3
413
414
415
0 0 -0.3537966173633262
0 0 -0.207759556643719
0 0 -0.08674486367589024
1 44 0 3
416
417
418
0 0.5 -0.3537966173633262
0 0.5 -0.207759556643719
0 0.5 -0.08674486367589024
1 45 0 3
419
420
421
3.5 0.1249999999999998 1.5
3.5 0.2499999999999994 1.5
3.5 0.3749999999999994 1.5
1 46 0 7
422
423
424
425
426
427
428
3.5 0 0.5794426633220333
3.5 0 0.6876006334162555
3.5 0 0.8219758958544467
3.5 0 0.9575807166835566
3.5 0 1.093185537512667
3.5 0 1.228790358341778
3.5 0 1.364395179170889
1 47 0 7
429
430
431
432
433
434
435
3.5 0.5 0.5794426633220333
3.5 0.5 0.6876006334162555
3.5 0.5 0.8219758958544467
3.5 0.5 0.9575807166835566
3.5 0.5 1.093185537512667
3.5 0.5 1.228790358341778
3.5 0.5 1.364395179170889
1 48 0 3
436
437
438
0 0.1249999999999998 1.5
0 0.2499999999999994 1.5
0 0.3749999999999994 1.5
1 49 0 23
439
440
441
442
443
444
445
446
447
448
449
450
451
452
453
454
455
456
457
458
459
460
461
3.354166666666667 0 1.5
3.208333333333333 0 1.5
3.0625 0 1.5
2.916666666666666 0 1.5
2.770833333333333 0 1.5
2.624999999999999 0 1.5
2.479166666666666 0 1.5
2.333333333333333 0 1.5
2.187499999999999 0 1.5
2.041666666666665 0 1.5
1.895833333333331 0 1.5
1.749999999999997 0 1.5
1.604166666666663 0 1.5
1.458333333333329 0 1.5
1.312499999999995 0 1.5
1.166666666666661 0 1.5
1.020833333333328 0 1.5
0.8749999999999951 0 1.5
0.729166666666663 0 1.5
0.5833333333333299 0 1.5
0.4374999999999978 0 1.5
0.2916666666666652 0 1.5
0.1458333333333326 0 1.5
1 50 0 23
462
463
464
465
466
467
468
469
470
471
472
473
474
475
476
477
478
479
480
481
482
483
484
3.354166666666667 0.5 1.5
3.208333333333333 0.5 1.5
3.0625 0.5 1.5
2.916666666666666 0.5 1.5
2.770833333333333 0.5 1.5
2.624999999999999 0.5 1.5
2.479166666666666 0.5 1.5
2.333333333333333 0.5 1.5
2.187499999999999 0.5 1.5
2.041666666666665 0.5 1.5
1.895833333333331 0.5 1.5
1.749999999999997 0.5 1.5
1.604166666666663 0.5 1.5
1.458333333333329 0.5 1.5
1.312499999999995 0.5 1.5
1.166666666666661 0.5 1.5
1.020833333333328 0.5 1.5
0.8749999999999951 0.5 1.5
0.729166666666663 0.5 1.5
0.5833333333333299 0.5 1.5
0.4374999999999978 0.5 1.5
0.2916666666666652 0.5 1.5
0.1458333333333326 0.5 1.5
1 51 0 7
485
486
487
488
489
490
491
0 0 1.36439517917089
0 0 1.228790358341779
0 0 1.093185537512669
0 0 0.9575807166835587
0 0 0.821975895854448
0 0 0.6876006334162558
0 0 0.5794426633220333
1 52 0 7
492
493
494
495
496
497
498
0 0.5 1.36439517917089
0 0.5 1.228790358341779
0 0.5 1.093185537512669
0 0.5 0.9575807166835587
0 0.5 0.821975895854448
0 0.5 0.6876006334162558
0 0.5 0.5794426633220333
2 1 0 137
499
500
501
502
503
504
505
506
507
508
509
510
511
512
513
514
515
516
517
518
519
520
521
522
523
524
525
526
527
528
529
530
531
532
533
534
535
536
537
538
539
540
541
542
543
544
545
546
547
548
549
550
551
552
553
554
555
556
557
558
559
560
561
562
563
564
565
566
567
568
569
570
571
572
573
574
575
576
577
578
579
580
581
582
583
584
585
586
587
588
589
590
591
592
593
594
595
596
597
598
599
600
601
602
603
604
605
606
607
608
609
610
611
612
613
614
615
616
617
618
619
620
621
622
623
624
625
626
627
628
629
630
631
632
633
634
635
0.06839317134576374 0.2447514402944802 0
1.431606828654233 0.2447514402944769 0
0.8624999999999995 0.4350480947161672 0
1.1625 0.06495190528383285 0
0.5625000000000001 0.06495190528383285 0
0.3375 0.06495190528383289 0
0.7848999941263785 0.0584134911936119 0
0.6374999999999995 0.4350480947161673 0
1.0875 0.4350480947161671 0
0.4124999999999998 0.4350480947161677 0
1.011571426473706 0.06081398106970012 0
0.2624999999999998 0.4350480947161673 0
1.2375 0.4350480947161668 0
1.3125 0.06495190528383285 0
0.1875 0.06495190528383288 0
1.384505600645919 0.4367769119893061 0
0.1154943993540808 0.4367769119893073 0
1.435561330073838 0.1098722495453858 0
0.06443866992616142 0.1098722495453863 0
1.012499999999999 0.4350480947161673 0
1.049999999999999 0.3700961894323343 0
1.124999999999999 0.3700961894323339 0
1.087499999999998 0.3051442841485011 0
1.012499999999998 0.3051442841485016 0
1.162499999999998 0.3051442841485001 0
1.124999999999998 0.2401923788646677 0
1.199999999999998 0.2401923788646665 0
1.237499999999998 0.305144284148499 0
1.274999999999998 0.2401923788646661 0
1.312489632067339 0.30515027007721 0
1.237499999999998 0.1752404735808333 0
1.312499999999998 0.1752404735808337 0
1.162499999999998 0.1752404735808334 0
1.087499999999997 0.175240473580835 0
1.274998272011223 0.3700971870871178 0
1.349488549521422 0.3703914755038167 0
1.049999999999998 0.2401923788646685 0
0.974999999999998 0.2401923788646688 0
0.9374999999999978 0.3051442841485016 0
0.8999999999999981 0.2401923788646688 0
0.862499999999998 0.3051442841485016 0
0.8249999999999983 0.2401923788646688 0
0.7874999999999982 0.3051442841485021 0
0.7499999999999982 0.2401923788646692 0
0.7124999999999981 0.3051442841485021 0
0.674999999999998 0.2401923788646695 0
0.6374999999999982 0.3051442841485024 0
0.5999999999999979 0.2401923788646699 0
0.5624999999999982 0.305144284148503 0
0.5249999999999978 0.2401923788646705 0
0.4874999999999982 0.3051442841485034 0
0.4499999999999977 0.240192378864671 0
0.4124999999999984 0.3051442841485036 0
0.3749999999999978 0.2401923788646715 0
0.3374999999999986 0.3051442841485041 0
0.2999999999999978 0.2401923788646722 0
0.2624999999999984 0.3051442841485053 0
0.2249999999999978 0.2401923788646729 0
0.1875103679326565 0.3051502700772161 0
0.4874999999999973 0.1752404735808379 0
0.7111999970631878 0.1759910306263511 0
0.936199997063188 0.1759910306263507 0
0.2624999999999972 0.1752404735808397 0
0.7499999999999983 0.3700961894323346 0
0.5249999999999988 0.3700961894323355 0
0.1874999999999972 0.1752404735808404 0
0.8622833328438635 0.1770054067993899 0
0.8971472157775536 0.1172462307645688 0
0.7859472187143637 0.1780501193813308 0
0.9749999999999985 0.3700961894323345 0
0.6372833328438628 0.1770054067993907 0
0.6721472157775532 0.1172462307645688 0
0.5624905999602515 0.1761694092942417 0
1.087421039666131 0.06293207820179217 0
0.8249999999999984 0.3700961894323347 0
0.4874999999999998 0.06495190528383288 0
0.2625 0.06495190528383288 0
0.1879990665590132 0.4353362309283579 0
1.311915403696427 0.4353856115494011 0
1.430415133236272 0.3796513532295462 0
0.3374999999999999 0.4350480947161676 0
1.162499999999999 0.4350480947161667 0
1.199999712001869 0.3700963557081307 0
0.1489109578123932 0.2409592060198036 0
0.1122775743230111 0.1760281133186975 0
1.2375 0.06495190528383119 0
0.3374999999999971 0.1752404735808392 0
0.4124999999999971 0.1752404735808383 0
0.4124999999999999 0.06495190528383282 0
0.5999999999999986 0.3700961894323351 0
0.8999999999999987 0.3700961894323346 0
0.787499999999999 0.4350480947161673 0
1.010983329907052 0.177750726989825 0
0.712499999999999 0.4350480947161675 0
0.5624999999999994 0.4350480947161678 0
0.6749999999999985 0.3700961894323346 0
0.9374999999999992 0.4350480947161672 0
0.4874999999999996 0.4350480947161681 0
1.351089042187602 0.240959206019798 0
1.387722425676984 0.176028113318692 0
0.4499999999999991 0.3700961894323357 0
0.3749999999999991 0.3700961894323357 0
0.299999999999999 0.3700961894323359 0
0.2250849057486111 0.3701452097891532 0
0.1506084911983848 0.3704475019895234 0
0.06959872972369867 0.3796593570132201 0
0.1130135553009818 0.3091738961196487 0
1.387004928645645 0.309163224408082 0
0.1132673472966563 0.0577774915774629 0
1.386732652703343 0.057777491577462 0
0.7486157376135802 0.117490224257783 0
0.9739003282035827 0.1178351703168003 0
0.8615912016506548 0.0584833659231694 0
0.6370245359629252 0.05957310160487284 0
0.224999999999998 0.1201139619227478 0
0.2999999999999987 0.1200991515140712 0
0.3749999999999983 0.1200966831126251 0
0.4499999999999981 0.1200962717123839 0
0.5249999999999967 0.1200961894323364 0
1.274999999999999 0.1201139619227435 0
1.049396020708411 0.1191114365985475 0
1.199999999999999 0.1200991515140678 0
1.124970370868671 0.1199659651406275 0
0.5999999999999979 0.1201276105628134 0
0.9365350286842494 0.05906312467903975 0
0.8234141167877324 0.117781473053309 0
0.7112812472467394 0.05878717463680608 0
0.1483305985909706 0.117330699204828 0
1.351669401409027 0.1173306992048249 0
1.450978116881011 0.1775589320602823 0
0.04902188311898725 0.1775589320602841 0
1.447686167105645 0.3143903219697828 0
0.0523155169273899 0.3143912942467144 0
0.05546639612448447 0.4454209983550056 0
1.444533603875515 0.4454209983550052 0
0.05266541385377974 0.05163797026075438 0
1.44733458614622 0.05163797026075462 0
2 2 0 46
636
637
638
639
640
641
642
643
644
645
646
647
648
649
650
651
652
653
654
655
656
657
658
659
660
661
662
663
664
665
666
667
668
669
670
671
672
673
674
675
676
677
678
679
680
681
1.5 0.2494426848385201 0.06269316619285327
1.5 0.2481743561272491 0.438549712616569
1.5 0.4326017177713005 0.2546958537178865
1.5 0.07003946217903743 0.2519622982955095
1.5 0.06064278671514609 0.1057435975946622
1.5 0.05998805871856359 0.3965876828775443
1.5 0.3929865741606753 0.0582086910564118
1.5 0.3926780512652178 0.4406960739550784
1.5 0.3218152664633659 0.06267289832912985
1.5 0.2856009778975789 0.1268931815369788
1.5 0.2115254981879357 0.1261805861213039
1.5 0.2473971480274331 0.1912680204776277
1.5 0.3196142624758088 0.1937907251024891
1.5 0.2833978840128599 0.2569335507001462
1.5 0.2090161763805773 0.2557502622154335
1.5 0.2453644107364864 0.3210514900329254
1.5 0.3203560349118659 0.3221687741573885
1.5 0.1752667951829512 0.3163301706392501
1.5 0.1757475247424549 0.1922890401698553
1.5 0.1301225214578762 0.1318094109366874
1.5 0.3555782834307266 0.2587809344806087
1.5 0.3936846915603958 0.3216253628938613
1.5 0.3690171042251768 0.1327283453212731
1.5 0.06416074870457035 0.3300892979549394
1.5 0.3204557180493333 0.4395506087932086
1.5 0.1778750107308357 0.06215041932167759
1.5 0.4377634046647434 0.1755880914724151
1.5 0.1764150885664715 0.4399396399254401
1.5 0.06269556129736618 0.1745819615036099
1.5 0.1435624418742602 0.2541327460934409
1.5 0.107142857142857 0.4428113383655551
1.5 0.4428113383655551 0.107142857142857
1.5 0.4372520003447103 0.3874856666285135
1.5 0.1067955431802009 0.05755730663480451
1.5 0.1294198898040379 0.3728812078587301
1.5 0.3577405079850952 0.3816272419823472
1.5 0.2820165517790481 0.3782369654660332
1.5 0.2070295849844487 0.3767792250597289
1.5 0.3821502676264281 0.2018186355096172
1.5 0.4537525686155837 0.3214285714285708
1.5 0.116433502310199 0.2009550913998206
1.5 0.4480743382460672 0.4480743382460672
1.5 0.05192566175393255 0.05192566175393255
1.5 0.05192566175393248 0.4480743382460674
1.5 0.4480743382460674 0.05192566175393251
1.5 0.1164898675489714 0.305079144168374
2 3 0 46
682
683
684
685
686
687
688
689
690
691
692
693
694
695
696
697
698
699
700
701
702
703
704
705
706
707
708
709
710
711
712
713
714
715
716
717
718
719
720
721
722
723
724
725
726
727
1.74944268483852 0.06269316619285319 0.5
1.749355144588172 0.4402288613736128 0.5
1.932601503634014 0.2546990942645345 0.5
1.570042815850757 0.2519590891458773 0.5
1.606929943804535 0.05899973635406647 0.5
1.936097860384092 0.3887732432692409 0.5
1.559988058718564 0.3965876828775443 0.5
1.892986574160675 0.05820869105641178 0.5
1.821815266463366 0.06267289832912978 0.5
1.785600977897579 0.1268931815369786 0.5
1.711232096622922 0.1258448303681068 0.5
1.747315159249424 0.1911709597415452 0.5
1.819600844251251 0.1937770229748821 0.5
1.783382101792977 0.2569164860304374 0.5
1.70900246964091 0.2557089189326908 0.5
1.746540711445652 0.3190070106272548 0.5
1.821679257189209 0.3211998488131186 0.5
1.675460560844534 0.3159825335245146 0.5
1.676215438480587 0.1925026740245683 0.5
1.855793741918744 0.2586172440449689 0.5
1.892801364413047 0.3220650067256522 0.5
1.858391436224859 0.3848401716253651 0.5
1.869015296728439 0.1327273126066156 0.5
1.563620125864849 0.173877459284781 0.5
1.937763195350305 0.1755895382985809 0.5
1.564161307649857 0.3300887630966675 0.5
1.678571428571428 0.06185895741317387 0.5
1.676611886643292 0.4402194980516141 0.5
1.643674908879894 0.2540992428034704 0.5
1.629878538301849 0.1315768079417245 0.5
1.942811338365555 0.107142857142857 0.5
1.557588768357273 0.1066139211423657 0.5
1.607142857142857 0.442811338365555 0.5
1.629475764473137 0.3728714487377539 0.5
1.891625931465372 0.4442757906766228 0.5
1.821757084417702 0.4425336638149177 0.5
1.784125536475007 0.3807647968856663 0.5
1.707029584984449 0.3767792250597289 0.5
1.882151033373819 0.2018251086346217 0.5
1.953751412738818 0.3214285714285708 0.5
1.616686365475587 0.2008030546400843 0.5
1.551925661753933 0.05192566175393254 0.5
1.948074338246067 0.05192566175393262 0.5
1.551925661753933 0.4480743382460674 0.5
1.948123435040427 0.4481234350404271 0.5
1.616563071539636 0.3050002154616568 0.5
2 4 0 46
728
729
730
731
732
733
734
735
736
737
738
739
740
741
742
743
744
745
746
747
748
749
750
751
752
753
754
755
756
757
758
759
760
761
762
763
764
765
766
767
768
769
770
771
772
773
2 0.2481743561272495 0.4385497126165692
2 0.2494426848385202 0.06269316619285337
2 0.4326015036340147 0.2546990942645351
2 0.0700428158507572 0.2519590891458783
2 0.05998805871856358 0.3965876828775447
2 0.06064555335526631 0.1057343939382935
2 0.3926774695935719 0.4406960793345032
2 0.3929865741606752 0.05820869105641191
2 0.3218152664633659 0.06267289832912992
2 0.285600977897579 0.1268931815369788
2 0.2115335092292189 0.1261402245730431
2 0.2474010716276284 0.1912389711711403
2 0.3196151629809523 0.193788358213148
2 0.283398806977629 0.2569297104750811
2 0.209019572568053 0.2557224582450643
2 0.2453644107364874 0.3210514900329257
2 0.3203560349118668 0.3221687741573884
2 0.1752673612141976 0.3163255366441891
2 0.1757594151122555 0.1922510545246148
2 0.130129113422625 0.1317936945227884
2 0.3555783755249132 0.2587828248828323
2 0.393683338497326 0.3216262285956794
2 0.3690173422612532 0.1327289319263682
2 0.3204544810276332 0.4395506202334519
2 0.06270159262713726 0.1745735292923896
2 0.4377635362724404 0.1755898081852069
2 0.06416130764985703 0.3300887630966682
2 0.1764150885664719 0.4399396399254403
2 0.1778756442778834 0.06214798639606672
2 0.1435695555346403 0.25411672995882
2 0.4372509869702169 0.3874857619696647
2 0.1067959766867224 0.05755611993326187
2 0.4428113383655549 0.1071428571428577
2 0.107142857142857 0.4428113383655552
2 0.1294200505149715 0.3728804694511118
2 0.3577398104632772 0.3816274049594536
2 0.2820165517790492 0.3782369654660335
2 0.2070295849844501 0.3767792250597294
2 0.3821510333738196 0.2018251086346217
2 0.4537514127388191 0.3214285714285717
2 0.116440498509483 0.2009388194888982
2 0.4480743382460672 0.05192566175393282
2 0.05192566175393255 0.4480743382460675
2 0.05192566175393248 0.05192566175393259
2 0.4480743382460674 0.4480743382460675
2 0.1164922181528847 0.3050741176593335
2 5 0 137
774
775
776
777
778
779
780
781
782
783
784
785
786
787
788
789
790
791
792
793
794
795
796
797
798
799
800
801
802
803
804
805
806
807
808
809
810
811
812
813
814
815
816
817
818
819
820
821
822
823
824
825
826
827
828
829
830
831
832
833
834
835
836
837
838
839
840
841
842
843
844
845
846
847
848
849
850
851
852
853
854
855
856
857
858
859
860
861
862
863
864
865
866
867
868
869
870
871
872
873
874
875
876
877
878
879
880
881
882
883
884
885
886
887
888
889
890
891
892
893
894
895
896
897
898
899
900
901
902
903
904
905
906
907
908
909
910
2.068211516512012 0.2458018645951812 0
3.431606828654233 0.2447514402944758 0
2.5625 0.05663492452937148 0
2.938428573526293 0.06081398106970004 0
3.1625 0.06495190528383285 0
2.3375 0.4350480947161671 0
2.7125 0.4350480947161671 0
3.012499999999999 0.4350480947161673 0
2.3375 0.06495190528383285 0
3.2375 0.4350480947161669 0
2.8625 0.4350480947161671 0
2.4875 0.4350480947161673 0
2.7875 0.06495190528383285 0
2.188211337992749 0.4354587858977658 0
3.3125 0.06495190528383267 0
2.1875 0.06495190528383267 0
3.38450560064592 0.4367769119893066 0
2.067039669399983 0.3845197467184654 0
2.064438669926162 0.1098722495453858 0
3.435561330073837 0.1098722495453854 0
2.5625 0.4350480947161673 0
2.525 0.3700961894323343 0
2.45 0.3700961894323345 0
2.4875 0.3051442841485015 0
2.5625 0.3051442841485014 0
2.4125 0.3051442841485016 0
2.45 0.2401923788646687 0
2.375 0.2401923788646687 0
2.3375 0.3051442841485014 0
2.3 0.2401923788646684 0
2.2625 0.3051442841485013 0
2.225 0.2401923788646682 0
2.187510367932658 0.3051502700772123 0
2.4125 0.1768803139584708 0
2.2625 0.1752404735808354 0
2.486199997063189 0.1762643373559565 0
2.1875 0.1752404735808352 0
2.447183326970244 0.1172709330793497 0
2.9375 0.4350480947161673 0
2.975 0.3700961894323345 0
3.05 0.3700961894323345 0
3.0125 0.3051442841485018 0
2.9375 0.3051442841485017 0
3.087499999999999 0.3051442841485012 0
3.049999999999999 0.2401923788646687 0
3.124999999999999 0.2401923788646677 0
3.1625 0.3051442841485003 0
3.199999999999999 0.2401923788646665 0
3.2375 0.3051442841484986 0
3.274999999999999 0.2401923788646653 0
3.312489632067341 0.3051502700772091 0
3.087499999999998 0.1768803139584707 0
3.237499999999998 0.1752404735808329 0
3.013800002936809 0.1762643373559566 0
3.312499999999998 0.1752404735808316 0
3.052816673029755 0.1172709330793501 0
3.274998272011223 0.3700971870871179 0
3.349488549521422 0.370391475503817 0
3.124999999999999 0.3700961894323341 0
3.19999971200187 0.3700963557081309 0
3.351089042187603 0.2409592060197962 0
3.387722425676984 0.1760281133186885 0
3.311915403696427 0.4353856115494014 0
3.430415133236273 0.379651353229546 0
3.2375 0.06495190528383185 0
2.262618556332125 0.4351165432464335 0
2.4125 0.4350480947161672 0
2.6375 0.4350480947161671 0
2.675 0.3700961894323341 0
2.75 0.3700961894323341 0
2.712499999999999 0.3051442841485012 0
2.7875 0.3051442841485011 0
2.749999999999999 0.2401923788646683 0
2.824999999999999 0.2401923788646679 0
2.674999999999999 0.2401923788646684 0
2.712499999999999 0.1768803139584707 0
2.63880000293681 0.1762643373559565 0
2.677816673029755 0.1172709330793499 0
2.825 0.3700961894323343 0
2.7875 0.435048094716167 0
2.2625 0.06495190528383281 0
2.375 0.3700961894323344 0
2.225140043709589 0.3701770437057635 0
2.149538609097904 0.3729997146542889 0
2.6 0.3700961894323341 0
2.14888068200677 0.2411342767365833 0
2.112175731685882 0.1764176040423998 0
2.9 0.3700961894323344 0
2.8625 0.3051442841485011 0
2.899999999999999 0.2401923788646684 0
2.862499999999998 0.1752404735808349 0
2.939016670092945 0.177796278111426 0
2.862578960333868 0.06293207820179222 0
3.087499999999999 0.4350480947161673 0
3.162499999999998 0.1761639821787617 0
2.300043100006952 0.3701210732329501 0
2.787499999999999 0.1761639821787624 0
2.524783332843865 0.2403630228271888 0
3.162499952000311 0.4350481224287998 0
2.637499999999999 0.3051442841485013 0
2.3375 0.1761639821787626 0
2.562481575922097 0.1761949851504736 0
2.6 0.2401923788646686 0
2.975469445504959 0.2407889902489539 0
2.112161479151007 0.3118390740350503 0
3.387004928645645 0.3091632244080813 0
2.113267347296657 0.05777749157746215 0
3.386732652703342 0.05777749157746155 0
2.113742505057403 0.4402233795016275 0
3.087969445504958 0.05957721865733658 0
2.712969445504959 0.05957721865733648 0
2.525610819596065 0.1160449922838776 0
2.412030554495041 0.05957721865733635 0
2.600784845247454 0.1162538392361752 0
2.9760936532643 0.1178924303444648 0
2.3 0.120096189432334 0
2.225 0.120113961922745 0
2.900602976202901 0.1191285717900919 0
2.825029585612625 0.1200080093773271 0
3.199999999999996 0.1200961894323348 0
3.274999999999998 0.1201139619227434 0
3.013384724220884 0.05925909385847525 0
2.638178493963695 0.05828948591703885 0
2.375 0.1201276105628136 0
2.487054116843558 0.05825467809165585 0
2.749999999999999 0.1201276105628135 0
3.124999999999997 0.1201276105628135 0
2.148313624818117 0.1173956143254434 0
3.351669401409026 0.1173306992048239 0
2.050611756005638 0.3191709154145896 0
3.450978116881011 0.1775589320602813 0
2.048965183624811 0.1778469150651647 0
3.447686167105645 0.3143903219697822 0
3.444533603875516 0.4454209983550052 0
2.05266541385378 0.4483620297392452 0
2.05266541385378 0.05163797026075438 0
3.44733458614622 0.05163797026075462 0
2 6 0 46
911
912
913
914
915
916
917
918
919
920
921
922
923
924
925
926
927
928
929
930
931
932
933
934
935
936
937
938
939
940
941
942
943
944
945
946
947
948
949
950
951
952
953
954
955
956
3.5 0.2494426848385201 0.06269316619285327
3.5 0.2481743561272491 0.438549712616569
3.5 0.4326017177713005 0.2546958537178865
3.5 0.07003946217903743 0.2519622982955095
3.5 0.06064278671514609 0.1057435975946622
3.5 0.05998805871856359 0.3965876828775443
3.5 0.3929865741606753 0.0582086910564118
3.5 0.3926780512652178 0.4406960739550784
3.5 0.3218152664633659 0.06267289832912985
3.5 0.2856009778975789 0.1268931815369788
3.5 0.2115254981879357 0.1261805861213039
3.5 0.2473971480274331 0.1912680204776277
3.5 0.3196142624758088 0.1937907251024891
3.5 0.2833978840128599 0.2569335507001462
3.5 0.2090161763805773 0.2557502622154335
3.5 0.2453644107364864 0.3210514900329254
3.5 0.3203560349118659 0.3221687741573885
3.5 0.1752667951829512 0.3163301706392501
3.5 0.1757475247424549 0.1922890401698553
3.5 0.1301225214578762 0.1318094109366874
3.5 0.3555782834307266 0.2587809344806087
3.5 0.3936846915603958 0.3216253628938613
3.5 0.3690171042251768 0.1327283453212731
3.5 0.06416074870457035 0.3300892979549394
3.5 0.3204557180493333 0.4395506087932086
3.5 0.1778750107308357 0.06215041932167759
3.5 0.4377634046647434 0.1755880914724151
3.5 0.1764150885664715 0.4399396399254401
3.5 0.06269556129736618 0.1745819615036099
3.5 0.1435624418742602 0.2541327460934409
3.5 0.107142857142857 0.4428113383655551
3.5 0.4428113383655551 0.107142857142857
3.5 0.4372520003447103 0.3874856666285135
3.5 0.1067955431802009 0.05755730663480451
3.5 0.1294198898040379 0.3728812078587301
3.5 0.3577405079850952 0.3816272419823472
3.5 0.2820165517790481 0.3782369654660332
3.5 0.2070295849844487 0.3767792250597289
3.5 0.3821502676264281 0.2018186355096172
3.5 0.4537525686155837 0.3214285714285708
3.5 0.116433502310199 0.2009550913998206
3.5 0.4480743382460672 0.4480743382460672
3.5 0.05192566175393255 0.05192566175393255
3.5 0.05192566175393248 0.4480743382460674
3.5 0.4480743382460674 0.05192566175393251
3.5 0.1164898675489714 0.305079144168374
2 7 0 94
957
958
959
960
961
962
963
964
965
966
967
968
969
970
971
972
973
974
975
976
977
978
979
980
981
982
983
984
985
986
987
988
989
990
991
992
993
994
995
996
997
998
999
1000
1001
1002
1003
1004
1005
1006
1007
1008
1009
1010
1011
1012
1013
1014
1015
1016
1017
1018
1019
1020
1021
1022
1023
1024
1025
1026
1027
1028
1029
1030
1031
1032
1033
1034
1035
1036
1037
1038
1039
1040
1041
1042
1043
1044
1045
1046
1047
1048
1049
1050
3.039187864261991 0.4391756555561171 0.5
3.256170466318858 0.0614173226170953 0.5
2.569224387270393 0.2517531459680629 0.5
2.820871256267094 0.06269316619285345 0.5
3.037040826351604 0.06224184357918455 0.5
3.257039562005253 0.4413558155930811 0.5
2.819859076692709 0.4390695919622907 0.5
3.440442195205001 0.2442839560463433 0.5
2.676554743195703 0.4399114204234583 0.5
2.677589363959033 0.06183168882011743 0.5
3.440225465088751 0.3943417135049679 0.5
3.394073108346782 0.05944822539325728 0.5
2.561141062229749 0.1064017642709871 0.5
2.55999027931201 0.3966216451414078 0.5
2.893321572158377 0.0628322009894666 0.5
2.856819835695634 0.126704574130242 0.5
2.78291210607579 0.126697330611457 0.5
2.818768183951709 0.1912890102048986 0.5
2.893944983132967 0.1916338611245732 0.5
2.743844268722587 0.1906977618124139 0.5
2.780194747698324 0.2556195663234178 0.5
2.705731551165285 0.2547002821843947 0.5
2.742022659981231 0.3179626553144791 0.5
2.672930093348772 0.1922917242125623 0.5
2.816869975374991 0.3202184946918046 0.5
2.673341669159414 0.315277957573611 0.5
2.930594983932991 0.1271157493976668 0.5
2.969065532836385 0.1917034756746862 0.5
2.93195987932382 0.2565299891279443 0.5
3.007337909248299 0.255846973868206 0.5
3.04415491784348 0.1909868681558753 0.5
3.082338770133227 0.2551435435693132 0.5
3.119160630273091 0.1898221625344222 0.5
3.157332112362084 0.2543177953504143 0.5
3.120495576975966 0.3180590963057242 0.5
3.194167515695906 0.1899277647363471 0.5
3.232329434544335 0.2536804508818646 0.5
3.269165531233615 0.1893218609804573 0.5
2.970489653727199 0.3196788795806091 0.5
3.30574964244722 0.2538879303047628 0.5
3.33678001582691 0.1930481709491422 0.5
3.151846372511288 0.125600475341285 0.5
3.270218660213819 0.316650399689764 0.5
3.344987555906695 0.3181211607323985 0.5
3.300280133454341 0.1252004490854375 0.5
3.300255099018427 0.3787183656843206 0.5
2.895578962407884 0.3221025237949368 0.5
2.931202627411545 0.3804721946546138 0.5
2.85621945531495 0.2562322408779292 0.5
3.195436932138653 0.3167410811624992 0.5
3.153133464463866 0.3779764102057624 0.5
3.077563588382785 0.1262133894728537 0.5
3.045513980570695 0.3185554018326029 0.5
2.563675177895083 0.329751694478966 0.5
2.964884016731931 0.06243259143009919 0.5
3.441696152560594 0.1738759054741425 0.5
2.562940709665713 0.1734808175260155 0.5
3.424686219780556 0.3191042770749314 0.5
2.748650928609176 0.06280203290228745 0.5
2.746760667221436 0.4387432976708857 0.5
3.110226859116369 0.4392922722972308 0.5
3.003883977679863 0.1267823196183943 0.5
3.107142857142858 0.06022072625897074 0.5
2.708641620611554 0.1270884238247331 0.5
2.629140777728944 0.1314380622444112 0.5
2.641441606552466 0.2535638935289773 0.5
3.183890932225212 0.06276383560539463 0.5
2.892857142857145 0.4415261679890973 0.5
3.225920158573203 0.1257052847276695 0.5
3.325978988089552 0.06070010383176555 0.5
3.394355517117665 0.4437849238173808 0.5
2.607142857142857 0.4428113383655549 0.5
2.606609902642143 0.05770282631391403 0.5
3.442844471571903 0.1057154321821006 0.5
2.855318536328167 0.3780863720526545 0.5
2.628650781893925 0.372395108041516 0.5
2.965184070229046 0.4429420499033106 0.5
2.779663273508538 0.377591809393084 0.5
3.37645173915665 0.1323055615738633 0.5
3.00868575486316 0.376597226740109 0.5
2.706028545326404 0.3768148044943995 0.5
3.185185407805167 0.4386962033248537 0.5
3.081521173322915 0.3769034337140321 0.5
3.328132310242009 0.4400719965502644 0.5
3.226878187607531 0.3783563792767135 0.5
3.372107027859017 0.382357072894044 0.5
3.37286178180988 0.2575530921768645 0.5
3.448074338246067 0.05192566175393253 0.5
2.551925661753933 0.05192566175393259 0.5
3.448074338246068 0.4480743382460676 0.5
2.551925661753933 0.4480743382460675 0.5
2.615135514913257 0.2005055286960058 0.5
2.615266724554256 0.3045483599182266 0.5
3.393509304246471 0.2081506441011976 0.5
2 8 0 46
1051
1052
1053
1054
1055
1056
1057
1058
1059
1060
1061
1062
1063
1064
1065
1066
1067
1068
1069
1070
1071
1072
1073
1074
1075
1076
1077
1078
1079
1080
1081
1082
1083
1084
1085
1086
1087
1088
1089
1090
1091
1092
1093
1094
1095
1096
2.5 0.2494426848385201 0.5626931661928533
2.5 0.2493562451612549 0.9402288043969536
2.5 0.4326017177713007 0.7546958537178865
2.5 0.07003946217903748 0.7519622982955096
2.5 0.106923285307701 0.5590105742309347
2.5 0.3929865741606753 0.5582086910564118
2.5 0.05998805871856359 0.8965876828775442
2.5 0.436098954715587 0.8887721147212859
2.5 0.3218152664633659 0.5626728983291298
2.5 0.285600977897579 0.6268931815369787
2.5 0.2113438654489216 0.6259443391696402
2.5 0.2473668759042641 0.6912286459856838
2.5 0.3196092171219474 0.693784162687165
2.5 0.2833919977666883 0.7569258945489349
2.5 0.2090101499856874 0.7557424237749077
2.5 0.2465447414051502 0.8190148305305402
2.5 0.3216841500830983 0.821200049964729
2.5 0.1754625125619136 0.8159894209820984
2.5 0.176230731605616 0.6925533743747363
2.5 0.3557978140259266 0.7586171106874094
2.5 0.3928045558308165 0.8220636536972958
2.5 0.3583955205183885 0.8848388363023971
2.5 0.3690163834603394 0.6327274078333697
2.5 0.06360633240698854 0.6738969111785729
2.5 0.1785714285714283 0.5618589574131739
2.5 0.06416074870457039 0.8300892979549395
2.5 0.4377632845372704 0.6755879352244312
2.5 0.1766120700721393 0.9402194885555042
2.5 0.1436745915154659 0.754118703777975
2.5 0.1298904146296053 0.6316058026516941
2.5 0.4428113383655551 0.607142857142857
2.5 0.107142857142857 0.9428113383655551
2.5 0.05758839630626377 0.6066164931818211
2.5 0.1294759896446995 0.8728725077120034
2.5 0.3916267990523742 0.9442746598611412
2.5 0.321758591071525 0.9425325980932986
2.5 0.2841281388706444 0.8807657240579412
2.5 0.2070295849844494 0.8767792250597292
2.5 0.3821502676264281 0.7018186355096171
2.5 0.4537525686155839 0.8214285714285708
2.5 0.1166883064673426 0.7008274180556976
2.5 0.05192566175393254 0.5519256617539325
2.5 0.4480743382460674 0.5519256617539325
2.5 0.05192566175393248 0.9480743382460675
2.5 0.4481234619374143 0.9481234619374143
2.5 0.1165626609211374 0.8050064457445052
2 9 0 137
1097
1098
1099
1100
1101
1102
1103
1104
1105
1106
1107
1108
1109
1110
1111
1112
1113
1114
1115
1116
1117
1118
1119
1120
1121
1122
1123
1124
1125
1126
1127
1128
1129
1130
1131
1132
1133
1134
1135
1136
1137
1138
1139
1140
1141
1142
1143
1144
1145
1146
1147
1148
1149
1150
1151
1152
1153
1154
1155
1156
1157
1158
1159
1160
1161
1162
1163
1164
1165
1166
1167
1168
1169
1170
1171
1172
1173
1174
1175
1176
1177
1178
1179
1180
1181
1182
1183
1184
1185
1186
1187
1188
1189
1190
1191
1192
1193
1194
1195
1196
1197
1198
1199
1200
1201
1202
1203
1204
1205
1206
1207
1208
1209
1210
1211
1212
1213
1214
1215
1216
1217
1218
1219
1220
1221
1222
1223
1224
1225
1226
1227
1228
1229
1230
1231
1232
1233
2.431746552030607 0.2535596365627428 1
1.068211516512012 0.2541981354048176 1
2.0125 0.06495190528383279 1
1.5625 0.06495190528383241 1
1.3375 0.06495190528383211 1
1.7875 0.06495190528383235 1
2.161571426473707 0.4391860189303 1
1.9375 0.4350480947161672 1
1.6375 0.4350480947161671 1
1.413428573526293 0.4391860189302996 1
2.2375 0.06495190528383279 1
1.7875 0.4350480947161671 1
1.2625 0.4350480947161671 1
2.3125 0.4350480947161673 1
1.188211337992749 0.06454121410223382 1
2.387420966085405 0.05869321610692674 1
1.11230887436129 0.4405432214540624 1
1.067039669399983 0.115480253281534 1
2.435561330073838 0.3901277504546136 1
2.312140217872113 0.06370867515460743 1
2.274554390384283 0.1295190277935027 1
2.199925731730714 0.1298396801053051 1
2.237374317566885 0.1948034344925269 1
2.162466674882933 0.1948363138812764 1
2.199973498741636 0.2597956739137991 1
2.124990028937428 0.2598023962700389 1
2.274935599932473 0.2598194538856965 1
2.08749278397006 0.1948516113789127 1
2.049997135484581 0.2598060662456849 1
2.012498319909107 0.1948547726244597 1
1.974999242565615 0.2598072047825502 1
1.937499593745787 0.1948554892548614 1
1.8999998060519 0.2598075139770946 1
1.862499899966281 0.1948556602256856 1
1.82499995100303 0.2598075940046558 1
1.787499975161552 0.1948557020587497 1
1.749999987694097 0.2598076143147601 1
1.712499993809275 0.1948557124159445 1
1.674999996917229 0.2598076194259765 1
1.637499998454417 0.1948557149940129 1
1.599999999228608 0.2598076207075238 1
1.562499999613838 0.1948557156372822 1
1.524999999807074 0.2598076210283262 1
1.487499999903485 0.1948557157979604 1
1.44999999995176 0.2598076211085726 1
1.412499999975874 0.1948557158381145 1
1.374999999987939 0.2598076211286396 1
1.337499999993969 0.1948557158481518 1
1.299999999996985 0.2598076211336576 1
1.262499999998492 0.1948557158506614 1
1.224999999999246 0.2598076211349126 1
1.187510367932281 0.1948497299225777 1
1.56249999983928 0.3231196859523929 1
2.086197857800191 0.3240078394144928 1
1.337500000000001 0.3247595264191626 1
1.7125 0.3247595264191633 1
1.8625 0.3247595264191635 1
2.2375 0.3247595264191643 1
1.899999915618678 0.1299037635305904 1
1.674999998710615 0.1299038098521586 1
1.449999999979894 0.1299038105565114 1
2.3125 0.3247595264191644 1
1.148880682006582 0.2588657232633109 1
1.1875 0.3247595264191636 1
1.112010407688625 0.3240417591444902 1
2.350972577634455 0.258039898767611 1
2.387937932117983 0.3229870264823377 1
2.38881357487954 0.1868346468246752 1
1.488800002869829 0.3237356626068922 1
1.527816672991805 0.3827290668996013 1
1.262500000000001 0.3247595264191643 1
1.637499999825816 0.3238360177246496 1
2.124986332212346 0.1298933776027646 1
2.012282372641731 0.3229940763336792 1
2.047146699200033 0.3827534947644167 1
1.937490517026727 0.3238305455692732 1
2.16248534399051 0.06493947804595586 1
2.237421039666132 0.4370679217982076 1
1.7125 0.435048094716167 1
1.749999994613574 0.1299038075770304 1
1.8625 0.4350480947161673 1
2.049997313820418 0.1299019676314127 1
1.187483747819837 0.4371833301760782 1
1.337578960333868 0.437067921798208 1
2.0875 0.06495190528383268 1
1.262618556332125 0.06488345675356608 1
2.160976894643065 0.3222462226691781 1
1.7875 0.3247595264191636 1
1.937499985936447 0.06495189744432017 1
1.974999585801908 0.1299035497142202 1
1.862499983592521 0.06495189613773464 1
1.824999972494358 0.1299037952590499 1
1.300019759387431 0.1298924024785902 1
1.637499999785103 0.06495190516458135 1
1.599999999590949 0.1299038103407058 1
1.712499998851549 0.06495190464626711 1
1.412499999996649 0.06495190528197324 1
1.225143336940513 0.1298210549458824 1
1.149539157969662 0.1269999684542833 1
1.52499999996044 0.1299038105457184 1
1.414016670071732 0.3222037218768063 1
1.375003293222303 0.1299019092145288 1
1.487499999989498 0.06495190527800589 1
1.11216157062954 0.1881608731496586 1
2.312428466924151 0.1929532634555386 1
2.352810849939294 0.1231419477463513 1
2.434829900840838 0.1135600376306884 1
1.063441792941094 0.3892325242757594 1
1.113742596536029 0.05977656768313428 1
2.386732652703343 0.4422225084225376 1
1.562969445498634 0.4404227813391549 1
1.451093653243276 0.3821075696438735 1
2.123898813019499 0.3821640872213385 1
2.012024449866672 0.440426852649958 1
1.375602976195862 0.3808714282060027 1
1.825 0.3799038105676654 1
1.225000000000001 0.3799038105676654 1
1.75 0.3799038105676654 1
1.9 0.3799038105676656 1
1.675 0.3799038105676659 1
2.274999999999999 0.3799038105676656 1
1.300029585612321 0.3800334199630733 1
1.147957470468475 0.3826106953395365 1
2.199394695633734 0.3808879312676423 1
1.488384724210002 0.4407409061354882 1
1.599999999999999 0.3798723894371855 1
2.086606898093319 0.4407550755943355 1
1.975 0.3798723894371863 1
2.351705319149194 0.3825081195104143 1
1.050611765340182 0.1808290791960941 1
2.450332493018233 0.1811771479005456 1
2.451049162844486 0.3219063112713671 1
1.048732743428346 0.3220659123364418 1
2.44733458614622 0.4483620297392452 1
1.05266541385378 0.05163797026075462 1
1.05240202812511 0.4486385847543489 1
2.44759797187489 0.05136141524565113 1
2 10 0 46
1234
1235
1236
1237
1238
1239
1240
1241
1242
1243
1244
1245
1246
1247
1248
1249
1250
1251
1252
1253
1254
1255
1256
1257
1258
1259
1260
1261
1262
1263
1264
1265
1266
1267
1268
1269
1270
1271
1272
1273
1274
1275
1276
1277
1278
1279
1 0.07003946217903748 0.7480377017044904
1 0.4326017177713007 0.7453041462821135
1 0.2493562451612549 0.5597711956030464
1 0.2494426848385201 0.9373068338071467
1 0.106923285307701 0.9409894257690653
1 0.3929865741606753 0.9417913089435882
1 0.05998805871856359 0.6034123171224558
1 0.436098954715587 0.6112278852787141
1 0.3218152664633659 0.9373271016708702
1 0.285600977897579 0.8731068184630213
1 0.2113438654489216 0.8740556608303598
1 0.2473668759042641 0.8087713540143162
1 0.3196092171219474 0.806215837312835
1 0.2833919977666883 0.7430741054510651
1 0.2090101499856874 0.7442575762250923
1 0.2465447414051502 0.6809851694694598
1 0.3216841500830983 0.678799950035271
1 0.1754625125619136 0.6840105790179016
1 0.176230731605616 0.8074466256252637
1 0.3557978140259266 0.7413828893125906
1 0.3928045558308165 0.6779363463027042
1 0.3583955205183885 0.6151611636976029
1 0.3690163834603394 0.8672725921666303
1 0.06360633240698854 0.8261030888214271
1 0.1785714285714283 0.9381410425868261
1 0.06416074870457039 0.6699107020450605
1 0.4377632845372704 0.8244120647755688
1 0.1766120700721393 0.5597805114444958
1 0.1436745915154659 0.745881296222025
1 0.1298904146296053 0.8683941973483059
1 0.4428113383655551 0.892857142857143
1 0.107142857142857 0.5571886616344449
1 0.05758839630626377 0.8933835068181789
1 0.1294759896446995 0.6271274922879966
1 0.3916267990523742 0.5557253401388588
1 0.321758591071525 0.5574674019067014
1 0.2841281388706444 0.6192342759420588
1 0.2070295849844494 0.6232207749402708
1 0.3821502676264281 0.7981813644903829
1 0.4537525686155839 0.6785714285714292
1 0.1166883064673426 0.7991725819443024
1 0.05192566175393254 0.9480743382460675
1 0.4480743382460674 0.9480743382460675
1 0.05192566175393248 0.5519256617539325
1 0.4481234619374143 0.5518765380625857
1 0.1165626609211374 0.6949935542554948
2 11 0 94
1280
1281
1282
1283
1284
1285
1286
1287
1288
1289
1290
1291
1292
1293
1294
1295
1296
1297
1298
1299
1300
1301
1302
1303
1304
1305
1306
1307
1308
1309
1310
1311
1312
1313
1314
1315
1316
1317
1318
1319
1320
1321
1322
1323
1324
1325
1326
1327
1328
1329
1330
1331
1332
1333
1334
1335
1336
1337
1338
1339
1340
1341
1342
1343
1344
1345
1346
1347
1348
1349
1350
1351
1352
1353
1354
1355
1356
1357
1358
1359
1360
1361
1362
1363
1364
1365
1366
1367
1368
1369
1370
1371
1372
1373
0.5374613865253598 0.4399724455976494 0.5
0.7500000000000002 0.06185895741317406 0.5
0.3208712562670936 0.06269316619285342 0.5
0.2474145878986818 0.4383125060567236 0.5
0.5357142857142867 0.06185895741317387 0.5
0.7546196117819526 0.4408871580314029 0.5
0.06924235943277146 0.2518551531511271 0.5
0.939155121368578 0.2489547009986088 0.5
0.3922197385958411 0.4390566462920774 0.5
0.1775781025803501 0.06184702366644049 0.5
0.9399318452035678 0.3978126906051589 0.5
0.9403842726461498 0.1068843666371621 0.5
0.05999085650374059 0.3966304728437074 0.5
0.061137583639708 0.1064103938012882 0.5
0.3933215721583772 0.06283220098946657 0.5
0.3568198356956338 0.126704574130242 0.5
0.2828945682041847 0.1267062582261624 0.5
0.3187834387088482 0.1913018755455376 0.5
0.3936204906104652 0.1919098657927754 0.5
0.2438564704526858 0.1907557220773278 0.5
0.3552490181012558 0.2566257166598456 0.5
0.4302298465464063 0.25770662739123 0.5
0.4687009367670133 0.1933826823849052 0.5
0.5052360522043042 0.2588692075826992 0.5
0.5436894711481293 0.1946771609212571 0.5
0.5802297564783092 0.2600161073661984 0.5
0.6186838852849432 0.1956310942752797 0.5
0.6552223582211827 0.2611036118683869 0.5
0.6936731816071333 0.196919056426706 0.5
0.7302139037977056 0.2622368974809119 0.5
0.7686645511023463 0.198059972148884 0.5
0.6167910483774339 0.3239697061563345 0.5
0.8039825727197502 0.264035582794128 0.5
0.466794743634387 0.3225212325353138 0.5
0.6571384099730191 0.1312029504472651 0.5
0.8375305503544036 0.2026911090224595 0.5
0.7661458734302095 0.3246316193329924 0.5
0.8401441321233915 0.3246381465288856 0.5
0.8022884958615171 0.1330235332076893 0.5
0.4306477334230842 0.1278035221940124 0.5
0.2802886189498859 0.2556616560467475 0.5
0.2058246490440445 0.2548287109126746 0.5
0.3167929821650627 0.321051490032926 0.5
0.1729159041851456 0.1924341576226422 0.5
0.2420875559136555 0.3185946849983675 0.5
0.1733960961620187 0.3154995470054273 0.5
0.3917846063404423 0.3221687741573878 0.5
0.5417899709854699 0.3234774348214412 0.5
0.5821465645499855 0.1300968901350734 0.5
0.6916968177552593 0.3235518935879636 0.5
0.6501921097462127 0.3827727892695232 0.5
0.5060662766627242 0.1294575035553411 0.5
0.7285118289589398 0.1319977018359425 0.5
0.06370065204393804 0.3298287132828309 0.5
0.3190657914953867 0.4387308904790941 0.5
0.8214285714285716 0.06185895741317411 0.5
0.176124555979323 0.4399486456395008 0.5
0.06292334953214285 0.1735652181700279 0.5
0.8250115486917833 0.4421545198431983 0.5
0.9218013650822872 0.3245163962602373 0.5
0.6071428571428579 0.06185895741317392 0.5
0.9420155942340435 0.1775189112214987 0.5
0.6785714285714289 0.06185895741317392 0.5
0.2486349730758526 0.0628112981581518 0.5
0.4642857142857157 0.06185895741317383 0.5
0.4650264639774695 0.4397048844907617 0.5
0.2085792880291721 0.1271514652344044 0.5
0.1291197639985079 0.131511019354335 0.5
0.1414822175531326 0.2537454985967016 0.5
0.6098267203650648 0.4419843626733333 0.5
0.1071428571428572 0.4428113383655549 0.5
0.892857142857143 0.4428113383655551 0.5
0.1066077310131848 0.05770871318748959 0.5
0.895292597560607 0.05975246901148658 0.5
0.8761541173285671 0.1378458282646507 0.5
0.1286196317750821 0.3724868072544604 0.5
0.4287886948315176 0.3801779818139398 0.5
0.3534451232076252 0.378236965466034 0.5
0.8729725393062675 0.2665666034703133 0.5
0.2790692938375938 0.3772592729903549 0.5
0.5784496830616718 0.3807472577564772 0.5
0.2060293709790596 0.3768137261069597 0.5
0.5033548529279043 0.379827331045771 0.5
0.6810249618347061 0.444463804069041 0.5
0.7251545474090628 0.381525902337553 0.5
0.8698271468468771 0.3853856840647986 0.5
0.797992508478935 0.3818212299136725 0.5
0.05192566175393287 0.05192566175393259 0.5
0.9480743382460675 0.05192566175393253 0.5
0.9480743382460676 0.4480743382460676 0.5
0.05192566175393276 0.4480743382460675 0.5
0.1151367189403402 0.2006222093789667 0.5
0.8935655845183719 0.2067154305955062 0.5
0.1152881913933885 0.3046831438581095 0.5
2 12 0 46
1374
1375
1376
1377
1378
1379
1380
1381
1382
1383
1384
1385
1386
1387
1388
1389
1390
1391
1392
1393
1394
1395
1396
1397
1398
1399
1400
1401
1402
1403
1404
1405
1406
1407
1408
1409
1410
1411
1412
1413
1414
1415
1416
1417
1418
1419
0 0.2481743561272495 0.4385497126165692
0 0.2494426848385202 0.06269316619285337
0 0.4326015036340147 0.2546990942645351
0 0.0700428158507572 0.2519590891458783
0 0.05998805871856358 0.3965876828775447
0 0.06064555335526631 0.1057343939382935
0 0.3926774695935719 0.4406960793345032
0 0.3929865741606752 0.05820869105641191
0 0.3218152664633659 0.06267289832912992
0 0.285600977897579 0.1268931815369788
0 0.2115335092292189 0.1261402245730431
0 0.2474010716276284 0.1912389711711403
0 0.3196151629809523 0.193788358213148
0 0.283398806977629 0.2569297104750811
0 0.209019572568053 0.2557224582450643
0 0.2453644107364874 0.3210514900329257
0 0.3203560349118668 0.3221687741573884
0 0.1752673612141976 0.3163255366441891
0 0.1757594151122555 0.1922510545246148
0 0.130129113422625 0.1317936945227884
0 0.3555783755249132 0.2587828248828323
0 0.393683338497326 0.3216262285956794
0 0.3690173422612532 0.1327289319263682
0 0.3204544810276332 0.4395506202334519
0 0.06270159262713726 0.1745735292923896
0 0.4377635362724404 0.1755898081852069
0 0.06416130764985703 0.3300887630966682
0 0.1778756442778834 0.06214798639606672
0 0.1764150885664719 0.4399396399254403
0 0.1435695555346403 0.25411672995882
0 0.4372509869702169 0.3874857619696647
0 0.1067959766867224 0.05755611993326187
0 0.4428113383655549 0.1071428571428577
0 0.107142857142857 0.4428113383655552
0 0.1294200505149715 0.3728804694511118
0 0.3577398104632772 0.3816274049594536
0 0.2820165517790492 0.3782369654660335
0 0.2070295849844501 0.3767792250597294
0 0.3821510333738196 0.2018251086346217
0 0.4537514127388191 0.3214285714285717
0 0.116440498509483 0.2009388194888982
0 0.4480743382460672 0.05192566175393282
0 0.05192566175393255 0.4480743382460675
0 0.05192566175393248 0.05192566175393259
0 0.4480743382460674 0.4480743382460675
0 0.1164922181528847 0.3050741176593335
2 13 0 430
1420
1421
1422
1423
1424
1425
1426
1427
1428
1429
1430
1431
1432
1433
1434
1435
1436
1437
1438
1439
1440
1441
1442
1443
1444
1445
1446
1447
1448
1449
1450
1451
1452
1453
1454
1455
1456
1457
1458
1459
1460
1461
1462
1463
1464
1465
1466
1467
1468
1469
1470
1471
1472
1473
1474
1475
1476
1477
1478
1479
1480
1481
1482
1483
1484
1485
1486
1487
1488
1489
1490
1491
1492
1493
1494
1495
1496
1497
1498
1499
1500
1501
1502
1503
1504
1505
1506
1507
1508
1509
1510
1511
1512
1513
1514
1515
1516
1517
1518
1519
1520
1521
1522
1523
1524
1525
1526
1527
1528
1529
1530
1531
1532
1533
1534
1535
1536
1537
1538
1539
1540
1541
1542
1543
1544
1545
1546
1547
1548
1549
1550
1551
1552
1553
1554
1555
1556
1557
1558
1559
1560
1561
1562
1563
1564
1565
1566
1567
1568
1569
1570
1571
1572
1573
1574
1575
1576
1577
1578
1579
1580
1581
1582
1583
1584
1585
1586
1587
1588
1589
1590
1591
1592
1593
1594
1595
1596
1597
1598
1599
1600
1601
1602
1603
1604
1605
1606
1607
1608
1609
1610
1611
1612
1613
1614
1615
1616
1617
1618
1619
1620
1621
1622
1623
1624
1625
1626
1627
1628
1629
1630
1631
1632
1633
1634
1635
1636
1637
1638
1639
1640
1641
1642
1643
1644
1645
1646
1647
1648
1649
1650
1651
1652
1653
1654
1655
1656
1657
1658
1659
1660
1661
1662
1663
1664
1665
1666
1667
1668
1669
1670
1671
1672
1673
1674
1675
1676
1677
1678
1679
1680
1681
1682
1683
1684
1685
1686
1687
1688
1689
1690
1691
1692
1693
1694
1695
1696
1697
1698
1699
1700
1701
1702
1703
1704
1705
1706
1707
1708
1709
1710
1711
1712
1713
1714
1715
1716
1717
1718
1719
1720
1721
1722
1723
1724
1725
1726
1727
1728
1729
1730
1731
1732
1733
1734
1735
1736
1737
1738
1739
1740
1741
1742
1743
1744
1745
1746
1747
1748
1749
1750
1751
1752
1753
1754
1755
1756
1757
1758
1759
1760
1761
1762
1763
1764
1765
1766
1767
1768
1769
1770
1771
1772
1773
1774
1775
1776
1777
1778
1779
1780
1781
1782
1783
1784
1785
1786
1787
1788
1789
1790
1791
1792
1793
1794
1795
1796
1797
1798
1799
1800
1801
1802
1803
1804
1805
1806
1807
1808
1809
1810
1811
1812
1813
1814
1815
1816
1817
1818
1819
1820
1821
1822
1823
1824
1825
1826
1827
1828
1829
1830
1831
1832
1833
1834
1835
1836
1837
1838
1839
1840
1841
1842
1843
1844
1845
1846
1847
1848
1849
2.061858957413174 0 0.3214285714285717
2.441406342669989 0 0.6743940434838276
1.438141042586826 0 0.3214285714285708
1.058593657330011 0 0.6743940434838277
1.171120033254841 0 0.05718771877135076
2.17078810244343 0 0.9430358105477478
2.328879966745159 0 0.05718771877135065
1.329216058366928 0 0.9430260050325305
3.250004460725738 0 0.4356506143732501
0.2499955392742637 0 0.4356506143732493
3.035714285714287 0 0.4381410425868264
0.4642857142857157 0 0.4381410425868261
0.9639323372385469 0 0.4371080411798136
1.533999318654075 0 0.5613645083948717
1.963907236048366 0 0.5631228025638711
2.536067662761453 0 0.4371080411798135
0.6766142199554683 0 0.4377619272852134
2.823385780044782 0 0.4377619272855222
1.748478897741013 0 0.5622870323481082
1.037506340484782 0 0.4334634943025382
2.046434042936686 0 0.5566508067495212
1.453266893449377 0 0.5563996218682353
2.462493659515218 0 0.4334634943025381
2.704306225167017 0 0.05712864027445219
0.7956937521670734 0 0.05712864998342093
1.641586204551197 0 0.9400464559048262
1.870676459934255 0 0.9429086475088428
2.929306227368714 0 0.05727260180166815
0.5706937748421388 0 0.05727259888064407
3.154306186631481 0 0.05741653850394274
0.3456938133685081 0 0.05741653850395456
2.499811195653689 0 0.3722334124715688
2.425125314763745 0 0.3720408934507394
2.387885329928533 0 0.43334371294134
1.000188804346311 0 0.3722334124715689
1.074876080458799 0 0.3720268292226664
1.112114902608558 0 0.433341368903328
1.495860333184107 0 0.6246925526625208
1.425157838888053 0 0.62725761447833
2.001647470033084 0 0.6263882887380731
2.074842161111946 0 0.6272576144783303
3.436880575478628 0 0.2571837611859236
0.06311942452137176 0 0.2571837611859234
2.679660826338026 0 0.4376830043658196
0.8203391736619752 0 0.43768300436582
2.554304113833329 0 0.05703296281517345
0.9456957088842448 0 0.0570328870163852
2.020685189338921 0 0.943037632268429
1.483387960038462 0 0.9425265363591251
2.323005682379444 0 0.9430582712636376
2.190719528441532 0 0.06529702120642905
1.309280471558468 0 0.06529702120642883
1.176994317620556 0 0.9430582712636374
2.350194956295392 0 0.372193572819513
1.149806710220425 0 0.3721767738804258
2.312974979024543 0 0.4373156894258566
1.187026076387149 0 0.4373120964438392
2.462629843086658 0 0.3077218802718706
2.537568681733352 0 0.308048976018213
1.037377192079288 0 0.3076699506682499
0.9624324907943057 0 0.3080403210842763
0.1964051770371782 0 0.05929864064255558
3.303594822962822 0 0.05929864064255713
2.037645027200496 0 0.6920280101850275
2.112390332496888 0 0.6921691656890947
1.962703803367688 0 0.691912454085965
2.149847513103929 0 0.6310955412315631
2.187351785072132 0 0.6928298414023752
1.461951143762503 0 0.691738403804302
1.387542362663612 0 0.6921208979589734
1.530500492040897 0 0.6901562316806125
1.35014126942282 0 0.6310874966098756
1.312635127875742 0 0.6928204560104066
2.224842137975817 0 0.6293098987271264
1.275153811283609 0 0.6293068567712846
2.278374074184077 0 0.3712791106529667
2.313055068234748 0 0.3077154880200789
2.227189844536969 0 0.430543082676015
1.221626379470508 0 0.3712757119994492
1.186940324376577 0 0.3076868556059315
1.272811004389248 0 0.4305417388830807
2.367503242570105 0 0.5047433286608054
1.132497574767899 0 0.5047421355272291
2.430521937016594 0 0.8215942888427237
2.069337138743137 0 0.1787352519448719
1.43066286125293 0 0.1787352514420084
1.069478062983406 0 0.821594288842724
1.425066656808119 0 0.7570490692706709
2.074834482725667 0 0.7571391425797177
2.500224452754629 0 0.2429279127463455
2.575220641652353 0 0.2430566240852644
0.9997657992891519 0 0.2429248329580615
0.9247777499383848 0 0.2430545398532938
2.262347589717596 0 0.6926359141357266
2.224851683073263 0 0.7572328574369629
1.23764955398362 0 0.6926338429110909
1.275146829328423 0 0.7572689036081817
2.241206701077511 0 0.3063474385136309
2.275409866022248 0 0.2429922457163524
1.258792606633474 0 0.3063421000023533
1.224582894725184 0 0.2429753819748079
2.061858957413174 0 0.4642857142857144
1.438141042586826 0 0.4642857142857141
0.1112542825902652 0 0.4337006313461134
3.441103715654558 0 0.3933786925921839
2.425234811154899 0 0.242819073258895
2.462825612370461 0 0.1779206273133851
1.074764859086964 0 0.2427959517677061
1.037172994250199 0 0.1779166263026185
2.61259450200817 0 0.3079314879597726
2.650231112152746 0 0.2431450523095001
2.687628860836337 0 0.3077697275893969
2.725231847035955 0 0.2431967619865349
0.8874054253448964 0 0.3079296980987886
0.849775278448168 0 0.2431330291473181
0.8123721921559939 0 0.3077674254188703
0.7747693733718926 0 0.2431943890773581
2.299852744388051 0 0.7572229082529304
1.200146531629099 0 0.7572285707440267
2.762635030165647 0 0.3075782801199226
2.800232953224981 0 0.2432488119434369
2.837636186184242 0 0.3076303811791049
2.875233282957889 0 0.2433415145014166
2.912635448031041 0 0.3083464618153021
2.950233158138826 0 0.2435516455249773
2.837831097987972 0 0.178467884661364
0.7373653487343823 0 0.3075775009399732
0.699767304638679 0 0.243248294879328
0.662363919943721 0 0.3076301651379375
0.6247667776956896 0 0.2433413906619692
0.5873645797665636 0 0.3083464051680416
0.5497668565868301 0 0.2435516137912265
0.662168915173339 0 0.1784678593145658
1.299673363609462 0 0.2434250995033624
2.200325314487291 0 0.2434288007001756
2.987636554564105 0 0.3077086176285113
3.025233265008506 0 0.243555692240286
3.062636700046053 0 0.30767831854351
3.100233250315235 0 0.2436266506722034
3.137635357978655 0 0.3086279755519294
3.17523296743657 0 0.2438720870724679
3.062830886941595 0 0.1787969329226032
0.512363452523104 0 0.3077086028983422
0.474766738622457 0 0.2435556844989009
0.4373633017403076 0 0.3076783147982494
0.3997667505876539 0 0.2436266487577606
0.3623646424695524 0 0.3086279746086432
0.3247670327886136 0 0.2438720865961771
0.4371691133321327 0 0.1787969323370703
0.2873635060693311 0 0.3079310560503589
0.2497669471739561 0 0.2438721736364076
0.2123633591520722 0 0.3078902512908921
3.212636494042901 0 0.3079310562869574
3.25023305288228 0 0.2438721737552252
3.287636640876007 0 0.30789025135013
2.299840093093595 0 0.6280194112695165
1.200159607250124 0 0.6280191537855735
3.440100968759259 0 0.1062305130233535
0.05989903124074125 0 0.1062305130233536
2.176364969157067 0 0.5732068802762192
1.323632486154284 0 0.5732048955597322
1.112528022987743 0 0.1803458120806887
2.387465333849725 0 0.1803615344183215
3.212827389833433 0 0.1812314007999914
3.287826769689738 0 0.1816995502119026
0.2871726102134722 0 0.1812314007008043
0.2121732303274537 0 0.1816995501755662
0.887175506877333 0 0.1804519015277197
2.612824910951145 0 0.1804544504849914
2.237008905341245 0 0.1808600216271614
1.262989667799452 0 0.180856594137435
1.237640944170186 0 0.8197940189058494
2.262358687232952 0 0.8197870674621306
1.312666857448385 0 0.8194093833832966
2.187325953194276 0 0.8194174473037609
2.942916249732033 0 0.3732216545877366
0.5570837560827844 0 0.3732216426906501
2.433347264784302 0 0.1167681367584653
1.066651395792054 0 0.1167648495337318
3.175037142602864 0 0.3738437197872321
0.3249628573971342 0 0.3738437197872285
2.342603361531428 0 0.8192470322705475
1.157396456371953 0 0.8192491345930164
2.178272157411608 0 0.314583538288654
1.321727506910031 0 0.3145820308492961
2.373836252676091 0 0.7575164010863056
1.126163596310664 0 0.7575176952218996
2.15705695983058 0 0.1814581457056676
1.342942582062022 0 0.1814569566860909
2.376752591652118 0 0.884220664402067
1.123247386669713 0 0.8842209146785514
1.061858957413174 0 0.5357142857142858
2.438141042586826 0 0.5357142857142857
2.122011975790087 0 0.5217528879164237
2.143160205044964 0 0.45139205600466
1.377937756159481 0 0.5217106929834614
1.356833911725962 0 0.4513868728230055
1.402751644357761 0 0.3941919594944231
2.097247655257826 0 0.3941925765398585
1.333971962327233 0 0.3854216811231966
2.166027521485213 0 0.3854224167915115
2.721668151576296 0 0.3721014013608268
0.7783320870724321 0 0.3721008878024147
3.257094315118099 0 0.1214649302952523
0.2429056848925839 0 0.1214649302726637
1.282053597002318 0 0.8795611338535225
2.217949997617399 0 0.8795638692427246
0.9914634143835179 0 0.1179611004959616
2.508535744148652 0 0.1179625351114906
1.924981775662726 0 0.6270518490728327
1.8874214921278 0 0.691909474443382
1.924829166165609 0 0.7569284960862755
1.849771768991324 0 0.7568116686735584
1.812377276686833 0 0.6923001759763636
1.774754901463635 0 0.7567680613874095
1.73736717293629 0 0.6922687600363163
1.699750473542294 0 0.7566662903160366
1.737133990346247 0 0.8215945161581691
1.664466133986457 0 0.6904452205973517
1.631486505883629 0 0.7546119326894548
1.887154266865643 0 0.8195366294843696
1.96216017110542 0 0.8192860917740976
1.704806720860439 0 0.6269039428593619
1.633019902527098 0 0.6242379082318545
1.917753518363487 0 0.8794437467352176
2.573870991502798 0 0.3723844390599399
0.9261291918106561 0 0.3723826982607866
2.312230429103611 0 0.1813265189275096
2.268526482401668 0 0.112961630458691
1.187760663377702 0 0.1813093147453853
1.231472041258619 0 0.112958683076998
2.387717393507068 0 0.3076206139872462
1.112281072579172 0 0.3075724850486496
1.496760839369185 0 0.7579017859090362
1.466277619978696 0 0.8217001316701082
1.540626518222449 0 0.8192312010757077
1.388277792134811 0 0.8192362614763046
1.437600862588104 0 0.8815948943225852
2.350218668937495 0 0.242794768136534
1.999884949320676 0 0.7565803804350306
2.037195588058398 0 0.8192478150826115
2.112279296166669 0 0.8188627308607856
2.067835287430097 0 0.8793948038551871
2.284008661703905 0 0.5011287393841367
1.215991791922403 0 0.5011275807791499
0.9608245388697466 0 0.1815509674135455
1.852340297370622 0 0.6274291165662044
2.539173088283798 0 0.1815532376790625
1.350166054966237 0 0.7571556463843337
2.149835240610533 0 0.756926458327565
0.8121752468253056 0 0.1809150449727372
0.8427879809752266 0 0.120623851820292
2.687826059960672 0 0.1809178561270905
2.657212113981024 0 0.1206248178092203
2.762826551493694 0 0.1810669134973502
2.80858248643415 0 0.1171385757847399
2.883576541988629 0 0.1183435836455581
1.812145627126841 0 0.8190408207133797
1.766389761254128 0 0.8829109269436004
1.699517227307179 0 0.8864560980482855
2.333515018559551 0 0.6945788635602886
2.376859973230847 0 0.6360269123556379
1.166484309615255 0 0.6945796348799735
1.123139887986085 0 0.6360269857607438
2.119943089121245 0 0.2617387357310512
2.129863852277665 0 0.1184931703708105
1.380056608613958 0 0.2617378217083921
1.370136071370447 0 0.1184929721170703
1.661923180468194 0 0.8201956497111794
0.7371739062757279 0 0.1810659647598242
0.6914175839894798 0 0.1171384145065571
0.6164234711552412 0 0.1183435487933917
0.5858144431155232 0 0.181610356951278
0.6317543650818169 0 0.3728363735922973
2.86824565820829 0 0.3728364210236241
2.98782758485589 0 0.1809265672779471
3.03358259344099 0 0.1173139670765025
3.108576480454559 0 0.1185646429019909
0.3621730645221533 0 0.1814759599890797
0.3927831310510017 0 0.1184047528445995
0.4652854804108624 0 0.1176907191476735
3.139184903498772 0 0.1822495021848138
0.1777452757728004 0 0.2426392115289176
0.131577277656489 0 0.3005088922021034
0.1371694856814396 0 0.1792707269551016
0.1757934974660946 0 0.3754032621467622
0.40946475053493 0 0.3730699457224671
3.090535249837498 0 0.3730699465038926
1.562495694098276 0 0.9394504028971998
1.601160911044123 0 0.8704427004744916
3.322254724244117 0 0.2426392115646511
3.368133042720472 0 0.3003410631582994
3.322941223225046 0 0.3785216181164437
3.362830514318561 0 0.179270726955105
0.5103990350224299 0 0.1820762187672418
2.914185013500002 0 0.1819805340848165
1.14974319522479 0 0.2427275566126924
1.892857142857142 0 0.5618589574131745
2.607142857142858 0 0.4381410425868256
3.429338003070248 0 0.1798430200064834
0.8928571428571432 0 0.4381410425868256
3.438455350160186 0 0.3265014013443355
0.07066199692975172 0 0.1798430200064821
0.06087380654976382 0 0.3266382484627303
1.818584834381096 0 0.5635640527889326
2.647936274848325 0 0.3721471334365299
0.8520638920930541 0 0.3721463779140212
2.7541263167266 0 0.4361875619762738
0.7458737230482304 0 0.4361874763831539
1.778992533329382 0 0.6274588467625478
1.676799546257287 0 0.5611454119787334
2.794616187150976 0 0.3723493288242124
0.7053839439726755 0 0.372349055190165
0.6059539080184884 0 0.4396954132210042
2.894046093244233 0 0.4396954157965451
1.603427005712682 0 0.5609391233792107
2.440905037009752 0 0.607142857142857
1.059094962990247 0 0.6071428571428575
2.969116538939045 0 0.4378393409726192
0.530883461903521 0 0.4378393392496874
3.382089460944555 0 0.06711711085111699
0.1179105390554454 0 0.06711711085111577
0.3884960308008327 0 0.4397336359932775
3.111503969230838 0 0.4397336360597263
3.017698089539246 0 0.3716486634972994
0.4823019123540127 0 0.3716486595833854
0.3213437462435227 0 0.4459674082545453
3.17865625375971 0 0.4459674082613271
0.1788372352946963 0 0.448950901573225
3.321731993933014 0 0.4513967141710498
2.440807730933297 0 0.7464594050036564
1.05919225622544 0 0.7464595150492007
0.250095751871779 0 0.3601437807296982
3.249651192294511 0 0.3607674519828026
1.449772102490743 0 0.252380328915794
2.050227837055511 0 0.2523805118208992
3.388181665702084 0 0.4363766182471188
0.05718866163444458 0 0.392857142857143
2.200855607366389 0 0.5040037741397583
1.299137560093886 0 0.5039975018837561
2.330865289735599 0 0.5688863373133836
1.169134849032217 0 0.568885777723585
1.244477147594519 0 0.5682264952880389
2.255521288710902 0 0.5682283103759439
1.43934816031726 0 0.102242310467873
2.06065182695677 0 0.1022423435939739
3.329437211594332 0 0.1223326772759302
0.170562788410314 0 0.1223326772661074
3.227567295120607 0 0.06093090136356311
0.2724327048811721 0 0.06093090135979989
1.059573277186824 0 0.8983203173472128
2.440426719200148 0 0.8983202756344653
3.183259428442825 0 0.1203096526749258
0.3171935014881484 0 0.120154080611817
0.4174121934321873 0 0.05578924579324668
3.082614911967503 0 0.05576342888683472
3.003485357974669 0 0.05960033444377355
0.4963305044586608 0 0.05966742828314442
2.196635145658538 0 0.1318139978737519
1.303364166809801 0 0.1318124454448046
2.958660553188149 0 0.1192395980550444
0.5408244515008096 0 0.1194434784705623
2.857614911403749 0 0.05562392804924049
0.6423850988079596 0 0.05562390385057969
1.714452016222082 0 0.9472073988190143
0.7215146744110443 0 0.05949829664687406
2.778485323831113 0 0.05949832439788399
1.796009993359161 0 0.9409951698543709
2.353346106309264 0 0.1218428254639154
1.146652331918238 0 0.1218394954361787
0.766793857440643 0 0.119395037114951
2.733206460144611 0 0.1193958546484563
1.237374509214385 0 0.0470886846109555
2.262625195517672 0 0.04708927408729413
1.841688271150586 0 0.8808059902066302
0.8722948684177396 0 0.06029703202728598
2.627704936801153 0 0.06029728287195729
1.947267276194628 0 0.9397464395995707
2.583292484666517 0 0.1196542144619827
0.916707003067968 0 0.119652956716865
2.482581800329319 0 0.0553808768343409
1.017417918935692 0 0.05538030568683477
1.520029724997458 0 0.8815456891459049
1.992149505081825 0 0.8800260882191855
1.404227780728359 0 0.9400327935474406
1.359007158044818 0 0.8804767452692801
1.096140279983471 0 0.05852872823801603
2.403859189694674 0 0.05852992630467868
1.201828667763416 0 0.8755053825751106
2.298171463355911 0 0.8755050975960453
1.252515440125536 0 0.9401917987874667
2.247485874299364 0 0.9401938414416925
2.140613106141978 0 0.8815586459551525
2.093443057780289 0 0.9434300245281213
2.109740863065964 0 0.05619871502355106
1.390259122087727 0 0.05619867646024412
1.566129123452182 0 0.624257354618581
2.393828463293981 0 0.9457391669074452
1.106171532490819 0 0.9457392155723171
1.598022365222006 0 0.6913498665600912
1.565183698502482 0 0.7569484192924349
0.1090574966956588 0 0.3659933257661413
3.389720647382465 0 0.3665164128576158
1.600076162824176 0 0.8042859806486536
0.1176334235969274 0 0.2339281770384959
3.382366576403071 0 0.2339281770384981
3.387167275964484 0 0.1292977510730404
0.1128327240361793 0 0.1292977510716348
1.377958043212832 0 0.3374908212432446
2.122041691856436 0 0.3374913604112115
1.109145246437925 0 0.5705024083737402
2.390854917026626 0 0.5705027442373939
3.448074338246067 0 0.4480743382460669
0.05192566175393254 0 0.4480743382460672
3.447334586146222 0 0.05163797026075401
0.05266541385377899 0 0.05163797026075501
2.447785786532178 0 0.9488357901445014
1.052214213467821 0 0.9488357901445019
2.052209970719816 0 0.05115975497009279
1.447790029280184 0 0.05115975497009256
2.219383080415815 0 0.3625935766468555
1.280616919584185 0 0.3625935766468553
2.428525016956006 0 0.4808800945588927
1.071475090174106 0 0.4808797336230165
2.113452439432138 0 0.5829754235800335
1.386495690021252 0 0.5829320794154016
2.040259180861568 0 0.392857142857143
1.459740819138431 0 0.3928571428571425
2.391131447724897 0 0.7040606119509182
1.108868501542972 0 0.7040607290326504
2 14 0 430
1850
1851
1852
1853
1854
1855
1856
1857
1858
1859
1860
1861
1862
1863
1864
1865
1866
1867
1868
1869
1870
1871
1872
1873
1874
1875
1876
1877
1878
1879
1880
1881
1882
1883
1884
1885
1886
1887
1888
1889
1890
1891
1892
1893
1894
1895
1896
1897
1898
1899
1900
1901
1902
1903
1904
1905
1906
1907
1908
1909
1910
1911
1912
1913
1914
1915
1916
1917
1918
1919
1920
1921
1922
1923
1924
1925
1926
1927
1928
1929
1930
1931
1932
1933
1934
1935
1936
1937
1938
1939
1940
1941
1942
1943
1944
1945
1946
1947
1948
1949
1950
1951
1952
1953
1954
1955
1956
1957
1958
1959
1960
1961
1962
1963
1964
1965
1966
1967
1968
1969
1970
1971
1972
1973
1974
1975
1976
1977
1978
1979
1980
1981
1982
1983
1984
1985
1986
1987
1988
1989
1990
1991
1992
1993
1994
1995
1996
1997
1998
1999
2000
2001
2002
2003
2004
2005
2006
2007
2008
2009
2010
2011
2012
2013
2014
2015
2016
2017
2018
2019
2020
2021
2022
2023
2024
2025
2026
2027
2028
2029
2030
2031
2032
2033
2034
2035
2036
2037
2038
2039
2040
2041
2042
2043
2044
2045
2046
2047
2048
2049
2050
2051
2052
2053
2054
2055
2056
2057
2058
2059
2060
2061
2062
2063
2064
2065
2066
2067
2068
2069
2070
2071
2072
2073
2074
2075
2076
2077
2078
2079
2080
2081
2082
2083
2084
2085
2086
2087
2088
2089
2090
2091
2092
2093
2094
2095
2096
2097
2098
2099
2100
2101
2102
2103
2104
2105
2106
2107
2108
2109
2110
2111
2112
2113
2114
2115
2116
2117
2118
2119
2120
2121
2122
2123
2124
2125
2126
2127
2128
2129
2130
2131
2132
2133
2134
2135
2136
2137
2138
2139
2140
2141
2142
2143
2144
2145
2146
2147
2148
2149
2150
2151
2152
2153
2154
2155
2156
2157
2158
2159
2160
2161
2162
2163
2164
2165
2166
2167
2168
2169
2170
2171
2172
2173
2174
2175
2176
2177
2178
2179
2180
2181
2182
2183
2184
2185
2186
2187
2188
2189
2190
2191
2192
2193
2194
2195
2196
2197
2198
2199
2200
2201
2202
2203
2204
2205
2206
2207
2208
2209
2210
2211
2212
2213
2214
2215
2216
2217
2218
2219
2220
2221
2222
2223
2224
2225
2226
2227
2228
2229
2230
2231
2232
2233
2234
2235
2236
2237
2238
2239
2240
2241
2242
2243
2244
2245
2246
2247
2248
2249
2250
2251
2252
2253
2254
2255
2256
2257
2258
2259
2260
2261
2262
2263
2264
2265
2266
2267
2268
2269
2270
2271
2272
2273
2274
2275
2276
2277
2278
2279
2.441406342669989 0.5 0.6743940434838276
2.061858957413174 0.5 0.3214285714285717
1.438141042586826 0.5 0.3214285714285707
1.058593657330011 0.5 0.6743940434838279
1.171120033254841 0.5 0.05718771877135059
2.17078459011881 0.5 0.9430274713334923
2.328879966745159 0.5 0.05718771877135076
1.329216058366928 0.5 0.9430260050325306
3.250004460725738 0.5 0.4356506143732502
0.2499955392742634 0.5 0.4356506143732484
3.035714285714287 0.5 0.4381410425868264
0.4642857142857157 0.5 0.4381410425868261
0.9639323372385468 0.5 0.4371080411798136
2.536067662761453 0.5 0.4371080411798135
1.965854147260711 0.5 0.5634040794550901
1.536067662761453 0.5 0.5628919588201864
0.6766142199554681 0.5 0.437761927285213
2.823385780044782 0.5 0.4377619272855222
1.75393884020313 0.5 0.5616622882708309
1.037506340484782 0.5 0.4334634943025382
2.046712173109878 0.5 0.5566909891625524
1.453562371179002 0.5 0.5566178290718518
2.462493659515218 0.5 0.4334634943025381
2.704306225167017 0.5 0.05712864027445252
0.7956937521670742 0.5 0.0571286499834201
1.630404003210282 0.5 0.9422408992602286
1.858952656093406 0.5 0.9389006153706577
2.929306227368714 0.5 0.05727260180166849
0.5706937748421392 0.5 0.05727259888064312
3.154306186631481 0.5 0.05741653850394335
0.345693813368509 0.5 0.05741653850395229
2.499811195653689 0.5 0.3722334124715688
2.425125314763745 0.5 0.3720408934507394
2.387885329928533 0.5 0.43334371294134
1.000188804346311 0.5 0.3722334124715689
1.074876080458799 0.5 0.3720268292226664
1.112114902608558 0.5 0.4333413689033279
1.498322647597653 0.5 0.6261134747574961
1.425157838888053 0.5 0.62725761447833
2.002826443274631 0.5 0.6274630222971845
2.074842161111946 0.5 0.6272576144783302
3.436880575478628 0.5 0.2571837611859242
0.06311942452137131 0.5 0.2571837611859211
2.679660826338026 0.5 0.4376830043658197
0.8203391736619752 0.5 0.4376830043658197
2.554304113833329 0.5 0.05703296281517345
0.945695708884245 0.5 0.05703288701638509
2.016632775376379 0.5 0.9425311006908798
1.479482569643175 0.5 0.9428223749154626
2.323005682379444 0.5 0.9430582712636376
2.190719528441532 0.5 0.06529702120642911
1.309280471558468 0.5 0.06529702120642883
1.176994317620556 0.5 0.9430582712636376
2.350194956295392 0.5 0.372193572819513
1.149806710220425 0.5 0.3721767738804258
2.312974979024543 0.5 0.4373156894258566
1.187026076387149 0.5 0.4373120964438392
2.462629843086658 0.5 0.3077218802718706
2.537568681733352 0.5 0.3080489760182131
1.037377192079288 0.5 0.3076699506682499
0.9624324907943057 0.5 0.3080403210842763
0.1964051770371786 0.5 0.05929864064255358
3.303594822962822 0.5 0.05929864064255713
2.037841522740754 0.5 0.6922071324448793
2.112423081753597 0.5 0.6921990193990698
1.963558168727548 0.5 0.6926999299410744
2.149852971313381 0.5 0.6311005168498921
2.187358152983159 0.5 0.6928356462904258
1.462361529498094 0.5 0.6919752241534645
1.38761076028621 0.5 0.6921603680171673
1.537562730542115 0.5 0.6915144966999043
1.350152669026587 0.5 0.6310940749529081
1.31264842741347 0.5 0.6928281307439446
1.275157927807192 0.5 0.6293092322840466
2.224844108995897 0.5 0.6293116954781897
2.278374074184077 0.5 0.3712791106529667
2.313055068234748 0.5 0.3077154880200789
2.227189844536969 0.5 0.430543082676015
1.221626379470508 0.5 0.3712757119994491
1.186940324376577 0.5 0.3076868556059314
1.272811004389248 0.5 0.4305417388830807
2.367503242570105 0.5 0.5047433286608054
1.132497574767899 0.5 0.5047421355272291
2.430521937016594 0.5 0.8215942888427238
2.069337138743137 0.5 0.1787352519448719
1.43066286125293 0.5 0.1787352514420084
1.069478062983406 0.5 0.8215942888427242
2.074927467810643 0.5 0.7571434639494197
1.425146454034484 0.5 0.757095117671897
2.500224452754629 0.5 0.2429279127463456
2.575220641652354 0.5 0.2430566240852647
0.999765799289152 0.5 0.2429248329580617
0.9247777499383851 0.5 0.2430545398532934
2.262348979539448 0.5 0.6926371810755788
2.224852196193239 0.5 0.7572711093753854
1.237652456660505 0.5 0.6926355179521411
1.275148338938956 0.5 0.7572326782837299
2.241206701077511 0.5 0.3063474385136309
2.275409866022249 0.5 0.2429922457163524
1.258792606633474 0.5 0.3063421000023532
1.224582894725184 0.5 0.2429753819748078
2.061858957413174 0.5 0.4642857142857144
1.438141042586826 0.5 0.4642857142857141
0.111254282590264 0.5 0.4337006313461108
3.441103715654558 0.5 0.3933786925921838
2.425234811154899 0.5 0.2428190732588949
2.462825612370462 0.5 0.1779206273133851
1.074764859086964 0.5 0.2427959517677061
1.037172994250199 0.5 0.1779166263026185
0.8874054253448962 0.5 0.3079296980987878
0.8497752784481685 0.5 0.2431330291473168
0.8123721921559934 0.5 0.3077674254188686
0.7747693733718932 0.5 0.243194389077356
2.61259450200817 0.5 0.307931487959773
2.650231112152746 0.5 0.2431450523095005
2.687628860836337 0.5 0.3077697275893977
2.725231847035956 0.5 0.2431967619865359
1.200147267010335 0.5 0.7572228123634602
2.299853061545022 0.5 0.757229494732643
0.7373653487343825 0.5 0.3075775009399711
0.699767304638679 0.5 0.2432482948793256
0.6623639199437208 0.5 0.3076301651379353
0.6247667776956889 0.5 0.2433413906619668
0.5873645797665632 0.5 0.3083464051680392
0.5497668565868297 0.5 0.2435516137912238
0.6621689151733381 0.5 0.1784678593145632
2.762635030165648 0.5 0.3075782801199236
2.800232953224981 0.5 0.2432488119434382
2.837636186184243 0.5 0.3076303811791057
2.875233282957889 0.5 0.2433415145014177
2.912635448031041 0.5 0.3083464618153032
2.950233158138826 0.5 0.2435516455249785
2.837831097987971 0.5 0.1784678846613653
1.299673363609461 0.5 0.2434250995033624
2.200325314487291 0.5 0.2434288007001755
0.512363452523104 0.5 0.3077086028983398
0.4747667386224568 0.5 0.2435556844988978
0.4373633017403071 0.5 0.3076783147982464
0.3997667505876543 0.5 0.2436266487577565
0.3623646424695517 0.5 0.3086279746086388
0.3247670327886139 0.5 0.2438720865961719
0.4371691133321338 0.5 0.1787969323370669
2.987636554564105 0.5 0.3077086176285124
3.025233265008506 0.5 0.2435556922402872
3.062636700046054 0.5 0.307678318543511
3.100233250315234 0.5 0.2436266506722042
3.137635357978656 0.5 0.3086279755519304
3.175232967436569 0.5 0.2438720870724685
3.062830886941594 0.5 0.1787969329226044
0.2873635060693305 0.5 0.307931056050354
0.2497669471739563 0.5 0.2438721736364018
0.2123633591520711 0.5 0.3078902512908859
3.212636494042901 0.5 0.3079310562869584
3.25023305288228 0.5 0.2438721737552261
3.287636640876007 0.5 0.3078902513501305
2.299840238902716 0.5 0.6280195441868303
1.200159911776036 0.5 0.6280193295176393
3.440100968759259 0.5 0.106230513023354
0.05989903124074103 0.5 0.1062305130233535
2.17636620736199 0.5 0.5732080090044513
1.323635072175509 0.5 0.5732063878690313
1.112528022987743 0.5 0.1803458120806886
2.387465333849725 0.5 0.1803615344183215
3.212827389833432 0.5 0.1812314007999916
3.287826769689737 0.5 0.1816995502119035
0.2871726102134731 0.5 0.1812314007007993
0.2121732303274539 0.5 0.181699550175561
2.612824910951146 0.5 0.1804544504849917
0.8871755068773342 0.5 0.180451901527719
2.237008905341245 0.5 0.1808600216271614
1.262989667799452 0.5 0.1808565941374349
2.262358825612443 0.5 0.8197945405318198
1.237641318335482 0.5 0.8197870216216798
2.187344684491751 0.5 0.8194027546536735
1.312667171411023 0.5 0.8194021796151931
2.942916249732033 0.5 0.3732216545877372
0.5570837560827842 0.5 0.3732216426906482
2.433347264784302 0.5 0.1167681367584652
1.066651395792054 0.5 0.1167648495337319
0.3249628573971324 0.5 0.3738437197872234
3.175037142602865 0.5 0.373843719787233
2.342603437454172 0.5 0.8192493755287813
1.157396641296375 0.5 0.8192470086488939
1.321727506910031 0.5 0.314582030849296
2.178272157411608 0.5 0.3145835382886539
2.373836318189376 0.5 0.7575178893759634
1.126163749694941 0.5 0.7575163811677851
2.15705695983058 0.5 0.1814581457056675
1.342942582062022 0.5 0.181456956686091
2.37675260069054 0.5 0.8842209433613806
1.123247408684526 0.5 0.8842206615899656
1.061858957413174 0.5 0.5357142857142858
2.438141042586826 0.5 0.5357142857142856
2.12205853718644 0.5 0.5217597731066342
2.143165748068339 0.5 0.4513928756701612
1.37798743345129 0.5 0.5217473095689473
1.356839825689273 0.5 0.4513912319403253
1.402752348401012 0.5 0.3941924784369612
2.097248315141561 0.5 0.3941926741190848
1.333972525082894 0.5 0.3854220959242049
2.1660280489433 0.5 0.3854224947885121
0.7783320870724316 0.5 0.3721008878024135
2.721668151576296 0.5 0.3721014013608274
3.257094315118099 0.5 0.1214649302952523
0.2429056848925839 0.5 0.1214649302726603
1.282053711690307 0.5 0.8795587670114771
2.217949044851504 0.5 0.8795605031071331
0.9914634143835184 0.5 0.1179611004959618
2.508535744148652 0.5 0.1179625351114905
1.573552721497975 0.5 0.6264516635784922
1.612725597352876 0.5 0.6907122129798271
1.576231613977336 0.5 0.7561211485231922
1.651445408093459 0.5 0.7549449095172923
1.687873316070727 0.5 0.6902253467747196
1.726492035263253 0.5 0.7538076718178133
1.762895053591471 0.5 0.6889941515016312
1.799307134273986 0.5 0.7522786890850112
1.764746942592036 0.5 0.8179721591075865
1.84009952179061 0.5 0.8166854431589896
1.83313498983506 0.5 0.6889423581338902
1.615070458298465 0.5 0.8184803807293051
1.539116487151685 0.5 0.8187793687892384
1.807222399668776 0.5 0.8810290315386278
1.735948950351767 0.5 0.8805676801083272
1.795003255052233 0.5 0.6245183735043327
1.863132142418402 0.5 0.6268925374000693
1.583707140996139 0.5 0.8788080575189556
2.573870991502798 0.5 0.3723844390599401
0.9261291918106557 0.5 0.3723826982607863
2.312230429103611 0.5 0.1813265189275095
2.268526482401668 0.5 0.112961630458691
1.187760663377702 0.5 0.1813093147453851
1.231472041258619 0.5 0.1129586830769979
2.387717393507068 0.5 0.3076206139872462
1.112281072579172 0.5 0.3075724850486496
2.00013225030124 0.5 0.7572138311352532
2.033247940441294 0.5 0.8216039427615098
1.958789076429126 0.5 0.8193721991466107
1.927874901695026 0.5 0.7559105428263933
1.500529004654222 0.5 0.7562573987242329
1.463239721620556 0.5 0.8190157188547222
1.387784827606622 0.5 0.8187953334459274
1.432456096645882 0.5 0.8792449632327243
2.111665462928916 0.5 0.8192331417112304
2.062314711047393 0.5 0.8815856693106331
2.350218668937495 0.5 0.2427947681365341
1.215991791922403 0.5 0.5011275807791499
2.284008661703905 0.5 0.5011287393841367
2.539173088283798 0.5 0.1815532376790625
0.9608245388697474 0.5 0.1815509674135454
2.149833945033763 0.5 0.7571556463843339
1.350166473623972 0.5 0.7569204982460518
2.687826059960672 0.5 0.180917856127091
2.657212113981024 0.5 0.1206248178092205
0.8121752468253067 0.5 0.1809150449727357
0.8427879809752274 0.5 0.1206238518202912
2.762826551493695 0.5 0.1810669134973512
2.80858248643415 0.5 0.1171385757847404
2.883576541988629 0.5 0.1183435836455587
1.16648499227664 0.5 0.6945787646030461
1.123140029012842 0.5 0.6360268865400494
2.333515338276423 0.5 0.6945804426647113
2.37686003973456 0.5 0.6360271569301716
1.380056608613958 0.5 0.2617378217083921
1.370136071370447 0.5 0.1184929721170703
2.119943089121245 0.5 0.2617387357310512
2.129863852277665 0.5 0.1184931703708105
0.7371739062757283 0.5 0.1810659647598221
0.6914175839894801 0.5 0.1171384145065554
0.6164234711552412 0.5 0.11834354879339
0.5858144431155228 0.5 0.1816103569512756
0.6317543650818169 0.5 0.3728363735922957
2.86824565820829 0.5 0.3728364210236245
2.98782758485589 0.5 0.1809265672779481
3.03358259344099 0.5 0.1173139670765038
3.108576480454559 0.5 0.1185646429019913
0.3621730645221546 0.5 0.1814759599890756
0.3927831310510033 0.5 0.1184047528445969
0.4652854804108628 0.5 0.117690719147671
3.322254724244117 0.5 0.2426392115646526
3.368133042720474 0.5 0.3003410631583003
3.322941223225047 0.5 0.3785216181164438
3.362830514318562 0.5 0.1792707269551081
3.139184903498771 0.5 0.1822495021848143
3.090535249837498 0.5 0.3730699465038932
0.4094647505349296 0.5 0.3730699457224645
0.1777452757728004 0.5 0.2426392115289115
0.131577277656487 0.5 0.3005088922020974
0.1371694856814394 0.5 0.1792707269550962
0.1757934974660902 0.5 0.3754032621467551
1.937597571911631 0.5 0.939265289607537
1.89831394056929 0.5 0.8700477169514645
0.5103990350224303 0.5 0.1820762187672392
2.914185013500002 0.5 0.1819805340848176
1.691214672381184 0.5 0.8163773559790301
1.14974319522479 0.5 0.2427275566126923
1.64737106025375 0.5 0.6264458529872942
2.607142857142858 0.5 0.4381410425868256
1.607142857142857 0.5 0.561858957413174
3.429338003070248 0.5 0.1798430200064854
0.8928571428571432 0.5 0.4381410425868256
3.438455350160186 0.5 0.3265014013443355
0.07066199692975172 0.5 0.17984302000648
0.06087380654976249 0.5 0.3266382484627264
1.681659342604872 0.5 0.5630357167103022
0.8520638920930534 0.5 0.3721463779140204
2.647936274848325 0.5 0.3721471334365303
0.7458737230482304 0.5 0.4361874763831534
2.7541263167266 0.5 0.436187561976274
0.7053839439726755 0.5 0.3723490551901637
2.794616187150976 0.5 0.3723493288242129
0.6059539080184879 0.5 0.4396954132210028
2.894046093244233 0.5 0.4396954157965451
2.440905037009752 0.5 0.607142857142857
1.059094962990247 0.5 0.6071428571428575
0.530883461903521 0.5 0.4378393392496865
2.969116538939045 0.5 0.4378393409726196
1.721456811296031 0.5 0.6258136216248518
3.382089460944556 0.5 0.0671171108511176
0.1179105390554451 0.5 0.06711711085111471
0.3884960308008325 0.5 0.4397336359932756
3.111503969230838 0.5 0.4397336360597267
0.4823019123540127 0.5 0.3716486595833838
3.017698089539247 0.5 0.3716486634973
0.3213437462435225 0.5 0.4459674082545427
3.17865625375971 0.5 0.4459674082613275
1.822595790501495 0.5 0.5593569586187418
0.1788372352946952 0.5 0.4489509015732229
3.321731993933014 0.5 0.4513967141710499
2.440807736504155 0.5 0.7464595315588995
1.059192269268321 0.5 0.7464594033099055
0.2500957518717775 0.5 0.3601437807296933
3.249651192294512 0.5 0.3607674519828032
1.449772102490743 0.5 0.252380328915794
2.050227837055512 0.5 0.2523805118208992
3.388181665702084 0.5 0.4363766182471187
0.05718866163444458 0.5 0.392857142857143
1.895659934805281 0.5 0.5639130775451804
2.200861957678847 0.5 0.5040048257568944
1.299144485960118 0.5 0.504002557599483
2.330865325121072 0.5 0.5688864002286915
1.169134923290995 0.5 0.5688857904754802
1.244478815117821 0.5 0.5682275800525329
2.255522448321861 0.5 0.5682288071532121
1.785351312324705 0.5 0.9442433144807748
1.70504808426248 0.5 0.9399238714071977
1.660232218250053 0.5 0.8793997075005073
1.553360228579646 0.5 0.9394390805219701
1.43934816031726 0.5 0.1022423104678731
2.06065182695677 0.5 0.102242343593974
3.329437211594333 0.5 0.1223326772759317
0.1705627884103138 0.5 0.1223326772661042
1.508560374106181 0.5 0.8796849273055122
3.227567295120607 0.5 0.06093090136356316
0.2724327048811723 0.5 0.06093090135979812
1.059573280855959 0.5 0.8983202751657821
2.440426720706552 0.5 0.8983203221276841
3.183259428442825 0.5 0.120309652674926
0.3171935014881497 0.5 0.1201540806118138
0.4174121934321877 0.5 0.05578924579324485
3.082614911967503 0.5 0.05576342888683555
3.003485357974669 0.5 0.05960033444377416
0.496330504458661 0.5 0.0596674282831432
1.935394545487225 0.5 0.6325525078554439
2.196635145658538 0.5 0.1318139978737519
1.303364166809801 0.5 0.1318124454448046
2.958660553188149 0.5 0.1192395980550452
0.5408244515008098 0.5 0.1194434784705604
2.857614911403749 0.5 0.05562392804924077
0.6423850988079598 0.5 0.0556239038505788
0.721514674411045 0.5 0.05949829664687339
2.778485323831113 0.5 0.05949832439788427
1.146652331918238 0.5 0.1218394954361786
2.353346106309264 0.5 0.1218428254639154
0.7667938574406437 0.5 0.1193950371149497
2.733206460144612 0.5 0.1193958546484566
2.262625195517672 0.5 0.04708927408729419
1.237374509214385 0.5 0.04708868461095544
0.8722948684177403 0.5 0.06029703202728581
2.627704936801153 0.5 0.06029728287195735
2.583292484666517 0.5 0.1196542144619827
0.9167070030679689 0.5 0.1196529567168648
2.482581800329319 0.5 0.05538087683434084
1.017417918935692 0.5 0.05538030568683489
1.979838096579516 0.5 0.8815147611956129
1.402719421338774 0.5 0.9396904447918534
1.357816214509923 0.5 0.8799529488549509
1.096140279983471 0.5 0.05852872823801603
2.403859189694674 0.5 0.05852992630467879
2.095762360680059 0.5 0.9400324038716269
2.140970142353072 0.5 0.8804736573312982
1.201828697950167 0.5 0.8755048731016741
2.298171431710015 0.5 0.8755053895382764
1.252515464271327 0.5 0.9401913194015531
2.247485124843295 0.5 0.9401919392070898
2.109740863065964 0.5 0.05619871502355106
1.390259122087727 0.5 0.05619867646024423
1.897743768701146 0.5 0.6910689680390122
2.393828465051453 0.5 0.9457392211495339
1.106171536771477 0.5 0.9457391663606477
0.1090574966956557 0.5 0.3659933257661343
1.86622772583549 0.5 0.7525963123097219
3.389720647382466 0.5 0.3665164128576154
1.899206038717116 0.5 0.8106918726150354
0.1176334235969283 0.5 0.2339281770384915
3.38236657640307 0.5 0.2339281770385031
3.387167275964486 0.5 0.1292977510730429
0.1128327240361791 0.5 0.1292977510716324
2.122041861476696 0.5 0.3374913854935296
1.377958224184105 0.5 0.3374909546351798
1.109145289495032 0.5 0.5705023910799805
2.390854937404463 0.5 0.5705028057353623
3.448074338246067 0.5 0.4480743382460675
0.05192566175393254 0.5 0.4480743382460672
3.447334586146222 0.5 0.05163797026075401
0.05266541385377899 0.5 0.05163797026075501
1.052214213467821 0.5 0.9488357901445018
2.447785786532178 0.5 0.9488357901445015
2.052209970719816 0.5 0.05115975497009284
1.447790029280184 0.5 0.05115975497009256
1.280616919584185 0.5 0.3625935766468551
2.219383080415815 0.5 0.3625935766468555
2.428525016956006 0.5 0.4808800945588927
1.071475090174106 0.5 0.4808797336230165
2.113499780572698 0.5 0.5829830195728625
1.386546995827884 0.5 0.5829696357641779
2.040259180861568 0.5 0.392857142857143
1.459740819138431 0.5 0.3928571428571425
2.391131471532931 0.5 0.704060790966113
1.10886855309 0.5 0.7040606043298692
2 15 0 17
2280
2281
2282
2283
2284
2285
2286
2287
2288
2289
2290
2291
2292
2293
2294
2295
2296
3.5 0.2734216084384614 -0.07045226141427047
3.5 0.3914461028871715 -0.2844769917639214
3.5 0.1833955290436119 -0.3976039163485697
3.5 0.384572421004702 -0.06760796302760283
3.5 0.1129430565582561 -0.07404106123196044
3.5 0.1846618788518391 -0.1568954288849606
3.5 0.3151952387368814 -0.3991965824455737
3.5 0.09654337377116619 -0.2807780870035221
3.5 0.3195693882443333 -0.1688141888549746
3.5 0.2484685852558339 -0.2812941992169203
3.5 0.07164376581592451 -0.1415985715463327
3.5 0.4266456044036535 -0.1431293326340086
3.5 0.05120307876055037 -0.06047689929083662
3.5 0.4479578907959568 -0.05949643186750029
3.5 0.1856338801982826 -0.0602777503062383
3.5 0.08098778056295558 -0.4064357241430835
3.5 0.4163282683248104 -0.4074940383145642
2 16 0 73
2297
2298
2299
2300
2301
2302
2303
2304
2305
2306
2307
2308
2309
2310
2311
2312
2313
2314
2315
2316
2317
2318
2319
2320
2321
2322
2323
2324
2325
2326
2327
2328
2329
2330
2331
2332
2333
2334
2335
2336
2337
2338
2339
2340
2341
2342
2343
2344
2345
2346
2347
2348
2349
2350
2351
2352
2353
2354
2355
2356
2357
2358
2359
2360
2361
2362
2363
2364
2365
2366
2367
2368
2369
0.6562499999999973 0.1262953713852296 -0.5
0.3664834746824006 0.3764023751443198 -0.5
0.9479166666666607 0.12629537138523 -0.5
2.55246581573477 0.1244738456576325 -0.5
2.260416666666666 0.3737046286147693 -0.5
1.239583333333327 0.1262953713852308 -0.5
3.133899007719037 0.3754444303402079 -0.5
2.843749999999999 0.3737046286147693 -0.5
1.822534184265227 0.3755261543423675 -0.5
1.531249999999996 0.1262953713852311 -0.5
0.2124866403566208 0.1043825618975356 -0.5
0.8017008509318937 0.375526154342367 -0.5
3.28751335964338 0.1043825618975384 -0.5
1.093749999999996 0.3737046286147696 -0.5
2.989200850931896 0.1244738456576325 -0.5
2.114583333333332 0.1262953713852311 -0.5
1.3857991490681 0.3755261543423679 -0.5
0.1167820770820276 0.3131603255710787 -0.5
3.383217922917973 0.3131603255710794 -0.5
2.55246581573477 0.3743427584610922 -0.5
1.822534184265227 0.1256572415389081 -0.5
0.5104166666666612 0.1262953713852366 -0.5
0.5833333333333353 0.2531396874209881 -0.5
1.96870446638078 0.3745383204324502 -0.5
2.260416666666666 0.1262953713852308 -0.5
3.136396812873657 0.1214760679258618 -0.5
1.96871747598627 0.1258005061312134 -0.5
2.114580567685906 0.3740699819528769 -0.5
0.947871133047443 0.3745383204324507 -0.5
2.697916666666666 0.3737046286147698 -0.5
2.770833333333332 0.246860312579014 -0.5
1.677083333333331 0.1262953713852307 -0.5
1.604166666666663 0.2531396874209865 -0.5
1.3857991490681 0.1256572415389082 -0.5
2.988947907773958 0.3746327254153315 -0.5
2.406295533619218 0.1254616795675494 -0.5
2.406282524013728 0.3741994938687873 -0.5
1.093749999999997 0.1262953713852281 -0.5
0.8017008509318941 0.1256572415389066 -0.5
1.239628866952547 0.3745383204324511 -0.5
0.3639219224608761 0.122005106624294 -0.5
0.5104166666666612 0.3780995909764462 -0.5
2.843522331903906 0.1227915150317066 -0.5
2.698208298656423 0.1232540414835584 -0.5
1.53147766809609 0.3772084849682937 -0.5
1.676791701343572 0.3767459585164419 -0.5
0.6560223319039054 0.3772084849682944 -0.5
2.625781469449204 0.2487367965815355 -0.5
0.7283928119667076 0.2513182660913021 -0.5
2.915862699686 0.2487162537842004 -0.5
1.749218530550792 0.2512632034184648 -0.5
1.459107188033289 0.2513182660913046 -0.5
0.437706455079435 0.2509903552585462 -0.5
1.020833333333329 0.2500000000000004 -0.5
2.333333333333333 0.25 -0.5
0.8748113865330849 0.2503970659274115 -0.5
2.479360058557741 0.2496684016829282 -0.5
1.312688613466906 0.2503970659274118 -0.5
0.2619270998314556 0.2476289539888936 -0.5
3.238202567713603 0.247275048451595 -0.5
2.1875 0.2500000000000001 -0.5
1.895639941442256 0.2503315983170717 -0.5
3.067084974449692 0.2486697285958048 -0.5
2.041620964138091 0.2501726297031405 -0.5
1.16666666666666 0.2499999999999994 -0.5
0.1106854139894615 0.1837786402429178 -0.5
3.389336197268048 0.183719655986702 -0.5
3.290817138613991 0.395563300727147 -0.5
0.2092682197104248 0.3957819424507153 -0.5
3.405640345639726 0.4167447252596452 -0.5
0.09380107753588307 0.08263224042809066 -0.5
3.406203244715619 0.08262044357684804 -0.5
0.0943767260251569 0.4167884536043587 -0.5
2 17 0 16
2370
2371
2372
2373
2374
2375
2376
2377
2378
2379
2380
2381
2382
2383
2384
2385
0 0.2224012002751962 -0.07045226141427052
0 0.3914461028871715 -0.2844769917639217
0 0.1833955290436119 -0.3976039163485698
0 0.3928571428571423 -0.06185895741317438
0 0.09299608983523201 -0.08572741165038072
0 0.1620964777164128 -0.1847671236139811
0 0.3151952387368814 -0.3991965824455738
0 0.1103036345417552 -0.3095043000884246
0 0.3105062590640456 -0.1566952542368021
0 0.2454905403316464 -0.2887073614162122
0 0.4265158698490122 -0.1401513425952421
0 0.03767925641460095 -0.04327973394932372
0 0.4495888882555166 -0.05775103273686139
0 0.3137243490107051 -0.05780129461284944
0 0.0837398327170734 -0.4121809667600641
0 0.4163282683248105 -0.4074940383145644
2 18 0 107
2386
2387
2388
2389
2390
2391
2392
2393
2394
2395
2396
2397
2398
2399
2400
2401
2402
2403
2404
2405
2406
2407
2408
2409
2410
2411
2412
2413
2414
2415
2416
2417
2418
2419
2420
2421
2422
2423
2424
2425
2426
2427
2428
2429
2430
2431
2432
2433
2434
2435
2436
2437
2438
2439
2440
2441
2442
2443
2444
2445
2446
2447
2448
2449
2450
2451
2452
2453
2454
2455
2456
2457
2458
2459
2460
2461
2462
2463
2464
2465
2466
2467
2468
2469
2470
2471
2472
2473
2474
2475
2476
2477
2478
2479
2480
2481
2482
2483
2484
2485
2486
2487
2488
2489
2490
2491
2492
1.56031079928342 0 0.2704081632653056
1.582503786009565 0 0.04385261160454579
1.233832147118991 0 -0.09311354012724796
2.253667852881009 0 -0.09311354012724787
0.9535714285714285 0 -0.07423074889580906
2.5625 0 -0.08660254037844374
1.477613803088301 0 -0.07267544200384043
2.032746560424769 0 -0.073055634820791
0.6251165575682043 0 -0.08951143271706896
2.849883442431795 0 -0.08951143271706938
0.3375000000000001 0 -0.08660254037844337
3.178571428571429 0 -0.074230748895809
1.824618442767037 0 0.4106796339034829
1.937256021123818 0 -0.09059939116008997
1.912404368672996 0 0.1167556486108133
3.334086985943601 0 -0.06567301524929378
0.1837437544943716 0 -0.07866862276316058
3.041581632653061 0 -0.075556297983234
0.5125166510811721 0 -0.07773925281484274
2.4125 0 -0.08660254037844371
2.737383442431796 0 -0.08023258910509352
1.105343367955774 0 -0.07957938867515069
0.8166815391400934 0 -0.07804963427348428
1.915540377611283 0 0.2244662625737593
1.68187238005833 0 -0.3790361330664229
1.5789383357688 0 0.4099972221600877
1.391078184469424 0 -0.3910979797666558
2.106596452378789 0 -0.3843406470799363
0.1380806275020938 0 -0.2819806620629042
3.361919372497906 0 -0.2819806620629035
0.364583333333331 0 -0.3737046286147703
3.135416666666666 0 -0.3737046286147693
0.6518689696915718 0 -0.3540167084474247
2.848131030308425 0 -0.3540167084474252
0.9448434210231696 0 -0.3488002564506727
2.555156578976827 0 -0.3488002564506735
2.335003427629806 0 -0.1898138980420188
1.166303229091189 0 -0.2094537048845005
1.811079583446159 0 0.1689601533285366
1.705576911384075 0 0.421965210577214
2.93442572761677 0 -0.1896219745851269
0.5668042678925884 0 -0.2029722614751948
2.637822477523723 0 -0.1887548345101991
0.8738131779128743 0 -0.2069628649955517
1.578870170701797 0 -0.06517857142857142
1.518705962025763 0 -0.1941807348139732
1.69361278106523 0 -0.01094019406170249
1.723915060797732 0 -0.1500997701736328
2.217118162796114 0 -0.1950279310402463
1.291990835419704 0 -0.196868835815702
2.001170109585789 0 -0.1786849577657756
0.2447884976609036 0 -0.1646381379419241
3.263813780897179 0 -0.1770246102188559
1.861195363452815 0 -0.2074931078565978
1.974218693453756 0 -0.3447561651064658
2.251262385776193 0 -0.3341515760144005
1.255662282054402 0 -0.3401358449614599
1.930394212193409 0 0.4260154579045792
3.107737142153543 0 -0.2177780373315996
0.4124999999999992 0 -0.194855715851499
2.484905517808284 0 -0.1907263310608653
2.702231437468224 0 -0.3457567981400221
2.784979592963455 0 -0.207982389584156
2.997604432549056 0 -0.3502247392392742
1.0125 0 -0.194855715851499
0.7979819301172498 0 -0.3536814832961497
0.7206809203317974 0 -0.1928780414983867
0.5084248708980101 0 -0.340865709197182
1.094468155361458 0 -0.3488742536913554
2.406471318365185 0 -0.3439153435946597
0.09882734236355173 0 -0.1367777927200844
3.410037473033774 0 -0.1472522101598041
1.529431092299445 0 -0.3530884586844879
1.784773433993281 0 0.2873979351567538
3.277414028936023 0 -0.3912700536694629
0.2225859710639755 0 -0.3912700536694635
1.655833221862042 0 0.1428571428571425
1.819954556812924 0 -0.3670298833769051
1.799418148642062 0 0.05507076656199175
1.631567039410397 0 -0.2354129270665055
2.131826887733923 0 -0.1004146063237756
1.74370088010644 0 -0.2678143643080129
1.398845172930453 0 -0.2614585170163531
1.365492882713945 0 -0.1040179037766576
1.819403290443977 0 -0.07445354474024045
3.3938807091152 0 -0.3937797222452782
0.1061192908848001 0 -0.393779722245279
1.911413638147142 0 0.01303367511684103
2.9375 0 -0.06495190528383142
2.335234256102163 0 -0.07390599570954209
2.486981103561657 0 -0.07278628236355053
0.717495803408019 0 -0.07208782169778799
2.642541183991104 0 -0.07111799279874728
0.4175033302162343 0 -0.07183950180895701
0.2582064504310551 0 -0.06598186021670563
0.1115926227018924 0 -0.06151892532246207
2.10975982030541 0 -0.2582880204449219
1.917483924853975 0 0.3289101195028917
1.555600595711727 0 0.1755102040816323
1.559665074058526 0 0.1129701981592498
3.433824891795475 0 -0.05993401781699759
0.05708399301308864 0 -0.05700831634368733
1.657086540458324 0 0.3065251348033007
3.223976548832008 0 -0.2911526585836062
0.2765076859120605 0 -0.2812898396281122
1.964611211361068 0 0.4638292909523484
1.537591726799343 0 0.4596421626828789
2 19 0 106
2493
2494
2495
2496
2497
2498
2499
2500
2501
2502
2503
2504
2505
2506
2507
2508
2509
2510
2511
2512
2513
2514
2515
2516
2517
2518
2519
2520
2521
2522
2523
2524
2525
2526
2527
2528
2529
2530
2531
2532
2533
2534
2535
2536
2537
2538
2539
2540
2541
2542
2543
2544
2545
2546
2547
2548
2549
2550
2551
2552
2553
2554
2555
2556
2557
2558
2559
2560
2561
2562
2563
2564
2565
2566
2567
2568
2569
2570
2571
2572
2573
2574
2575
2576
2577
2578
2579
2580
2581
2582
2583
2584
2585
2586
2587
2588
2589
2590
2591
2592
2593
2594
2595
2596
2597
2598
1.56031079928342 0.5 0.2704081632653056
1.582503786009565 0.5 0.04385261160454579
1.233832147118991 0.5 -0.09311354012724796
2.253667852881009 0.5 -0.09311354012724787
0.9535714285714285 0.5 -0.07423074889580906
2.5625 0.5 -0.08660254037844374
1.477613803088301 0.5 -0.07267544200384043
2.032746560424769 0.5 -0.073055634820791
0.6251165575682043 0.5 -0.08951143271706896
2.849883442431795 0.5 -0.08951143271706938
0.3375000000000001 0.5 -0.08660254037844337
3.178571428571429 0.5 -0.074230748895809
1.824618442767037 0.5 0.4106796339034829
1.937256021123818 0.5 -0.09059939116008997
1.912404368672996 0.5 0.1167556486108133
3.334086985943601 0.5 -0.0656730152492938
0.1837437544943716 0.5 -0.07866862276316058
3.041581632653061 0.5 -0.075556297983234
0.5125166510811721 0.5 -0.07773925281484274
2.4125 0.5 -0.08660254037844371
2.737383442431796 0.5 -0.08023258910509352
1.105343367955774 0.5 -0.07957938867515069
0.8166815391400934 0.5 -0.07804963427348428
1.915540377611283 0.5 0.2244662625737593
1.68187238005833 0.5 -0.3790361330664229
1.5789383357688 0.5 0.4099972221600877
1.391078184469424 0.5 -0.3910979797666558
2.106596452378789 0.5 -0.3843406470799363
0.1380806275020938 0.5 -0.2819806620629042
3.361919372497906 0.5 -0.2819806620629035
0.364583333333331 0.5 -0.3737046286147703
3.135416666666666 0.5 -0.3737046286147693
0.6518689696915718 0.5 -0.3540167084474247
2.848131030308425 0.5 -0.3540167084474252
0.9448434210231696 0.5 -0.3488002564506727
2.555156578976827 0.5 -0.3488002564506735
2.335003427629806 0.5 -0.1898138980420188
1.166303229091189 0.5 -0.2094537048845005
1.811079583446159 0.5 0.1689601533285366
1.705576911384075 0.5 0.421965210577214
2.93442572761677 0.5 -0.1896219745851269
0.5668042678925884 0.5 -0.2029722614751948
2.637822477523723 0.5 -0.1887548345101991
0.8738131779128743 0.5 -0.2069628649955517
1.578870170701797 0.5 -0.06517857142857142
1.518705962025763 0.5 -0.1941807348139732
1.69361278106523 0.5 -0.01094019406170249
1.723915060797732 0.5 -0.1500997701736328
2.217118162796114 0.5 -0.1950279310402463
1.291990835419704 0.5 -0.196868835815702
2.001170109585789 0.5 -0.1786849577657756
0.2447884976609036 0.5 -0.1646381379419241
3.263813780897179 0.5 -0.1770246102188559
1.861195363452815 0.5 -0.2074931078565978
1.974218693453756 0.5 -0.3447561651064658
2.251262385776193 0.5 -0.3341515760144005
1.255662282054402 0.5 -0.3401358449614599
1.924745628511358 0.5 0.4196370818410566
3.107737142153543 0.5 -0.2177780373315996
0.4124999999999992 0.5 -0.194855715851499
2.484905517808284 0.5 -0.1907263310608653
2.702231437468224 0.5 -0.3457567981400221
2.784979592963455 0.5 -0.207982389584156
2.997604432549056 0.5 -0.3502247392392742
1.0125 0.5 -0.194855715851499
0.7979819301172498 0.5 -0.3536814832961497
0.7206809203317974 0.5 -0.1928780414983867
0.5084248708980101 0.5 -0.340865709197182
1.094468155361458 0.5 -0.3488742536913554
2.406471318365185 0.5 -0.3439153435946597
0.09882734236355173 0.5 -0.1367777927200844
3.410037473033774 0.5 -0.1472522101598041
1.529431092299445 0.5 -0.3530884586844879
1.784773433993281 0.5 0.2873979351567538
3.277414028936023 0.5 -0.3912700536694629
0.2225859710639755 0.5 -0.3912700536694635
1.655833221862042 0.5 0.1428571428571425
1.819954556812924 0.5 -0.3670298833769051
1.799418148642062 0.5 0.05507076656199175
1.631567039410397 0.5 -0.2354129270665055
2.131826887733923 0.5 -0.1004146063237756
1.74370088010644 0.5 -0.2678143643080129
1.398845172930453 0.5 -0.2614585170163531
1.365492882713945 0.5 -0.1040179037766576
1.819403290443977 0.5 -0.07445354474024045
3.3938807091152 0.5 -0.3937797222452782
0.1061192908848001 0.5 -0.393779722245279
1.911413638147142 0.5 0.01303367511684103
2.9375 0.5 -0.06495190528383142
2.335234256102163 0.5 -0.07390599570954209
2.486981103561657 0.5 -0.07278628236355053
0.717495803408019 0.5 -0.07208782169778799
2.642541183991104 0.5 -0.07111799279874728
0.4175033302162343 0.5 -0.07183950180895701
0.2582064504310551 0.5 -0.06598186021670563
0.1115926227018924 0.5 -0.06151892532246207
2.10975982030541 0.5 -0.2582880204449219
1.916811474415636 0.5 0.3281507890191391
1.555600595711727 0.5 0.1755102040816323
1.559665074058526 0.5 0.1129701981592498
3.433824891795475 0.5 -0.05993401781699759
0.05708399301308864 0.5 -0.05700831634368733
1.657086540458324 0.5 0.3065251348033008
3.223976548832008 0.5 -0.2911526585836062
0.2765076859120605 0.5 -0.2812898396281122
1.537591726799343 0.5 0.4596421626828789
2 20 0 28
2599
2600
2601
2602
2603
2604
2605
2606
2607
2608
2609
2610
2611
2612
2613
2614
2615
2616
2617
2618
2619
2620
2621
2622
2623
2624
2625
2626
3.5 0.2804118096972546 0.5701426302150665
3.5 0.3827449614555651 0.8891777460023287
3.5 0.1189880562147518 1.166969277757572
3.5 0.3825627802863527 1.296592768756334
3.5 0.08624969880384026 0.6288401267785763
3.5 0.4291072002165884 0.6340611304139365
3.5 0.1218803724350114 0.8872753089247311
3.5 0.1860481287930094 1.391910483921648
3.5 0.3792364660277877 1.027358930673812
3.5 0.2528065444488357 0.957229088127357
3.5 0.2558515266561407 0.800960656565463
3.5 0.2474502724564168 1.098273550023235
3.5 0.1235208742591693 1.026752246504853
3.5 0.2479639558992014 1.258165543862226
3.5 0.382562780286353 1.160987947927223
3.5 0.1052561721296499 0.753235527518785
3.5 0.3980916549152971 0.7520152885641902
3.5 0.3098144235227208 1.393370519200622
3.5 0.1061621937152049 1.298900800027051
3.5 0.2045311461703005 0.6655589279372959
3.5 0.1041581202372832 0.5505911900970164
3.5 0.3863284348583734 0.5674957917044507
3.5 0.1720822720085892 0.5691888125046591
3.5 0.08948253145340471 1.407325196324986
3.5 0.4134754407618146 1.410871693425569
3.5 0.05236727809393896 0.5517747960395252
3.5 0.4488014127292781 0.5561999170880841
3.5 0.3257202954189924 0.6650390709000671
2 21 0 73
2627
2628
2629
2630
2631
2632
2633
2634
2635
2636
2637
2638
2639
2640
2641
2642
2643
2644
2645
2646
2647
2648
2649
2650
2651
2652
2653
2654
2655
2656
2657
2658
2659
2660
2661
2662
2663
2664
2665
2666
2667
2668
2669
2670
2671
2672
2673
2674
2675
2676
2677
2678
2679
2680
2681
2682
2683
2684
2685
2686
2687
2688
2689
2690
2691
2692
2693
2694
2695
2696
2697
2698
2699
0.6562499999999973 0.1262953713852296 1.5
0.3664834746824006 0.3764023751443198 1.5
0.9479166666666607 0.12629537138523 1.5
2.55246581573477 0.1244738456576325 1.5
2.260416666666666 0.3737046286147693 1.5
1.239583333333327 0.1262953713852308 1.5
3.133899007719037 0.3754444303402079 1.5
2.843749999999999 0.3737046286147693 1.5
1.822534184265227 0.3755261543423675 1.5
1.531249999999996 0.1262953713852311 1.5
0.2124866403566208 0.1043825618975356 1.5
0.8017008509318937 0.375526154342367 1.5
3.28751335964338 0.1043825618975384 1.5
1.093749999999996 0.3737046286147696 1.5
2.989200850931896 0.1244738456576325 1.5
2.114583333333332 0.1262953713852311 1.5
1.3857991490681 0.3755261543423679 1.5
0.1167820770820276 0.3131603255710787 1.5
3.383217922917973 0.3131603255710794 1.5
2.55246581573477 0.3743427584610922 1.5
1.822534184265227 0.1256572415389081 1.5
0.5104166666666612 0.1262953713852366 1.5
0.5833333333333353 0.2531396874209881 1.5
1.96870446638078 0.3745383204324502 1.5
2.260416666666666 0.1262953713852308 1.5
3.136396812873657 0.1214760679258618 1.5
1.96871747598627 0.1258005061312134 1.5
2.114580567685906 0.3740699819528769 1.5
0.947871133047443 0.3745383204324507 1.5
2.697916666666666 0.3737046286147698 1.5
2.770833333333332 0.246860312579014 1.5
1.677083333333331 0.1262953713852307 1.5
1.604166666666663 0.2531396874209865 1.5
1.3857991490681 0.1256572415389082 1.5
2.988947907773958 0.3746327254153315 1.5
2.406295533619218 0.1254616795675494 1.5
2.406282524013728 0.3741994938687873 1.5
1.093749999999997 0.1262953713852281 1.5
0.8017008509318941 0.1256572415389066 1.5
1.239628866952547 0.3745383204324511 1.5
0.3639219224608761 0.122005106624294 1.5
0.5104166666666612 0.3780995909764462 1.5
2.843522331903906 0.1227915150317066 1.5
2.698208298656423 0.1232540414835584 1.5
1.53147766809609 0.3772084849682937 1.5
1.676791701343572 0.3767459585164419 1.5
0.6560223319039054 0.3772084849682944 1.5
2.625781469449204 0.2487367965815355 1.5
0.7283928119667076 0.2513182660913021 1.5
2.915862699686 0.2487162537842004 1.5
1.749218530550792 0.2512632034184648 1.5
1.459107188033289 0.2513182660913046 1.5
0.437706455079435 0.2509903552585462 1.5
1.020833333333329 0.2500000000000004 1.5
2.333333333333333 0.25 1.5
0.8748113865330849 0.2503970659274115 1.5
2.479360058557741 0.2496684016829282 1.5
1.312688613466906 0.2503970659274118 1.5
0.2619270998314556 0.2476289539888936 1.5
3.238202567713603 0.247275048451595 1.5
2.1875 0.2500000000000001 1.5
1.895639941442256 0.2503315983170717 1.5
3.067084974449692 0.2486697285958048 1.5
2.041620964138091 0.2501726297031405 1.5
1.16666666666666 0.2499999999999994 1.5
0.1106854139894615 0.1837786402429178 1.5
3.389336197268048 0.183719655986702 1.5
3.290817138613991 0.3955633007271469 1.5
0.2092682197104248 0.3957819424507153 1.5
3.405640345639726 0.4167447252596452 1.5
0.09380107753588307 0.08263224042809066 1.5
3.406203244715619 0.08262044357684804 1.5
0.0943767260251569 0.4167884536043587 1.5
2 22 0 27
2700
2701
2702
2703
2704
2705
2706
2707
2708
2709
2710
2711
2712
2713
2714
2715
2716
2717
2718
2719
2720
2721
2722
2723
2724
2725
2726
0 0.2395956713086977 0.5701061703846145
0 0.122010777610975 0.8874711939485527
0 0.1189880562147517 1.166969277757573
0 0.3825627802863533 1.296592768756334
0 0.3792948382330835 1.027459024051593
0 0.07661862031375938 0.6353958658827671
0 0.4292305442461615 0.6333830788870158
0 0.1860481287930092 1.391910483921649
0 0.38133548687124 0.8876212917503127
0 0.2526030949149913 0.9570190088189559
0 0.2558634781081046 0.8006998183726403
0 0.2474260929016585 1.098255219034799
0 0.1235046702737294 1.026746825626018
0 0.2479605016770932 1.258162925149593
0 0.3825627802863534 1.160987947927224
0 0.1033458970068151 0.7547882646353516
0 0.3978722305851084 0.7515571085496422
0 0.3098140123058032 1.393370207449118
0 0.1061619839106551 1.298900640970162
0 0.1838950663608964 0.6672583787681343
0 0.1199109779912154 0.5675330327923258
0 0.3764828262065804 0.561003258583554
0 0.08948253145340498 1.407325196324986
0 0.4134753585184313 1.410871631075268
0 0.05359163394670922 0.5564743123994252
0 0.446856959804834 0.5547658001585205
0 0.3138233028025915 0.6640013022576001
2 23 0 158
2727
2728
2729
2730
2731
2732
2733
2734
2735
2736
2737
2738
2739
2740
2741
2742
2743
2744
2745
2746
2747
2748
2749
2750
2751
2752
2753
2754
2755
2756
2757
2758
2759
2760
2761
2762
2763
2764
2765
2766
2767
2768
2769
2770
2771
2772
2773
2774
2775
2776
2777
2778
2779
2780
2781
2782
2783
2784
2785
2786
2787
2788
2789
2790
2791
2792
2793
2794
2795
2796
2797
2798
2799
2800
2801
2802
2803
2804
2805
2806
2807
2808
2809
2810
2811
2812
2813
2814
2815
2816
2817
2818
2819
2820
2821
2822
2823
2824
2825
2826
2827
2828
2829
2830
2831
2832
2833
2834
2835
2836
2837
2838
2839
2840
2841
2842
2843
2844
2845
2846
2847
2848
2849
2850
2851
2852
2853
2854
2855
2856
2857
2858
2859
2860
2861
2862
2863
2864
2865
2866
2867
2868
2869
2870
2871
2872
2873
2874
2875
2876
2877
2878
2879
2880
2881
2882
2883
2884
2.970028897445234 0 0.5720742433343857
0.9286742542431591 0 0.9800180613768639
0.4610242189405065 0 0.5762832919336156
2.570717530865342 0 0.9317998022981441
0.9313555252291953 0 0.7604287108399528
2.782868552693222 0 0.5734364767218223
3.169135837904523 0 0.590354353831166
3.387782107996816 0 1.024365038162903
0.1218549652107028 0 1.061031091597675
0.2481029469878349 0 0.5625205338255781
2.998614197571008 0 1.352306929908916
0.5113080105466667 0 1.384547012887277
0.6822035242850175 0 0.5644258386568648
1.029168791505434 0 1.11066751440629
2.453827393212286 0 1.088867984130189
2.220922903156913 0 1.100838225487439
1.281715302469437 0 1.079811605823355
1.961607142857143 0 1.078870170701797
1.5625 0 1.086602540378444
3.331699185712718 0 0.5645238956271927
2.586733097431786 0 0.7592050026411306
1.715625 0 1.103499531324604
2.104647149430579 0 1.08134568969889
1.403202550411573 0 1.089079157135031
0.7920456009968067 0 1.380703796161797
2.691324172948494 0 1.376430796754898
3.272207215687599 0 0.6797017454459044
1.834523809523808 0 1.353901631850064
0.2177001125273383 0 1.388069523885472
3.281249999999999 0 1.373704628614769
0.9299385162879141 0 0.5771084115002648
2.587461756158543 0 0.5546244912871416
0.08392581729315163 0 0.625082838474653
2.388940558306433 0 1.37783376122532
1.094488798585402 0 1.385266982920633
1.517722537554785 0 1.38237159951401
2.136206299969216 0 1.378245867717484
1.3375 0 1.194855715851499
1.634904665218857 0 1.194657538022397
0.8214285714285716 0 0.6111874519304238
0.6874077888029846 0 0.6921283661230988
3.111076746961997 0 0.7011663716080136
3.178649238230732 0 0.8203494333961008
3.02942469327329 0 0.822006991745772
3.098007190232072 0 0.9497303078892606
2.950633572321797 0 0.9455733650615665
2.895447933254096 0 0.8148728738696758
3.018856945829968 0 1.077726604074673
2.879614155534702 0 1.076200539853036
3.163743779529417 0 1.082062590198181
2.0125 0 1.194855715851499
1.209603906169523 0 1.191937635871923
2.58906225947648 0 1.06879081582626
2.527854959966288 0 1.207545054206764
2.666517576298634 0 1.184586505976805
0.9312317970106893 0 1.082030914207918
0.8187309868873804 0 1.003813589376277
0.8215947484634419 0 1.157207254980703
0.6823868052548345 0 1.102457942658498
0.6734330091512453 0 0.9539559323745287
0.5483210969504992 0 1.035649442739687
0.5374263954767136 0 0.8897047913844259
0.4138001775399214 0 0.968992285936898
0.4280457787758081 0 1.108327029420864
0.4038723420305685 0 0.8212098981660403
0.2839947167599668 0 0.8938858174951747
0.9479735593210628 0 1.218360038845644
3.083327048924779 0 1.217257209921219
0.2935480178514438 0 0.74819646986281
3.304043129963277 0 0.8192179865637319
1.87652048914804 0 1.202591050127819
0.5404194059824934 0 0.7550384185747904
2.383149026640833 0 1.180767567219663
1.2625 0 1.324759526419165
0.7727899680740888 0 0.8814352802588541
2.681666629759802 0 0.9823453353762093
0.6978932720967999 0 1.252726903796364
3.243713773268382 0 1.21997329175122
0.1470995797630887 0 0.8253416650169141
0.5638047249485478 0 1.17478039259693
3.253992149864292 0 0.9528121188219907
0.2797031487547803 0 1.043958528286918
0.1928005960762436 0 1.164106986997955
2.93858959971098 0 1.207256538839222
2.839991369654534 0 1.334246749688979
2.139394903813892 0 1.179821116022639
1.485801030804347 0 1.167615650353829
1.988871684915503 0 1.379006246976678
2.539217891606359 0 1.3597982117959
1.664831096994873 0 1.352282459893697
2.263476931618189 0 1.401508067341704
0.364556909401222 0 1.380584175672543
3.135416666666666 0 1.37370462861477
0.9511019204685685 0 1.358373898179806
3.415436444819196 0 0.6151112191582506
3.382562780286353 0 1.160987947927223
2.655833221862043 0 0.8571428571428565
2.700849727802494 0 0.6999001994087359
2.839410740249055 0 0.6835993969345183
1.392437093554127 0 1.390533375154754
3.38458907861666 0 1.291821885568052
0.1221088995649788 0 1.285196887222733
0.6520747952682864 0 1.384926840365586
0.2760922044360972 0 1.271056448459144
0.4350163745969637 0 0.6863558426957261
0.5656769459710338 0 0.6259555020951997
0.4366709932416821 0 1.253252668991598
2.807375250405423 0 1.195135172356873
1.758351792962568 0 1.230641448865718
2.795383127355458 0 0.9416720870666201
2.970780464159999 0 0.679240250092024
0.6531492607726683 0 0.8258347539151316
3.411291569476916 0 0.7547882646353512
1.089906299048007 0 1.241911928631445
1.151484899884629 0 1.089189812104716
2.265106939924625 0 1.250168163633794
0.908791697326611 0 0.8687430476080833
3.062186808679638 0 0.57754788840937
0.08348798378094413 0 0.7333740989838398
0.8187828441790648 0 0.752820167584147
3.411840881230363 0 0.8897783062690017
1.826729203566821 0 1.087943171574277
2.579088001423465 0 0.6434514399030873
0.3411989505452973 0 0.5961022585282405
3.286274153356012 0 1.089510294555265
0.1965621035418843 0 0.6646395460150307
2.336181482634825 0 1.09011967425889
2.740101127263745 0 1.086686643578875
0.1024994491729159 0 0.5453326255097698
2.769233076910702 0 0.8077892466916654
1.485300716243184 0 1.068659469573461
1.637605933043771 0 1.076951921945089
2.628182956310619 0 1.284202036962596
0.5886813966133488 0 1.293672358042947
3.404001149056665 0 1.405984338670742
0.09999208185477082 0 1.403079907602434
0.08356716409305354 0 1.163780919563621
0.8466501830495197 0 1.273672659245722
2.428879185362898 0 1.271749923407493
0.1686672146083423 0 0.5650044097162692
3.250000000000002 0 0.5618589574131716
2.667901815870097 0 0.5785687678867979
2.8914671567103 0 0.5847250611804584
2.56242882356936 0 0.8334088496852021
0.9169175761874577 0 0.6764479331662745
0.5995760940512105 0 0.5501252263930942
3.461001968347656 0 0.548638470620071
0.05157076757892787 0 0.5499716254612912
2.7312783710243 0 1.271322106966353
0.5395411660782647 0 0.5504728040843819
0.1665304820977078 0 0.9563595638160483
1.41756928218618 0 1.27796109861159
1.549404087537006 0 1.273922546908751
1.953559426226764 0 1.277647052583063
0.3221694478260004 0 1.15822044620832
2.084004673196429 0 1.274904374039086
2.539722581896779 0 0.5315132656789283
0.9646274862148357 0 0.5371342457322091
2 24 0 159
2885
2886
2887
2888
2889
2890
2891
2892
2893
2894
2895
2896
2897
2898
2899
2900
2901
2902
2903
2904
2905
2906
2907
2908
2909
2910
2911
2912
2913
2914
2915
2916
2917
2918
2919
2920
2921
2922
2923
2924
2925
2926
2927
2928
2929
2930
2931
2932
2933
2934
2935
2936
2937
2938
2939
2940
2941
2942
2943
2944
2945
2946
2947
2948
2949
2950
2951
2952
2953
2954
2955
2956
2957
2958
2959
2960
2961
2962
2963
2964
2965
2966
2967
2968
2969
2970
2971
2972
2973
2974
2975
2976
2977
2978
2979
2980
2981
2982
2983
2984
2985
2986
2987
2988
2989
2990
2991
2992
2993
2994
2995
2996
2997
2998
2999
3000
3001
3002
3003
3004
3005
3006
3007
3008
3009
3010
3011
3012
3013
3014
3015
3016
3017
3018
3019
3020
3021
3022
3023
3024
3025
3026
3027
3028
3029
3030
3031
3032
3033
3034
3035
3036
3037
3038
3039
3040
3041
3042
3043
2.970028897445234 0.5 0.5720742433343857
0.9286742542431591 0.5 0.9800180613768639
0.4610242189405065 0.5 0.5762832919336156
2.570717530865342 0.5 0.9317998022981441
0.9313555252291953 0.5 0.7604287108399528
2.758584740046855 0.5 0.5856758895087923
3.169135837904523 0.5 0.590354353831166
3.387782107996816 0.5 1.024365038162903
0.1218549652107028 0.5 1.061031091597675
0.2481029469878349 0.5 0.5625205338255781
2.998614197571008 0.5 1.352306929908916
0.5113080105466667 0.5 1.384547012887277
0.6822035242850175 0.5 0.5644258386568648
1.029168791505434 0.5 1.11066751440629
2.453827393212286 0.5 1.088867984130189
2.220922903156913 0.5 1.100838225487439
1.281715302469437 0.5 1.079811605823355
1.961607142857143 0.5 1.078870170701797
1.5625 0.5 1.086602540378444
3.331699185712718 0.5 0.5645238956271927
2.586733097431786 0.5 0.7592050026411306
1.715625 0.5 1.103499531324604
2.104647149430579 0.5 1.08134568969889
1.403202550411573 0.5 1.089079157135031
0.7920456009968067 0.5 1.380703796161797
2.691324172948494 0.5 1.376430796754898
3.272207215687599 0.5 0.6797017454459044
1.834523809523808 0.5 1.353901631850064
0.2177001125273383 0.5 1.388069523885472
3.281249999999999 0.5 1.373704628614769
0.9299385162879141 0.5 0.5771084115002648
2.587461756158543 0.5 0.5546244912871416
0.08392581729315163 0.5 0.625082838474653
2.388940558306433 0.5 1.37783376122532
1.094488798585402 0.5 1.385266982920633
1.517722537554785 0.5 1.38237159951401
2.136206299969216 0.5 1.378245867717484
1.3375 0.5 1.194855715851499
1.634904665218857 0.5 1.194657538022397
0.8214285714285716 0.5 0.6111874519304238
0.6874077888029846 0.5 0.6921283661230988
3.111076746961997 0.5 0.7011663716080136
3.178649238230732 0.5 0.8203494333961008
3.02942469327329 0.5 0.822006991745772
3.098007190232072 0.5 0.9497303078892606
2.950633572321797 0.5 0.9455733650615665
2.895447933254096 0.5 0.8148728738696758
3.018856945829968 0.5 1.077726604074673
2.879614155534702 0.5 1.076200539853036
3.163743779529417 0.5 1.082062590198181
2.0125 0.5 1.194855715851499
1.209603906169523 0.5 1.191937635871923
2.58906225947648 0.5 1.06879081582626
2.527854959966288 0.5 1.207545054206764
2.666517576298634 0.5 1.184586505976805
0.9312317970106893 0.5 1.082030914207918
0.8187309868873804 0.5 1.003813589376277
0.8215947484634419 0.5 1.157207254980703
0.6823868052548345 0.5 1.102457942658498
0.6734330091512453 0.5 0.9539559323745287
0.5483210969504992 0.5 1.035649442739687
0.5374263954767136 0.5 0.8897047913844259
0.4138001775399214 0.5 0.968992285936898
0.4280457787758081 0.5 1.108327029420864
0.4038723420305685 0.5 0.8212098981660403
0.2839947167599668 0.5 0.8938858174951747
0.9479735593210628 0.5 1.218360038845644
3.083327048924779 0.5 1.217257209921219
0.2935480178514438 0.5 0.74819646986281
3.304043129963277 0.5 0.8192179865637319
1.87652048914804 0.5 1.202591050127819
0.5404194059824934 0.5 0.7550384185747904
2.383149026640833 0.5 1.180767567219663
1.2625 0.5 1.324759526419165
0.7727899680740888 0.5 0.8814352802588541
2.681666629759802 0.5 0.9823453353762093
0.6978932720967999 0.5 1.252726903796364
3.243713773268382 0.5 1.21997329175122
0.1470995797630887 0.5 0.8253416650169141
0.5638047249485478 0.5 1.17478039259693
3.253992149864292 0.5 0.9528121188219907
0.2797031487547803 0.5 1.043958528286918
0.1928005960762436 0.5 1.164106986997955
2.93858959971098 0.5 1.207256538839222
2.839991369654534 0.5 1.334246749688979
2.139394903813892 0.5 1.179821116022639
1.485801030804347 0.5 1.167615650353829
1.988871684915503 0.5 1.379006246976678
2.539217891606359 0.5 1.3597982117959
1.664831096994873 0.5 1.352282459893697
2.263476931618189 0.5 1.401508067341704
0.364556909401222 0.5 1.380584175672543
3.135416666666666 0.5 1.37370462861477
0.9511019204685685 0.5 1.358373898179806
3.415436444819196 0.5 0.6151112191582506
3.382562780286353 0.5 1.160987947927223
2.655833221862043 0.5 0.8571428571428565
2.697380611710156 0.5 0.7016486869497316
2.836468443559066 0.5 0.6749637591169261
1.392437093554127 0.5 1.390533375154754
3.38458907861666 0.5 1.291821885568052
0.1221088995649788 0.5 1.285196887222733
0.6520747952682864 0.5 1.384926840365586
0.2760922044360972 0.5 1.271056448459144
0.4350163745969637 0.5 0.6863558426957261
0.5656769459710338 0.5 0.6259555020951997
0.4366709932416821 0.5 1.253252668991598
2.807375250405423 0.5 1.195135172356873
1.758351792962568 0.5 1.230641448865718
2.795383127355458 0.5 0.9416720870666201
2.970360136061429 0.5 0.6780065875466537
0.6531492607726683 0.5 0.8258347539151316
3.411291569476916 0.5 0.7547882646353512
1.089906299048007 0.5 1.241911928631445
1.151484899884629 0.5 1.089189812104716
2.265106939924625 0.5 1.250168163633794
0.908791697326611 0.5 0.8687430476080833
3.062126761808414 0.5 0.5773716509028884
0.08348798378094413 0.5 0.7333740989838398
0.8187828441790649 0.5 0.7528201675841468
3.411840881230363 0.5 0.8897783062690017
1.826729203566821 0.5 1.087943171574277
2.578592413410274 0.5 0.6437012238375152
0.3411989505452973 0.5 0.5961022585282405
3.286274153356012 0.5 1.089510294555265
0.1965621035418843 0.5 0.6646395460150307
2.336181482634825 0.5 1.09011967425889
2.740101127263745 0.5 1.086686643578875
0.1024994491729159 0.5 0.5453326255097698
2.771713774629744 0.5 0.8033254664943963
1.485300716243184 0.5 1.068659469573461
1.637605933043771 0.5 1.076951921945089
2.628182956310619 0.5 1.284202036962596
0.5886813966133488 0.5 1.293672358042947
3.404001149056665 0.5 1.405984338670742
0.09999208185477082 0.5 1.403079907602434
0.08356716409305354 0.5 1.163780919563621
0.8466501830495197 0.5 1.273672659245722
2.428879185362898 0.5 1.271749923407493
0.1686672146083423 0.5 0.5650044097162692
3.250000000000002 0.5 0.5618589574131716
2.821428571428572 0.5 0.5618589574131736
2.663193729744781 0.5 0.5809417152638635
2.897333389034765 0.5 0.58115059123519
2.56242882356936 0.5 0.8334088496852021
0.9169175761874577 0.5 0.6764479331662745
0.5995760940512105 0.5 0.5501252263930942
3.461001968347656 0.5 0.548638470620071
0.05157076757892787 0.5 0.5499716254612913
2.7312783710243 0.5 1.271322106966353
0.5395411660782647 0.5 0.5504728040843819
0.1665304820977078 0.5 0.9563595638160483
1.41756928218618 0.5 1.27796109861159
1.549404087537006 0.5 1.273922546908751
1.953559426226764 0.5 1.277647052583063
0.3221694478260004 0.5 1.15822044620832
2.084004673196429 0.5 1.274904374039086
2.539722581896779 0.5 0.5315132656789281
0.9646274862148357 0.5 0.5371342457322091
3 1 0 1175
3044
3045
3046
3047
3048
3049
3050
3051
3052
3053
3054
3055
3056
3057
3058
3059
3060
3061
3062
3063
3064
3065
3066
3067
3068
3069
3070
3071
3072
3073
3074
3075
3076
3077
3078
3079
3080
3081
3082
3083
3084
3085
3086
3087
3088
3089
3090
3091
3092
3093
3094
3095
3096
3097
3098
3099
3100
3101
3102
3103
3104
3105
3106
3107
3108
3109
3110
3111
3112
3113
3114
3115
3116
3117
3118
3119
3120
3121
3122
3123
3124
3125
3126
3127
3128
3129
3130
3131
3132
3133
3134
3135
3136
3137
3138
3139
3140
3141
3142
3143
3144
3145
3146
3147
3148
3149
3150
3151
3152
3153
3154
3155
3156
3157
3158
3159
3160
3161
3162
3163
3164
3165
3166
3167
3168
3169
3170
3171
3172
3173
3174
3175
3176
3177
3178
3179
3180
3181
3182
3183
3184
3185
3186
3187
3188
3189
3190
3191
3192
3193
3194
3195
3196
3197
3198
3199
3200
3201
3202
3203
3204
3205
3206
3207
3208
3209
3210
3211
3212
3213
3214
3215
3216
3217
3218
3219
3220
3221
3222
3223
3224
3225
3226
3227
3228
3229
3230
3231
3232
3233
3234
3235
3236
3237
3238
3239
3240
3241
3242
3243
3244
3245
3246
3247
3248
3249
3250
3251
3252
3253
3254
3255
3256
3257
3258
3259
3260
3261
3262
3263
3264
3265
3266
3267
3268
3269
3270
3271
3272
3273
3274
3275
3276
3277
3278
3279
3280
3281
3282
3283
3284
3285
3286
3287
3288
3289
3290
3291
3292
3293
3294
3295
3296
3297
3298
3299
3300
3301
3302
3303
3304
3305
3306
3307
3308
3309
3310
3311
3312
3313
3314
3315
3316
3317
3318
3319
3320
3321
3322
3323
3324
3325
3326
3327
3328
3329
3330
3331
3332
3333
3334
3335
3336
3337
3338
3339
3340
3341
3342
3343
3344
3345
3346
3347
3348
3349
3350
3351
3352
3353
3354
3355
3356
3357
3358
3359
3360
3361
3362
3363
3364
3365
3366
3367
3368
3369
3370
3371
3372
3373
3374
3375
3376
3377
3378
3379
3380
3381
3382
3383
3384
3385
3386
3387
3388
3389
3390
3391
3392
3393
3394
3395
3396
3397
3398
3399
3400
3401
3402
3403
3404
3405
3406
3407
3408
3409
3410
3411
3412
3413
3414
3415
3416
3417
3418
3419
3420
3421
3422
3423
3424
3425
3426
3427
3428
3429
3430
3431
3432
3433
3434
3435
3436
3437
3438
3439
3440
3441
3442
3443
3444
3445
3446
3447
3448
3449
3450
3451
3452
3453
3454
3455
3456
3457
3458
3459
3460
3461
3462
3463
3464
3465
3466
3467
3468
3469
3470
3471
3472
3473
3474
3475
3476
3477
3478
3479
3480
3481
3482
3483
3484
3485
3486
3487
3488
3489
3490
3491
3492
3493
3494
3495
3496
3497
3498
3499
3500
3501
3502
3503
3504
3505
3506
3507
3508
3509
3510
3511
3512
3513
3514
3515
3516
3517
3518
3519
3520
3521
3522
3523
3524
3525
3526
3527
3528
3529
3530
3531
3532
3533
3534
3535
3536
3537
3538
3539
3540
3541
3542
3543
3544
3545
3546
3547
3548
3549
3550
3551
3552
3553
3554
3555
3556
3557
3558
3559
3560
3561
3562
3563
3564
3565
3566
3567
3568
3569
3570
3571
3572
3573
3574
3575
3576
3577
3578
3579
3580
3581
3582
3583
3584
3585
3586
3587
3588
3589
3590
3591
3592
3593
3594
3595
3596
3597
3598
3599
3600
3601
3602
3603
3604
3605
3606
3607
3608
3609
3610
3611
3612
3613
3614
3615
3616
3617
3618
3619
3620
3621
3622
3623
3624
3625
3626
3627
3628
3629
3630
3631
3632
3633
3634
3635
3636
3637
3638
3639
3640
3641
3642
3643
3644
3645
3646
3647
3648
3649
3650
3651
3652
3653
3654
3655
3656
3657
3658
3659
3660
3661
3662
3663
3664
3665
3666
3667
3668
3669
3670
3671
3672
3673
3674
3675
3676
3677
3678
3679
3680
3681
3682
3683
3684
3685
3686
3687
3688
3689
3690
3691
3692
3693
3694
3695
3696
3697
3698
3699
3700
3701
3702
3703
3704
3705
3706
3707
3708
3709
3710
3711
3712
3713
3714
3715
3716
3717
3718
3719
3720
3721
3722
3723
3724
3725
3726
3727
3728
3729
3730
3731
3732
3733
3734
3735
3736
3737
3738
3739
3740
3741
3742
3743
3744
3745
3746
3747
3748
3749
3750
3751
3752
3753
3754
3755
3756
3757
3758
3759
3760
3761
3762
3763
3764
3765
3766
3767
3768
3769
3770
3771
3772
3773
3774
3775
3776
3777
3778
3779
3780
3781
3782
3783
3784
3785
3786
3787
3788
3789
3790
3791
3792
3793
3794
3795
3796
3797
3798
3799
3800
3801
3802
3803
3804
3805
3806
3807
3808
3809
3810
3811
3812
3813
3814
3815
3816
3817
3818
3819
3820
3821
3822
3823
3824
3825
3826
3827
3828
3829
3830
3831
3832
3833
3834
3835
3836
3837
3838
3839
3840
3841
3842
3843
3844
3845
3846
3847
3848
3849
3850
3851
3852
3853
3854
3855
3856
3857
3858
3859
3860
3861
3862
3863
3864
3865
3866
3867
3868
3869
3870
3871
3872
3873
3874
3875
3876
3877
3878
3879
3880
3881
3882
3883
3884
3885
3886
3887
3888
3889
3890
3891
3892
3893
3894
3895
3896
3897
3898
3899
3900
3901
3902
3903
3904
3905
3906
3907
3908
3909
3910
3911
3912
3913
3914
3915
3916
3917
3918
3919
3920
3921
3922
3923
3924
3925
3926
3927
3928
3929
3930
3931
3932
3933
3934
3935
3936
3937
3938
3939
3940
3941
3942
3943
3944
3945
3946
3947
3948
3949
3950
3951
3952
3953
3954
3955
3956
3957
3958
3959
3960
3961
3962
3963
3964
3965
3966
3967
3968
3969
3970
3971
3972
3973
3974
3975
3976
3977
3978
3979
3980
3981
3982
3983
3984
3985
3986
3987
3988
3989
3990
3991
3992
3993
3994
3995
3996
3997
3998
3999
4000
4001
4002
4003
4004
4005
4006
4007
4008
4009
4010
4011
4012
4013
4014
4015
4016
4017
4018
4019
4020
4021
4022
4023
4024
4025
4026
4027
4028
4029
4030
4031
4032
4033
4034
4035
4036
4037
4038
4039
4040
4041
4042
4043
4044
4045
4046
4047
4048
4049
4050
4051
4052
4053
4054
4055
4056
4057
4058
4059
4060
4061
4062
4063
4064
4065
4066
4067
4068
4069
4070
4071
4072
4073
4074
4075
4076
4077
4078
4079
4080
4081
4082
4083
4084
4085
4086
4087
4088
4089
4090
4091
4092
4093
4094
4095
4096
4097
4098
4099
4100
4101
4102
4103
4104
4105
4106
4107
4108
4109
4110
4111
4112
4113
4114
4115
4116
4117
4118
4119
4120
4121
4122
4123
4124
4125
4126
4127
4128
4129
4130
4131
4132
4133
4134
4135
4136
4137
4138
4139
4140
4141
4142
4143
4144
4145
4146
4147
4148
4149
4150
4151
4152
4153
4154
4155
4156
4157
4158
4159
4160
4161
4162
4163
4164
4165
4166
4167
4168
4169
4170
4171
4172
4173
4174
4175
4176
4177
4178
4179
4180
4181
4182
4183
4184
4185
4186
4187
4188
4189
4190
4191
4192
4193
4194
4195
4196
4197
4198
4199
4200
4201
4202
4203
4204
4205
4206
4207
4208
4209
4210
4211
4212
4213
4214
4215
4216
4217
4218
1.248106613686618 0.2499999999999999 0.3428474365194302
2.25189279836659 0.25 0.3428505414568308
1.621459237796694 0.2508017817407923 0.7500371947642799
2.673658411006446 0.2500682627148896 0.2509508089811637
1.275089186011106 0.2499997107942414 0.7140860577535673
2.224910068109413 0.2500000497149529 0.714085849124054
1.872014350458509 0.2495093765624892 0.7512195838153493
3.048972346997746 0.25 0.2510425287302781
0.7973885475732817 0.25 0.249381897014556
0.4968393294007046 0.2500000000000001 0.2492599549960494
0.2472529672576559 0.2494426520605688 0.2526637544516571
1.035059298007621 0.2642734628241184 0.2367439781004096
2.447402315663706 0.2729379044706647 0.2263633513918754
3.276233200308447 0.2465555999640797 0.2344307538857305
1.195758478212653 0.2260833927222083 0.5332521060342797
2.861337006290672 0.3016791952810179 0.2009355798268187
2.056087416116888 0.2986789400920064 0.8057643672310176
2.304654177153779 0.270926638988835 0.5332836825045899
1.44050748990863 0.3048861965693535 0.8056742828550315
2.066169589648406 0.1770973226516536 0.6653432342528173
1.433629599185373 0.1770404053747615 0.6651612397898038
1.320864198081699 0.2113946446055202 0.1793090851666408
2.179139232763307 0.2114045403036041 0.1793076393014468
0.6470844896978966 0.1798269021048407 0.3219030486196824
0.6471423685935132 0.3204678925680944 0.1792495396874763
1.32957441438028 0.3244314884708012 0.4784952176075455
2.820269832159625 0.1770987364405912 0.3220404954039045
2.40453505986483 0.170921067964431 0.3588988103068365
2.147600586042005 0.3214285714285708 0.5790572974845504
2.170855536141367 0.1730043593288761 0.4774391523638875
1.099088118884265 0.168919583221968 0.3632546395271044
1.186935085792275 0.324675738065618 0.1727263571449471
0.9261728002144626 0.1672596549197516 0.3286545654701866
0.3707066675017288 0.3292736759167109 0.1657694653425924
1.745928681557734 0.1699335585969324 0.8341858115429355
1.747540120106968 0.3317473645539237 0.6695824888588759
1.983632157572664 0.3305363772403244 0.66153075473865
2.390988558591734 0.3365644061771597 0.3751824772053084
2.30072188659657 0.3272276641206465 0.163150499797899
2.149542939937251 0.1626690929970874 0.8358737257855198
0.37300115159828 0.3255245386619634 0.3334004824372327
1.398010592571381 0.3357743393508216 0.6298275486152141
1.107087702088664 0.3358768356900401 0.3696518712308196
1.164488421305825 0.1627488518992775 0.2101101767722161
1.755984937342489 0.1643866942937819 0.6652486877183349
1.735986315664648 0.3360961695137288 0.8355898159044496
2.336196185870419 0.2102953994663767 0.8341419854650441
0.910092669356132 0.1635392885265363 0.1634688940710017
1.353665120061436 0.1638672546475511 0.8354082294644775
0.3839186378775446 0.1636888298227743 0.1632450168400799
3.158298914281696 0.3363148718317703 0.3400931455142546
3.168235081071005 0.169491235344671 0.3361267486557604
0.9070994612265741 0.3370559502375253 0.1617288480336469
0.9159714554190644 0.3368670734326832 0.3283636876644602
2.337362532371611 0.1661552624519139 0.1648929907820704
2.558628517192335 0.1646576459909967 0.1660787676483295
2.557801223780284 0.3366294380112557 0.3336484904532827
3.158061377528769 0.3369363991799241 0.1622240378556722
0.6045094918768835 0.3376810851983501 0.3368577938733497
0.6885479916189149 0.161862825248952 0.1625880630973876
2.781729837270312 0.1634260613505338 0.1633130088085659
1.171700762237175 0.1722337956067925 0.8291058120123829
2.566030659793817 0.1591106003113001 0.3343986613293058
1.516666391796808 0.1650396445706923 0.8409481106330791
3.155470040443793 0.1618966502881701 0.1630666594511422
2.780452126464074 0.3389985146501976 0.3396924681768532
1.976013126829463 0.1609990911067913 0.8400727178297269
0.388866156389976 0.1608159329369764 0.3374947692920675
2.577434511351432 0.3424389479063675 0.158384758574447
2.945324981855073 0.1594686397459073 0.1624931002907438
1.346852755191074 0.1748600674530915 0.5312874373365767
1.157342154802373 0.3364475418801214 0.6449082669617087
1.197740869081557 0.338071277201054 0.8335092257907489
2.944270582974301 0.3396868188404783 0.3395343396358125
1.156229526247699 0.155778986113912 0.6692908135695665
2.205674007095877 0.3424887122142713 0.8437575365221835
0.1627062939045192 0.1553904477527722 0.1559863200552624
2.33714543733955 0.156857918115001 0.6436095262573761
2.34496129231198 0.3436555172198785 0.6686772846241807
2.973257038039182 0.1521539857124186 0.3479564767319008
2.152548155303327 0.346863138048841 0.4155880027260009
0.1554186823892275 0.1588089272843618 0.3455818368819562
0.1635953983246986 0.3447320206242896 0.1565077663152341
1.549726125661337 0.3501041326258396 0.6557572869466941
3.344610276798907 0.1548358651258344 0.3454386817603595
0.1486185990696119 0.3102107800394395 0.3504973932435194
3.311904636184613 0.3405087724133875 0.3512045523819122
2.146515022025466 0.1460525603639606 0.3097973079697702
1.353486418248577 0.1460511066941816 0.3098020550510373
2.996212053194756 0.3509997463291012 0.1497601295533237
2.728259550705582 0.3515327422587366 0.1486865688909114
2.175691409572296 0.3478968351696275 0.2511379923269218
0.7541544252883065 0.3522161822582042 0.3519219741815436
0.5401021616131098 0.1505686046096074 0.1458961926595471
1.352677635064614 0.3515771997041826 0.2980374441224289
1.580493834735451 0.1481996986157098 0.6475378115257895
1.576012811775375 0.35168577191634 0.8525265715234773
3.346444234709753 0.3518441177025547 0.1506196737887052
1.881039343078672 0.3524749224076101 0.8563729406852529
1.918548767821243 0.1496326837212895 0.6476977459573188
3.3507340883852 0.1473799316993986 0.1481037396596968
1.329021464424925 0.3550814514079751 0.1455890787906629
2.196583988782038 0.1407611944353367 0.615633592383354
0.5113958854109925 0.3594871867041373 0.1444421773888932
0.7847349499775869 0.1417505152632655 0.344379791404014
2.141045621849834 0.3634873022550793 0.7135970180026936
2.357120331442168 0.3541272123301126 0.8144681349013136
2.356192984241493 0.1430077718940951 0.491689745350361
1.046828499135046 0.1692454288363937 0.1348700329450628
1.320088379532764 0.3660067774683292 0.77491442069056
0.7727174675968637 0.3622640974858332 0.1368734357719365
1.150323125047497 0.3582850403736072 0.5039281282421431
1.056468381048047 0.3624048900293951 0.139464668750493
1.222889093233452 0.1371355189976791 0.4256379961080771
1.305388475657066 0.1310232766749161 0.6539574652882278
2.280128088100168 0.1302902115656682 0.2835574453927835
1.631070739519416 0.1262558262215414 0.7891168915596884
0.5190789294177554 0.1857405661887335 0.3667765587253571
2.447398402267119 0.1332476594844452 0.2362929284463358
2.693818307534102 0.1854793168819831 0.3672532798782352
2.26235224346782 0.1287524323762398 0.7574520538680097
1.274886207141587 0.3716116469866154 0.5912557682395598
1.220431226208387 0.3712543185183321 0.2935760574007172
1.864683505729438 0.3748661843747195 0.7129699435559
2.425609002462354 0.3665832644794251 0.1322597210061608
1.030477808571762 0.127206181823294 0.2587230993499826
0.253932785454234 0.3723983143709915 0.300536211255311
0.2872670114442991 0.1246150438696997 0.2623661976328506
2.299924836490876 0.3709631084420847 0.2869997604306248
0.2720535487910876 0.2217615785351882 0.1268476064021843
0.2761777751557355 0.2152913259015929 0.3756116128002912
1.860615756534113 0.1255971311650292 0.7905010275005775
1.375250930475352 0.2216111274998395 0.4133413526137829
1.307694958189123 0.2800104681797954 0.8717263165331841
1.128577600050462 0.2661189571726137 0.7503093917003637
1.642504430642169 0.2352676738215858 0.8769668114497009
2.670618099597321 0.1251463453788747 0.2174218409631969
3.062714283030937 0.3779215337442932 0.2636465334867307
1.660251196947154 0.2471421973619866 0.6274083115331076
0.7990632040592139 0.2169473112923112 0.1244548330426554
3.069502541111607 0.1233806046723504 0.2666721545704054
2.281452024264448 0.3697365333068426 0.4453877732944758
0.7993965954818046 0.1241498140867377 0.2172200780060381
1.124799733555127 0.1235885390385331 0.5515933866700784
2.669780662232374 0.2165472448679643 0.1265759423347048
2.666689121827687 0.3764066146646456 0.276754159229635
3.050221714827646 0.2767043622671211 0.3770911916630961
0.4822652966968023 0.3755055656215972 0.2822543725242788
1.852013101030869 0.228891554660206 0.8765006789598123
3.25127030580022 0.3719136124412625 0.2428278799720791
1.870619902387457 0.279983663419674 0.6261158984179138
0.1207401795068981 0.2480693230813825 0.2335813101493095
2.374452356927429 0.3758240032416332 0.5493875414936276
3.071623267340721 0.2504977063327262 0.1254008593464345
1.646738287357854 0.3745197188403711 0.7343868661484438
0.8318770662852933 0.2550361015957568 0.3765759298307587
0.4835643522366324 0.1248471620399112 0.2617687667374866
2.178906391614472 0.3269768561075221 0.1253650313396149
1.008752508090335 0.2573910115628331 0.3599681407945128
0.8250738897330137 0.3766286199100186 0.250624213479563
3.257589672554993 0.1246579398645247 0.259651619770892
2.448502881925408 0.204871950483059 0.1206572924288128
2.263220639082914 0.1200953736491747 0.4087136385964695
1.025375475031861 0.3781177567566971 0.2859186039378972
2.668363209232625 0.3053644348514689 0.3775147430484621
2.121880412500876 0.2661406397409354 0.3269079455931241
0.465958835645418 0.2466540937786141 0.1224120869813062
3.232227598934284 0.248089273712734 0.1190023993626433
1.232894213476548 0.1206169509534446 0.3037657361184977
1.970110765141721 0.3820020506608198 0.7764419834242086
2.381400702699743 0.2395425770862767 0.7234021834701461
1.242644072852382 0.1384217388054661 0.1177104334671361
1.106771891156083 0.2488634094743148 0.4540990073299824
0.4951402444529914 0.3051133618402203 0.3819092623463619
3.260225529041346 0.2346184964819156 0.3827853397113495
2.456430028349509 0.3808955480248311 0.2823326894063611
3.383884418262282 0.2642687844748987 0.288925868952122
2.258845305932246 0.37008494278869 0.5868869658897743
1.2300554203012 0.3480241189666648 0.4126104259200183
1.262746637085331 0.1205222601840063 0.7673235934346604
3.382112428892853 0.3823801522737693 0.2620736651329054
2.257186205594858 0.3840469308574646 0.742065785934974
1.149681984230376 0.2722807559506441 0.275570736626673
2.331221416356236 0.2504083582434475 0.2515029397769532
1.380764750883945 0.3809298760369196 0.878843434222768
2.38195677080585 0.1223763005808186 0.7494969396010989
0.1169081365422503 0.3828789733019201 0.2603362681996868
2.101660184340819 0.1129685098021746 0.5515679135460553
2.258124885032848 0.128303422327017 0.8792482621815527
0.2724669399895639 0.3822103848079461 0.1177177945470042
2.931653218621402 0.2255604813757617 0.2621381285059436
1.506177523421842 0.2569446251792813 0.7174943786430054
1.966925605143671 0.2729651240151092 0.8813292010495684
0.9166472556448036 0.2511607099563306 0.2442747919139595
2.147953990821899 0.1153103994761605 0.726387176646227
2.496692423779082 0.2450545023388234 0.3832730140634884
2.900194798435136 0.2387700356240521 0.3861075208292936
1.243876814687668 0.1187841495230493 0.5526164596716706
2.8625 0.3824620259004999 0.112830096205775
1.988128096231466 0.2256438227254348 0.7409139631759852
0.3652891096670582 0.2395950780234 0.2522442515265315
3.050991193282826 0.1192747249788048 0.1205514542941066
1.456674740030429 0.3851100219375862 0.7200874685388102
2.39436315230888 0.2505829656956061 0.4575770432181626
2.019240328956962 0.379570714090475 0.8845737732624819
1.162499999999998 0.2270078649265209 0.1111306940658547
1.290586248442596 0.2548519471440823 0.5972464093320221
1.507108652038936 0.1153162961627273 0.7341531637725658
0.9897629301774553 0.2694938800872581 0.1127738837890025
2.900104221862811 0.1125787551628326 0.2651800923521655
2.927489960441077 0.2637770495322873 0.1116675271215005
2.233717300215459 0.1124453179200065 0.1424291389601724
1.655704836545765 0.3832366530201988 0.6176656650790578
2.556976664539937 0.2473204831649157 0.2581668249708196
0.1108937361941944 0.1136533720710825 0.2497159371184503
0.6891429267988847 0.2804709378208839 0.2804890906976606
2.797435999392022 0.2659864320540626 0.1102525296876493
0.6056439727850867 0.2197128296915581 0.220554264017102
2.056495580821062 0.3906119705873313 0.5950234149914936
1.336745890446795 0.111516672773601 0.4201511753824277
1.258386156060658 0.1158989008251815 0.8870824970223218
1.73733016899614 0.2452950276842482 0.746340628415061
1.39022063808133 0.246753105540565 0.2653603650110883
3.390139856149708 0.1128308878520874 0.2495353176039777
2.035778648675463 0.1101335167585887 0.7548583391254207
1.215407384680587 0.3883064644344088 0.7306583154040196
2.862087448671847 0.3898349747771516 0.2756350819522811
2.22041756335948 0.2370765292372954 0.8886132230726838
0.7173144475416574 0.2447329477863606 0.3866045114864221
1.445433397585886 0.2225561968618298 0.8918453072929995
2.118745216151635 0.111053301989115 0.1996381973242903
1.381257455151187 0.1110476731070804 0.1996474446166372
0.5807246029268506 0.2533834358215881 0.1129612287036711
1.004254926262578 0.1122401161827241 0.3904910441053275
3.163873848682342 0.2548256271972186 0.2587681768883586
0.2679088415629914 0.1090858962512486 0.1499742995849175
1.117667925792158 0.2642779505170203 0.8841594045202371
2.069499352104895 0.2232478260873242 0.8906814758480561
1.110294601834044 0.376101949332117 0.7718531094372167
1.378792201302731 0.108930347325403 0.7385468289413057
0.7116564770700288 0.3866907968174024 0.2458807214017527
2.265335561263382 0.2338716955155991 0.1083172903911884
0.5955675079197682 0.1098572580390211 0.2484359248456925
1.108816633519931 0.2396369350228181 0.6069226275923728
2.484194307337071 0.3928571428571425 0.3962074110512255
3.246718360640627 0.1142445105243206 0.1114679614004486
2.11095916255714 0.2686177919931756 0.4859431241737018
2.486782290467963 0.107142857142857 0.3962035867144196
2.226094518720316 0.268536861430909 0.4516366106433581
3.245971744410258 0.3869848175054001 0.1091761256310197
3.387960631979253 0.2500991771566915 0.1769032134844116
0.5856181312417066 0.3929564702552252 0.2402006234672319
3.249528974631528 0.1102261759271078 0.3896143586508956
2.051279665259123 0.2663897747270021 0.5983717184200098
1.823093005511513 0.390832213953017 0.6081349699304042
2.392677348095055 0.2500131961380161 0.6046542675160351
1.379965453532387 0.2297183565166604 0.7484440797400502
3.077375193656306 0.1150428458877288 0.3842099857245162
0.1108184443148724 0.2504325798727502 0.1106388798978881
2.121016077488763 0.227288212272674 0.7490314888094728
1.539325676767648 0.2469476396409477 0.6092761283495701
1.489731733882191 0.107142857142857 0.6027190291296882
2.861987945599373 0.1096551758219564 0.1057194085320377
1.39141826829956 0.3864151015912872 0.4045337312456691
1.12550392428261 0.3910837797971338 0.2382012180378177
2.69901922093205 0.1094467938502253 0.1099581144540216
1.279881756092319 0.3016691606796596 0.2300864515733214
0.9793768566745856 0.3948136252947934 0.3972473607403512
0.244419322621326 0.1080266814079078 0.3941359828967767
1.263911113440836 0.2734583227415792 0.1060116824384768
1.269937872418621 0.2347174335555992 0.4508303624864268
0.8279293567120996 0.1105767374955824 0.1107416358472051
2.878411424251872 0.1103117580124035 0.391054963695174
2.107036755645458 0.1109331639412076 0.4089299339300627
1.637499999009751 0.1082531749823454 0.8981376066471165
1.105905493583649 0.1103136556899165 0.7624660458987643
1.817991302476915 0.1079063042779981 0.8914395204177306
2.063027651880316 0.1114012084894145 0.8902746772243313
2.006282433535298 0.107142857142857 0.601566297621855
3.045046093167667 0.3903967710746894 0.3920060133175939
0.2793141761623076 0.3236572632010989 0.3962361604802467
2.767379022664655 0.1059352276766351 0.3919453866119444
1.401522708192785 0.3928571428571425 0.535249400776553
2.224173578671027 0.2465968725603056 0.6041691251361248
0.6978850025754547 0.255792095566101 0.1063352705447989
3.085585400780753 0.3928522189015676 0.1014394271281498
2.771407429004118 0.1050292926020061 0.2554811017240621
0.3622915332526546 0.3972997966109416 0.2512792188078882
1.677750299976546 0.1078268219757955 0.6064490362547101
1.423440427372721 0.2421198575725665 0.5756269503301973
2.371956230677245 0.1147627156375541 0.8870196341118965
2.2105241612454 0.395793408499346 0.3401978596832055
2.78163839008389 0.2607949392534502 0.2634452284679359
0.5956397267413441 0.105807004080289 0.3903070245254477
0.7095454605692147 0.1036602706436446 0.2753393932103853
1.23749875200319 0.3917474342139496 0.09973974039476637
1.433624922983393 0.1185015361923457 0.8932391507162523
0.6083755512250967 0.3918882380840107 0.1065249210248546
2.101158241407415 0.2761655998983559 0.2181848882503541
1.536760185812014 0.2585926597883471 0.8921306349886136
1.389256565621532 0.2663363842766573 0.1059864049249236
2.101028810713566 0.3928571428571424 0.4975551708045043
2.562417123448209 0.251498681910728 0.1011495072423347
2.111918041446983 0.3245581624888539 0.8948379279612931
2.862191042670629 0.3916989289125299 0.3910701343836062
2.252434417440134 0.1073605978813072 0.5221889852481413
3.230026175821876 0.3982107533230945 0.3932441125916866
0.6038840389349991 0.2466016033437316 0.3952699934592005
1.737260356893098 0.1012845066154649 0.7510648995057546
2.31099711635091 0.2970410688796503 0.8947952144420008
1.090440227377432 0.102696297164859 0.4527248865380357
1.272366007763458 0.391427239866144 0.8941687445806067
1.487024828209783 0.3948657826644034 0.8980224246813029
2.405539559673297 0.1053278672902476 0.1042678654618429
3.396388591653841 0.2379893369179573 0.3945853421075088
2.372994081999138 0.2785327007441601 0.1003323658908615
1.826781864219448 0.1055012817627265 0.6026570570830486
0.4213908981548346 0.3968799869699779 0.09978667538017495
1.767182376824747 0.3972663086738096 0.7526958760603244
3.397364737271619 0.3941682459524047 0.3939974373499175
1.666097236975548 0.393574614814758 0.8937024073581051
2.778658308913362 0.2459238536929139 0.3931171630687956
1.099236428724531 0.3978530731186352 0.5849566852931654
0.8473198947647661 0.3925747705076159 0.3930379354286749
1.11000494100293 0.3879021080826089 0.8841116705883635
2.762997545489474 0.4001082143876083 0.2372026452795566
0.540680333381422 0.3984041094664632 0.4026841652404244
0.4331348579752552 0.3930483240928878 0.3927176105543533
1.136267580052499 0.1093893155158819 0.1094851694860963
2.402722604717436 0.4009151172081912 0.7335257176970251
0.1007234460019241 0.3960485614466001 0.3973939416322841
2.104211147647725 0.2530449823423311 0.1055667161472437
2.141697309254972 0.1479714905066189 0.1025127321404159
0.6687187082215734 0.4012347558119418 0.3955108132907595
0.407176109300388 0.247221005233888 0.3967183465960248
0.1002443979584594 0.2305006949630788 0.3999004567635039
1.77079051869631 0.2506382786142591 0.6051981303345331
2.653003200465449 0.09987600463858867 0.3191841464835763
0.8981433095928009 0.1025020866325842 0.2494242120360683
2.107974343929988 0.3927398005000755 0.8117071463559401
2.598503117567449 0.2317855231828675 0.4018581798247266
3.404644880408251 0.09440406085468751 0.4005436068767266
2.102626263157683 0.3742376059324667 0.180221627545839
2.961246661173485 0.3949408419373073 0.2393320578545181
0.09571905890294737 0.4009437605248455 0.09993955311682454
0.4572633677200331 0.1022236067222773 0.3979833910348461
2.554677901553839 0.39634073786929 0.2464500519553289
2.374659413381438 0.4002248771953947 0.2183989299018518
0.4522220352938202 0.105255112811912 0.1056803819649637
2.105897981035141 0.3800311808378979 0.3253746094126082
2.397900295527231 0.1034333441516365 0.578312179981465
0.6241966497695954 0.1041359629672132 0.1016899789739232
1.1305730156553 0.1017876113536403 0.2887440980434717
2.546680850738615 0.1010243040535183 0.2489212349957446
1.386263042966003 0.1031037097377654 0.5951416167948494
0.9659130646437528 0.3993925021161703 0.100663116067923
2.646317100404404 0.3967463096934182 0.09864236625321367
0.09433762052859246 0.09979393767263108 0.4031441196018697
0.09697851143197889 0.09837875882458866 0.09844217262940499
1.228867804854167 0.2187394291200889 0.903641802345504
1.377900288317812 0.1602632018578295 0.1050540222194992
1.328873938858562 0.3984063159329471 0.6762634356946716
0.9716917764538395 0.1023823253593708 0.1040351913526076
0.9316606995506352 0.3960346314895751 0.2440417151302216
2.279317906511394 0.2879121004700162 0.7943625885148682
1.752779584584748 0.2532042016920218 0.8961972160808085
2.619065618465787 0.3991701486001059 0.3962176141207307
1.7875 0.3947253111047714 0.904215733815608
1.550055296350458 0.3995326455625918 0.7637878987456341
2.133524020715323 0.2102842910242707 0.568840976255261
1.276814767966781 0.1004366987746832 0.210001094279498
0.9016139034453865 0.09884062988859588 0.4034823507470231
1.081075291069002 0.4027713582871236 0.442832662630828
3.148263029619263 0.2506077334468563 0.3970631310728957
1.484098131767859 0.3928571428571424 0.592665989668401
2.277731865517429 0.4048183388419806 0.905518684145898
2.04476552896865 0.3987572233321333 0.70794609305512
2.306369383743057 0.2123406679603861 0.4212178887081915
2.262607778702084 0.39183803255832 0.09308044090773084
0.3853898311154596 0.1013866277763306 0.2445037680875964
2.516794819330804 0.3994954277681589 0.09813667036689248
1.109896662517762 0.1097296520819682 0.8974173805222304
0.7021249868621199 0.1032019369166762 0.4003902289152578
1.402789487196532 0.09866674744399223 0.4955484002634318
1.247596415650189 0.2065031548392547 0.2503778387565966
1.300331826727205 0.4021109690311438 0.3665413054554863
1.927878074388585 0.3989630070683861 0.6043501284761877
1.253675726415104 0.396843219309902 0.2004557607576588
2.400393685463756 0.400824521820601 0.4539045399570633
0.8892218923825492 0.2578990240119382 0.09989545535697926
1.920468228691081 0.1006290527904756 0.9029854322919666
0.2783014361209775 0.3359535867710581 0.2084386603120645
0.2018948700173741 0.3893150484851576 0.3865814683913065
0.3663578914431134 0.2506340254937753 0.1010406470755965
2.722700538664668 0.4001998317754809 0.4003336379637615
2.508736238580738 0.1018941641669771 0.1009329917159324
1.264014090614939 0.2135484384037831 0.8083650129369728
0.8586573750221155 0.393965365092321 0.0928683454634195
2.199132305507343 0.367689107816879 0.5047968610578883
1.662189910296512 0.1705163177728433 0.7033361312669405
0.352030387268707 0.09539374954202826 0.09541088677393443
1.938083656961943 0.09715003394092692 0.7319648912039032
1.955378046653611 0.2305314629875189 0.5968626397377593
1.20240018175716 0.2420195628470805 0.644565214417223
1.395415100295628 0.4044435756151891 0.2145209905646762
2.598665625266711 0.09586143923397501 0.4064919713707356
2.232090713578691 0.2650450303078256 0.2456009316733753
1.264091104533912 0.4032068537754405 0.4932881174522183
2.374540710747618 0.09876226725608665 0.2960016065805013
2.071759054832365 0.294034973024648 0.6926108384785552
1.324981764119965 0.3020998015081416 0.3807984410961855
2.4037901531613 0.2517898592262584 0.90047233070596
2.402646806312375 0.396588373952686 0.8998215816532574
3.159342509888305 0.4037678735606625 0.2661975524702282
0.7281921545958493 0.09447810411284469 0.09717982225643876
2.359673659944832 0.0941190193037527 0.4045516170202311
3.162869258724044 0.09912775331235756 0.2404996204081332
3.329285213732741 0.2679129972662245 0.09568217945217609
1.405895906053827 0.4031642457294535 0.09767865524958441
2.174749535505867 0.4034933716775172 0.6287291670079195
2.248054659316907 0.4024660571022781 0.2058917230871842
3.404407895646279 0.409345388830779 0.09659218898478707
1.539297831018002 0.09485739696238063 0.9078836646631702
0.2079907829334732 0.4078936280899813 0.2195315635201053
2.308200155788239 0.2519256106617178 0.657171710380402
0.1968063754444389 0.1637869371230365 0.2490533835643208
2.095759298015098 0.2103939954532143 0.4058943486163068
1.823388220271392 0.1013520441885002 0.7017561600419193
2.867307343395363 0.2869695480837929 0.3059462112804535
3.142702057100283 0.09185407316119097 0.09366403835657604
2.406227748152854 0.2595322834249693 0.3151901645189748
2.168437565209653 0.09291574243686504 0.9045190341723736
0.2236096729276781 0.3003773493407156 0.09180947061251965
1.081218721159806 0.2674766086325234 0.1496428792303526
2.986920481859098 0.09091343758415847 0.2215125813213937
0.9193956556154188 0.2245590138744384 0.407488582320184
1.102087182789838 0.4067242140425573 0.6808615010362777
1.24202858925152 0.3116922654151024 0.520878558966936
1.135491142128857 0.3328519829753148 0.08988358901471634
2.265859185357861 0.0939917812108059 0.6662146186635832
2.864723028564565 0.2043601161640775 0.1943377294638462
2.164809665883144 0.4074513324995474 0.9062861444913045
0.4434050784056247 0.4046005013051171 0.1977425111153076
2.481618156246792 0.2002883830089707 0.2981003981457331
1.401590195728227 0.3099043512947552 0.1921583229672119
1.819340950516135 0.3228521013191845 0.7872992180024402
1.154716949961627 0.2483243463669636 0.3695953471852759
3.404407895646279 0.08782833812419746 0.09659218898478536
3.075268723451647 0.1956022721051953 0.3307374085749542
2.194842466728685 0.1839682092377069 0.3844392584478095
1.36796965609488 0.2474466906846261 0.6543765849346489
0.6905458594404514 0.410541028526071 0.1543688021134025
2.603763839782751 0.09447442838864521 0.1172161351784225
2.996827886651832 0.1999069169320793 0.09183401249894005
2.475983930401618 0.2935030057513517 0.09489983786670657
3.238928771224512 0.2934812930042432 0.3097025178914039
2.956886035730741 0.09336606829863853 0.09211695912217754
0.192647621985693 0.2541730951243961 0.170152635126001
0.7185438597962407 0.1951655831483463 0.2475459524494022
2.102749782626085 0.09037790066347248 0.6451368408504664
1.097322877170849 0.09422380647151156 0.1968670350299083
2.145067051769695 0.2433587359721476 0.6578527976357115
3.404595452707289 0.2058916252453341 0.09143204022365826
0.5746448073589583 0.25290589195917 0.3045694104681828
2.40932144452312 0.2744087032275863 0.807834342760974
1.17066106541622 0.4070147644131691 0.3667519323686531
0.7369816959420329 0.2891652112650168 0.1867388533689669
1.445156254395873 0.4062320087175001 0.8127173937180122
2.669571842243388 0.3046216315116012 0.08986594812598098
1.843210762221449 0.2020101463167873 0.6736989304342306
2.327320614849989 0.4074280354572232 0.3707533207593994
2.286168096966327 0.1839946314172393 0.5677632426884318
1.441853982308206 0.1655625347752937 0.7819994083124242
2.225553238869824 0.2062897026591675 0.7986657042344324
0.3454741039106173 0.09571187966913978 0.403264390010556
1.093358264658334 0.08673259981491034 0.6729126133645515
1.386195363695808 0.3212402517235247 0.7231286719601336
2.225525262067181 0.3332867116179548 0.6680679745001082
2.15069379045856 0.2659669886525384 0.8307123384696747
2.636557764306889 0.4086807391781369 0.1925037911748928
2.215134088835726 0.0888458263180564 0.3355367597132497
1.197870492245659 0.2017857782520259 0.7412106010918986
1.098232361232571 0.1925653613557051 0.2712752739216323
3.033018828635462 0.174626339980899 0.1955635453146888
0.1932949326010496 0.0900738994375517 0.09253680868029444
0.1929797304168884 0.2481464284652534 0.4064856496113907
0.4255419253975826 0.3118239232232672 0.241016237983765
0.2876807896969735 0.4154038706535874 0.4145887118134238
1.411869671870699 0.2941258451197507 0.3443039224700953
1.5463723765472 0.2786993075610502 0.8002538287920301
2.977817000426266 0.2682382390557232 0.1915541436608139
2.950722280417299 0.4097765172583905 0.09060703735484592
1.224913436147375 0.09317094990251988 0.6853702592528806
0.5583106995414615 0.3085657691144882 0.2083695707812994
0.1853244866780344 0.3200033492352372 0.2447823637004097
2.311506102655902 0.08882989470564394 0.09051825429694407
2.735632953266159 0.2634694750144478 0.1812928106802733
1.945398122557953 0.2924252105417336 0.7917380842205866
3.137326989579641 0.3966342493079762 0.4091643334441585
1.153185891220531 0.09372240253842323 0.3797152260354784
2.328029789277682 0.08711569398186407 0.2150575969137883
0.8454784180150861 0.1756231453178623 0.2810519240273823
2.403974323648334 0.08417291558910349 0.6683921477499946
3.161913539442704 0.08562573539388676 0.4118501125666978
1.603819430579663 0.311158190071915 0.5914977528111824
2.095774265141492 0.4103788952885382 0.09049809190211244
2.090825020431008 0.1873411324225984 0.2465783988950511
2.41247363639039 0.4114941448552383 0.6295475287000571
2.20449791728394 0.1356851170375755 0.2284231065450734
3.150033905997132 0.2164345341203918 0.0870917948966683
1.407396364470034 0.2713491210254714 0.4871038442730003
2.059798496260224 0.18492174155852 0.8058094823395098
2.774652689140006 0.4105265901426924 0.09070737111235902
0.08604816185435933 0.2095869773553831 0.3105915303623023
1.414571343650546 0.2113696351032516 0.1775540539662352
2.491999801112344 0.3491268999889736 0.1956830402908043
1.247251543668874 0.326501731258395 0.6682571106647612
1.087285646825368 0.2103244619449305 0.8135586820090811
3.245921370898578 0.1753778986408547 0.1820868608957279
1.704792740605698 0.08617139383553232 0.8372934986922097
2.992657038744105 0.0895934747974499 0.4148324255206197
2.953640913383957 0.4087438353787805 0.411793882890712
2.987117824213938 0.2179668387477951 0.4124427139360047
0.9912759011738026 0.3385193702813702 0.2015134601889909
1.82488272818097 0.3085815003964253 0.9162771511074561
1.345758550699714 0.08867410998471131 0.9092499397170275
2.841655089490321 0.09189027490862429 0.1952179813115608
3.072108812882529 0.3185882518846987 0.1926449037127321
1.933534684496624 0.4107322807582331 0.9088910180666188
2.731760885588285 0.1846794911173205 0.2823987852254397
0.9890405399058148 0.1902717779797597 0.2045184624170621
1.321385538233379 0.0908945326530734 0.1292832126401933
1.150942806181397 0.1697334707300802 0.474542643244193
1.57371390932868 0.4152831611001324 0.5894771625581741
1.085108018203612 0.210316951201878 0.6911056858975287
2.861620150861416 0.2015319787513701 0.08951080229269866
0.6958343872432785 0.3465992287403876 0.08732357228085903
1.190616289143104 0.4113288039096013 0.5997743873778828
1.649668080817276 0.3068215622597553 0.8183760515474234
2.610670372851082 0.2596198112231925 0.1835752404325674
0.1872693708211317 0.3993403916798869 0.08543019880291088
3.107098588269467 0.4129582947244728 0.189726604079806
2.354296846667279 0.4014444884718355 0.08461391617250878
1.41198635908395 0.09097370612746471 0.3632882395847076
1.711000846313639 0.3174898327718853 0.5848170872609797
0.8416089868602881 0.1696481602548505 0.4128579953465704
0.8281528941172044 0.2903706835085828 0.1722659573210259
1.287766513893863 0.1710859688480537 0.3695150755499713
1.88729402051651 0.4133481830125535 0.790782106763273
1.148300507439198 0.4080498831483472 0.1471486896887593
0.9728972854670073 0.09073440254578589 0.1959522946853364
2.431000864247652 0.1679561756380179 0.4460389633391075
1.57825546721771 0.1783739637685955 0.9106659496331748
0.1899792440269993 0.2093737629854277 0.08596432068610364
1.231842057129238 0.3101639855517999 0.9143858069272114
1.620065466722723 0.08845161606216347 0.7056649119683368
2.747628134884275 0.1934934333038453 0.08336179221643142
1.439088094980085 0.3169612284169125 0.9112039304135952
1.090571376995309 0.312248682725681 0.5550163156314167
1.552910278263775 0.1905070469540509 0.7604462177091832
0.3455763170354063 0.4143172406052397 0.3414579064059676
3.262619492087526 0.3190687976301924 0.1686382581716346
0.8531811443726126 0.08302933294198908 0.3270859802758247
0.4684727610722876 0.1834634315945349 0.1928323897112213
1.085107862320751 0.2015720273345383 0.5282377331703354
1.714809622578716 0.1528879067401656 0.91862377904611
1.793779612577907 0.173305322345279 0.7500116226004565
2.084069445241695 0.4059637561804303 0.4094623991095936
2.309442580924407 0.2995593134956894 0.3938276067701454
3.216550821035659 0.3096471594787248 0.4113594797072666
0.2104559787177978 0.09325012916085562 0.3085335107018227
3.410637566243202 0.3153960001676687 0.09199195423126595
1.736718558170262 0.4134445566821523 0.5868726954705102
3.351237851644471 0.1947938700529085 0.2395441040076515
3.316851262704694 0.08359258314267935 0.2037944324038712
1.032239652413965 0.1931340552665593 0.4185801851241998
2.287934016261314 0.4152641876731087 0.661359416224258
0.1859822559074053 0.08356146671898941 0.2070978126353653
2.202946676338547 0.09050638333796449 0.8162214759864949
1.317316741295315 0.19859433385617 0.9113069738966769
2.187054523926272 0.08368548060380278 0.4511760940586234
2.324357659261728 0.1978527263879458 0.3254275568048535
1.433595845812569 0.08378357537574999 0.6704080325744028
1.199056234176652 0.08401094401120321 0.8236431336675785
1.946365059993252 0.4103622447480633 0.6930006181054205
0.5236505122339578 0.08712641565260561 0.335769070229209
0.6634872964665696 0.3124901531161068 0.4143316945706329
1.682279658362324 0.3069947904242675 0.9161398691253297
1.862992559529836 0.1867103327861899 0.586935534341915
0.9534349026915805 0.1899507481664721 0.0881093562096328
1.574868782612413 0.08166767033106528 0.5867611329242389
1.929432414227269 0.1955022925819992 0.9097356275014106
3.125 0.309737644489986 0.08236176584240015
0.9513579439766041 0.3092704724213853 0.407002604879146
0.5376384579341967 0.0836994238035525 0.08497031359605753
2.177986827660414 0.4136852385773911 0.1502060491101999
2.479500956518444 0.08874828961186365 0.3080580906517041
0.3075649858853201 0.1900735218313831 0.2035784570610925
2.415193225566075 0.2005610664195613 0.5311713931367511
2.10889501571323 0.08888634081666859 0.8033811929223279
2.299198740365399 0.2104308689798044 0.7466588190276066
1.689651530279189 0.4092796543907433 0.8069883680449521
0.1748061505869152 0.2369338162682345 0.3049040169057468
0.433228644105738 0.2348015608718213 0.3113101455179734
1.30181805306941 0.08353566718215706 0.3442473623411277
1.710351649558346 0.4128723484882288 0.6831073931977116
2.844560269129229 0.3052940691921768 0.4143812918893821
1.211598051878602 0.3010130414088802 0.7525783518218486
3.320206091609876 0.4173695482970734 0.2066814722841163
0.3494297040670122 0.4158629792303602 0.151052905155548
2.411633543104682 0.1634184981981008 0.8232629208320297
2.367753416577767 0.1902154294215404 0.08362842887209199
2.082351571575608 0.1785714285714283 0.4930046000508221
2.617489416612672 0.1809655928016899 0.2638873521666401
0.3451075944888204 0.344053307611719 0.08077928596805554
0.6564908195936799 0.178092772061345 0.4203076982021517
0.9680711332846234 0.08964120830331429 0.3113802476665771
1.41747231499124 0.2017252915012421 0.3373503783542637
1.191573234492814 0.2784616978185804 0.4544149383132524
0.6469152939646395 0.4108269656088319 0.3044197789029935
2.516875969793131 0.2431751521341375 0.1780085762933639
3.416515756020769 0.3158070864158051 0.3547203877196411
1.086074335145931 0.4174372502686189 0.3389115717616685
2.416171209140845 0.2976711735996783 0.5315588023492172
2.590395719002586 0.3183271530737178 0.4165565790620841
0.7635693897502195 0.4149852646531327 0.4148938735330918
0.08243762782966359 0.3058367767314855 0.2903068641879306
1.91992388725994 0.08376761752744269 0.5849183061369199
2.083693864919382 0.08268724350077478 0.2877691143033981
3.336625570421023 0.3123311677669833 0.2302051023392581
2.88688671584673 0.4150550546890062 0.1929858172115556
1.581394147897895 0.4170810257911374 0.9146639392469438
1.710705048949851 0.1878679622520435 0.5827296506024351
2.989670447107215 0.3148694846038814 0.2667676164381685
0.8648077647963868 0.4135811445184024 0.1797385774358331
0.6393925859715989 0.190970905760687 0.08807451659183022
3.29633007292274 0.1849640058857999 0.08761110175048537
2.309987812072305 0.09197862823151404 0.588655533192841
0.296671833636788 0.2815539723229434 0.3195765075248098
0.8129036378950983 0.08453793993956915 0.4078325166657157
0.8132674210725129 0.3020712443709393 0.08521891782445948
2.354068952739854 0.3279231669420367 0.4754195818294867
1.35749760613584 0.2996314605875009 0.5592920241451108
2.975507578259565 0.2565921654370454 0.3331007399867769
1.055818744907314 0.08250035670059105 0.08129142534056867
2.489357903002651 0.2887327609330428 0.3031630472405936
2.049055200212438 0.1805447750133579 0.5754022193490529
0.3484082884879137 0.1835511450076914 0.4165539005344611
1.623187691768675 0.3071969913715817 0.6813962798502755
2.832563061522658 0.08921085443671699 0.317946528043847
3.183629956964989 0.08238427984572545 0.3255059431939406
1.551373724019034 0.08872984933879935 0.8079708356036385
1.424748758962993 0.08204607018028068 0.8112806656896439
2.603390941915473 0.3220896211556415 0.2462709614998514
1.179945730611252 0.1918298396713194 0.3059443985101264
1.165089746242624 0.08186713160730959 0.6196925350355422
3.2011789317026 0.412037826046119 0.1815576686306773
1.477561337925495 0.2995885823093698 0.6451419847553511
3.324520542532887 0.2842140423927149 0.4186926630623023
0.8355922056983559 0.3074474205701173 0.3051209307699044
1.323569999061508 0.08119208779867224 0.5344479104351277
3.081303437709525 0.1965753731828331 0.4194271297293478
1.187223115228622 0.07830441095947197 0.22471111556804
2.619128816952312 0.2591571977540056 0.3201706792042786
3.146951776697755 0.2496067666719365 0.1719836974335257
1.085445587482351 0.2982167645140254 0.6798667559167815
1.232733846013462 0.2136384340596993 0.1633760766015384
2.084274985909854 0.08320483590673362 0.1226158382076141
2.373761622376133 0.3264013560276031 0.2671809659170323
1.924933045801316 0.2353158713585295 0.6797780809062738
1.045806597859997 0.4170833037823539 0.2087052022659044
3.414135817864374 0.1825431831415651 0.2995515411909512
3.313906136862709 0.4095258431055528 0.4183874185252167
3.24397543739982 0.2006466014313688 0.302777272263212
2.994605214337788 0.4115564630619042 0.320919252896173
0.08474804803639745 0.1937114458264532 0.1735467826550154
2.604736484156565 0.1758990947605177 0.08194301891087059
2.192188090523766 0.4149549519418995 0.7941564284512849
2.255520426116275 0.1817178363686208 0.6671374974524134
0.9981224224847699 0.2025755188257819 0.2915192112252366
2.272813951900538 0.1910176413277757 0.2198290414321607
1.419379227434276 0.09963194567011086 0.2770252801442254
1.938789692616966 0.3149651191135537 0.5852803388040855
2.418882755143272 0.08597535690399385 0.4723144653053357
0.3623602300744627 0.3431907407431426 0.419348487455563
3.091262603985966 0.08310897005504403 0.1907564818920451
2.08225893689902 0.1803573015838175 0.1590678695209959
1.249542567367157 0.4055288643130859 0.8101443887675076
1.41830877986679 0.1841263122752356 0.4805077020843745
1.416192425233012 0.08268524711696466 0.1234917106113699
3.415669903198483 0.3951092032371468 0.1822294174943707
2.440337043138966 0.3237390359482915 0.4459062595897256
2.315308828185533 0.08761761660914381 0.8201107432440709
0.08869386594526363 0.3239616751993445 0.1998773802424433
2.079542893961276 0.2990653870848154 0.4102542610443429
0.6658347680665929 0.08544596104838545 0.2007242894653457
1.175514976876617 0.08085733947587602 0.4816948610595599
2.41791397804545 0.1876425649897172 0.6619222828962149
0.5277228245150845 0.4192808071563981 0.08047278753577139
1.03541537660551 0.3311674675671704 0.4202681098295946
1.789720700217093 0.2456100218208802 0.8168562053582635
2.988537578066942 0.326952665521675 0.4143358209036491
2.368897577764741 0.1712230341763706 0.2467020134015338
2.380395877755094 0.2412340454720227 0.1794114525067488
2.837447342510712 0.1843327264442042 0.4145033106621626
0.8755227926501569 0.4131434259953295 0.3124922628744468
0.5507213902711792 0.4197348708852182 0.3171987612773708
1.938771629770651 0.08451963292119169 0.8187455575738839
1.189102469942579 0.4168875967251044 0.9132261825909982
3.306914950046425 0.41313836856557 0.2993421237869148
1.300200897781355 0.1961878575734584 0.08459487116953149
1.82376229404787 0.2990403100000985 0.6975515044917776
2.132597276599645 0.1709450744755759 0.9213102560440458
1.317579536444689 0.279115881273554 0.7848033201787339
2.411151288419535 0.4171396201630631 0.3477942650903433
3.100931708298226 0.4221080237515191 0.3306144898727274
3.323963471343406 0.08099434917516751 0.3000207009591057
1.295511904297941 0.417688188905557 0.2784770633910139
1.147843677582037 0.1870960821209811 0.9118294490142469
0.4915910970884951 0.086388408406221 0.1825637858714194
0.8007587349337441 0.3239567944313628 0.4199774892085895
3.020172918896254 0.08025128120827316 0.3262450795388837
2.187200362109348 0.3100838745791968 0.7648833975377861
3.005885296905728 0.2922100912542889 0.08602704880644121
2.722557624558533 0.2587185464861825 0.3275722632079093
1.386449724920792 0.4201456900950646 0.6157402184162295
1.671753876441008 0.2021840924402492 0.8019082670287281
3.167764162246968 0.4183311972560015 0.08569309560215134
3.110551100712252 0.1916305475887048 0.2314767460043646
1.44662190188916 0.3232663808137971 0.5584760959295649
3.304682025950231 0.1700965175846387 0.4218455990342519
2.781054249144967 0.08293437926288449 0.1277021105574698
2.684292637800831 0.07832874568888953 0.3983220912545108
2.297196444224328 0.2002638949671773 0.9130429959965825
1.625253759383732 0.1827013188842648 0.5832333933781131
1.380351820535409 0.4197604113213928 0.742898262621646
0.4637038351390863 0.3232575308947079 0.08154237039383966
0.4190598847259018 0.1831338037642188 0.0862403446083157
2.570931266448965 0.4222709398007659 0.3277237853343782
2.29764850087778 0.4193900675958293 0.8121733482918766
1.746537648273758 0.07787422791040041 0.6523863829162065
2.069618726426818 0.323585318136791 0.5371639885902217
1.332026710589785 0.2333394049625904 0.3283253447950967
0.5216602158823893 0.1988193339347849 0.07618791781102988
1.331246270313895 0.08436607083468146 0.8074140694405874
0.08772092653736469 0.3136175042060827 0.418853860569189
2.253998072694689 0.1950175433028727 0.4880542312478764
2.804785279733237 0.4226735963429578 0.3328888755827944
1.062291152357221 0.07782215723916937 0.3362565050390326
1.18954021465953 0.4141759616703165 0.4508458917693269
1.902385128498221 0.19774714648513 0.8134833893521495
0.7324234900961778 0.1797993973658882 0.08374477563658339
0.4293712642775271 0.08707505304000523 0.3175566421698658
2.492874320237985 0.08123234447434838 0.1837398172712569
1.316315040746616 0.1752531234767282 0.7273535112581284
2.183921354927918 0.2174802130721534 0.07741392344914293
2.725235986142438 0.3227810630300399 0.243047347762204
1.230301403530123 0.1626317333084535 0.6256385294092219
2.192034072607143 0.3118877112891765 0.3473874096988291
1.412599894703294 0.4139857688172656 0.321816467773365
0.7518987991887658 0.1719151494316264 0.4189015189216823
2.298076800445845 0.3147663389196811 0.07790988705005944
2.187205145183704 0.2641386213370548 0.5283704735511778
1.083646025303867 0.2213067396092253 0.0769893550734259
0.5507710748411714 0.1718739950188801 0.287933699683962
0.7748760061986517 0.4219338060995846 0.3048148482461451
2.422045544077512 0.3160194477103909 0.7324119697298638
0.2898293959390098 0.1525053521161748 0.07902836495626994
0.8988829871687009 0.07930543479214008 0.1485669555785779
3.086048545948822 0.3060541389365426 0.3046588278278276
0.1211322878094385 0.4154897401094056 0.1808358296900029
0.5788015757503464 0.3240672044504156 0.4225235565011802
3.202865656201806 0.1784644277675256 0.4147903289570617
1.600926380607786 0.4163692731766041 0.6749624753473542
1.085135984237459 0.3049086736164325 0.8146844050585418
1.15134671371721 0.2459251574765548 0.194004841736382
1.441670551716046 0.1611731826970579 0.558618887393853
1.05 0.4225947408918216 0.0772730330252839
0.7741631346151092 0.4234687162144366 0.1983105705872081
0.6378298452619271 0.08218652341015309 0.3186178275187501
3.230087952480662 0.08350361073240448 0.1897048158579817
1.716494106032591 0.3281797818610238 0.7525256085454951
1.083018964708395 0.1570332801982366 0.621050557261452
0.3410446228496844 0.08386722395859122 0.3172277973801904
2.21440587621975 0.1941529580235802 0.2900392007146211
2.534732007692884 0.1756827183077155 0.4182534174824319
2.004716240449833 0.07819873584710703 0.6819453507837039
0.902487622881413 0.2524925254839887 0.3285281966645528
1.072798432888447 0.284687100349108 0.310553334649002
0.749999999999999 0.4200589410981542 0.07656613519566048
0.8391330573295064 0.196970036306247 0.1971247062572377
0.1806402179241549 0.4189046437870471 0.3074886661043684
0.3170330203955921 0.1925221735140299 0.3043754739510769
1.597419810819463 0.3095884524464171 0.9234561480824476
1.179738132033304 0.2562952929913853 0.8177357167604263
2.037402746495583 0.2951382373428081 0.9235934528828522
1.173446369661583 0.2996357974782169 0.5698544844158931
1.28634948815708 0.1406529514513317 0.4822070718406122
2.808215734460603 0.3630368924107711 0.1753976857169102
1.591513346965034 0.2283107615606794 0.6737307197419811
1.80843777070305 0.4203118435197405 0.8246937788436889
2.199600276415774 0.3124861854949305 0.923958811409465
0.3980433243210684 0.07539455776571506 0.1643183611725048
1.248954509430185 0.4222628081440952 0.6604623011552343
2.572469121699529 0.0746434466595763 0.3285572838388779
3.422477644703822 0.3136210584553138 0.2302133620165177
3.312288670074931 0.3483288818522965 0.07303432598433286
2.29920145178571 0.4142571402826541 0.5206698156550267
3.003568631271264 0.1823822998934955 0.2747295536888373
2.590710098653664 0.3321584462861642 0.07526635540253683
0.9168838383925791 0.3345641537996292 0.07673658665904401
0.985449064739949 0.3037219453345011 0.2929685116967754
2.742809240390931 0.3193361927875409 0.4153467325467342
0.7594112652981798 0.2181743033672969 0.3180746584755471
0.07998276401486992 0.1278080912902494 0.325892351493587
1.899051193268353 0.1722097170698664 0.7298740284549582
1.346125678416251 0.4072313394212088 0.4729161229828687
0.2912038499886401 0.4213604966246405 0.2122006053852113
0.5583249277140884 0.3285415902071734 0.08120426743612397
2.009727182636525 0.1704920270228086 0.9190201118110272
1.102144913209121 0.3123063279147291 0.2182219685330286
2.423174834828063 0.3254104836425135 0.6353802370222242
3.320173819155049 0.08025498259356535 0.08380447127134866
2.518375578760304 0.1829017179369525 0.07808787947879874
0.4021975455413287 0.2518847091129809 0.1773938290596127
1.791026314599342 0.08253197308154005 0.814586231257946
3.20877206468049 0.3179979948307675 0.07818518947178472
2.074200854246517 0.3288733041869709 0.1117169567587903
1.168875691081003 0.4171880865542298 0.8314477952138855
1.509916895867667 0.4238965095410539 0.667007071566457
2.933764384716559 0.07790460072533527 0.3351835552114566
3.022610252212168 0.4226251254823851 0.1873164291526984
0.1897557539925189 0.1655417349526227 0.4220863955973048
1.920511984721041 0.3120262512703957 0.7138730014266584
2.721633903418574 0.4238345809542869 0.3194929931422474
0.7609020904548595 0.3229146398743212 0.2698063792634619
3.422077808174033 0.1137448693699141 0.1731846339822169
2.75 0.3239298646463881 0.07257923120732483
0.2960397105318646 0.3017649892693479 0.1339851840921842
1.057219189039664 0.3052415768597707 0.07816196435948343
1.336138488770643 0.07424970805755435 0.2661706985336146
2.307829003468048 0.07645236224070488 0.3413028467814628
2.207035801171818 0.4143300143078357 0.4305830206675227
1.187188707714025 0.08004706394579902 0.9164730192931998
1.496363021995517 0.1657103016919842 0.9220940666216599
1.794552601734875 0.1838982686647775 0.9173745167125592
2.165039842205978 0.07484732902684971 0.2700636900005937
0.8704825319113393 0.1776831464249061 0.08357320357012248
2.006952925468844 0.3161929817258696 0.7404750746587438
2.3167597341027 0.4090933113790986 0.1588446241524081
2.454879582708137 0.4229185362016881 0.2098399407777917
0.1380002040132621 0.07189077594067081 0.3398730917411925
1.798008525208978 0.4247803923626253 0.680157975301068
1.377494983449578 0.2436014329587345 0.8306004736604375
2.175267809990704 0.07510577610382102 0.5344381004032246
0.9600018118341036 0.417477255867964 0.3194240467749258
2.160060547449083 0.4255493629833081 0.2797109867780856
1.537174407746044 0.07926089423398901 0.6653004213589575
1.989013950908235 0.15936619205308 0.6907304351505477
0.5821053306039358 0.08271903564564657 0.1705904242891996
1.521181249565416 0.1762882188207762 0.5718224752287996
2.406020335549916 0.08166597475162142 0.1847196943684922
2.081715629674766 0.4129610655167769 0.2518763410237687
0.5351270559047359 0.2305819003031208 0.1783371480315862
0.318101135901705 0.07306377770315946 0.2052423206849361
1.514112891930686 0.181319877581549 0.6845080217304413
1.907350640572362 0.3119758872835267 0.923718262359567
3.310880966984126 0.2231075483360926 0.1629088204899328
2.656280299611152 0.3287883137907007 0.1828444322984299
0.4544375867989808 0.1825848843320037 0.4188697161450311
1.151350739275722 0.3284312202980177 0.9251170669048956
3.107842930646286 0.319756375742724 0.418161742843747
0.1719554644637923 0.07473070101449869 0.4149065938813555
1.424361844968205 0.3494941448464012 0.4697138500352012
3.190979283630596 0.1768446565889459 0.2439000397032552
2.079851056039645 0.1904169301621452 0.3278754653692602
2.007342247167428 0.2350581166144071 0.6610336141535286
2.732454028054986 0.07588250546345525 0.3228193059287919
1.746804942118485 0.07453231738874531 0.923093167732469
2.318489393409251 0.07455462534366074 0.7268710920625052
2.918021392344571 0.08107511022344714 0.1644589800962718
2.157520075915068 0.2650873828237879 0.4059047037577408
2.340592012624106 0.3127605544352932 0.7450393072068437
0.3302843380033136 0.2639172808906673 0.421661750421203
2.265328312890708 0.1563567678620987 0.08021159734110801
0.07715614799640327 0.1128889574427445 0.175848486714358
0.5604599611944651 0.4224396474264803 0.1669027309184069
3.225636763039787 0.418562773526351 0.313268811354683
1.321044002245024 0.4160266916486411 0.08419602344624803
2.072979654010921 0.3167789858674708 0.284098917528238
1.561209356079117 0.323932250440524 0.7330206366619386
2.143169280268505 0.2526195901158327 0.9199864489688789
1.479238168589811 0.2324891598338034 0.8120976788560933
3.317942582863607 0.2298133730612864 0.3242363532280657
0.1311499723451989 0.3267313344747422 0.08061650426410405
1.205844983250792 0.07405382430078816 0.07759831480921739
2.083372671731953 0.4201635905152638 0.9192147059021554
2.918116868320968 0.3361583452076576 0.07369629327419627
2.379880450740557 0.323294938686409 0.1852011707921164
0.7859155957226959 0.07313429777922456 0.2805188890639921
3.403204787275242 0.07407928227798309 0.3208767474863582
0.3414856019920026 0.3180608073670744 0.2578617703427464
1.185316667836662 0.3217157901047326 0.3489204389656803
2.307280749942792 0.08202957899978591 0.466594655489655
2.342369940035015 0.3136734091309108 0.5923237849519183
0.4170724826297956 0.1761148166402151 0.2563301461254132
1.595001298140906 0.1870089723382251 0.8307282495193475
2.925064262748641 0.1666426922302015 0.4282862493391189
0.6218896873592319 0.3217496534823427 0.2583702727005587
2.802868958297663 0.1794878246304876 0.2419950280272892
0.5747176601493731 0.1764601428998626 0.4263054929644992
0.2398325373636095 0.1690651375331469 0.3185696540026268
3.323028368430334 0.07754785502857943 0.4168258196428092
2.913226309633683 0.4209262984995712 0.3328197721630753
2.100285071266245 0.4267737431115587 0.6543280787785914
1.357950812691441 0.1779514144554008 0.6123188929134177
2.560969819315856 0.4228284791743875 0.1634294728146222
2.181224076816933 0.07586910764933859 0.6629546826979689
2.676166039899074 0.2398341026186409 0.4254497052026825
2.441196880664549 0.4271614504807713 0.07757321009531232
1.608873899805303 0.4182547637234188 0.8177423230261346
2.901516883621123 0.1840127256449144 0.3255977702369142
1.751330199077642 0.09719974224991536 0.5735754298240838
0.775598390233076 0.07081465351246882 0.159714455999146
2.019722167816693 0.07927814298853061 0.8288338155135995
2.157382086611204 0.4228362637608543 0.550187377035619
2.606082269886495 0.07950025891103867 0.1973513979494018
2.162512083667129 0.07308043404433891 0.1425215789079912
1.887986748165444 0.0748889573441085 0.6594897606524857
3.137056992293765 0.3296390195645479 0.2406468320770706
1.279560471434237 0.3176297005174988 0.3100046929676192
2.233202399660344 0.2817330515551777 0.1658743104361128
1.425680808415919 0.1756074573040717 0.2494550453863804
1.071598422560613 0.1336439168919878 0.8311175853727404
0.9345141705762871 0.2411887862297257 0.1654638278034845
1.424714172128784 0.3248755675224099 0.2693868282269327
1.350227058530378 0.4275500454376413 0.8192298461231924
3.320890474606389 0.4193717090108446 0.1124192245400365
1.500236344628806 0.3226795271493296 0.8579068802580505
2.42532831087654 0.08529010722680182 0.8069525292916898
1.327964039196169 0.3171294735460711 0.6665834544452601
0.5277281219201924 0.2433349432405962 0.423462420201266
2.325650716777804 0.4269249663651136 0.7324870739047815
1.791541186323987 0.3234035446054812 0.5754712138254332
1.296884770422647 0.3394368023707731 0.07197235383731851
0.888679777967476 0.3272675154823796 0.240189155777923
2.729914532912044 0.07455639831217405 0.1914538549018259
1.269767649535691 0.1954047858660342 0.546097902111005
1.524009448770269 0.3229061424225862 0.5828406398688779
2.41730830135586 0.415300464307185 0.8168982749496962
1.077547650586704 0.07666686701606157 0.5954250483917164
2.427043655309215 0.3242431316873583 0.8703057548925476
1.307695384071659 0.07780630894516793 0.7150848677258793
1.372270141382183 0.2720188284388703 0.919970362612837
2.916210841532755 0.3463982207295142 0.1615674300288755
0.07777919240358772 0.4198220370714442 0.3222830315871865
0.4813130277954748 0.2960452925368754 0.1845982913763068
2.181153813281586 0.1837177386383276 0.6988501082607077
2.070573533380714 0.1012538786743671 0.4788797808377083
0.6738049095601407 0.23901281775681 0.1816423002462198
0.4230351452635614 0.4201151076656853 0.3163766741160716
1.996221394022702 0.0747913046332792 0.9203410827456113
3.076400910418271 0.1841137209406984 0.0796626237361746
1.32632743901347 0.4211610316983148 0.5511638093382256
2.426632461948945 0.07316645373237968 0.9266718163520651
2.038343201746361 0.4268291874835092 0.7847940841038292
1.184363375522743 0.1226309186535737 0.7485314109322235
0.3666163190426106 0.4228995264568238 0.4258558004837117
1.226880154534893 0.06886576960906582 0.1552073005805679
0.5122661151791083 0.4298619567745591 0.2309804064258379
2.105135419110286 0.3473216360879761 0.6423495361029755
2.196573931302535 0.4209047594075211 0.7041596677473148
1.328058222942544 0.2484102686227875 0.5047146142252243
1.129151329621349 0.4110006883471747 0.06910603014358369
2.796089479455991 0.4250393723448678 0.4238736018734043
2.704182280766793 0.4289086993120348 0.1454847298417864
2.307229134879674 0.07668066557703745 0.9194018751463044
3.423077503243078 0.4202522214336082 0.3213236796871063
2.195978128209066 0.09646532802305388 0.07337224140962183
2.808462081598119 0.3354190749329908 0.2510205764757487
1.424158409902009 0.1586122530428304 0.404674097026523
0.5441748003272778 0.3246393816274597 0.2856583656840427
0.9118574125527609 0.4243805002201803 0.4255957103918663
2.355696173540261 0.4284086964430613 0.2910116035155761
0.9713196800741848 0.4202255351306042 0.1782625995847847
2.717344482664735 0.1887585870845427 0.203698533359173
1.86225455535236 0.3802957368483331 0.9290957333181753
2.310481016224029 0.2962417665535301 0.3138165575077209
2.911962282800636 0.330489588077493 0.2557982765763516
2.427014636661984 0.1732610941572172 0.9031364869953323
2.003169409601134 0.2400183659101853 0.8181230787498105
1.325519146467772 0.3670022749099601 0.2245064493505034
3.103285782319777 0.0725801726144971 0.3201340381682786
1.327052108487951 0.3396245907843302 0.9218368427795862
1.314110196981498 0.1630852410177921 0.2424912195430114
0.07618747795094934 0.1778331728344995 0.09325497028518126
0.2072541577679917 0.3226691709623933 0.4288635366902845
2.233080583993175 0.07237339222104894 0.5967662282295211
0.2197208342063754 0.3019494795731711 0.315411767044712
2.511021193401543 0.3189758810561299 0.4093947349655893
3.428896071825749 0.1977669819673364 0.2211965719169715
1.531722160808679 0.422803402401345 0.837985047242664
2.639625522567467 0.1645988031939959 0.4254784567761911
1.161694743908869 0.1824526097600382 0.5904629412897876
2.183978253358617 0.3948777656315394 0.07085845518384222
2.208163215615483 0.1880083964964376 0.5526920675529983
0.7659577662874901 0.1491030997733201 0.1495041141214825
2.211714867748092 0.1692398777391233 0.9291986898810746
2.367243440359275 0.2461805099754403 0.3830715510852953
2.750713278939861 0.1774798399150324 0.4220288669789565
0.4495800506621482 0.3122384447676514 0.3173080525464689
1.072683365421091 0.2143299892903171 0.9295239009749043
2.510065769884635 0.1808973136947462 0.2266480997970668
1.786988565437183 0.1679853313975625 0.5744588984124175
2.550435543912045 0.4214824148696106 0.4264357000047784
2.82911648339116 0.3256444490638842 0.06885844915656456
2.223218345521588 0.2897849836330107 0.07128172230359703
3.016111866755371 0.3693858717816749 0.07156136937220049
0.8754201153425454 0.2979949863249818 0.4271567122460241
2.158073528769153 0.2415470549095716 0.2609435077771363
0.8989296242136646 0.07602925540859008 0.06859149701074095
1.285034082307638 0.07396473945491591 0.6031255164873378
1.195106799933302 0.2854025502051394 0.06915386654630676
1.61920852008217 0.06698292210632074 0.8362149998023211
2.112383067896546 0.431557407686653 0.7426294920358193
3.218546015108751 0.1789676103618871 0.07641084405896391
1.367125601966724 0.3216480403931611 0.8288276622692173
1.866651382189016 0.153951244558674 0.9328350812349961
1.284969031092308 0.4248002004992323 0.7360589562323631
2.249677476148923 0.07080425572709943 0.2159631950327307
1.726440324893226 0.2372424440004956 0.6688155727839543
1.195347392888816 0.4269261909468547 0.2439090482678449
0.2327674669148538 0.1806875339423533 0.1811928639851027
1.085492097444786 0.203001641346793 0.1944105029215669
0.671783536739692 0.4191235039960657 0.068908465331136
0.6320626578818137 0.301654113865944 0.07827529702311749
1.958742391233903 0.3475275188683795 0.8460862460287752
0.6516908590259772 0.4301191407871144 0.2197335892106084
3.022680644057345 0.3398939063132624 0.3362549382165779
1.389694790306634 0.1733842094520835 0.92806941753734
2.423016497244337 0.07766586440105225 0.3613295798038981
0.3235126818038955 0.4268673544679764 0.07728152883891476
3.42922146094462 0.166985364801384 0.3767943863607683
2.138144595736188 0.07651852021955882 0.3454782762876467
2.339135914710005 0.4266624341424637 0.6005497553898675
0.611866000683867 0.1548968528756484 0.1770038122706412
0.4337510004050025 0.3129595213898981 0.4297476293777139
1.971537353770344 0.4245196467063886 0.8420040316025952
1.874917622671181 0.2817560035668386 0.8237252579947039
1.065468321540288 0.3934296001855734 0.5168111627362681
1.950134022180971 0.1553067058768037 0.5764807306163169
2.493401109487981 0.4314516550131734 0.3289583709287976
1.523976338281439 0.3347208730181989 0.9312388010000845
1.430623750140337 0.2619543460870857 0.6985900939105293
0.2694421026849749 0.07658546513728158 0.0784115825220276
2.302755340741095 0.2476949839128664 0.1753611454583751
0.6813669630085758 0.343973798461345 0.3251151030134619
0.9284633348278524 0.1743530853507273 0.2510090987080026
1.087303189473976 0.3206590917700181 0.4775442858601407
2.27077767197803 0.3390991207564566 0.5163137298986091
1.225598097947719 0.2116701774163035 0.06792843021114829
3.210372089279355 0.307826950940139 0.2254365936942705
1.714410165375209 0.2615308915574343 0.8289016236628797
2.631180953575434 0.1845523605211077 0.1861478682536866
1.214999304075983 0.2106214393443763 0.4012474586852104
2.213045360132596 0.07331601200846244 0.733935526239787
1.874731034839185 0.4273620695273143 0.6550955677757063
2.796634248112537 0.1341849183141901 0.07114174990391477
2.247119142571831 0.4273974450741994 0.2794315378578446
2.929036713461654 0.1645224100962114 0.07625386744310909
0.3138629534395221 0.2673717982033963 0.2012140381845834
2.669851903610974 0.3563926348847151 0.4350691796630535
2.912547316228925 0.3427491925019405 0.4261757253006448
1.229813261909359 0.07789603102170864 0.374749648886073
1.422207768647898 0.3300059415650493 0.07302689426414619
2.413939760418919 0.1573209637616056 0.1708792642356167
0.9500690423427913 0.1554554463024138 0.425831492268031
2.426424684518171 0.4253177552401132 0.5219283049223374
0.7532152332064828 0.07078576509244421 0.3512419254944212
1.490095043530117 0.06818705992143698 0.8526983835559663
2.430155086314073 0.1815043485022621 0.7378632128009744
1.867090193772265 0.07051325871401518 0.8446001559796521
1.310571110728857 0.4285150234509414 0.1594192906325133
1.431724235963987 0.293565922626574 0.4181230526804421
1.274675874990535 0.3351127104281296 0.8290519886743029
1.497223677015129 0.3439025097118932 0.77104056260591
1.12267101381718 0.07602813904696441 0.8293577868319798
2.077434462213588 0.1812549521532915 0.07279216799792596
1.236519770548693 0.4329114742885708 0.3366385502476816
1.270309204799577 0.07838742369098778 0.4400835324936804
3.360645054712284 0.1459642935517918 0.07192486302622526
1.155343468459784 0.3413221309863989 0.4291738875078682
0.2750432031614306 0.1658424342547666 0.4343762421508578
1.169496040420547 0.4325517573592892 0.5258373720231876
1.753300367950136 0.331693523244969 0.9316195021419922
1.149736640355357 0.3339488552400295 0.7212542732762041
2.617695652094577 0.4348471115428901 0.2675695154205598
1.822160171016653 0.1668919110967821 0.8425186939946889
2.08795832855944 0.06833723218218173 0.7171549851924979
0.8478816352720229 0.06613155439181348 0.2043217375152956
2.146993466203881 0.4269545290073992 0.3704475139132062
1.302516270924499 0.2075904507610819 0.6564143351033062
1.03594337583948 0.07357664103268227 0.1551686353695947
1.124045762054064 0.1840006984468672 0.751660716271329
2.688499627786679 0.0647961807607649 0.2610738875409673
1.132587066795316 0.3435444099728295 0.2978362238316845
0.7796047877359314 0.2421762127531777 0.4308920842578314
2.265401755418588 0.3322710113546961 0.2307916538898445
1.870281909914969 0.4270972187095909 0.8691558121417092
1.359112030298725 0.07069680813911595 0.6588934956044591
1.080828677812385 0.2655467920110912 0.3841393546436213
0.3034585347911531 0.1450568999497791 0.3627340767162815
0.5280084594761923 0.1146018075838697 0.4271524243441237
1.422254670240746 0.4270771551338995 0.9244557093371804
0.1154899288721194 0.165124289309997 0.433735001830682
0.2206592766230571 0.430934991588337 0.1471800052472013
2.273175511242661 0.3555261084246987 0.3567659514166387
2.582344387503948 0.4307504779041045 0.07383662415657628
1.97711672852124 0.3406018463731946 0.9347222528299777
3.391605425685638 0.3239303305150167 0.4288439467102352
1.206238914777746 0.3137073754670737 0.2456466026288144
1.335578685610511 0.4253135344348807 0.9234526159669164
1.866493374870871 0.3371379256537892 0.5758864420762732
2.259027848596212 0.1655750706580706 0.3477165302528237
3.185470739838236 0.2435258451392227 0.3309542900051261
1.996461424864369 0.4222572292957162 0.6340383400841896
0.3618587240409582 0.2455926154766164 0.335551175474928
0.729024359681678 0.3485167976551291 0.4309691733220246
1.074152010273261 0.3236407247867937 0.9115358307105458
0.8041879100796719 0.4339299394213026 0.1287405842673857
0.0679325348359598 0.1758785441858167 0.2452201730866268
1.692290340555316 0.2264889339169165 0.9338236373870158
0.6493275783986067 0.1636480488893174 0.2476233889919287
2.399348364913684 0.3408524542803551 0.06576564061469369
1.897393377649538 0.3468012242369833 0.650408361984264
1.072872573443952 0.07313553823072583 0.5200520767782317
1.175369340897942 0.4263400975117603 0.6785949638295752
0.1440153185817693 0.06526337840516606 0.1450243464601051
0.6578822313339567 0.2737066933783562 0.3493252814875787
2.079124306548565 0.3506739775977105 0.7555347106729657
2.335705002744191 0.2160538788923894 0.4910855472575532
3.001247177669413 0.06865789471428572 0.1495585689578345
1.316349820130227 0.2384310448668729 0.2505183271597277
0.9846738547832501 0.2484750061459178 0.4352091759611947
2.360216313719594 0.1688592017459349 0.5724881626683852
2.285387058318817 0.3493602012124064 0.838129520811748
1.033621241343345 0.1488069949673215 0.3311452354312662
1.331385945741944 0.2862585859111316 0.176878784092143
1.973690465623354 0.15530723627195 0.7646868011668335
1.069892649215506 0.4302768696186864 0.9301411672130719
2.678390879755218 0.1680317584186569 0.06687448453206865
2.395753790285659 0.4367006884731172 0.1383041808771105
0.7128525728077282 0.1625690783438833 0.3548797895078654
0.7624108824741088 0.2181327501328542 0.1904970960842859
1.988569901208426 0.3691445113237139 0.5727689711767104
0.4891165695324712 0.4315694219618927 0.1441192162028744
1.261432733793628 0.3252299621530207 0.1608317768361592
2.088362931648496 0.160644023602108 0.7355331572656294
1.665465127712776 0.06628204962214865 0.7607351563613607
0.4623115744226275 0.1659645836285333 0.3212783293043663
1.280202739766341 0.08332330129955251 0.06608311297825582
1.247427094305161 0.1637860888340673 0.6990218082948927
0.5042090694149242 0.250332839373527 0.3310550322894957
2.694788222856825 0.4317644998725627 0.2342159717994214
1.428063912380794 0.2073414536227706 0.0683316968310602
3.356461838259141 0.4363114776338872 0.3490849223682702
2.549760851886647 0.2324614832287156 0.3315186832728089
2.333287710859664 0.06322151996113887 0.6540184120010717
2.226104644172354 0.3319747028204189 0.4113109914814539
0.06834460223825926 0.3331067698915639 0.1256259050855177
3.160512098620955 0.07000295894664775 0.1636979841481963
1.186487019473395 0.1475226460071736 0.06863256779489678
3.379405863033461 0.1751154281990566 0.4332941011003891
0.2999999999999982 0.2834936490538941 0.06129989458705749
2.85764861829969 0.2201321186958453 0.2732494691789758
3 2 0 179
4219
4220
4221
4222
4223
4224
4225
4226
4227
4228
4229
4230
4231
4232
4233
4234
4235
4236
4237
4238
4239
4240
4241
4242
4243
4244
4245
4246
4247
4248
4249
4250
4251
4252
4253
4254
4255
4256
4257
4258
4259
4260
4261
4262
4263
4264
4265
4266
4267
4268
4269
4270
4271
4272
4273
4274
4275
4276
4277
4278
4279
4280
4281
4282
4283
4284
4285
4286
4287
4288
4289
4290
4291
4292
4293
4294
4295
4296
4297
4298
4299
4300
4301
4302
4303
4304
4305
4306
4307
4308
4309
4310
4311
4312
4313
4314
4315
4316
4317
4318
4319
4320
4321
4322
4323
4324
4325
4326
4327
4328
4329
4330
4331
4332
4333
4334
4335
4336
4337
4338
4339
4340
4341
4342
4343
4344
4345
4346
4347
4348
4349
4350
4351
4352
4353
4354
4355
4356
4357
4358
4359
4360
4361
4362
4363
4364
4365
4366
4367
4368
4369
4370
4371
4372
4373
4374
4375
4376
4377
4378
4379
4380
4381
4382
4383
4384
4385
4386
4387
4388
4389
4390
4391
4392
4393
4394
4395
4396
4397
1.749999895137412 0.2465646542991201 0.2344257899004521
1.75 0.2499999999999994 -0.06100875973367886
2.562440513704751 0.2618086695307046 -0.2523049715040985
3.237499999999999 0.2618430139592767 -0.2400742363333991
2.2625 0.2618430139592794 -0.2433988673505625
1.237499999999998 0.2618430139592772 -0.2452656847896745
2.862499999999999 0.2618430139592793 -0.2502852238894032
0.337499999999998 0.2618430139592824 -0.2447436182512734
0.937499999999998 0.2618430139592796 -0.2457769146095612
0.637499999999998 0.2618430139592806 -0.2488994671789301
1.474926860429579 0.2499999999999994 -0.2339561988356622
2.024885278141164 0.2499999999999994 -0.2340792207033258
3.050473326743101 0.1977109966437318 -0.1976943479685581
1.649824252061143 0.2900455178407554 0.3521387939787282
1.844984269528081 0.350165126198997 0.3449083046403326
1.853418504035463 0.1780401012382075 0.3534394881770671
2.712499999999999 0.2196420495827067 -0.1699961494644335
0.4874999999999976 0.2185417437700598 -0.1683382783654999
1.087499999999997 0.218541743770057 -0.1685014685324372
2.4125 0.2196420495827068 -0.1678219888151498
0.7874999999999982 0.2204166130343764 -0.1684965157650931
0.1867378538311845 0.2189817690657884 -0.1686496843070557
1.833642423339596 0.2134927812037631 0.08426211251043149
1.666359754119017 0.2856351111040086 0.08459153647522262
1.350289584822168 0.1585991279545579 -0.1643877916735213
2.149570800180857 0.1587395774094061 -0.1643826429748678
3.0125 0.3484455543377237 -0.1552167178183962
1.348637590146914 0.3277622384241942 -0.1529651168111129
3.348637590146915 0.3277622384241946 -0.1470787397088359
0.3375004877639258 0.1349181543573258 -0.1390087337069462
1.012499999999999 0.3484455543377235 -0.1454519812928272
0.5624999999999987 0.3484455543377247 -0.1454297158034115
0.2625282591640192 0.3484292389017723 -0.1453434973100688
0.9353961562917565 0.1341721222903424 -0.1488145820849553
2.7875 0.3484455543377232 -0.1448239675576049
2.4875 0.3484455543377234 -0.1445119412226546
0.8624999999999985 0.3484455543377237 -0.1436256780094799
1.162499904001114 0.34844549891274 -0.1436255955089837
2.6375 0.3484455543377232 -0.1436168554818111
0.7124999999999984 0.3484455543377239 -0.143614066632848
0.4124999999999991 0.3484455543377253 -0.1435951944820792
2.337514355656702 0.3484372660954618 -0.143604438119809
2.151715492849568 0.3296678832338868 -0.1524946334285654
3.162499904001114 0.3484454989127404 -0.1434673907601018
0.6367917726270966 0.1366691340362746 -0.1407630407377358
2.901290429751894 0.160588317601954 -0.1451953895389958
1.606443046329235 0.1785714285714283 -0.137907050440986
2.563147097027937 0.1344115151332797 -0.1375281414717976
1.893543880193596 0.1785714285714283 -0.1378534783095981
1.668312029445968 0.1358058176251653 0.28323252100006
1.854940782468863 0.3561653295290872 0.04074219952728092
3.199813373168801 0.1605458856744394 -0.1409580996065116
1.644723003837347 0.1435839148411985 0.04053090660241625
3.350289584822168 0.1585991279545566 -0.1447631565425765
1.757216613354058 0.2792836087658596 -0.2804354755234896
1.63882195464056 0.3479624621362419 0.2205494296696462
1.865678544299429 0.1491964173151372 0.2177371620982017
2.300186626831197 0.1605458856744391 -0.1270234546034603
1.199999999999998 0.1604211390236031 -0.1270052341078648
1.600675555348468 0.1671391793267439 0.3964437256807081
1.485560569930788 0.3214285714285708 -0.124952047677903
1.875183688367085 0.2827288115280492 0.2145883271856566
2.012755303851009 0.3214285714285708 -0.1251799508328524
0.1074797425098167 0.1012838014686656 -0.09861686434809039
2.9 0.2834936490538905 -0.118165208139821
1.594759289723012 0.3848097827271287 0.4054832319454768
1.488488202637017 0.1785714285714283 -0.1142931703940335
2.022380051946782 0.107142857142857 -0.103673078892296
2.787491215729517 0.1052771680987512 -0.1146991062440437
1.617093469329195 0.1422202387728779 0.1701323119796337
1.62243993027627 0.3214285714285708 -0.07235546400952463
1.59960398741858 0.3994933447700369 0.1014163663285736
0.6374999999999981 0.2618430139592804 -0.1109745057784385
0.937499999999998 0.2618430139592798 -0.1109771449837078
0.337499999999998 0.2618430139592824 -0.1109702173296736
2.562440513704751 0.2618086695307046 -0.1110165597574015
1.746548739934239 0.2343570417062801 0.3902547024543501
1.613142848943181 0.1739193690241448 -0.3321426867636031
1.89558578235177 0.1665925326927258 -0.3357089802045358
0.1640082274757719 0.3194163688762992 -0.319301557457829
3.087499999999999 0.2618430139592792 -0.1079746230350955
1.894402752893178 0.3978507933551578 0.1630446193982976
0.1077731667136894 0.354559327974856 -0.114942319480291
1.899758000229854 0.107142857142857 0.01769852681264456
1.582322756733254 0.2881099362072458 0.4171229528945825
3.014591308848668 0.1343886894724445 -0.1078080719041446
3.086348871595596 0.3284551839530057 -0.3239193443782274
1.087659461632033 0.2939522695985706 -0.3390966111341537
3.237499999999999 0.2618430139592767 -0.1052638194193461
0.7884443359994984 0.2996129006841986 -0.3380655024627206
1.91554984698239 0.2900649080142703 0.4158967199554828
2.409717953743872 0.2925081943332786 -0.3406625313237384
2.713061390971848 0.2980303068930708 -0.3397313065520393
1.748712313818483 0.1053869415487887 0.3895799746244806
1.916285907259503 0.1406848543921939 0.414982736244161
1.237499999999998 0.2618430139592772 -0.1021531765542184
2.2625 0.2618430139592794 -0.1021124332551414
1.746477641869375 0.3613610559302669 0.3965500077258867
0.4874999837397808 0.1052746999527321 -0.1037189011303967
3.274807167322106 0.413286796125972 -0.1026360876893319
1.364807592985611 0.3396927846617886 -0.3323101748268005
1.337952277290262 0.1550862114011818 -0.3366496897441774
2.040105073691563 0.2170592592908269 -0.1026317459716879
1.600430253491305 0.2465555999640797 0.2344307538857305
0.4863493740379188 0.3204639889465901 -0.3298822589809611
0.2251649994635164 0.4133349719099724 -0.08404437560611742
2.14380015376431 0.1766644037933698 -0.336714422270688
0.225538810487263 0.1588257476319591 -0.3251266169299061
1.610668339892267 0.3465277573704836 -0.3430499782717753
0.7859423820395885 0.1362668629228867 -0.1000876538772767
1.087013204335463 0.1345727143244993 -0.1002652275228715
1.879629743945261 0.2499999999999994 -0.03095575405063685
3.326087395464418 0.1563489056089142 -0.3415900027192978
2.411799209392853 0.1365777400415301 -0.09962819002796705
1.895342700287879 0.3340998913539105 -0.3559079477495954
3.348767995697492 0.342355324899043 -0.334548432111466
2.787499999999999 0.2191596361944103 -0.09610599238312235
2.981804118309711 0.2001560956672016 -0.3506021460080602
2.15144408038481 0.3445708995445604 -0.3386750161121945
2.9375 0.3917468245269454 -0.09572818543001543
2.300039450557429 0.413391276774902 -0.08341360421154462
0.8746478789809862 0.1628389826121439 -0.3590257576244668
0.7115467068301427 0.1556458688280766 -0.3488791567457343
2.675802404114821 0.1583377457276016 -0.09504062818216116
3.142193844905434 0.1606722321403765 -0.3313700387246371
2.625681649791159 0.165035946045386 -0.3633170263598318
2.675 0.413397459621556 -0.08251318108508833
0.4362240016211733 0.1564280716191352 -0.3473179532549575
0.1076435470162816 0.2214421941446827 -0.09671161338561431
1.593901783324719 0.2499999999999994 0.02117641877604674
3.275 0.07978640015543917 -0.09550173845288974
0.2249999999999971 0.1604319700270866 -0.09400920365362746
3.405074908589199 0.08951626415923872 -0.09250190411855967
0.9374999999999987 0.3917468245269454 -0.09139499199422396
1.087499999999999 0.391746824526945 -0.09139492857243496
1.23749875200319 0.3917474342139496 -0.09139474476417736
2.5625 0.3917468245269454 -0.09139178368171433
0.6374999999999987 0.3917468245269456 -0.0913907695474311
0.7874999999999983 0.3917468245269454 -0.09139076954743118
0.487499999999999 0.3917468245269464 -0.09138390728535636
0.3374999999999991 0.391746824526946 -0.09138390728535629
2.4125 0.3917468245269453 -0.09138227098148187
1.170663996617117 0.1489934155606444 -0.3492025342043569
3.087499999999999 0.3917468245269455 -0.09133741985821334
2.080100115434661 0.4209996819676207 -0.08431364879774828
2.333478021094452 0.1472121764572288 -0.3539690155537324
1.858011245354986 0.3325521697203477 -0.1671492054552563
1.58030716821521 0.4220218708005226 0.2142832532822991
1.907615921553862 0.3952028094853035 0.2777307675062122
1.392356452983715 0.2214421941446778 -0.09324994623363916
1.905285774722734 0.3928571428571425 -0.05774676497448003
1.896446772447177 0.4025704883817766 0.4107445039198871
1.757181621075839 0.1424389999078712 -0.2050283544824159
1.019615331320649 0.1324450728355669 -0.2955694658108718
2.788896517603238 0.1528447971080984 -0.3482901670173868
2.935773853487623 0.3483949434694691 -0.3564324799258427
1.392520257490182 0.1012838014686651 -0.09175111709592762
2.476502922795433 0.1308362789248771 -0.2843754729667634
3.41867649136726 0.2046351037195115 -0.07325632265807618
3.418031654616753 0.4167098547801026 -0.07718553152385621
2.3 0.07977340582093846 -0.07740521112764849
2.1871254544089 0.1055340888060546 -0.09008182051133241
1.049999999999998 0.2834936490538906 -0.08561684289424368
0.5249999999999981 0.2834936490538923 -0.08560768375673647
0.2250034553404908 0.2834916541121312 -0.0855728197067759
2.45 0.2834936490538906 -0.08523067695141526
0.824999999999998 0.2834936490538907 -0.08486760766439611
2.674999999999999 0.2834936490538904 -0.08486399836811129
1.909864320386985 0.2856351111040087 0.08459153647522266
0.6743349606455036 0.07638256116545132 -0.07781607246795015
2.188113272785425 0.3923174892443909 -0.08735784023771702
0.08317295154293564 0.4250751231711155 -0.07334641455438629
1.387948119342402 0.3925329176420504 -0.08880947548251623
1.58657542077179 0.3568653239559667 0.3009758567193041
1.915750920750757 0.2831800856013598 0.3001410816996665
0.4499999999999973 0.196891108675449 -0.08416913918274997
3.124018539041034 0.07912933059448399 -0.08800834402494757
2.825 0.4133974596215561 -0.07963497992139887
1.275 0.07978640015543946 -0.08110786496189268
3 3 0 219
4398
4399
4400
4401
4402
4403
4404
4405
4406
4407
4408
4409
4410
4411
4412
4413
4414
4415
4416
4417
4418
4419
4420
4421
4422
4423
4424
4425
4426
4427
4428
4429
4430
4431
4432
4433
4434
4435
4436
4437
4438
4439
4440
4441
4442
4443
4444
4445
4446
4447
4448
4449
4450
4451
4452
4453
4454
4455
4456
4457
4458
4459
4460
4461
4462
4463
4464
4465
4466
4467
4468
4469
4470
4471
4472
4473
4474
4475
4476
4477
4478
4479
4480
4481
4482
4483
4484
4485
4486
4487
4488
4489
4490
4491
4492
4493
4494
4495
4496
4497
4498
4499
4500
4501
4502
4503
4504
4505
4506
4507
4508
4509
4510
4511
4512
4513
4514
4515
4516
4517
4518
4519
4520
4521
4522
4523
4524
4525
4526
4527
4528
4529
4530
4531
4532
4533
4534
4535
4536
4537
4538
4539
4540
4541
4542
4543
4544
4545
4546
4547
4548
4549
4550
4551
4552
4553
4554
4555
4556
4557
4558
4559
4560
4561
4562
4563
4564
4565
4566
4567
4568
4569
4570
4571
4572
4573
4574
4575
4576
4577
4578
4579
4580
4581
4582
4583
4584
4585
4586
4587
4588
4589
4590
4591
4592
4593
4594
4595
4596
4597
4598
4599
4600
4601
4602
4603
4604
4605
4606
4607
4608
4609
4610
4611
4612
4613
4614
4615
4616
2.636623261615062 0.2154064786980908 1.045180299022614
2.743071182539788 0.2464091036856127 0.7432593609006257
0.7675156186733284 0.2460184055763656 0.7321850286625722
1.487499999856251 0.2381569859409671 1.244064297083206
2.162479821760431 0.2381364179290151 1.243860686399759
1.024885278141164 0.2499999999999994 1.248121630984481
2.476448634198757 0.2452112075105946 1.239373767873912
0.7566041540027337 0.2499999999999994 0.9788235812239533
0.3930545377552023 0.2353078764181569 0.7414074697953642
3.044638054377701 0.2341405190580675 0.7431850806221649
1.862499855425417 0.2381568847316073 1.237136382388573
2.734227847025643 0.2499999999999994 0.9807808759984774
1.262499999998478 0.2814582562302465 1.22278993431357
3.268980965927801 0.2745111140547464 0.7247696667486923
0.2087182375616634 0.2953772799419433 0.69513317474554
0.5794271692765253 0.3029024985719627 0.6952818969270878
1.675262776256327 0.3029571762341764 1.196458498613441
2.6449009054903 0.1719345509572995 0.6477291215304803
2.641274802059341 0.3263100396637508 0.6440884596145577
2.780112440839381 0.2500000000000001 1.244001520849733
0.8637370098539612 0.2299206068587549 0.633284085767491
2.012498499734593 0.2802737439197276 1.165900341123942
2.313467467194564 0.2808653513730493 1.168463871351384
2.894003305414374 0.2783496313699602 0.6666102819216184
1.712499997318868 0.1515544439369309 1.153699576433479
3.188852580838932 0.1473392215636276 0.6572667595529506
3.249649051292776 0.25 1.02774644266548
0.4953627650605767 0.25 0.9813462016426672
2.636506264110322 0.3214285714285708 1.127179236521471
2.641469701796741 0.1718875298515495 1.21405435315084
0.2591758247220159 0.2500000000000001 1.198322588141242
0.5184787455545123 0.25 1.24354618186216
2.990876457056471 0.25 1.015918437233338
2.657160006089907 0.169106371769771 0.8578810665617501
0.8681720258911944 0.2499999999999994 1.135960057097295
1.151715573791428 0.1703318866940327 1.162429290682715
1.374999999982024 0.1732038131059083 1.152761980640857
0.8421958679365463 0.3542814245650462 0.8286775973958364
0.8437229756254365 0.1427403749115592 0.8300736467576353
1.41363691262528 0.36386493701873 1.139431755192372
3.045177890421675 0.3590470339196094 0.6502995720427006
0.5065645876394129 0.1726316982389892 0.6499119939190008
0.2489700168564256 0.2581547543104725 0.9436760899689208
0.2814749670464297 0.1697625892749648 0.6468066238527489
2.645014279472261 0.3571631370657597 0.9245357906652448
2.819863841004252 0.1484327525770156 0.6449375806254207
2.087494303625567 0.151552832967355 1.144187715842965
1.562499999834877 0.1515544455846441 1.143944960941409
3.11037513983216 0.25 1.238153241363189
2.460794633384671 0.359987523177523 1.145739450684372
1.937499812434167 0.1515543384928 1.142288728708767
0.7616427496672498 0.3646011028982242 0.642964421245941
2.237334035996747 0.1515510929172386 1.143463248182714
0.4292109390680196 0.3391015694933625 0.6422295106898894
1.079513977486893 0.3505189219118484 1.146894959950951
2.96733971301125 0.1489804122947279 0.641192147190864
2.472583970207543 0.1187790434225364 1.17719658171054
2.635453800719806 0.1785714285714283 1.114352625172567
0.6565517903302092 0.1745428598038263 0.6437334213163483
1.8625 0.3650823100305592 1.14269278889636
2.161348939261483 0.3639076208861264 1.13792300835265
3.190108239787366 0.3582898459898282 0.6379334053830954
3.336431259179971 0.1494940510775967 0.6418604299766243
1.563200790591986 0.3634222599032028 1.135359550368687
0.1402284922921785 0.1697287799686107 0.6359569155066938
3.337260317572772 0.3592261691228296 0.6348286502717566
1.012755310592634 0.1785714285714283 1.131740453824331
2.629162500217993 0.3190944063405918 0.7791993249080368
2.618080707237202 0.107142857142857 0.9825574444440592
2.778925753564539 0.336362561112964 0.6280441208597809
0.7240522974939978 0.2096760139022276 1.289626542705549
0.8713612995085279 0.3214285714285708 0.9788382890798202
0.8713141382405422 0.1785714285714283 0.979380347528942
0.9038496048996076 0.1007007391549272 0.5977809487566815
1.26254046053259 0.3651098245770905 1.123445418049005
3.081991699166401 0.2119089111091828 0.6216340421760881
0.9056067185590375 0.3964492277647937 0.5974295316666767
1.824999949640109 0.216506342996219 1.118568171274204
3.302487162814597 0.3019808930549474 1.306126429030247
0.8853664249110039 0.2465500247325592 0.7655976113991227
2.628720415292461 0.3189514884005388 1.327595979432795
0.2424275899808247 0.3969941243121704 0.6025195855712849
0.891716785371916 0.3952943498303538 0.721904392642331
2.946641632311717 0.3150198749929355 1.320015992847529
1.262560854055146 0.1515743799869305 1.113160809910708
2.887441950744484 0.3093285612945655 0.8601815099588032
2.320346627047585 0.1743125299291002 1.326841268624701
0.3174905847561124 0.2777777144762484 0.6111784660709146
1.487499999856251 0.2381569859409671 1.11104991646912
3.125990648572584 0.3172045793706609 0.8965178126121609
0.6247290085748616 0.2018078614856058 0.8501745379447612
2.162479821760431 0.2381364179290151 1.110854092232638
0.3934094723169341 0.1490415118784342 0.611279519180261
2.613602631084626 0.2499999999999994 0.9807808759984774
1.75 0.3395810269562698 1.111720730240017
2.562650083447088 0.1594011626733451 1.10907780745024
0.8701254057293403 0.3215013703643121 1.326447986250297
2.603085806992467 0.1072659395183997 0.7390772934340292
0.1018205027987728 0.342543571972155 0.6112000473118352
0.6663200143780463 0.3115249696667007 1.137072008041776
1.637499997702967 0.238156984445632 1.10777348483292
2.010446510734413 0.1848931665427578 1.331491965480715
3.322956861739698 0.176802234939186 0.8734055679132293
2.944237357801884 0.1897084302505523 1.18424235368339
0.6541315727711666 0.3036167568367937 0.6073005759500716
1.714644732013287 0.1879170210010616 1.332453664519494
0.8924885189747815 0.1064496219759838 0.7330477784487069
2.010332479411358 0.3998653143942339 1.107604156359071
1.166666666666661 0.1666576236904286 1.341151698700802
0.5410982566174569 0.364288484760984 0.6067849721449193
1.34541401029036 0.1616786161059453 1.32914615110469
0.3708723390628957 0.1749742663796099 1.323884406830229
1.337499999993911 0.2814582562311582 1.105229862278375
3.324982498721913 0.1736343931056598 1.176764782418989
2.587799749160131 0.08819069239685381 0.588963929515949
0.353737000521698 0.1670684220711143 1.06421860924821
3.404885405726477 0.241921224403479 0.6010685794876289
3.268980965927801 0.2745111140547464 0.6047263471541628
1.186672520872955 0.2809805109335017 1.105938196874389
0.1651243222746324 0.1683638676132876 1.326287471662018
2.74322832866447 0.2336800656549567 0.6029545124833904
2.475124377821831 0.2499999999999994 1.105827480051568
1.586209823792187 0.3439176521805696 1.33916244873357
2.625582659737374 0.1532085916799812 1.351998981934359
2.581626121321039 0.213747905804752 0.5842925525291757
2.348820737220048 0.1674191259947737 1.109039748805692
2.849133613600667 0.324547144238038 1.096360136522369
1.449999999994219 0.08660254037179099 1.084367556296375
2.89275972612817 0.4000636276210716 0.5931762105354565
1.144805240926851 0.339271946967594 1.337221544873398
2.27314763595665 0.3418727017659728 1.329310504350431
0.1640150561829391 0.1712543011854474 1.071956396893831
0.5858288527592161 0.1588432305522729 1.101902320647547
0.4048960524942394 0.3247743133094446 1.128799329674266
0.3650728300817517 0.3470715458602833 1.29699835486883
2.586905131724941 0.08798630271759481 0.8649644294766673
1.380883820376612 0.3390881952342244 1.332564748749614
0.8956966313751986 0.2487413711155254 0.8946294239030935
0.1824627079692694 0.341602151834057 1.324963885184761
0.7650874497584578 0.1550005683863757 0.6076794761259339
0.6268466639457809 0.339529710861729 1.337676766354104
0.4885201956902895 0.3433240717474136 0.8363183820823258
0.3804815891370882 0.1550169180656332 0.8939158786758881
2.584363418074668 0.4142871044141953 0.5863533613787858
2.825509971572742 0.151869774537418 0.8568639688920318
3.291534590139535 0.3423268678768043 0.877393466213127
0.08009081135816799 0.4232700486564415 0.5808579268290348
3.319260004234355 0.3459808266320679 1.145669315246005
1.947253611434022 0.3431716157959839 1.336674687420826
3.211927769270468 0.1581373752191876 1.346730150532972
3.066009722442721 0.1577679370423628 0.8939655468543311
2.313868495345203 0.3660129336887966 1.100694086172523
0.1814081342487806 0.3409000701831445 1.07669201729981
3.117087595481897 0.1636985878062829 1.091298425296019
3.117087595481897 0.3320581028532301 1.091298425296019
0.2847887754467882 0.08455836955733467 0.5849701036708456
3.422941562222047 0.4243059866951505 0.5756217169380862
1.78749997999807 0.1082531660379091 1.095148468724524
0.8855098694835053 0.1625069795974509 1.277296886084726
0.9210154508812187 0.2845622915107112 0.5790821756201034
2.801478591326696 0.1556189857289739 1.102445897393418
2.969835201124464 0.2767494312575228 0.5950381239458911
1.749415287269185 0.3465461161926516 1.355986882555273
1.937499611005124 0.2808367687504085 1.094332562406913
1.67499999946795 0.08660254004479663 1.084110403891515
3.114517222593306 0.1031514183820096 0.5963767409909728
0.9652815821015421 0.3214285714285708 1.112299765666805
0.6255731484858247 0.3423784801961637 0.937593271720749
3.424005744104116 0.07673465247936009 0.5758548823423869
0.2087182375616634 0.2953772799419433 0.5933321477215275
0.3246802727190078 0.3530193963843472 0.8331490750469875
0.5833333333333305 0.1508685503117949 1.355956441111208
0.6316647612232789 0.4135070494906454 0.5971107232381869
2.916047676229027 0.150815624714064 1.349297742187241
3.001021073624357 0.08452434641290607 0.579818001700165
0.5809120072271885 0.2167476590956708 0.5914515703858291
2.162440517637469 0.1082149634475426 1.091298619940881
0.1575292576119523 0.1764936042369565 0.8159370538641235
0.1499348089762398 0.3373296293296402 0.8412542636955566
0.07705844330361021 0.07569748729979882 0.5745406508013604
2.012497993090318 0.1082521689544448 1.090910132878472
2.590878006952873 0.2118844682428569 0.7968066929670142
0.9051865852734822 0.3994934187616163 0.8985837090096469
2.89382680812649 0.1054871120864724 0.5899885035303687
2.745664405760393 0.1055366403397529 0.5914785827359063
0.9067043688338986 0.09994786416354431 0.8988518972370454
1.565995674591627 0.1412942846700102 1.337621637299398
0.7432187822026655 0.1458845410884598 1.141155572046645
3.262953619093236 0.1038701234966015 0.5907816101147902
1.110615095591265 0.1045845282445546 1.093510549124301
0.5000000000000012 0.08649597358506492 0.5847978140821322
0.7666183943201904 0.2828158630132556 0.5888459774500686
1.014568727354229 0.1445346704354841 1.361248683664934
2.71129799963678 0.4177085163449887 0.5854862401208233
3.117013701465885 0.3983712869045181 0.5879205781110596
0.468068013556319 0.2366705761195676 0.5873256601986159
2.984271221126075 0.3391406776909334 1.171351682709681
2.606728113980497 0.3928571428571424 1.028037536914529
2.09498787852853 0.3094867288969568 1.361992081163534
1.451254796078883 0.4231803964037517 1.07346033938388
2.479392385367261 0.3556845327436186 1.363144644655474
3.362624063672606 0.1357631036139688 1.354288426116991
3.29220082634674 0.4193880715896209 0.5813872140915273
1.675 0.4202265941790613 1.078346216883802
0.3725490699537405 0.3430214248749213 0.979262556916044
2.773200236365399 0.3298799861747014 1.372917323823006
2.469157137174006 0.1393562484156491 1.357917024578925
3.00106505352465 0.4190346405837896 0.5752995749731111
0.9100618300242582 0.107142857142857 1.056639900285081
2.049996464674521 0.2165060710502815 1.085098160878775
1.899999984387305 0.08660250551285756 1.08432172140545
2.856258058385472 0.2129397194954981 0.5849274084515829
0.4966529556097653 0.1399299877463022 0.7976425421113655
3.187604798377714 0.1760227721642549 0.8058112771918222
2.598123747105236 0.4154564532964484 0.7003634255315783
2.770994556189024 0.1636269807886473 1.377603374728314
2.275185059872545 0.08624097012618433 1.085061602941057
3.082869372438662 0.2978501262144549 0.5836828608011477
2.180145679517037 0.1709925668628941 1.374811355945775
$EndNodes
$Elements
27 27709 1 27709
2 1 2 326
1 33 634 1 
2 1 634 45 
3 2 632 38 
4 64 632 2 
5 3 635 39 
6 63 635 3 
7 44 633 4 
8 4 633 82 
9 34 517 33 
10 517 634 33 
11 35 629 34 
12 34 629 517 
13 36 499 35 
14 499 629 35 
15 37 631 36 
16 36 631 499 
17 38 604 37 
18 604 631 37 
19 38 632 604 
20 39 516 40 
21 39 635 516 
22 40 628 41 
23 516 628 40 
24 41 500 42 
25 41 628 500 
26 42 630 43 
27 500 630 42 
28 43 578 44 
29 43 630 578 
30 578 633 44 
31 45 607 46 
32 45 634 607 
33 46 513 47 
34 46 607 513 
35 47 575 48 
36 513 575 47 
37 48 504 49 
38 48 575 504 
39 49 587 50 
40 504 587 49 
41 50 574 51 
42 50 587 574 
43 51 503 52 
44 51 574 503 
45 52 612 53 
46 503 612 52 
47 53 625 54 
48 612 625 53 
49 54 505 55 
50 54 625 505 
51 55 611 56 
52 505 611 55 
53 56 623 57 
54 611 623 56 
55 57 509 58 
56 57 623 509 
57 58 572 59 
58 509 572 58 
59 59 502 60 
60 59 572 502 
61 60 584 61 
62 502 584 60 
63 61 512 62 
64 61 584 512 
65 62 608 63 
66 512 608 62 
67 608 635 63 
68 65 515 64 
69 515 632 64 
70 66 576 65 
71 65 576 515 
72 67 510 66 
73 510 576 66 
74 68 579 67 
75 67 579 510 
76 69 508 68 
77 508 579 68 
78 70 596 69 
79 69 596 508 
80 71 593 70 
81 593 596 70 
82 72 506 71 
83 506 593 71 
84 73 592 72 
85 72 592 506 
86 74 590 73 
87 590 592 73 
88 75 501 74 
89 501 590 74 
90 76 595 75 
91 75 595 501 
92 77 518 76 
93 518 595 76 
94 78 507 77 
95 507 518 77 
96 79 580 78 
97 78 580 507 
98 80 511 79 
99 511 580 79 
100 81 577 80 
101 80 577 511 
102 82 514 81 
103 514 577 81 
104 82 633 514 
105 582 583 499 
106 499 605 582 
107 583 629 499 
108 499 631 605 
109 500 598 597 
110 597 606 500 
111 500 628 598 
112 606 630 500 
113 501 589 573 
114 573 590 501 
115 501 595 589 
116 572 621 502 
117 502 620 584 
118 502 621 620 
119 574 617 503 
120 503 622 612 
121 617 622 503 
122 575 614 504 
123 504 615 587 
124 614 615 504 
125 609 624 505 
126 505 625 609 
127 505 624 611 
128 588 593 506 
129 506 594 588 
130 592 594 506 
131 507 519 518 
132 507 520 519 
133 507 580 520 
134 508 600 579 
135 596 599 508 
136 599 600 508 
137 509 619 572 
138 610 619 509 
139 509 623 610 
140 510 602 576 
141 579 601 510 
142 601 602 510 
143 511 577 533 
144 533 581 511 
145 511 581 580 
146 584 618 512 
147 512 627 608 
148 618 627 512 
149 513 613 575 
150 607 626 513 
151 513 626 613 
152 534 577 514 
153 514 578 534 
154 514 633 578 
155 576 603 515 
156 603 604 515 
157 604 632 515 
158 516 627 598 
159 598 628 516 
160 608 627 516 
161 516 635 608 
162 583 626 517 
163 517 629 583 
164 517 626 607 
165 607 634 517 
166 519 568 518 
167 568 595 518 
168 520 521 519 
169 521 522 519 
170 522 568 519 
171 520 523 521 
172 520 581 523 
173 580 581 520 
174 521 535 522 
175 523 524 521 
176 524 535 521 
177 535 536 522 
178 536 537 522 
179 537 568 522 
180 523 525 524 
181 523 526 525 
182 523 581 526 
183 525 531 524 
184 531 532 524 
185 532 535 524 
186 526 527 525 
187 527 529 525 
188 529 531 525 
189 526 528 527 
190 526 533 528 
191 526 581 533 
192 528 597 527 
193 527 530 529 
194 527 597 530 
195 533 534 528 
196 534 606 528 
197 528 606 597 
198 530 618 529 
199 529 620 531 
200 618 620 529 
201 597 598 530 
202 598 627 530 
203 530 627 618 
204 531 621 532 
205 620 621 531 
206 532 591 535 
207 532 619 591 
208 532 621 619 
209 533 577 534 
210 578 606 534 
211 535 591 536 
212 536 538 537 
213 536 560 538 
214 536 591 560 
215 538 539 537 
216 539 589 537 
217 537 589 568 
218 538 540 539 
219 538 565 540 
220 560 565 538 
221 540 541 539 
222 541 573 539 
223 573 589 539 
224 540 542 541 
225 540 567 542 
226 565 567 540 
227 542 543 541 
228 543 562 541 
229 562 573 541 
230 542 544 543 
231 542 559 544 
232 542 567 559 
233 544 545 543 
234 545 594 543 
235 543 594 562 
236 544 546 545 
237 544 569 546 
238 559 569 544 
239 546 547 545 
240 547 588 545 
241 588 594 545 
242 546 548 547 
243 546 571 548 
244 569 571 546 
245 548 549 547 
246 549 563 547 
247 563 588 547 
248 548 550 549 
249 548 558 550 
250 548 571 558 
251 550 551 549 
252 551 599 549 
253 549 599 563 
254 550 552 551 
255 550 586 552 
256 558 586 550 
257 552 553 551 
258 553 600 551 
259 551 600 599 
260 552 554 553 
261 552 585 554 
262 552 586 585 
263 554 555 553 
264 555 601 553 
265 553 601 600 
266 554 556 555 
267 554 561 556 
268 554 585 561 
269 556 557 555 
270 557 602 555 
271 555 602 601 
272 556 582 557 
273 561 564 556 
274 564 582 556 
275 582 605 557 
276 557 603 602 
277 557 605 603 
278 571 617 558 
279 558 616 586 
280 558 617 616 
281 567 609 559 
282 559 570 569 
283 559 609 570 
284 560 566 565 
285 560 610 566 
286 591 610 560 
287 561 613 564 
288 585 614 561 
289 561 614 613 
290 562 590 573 
291 562 592 590 
292 562 594 592 
293 563 593 588 
294 563 596 593 
295 563 599 596 
296 564 583 582 
297 564 626 583 
298 613 626 564 
299 566 624 565 
300 565 624 567 
301 610 623 566 
302 566 623 611 
303 611 624 566 
304 567 624 609 
305 589 595 568 
306 570 622 569 
307 569 622 571 
308 609 625 570 
309 612 622 570 
310 570 625 612 
311 571 622 617 
312 619 621 572 
313 587 616 574 
314 616 617 574 
315 613 614 575 
316 602 603 576 
317 578 630 606 
318 600 601 579 
319 584 620 618 
320 586 615 585 
321 585 615 614 
322 586 616 615 
323 615 616 587 
324 591 619 610 
325 603 605 604 
326 605 631 604 
2 2 2 118
327 39 678 3 
328 3 678 89 
329 4 680 44 
330 95 680 4 
331 5 679 83 
332 94 679 5 
333 88 677 6 
334 6 677 100 
335 40 669 39 
336 669 678 39 
337 41 661 40 
338 661 669 40 
339 42 636 41 
340 636 661 41 
341 43 644 42 
342 42 644 636 
343 44 642 43 
344 642 644 43 
345 44 680 642 
346 83 666 84 
347 83 679 666 
348 84 663 85 
349 84 666 663 
350 85 637 86 
351 85 663 637 
352 86 660 87 
353 637 660 86 
354 87 643 88 
355 87 660 643 
356 643 677 88 
357 89 640 90 
358 89 678 640 
359 90 664 91 
360 640 664 90 
361 91 639 92 
362 91 664 639 
363 92 659 93 
364 639 659 92 
365 93 641 94 
366 93 659 641 
367 641 679 94 
368 96 667 95 
369 667 680 95 
370 97 662 96 
371 662 667 96 
372 98 638 97 
373 638 662 97 
374 99 675 98 
375 98 675 638 
376 100 668 99 
377 668 675 99 
378 100 677 668 
379 644 645 636 
380 645 646 636 
381 646 661 636 
382 637 672 660 
383 663 673 637 
384 637 673 672 
385 638 657 656 
386 656 674 638 
387 638 675 657 
388 638 674 662 
389 639 681 659 
390 664 676 639 
391 639 676 665 
392 665 681 639 
393 655 664 640 
394 640 669 655 
395 640 678 669 
396 659 670 641 
397 641 670 666 
398 666 679 641 
399 642 658 644 
400 642 667 658 
401 642 680 667 
402 660 671 643 
403 643 671 668 
404 668 677 643 
405 644 658 645 
406 645 647 646 
407 645 648 647 
408 645 658 648 
409 647 654 646 
410 654 655 646 
411 655 661 646 
412 648 649 647 
413 649 650 647 
414 650 654 647 
415 648 656 649 
416 648 674 656 
417 658 674 648 
418 649 651 650 
419 649 652 651 
420 649 656 652 
421 651 653 650 
422 653 665 650 
423 650 665 654 
424 652 672 651 
425 651 673 653 
426 672 673 651 
427 656 657 652 
428 657 671 652 
429 671 672 652 
430 653 681 665 
431 653 673 670 
432 670 681 653 
433 654 676 655 
434 665 676 654 
435 655 669 661 
436 655 676 664 
437 668 671 657 
438 657 675 668 
439 658 667 662 
440 662 674 658 
441 659 681 670 
442 660 672 671 
443 666 670 663 
444 670 673 663 
2 3 2 118
445 83 723 5 
446 5 723 107 
447 6 725 88 
448 113 725 6 
449 7 724 101 
450 112 724 7 
451 106 726 8 
452 8 726 118 
453 84 713 83 
454 713 723 83 
455 85 705 84 
456 705 713 84 
457 86 685 85 
458 685 705 85 
459 87 707 86 
460 86 707 685 
461 88 688 87 
462 688 707 87 
463 88 725 688 
464 101 712 102 
465 101 724 712 
466 102 706 103 
467 102 712 706 
468 103 684 104 
469 103 706 684 
470 104 721 105 
471 684 721 104 
472 105 687 106 
473 105 721 687 
474 687 726 106 
475 107 686 108 
476 107 723 686 
477 108 708 109 
478 686 708 108 
479 109 682 110 
480 109 708 682 
481 110 690 111 
482 682 690 110 
483 111 689 112 
484 111 690 689 
485 689 724 112 
486 114 714 113 
487 714 725 113 
488 115 709 114 
489 709 714 114 
490 116 683 115 
491 683 709 115 
492 117 717 116 
493 116 717 683 
494 118 716 117 
495 716 717 117 
496 118 726 716 
497 682 691 690 
498 682 692 691 
499 682 708 692 
500 683 719 709 
501 717 718 683 
502 718 719 683 
503 701 702 684 
504 684 720 701 
505 702 721 684 
506 706 720 684 
507 685 722 705 
508 707 727 685 
509 710 722 685 
510 685 727 710 
511 686 711 708 
512 686 713 711 
513 686 723 713 
514 702 703 687 
515 687 721 702 
516 703 716 687 
517 716 726 687 
518 688 715 707 
519 714 715 688 
520 688 725 714 
521 690 704 689 
522 704 712 689 
523 712 724 689 
524 691 704 690 
525 692 693 691 
526 693 694 691 
527 694 704 691 
528 692 700 693 
529 692 711 700 
530 708 711 692 
531 693 695 694 
532 693 696 695 
533 693 700 696 
534 695 701 694 
535 701 720 694 
536 694 720 704 
537 696 697 695 
538 697 698 695 
539 698 701 695 
540 696 699 697 
541 696 710 699 
542 700 710 696 
543 697 718 698 
544 699 719 697 
545 697 719 718 
546 698 702 701 
547 698 703 702 
548 698 718 703 
549 710 727 699 
550 715 719 699 
551 699 727 715 
552 700 722 710 
553 711 722 700 
554 703 717 716 
555 703 718 717 
556 706 712 704 
557 704 720 706 
558 711 713 705 
559 705 722 711 
560 715 727 707 
561 709 715 714 
562 709 719 715 
2 4 2 118
563 101 770 7 
564 7 770 125 
565 8 772 106 
566 131 772 8 
567 9 771 119 
568 130 771 9 
569 124 769 10 
570 10 769 136 
571 102 761 101 
572 761 770 101 
573 103 755 102 
574 755 761 102 
575 104 728 103 
576 728 755 103 
577 105 751 104 
578 104 751 728 
579 106 734 105 
580 734 751 105 
581 106 772 734 
582 119 759 120 
583 119 771 759 
584 120 756 121 
585 120 759 756 
586 121 729 122 
587 121 756 729 
588 122 736 123 
589 729 736 122 
590 123 735 124 
591 123 736 735 
592 735 769 124 
593 125 732 126 
594 125 770 732 
595 126 754 127 
596 732 754 126 
597 127 731 128 
598 127 754 731 
599 128 752 129 
600 731 752 128 
601 129 733 130 
602 129 752 733 
603 733 771 130 
604 132 758 131 
605 758 772 131 
606 133 767 132 
607 132 767 758 
608 134 730 133 
609 730 767 133 
610 135 753 134 
611 134 753 730 
612 136 760 135 
613 135 760 753 
614 136 769 760 
615 751 764 728 
616 728 765 755 
617 764 765 728 
618 729 737 736 
619 729 738 737 
620 729 756 738 
621 748 749 730 
622 730 766 748 
623 749 767 730 
624 753 766 730 
625 731 768 752 
626 754 773 731 
627 757 768 731 
628 731 773 757 
629 732 762 754 
630 761 762 732 
631 732 770 761 
632 733 752 747 
633 747 759 733 
634 759 771 733 
635 734 763 751 
636 758 763 734 
637 734 772 758 
638 736 750 735 
639 750 760 735 
640 760 769 735 
641 737 750 736 
642 738 739 737 
643 739 740 737 
644 740 750 737 
645 738 746 739 
646 738 747 746 
647 738 756 747 
648 739 741 740 
649 739 742 741 
650 739 746 742 
651 741 748 740 
652 748 766 740 
653 740 766 750 
654 742 743 741 
655 743 744 741 
656 744 748 741 
657 742 745 743 
658 742 757 745 
659 746 757 742 
660 743 764 744 
661 745 765 743 
662 743 765 764 
663 744 749 748 
664 744 763 749 
665 744 764 763 
666 757 773 745 
667 762 765 745 
668 745 773 762 
669 747 768 746 
670 746 768 757 
671 752 768 747 
672 756 759 747 
673 749 763 758 
674 758 767 749 
675 753 760 750 
676 750 766 753 
677 763 764 751 
678 762 773 754 
679 755 762 761 
680 755 765 762 
2 5 2 326
681 119 909 9 
682 9 909 143 
683 10 908 124 
684 162 908 10 
685 11 910 137 
686 161 910 11 
687 142 907 12 
688 12 907 180 
689 120 792 119 
690 792 909 119 
691 121 905 120 
692 120 905 792 
693 122 774 121 
694 774 905 121 
695 123 903 122 
696 122 903 774 
697 124 791 123 
698 791 903 123 
699 124 908 791 
700 137 793 138 
701 137 910 793 
702 138 904 139 
703 793 904 138 
704 139 775 140 
705 139 904 775 
706 140 906 141 
707 775 906 140 
708 141 837 142 
709 141 906 837 
710 837 907 142 
711 143 880 144 
712 143 909 880 
713 144 789 145 
714 144 880 789 
715 145 854 146 
716 789 854 145 
717 146 782 147 
718 146 854 782 
719 147 886 148 
720 782 886 147 
721 148 898 149 
722 886 898 148 
723 149 776 150 
724 149 898 776 
725 150 896 151 
726 776 896 150 
727 151 884 152 
728 151 896 884 
729 152 786 153 
730 152 884 786 
731 153 866 154 
732 786 866 153 
733 154 777 155 
734 154 866 777 
735 155 895 156 
736 777 895 155 
737 156 883 157 
738 156 895 883 
739 157 778 158 
740 157 883 778 
741 158 838 159 
742 778 838 158 
743 159 788 160 
744 159 838 788 
745 160 881 161 
746 788 881 160 
747 881 910 161 
748 163 882 162 
749 882 908 162 
750 164 787 163 
751 787 882 163 
752 165 839 164 
753 164 839 787 
754 166 779 165 
755 779 839 165 
756 167 840 166 
757 166 840 779 
758 168 785 167 
759 785 840 167 
760 169 794 168 
761 168 794 785 
762 170 841 169 
763 169 841 794 
764 171 780 170 
765 780 841 170 
766 172 853 171 
767 171 853 780 
768 173 784 172 
769 784 853 172 
770 174 812 173 
771 173 812 784 
772 175 781 174 
773 781 812 174 
774 176 867 175 
775 175 867 781 
776 177 872 176 
777 176 872 867 
778 178 783 177 
779 783 872 177 
780 179 836 178 
781 178 836 783 
782 180 790 179 
783 790 836 179 
784 180 907 790 
785 859 860 774 
786 774 878 859 
787 860 905 774 
788 774 903 878 
789 775 835 834 
790 834 879 775 
791 775 904 835 
792 879 906 775 
793 885 887 776 
794 776 898 885 
795 887 896 776 
796 866 891 777 
797 777 891 888 
798 888 895 777 
799 778 893 838 
800 883 900 778 
801 778 900 893 
802 779 869 839 
803 840 855 779 
804 855 869 779 
805 780 842 841 
806 780 843 842 
807 780 853 843 
808 781 813 812 
809 781 814 813 
810 781 867 814 
811 854 889 782 
812 782 897 886 
813 889 897 782 
814 830 833 783 
815 783 836 830 
816 833 872 783 
817 812 861 784 
818 852 853 784 
819 784 861 852 
820 794 795 785 
821 795 796 785 
822 796 840 785 
823 786 892 866 
824 884 899 786 
825 786 899 892 
826 839 856 787 
827 856 857 787 
828 857 882 787 
829 838 894 788 
830 788 902 881 
831 894 902 788 
832 789 890 854 
833 880 901 789 
834 789 901 890 
835 831 836 790 
836 790 837 831 
837 790 907 837 
838 857 878 791 
839 791 882 857 
840 878 903 791 
841 791 908 882 
842 860 901 792 
843 792 905 860 
844 792 901 880 
845 880 909 792 
846 793 902 835 
847 835 904 793 
848 881 902 793 
849 793 910 881 
850 794 858 795 
851 841 858 794 
852 795 797 796 
853 795 798 797 
854 795 858 798 
855 797 799 796 
856 799 855 796 
857 796 855 840 
858 798 871 797 
859 797 800 799 
860 797 871 800 
861 858 873 798 
862 798 876 871 
863 873 876 798 
864 800 801 799 
865 801 802 799 
866 802 855 799 
867 800 807 801 
868 800 809 807 
869 800 871 809 
870 801 803 802 
871 801 874 803 
872 807 874 801 
873 803 804 802 
874 804 869 802 
875 802 869 855 
876 803 805 804 
877 803 808 805 
878 803 874 808 
879 805 806 804 
880 806 856 804 
881 856 869 804 
882 805 859 806 
883 808 810 805 
884 810 859 805 
885 806 857 856 
886 806 878 857 
887 859 878 806 
888 809 811 807 
889 811 897 807 
890 807 897 874 
891 808 890 810 
892 874 889 808 
893 889 890 808 
894 809 885 811 
895 871 875 809 
896 875 885 809 
897 810 860 859 
898 810 901 860 
899 890 901 810 
900 885 898 811 
901 886 897 811 
902 811 898 886 
903 813 861 812 
904 814 815 813 
905 815 816 813 
906 816 861 813 
907 814 817 815 
908 814 832 817 
909 814 867 832 
910 815 877 816 
911 817 818 815 
912 818 877 815 
913 816 862 861 
914 816 863 862 
915 816 877 863 
916 817 819 818 
917 817 820 819 
918 817 832 820 
919 819 825 818 
920 825 827 818 
921 827 877 818 
922 820 821 819 
923 821 868 819 
924 819 868 825 
925 820 822 821 
926 820 833 822 
927 832 833 820 
928 822 823 821 
929 823 826 821 
930 826 868 821 
931 822 824 823 
932 822 830 824 
933 822 833 830 
934 824 834 823 
935 823 828 826 
936 823 834 828 
937 830 831 824 
938 831 879 824 
939 824 879 834 
940 825 829 827 
941 825 900 829 
942 868 900 825 
943 828 894 826 
944 826 893 868 
945 826 894 893 
946 829 888 827 
947 865 877 827 
948 827 888 865 
949 834 835 828 
950 835 902 828 
951 828 902 894 
952 883 895 829 
953 829 900 883 
954 829 895 888 
955 830 836 831 
956 837 879 831 
957 832 872 833 
958 867 872 832 
959 837 906 879 
960 893 894 838 
961 839 869 856 
962 842 858 841 
963 843 844 842 
964 844 873 842 
965 842 873 858 
966 843 845 844 
967 843 852 845 
968 843 853 852 
969 845 846 844 
970 846 848 844 
971 848 873 844 
972 845 847 846 
973 845 862 847 
974 852 862 845 
975 847 870 846 
976 846 849 848 
977 846 870 849 
978 862 863 847 
979 863 864 847 
980 864 870 847 
981 849 850 848 
982 850 876 848 
983 848 876 873 
984 849 851 850 
985 849 899 851 
986 870 899 849 
987 851 887 850 
988 875 876 850 
989 850 887 875 
990 884 896 851 
991 851 899 884 
992 851 896 887 
993 861 862 852 
994 854 890 889 
995 863 865 864 
996 863 877 865 
997 865 891 864 
998 864 892 870 
999 891 892 864 
1000 888 891 865 
1001 866 892 891 
1002 893 900 868 
1003 892 899 870 
1004 871 876 875 
1005 874 897 889 
1006 875 887 885 
2 6 2 118
1007 137 953 11 
1008 11 953 187 
1009 12 955 142 
1010 193 955 12 
1011 13 954 181 
1012 192 954 13 
1013 186 952 14 
1014 14 952 198 
1015 138 944 137 
1016 944 953 137 
1017 139 936 138 
1018 936 944 138 
1019 140 911 139 
1020 911 936 139 
1021 141 919 140 
1022 140 919 911 
1023 142 917 141 
1024 917 919 141 
1025 142 955 917 
1026 181 941 182 
1027 181 954 941 
1028 182 938 183 
1029 182 941 938 
1030 183 912 184 
1031 183 938 912 
1032 184 935 185 
1033 912 935 184 
1034 185 918 186 
1035 185 935 918 
1036 918 952 186 
1037 187 915 188 
1038 187 953 915 
1039 188 939 189 
1040 915 939 188 
1041 189 914 190 
1042 189 939 914 
1043 190 934 191 
1044 914 934 190 
1045 191 916 192 
1046 191 934 916 
1047 916 954 192 
1048 194 942 193 
1049 942 955 193 
1050 195 937 194 
1051 937 942 194 
1052 196 913 195 
1053 913 937 195 
1054 197 950 196 
1055 196 950 913 
1056 198 943 197 
1057 943 950 197 
1058 198 952 943 
1059 919 920 911 
1060 920 921 911 
1061 921 936 911 
1062 912 947 935 
1063 938 948 912 
1064 912 948 947 
1065 913 932 931 
1066 931 949 913 
1067 913 950 932 
1068 913 949 937 
1069 914 956 934 
1070 939 951 914 
1071 914 951 940 
1072 940 956 914 
1073 930 939 915 
1074 915 944 930 
1075 915 953 944 
1076 934 945 916 
1077 916 945 941 
1078 941 954 916 
1079 917 933 919 
1080 917 942 933 
1081 917 955 942 
1082 935 946 918 
1083 918 946 943 
1084 943 952 918 
1085 919 933 920 
1086 920 922 921 
1087 920 923 922 
1088 920 933 923 
1089 922 929 921 
1090 929 930 921 
1091 930 936 921 
1092 923 924 922 
1093 924 925 922 
1094 925 929 922 
1095 923 931 924 
1096 923 949 931 
1097 933 949 923 
1098 924 926 925 
1099 924 927 926 
1100 924 931 927 
1101 926 928 925 
1102 928 940 925 
1103 925 940 929 
1104 927 947 926 
1105 926 948 928 
1106 947 948 926 
1107 931 932 927 
1108 932 946 927 
1109 946 947 927 
1110 928 956 940 
1111 928 948 945 
1112 945 956 928 
1113 929 951 930 
1114 940 951 929 
1115 930 944 936 
1116 930 951 939 
1117 943 946 932 
1118 932 950 943 
1119 933 942 937 
1120 937 949 933 
1121 934 956 945 
1122 935 947 946 
1123 941 945 938 
1124 945 948 938 
2 7 2 228
1125 181 1044 13 
1126 13 1044 205 
1127 14 1046 186 
1128 218 1046 14 
1129 15 1045 199 
1130 217 1045 15 
1131 204 1047 16 
1132 16 1047 230 
1133 182 1030 181 
1134 1030 1044 181 
1135 183 1012 182 
1136 1012 1030 182 
1137 184 964 183 
1138 964 1012 183 
1139 185 1014 184 
1140 184 1014 964 
1141 186 967 185 
1142 967 1014 185 
1143 186 1046 967 
1144 199 969 200 
1145 199 1045 969 
1146 200 1013 201 
1147 969 1013 200 
1148 201 959 202 
1149 201 1013 959 
1150 202 1010 203 
1151 959 1010 202 
1152 203 970 204 
1153 203 1010 970 
1154 970 1047 204 
1155 205 968 206 
1156 205 1044 968 
1157 206 1026 207 
1158 968 1026 206 
1159 207 958 208 
1160 207 1026 958 
1161 208 1023 209 
1162 958 1023 208 
1163 209 1019 210 
1164 209 1023 1019 
1165 210 961 211 
1166 210 1019 961 
1167 211 1011 212 
1168 961 1011 211 
1169 212 971 213 
1170 212 1011 971 
1171 213 960 214 
1172 213 971 960 
1173 214 1015 215 
1174 960 1015 214 
1175 215 966 216 
1176 215 1015 966 
1177 216 1029 217 
1178 966 1029 216 
1179 1029 1045 217 
1180 219 1027 218 
1181 1027 1046 218 
1182 220 1040 219 
1183 219 1040 1027 
1184 221 962 220 
1185 962 1040 220 
1186 222 1038 221 
1187 221 1038 962 
1188 223 1017 222 
1189 1017 1038 222 
1190 224 957 223 
1191 957 1017 223 
1192 225 1033 224 
1193 224 1033 957 
1194 226 1024 225 
1195 1024 1033 225 
1196 227 963 226 
1197 963 1024 226 
1198 228 1016 227 
1199 227 1016 963 
1200 229 965 228 
1201 965 1016 228 
1202 230 1028 229 
1203 229 1028 965 
1204 230 1047 1028 
1205 957 1039 1017 
1206 1033 1036 957 
1207 1036 1039 957 
1208 1001 1025 958 
1209 958 1026 1001 
1210 958 1025 1023 
1211 959 1049 1010 
1212 1013 1048 959 
1213 959 1048 1022 
1214 1022 1049 959 
1215 971 972 960 
1216 972 973 960 
1217 973 1015 960 
1218 1008 1018 961 
1219 961 1019 1008 
1220 961 1018 1011 
1221 1002 1040 962 
1222 962 1041 1002 
1223 1038 1041 962 
1224 1016 1034 963 
1225 963 1031 1024 
1226 963 1034 1031 
1227 964 1050 1012 
1228 1014 1043 964 
1229 1043 1050 964 
1230 965 1037 1016 
1231 1028 1032 965 
1232 1032 1037 965 
1233 1015 1020 966 
1234 1020 1021 966 
1235 1021 1029 966 
1236 967 1042 1014 
1237 1027 1042 967 
1238 967 1046 1027 
1239 968 1035 1026 
1240 1030 1035 968 
1241 968 1044 1030 
1242 969 1021 1013 
1243 969 1029 1021 
1244 969 1045 1029 
1245 1010 1032 970 
1246 970 1032 1028 
1247 1028 1047 970 
1248 971 983 972 
1249 971 1011 983 
1250 972 974 973 
1251 972 975 974 
1252 972 983 975 
1253 974 976 973 
1254 976 1020 973 
1255 973 1020 1015 
1256 975 1005 974 
1257 974 977 976 
1258 974 1005 977 
1259 983 984 975 
1260 984 985 975 
1261 985 1005 975 
1262 977 978 976 
1263 978 980 976 
1264 980 1020 976 
1265 977 979 978 
1266 977 981 979 
1267 977 1005 981 
1268 979 982 978 
1269 978 1022 980 
1270 982 1022 978 
1271 981 1034 979 
1272 979 1037 982 
1273 1034 1037 979 
1274 980 1021 1020 
1275 980 1048 1021 
1276 1022 1048 980 
1277 981 1005 1003 
1278 1003 1031 981 
1279 1031 1034 981 
1280 982 1049 1022 
1281 982 1037 1032 
1282 1032 1049 982 
1283 983 1018 984 
1284 1011 1018 983 
1285 984 986 985 
1286 984 987 986 
1287 984 1018 987 
1288 986 995 985 
1289 995 1003 985 
1290 1003 1005 985 
1291 987 988 986 
1292 988 1009 986 
1293 986 1009 995 
1294 987 989 988 
1295 987 1008 989 
1296 987 1018 1008 
1297 989 990 988 
1298 990 991 988 
1299 991 1009 988 
1300 989 992 990 
1301 989 998 992 
1302 989 1008 998 
1303 990 1006 991 
1304 992 993 990 
1305 993 1006 990 
1306 1006 1007 991 
1307 1007 1039 991 
1308 991 1039 1009 
1309 992 994 993 
1310 992 1025 994 
1311 998 1025 992 
1312 994 996 993 
1313 996 999 993 
1314 999 1006 993 
1315 994 997 996 
1316 994 1001 997 
1317 994 1025 1001 
1318 995 1004 1003 
1319 995 1036 1004 
1320 1009 1036 995 
1321 997 1043 996 
1322 996 1000 999 
1323 996 1043 1000 
1324 1001 1035 997 
1325 1035 1050 997 
1326 997 1050 1043 
1327 1008 1019 998 
1328 1019 1023 998 
1329 1023 1025 998 
1330 1000 1002 999 
1331 1002 1041 999 
1332 999 1041 1006 
1333 1000 1042 1002 
1334 1014 1042 1000 
1335 1000 1043 1014 
1336 1026 1035 1001 
1337 1002 1042 1040 
1338 1004 1031 1003 
1339 1024 1031 1004 
1340 1004 1033 1024 
1341 1004 1036 1033 
1342 1006 1041 1007 
1343 1007 1038 1017 
1344 1017 1039 1007 
1345 1007 1041 1038 
1346 1009 1039 1036 
1347 1010 1049 1032 
1348 1012 1035 1030 
1349 1012 1050 1035 
1350 1021 1048 1013 
1351 1016 1037 1034 
1352 1040 1042 1027 
2 8 2 118
1353 199 1092 15 
1354 15 1092 237 
1355 16 1093 204 
1356 243 1093 16 
1357 17 1094 231 
1358 242 1094 17 
1359 236 1095 18 
1360 18 1095 248 
1361 200 1055 199 
1362 1055 1092 199 
1363 201 1075 200 
1364 200 1075 1055 
1365 202 1051 201 
1366 1051 1075 201 
1367 203 1059 202 
1368 202 1059 1051 
1369 204 1056 203 
1370 1056 1059 203 
1371 204 1093 1056 
1372 231 1082 232 
1373 231 1094 1082 
1374 232 1078 233 
1375 232 1082 1078 
1376 233 1052 234 
1377 233 1078 1052 
1378 234 1086 235 
1379 1052 1086 234 
1380 235 1085 236 
1381 235 1086 1085 
1382 1085 1095 236 
1383 237 1083 238 
1384 237 1092 1083 
1385 238 1074 239 
1386 238 1083 1074 
1387 239 1054 240 
1388 239 1074 1054 
1389 240 1076 241 
1390 1054 1076 240 
1391 241 1057 242 
1392 241 1076 1057 
1393 1057 1094 242 
1394 244 1081 243 
1395 1081 1093 243 
1396 245 1077 244 
1397 1077 1081 244 
1398 246 1053 245 
1399 1053 1077 245 
1400 247 1090 246 
1401 246 1090 1053 
1402 248 1058 247 
1403 1058 1090 247 
1404 248 1095 1058 
1405 1059 1060 1051 
1406 1060 1061 1051 
1407 1061 1075 1051 
1408 1078 1088 1052 
1409 1052 1087 1086 
1410 1052 1088 1087 
1411 1053 1071 1070 
1412 1070 1089 1053 
1413 1053 1090 1071 
1414 1053 1089 1077 
1415 1074 1091 1054 
1416 1054 1096 1076 
1417 1054 1091 1079 
1418 1079 1096 1054 
1419 1075 1080 1055 
1420 1080 1083 1055 
1421 1083 1092 1055 
1422 1056 1073 1059 
1423 1056 1081 1073 
1424 1056 1093 1081 
1425 1076 1084 1057 
1426 1057 1084 1082 
1427 1082 1094 1057 
1428 1058 1072 1071 
1429 1071 1090 1058 
1430 1058 1085 1072 
1431 1058 1095 1085 
1432 1059 1073 1060 
1433 1060 1062 1061 
1434 1060 1063 1062 
1435 1060 1073 1063 
1436 1062 1069 1061 
1437 1069 1080 1061 
1438 1061 1080 1075 
1439 1063 1064 1062 
1440 1064 1065 1062 
1441 1065 1069 1062 
1442 1063 1070 1064 
1443 1063 1089 1070 
1444 1073 1089 1063 
1445 1064 1066 1065 
1446 1064 1067 1066 
1447 1064 1070 1067 
1448 1066 1068 1065 
1449 1068 1079 1065 
1450 1065 1079 1069 
1451 1067 1087 1066 
1452 1066 1088 1068 
1453 1087 1088 1066 
1454 1070 1071 1067 
1455 1071 1072 1067 
1456 1072 1087 1067 
1457 1068 1096 1079 
1458 1068 1088 1084 
1459 1084 1096 1068 
1460 1079 1091 1069 
1461 1069 1091 1080 
1462 1085 1086 1072 
1463 1086 1087 1072 
1464 1073 1081 1077 
1465 1077 1089 1073 
1466 1074 1083 1080 
1467 1080 1091 1074 
1468 1076 1096 1084 
1469 1082 1084 1078 
1470 1084 1088 1078 
2 9 2 326
1471 231 1233 17 
1472 17 1233 255 
1473 18 1230 236 
1474 274 1230 18 
1475 19 1231 249 
1476 273 1231 19 
1477 254 1232 20 
1478 20 1232 292 
1479 232 1203 231 
1480 1203 1233 231 
1481 233 1227 232 
1482 232 1227 1203 
1483 234 1097 233 
1484 1097 1227 233 
1485 235 1228 234 
1486 234 1228 1097 
1487 236 1115 235 
1488 1115 1228 235 
1489 236 1230 1115 
1490 249 1114 250 
1491 249 1231 1114 
1492 250 1226 251 
1493 1114 1226 250 
1494 251 1098 252 
1495 251 1226 1098 
1496 252 1229 253 
1497 1098 1229 252 
1498 253 1204 254 
1499 253 1229 1204 
1500 1204 1232 254 
1501 255 1112 256 
1502 255 1233 1112 
1503 256 1116 257 
1504 1112 1116 256 
1505 257 1107 258 
1506 257 1116 1107 
1507 258 1173 259 
1508 1107 1173 258 
1509 259 1181 260 
1510 1173 1181 259 
1511 260 1099 261 
1512 260 1181 1099 
1513 261 1185 262 
1514 1099 1185 261 
1515 262 1187 263 
1516 1185 1187 262 
1517 263 1102 264 
1518 263 1187 1102 
1519 264 1192 265 
1520 1102 1192 264 
1521 265 1190 266 
1522 265 1192 1190 
1523 266 1100 267 
1524 266 1190 1100 
1525 267 1199 268 
1526 1100 1199 267 
1527 268 1193 269 
1528 268 1199 1193 
1529 269 1101 270 
1530 269 1193 1101 
1531 270 1182 271 
1532 1101 1182 270 
1533 271 1111 272 
1534 271 1182 1111 
1535 272 1205 273 
1536 1111 1205 272 
1537 1205 1231 273 
1538 275 1206 274 
1539 1206 1230 274 
1540 276 1110 275 
1541 1110 1206 275 
1542 277 1174 276 
1543 276 1174 1110 
1544 278 1103 277 
1545 1103 1174 277 
1546 279 1223 278 
1547 278 1223 1103 
1548 280 1210 279 
1549 1210 1223 279 
1550 281 1104 280 
1551 1104 1210 280 
1552 282 1177 281 
1553 281 1177 1104 
1554 283 1108 282 
1555 1108 1177 282 
1556 284 1175 283 
1557 283 1175 1108 
1558 285 1105 284 
1559 1105 1175 284 
1560 286 1207 285 
1561 285 1207 1105 
1562 287 1221 286 
1563 286 1221 1207 
1564 288 1106 287 
1565 1106 1221 287 
1566 289 1180 288 
1567 288 1180 1106 
1568 290 1109 289 
1569 1109 1180 289 
1570 291 1179 290 
1571 290 1179 1109 
1572 292 1113 291 
1573 1113 1179 291 
1574 292 1232 1113 
1575 1097 1163 1162 
1576 1162 1164 1097 
1577 1097 1228 1163 
1578 1164 1227 1097 
1579 1159 1161 1098 
1580 1098 1200 1159 
1581 1161 1229 1098 
1582 1098 1226 1200 
1583 1099 1181 1178 
1584 1178 1186 1099 
1585 1099 1186 1185 
1586 1190 1191 1100 
1587 1191 1196 1100 
1588 1196 1199 1100 
1589 1101 1189 1182 
1590 1101 1198 1189 
1591 1193 1198 1101 
1592 1102 1188 1176 
1593 1176 1192 1102 
1594 1187 1188 1102 
1595 1103 1220 1174 
1596 1209 1220 1103 
1597 1103 1223 1209 
1598 1177 1215 1104 
1599 1104 1224 1210 
1600 1215 1224 1104 
1601 1105 1216 1175 
1602 1207 1222 1105 
1603 1105 1222 1216 
1604 1180 1211 1106 
1605 1106 1211 1208 
1606 1208 1221 1106 
1607 1116 1117 1107 
1608 1117 1118 1107 
1609 1118 1173 1107 
1610 1175 1214 1108 
1611 1108 1212 1177 
1612 1108 1214 1212 
1613 1179 1213 1109 
1614 1109 1218 1180 
1615 1213 1218 1109 
1616 1174 1217 1110 
1617 1110 1225 1206 
1618 1217 1225 1110 
1619 1182 1194 1111 
1620 1194 1195 1111 
1621 1195 1205 1111 
1622 1112 1202 1116 
1623 1112 1203 1202 
1624 1112 1233 1203 
1625 1113 1219 1179 
1626 1204 1219 1113 
1627 1113 1232 1204 
1628 1195 1200 1114 
1629 1114 1205 1195 
1630 1200 1226 1114 
1631 1114 1231 1205 
1632 1115 1225 1163 
1633 1163 1228 1115 
1634 1206 1225 1115 
1635 1115 1230 1206 
1636 1116 1202 1117 
1637 1117 1119 1118 
1638 1117 1201 1119 
1639 1117 1202 1201 
1640 1119 1120 1118 
1641 1120 1169 1118 
1642 1169 1173 1118 
1643 1119 1121 1120 
1644 1119 1123 1121 
1645 1119 1201 1123 
1646 1121 1122 1120 
1647 1122 1124 1120 
1648 1124 1169 1120 
1649 1121 1183 1122 
1650 1123 1154 1121 
1651 1154 1183 1121 
1652 1122 1125 1124 
1653 1122 1150 1125 
1654 1122 1183 1150 
1655 1123 1158 1154 
1656 1123 1162 1158 
1657 1123 1201 1162 
1658 1125 1126 1124 
1659 1126 1178 1124 
1660 1124 1178 1169 
1661 1125 1127 1126 
1662 1125 1170 1127 
1663 1150 1170 1125 
1664 1127 1128 1126 
1665 1128 1186 1126 
1666 1126 1186 1178 
1667 1127 1129 1128 
1668 1127 1172 1129 
1669 1170 1172 1127 
1670 1129 1130 1128 
1671 1130 1155 1128 
1672 1155 1186 1128 
1673 1129 1131 1130 
1674 1129 1153 1131 
1675 1129 1172 1153 
1676 1131 1132 1130 
1677 1132 1188 1130 
1678 1130 1188 1155 
1679 1131 1133 1132 
1680 1131 1184 1133 
1681 1153 1184 1131 
1682 1133 1134 1132 
1683 1134 1176 1132 
1684 1176 1188 1132 
1685 1133 1135 1134 
1686 1133 1152 1135 
1687 1133 1184 1152 
1688 1135 1136 1134 
1689 1136 1156 1134 
1690 1156 1176 1134 
1691 1135 1137 1136 
1692 1135 1168 1137 
1693 1152 1168 1135 
1694 1137 1138 1136 
1695 1138 1191 1136 
1696 1136 1191 1156 
1697 1137 1139 1138 
1698 1137 1149 1139 
1699 1137 1168 1149 
1700 1139 1140 1138 
1701 1140 1196 1138 
1702 1138 1196 1191 
1703 1139 1141 1140 
1704 1139 1165 1141 
1705 1149 1165 1139 
1706 1141 1142 1140 
1707 1142 1157 1140 
1708 1157 1196 1140 
1709 1141 1143 1142 
1710 1141 1197 1143 
1711 1165 1197 1141 
1712 1143 1144 1142 
1713 1144 1198 1142 
1714 1142 1198 1157 
1715 1143 1145 1144 
1716 1143 1151 1145 
1717 1143 1197 1151 
1718 1145 1146 1144 
1719 1146 1189 1144 
1720 1189 1198 1144 
1721 1145 1147 1146 
1722 1145 1167 1147 
1723 1151 1167 1145 
1724 1147 1148 1146 
1725 1148 1194 1146 
1726 1146 1194 1189 
1727 1147 1159 1148 
1728 1147 1160 1159 
1729 1147 1167 1160 
1730 1159 1200 1148 
1731 1148 1195 1194 
1732 1148 1200 1195 
1733 1149 1166 1165 
1734 1149 1222 1166 
1735 1168 1222 1149 
1736 1150 1171 1170 
1737 1150 1209 1171 
1738 1183 1209 1150 
1739 1151 1218 1167 
1740 1197 1211 1151 
1741 1211 1218 1151 
1742 1152 1216 1168 
1743 1184 1214 1152 
1744 1214 1216 1152 
1745 1172 1215 1153 
1746 1153 1212 1184 
1747 1153 1215 1212 
1748 1158 1217 1154 
1749 1154 1220 1183 
1750 1217 1220 1154 
1751 1185 1186 1155 
1752 1155 1187 1185 
1753 1155 1188 1187 
1754 1156 1192 1176 
1755 1156 1191 1190 
1756 1190 1192 1156 
1757 1157 1198 1193 
1758 1193 1199 1157 
1759 1157 1199 1196 
1760 1162 1163 1158 
1761 1163 1225 1158 
1762 1158 1225 1217 
1763 1160 1161 1159 
1764 1160 1219 1161 
1765 1167 1213 1160 
1766 1213 1219 1160 
1767 1161 1219 1204 
1768 1204 1229 1161 
1769 1162 1201 1164 
1770 1201 1202 1164 
1771 1202 1203 1164 
1772 1203 1227 1164 
1773 1166 1208 1165 
1774 1165 1208 1197 
1775 1207 1221 1166 
1776 1166 1222 1207 
1777 1166 1221 1208 
1778 1167 1218 1213 
1779 1216 1222 1168 
1780 1169 1181 1173 
1781 1178 1181 1169 
1782 1171 1224 1170 
1783 1170 1224 1172 
1784 1209 1223 1171 
1785 1171 1223 1210 
1786 1210 1224 1171 
1787 1172 1224 1215 
1788 1174 1220 1217 
1789 1175 1216 1214 
1790 1212 1215 1177 
1791 1179 1219 1213 
1792 1180 1218 1211 
1793 1189 1194 1182 
1794 1183 1220 1209 
1795 1212 1214 1184 
1796 1208 1211 1197 
2 10 2 118
1797 249 1275 19 
1798 19 1275 299 
1799 20 1276 254 
1800 305 1276 20 
1801 21 1277 293 
1802 304 1277 21 
1803 298 1278 22 
1804 22 1278 310 
1805 250 1238 249 
1806 1238 1275 249 
1807 251 1258 250 
1808 250 1258 1238 
1809 252 1237 251 
1810 1237 1258 251 
1811 253 1242 252 
1812 252 1242 1237 
1813 254 1239 253 
1814 1239 1242 253 
1815 254 1276 1239 
1816 293 1265 294 
1817 293 1277 1265 
1818 294 1261 295 
1819 294 1265 1261 
1820 295 1236 296 
1821 295 1261 1236 
1822 296 1269 297 
1823 1236 1269 296 
1824 297 1268 298 
1825 297 1269 1268 
1826 1268 1278 298 
1827 299 1266 300 
1828 299 1275 1266 
1829 300 1257 301 
1830 300 1266 1257 
1831 301 1234 302 
1832 301 1257 1234 
1833 302 1259 303 
1834 1234 1259 302 
1835 303 1240 304 
1836 303 1259 1240 
1837 1240 1277 304 
1838 306 1264 305 
1839 1264 1276 305 
1840 307 1260 306 
1841 1260 1264 306 
1842 308 1235 307 
1843 1235 1260 307 
1844 309 1273 308 
1845 308 1273 1235 
1846 310 1241 309 
1847 1241 1273 309 
1848 310 1278 1241 
1849 1257 1274 1234 
1850 1234 1279 1259 
1851 1234 1274 1262 
1852 1262 1279 1234 
1853 1235 1254 1253 
1854 1253 1272 1235 
1855 1235 1273 1254 
1856 1235 1272 1260 
1857 1261 1271 1236 
1858 1236 1270 1269 
1859 1236 1271 1270 
1860 1242 1243 1237 
1861 1243 1244 1237 
1862 1244 1258 1237 
1863 1258 1263 1238 
1864 1263 1266 1238 
1865 1266 1275 1238 
1866 1239 1256 1242 
1867 1239 1264 1256 
1868 1239 1276 1264 
1869 1259 1267 1240 
1870 1240 1267 1265 
1871 1265 1277 1240 
1872 1241 1255 1254 
1873 1254 1273 1241 
1874 1241 1268 1255 
1875 1241 1278 1268 
1876 1242 1256 1243 
1877 1243 1245 1244 
1878 1243 1246 1245 
1879 1243 1256 1246 
1880 1245 1252 1244 
1881 1252 1263 1244 
1882 1244 1263 1258 
1883 1246 1247 1245 
1884 1247 1248 1245 
1885 1248 1252 1245 
1886 1246 1253 1247 
1887 1246 1272 1253 
1888 1256 1272 1246 
1889 1247 1249 1248 
1890 1247 1250 1249 
1891 1247 1253 1250 
1892 1249 1251 1248 
1893 1251 1262 1248 
1894 1248 1262 1252 
1895 1250 1270 1249 
1896 1249 1271 1251 
1897 1270 1271 1249 
1898 1253 1254 1250 
1899 1254 1255 1250 
1900 1255 1270 1250 
1901 1251 1279 1262 
1902 1251 1271 1267 
1903 1267 1279 1251 
1904 1262 1274 1252 
1905 1252 1274 1263 
1906 1268 1269 1255 
1907 1269 1270 1255 
1908 1256 1264 1260 
1909 1260 1272 1256 
1910 1257 1266 1263 
1911 1263 1274 1257 
1912 1259 1279 1267 
1913 1265 1267 1261 
1914 1267 1271 1261 
2 11 2 228
1915 293 1368 21 
1916 21 1368 317 
1917 22 1369 298 
1918 330 1369 22 
1919 23 1367 311 
1920 329 1367 23 
1921 316 1370 24 
1922 24 1370 342 
1923 294 1291 293 
1924 1291 1368 293 
1925 295 1341 294 
1926 294 1341 1291 
1927 296 1287 295 
1928 1287 1341 295 
1929 297 1339 296 
1930 296 1339 1287 
1931 298 1290 297 
1932 1290 1339 297 
1933 298 1369 1290 
1934 311 1293 312 
1935 311 1367 1293 
1936 312 1337 313 
1937 1293 1337 312 
1938 313 1286 314 
1939 313 1337 1286 
1940 314 1333 315 
1941 1286 1333 314 
1942 315 1292 316 
1943 315 1333 1292 
1944 1292 1370 316 
1945 317 1353 318 
1946 317 1368 1353 
1947 318 1335 319 
1948 318 1353 1335 
1949 319 1281 320 
1950 319 1335 1281 
1951 320 1342 321 
1952 1281 1342 320 
1953 321 1340 322 
1954 321 1342 1340 
1955 322 1284 323 
1956 322 1340 1284 
1957 323 1344 324 
1958 1284 1344 323 
1959 324 1294 325 
1960 324 1344 1294 
1961 325 1282 326 
1962 325 1294 1282 
1963 326 1343 327 
1964 1282 1343 326 
1965 327 1289 328 
1966 327 1343 1289 
1967 328 1352 329 
1968 1289 1352 328 
1969 1352 1367 329 
1970 331 1351 330 
1971 1351 1369 330 
1972 332 1338 331 
1973 1338 1351 331 
1974 333 1285 332 
1975 1285 1338 332 
1976 334 1363 333 
1977 333 1363 1285 
1978 335 1349 334 
1979 1349 1363 334 
1980 336 1280 335 
1981 1280 1349 335 
1982 337 1345 336 
1983 336 1345 1280 
1984 338 1288 337 
1985 1288 1345 337 
1986 339 1334 338 
1987 338 1334 1288 
1988 340 1283 339 
1989 1283 1334 339 
1990 341 1336 340 
1991 340 1336 1283 
1992 342 1350 341 
1993 341 1350 1336 
1994 342 1370 1350 
1995 1345 1362 1280 
1996 1280 1360 1349 
1997 1280 1362 1360 
1998 1318 1332 1281 
1999 1281 1335 1318 
2000 1332 1342 1281 
2001 1294 1295 1282 
2002 1295 1296 1282 
2003 1296 1343 1282 
2004 1283 1359 1334 
2005 1336 1361 1283 
2006 1283 1361 1359 
2007 1328 1331 1284 
2008 1284 1340 1328 
2009 1331 1344 1284 
2010 1285 1366 1338 
2011 1363 1364 1285 
2012 1364 1366 1285 
2013 1286 1373 1333 
2014 1337 1371 1286 
2015 1286 1371 1348 
2016 1348 1373 1286 
2017 1339 1358 1287 
2018 1287 1372 1341 
2019 1358 1372 1287 
2020 1334 1357 1288 
2021 1288 1356 1345 
2022 1288 1357 1356 
2023 1343 1346 1289 
2024 1346 1347 1289 
2025 1347 1352 1289 
2026 1290 1365 1339 
2027 1351 1365 1290 
2028 1290 1369 1351 
2029 1341 1354 1291 
2030 1291 1354 1353 
2031 1353 1368 1291 
2032 1333 1355 1292 
2033 1292 1355 1350 
2034 1350 1370 1292 
2035 1293 1347 1337 
2036 1293 1352 1347 
2037 1293 1367 1352 
2038 1294 1319 1295 
2039 1294 1344 1319 
2040 1295 1297 1296 
2041 1295 1298 1297 
2042 1295 1319 1298 
2043 1297 1299 1296 
2044 1299 1346 1296 
2045 1296 1346 1343 
2046 1298 1300 1297 
2047 1297 1320 1299 
2048 1300 1320 1297 
2049 1298 1301 1300 
2050 1298 1302 1301 
2051 1298 1319 1302 
2052 1320 1321 1299 
2053 1321 1323 1299 
2054 1323 1346 1299 
2055 1301 1326 1300 
2056 1300 1322 1320 
2057 1300 1326 1322 
2058 1302 1303 1301 
2059 1303 1313 1301 
2060 1313 1326 1301 
2061 1302 1304 1303 
2062 1302 1331 1304 
2063 1319 1331 1302 
2064 1304 1305 1303 
2065 1305 1327 1303 
2066 1303 1327 1313 
2067 1304 1306 1305 
2068 1304 1328 1306 
2069 1304 1331 1328 
2070 1306 1307 1305 
2071 1307 1311 1305 
2072 1311 1327 1305 
2073 1306 1308 1307 
2074 1306 1314 1308 
2075 1306 1328 1314 
2076 1308 1309 1307 
2077 1309 1329 1307 
2078 1307 1329 1311 
2079 1308 1310 1309 
2080 1308 1332 1310 
2081 1314 1332 1308 
2082 1310 1312 1309 
2083 1312 1316 1309 
2084 1316 1329 1309 
2085 1310 1315 1312 
2086 1310 1318 1315 
2087 1310 1332 1318 
2088 1311 1360 1327 
2089 1329 1330 1311 
2090 1330 1360 1311 
2091 1315 1358 1312 
2092 1312 1317 1316 
2093 1312 1358 1317 
2094 1313 1356 1326 
2095 1327 1362 1313 
2096 1313 1362 1356 
2097 1328 1340 1314 
2098 1314 1342 1332 
2099 1340 1342 1314 
2100 1318 1354 1315 
2101 1354 1372 1315 
2102 1315 1372 1358 
2103 1317 1366 1316 
2104 1316 1364 1329 
2105 1316 1366 1364 
2106 1317 1358 1339 
2107 1339 1365 1317 
2108 1365 1366 1317 
2109 1335 1354 1318 
2110 1319 1344 1331 
2111 1320 1324 1321 
2112 1322 1324 1320 
2113 1321 1348 1323 
2114 1324 1325 1321 
2115 1325 1348 1321 
2116 1322 1359 1324 
2117 1326 1357 1322 
2118 1357 1359 1322 
2119 1323 1347 1346 
2120 1323 1371 1347 
2121 1348 1371 1323 
2122 1324 1361 1325 
2123 1359 1361 1324 
2124 1325 1373 1348 
2125 1325 1361 1355 
2126 1355 1373 1325 
2127 1356 1357 1326 
2128 1360 1362 1327 
2129 1329 1364 1330 
2130 1349 1360 1330 
2131 1330 1363 1349 
2132 1330 1364 1363 
2133 1333 1373 1355 
2134 1334 1359 1357 
2135 1353 1354 1335 
2136 1350 1355 1336 
2137 1355 1361 1336 
2138 1347 1371 1337 
2139 1338 1365 1351 
2140 1338 1366 1365 
2141 1341 1372 1354 
2142 1356 1362 1345 
2 12 2 118
2143 1 1417 33 
2144 348 1417 1 
2145 38 1415 2 
2146 2 1415 354 
2147 311 1416 23 
2148 23 1416 343 
2149 24 1418 316 
2150 349 1418 24 
2151 33 1405 34 
2152 33 1417 1405 
2153 34 1401 35 
2154 34 1405 1401 
2155 35 1375 36 
2156 35 1401 1375 
2157 36 1382 37 
2158 1375 1382 36 
2159 37 1381 38 
2160 37 1382 1381 
2161 1381 1415 38 
2162 312 1407 311 
2163 1407 1416 311 
2164 313 1402 312 
2165 1402 1407 312 
2166 314 1374 313 
2167 1374 1402 313 
2168 315 1397 314 
2169 314 1397 1374 
2170 316 1380 315 
2171 1380 1397 315 
2172 316 1418 1380 
2173 343 1378 344 
2174 343 1416 1378 
2175 344 1400 345 
2176 1378 1400 344 
2177 345 1377 346 
2178 345 1400 1377 
2179 346 1398 347 
2180 1377 1398 346 
2181 347 1379 348 
2182 347 1398 1379 
2183 1379 1417 348 
2184 350 1404 349 
2185 1404 1418 349 
2186 351 1413 350 
2187 350 1413 1404 
2188 352 1376 351 
2189 1376 1413 351 
2190 353 1399 352 
2191 352 1399 1376 
2192 354 1406 353 
2193 353 1406 1399 
2194 354 1415 1406 
2195 1397 1410 1374 
2196 1374 1411 1402 
2197 1410 1411 1374 
2198 1375 1383 1382 
2199 1375 1384 1383 
2200 1375 1401 1384 
2201 1394 1395 1376 
2202 1376 1412 1394 
2203 1395 1413 1376 
2204 1399 1412 1376 
2205 1377 1414 1398 
2206 1400 1419 1377 
2207 1403 1414 1377 
2208 1377 1419 1403 
2209 1378 1408 1400 
2210 1407 1408 1378 
2211 1378 1416 1407 
2212 1379 1398 1393 
2213 1393 1405 1379 
2214 1405 1417 1379 
2215 1380 1409 1397 
2216 1404 1409 1380 
2217 1380 1418 1404 
2218 1382 1396 1381 
2219 1396 1406 1381 
2220 1406 1415 1381 
2221 1383 1396 1382 
2222 1384 1385 1383 
2223 1385 1386 1383 
2224 1386 1396 1383 
2225 1384 1392 1385 
2226 1384 1393 1392 
2227 1384 1401 1393 
2228 1385 1387 1386 
2229 1385 1388 1387 
2230 1385 1392 1388 
2231 1387 1394 1386 
2232 1394 1412 1386 
2233 1386 1412 1396 
2234 1388 1389 1387 
2235 1389 1390 1387 
2236 1390 1394 1387 
2237 1388 1391 1389 
2238 1388 1403 1391 
2239 1392 1403 1388 
2240 1389 1410 1390 
2241 1391 1411 1389 
2242 1389 1411 1410 
2243 1390 1395 1394 
2244 1390 1409 1395 
2245 1390 1410 1409 
2246 1403 1419 1391 
2247 1408 1411 1391 
2248 1391 1419 1408 
2249 1393 1414 1392 
2250 1392 1414 1403 
2251 1398 1414 1393 
2252 1401 1405 1393 
2253 1395 1409 1404 
2254 1404 1413 1395 
2255 1399 1406 1396 
2256 1396 1412 1399 
2257 1409 1410 1397 
2258 1408 1419 1400 
2259 1402 1408 1407 
2260 1402 1411 1408 
2 13 2 995
2261 45 1835 1 
2262 1 1835 348 
2263 3 1839 63 
2264 89 1839 3 
2265 5 1522 94 
2266 107 1433 5 
2267 1433 1441 5 
2268 1441 1522 5 
2269 7 1434 112 
2270 125 1521 7 
2271 7 1440 1434 
2272 7 1521 1440 
2273 9 1838 130 
2274 143 1838 9 
2275 11 1834 161 
2276 187 1834 11 
2277 13 1832 192 
2278 205 1832 13 
2279 15 1435 217 
2280 237 1612 15 
2281 15 1442 1435 
2282 15 1842 1442 
2283 1612 1842 15 
2284 17 1836 242 
2285 255 1836 17 
2286 19 1837 273 
2287 299 1837 19 
2288 21 1611 304 
2289 317 1432 21 
2290 1432 1439 21 
2291 1439 1843 21 
2292 21 1843 1611 
2293 23 1833 329 
2294 343 1833 23 
2295 46 1741 45 
2296 1741 1835 45 
2297 47 1481 46 
2298 1481 1741 46 
2299 48 1769 47 
2300 47 1769 1481 
2301 49 1450 48 
2302 1450 1769 48 
2303 50 1774 49 
2304 49 1774 1450 
2305 51 1777 50 
2306 50 1777 1774 
2307 52 1448 51 
2308 1448 1777 51 
2309 53 1783 52 
2310 52 1783 1448 
2311 54 1785 53 
2312 53 1785 1783 
2313 55 1444 54 
2314 1444 1785 54 
2315 56 1795 55 
2316 55 1795 1444 
2317 57 1466 56 
2318 1466 1795 56 
2319 58 1801 57 
2320 57 1801 1466 
2321 59 1806 58 
2322 58 1806 1801 
2323 60 1424 59 
2324 1424 1806 59 
2325 61 1792 60 
2326 60 1792 1424 
2327 62 1471 61 
2328 1471 1792 61 
2329 63 1815 62 
2330 62 1815 1471 
2331 63 1839 1815 
2332 90 1764 89 
2333 1764 1839 89 
2334 91 1505 90 
2335 1505 1764 90 
2336 92 1754 91 
2337 91 1754 1505 
2338 93 1422 92 
2339 1422 1754 92 
2340 94 1847 93 
2341 93 1847 1422 
2342 1522 1847 94 
2343 108 1735 107 
2344 107 1735 1433 
2345 109 1730 108 
2346 1730 1735 108 
2347 110 1438 109 
2348 1438 1730 109 
2349 111 1724 110 
2350 110 1724 1438 
2351 112 1717 111 
2352 1717 1724 111 
2353 1434 1717 112 
2354 126 1846 125 
2355 125 1846 1521 
2356 127 1420 126 
2357 1420 1846 126 
2358 128 1755 127 
2359 127 1755 1420 
2360 129 1504 128 
2361 1504 1755 128 
2362 130 1765 129 
2363 129 1765 1504 
2364 130 1838 1765 
2365 144 1814 143 
2366 1814 1838 143 
2367 145 1470 144 
2368 1470 1814 144 
2369 146 1793 145 
2370 145 1793 1470 
2371 147 1426 146 
2372 1426 1793 146 
2373 148 1807 147 
2374 147 1807 1426 
2375 149 1800 148 
2376 1800 1807 148 
2377 150 1465 149 
2378 1465 1800 149 
2379 151 1796 150 
2380 150 1796 1465 
2381 152 1443 151 
2382 1443 1796 151 
2383 153 1786 152 
2384 152 1786 1443 
2385 154 1782 153 
2386 1782 1786 153 
2387 155 1447 154 
2388 1447 1782 154 
2389 156 1776 155 
2390 155 1776 1447 
2391 157 1775 156 
2392 1775 1776 156 
2393 158 1449 157 
2394 1449 1775 157 
2395 159 1768 158 
2396 158 1768 1449 
2397 160 1482 159 
2398 1482 1768 159 
2399 161 1740 160 
2400 160 1740 1482 
2401 161 1834 1740 
2402 188 1577 187 
2403 1577 1834 187 
2404 189 1719 188 
2405 188 1719 1577 
2406 190 1461 189 
2407 1461 1719 189 
2408 191 1721 190 
2409 190 1721 1461 
2410 192 1524 191 
2411 1524 1721 191 
2412 192 1832 1524 
2413 206 1756 205 
2414 1756 1832 205 
2415 207 1749 206 
2416 1749 1756 206 
2417 208 1428 207 
2418 1428 1749 207 
2419 209 1747 208 
2420 208 1747 1428 
2421 210 1743 209 
2422 1743 1747 209 
2423 211 1430 210 
2424 1430 1743 210 
2425 212 1738 211 
2426 211 1738 1430 
2427 213 1734 212 
2428 1734 1738 212 
2429 214 1437 213 
2430 1437 1734 213 
2431 215 1727 214 
2432 214 1727 1437 
2433 216 1463 215 
2434 1463 1727 215 
2435 217 1718 216 
2436 216 1718 1463 
2437 1435 1718 217 
2438 238 1736 237 
2439 237 1736 1612 
2440 239 1421 238 
2441 1421 1736 238 
2442 240 1750 239 
2443 239 1750 1421 
2444 241 1503 240 
2445 1503 1750 240 
2446 242 1771 241 
2447 241 1771 1503 
2448 242 1836 1771 
2449 256 1817 255 
2450 1817 1836 255 
2451 257 1469 256 
2452 1469 1817 256 
2453 258 1811 257 
2454 257 1811 1469 
2455 259 1425 258 
2456 1425 1811 258 
2457 260 1813 259 
2458 259 1813 1425 
2459 261 1467 260 
2460 1467 1813 260 
2461 262 1797 261 
2462 261 1797 1467 
2463 263 1446 262 
2464 1446 1797 262 
2465 264 1787 263 
2466 263 1787 1446 
2467 265 1784 264 
2468 1784 1787 264 
2469 266 1445 265 
2470 1445 1784 265 
2471 267 1708 266 
2472 266 1708 1445 
2473 268 1468 267 
2474 1468 1708 267 
2475 269 1804 268 
2476 268 1804 1468 
2477 270 1427 269 
2478 1427 1804 269 
2479 271 1810 270 
2480 270 1810 1427 
2481 272 1472 271 
2482 1472 1810 271 
2483 273 1818 272 
2484 272 1818 1472 
2485 273 1837 1818 
2486 300 1770 299 
2487 1770 1837 299 
2488 301 1506 300 
2489 1506 1770 300 
2490 302 1751 301 
2491 301 1751 1506 
2492 303 1423 302 
2493 1423 1751 302 
2494 304 1737 303 
2495 303 1737 1423 
2496 1611 1737 304 
2497 318 1720 317 
2498 317 1720 1432 
2499 319 1464 318 
2500 1464 1720 318 
2501 320 1728 319 
2502 319 1728 1464 
2503 321 1436 320 
2504 1436 1728 320 
2505 322 1733 321 
2506 321 1733 1436 
2507 323 1739 322 
2508 322 1739 1733 
2509 324 1431 323 
2510 1431 1739 323 
2511 325 1742 324 
2512 324 1742 1431 
2513 326 1746 325 
2514 325 1746 1742 
2515 327 1429 326 
2516 1429 1746 326 
2517 328 1748 327 
2518 327 1748 1429 
2519 329 1523 328 
2520 1523 1748 328 
2521 329 1833 1523 
2522 344 1757 343 
2523 1757 1833 343 
2524 345 1723 344 
2525 1723 1757 344 
2526 346 1462 345 
2527 1462 1723 345 
2528 347 1722 346 
2529 346 1722 1462 
2530 348 1578 347 
2531 1578 1722 347 
2532 348 1835 1578 
2533 1420 1829 1618 
2534 1618 1846 1420 
2535 1420 1755 1684 
2536 1684 1829 1420 
2537 1681 1736 1421 
2538 1421 1848 1681 
2539 1750 1848 1421 
2540 1617 1828 1422 
2541 1422 1847 1617 
2542 1686 1754 1422 
2543 1422 1828 1686 
2544 1423 1737 1683 
2545 1683 1849 1423 
2546 1423 1849 1751 
2547 1650 1789 1424 
2548 1424 1792 1650 
2549 1789 1806 1424 
2550 1626 1811 1425 
2551 1425 1812 1626 
2552 1425 1813 1812 
2553 1426 1788 1648 
2554 1648 1793 1426 
2555 1426 1807 1788 
2556 1625 1805 1427 
2557 1427 1810 1625 
2558 1427 1805 1804 
2559 1428 1747 1599 
2560 1599 1753 1428 
2561 1712 1749 1428 
2562 1428 1753 1712 
2563 1600 1746 1429 
2564 1429 1752 1600 
2565 1429 1748 1705 
2566 1705 1752 1429 
2567 1707 1743 1430 
2568 1430 1744 1707 
2569 1738 1744 1430 
2570 1431 1742 1706 
2571 1706 1745 1431 
2572 1431 1745 1739 
2573 1432 1454 1439 
2574 1432 1646 1454 
2575 1432 1720 1646 
2576 1433 1457 1441 
2577 1433 1816 1457 
2578 1735 1816 1433 
2579 1440 1459 1434 
2580 1459 1629 1434 
2581 1629 1717 1434 
2582 1442 1451 1435 
2583 1451 1645 1435 
2584 1645 1718 1435 
2585 1693 1732 1436 
2586 1436 1733 1693 
2587 1436 1732 1728 
2588 1437 1731 1694 
2589 1694 1734 1437 
2590 1727 1731 1437 
2591 1438 1729 1642 
2592 1642 1730 1438 
2593 1724 1729 1438 
2594 1454 1455 1439 
2595 1455 1456 1439 
2596 1456 1843 1439 
2597 1440 1460 1459 
2598 1440 1844 1460 
2599 1521 1613 1440 
2600 1613 1844 1440 
2601 1457 1458 1441 
2602 1458 1845 1441 
2603 1441 1615 1522 
2604 1441 1845 1615 
2605 1442 1452 1451 
2606 1442 1453 1452 
2607 1442 1842 1453 
2608 1443 1791 1673 
2609 1673 1796 1443 
2610 1786 1791 1443 
2611 1671 1790 1444 
2612 1444 1795 1671 
2613 1444 1790 1785 
2614 1445 1709 1679 
2615 1679 1784 1445 
2616 1708 1709 1445 
2617 1446 1794 1644 
2618 1644 1797 1446 
2619 1787 1794 1446 
2620 1447 1780 1676 
2621 1676 1782 1447 
2622 1776 1780 1447 
2623 1691 1781 1448 
2624 1448 1783 1691 
2625 1448 1781 1777 
2626 1449 1772 1697 
2627 1697 1775 1449 
2628 1768 1772 1449 
2629 1699 1773 1450 
2630 1450 1774 1699 
2631 1450 1773 1769 
2632 1452 1477 1451 
2633 1477 1478 1451 
2634 1478 1645 1451 
2635 1453 1473 1452 
2636 1473 1651 1452 
2637 1452 1651 1477 
2638 1453 1475 1473 
2639 1453 1501 1475 
2640 1453 1842 1501 
2641 1454 1479 1455 
2642 1454 1480 1479 
2643 1454 1646 1480 
2644 1455 1474 1456 
2645 1455 1652 1474 
2646 1479 1652 1455 
2647 1474 1476 1456 
2648 1476 1502 1456 
2649 1502 1843 1456 
2650 1457 1488 1458 
2651 1457 1490 1488 
2652 1457 1816 1490 
2653 1488 1489 1458 
2654 1489 1491 1458 
2655 1491 1845 1458 
2656 1460 1483 1459 
2657 1483 1485 1459 
2658 1485 1629 1459 
2659 1460 1484 1483 
2660 1460 1486 1484 
2661 1460 1844 1486 
2662 1461 1721 1711 
2663 1711 1825 1461 
2664 1461 1825 1719 
2665 1703 1723 1462 
2666 1462 1824 1703 
2667 1722 1824 1462 
2668 1463 1725 1621 
2669 1621 1727 1463 
2670 1718 1725 1463 
2671 1622 1726 1464 
2672 1464 1728 1622 
2673 1464 1726 1720 
2674 1465 1798 1628 
2675 1628 1800 1465 
2676 1796 1798 1465 
2677 1627 1799 1466 
2678 1466 1801 1627 
2679 1466 1799 1795 
2680 1467 1803 1662 
2681 1662 1813 1467 
2682 1797 1803 1467 
2683 1657 1802 1468 
2684 1468 1804 1657 
2685 1468 1802 1708 
2686 1469 1809 1609 
2687 1609 1817 1469 
2688 1469 1811 1809 
2689 1648 1778 1470 
2690 1470 1793 1648 
2691 1470 1778 1685 
2692 1685 1814 1470 
2693 1471 1779 1650 
2694 1650 1792 1471 
2695 1687 1779 1471 
2696 1471 1815 1687 
2697 1610 1808 1472 
2698 1472 1818 1610 
2699 1808 1810 1472 
2700 1475 1495 1473 
2701 1495 1496 1473 
2702 1496 1651 1473 
2703 1474 1498 1476 
2704 1474 1499 1498 
2705 1474 1652 1499 
2706 1475 1497 1495 
2707 1475 1663 1497 
2708 1501 1663 1475 
2709 1498 1500 1476 
2710 1500 1664 1476 
2711 1476 1664 1502 
2712 1477 1509 1478 
2713 1477 1525 1509 
2714 1477 1651 1525 
2715 1509 1510 1478 
2716 1510 1529 1478 
2717 1529 1645 1478 
2718 1480 1511 1479 
2719 1511 1527 1479 
2720 1527 1652 1479 
2721 1480 1512 1511 
2722 1480 1533 1512 
2723 1480 1646 1533 
2724 1624 1767 1481 
2725 1481 1769 1624 
2726 1481 1767 1741 
2727 1482 1766 1623 
2728 1623 1768 1482 
2729 1740 1766 1482 
2730 1484 1508 1483 
2731 1483 1659 1485 
2732 1508 1659 1483 
2733 1486 1487 1484 
2734 1487 1669 1484 
2735 1484 1669 1508 
2736 1485 1630 1629 
2737 1485 1631 1630 
2738 1485 1659 1631 
2739 1486 1493 1487 
2740 1486 1579 1493 
2741 1486 1844 1579 
2742 1493 1513 1487 
2743 1513 1514 1487 
2744 1514 1669 1487 
2745 1488 1507 1489 
2746 1490 1653 1488 
2747 1488 1653 1507 
2748 1489 1492 1491 
2749 1489 1668 1492 
2750 1507 1668 1489 
2751 1490 1820 1653 
2752 1816 1819 1490 
2753 1819 1820 1490 
2754 1492 1494 1491 
2755 1494 1580 1491 
2756 1580 1845 1491 
2757 1492 1515 1494 
2758 1492 1516 1515 
2759 1492 1668 1516 
2760 1493 1575 1513 
2761 1493 1763 1575 
2762 1579 1763 1493 
2763 1515 1576 1494 
2764 1576 1762 1494 
2765 1494 1762 1580 
2766 1495 1517 1496 
2767 1497 1840 1495 
2768 1495 1840 1517 
2769 1517 1518 1496 
2770 1518 1658 1496 
2771 1496 1658 1651 
2772 1614 1620 1497 
2773 1497 1758 1614 
2774 1620 1840 1497 
2775 1663 1758 1497 
2776 1499 1519 1498 
2777 1498 1841 1500 
2778 1519 1841 1498 
2779 1499 1520 1519 
2780 1499 1716 1520 
2781 1652 1716 1499 
2782 1500 1619 1616 
2783 1616 1759 1500 
2784 1500 1841 1619 
2785 1500 1759 1664 
2786 1612 1831 1501 
2787 1501 1842 1612 
2788 1501 1760 1663 
2789 1501 1831 1760 
2790 1502 1830 1611 
2791 1611 1843 1502 
2792 1664 1761 1502 
2793 1761 1830 1502 
2794 1601 1605 1503 
2795 1503 1609 1601 
2796 1605 1750 1503 
2797 1503 1771 1609 
2798 1607 1684 1504 
2799 1504 1685 1607 
2800 1684 1755 1504 
2801 1504 1765 1685 
2802 1505 1686 1608 
2803 1608 1687 1505 
2804 1505 1754 1686 
2805 1687 1764 1505 
2806 1506 1606 1602 
2807 1602 1610 1506 
2808 1506 1751 1606 
2809 1610 1770 1506 
2810 1653 1654 1507 
2811 1654 1656 1507 
2812 1656 1668 1507 
2813 1508 1660 1659 
2814 1508 1661 1660 
2815 1508 1669 1661 
2816 1509 1667 1510 
2817 1525 1526 1509 
2818 1526 1667 1509 
2819 1510 1530 1529 
2820 1510 1588 1530 
2821 1510 1667 1588 
2822 1512 1665 1511 
2823 1511 1528 1527 
2824 1511 1665 1528 
2825 1533 1534 1512 
2826 1534 1587 1512 
2827 1587 1665 1512 
2828 1513 1537 1514 
2829 1513 1680 1537 
2830 1575 1680 1513 
2831 1537 1592 1514 
2832 1592 1594 1514 
2833 1594 1669 1514 
2834 1516 1538 1515 
2835 1538 1682 1515 
2836 1515 1682 1576 
2837 1516 1591 1538 
2838 1516 1593 1591 
2839 1516 1668 1593 
2840 1517 1554 1518 
2841 1517 1603 1554 
2842 1517 1840 1603 
2843 1554 1589 1518 
2844 1589 1647 1518 
2845 1647 1658 1518 
2846 1520 1553 1519 
2847 1553 1604 1519 
2848 1604 1841 1519 
2849 1520 1590 1553 
2850 1520 1649 1590 
2851 1520 1716 1649 
2852 1521 1614 1613 
2853 1521 1618 1614 
2854 1521 1846 1618 
2855 1615 1616 1522 
2856 1616 1617 1522 
2857 1617 1847 1522 
2858 1705 1748 1523 
2859 1523 1821 1705 
2860 1757 1821 1523 
2861 1523 1833 1757 
2862 1524 1822 1721 
2863 1756 1822 1524 
2864 1524 1832 1756 
2865 1525 1582 1526 
2866 1525 1658 1582 
2867 1651 1658 1525 
2868 1582 1597 1526 
2869 1597 1628 1526 
2870 1628 1667 1526 
2871 1528 1581 1527 
2872 1581 1716 1527 
2873 1527 1716 1652 
2874 1528 1598 1581 
2875 1528 1627 1598 
2876 1528 1665 1627 
2877 1530 1531 1529 
2878 1531 1725 1529 
2879 1529 1725 1645 
2880 1530 1532 1531 
2881 1530 1672 1532 
2882 1588 1672 1530 
2883 1532 1539 1531 
2884 1539 1621 1531 
2885 1621 1725 1531 
2886 1532 1540 1539 
2887 1532 1674 1540 
2888 1672 1674 1532 
2889 1533 1535 1534 
2890 1533 1726 1535 
2891 1646 1726 1533 
2892 1535 1536 1534 
2893 1536 1670 1534 
2894 1534 1670 1587 
2895 1535 1546 1536 
2896 1535 1622 1546 
2897 1535 1726 1622 
2898 1546 1547 1536 
2899 1547 1689 1536 
2900 1536 1689 1670 
2901 1537 1601 1592 
2902 1537 1605 1601 
2903 1537 1680 1605 
2904 1591 1602 1538 
2905 1602 1606 1538 
2906 1606 1682 1538 
2907 1540 1541 1539 
2908 1541 1731 1539 
2909 1539 1731 1621 
2910 1540 1542 1541 
2911 1540 1545 1542 
2912 1540 1674 1545 
2913 1542 1543 1541 
2914 1543 1694 1541 
2915 1694 1731 1541 
2916 1542 1544 1543 
2917 1542 1715 1544 
2918 1545 1715 1542 
2919 1544 1555 1543 
2920 1555 1595 1543 
2921 1595 1694 1543 
2922 1544 1556 1555 
2923 1544 1695 1556 
2924 1544 1715 1695 
2925 1674 1675 1545 
2926 1675 1676 1545 
2927 1676 1715 1545 
2928 1546 1548 1547 
2929 1546 1732 1548 
2930 1622 1732 1546 
2931 1548 1549 1547 
2932 1549 1552 1547 
2933 1552 1689 1547 
2934 1548 1550 1549 
2935 1548 1693 1550 
2936 1548 1732 1693 
2937 1550 1551 1549 
2938 1551 1692 1549 
2939 1549 1692 1552 
2940 1550 1562 1551 
2941 1550 1596 1562 
2942 1550 1693 1596 
2943 1562 1563 1551 
2944 1563 1714 1551 
2945 1551 1714 1692 
2946 1552 1690 1689 
2947 1552 1691 1690 
2948 1552 1692 1691 
2949 1590 1608 1553 
2950 1553 1686 1604 
2951 1608 1686 1553 
2952 1554 1607 1589 
2953 1603 1684 1554 
2954 1554 1684 1607 
2955 1556 1557 1555 
2956 1557 1744 1555 
2957 1555 1744 1595 
2958 1556 1558 1557 
2959 1556 1561 1558 
2960 1556 1695 1561 
2961 1558 1559 1557 
2962 1559 1707 1557 
2963 1707 1744 1557 
2964 1558 1560 1559 
2965 1558 1701 1560 
2966 1561 1701 1558 
2967 1560 1572 1559 
2968 1572 1599 1559 
2969 1599 1707 1559 
2970 1560 1573 1572 
2971 1560 1583 1573 
2972 1560 1701 1583 
2973 1695 1696 1561 
2974 1696 1697 1561 
2975 1697 1701 1561 
2976 1562 1564 1563 
2977 1562 1745 1564 
2978 1596 1745 1562 
2979 1564 1565 1563 
2980 1565 1568 1563 
2981 1568 1714 1563 
2982 1564 1566 1565 
2983 1564 1706 1566 
2984 1564 1745 1706 
2985 1566 1567 1565 
2986 1567 1698 1565 
2987 1565 1698 1568 
2988 1566 1569 1567 
2989 1566 1600 1569 
2990 1566 1706 1600 
2991 1569 1570 1567 
2992 1570 1585 1567 
2993 1585 1698 1567 
2994 1698 1699 1568 
2995 1699 1700 1568 
2996 1700 1714 1568 
2997 1569 1571 1570 
2998 1569 1752 1571 
2999 1600 1752 1569 
3000 1571 1702 1570 
3001 1570 1586 1585 
3002 1570 1702 1586 
3003 1571 1703 1702 
3004 1571 1705 1703 
3005 1571 1752 1705 
3006 1573 1574 1572 
3007 1574 1753 1572 
3008 1572 1753 1599 
3009 1573 1710 1574 
3010 1583 1584 1573 
3011 1584 1710 1573 
3012 1710 1711 1574 
3013 1711 1712 1574 
3014 1712 1753 1574 
3015 1575 1681 1680 
3016 1575 1760 1681 
3017 1575 1763 1760 
3018 1682 1683 1576 
3019 1683 1761 1576 
3020 1761 1762 1576 
3021 1719 1826 1577 
3022 1577 1826 1740 
3023 1740 1834 1577 
3024 1578 1827 1722 
3025 1741 1827 1578 
3026 1578 1835 1741 
3027 1613 1758 1579 
3028 1579 1844 1613 
3029 1758 1763 1579 
3030 1580 1759 1615 
3031 1615 1845 1580 
3032 1580 1762 1759 
3033 1598 1789 1581 
3034 1649 1716 1581 
3035 1581 1789 1649 
3036 1582 1788 1597 
3037 1582 1658 1647 
3038 1647 1788 1582 
3039 1583 1623 1584 
3040 1583 1772 1623 
3041 1701 1772 1583 
3042 1623 1766 1584 
3043 1584 1713 1710 
3044 1584 1766 1713 
3045 1586 1624 1585 
3046 1624 1773 1585 
3047 1585 1773 1698 
3048 1586 1767 1624 
3049 1702 1704 1586 
3050 1704 1767 1586 
3051 1587 1799 1665 
3052 1670 1671 1587 
3053 1671 1799 1587 
3054 1667 1798 1588 
3055 1588 1673 1672 
3056 1588 1798 1673 
3057 1607 1778 1589 
3058 1589 1648 1647 
3059 1589 1778 1648 
3060 1590 1779 1608 
3061 1649 1650 1590 
3062 1650 1779 1590 
3063 1593 1625 1591 
3064 1591 1808 1602 
3065 1625 1808 1591 
3066 1592 1626 1594 
3067 1601 1809 1592 
3068 1592 1809 1626 
3069 1593 1805 1625 
3070 1593 1668 1656 
3071 1656 1805 1593 
3072 1626 1812 1594 
3073 1661 1669 1594 
3074 1594 1812 1661 
3075 1595 1734 1694 
3076 1595 1738 1734 
3077 1595 1744 1738 
3078 1693 1733 1596 
3079 1733 1739 1596 
3080 1739 1745 1596 
3081 1597 1800 1628 
3082 1788 1807 1597 
3083 1597 1807 1800 
3084 1627 1801 1598 
3085 1598 1806 1789 
3086 1801 1806 1598 
3087 1599 1743 1707 
3088 1599 1747 1743 
3089 1706 1742 1600 
3090 1742 1746 1600 
3091 1609 1809 1601 
3092 1602 1808 1610 
3093 1620 1829 1603 
3094 1603 1840 1620 
3095 1603 1829 1684 
3096 1604 1828 1619 
3097 1619 1841 1604 
3098 1686 1828 1604 
3099 1680 1848 1605 
3100 1605 1848 1750 
3101 1606 1849 1682 
3102 1751 1849 1606 
3103 1685 1778 1607 
3104 1608 1779 1687 
3105 1771 1817 1609 
3106 1610 1818 1770 
3107 1611 1830 1737 
3108 1736 1831 1612 
3109 1614 1758 1613 
3110 1618 1620 1614 
3111 1615 1759 1616 
3112 1616 1619 1617 
3113 1619 1828 1617 
3114 1618 1829 1620 
3115 1621 1731 1727 
3116 1728 1732 1622 
3117 1623 1772 1768 
3118 1769 1773 1624 
3119 1625 1810 1808 
3120 1809 1811 1626 
3121 1665 1799 1627 
3122 1628 1798 1667 
3123 1630 1666 1629 
3124 1666 1717 1629 
3125 1631 1632 1630 
3126 1632 1633 1630 
3127 1633 1666 1630 
3128 1631 1640 1632 
3129 1631 1641 1640 
3130 1631 1659 1641 
3131 1632 1634 1633 
3132 1632 1677 1634 
3133 1640 1677 1632 
3134 1634 1635 1633 
3135 1635 1729 1633 
3136 1633 1729 1666 
3137 1634 1636 1635 
3138 1634 1637 1636 
3139 1634 1677 1637 
3140 1636 1638 1635 
3141 1638 1642 1635 
3142 1642 1729 1635 
3143 1637 1688 1636 
3144 1636 1639 1638 
3145 1636 1688 1639 
3146 1677 1678 1637 
3147 1678 1679 1637 
3148 1679 1688 1637 
3149 1639 1819 1638 
3150 1638 1643 1642 
3151 1638 1819 1643 
3152 1688 1823 1639 
3153 1639 1820 1819 
3154 1639 1823 1820 
3155 1641 1644 1640 
3156 1644 1794 1640 
3157 1640 1794 1677 
3158 1641 1803 1644 
3159 1659 1660 1641 
3160 1660 1803 1641 
3161 1643 1730 1642 
3162 1643 1735 1730 
3163 1643 1816 1735 
3164 1643 1819 1816 
3165 1644 1803 1797 
3166 1645 1725 1718 
3167 1720 1726 1646 
3168 1648 1788 1647 
3169 1649 1789 1650 
3170 1653 1655 1654 
3171 1653 1820 1655 
3172 1655 1802 1654 
3173 1654 1657 1656 
3174 1654 1802 1657 
3175 1709 1802 1655 
3176 1655 1823 1709 
3177 1820 1823 1655 
3178 1657 1805 1656 
3179 1804 1805 1657 
3180 1661 1662 1660 
3181 1662 1803 1660 
3182 1661 1812 1662 
3183 1812 1813 1662 
3184 1663 1763 1758 
3185 1760 1763 1663 
3186 1759 1762 1664 
3187 1664 1762 1761 
3188 1666 1724 1717 
3189 1666 1729 1724 
3190 1670 1790 1671 
3191 1689 1790 1670 
3192 1795 1799 1671 
3193 1673 1791 1672 
3194 1672 1791 1674 
3195 1673 1798 1796 
3196 1674 1791 1675 
3197 1675 1782 1676 
3198 1675 1786 1782 
3199 1675 1791 1786 
3200 1676 1780 1715 
3201 1677 1794 1678 
3202 1678 1784 1679 
3203 1678 1787 1784 
3204 1678 1794 1787 
3205 1679 1709 1688 
3206 1681 1848 1680 
3207 1681 1831 1736 
3208 1760 1831 1681 
3209 1682 1849 1683 
3210 1737 1830 1683 
3211 1683 1830 1761 
3212 1765 1814 1685 
3213 1687 1815 1764 
3214 1709 1823 1688 
3215 1690 1790 1689 
3216 1691 1783 1690 
3217 1783 1785 1690 
3218 1785 1790 1690 
3219 1692 1781 1691 
3220 1714 1781 1692 
3221 1695 1780 1696 
3222 1715 1780 1695 
3223 1696 1775 1697 
3224 1696 1776 1775 
3225 1696 1780 1776 
3226 1697 1772 1701 
3227 1698 1773 1699 
3228 1699 1774 1700 
3229 1700 1781 1714 
3230 1774 1777 1700 
3231 1777 1781 1700 
3232 1703 1824 1702 
3233 1702 1824 1704 
3234 1705 1821 1703 
3235 1703 1821 1723 
3236 1704 1824 1722 
3237 1722 1827 1704 
3238 1704 1827 1767 
3239 1708 1802 1709 
3240 1710 1825 1711 
3241 1713 1825 1710 
3242 1711 1822 1712 
3243 1721 1822 1711 
3244 1712 1756 1749 
3245 1712 1822 1756 
3246 1719 1825 1713 
3247 1713 1826 1719 
3248 1766 1826 1713 
3249 1723 1821 1757 
3250 1740 1826 1766 
3251 1767 1827 1741 
3252 1815 1839 1764 
3253 1765 1838 1814 
3254 1818 1837 1770 
3255 1771 1836 1817 
2 14 2 995
3256 64 2 2265 
3257 2 354 2265 
3258 4 82 2269 
3259 95 4 2269 
3260 6 100 1952 
3261 113 6 1865 
3262 1865 6 1871 
3263 1871 6 1952 
3264 8 118 1864 
3265 131 8 1951 
3266 8 1864 1870 
3267 8 1870 1951 
3268 10 136 2268 
3269 162 10 2268 
3270 12 180 2264 
3271 193 12 2264 
3272 14 198 2262 
3273 218 14 2262 
3274 16 230 1863 
3275 243 16 2042 
3276 16 1863 1872 
3277 16 1872 2272 
3278 2042 16 2272 
3279 18 248 2267 
3280 274 18 2267 
3281 20 292 2266 
3282 305 20 2266 
3283 22 310 2041 
3284 330 22 1862 
3285 1862 22 1869 
3286 1869 22 2273 
3287 22 2041 2273 
3288 24 342 2263 
3289 349 24 2263 
3290 65 64 2169 
3291 2169 64 2265 
3292 66 65 1911 
3293 1911 65 2169 
3294 67 66 2204 
3295 66 1911 2204 
3296 68 67 1880 
3297 1880 67 2204 
3298 69 68 2209 
3299 68 1880 2209 
3300 70 69 2212 
3301 69 2209 2212 
3302 71 70 1878 
3303 1878 70 2212 
3304 72 71 2219 
3305 71 1878 2219 
3306 73 72 2220 
3307 72 2219 2220 
3308 74 73 1874 
3309 1874 73 2220 
3310 75 74 2228 
3311 74 1874 2228 
3312 76 75 1896 
3313 1896 75 2228 
3314 77 76 2233 
3315 76 1896 2233 
3316 78 77 2237 
3317 77 2233 2237 
3318 79 78 1854 
3319 1854 78 2237 
3320 80 79 2227 
3321 79 1854 2227 
3322 81 80 1901 
3323 1901 80 2227 
3324 82 81 2246 
3325 81 1901 2246 
3326 82 2246 2269 
3327 96 95 2198 
3328 2198 95 2269 
3329 97 96 1935 
3330 1935 96 2198 
3331 98 97 2183 
3332 97 1935 2183 
3333 99 98 1852 
3334 1852 98 2183 
3335 100 99 2277 
3336 99 1852 2277 
3337 1952 100 2277 
3338 114 113 2148 
3339 113 1865 2148 
3340 115 114 2154 
3341 114 2148 2154 
3342 116 115 1868 
3343 1868 115 2154 
3344 117 116 2176 
3345 116 1868 2176 
3346 118 117 2187 
3347 117 2176 2187 
3348 1864 118 2187 
3349 132 131 2276 
3350 131 1951 2276 
3351 133 132 1851 
3352 1851 132 2276 
3353 134 133 2184 
3354 133 1851 2184 
3355 135 134 1934 
3356 1934 134 2184 
3357 136 135 2199 
3358 135 1934 2199 
3359 136 2199 2268 
3360 163 162 2245 
3361 2245 162 2268 
3362 164 163 1900 
3363 1900 163 2245 
3364 165 164 2226 
3365 164 1900 2226 
3366 166 165 1856 
3367 1856 165 2226 
3368 167 166 2238 
3369 166 1856 2238 
3370 168 167 2232 
3371 2232 167 2238 
3372 169 168 1895 
3373 1895 168 2232 
3374 170 169 2229 
3375 169 1895 2229 
3376 171 170 1873 
3377 1873 170 2229 
3378 172 171 2221 
3379 171 1873 2221 
3380 173 172 2218 
3381 2218 172 2221 
3382 174 173 1877 
3383 1877 173 2218 
3384 175 174 2211 
3385 174 1877 2211 
3386 176 175 2210 
3387 2210 175 2211 
3388 177 176 1879 
3389 1879 176 2210 
3390 178 177 2203 
3391 177 1879 2203 
3392 179 178 1912 
3393 1912 178 2203 
3394 180 179 2168 
3395 179 1912 2168 
3396 180 2168 2264 
3397 194 193 2007 
3398 2007 193 2264 
3399 195 194 2149 
3400 194 2007 2149 
3401 196 195 1891 
3402 1891 195 2149 
3403 197 196 2151 
3404 196 1891 2151 
3405 198 197 1954 
3406 1954 197 2151 
3407 198 1954 2262 
3408 219 218 2185 
3409 2185 218 2262 
3410 220 219 2178 
3411 2178 219 2185 
3412 221 220 1858 
3413 1858 220 2178 
3414 222 221 2175 
3415 221 1858 2175 
3416 223 222 2171 
3417 2171 222 2175 
3418 224 223 1860 
3419 1860 223 2171 
3420 225 224 2166 
3421 224 1860 2166 
3422 226 225 2162 
3423 2162 225 2166 
3424 227 226 1867 
3425 1867 226 2162 
3426 228 227 2158 
3427 227 1867 2158 
3428 229 228 1893 
3429 1893 228 2158 
3430 230 229 2147 
3431 229 1893 2147 
3432 1863 230 2147 
3433 244 243 2163 
3434 243 2042 2163 
3435 245 244 1850 
3436 1850 244 2163 
3437 246 245 2179 
3438 245 1850 2179 
3439 247 246 1933 
3440 1933 246 2179 
3441 248 247 2206 
3442 247 1933 2206 
3443 248 2206 2267 
3444 275 274 2248 
3445 2248 274 2267 
3446 276 275 1899 
3447 1899 275 2248 
3448 277 276 2244 
3449 276 1899 2244 
3450 278 277 1855 
3451 1855 277 2244 
3452 279 278 2239 
3453 278 1855 2239 
3454 280 279 1897 
3455 1897 279 2239 
3456 281 280 2140 
3457 280 1897 2140 
3458 282 281 1876 
3459 1876 281 2140 
3460 283 282 2194 
3461 282 1876 2194 
3462 284 283 2195 
3463 283 2194 2195 
3464 285 284 1875 
3465 1875 284 2195 
3466 286 285 2197 
3467 285 1875 2197 
3468 287 286 1898 
3469 1898 286 2197 
3470 288 287 2235 
3471 287 1898 2235 
3472 289 288 1857 
3473 1857 288 2235 
3474 290 289 2243 
3475 289 1857 2243 
3476 291 290 1902 
3477 1902 290 2243 
3478 292 291 2249 
3479 291 1902 2249 
3480 292 2249 2266 
3481 306 305 2205 
3482 2205 305 2266 
3483 307 306 1936 
3484 1936 306 2205 
3485 308 307 2180 
3486 307 1936 2180 
3487 309 308 1853 
3488 1853 308 2180 
3489 310 309 2164 
3490 309 1853 2164 
3491 2041 310 2164 
3492 331 330 2150 
3493 330 1862 2150 
3494 332 331 1894 
3495 1894 331 2150 
3496 333 332 2157 
3497 332 1894 2157 
3498 334 333 1866 
3499 1866 333 2157 
3500 335 334 2161 
3501 334 1866 2161 
3502 336 335 2165 
3503 335 2161 2165 
3504 337 336 1861 
3505 1861 336 2165 
3506 338 337 2170 
3507 337 1861 2170 
3508 339 338 2174 
3509 338 2170 2174 
3510 340 339 1859 
3511 1859 339 2174 
3512 341 340 2177 
3513 340 1859 2177 
3514 342 341 1953 
3515 1953 341 2177 
3516 342 1953 2263 
3517 350 349 2186 
3518 2186 349 2263 
3519 351 350 2153 
3520 2153 350 2186 
3521 352 351 1892 
3522 1892 351 2153 
3523 353 352 2152 
3524 352 1892 2152 
3525 354 353 2008 
3526 2008 353 2152 
3527 354 2008 2265 
3528 2112 1850 2163 
3529 1850 2112 2278 
3530 2179 1850 2278 
3531 1851 2048 2258 
3532 2048 1851 2276 
3533 1851 2115 2184 
3534 2115 1851 2258 
3535 2047 1852 2259 
3536 1852 2047 2277 
3537 2113 1852 2183 
3538 1852 2113 2259 
3539 1853 2110 2164 
3540 2110 1853 2279 
3541 1853 2180 2279 
3542 2082 1854 2222 
3543 1854 2082 2227 
3544 2222 1854 2237 
3545 1855 2056 2240 
3546 2056 1855 2244 
3547 2239 1855 2240 
3548 1856 2080 2223 
3549 2080 1856 2226 
3550 1856 2223 2238 
3551 2055 1857 2236 
3552 1857 2055 2243 
3553 1857 2235 2236 
3554 1858 2030 2175 
3555 2030 1858 2182 
3556 2131 1858 2178 
3557 1858 2131 2182 
3558 2029 1859 2174 
3559 1859 2029 2181 
3560 1859 2139 2177 
3561 2139 1859 2181 
3562 2134 1860 2171 
3563 1860 2134 2173 
3564 2166 1860 2173 
3565 1861 2135 2170 
3566 2135 1861 2172 
3567 1861 2165 2172 
3568 1862 1869 1884 
3569 1862 1884 2078 
3570 1862 2078 2150 
3571 1872 1863 1881 
3572 1881 1863 2077 
3573 2077 1863 2147 
3574 1870 1864 1889 
3575 1889 1864 2213 
3576 1864 2187 2213 
3577 1865 1871 1887 
3578 1865 1887 2059 
3579 1865 2059 2148 
3580 2121 1866 2159 
3581 1866 2121 2161 
3582 1866 2157 2159 
3583 1867 2122 2160 
3584 2122 1867 2162 
3585 2158 1867 2160 
3586 2074 1868 2167 
3587 1868 2074 2176 
3588 1868 2154 2167 
3589 1884 1869 1885 
3590 1885 1869 1886 
3591 1886 1869 2273 
3592 1870 1889 1890 
3593 1870 1890 2274 
3594 1951 1870 2043 
3595 2043 1870 2274 
3596 1887 1871 1888 
3597 1888 1871 2275 
3598 1871 1952 2045 
3599 1871 2045 2275 
3600 1872 1881 1882 
3601 1872 1882 1883 
3602 1872 1883 2272 
3603 1873 2103 2225 
3604 2103 1873 2229 
3605 2221 1873 2225 
3606 2105 1874 2224 
3607 1874 2105 2228 
3608 1874 2220 2224 
3609 2076 1875 2196 
3610 1875 2076 2197 
3611 1875 2195 2196 
3612 2072 1876 2141 
3613 1876 2072 2194 
3614 1876 2140 2141 
3615 1877 2108 2216 
3616 2108 1877 2218 
3617 2211 1877 2216 
3618 2119 1878 2217 
3619 1878 2119 2219 
3620 1878 2212 2217 
3621 1879 2125 2207 
3622 2125 1879 2210 
3623 2203 1879 2207 
3624 2127 1880 2208 
3625 1880 2127 2209 
3626 1880 2204 2208 
3627 1882 1881 1907 
3628 1907 1881 1908 
3629 1908 1881 2077 
3630 1883 1882 1903 
3631 1903 1882 2083 
3632 1882 1907 2083 
3633 1883 1903 1905 
3634 1883 1905 1931 
3635 1883 1931 2272 
3636 1884 1885 1909 
3637 1884 1909 1910 
3638 1884 1910 2078 
3639 1885 1886 1904 
3640 1885 1904 2084 
3641 1909 1885 2084 
3642 1904 1886 1906 
3643 1906 1886 1932 
3644 1932 1886 2273 
3645 1887 1888 1918 
3646 1887 1918 1920 
3647 1887 1920 2059 
3648 1918 1888 1919 
3649 1919 1888 1921 
3650 1921 1888 2275 
3651 1890 1889 1913 
3652 1913 1889 1915 
3653 1915 1889 2213 
3654 1890 1913 1914 
3655 1890 1914 1916 
3656 1890 1916 2274 
3657 1891 2130 2151 
3658 2130 1891 2255 
3659 1891 2149 2255 
3660 2137 1892 2153 
3661 1892 2137 2254 
3662 2152 1892 2254 
3663 1893 2052 2156 
3664 2052 1893 2158 
3665 2147 1893 2156 
3666 2051 1894 2155 
3667 1894 2051 2157 
3668 1894 2150 2155 
3669 1895 2058 2230 
3670 2058 1895 2232 
3671 2229 1895 2230 
3672 2057 1896 2231 
3673 1896 2057 2233 
3674 1896 2228 2231 
3675 1897 2094 2234 
3676 2094 1897 2239 
3677 2140 1897 2234 
3678 2092 1898 2202 
3679 1898 2092 2235 
3680 1898 2197 2202 
3681 1899 2039 2242 
3682 2039 1899 2248 
3683 1899 2242 2244 
3684 2080 1900 2214 
3685 1900 2080 2226 
3686 1900 2116 2214 
3687 2116 1900 2245 
3688 1901 2082 2215 
3689 2082 1901 2227 
3690 2114 1901 2215 
3691 1901 2114 2246 
3692 2040 1902 2241 
3693 1902 2040 2249 
3694 2241 1902 2243 
3695 1905 1903 1925 
3696 1925 1903 1926 
3697 1926 1903 2083 
3698 1904 1906 1928 
3699 1904 1928 1929 
3700 1904 1929 2084 
3701 1905 1925 1927 
3702 1905 1927 2097 
3703 1931 1905 2097 
3704 1928 1906 1930 
3705 1930 1906 2096 
3706 1906 1932 2096 
3707 1907 1908 1939 
3708 1907 1939 1955 
3709 1907 1955 2083 
3710 1939 1908 1940 
3711 1940 1908 1963 
3712 1963 1908 2077 
3713 1910 1909 1941 
3714 1941 1909 1957 
3715 1957 1909 2084 
3716 1910 1941 1942 
3717 1910 1942 1959 
3718 1910 1959 2078 
3719 2054 1911 2201 
3720 1911 2054 2204 
3721 1911 2169 2201 
3722 1912 2053 2200 
3723 2053 1912 2203 
3724 2168 1912 2200 
3725 1914 1913 1937 
3726 1913 1915 2085 
3727 1937 1913 2085 
3728 1916 1914 1917 
3729 1917 1914 2100 
3730 1914 1937 2100 
3731 2085 1915 2088 
3732 2088 1915 2247 
3733 1915 2213 2247 
3734 1916 1917 1924 
3735 1916 1924 2009 
3736 1916 2009 2274 
3737 1924 1917 1943 
3738 1943 1917 1944 
3739 1944 1917 2100 
3740 1918 1919 1938 
3741 1920 1918 2089 
3742 1918 1938 2089 
3743 1919 1921 1922 
3744 1919 1922 2101 
3745 1938 1919 2101 
3746 2059 1920 2060 
3747 2060 1920 2061 
3748 2061 1920 2089 
3749 1922 1921 1923 
3750 1923 1921 2010 
3751 2010 1921 2275 
3752 1922 1923 1945 
3753 1922 1945 1946 
3754 1922 1946 2101 
3755 1945 1923 2006 
3756 2006 1923 2192 
3757 1923 2010 2192 
3758 1924 1943 2005 
3759 1924 2005 2193 
3760 2009 1924 2193 
3761 1925 1926 1947 
3762 1927 1925 2271 
3763 1925 1947 2271 
3764 1947 1926 1948 
3765 1948 1926 2095 
3766 1926 2083 2095 
3767 2044 1927 2050 
3768 1927 2044 2188 
3769 2050 1927 2271 
3770 2097 1927 2188 
3771 1929 1928 1949 
3772 1928 1930 2270 
3773 1949 1928 2270 
3774 1929 1949 1950 
3775 1929 1950 2145 
3776 2084 1929 2145 
3777 1930 2046 2049 
3778 2046 1930 2189 
3779 1930 2049 2270 
3780 1930 2096 2189 
3781 2042 1931 2261 
3782 1931 2042 2272 
3783 1931 2097 2190 
3784 1931 2190 2261 
3785 1932 2041 2260 
3786 2041 1932 2273 
3787 2096 1932 2191 
3788 2191 1932 2260 
3789 2031 1933 2035 
3790 1933 2031 2039 
3791 2035 1933 2179 
3792 1933 2039 2206 
3793 2037 1934 2115 
3794 1934 2037 2116 
3795 2115 1934 2184 
3796 1934 2116 2199 
3797 1935 2038 2113 
3798 2038 1935 2114 
3799 1935 2113 2183 
3800 2114 1935 2198 
3801 1936 2032 2036 
3802 2032 1936 2040 
3803 1936 2036 2180 
3804 2040 1936 2205 
3805 1937 2085 2086 
3806 1937 2086 2093 
3807 1937 2093 2100 
3808 2089 1938 2090 
3809 2090 1938 2091 
3810 2091 1938 2101 
3811 1939 1940 2098 
3812 1955 1939 1956 
3813 1956 1939 2098 
3814 1940 1963 1964 
3815 1940 1964 2017 
3816 1940 2017 2098 
3817 1942 1941 2099 
3818 1941 1957 1958 
3819 1941 1958 2099 
3820 1959 1942 1960 
3821 1960 1942 2018 
3822 2018 1942 2099 
3823 1943 1944 1968 
3824 1943 1968 2111 
3825 2005 1943 2111 
3826 1968 1944 2021 
3827 2021 1944 2023 
3828 2023 1944 2100 
3829 1946 1945 1967 
3830 1967 1945 2109 
3831 1945 2006 2109 
3832 1946 1967 2022 
3833 1946 2022 2024 
3834 1946 2024 2101 
3835 1947 1948 1984 
3836 1947 1984 2034 
3837 1947 2034 2271 
3838 1984 1948 2019 
3839 2019 1948 2079 
3840 2079 1948 2095 
3841 1950 1949 1983 
3842 1983 1949 2033 
3843 2033 1949 2270 
3844 1950 1983 2020 
3845 1950 2020 2081 
3846 1950 2081 2145 
3847 1951 2043 2044 
3848 1951 2044 2048 
3849 1951 2048 2276 
3850 2045 1952 2046 
3851 2046 1952 2047 
3852 2047 1952 2277 
3853 2139 1953 2177 
3854 1953 2139 2250 
3855 2186 1953 2250 
3856 1953 2186 2263 
3857 1954 2151 2252 
3858 2185 1954 2252 
3859 1954 2185 2262 
3860 1955 1956 2012 
3861 1955 2012 2095 
3862 2083 1955 2095 
3863 2012 1956 2027 
3864 2027 1956 2058 
3865 2058 1956 2098 
3866 1958 1957 2011 
3867 2011 1957 2145 
3868 1957 2084 2145 
3869 1958 2011 2028 
3870 1958 2028 2057 
3871 1958 2057 2099 
3872 1959 1960 1961 
3873 1959 1961 2155 
3874 2078 1959 2155 
3875 1961 1960 1962 
3876 1962 1960 2104 
3877 1960 2018 2104 
3878 1961 1962 1969 
3879 1961 1969 2051 
3880 1961 2051 2155 
3881 1969 1962 1970 
3882 1970 1962 2117 
3883 1962 2104 2117 
3884 1964 1963 1965 
3885 1965 1963 2156 
3886 1963 2077 2156 
3887 1964 1965 1966 
3888 1964 1966 2102 
3889 2017 1964 2102 
3890 1966 1965 1976 
3891 1976 1965 2052 
3892 2052 1965 2156 
3893 1966 1976 1977 
3894 1966 1977 2106 
3895 2102 1966 2106 
3896 2022 1967 2032 
3897 2032 1967 2036 
3898 2036 1967 2109 
3899 1968 2021 2031 
3900 1968 2031 2035 
3901 1968 2035 2111 
3902 1969 1970 1971 
3903 1969 1971 2159 
3904 2051 1969 2159 
3905 1971 1970 1972 
3906 1972 1970 1975 
3907 1975 1970 2117 
3908 1971 1972 1973 
3909 1971 1973 2121 
3910 1971 2121 2159 
3911 1973 1972 1974 
3912 1974 1972 2120 
3913 1972 1975 2120 
3914 1973 1974 1985 
3915 1973 1985 2026 
3916 1973 2026 2121 
3917 1985 1974 1986 
3918 1986 1974 2142 
3919 1974 2120 2142 
3920 1975 2117 2118 
3921 1975 2118 2119 
3922 1975 2119 2120 
3923 1977 1976 1978 
3924 1978 1976 2160 
3925 1976 2052 2160 
3926 1977 1978 1979 
3927 1977 1979 1982 
3928 1977 1982 2106 
3929 1979 1978 1980 
3930 1980 1978 2122 
3931 2122 1978 2160 
3932 1979 1980 1981 
3933 1979 1981 2143 
3934 1982 1979 2143 
3935 1981 1980 1992 
3936 1992 1980 2025 
3937 2025 1980 2122 
3938 1981 1992 1993 
3939 1981 1993 2123 
3940 1981 2123 2143 
3941 2106 1982 2107 
3942 2107 1982 2108 
3943 2108 1982 2143 
3944 2020 1983 2038 
3945 1983 2033 2113 
3946 2038 1983 2113 
3947 1984 2019 2037 
3948 2034 1984 2115 
3949 1984 2037 2115 
3950 1985 1986 1987 
3951 1985 1987 2172 
3952 2026 1985 2172 
3953 1987 1986 1988 
3954 1988 1986 1991 
3955 1991 1986 2142 
3956 1987 1988 1989 
3957 1987 1989 2135 
3958 1987 2135 2172 
3959 1989 1988 1990 
3960 1990 1988 2126 
3961 1988 1991 2126 
3962 1989 1990 1999 
3963 1989 1999 2029 
3964 1989 2029 2135 
3965 1999 1990 2000 
3966 2000 1990 2015 
3967 2015 1990 2126 
3968 2126 1991 2127 
3969 2127 1991 2128 
3970 2128 1991 2142 
3971 1993 1992 1994 
3972 1994 1992 2173 
3973 1992 2025 2173 
3974 1993 1994 1995 
3975 1993 1995 1998 
3976 1993 1998 2123 
3977 1995 1994 1996 
3978 1996 1994 2134 
3979 2134 1994 2173 
3980 1995 1996 1997 
3981 1995 1997 2133 
3982 1998 1995 2133 
3983 1997 1996 2002 
3984 2002 1996 2030 
3985 2030 1996 2134 
3986 1997 2002 2003 
3987 1997 2003 2013 
3988 1997 2013 2133 
3989 2123 1998 2124 
3990 2124 1998 2125 
3991 2125 1998 2133 
3992 1999 2000 2001 
3993 1999 2001 2181 
3994 2029 1999 2181 
3995 2001 2000 2136 
3996 2000 2015 2016 
3997 2000 2016 2136 
3998 2001 2136 2137 
3999 2001 2137 2139 
4000 2001 2139 2181 
4001 2003 2002 2004 
4002 2004 2002 2182 
4003 2002 2030 2182 
4004 2003 2004 2129 
4005 2013 2003 2014 
4006 2014 2003 2129 
4007 2129 2004 2130 
4008 2130 2004 2131 
4009 2131 2004 2182 
4010 2005 2111 2112 
4011 2005 2112 2190 
4012 2005 2190 2193 
4013 2109 2006 2110 
4014 2110 2006 2191 
4015 2191 2006 2192 
4016 2149 2007 2256 
4017 2007 2168 2256 
4018 2168 2007 2264 
4019 2008 2152 2257 
4020 2169 2008 2257 
4021 2008 2169 2265 
4022 2043 2009 2188 
4023 2009 2043 2274 
4024 2188 2009 2193 
4025 2010 2045 2189 
4026 2045 2010 2275 
4027 2010 2189 2192 
4028 2028 2011 2222 
4029 2081 2011 2145 
4030 2011 2081 2222 
4031 2012 2027 2223 
4032 2012 2079 2095 
4033 2079 2012 2223 
4034 2013 2014 2053 
4035 2013 2053 2207 
4036 2133 2013 2207 
4037 2053 2014 2200 
4038 2014 2129 2132 
4039 2014 2132 2200 
4040 2016 2015 2054 
4041 2054 2015 2208 
4042 2015 2126 2208 
4043 2016 2054 2201 
4044 2136 2016 2138 
4045 2138 2016 2201 
4046 2098 2017 2230 
4047 2017 2102 2103 
4048 2017 2103 2230 
4049 2018 2099 2231 
4050 2104 2018 2105 
4051 2105 2018 2231 
4052 2037 2019 2214 
4053 2019 2079 2080 
4054 2019 2080 2214 
4055 2020 2038 2215 
4056 2081 2020 2082 
4057 2082 2020 2215 
4058 2021 2023 2056 
4059 2031 2021 2242 
4060 2021 2056 2242 
4061 2024 2022 2055 
4062 2022 2032 2241 
4063 2055 2022 2241 
4064 2056 2023 2240 
4065 2093 2023 2100 
4066 2023 2093 2240 
4067 2024 2055 2236 
4068 2024 2091 2101 
4069 2091 2024 2236 
4070 2025 2122 2162 
4071 2025 2162 2166 
4072 2025 2166 2173 
4073 2121 2026 2161 
4074 2161 2026 2165 
4075 2165 2026 2172 
4076 2027 2058 2232 
4077 2223 2027 2238 
4078 2027 2232 2238 
4079 2057 2028 2233 
4080 2028 2222 2237 
4081 2233 2028 2237 
4082 2135 2029 2170 
4083 2170 2029 2174 
4084 2030 2134 2171 
4085 2030 2171 2175 
4086 2039 2031 2242 
4087 2032 2040 2241 
4088 2033 2049 2259 
4089 2049 2033 2270 
4090 2113 2033 2259 
4091 2050 2034 2258 
4092 2034 2050 2271 
4093 2034 2115 2258 
4094 2111 2035 2278 
4095 2035 2179 2278 
4096 2036 2109 2279 
4097 2180 2036 2279 
4098 2116 2037 2214 
4099 2038 2114 2215 
4100 2206 2039 2248 
4101 2040 2205 2249 
4102 2041 2164 2260 
4103 2163 2042 2261 
4104 2044 2043 2188 
4105 2048 2044 2050 
4106 2045 2046 2189 
4107 2046 2047 2049 
4108 2049 2047 2259 
4109 2048 2050 2258 
4110 2157 2051 2159 
4111 2052 2158 2160 
4112 2053 2203 2207 
4113 2204 2054 2208 
4114 2055 2241 2243 
4115 2242 2056 2244 
4116 2099 2057 2231 
4117 2058 2098 2230 
4118 2059 2060 2146 
4119 2059 2146 2148 
4120 2060 2061 2062 
4121 2060 2062 2063 
4122 2060 2063 2146 
4123 2062 2061 2070 
4124 2070 2061 2071 
4125 2071 2061 2089 
4126 2063 2062 2064 
4127 2064 2062 2144 
4128 2062 2070 2144 
4129 2063 2064 2065 
4130 2063 2065 2167 
4131 2146 2063 2167 
4132 2065 2064 2066 
4133 2066 2064 2067 
4134 2067 2064 2144 
4135 2065 2066 2069 
4136 2065 2069 2074 
4137 2065 2074 2167 
4138 2066 2067 2068 
4139 2066 2068 2251 
4140 2069 2066 2251 
4141 2068 2067 2072 
4142 2072 2067 2073 
4143 2073 2067 2144 
4144 2068 2072 2141 
4145 2068 2141 2253 
4146 2251 2068 2253 
4147 2074 2069 2075 
4148 2075 2069 2247 
4149 2247 2069 2251 
4150 2070 2071 2076 
4151 2070 2076 2196 
4152 2144 2070 2196 
4153 2076 2071 2202 
4154 2071 2089 2090 
4155 2071 2090 2202 
4156 2072 2073 2194 
4157 2073 2144 2196 
4158 2194 2073 2195 
4159 2195 2073 2196 
4160 2074 2075 2176 
4161 2176 2075 2187 
4162 2187 2075 2213 
4163 2213 2075 2247 
4164 2197 2076 2202 
4165 2077 2147 2156 
4166 2150 2078 2155 
4167 2080 2079 2223 
4168 2081 2082 2222 
4169 2086 2085 2087 
4170 2087 2085 2088 
4171 2086 2087 2234 
4172 2093 2086 2094 
4173 2094 2086 2234 
4174 2087 2088 2253 
4175 2087 2141 2234 
4176 2141 2087 2253 
4177 2088 2247 2251 
4178 2088 2251 2253 
4179 2090 2091 2092 
4180 2090 2092 2202 
4181 2092 2091 2236 
4182 2235 2092 2236 
4183 2093 2094 2240 
4184 2094 2239 2240 
4185 2189 2096 2192 
4186 2096 2191 2192 
4187 2097 2188 2193 
4188 2190 2097 2193 
4189 2103 2102 2225 
4190 2102 2106 2225 
4191 2103 2229 2230 
4192 2104 2105 2224 
4193 2117 2104 2224 
4194 2228 2105 2231 
4195 2106 2107 2225 
4196 2107 2108 2218 
4197 2107 2218 2221 
4198 2107 2221 2225 
4199 2108 2143 2216 
4200 2109 2110 2279 
4201 2164 2110 2260 
4202 2110 2191 2260 
4203 2112 2111 2278 
4204 2112 2163 2261 
4205 2190 2112 2261 
4206 2114 2198 2246 
4207 2199 2116 2245 
4208 2118 2117 2224 
4209 2119 2118 2219 
4210 2219 2118 2220 
4211 2220 2118 2224 
4212 2120 2119 2217 
4213 2142 2120 2217 
4214 2123 2124 2216 
4215 2143 2123 2216 
4216 2124 2125 2210 
4217 2124 2210 2211 
4218 2124 2211 2216 
4219 2125 2133 2207 
4220 2126 2127 2208 
4221 2127 2128 2209 
4222 2128 2142 2217 
4223 2209 2128 2212 
4224 2212 2128 2217 
4225 2129 2130 2255 
4226 2132 2129 2255 
4227 2130 2131 2252 
4228 2151 2130 2252 
4229 2131 2178 2185 
4230 2131 2185 2252 
4231 2149 2132 2255 
4232 2132 2149 2256 
4233 2200 2132 2256 
4234 2137 2136 2254 
4235 2136 2138 2254 
4236 2139 2137 2250 
4237 2137 2153 2250 
4238 2138 2152 2254 
4239 2152 2138 2257 
4240 2138 2201 2257 
4241 2141 2140 2234 
4242 2148 2146 2154 
4243 2154 2146 2167 
4244 2153 2186 2250 
4245 2168 2200 2256 
4246 2201 2169 2257 
4247 2246 2198 2269 
4248 2199 2245 2268 
4249 2249 2205 2266 
4250 2206 2248 2267 
2 15 2 51
4251 137 11 2292 
4252 11 358 2292 
4253 12 142 2293 
4254 361 12 2293 
4255 25 355 2295 
4256 360 25 2295 
4257 357 26 2296 
4258 26 363 2296 
4259 138 137 2284 
4260 2284 137 2292 
4261 139 138 2294 
4262 138 2284 2294 
4263 140 139 2280 
4264 2280 139 2294 
4265 141 140 2280 
4266 142 141 2283 
4267 141 2280 2283 
4268 142 2283 2293 
4269 355 356 2282 
4270 355 2282 2295 
4271 356 357 2286 
4272 2282 356 2286 
4273 2286 357 2296 
4274 358 359 2290 
4275 358 2290 2292 
4276 359 360 2287 
4277 359 2287 2290 
4278 2287 360 2295 
4279 362 361 2291 
4280 2291 361 2293 
4281 363 362 2281 
4282 2281 362 2291 
4283 363 2281 2296 
4284 2283 2280 2288 
4285 2280 2285 2288 
4286 2285 2280 2294 
4287 2286 2281 2289 
4288 2281 2286 2296 
4289 2281 2288 2289 
4290 2288 2281 2291 
4291 2282 2286 2289 
4292 2287 2282 2289 
4293 2282 2287 2295 
4294 2283 2288 2291 
4295 2283 2291 2293 
4296 2285 2284 2290 
4297 2284 2285 2294 
4298 2290 2284 2292 
4299 2285 2287 2289 
4300 2287 2285 2290 
4301 2288 2285 2289 
2 16 2 200
4302 355 25 2368 
4303 25 367 2368 
4304 26 357 2366 
4305 390 26 2366 
4306 27 364 2367 
4307 389 27 2367 
4308 366 28 2369 
4309 28 412 2369 
4310 356 355 2363 
4311 2363 355 2368 
4312 357 356 2315 
4313 2315 356 2363 
4314 357 2315 2366 
4315 364 365 2362 
4316 364 2362 2367 
4317 365 366 2314 
4318 365 2314 2362 
4319 2314 366 2369 
4320 367 368 2309 
4321 367 2309 2368 
4322 368 369 2322 
4323 2309 368 2322 
4324 369 370 2311 
4325 369 2311 2322 
4326 370 371 2339 
4327 2311 370 2339 
4328 371 372 2340 
4329 2339 371 2340 
4330 372 373 2300 
4331 372 2300 2340 
4332 373 374 2332 
4333 2300 373 2332 
4334 374 375 2321 
4335 374 2321 2332 
4336 375 376 2312 
4337 375 2312 2321 
4338 376 377 2323 
4339 2312 376 2323 
4340 377 378 2317 
4341 377 2317 2323 
4342 378 379 2328 
4343 2317 378 2328 
4344 379 380 2306 
4345 379 2306 2328 
4346 380 381 2330 
4347 2306 380 2330 
4348 381 382 2302 
4349 381 2302 2330 
4350 382 383 2334 
4351 2302 382 2334 
4352 383 384 2299 
4353 383 2299 2334 
4354 384 385 2335 
4355 2299 384 2335 
4356 385 386 2297 
4357 385 2297 2335 
4358 386 387 2318 
4359 2297 386 2318 
4360 387 388 2337 
4361 2318 387 2337 
4362 388 389 2307 
4363 388 2307 2337 
4364 2307 389 2367 
4365 391 390 2364 
4366 2364 390 2366 
4367 392 391 2303 
4368 2303 391 2364 
4369 393 392 2331 
4370 392 2303 2331 
4371 394 393 2304 
4372 2304 393 2331 
4373 395 394 2326 
4374 394 2304 2326 
4375 396 395 2316 
4376 2316 395 2326 
4377 397 396 2333 
4378 396 2316 2333 
4379 398 397 2301 
4380 2301 397 2333 
4381 399 398 2324 
4382 398 2301 2324 
4383 400 399 2320 
4384 2320 399 2324 
4385 401 400 2305 
4386 2305 400 2320 
4387 402 401 2342 
4388 401 2305 2342 
4389 403 402 2341 
4390 2341 402 2342 
4391 404 403 2313 
4392 2313 403 2341 
4393 405 404 2336 
4394 404 2313 2336 
4395 406 405 2310 
4396 2310 405 2336 
4397 407 406 2325 
4398 406 2310 2325 
4399 408 407 2308 
4400 2308 407 2325 
4401 409 408 2343 
4402 408 2308 2343 
4403 410 409 2338 
4404 2338 409 2343 
4405 411 410 2298 
4406 2298 410 2338 
4407 412 411 2365 
4408 411 2298 2365 
4409 412 2365 2369 
4410 2297 2318 2319 
4411 2297 2319 2345 
4412 2335 2297 2345 
4413 2298 2338 2349 
4414 2298 2349 2355 
4415 2298 2355 2365 
4416 2334 2299 2350 
4417 2299 2335 2352 
4418 2350 2299 2352 
4419 2300 2332 2353 
4420 2340 2300 2344 
4421 2344 2300 2353 
4422 2324 2301 2357 
4423 2301 2333 2351 
4424 2301 2351 2357 
4425 2330 2302 2354 
4426 2302 2334 2361 
4427 2354 2302 2361 
4428 2331 2303 2359 
4429 2303 2356 2359 
4430 2356 2303 2364 
4431 2326 2304 2327 
4432 2327 2304 2346 
4433 2304 2331 2346 
4434 2305 2320 2358 
4435 2342 2305 2347 
4436 2347 2305 2358 
4437 2328 2306 2329 
4438 2329 2306 2348 
4439 2306 2330 2348 
4440 2337 2307 2355 
4441 2355 2307 2362 
4442 2362 2307 2367 
4443 2308 2325 2352 
4444 2343 2308 2345 
4445 2345 2308 2352 
4446 2309 2322 2356 
4447 2309 2356 2363 
4448 2309 2363 2368 
4449 2325 2310 2350 
4450 2310 2336 2361 
4451 2350 2310 2361 
4452 2322 2311 2359 
4453 2311 2339 2346 
4454 2311 2346 2359 
4455 2321 2312 2357 
4456 2312 2323 2360 
4457 2357 2312 2360 
4458 2336 2313 2354 
4459 2313 2341 2348 
4460 2313 2348 2354 
4461 2314 2355 2362 
4462 2355 2314 2365 
4463 2365 2314 2369 
4464 2356 2315 2363 
4465 2315 2356 2364 
4466 2315 2364 2366 
4467 2316 2326 2344 
4468 2333 2316 2353 
4469 2316 2344 2353 
4470 2323 2317 2358 
4471 2317 2328 2347 
4472 2317 2347 2358 
4473 2319 2318 2349 
4474 2318 2337 2349 
4475 2319 2338 2343 
4476 2338 2319 2349 
4477 2319 2343 2345 
4478 2320 2324 2360 
4479 2358 2320 2360 
4480 2332 2321 2351 
4481 2351 2321 2357 
4482 2356 2322 2359 
4483 2323 2358 2360 
4484 2324 2357 2360 
4485 2325 2350 2352 
4486 2326 2327 2344 
4487 2327 2339 2340 
4488 2339 2327 2346 
4489 2327 2340 2344 
4490 2328 2329 2347 
4491 2329 2341 2342 
4492 2341 2329 2348 
4493 2329 2342 2347 
4494 2348 2330 2354 
4495 2346 2331 2359 
4496 2332 2351 2353 
4497 2351 2333 2353 
4498 2334 2350 2361 
4499 2335 2345 2352 
4500 2336 2354 2361 
4501 2349 2337 2355 
2 17 2 49
4502 1 33 2381 
4503 415 1 2381 
4504 38 2 2382 
4505 2 418 2382 
4506 364 27 2384 
4507 27 413 2384 
4508 28 366 2385 
4509 416 28 2385 
4510 33 34 2374 
4511 33 2374 2381 
4512 34 35 2370 
4513 34 2370 2374 
4514 35 36 2370 
4515 36 37 2383 
4516 2370 36 2383 
4517 37 38 2373 
4518 37 2373 2383 
4519 2373 38 2382 
4520 365 364 2372 
4521 2372 364 2384 
4522 366 365 2376 
4523 365 2372 2376 
4524 366 2376 2385 
4525 413 414 2377 
4526 413 2377 2384 
4527 414 415 2374 
4528 414 2374 2375 
4529 414 2375 2377 
4530 2374 415 2381 
4531 417 416 2371 
4532 2371 416 2385 
4533 418 417 2380 
4534 417 2371 2380 
4535 418 2380 2382 
4536 2374 2370 2375 
4537 2375 2370 2378 
4538 2378 2370 2383 
4539 2371 2376 2379 
4540 2376 2371 2385 
4541 2378 2371 2379 
4542 2371 2378 2380 
4543 2376 2372 2379 
4544 2372 2377 2379 
4545 2377 2372 2384 
4546 2378 2373 2380 
4547 2373 2378 2383 
4548 2380 2373 2382 
4549 2377 2375 2379 
4550 2375 2378 2379 
2 18 2 305
4551 45 1 2487 
4552 1 415 2487 
4553 3 63 2392 
4554 89 3 2387 
4555 2387 3 2430 
4556 3 2392 2430 
4557 5 94 2492 
4558 107 5 2492 
4559 7 112 2491 
4560 125 7 2491 
4561 9 130 2473 
4562 143 9 2393 
4563 2393 9 2399 
4564 2399 9 2473 
4565 11 161 2486 
4566 358 11 2486 
4567 25 360 2471 
4568 367 25 2471 
4569 27 389 2472 
4570 413 27 2472 
4571 46 45 2481 
4572 2481 45 2487 
4573 47 46 2402 
4574 2402 46 2481 
4575 48 47 2480 
4576 47 2402 2480 
4577 49 48 2396 
4578 2396 48 2480 
4579 50 49 2479 
4580 49 2396 2479 
4581 51 50 2404 
4582 2404 50 2479 
4583 52 51 2404 
4584 53 52 2394 
4585 2394 52 2404 
4586 54 53 2477 
4587 53 2394 2477 
4588 55 54 2408 
4589 2408 54 2477 
4590 56 55 2408 
4591 57 56 2390 
4592 2390 56 2408 
4593 58 57 2390 
4594 59 58 2407 
4595 58 2390 2407 
4596 60 59 2407 
4597 61 60 2388 
4598 2388 60 2407 
4599 62 61 2469 
4600 61 2388 2469 
4601 63 62 2469 
4602 2392 63 2469 
4603 90 89 2485 
4604 89 2387 2485 
4605 91 90 2484 
4606 2484 90 2485 
4607 92 91 2386 
4608 2386 91 2484 
4609 93 92 2386 
4610 94 93 2411 
4611 93 2386 2411 
4612 94 2411 2492 
4613 108 107 2411 
4614 2411 107 2492 
4615 109 108 2425 
4616 108 2411 2425 
4617 110 109 2425 
4618 111 110 2398 
4619 2398 110 2425 
4620 112 111 2443 
4621 111 2398 2443 
4622 112 2443 2491 
4623 126 125 2443 
4624 2443 125 2491 
4625 127 126 2483 
4626 126 2443 2483 
4627 128 127 2409 
4628 2409 127 2483 
4629 129 128 2409 
4630 130 129 2400 
4631 2400 129 2409 
4632 130 2400 2473 
4633 144 143 2466 
4634 143 2393 2466 
4635 145 144 2466 
4636 146 145 2389 
4637 2389 145 2466 
4638 147 146 2475 
4639 146 2389 2475 
4640 148 147 2405 
4641 2405 147 2475 
4642 149 148 2476 
4643 148 2405 2476 
4644 150 149 2391 
4645 2391 149 2476 
4646 151 150 2478 
4647 150 2391 2478 
4648 152 151 2406 
4649 2406 151 2478 
4650 153 152 2406 
4651 154 153 2395 
4652 2395 153 2406 
4653 155 154 2474 
4654 154 2395 2474 
4655 156 155 2403 
4656 2403 155 2474 
4657 157 156 2403 
4658 158 157 2397 
4659 2397 157 2403 
4660 159 158 2397 
4661 160 159 2401 
4662 159 2397 2401 
4663 161 160 2401 
4664 161 2401 2486 
4665 359 358 2457 
4666 2457 358 2486 
4667 360 359 2415 
4668 2415 359 2457 
4669 360 2415 2471 
4670 368 367 2460 
4671 2460 367 2471 
4672 369 368 2417 
4673 2417 368 2460 
4674 370 369 2449 
4675 369 2417 2449 
4676 371 370 2419 
4677 2419 370 2449 
4678 372 371 2447 
4679 371 2419 2447 
4680 373 372 2421 
4681 2421 372 2447 
4682 374 373 2455 
4683 373 2421 2455 
4684 375 374 2441 
4685 2441 374 2455 
4686 376 375 2413 
4687 2413 375 2441 
4688 377 376 2440 
4689 376 2413 2440 
4690 378 377 2463 
4691 377 2440 2463 
4692 379 378 2410 
4693 2410 378 2463 
4694 380 379 2458 
4695 379 2410 2458 
4696 381 380 2412 
4697 2412 380 2458 
4698 382 381 2442 
4699 381 2412 2442 
4700 383 382 2454 
4701 382 2442 2454 
4702 384 383 2420 
4703 2420 383 2454 
4704 385 384 2451 
4705 384 2420 2451 
4706 386 385 2418 
4707 2418 385 2451 
4708 387 386 2453 
4709 386 2418 2453 
4710 388 387 2416 
4711 2416 387 2453 
4712 389 388 2461 
4713 388 2416 2461 
4714 389 2461 2472 
4715 414 413 2414 
4716 2414 413 2472 
4717 415 414 2456 
4718 414 2414 2456 
4719 415 2456 2487 
4720 2411 2386 2488 
4721 2462 2386 2484 
4722 2386 2462 2488 
4723 2387 2430 2432 
4724 2387 2432 2462 
4725 2387 2462 2485 
4726 2388 2407 2423 
4727 2388 2423 2435 
4728 2388 2435 2469 
4729 2422 2389 2434 
4730 2389 2422 2475 
4731 2434 2389 2466 
4732 2407 2390 2450 
4733 2390 2408 2429 
4734 2390 2429 2450 
4735 2428 2391 2446 
4736 2391 2428 2478 
4737 2446 2391 2476 
4738 2430 2392 2431 
4739 2431 2392 2469 
4740 2393 2399 2436 
4741 2393 2436 2466 
4742 2394 2404 2427 
4743 2394 2427 2452 
4744 2394 2452 2477 
4745 2395 2406 2448 
4746 2426 2395 2448 
4747 2395 2426 2474 
4748 2396 2437 2445 
4749 2437 2396 2480 
4750 2396 2445 2479 
4751 2401 2397 2438 
4752 2397 2403 2444 
4753 2438 2397 2444 
4754 2398 2425 2459 
4755 2443 2398 2483 
4756 2398 2459 2483 
4757 2436 2399 2439 
4758 2439 2399 2470 
4759 2470 2399 2473 
4760 2400 2409 2424 
4761 2400 2424 2464 
4762 2400 2464 2473 
4763 2401 2438 2457 
4764 2401 2457 2486 
4765 2437 2402 2456 
4766 2402 2437 2480 
4767 2456 2402 2481 
4768 2403 2426 2444 
4769 2426 2403 2474 
4770 2427 2404 2445 
4771 2445 2404 2479 
4772 2405 2422 2446 
4773 2422 2405 2475 
4774 2405 2446 2476 
4775 2406 2428 2448 
4776 2428 2406 2478 
4777 2423 2407 2450 
4778 2429 2408 2452 
4779 2452 2408 2477 
4780 2424 2409 2459 
4781 2459 2409 2483 
4782 2458 2410 2465 
4783 2410 2463 2467 
4784 2465 2410 2467 
4785 2425 2411 2488 
4786 2442 2412 2468 
4787 2412 2458 2468 
4788 2440 2413 2482 
4789 2413 2441 2482 
4790 2414 2437 2456 
4791 2437 2414 2490 
4792 2461 2414 2472 
4793 2414 2461 2490 
4794 2438 2415 2457 
4795 2415 2438 2489 
4796 2415 2460 2471 
4797 2460 2415 2489 
4798 2445 2416 2453 
4799 2416 2445 2490 
4800 2461 2416 2490 
4801 2417 2444 2449 
4802 2444 2417 2489 
4803 2417 2460 2489 
4804 2427 2418 2452 
4805 2418 2427 2453 
4806 2418 2451 2452 
4807 2419 2426 2448 
4808 2426 2419 2449 
4809 2447 2419 2448 
4810 2429 2420 2450 
4811 2420 2429 2451 
4812 2450 2420 2454 
4813 2421 2428 2446 
4814 2428 2421 2447 
4815 2421 2446 2455 
4816 2422 2434 2441 
4817 2422 2441 2455 
4818 2446 2422 2455 
4819 2435 2423 2442 
4820 2442 2423 2454 
4821 2423 2450 2454 
4822 2424 2459 2462 
4823 2424 2462 2464 
4824 2459 2425 2488 
4825 2444 2426 2449 
4826 2427 2445 2453 
4827 2428 2447 2448 
4828 2451 2429 2452 
4829 2430 2431 2465 
4830 2432 2430 2433 
4831 2433 2430 2465 
4832 2431 2458 2465 
4833 2458 2431 2468 
4834 2468 2431 2469 
4835 2432 2433 2470 
4836 2462 2432 2464 
4837 2464 2432 2470 
4838 2439 2433 2467 
4839 2433 2439 2470 
4840 2433 2465 2467 
4841 2441 2434 2482 
4842 2434 2466 2482 
4843 2435 2442 2468 
4844 2435 2468 2469 
4845 2436 2439 2440 
4846 2436 2440 2482 
4847 2466 2436 2482 
4848 2445 2437 2490 
4849 2438 2444 2489 
4850 2440 2439 2463 
4851 2463 2439 2467 
4852 2456 2481 2487 
4853 2462 2459 2488 
4854 2462 2484 2485 
4855 2464 2470 2473 
2 19 2 303
4856 64 2594 2 
4857 2 2594 418 
4858 4 2499 82 
4859 95 2494 4 
4860 2494 2537 4 
4861 4 2537 2499 
4862 6 2598 100 
4863 113 2598 6 
4864 131 118 8 
4865 10 2580 136 
4866 162 2500 10 
4867 2500 2506 10 
4868 2506 2580 10 
4869 12 2593 180 
4870 361 2593 12 
4871 26 2578 363 
4872 390 2578 26 
4873 28 2579 412 
4874 416 2579 28 
4875 65 2588 64 
4876 2588 2594 64 
4877 66 2509 65 
4878 2509 2588 65 
4879 67 2587 66 
4880 66 2587 2509 
4881 68 2503 67 
4882 2503 2587 67 
4883 69 2586 68 
4884 68 2586 2503 
4885 70 2511 69 
4886 2511 2586 69 
4887 71 2511 70 
4888 72 2501 71 
4889 2501 2511 71 
4890 73 2584 72 
4891 72 2584 2501 
4892 74 2515 73 
4893 2515 2584 73 
4894 75 2515 74 
4895 76 2497 75 
4896 2497 2515 75 
4897 77 2497 76 
4898 78 2514 77 
4899 77 2514 2497 
4900 79 2514 78 
4901 80 2495 79 
4902 2495 2514 79 
4903 81 2576 80 
4904 80 2576 2495 
4905 82 2576 81 
4906 2499 2576 82 
4907 96 2592 95 
4908 95 2592 2494 
4909 97 2591 96 
4910 2591 2592 96 
4911 98 2493 97 
4912 2493 2591 97 
4913 99 2493 98 
4914 100 2518 99 
4915 99 2518 2493 
4916 100 2598 2518 
4917 114 2518 113 
4918 2518 2598 113 
4919 115 2532 114 
4920 114 2532 2518 
4921 116 2532 115 
4922 117 2505 116 
4923 2505 2532 116 
4924 118 2550 117 
4925 117 2550 2505 
4926 131 2550 118 
4927 132 2550 131 
4928 133 2590 132 
4929 132 2590 2550 
4930 134 2516 133 
4931 2516 2590 133 
4932 135 2516 134 
4933 136 2507 135 
4934 2507 2516 135 
4935 136 2580 2507 
4936 163 2573 162 
4937 162 2573 2500 
4938 164 2573 163 
4939 165 2496 164 
4940 2496 2573 164 
4941 166 2582 165 
4942 165 2582 2496 
4943 167 2512 166 
4944 2512 2582 166 
4945 168 2583 167 
4946 167 2583 2512 
4947 169 2498 168 
4948 2498 2583 168 
4949 170 2585 169 
4950 169 2585 2498 
4951 171 2513 170 
4952 2513 2585 170 
4953 172 2513 171 
4954 173 2502 172 
4955 2502 2513 172 
4956 174 2581 173 
4957 173 2581 2502 
4958 175 2510 174 
4959 2510 2581 174 
4960 176 2510 175 
4961 177 2504 176 
4962 2504 2510 176 
4963 178 2504 177 
4964 179 2508 178 
4965 178 2508 2504 
4966 180 2508 179 
4967 180 2593 2508 
4968 362 2564 361 
4969 2564 2593 361 
4970 363 2522 362 
4971 2522 2564 362 
4972 363 2578 2522 
4973 391 2567 390 
4974 2567 2578 390 
4975 392 2524 391 
4976 2524 2567 391 
4977 393 2556 392 
4978 392 2556 2524 
4979 394 2526 393 
4980 2526 2556 393 
4981 395 2554 394 
4982 394 2554 2526 
4983 396 2528 395 
4984 2528 2554 395 
4985 397 2562 396 
4986 396 2562 2528 
4987 398 2548 397 
4988 2548 2562 397 
4989 399 2520 398 
4990 2520 2548 398 
4991 400 2547 399 
4992 399 2547 2520 
4993 401 2570 400 
4994 400 2570 2547 
4995 402 2517 401 
4996 2517 2570 401 
4997 403 2565 402 
4998 402 2565 2517 
4999 404 2519 403 
5000 2519 2565 403 
5001 405 2549 404 
5002 404 2549 2519 
5003 406 2561 405 
5004 405 2561 2549 
5005 407 2527 406 
5006 2527 2561 406 
5007 408 2558 407 
5008 407 2558 2527 
5009 409 2525 408 
5010 2525 2558 408 
5011 410 2560 409 
5012 409 2560 2525 
5013 411 2523 410 
5014 2523 2560 410 
5015 412 2568 411 
5016 411 2568 2523 
5017 412 2579 2568 
5018 417 2521 416 
5019 2521 2579 416 
5020 418 2563 417 
5021 417 2563 2521 
5022 418 2594 2563 
5023 2518 2595 2493 
5024 2569 2591 2493 
5025 2493 2595 2569 
5026 2494 2539 2537 
5027 2494 2569 2539 
5028 2494 2592 2569 
5029 2495 2530 2514 
5030 2495 2542 2530 
5031 2495 2576 2542 
5032 2529 2541 2496 
5033 2496 2582 2529 
5034 2541 2573 2496 
5035 2514 2557 2497 
5036 2497 2536 2515 
5037 2497 2557 2536 
5038 2535 2553 2498 
5039 2498 2585 2535 
5040 2553 2583 2498 
5041 2537 2538 2499 
5042 2538 2576 2499 
5043 2500 2543 2506 
5044 2500 2573 2543 
5045 2501 2534 2511 
5046 2501 2559 2534 
5047 2501 2584 2559 
5048 2502 2555 2513 
5049 2533 2555 2502 
5050 2502 2581 2533 
5051 2503 2552 2544 
5052 2544 2587 2503 
5053 2503 2586 2552 
5054 2508 2545 2504 
5055 2504 2551 2510 
5056 2545 2551 2504 
5057 2505 2566 2532 
5058 2550 2590 2505 
5059 2505 2590 2566 
5060 2543 2546 2506 
5061 2546 2577 2506 
5062 2577 2580 2506 
5063 2507 2531 2516 
5064 2507 2571 2531 
5065 2507 2580 2571 
5066 2508 2564 2545 
5067 2508 2593 2564 
5068 2544 2563 2509 
5069 2509 2587 2544 
5070 2563 2588 2509 
5071 2510 2551 2533 
5072 2533 2581 2510 
5073 2534 2552 2511 
5074 2552 2586 2511 
5075 2512 2553 2529 
5076 2529 2582 2512 
5077 2512 2583 2553 
5078 2513 2555 2535 
5079 2535 2585 2513 
5080 2530 2557 2514 
5081 2536 2559 2515 
5082 2559 2584 2515 
5083 2531 2566 2516 
5084 2566 2590 2516 
5085 2565 2572 2517 
5086 2517 2574 2570 
5087 2572 2574 2517 
5088 2532 2595 2518 
5089 2549 2575 2519 
5090 2519 2575 2565 
5091 2547 2589 2520 
5092 2520 2589 2548 
5093 2521 2563 2544 
5094 2544 2597 2521 
5095 2568 2579 2521 
5096 2521 2597 2568 
5097 2545 2564 2522 
5098 2522 2596 2545 
5099 2522 2578 2567 
5100 2567 2596 2522 
5101 2552 2560 2523 
5102 2523 2597 2552 
5103 2568 2597 2523 
5104 2524 2556 2551 
5105 2551 2596 2524 
5106 2524 2596 2567 
5107 2534 2559 2525 
5108 2525 2560 2534 
5109 2525 2559 2558 
5110 2526 2555 2533 
5111 2533 2556 2526 
5112 2554 2555 2526 
5113 2536 2557 2527 
5114 2527 2558 2536 
5115 2557 2561 2527 
5116 2528 2553 2535 
5117 2535 2554 2528 
5118 2528 2562 2553 
5119 2529 2548 2541 
5120 2529 2562 2548 
5121 2553 2562 2529 
5122 2542 2549 2530 
5123 2549 2561 2530 
5124 2530 2561 2557 
5125 2531 2569 2566 
5126 2531 2571 2569 
5127 2566 2595 2532 
5128 2551 2556 2533 
5129 2534 2560 2552 
5130 2535 2555 2554 
5131 2558 2559 2536 
5132 2537 2572 2538 
5133 2539 2540 2537 
5134 2540 2572 2537 
5135 2538 2572 2565 
5136 2565 2575 2538 
5137 2575 2576 2538 
5138 2539 2577 2540 
5139 2569 2571 2539 
5140 2571 2577 2539 
5141 2546 2574 2540 
5142 2540 2577 2546 
5143 2540 2574 2572 
5144 2548 2589 2541 
5145 2541 2589 2573 
5146 2542 2575 2549 
5147 2542 2576 2575 
5148 2543 2547 2546 
5149 2543 2589 2547 
5150 2573 2589 2543 
5151 2552 2597 2544 
5152 2545 2596 2551 
5153 2547 2570 2546 
5154 2570 2574 2546 
5155 2563 2594 2588 
5156 2569 2595 2566 
5157 2569 2592 2591 
5158 2571 2580 2577 
2 20 2 81
5159 181 2624 13 
5160 13 2624 422 
5161 14 2625 186 
5162 429 2625 14 
5163 29 2622 419 
5164 428 2622 29 
5165 421 2623 30 
5166 30 2623 435 
5167 182 2619 181 
5168 2619 2624 181 
5169 183 2621 182 
5170 182 2621 2619 
5171 184 2599 183 
5172 2599 2621 183 
5173 185 2599 184 
5174 186 2620 185 
5175 185 2620 2599 
5176 186 2625 2620 
5177 419 2606 420 
5178 419 2622 2606 
5179 420 2616 421 
5180 2606 2616 420 
5181 2616 2623 421 
5182 422 2603 423 
5183 422 2624 2603 
5184 423 2614 424 
5185 2603 2614 423 
5186 424 2605 425 
5187 424 2614 2605 
5188 425 2611 426 
5189 2605 2611 425 
5190 426 2601 427 
5191 426 2611 2601 
5192 427 2617 428 
5193 2601 2617 427 
5194 2617 2622 428 
5195 430 2604 429 
5196 2604 2625 429 
5197 431 2615 430 
5198 430 2615 2604 
5199 432 2600 431 
5200 2600 2615 431 
5201 433 2607 432 
5202 432 2607 2600 
5203 434 2613 433 
5204 433 2613 2607 
5205 435 2602 434 
5206 2602 2613 434 
5207 435 2623 2602 
5208 2618 2621 2599 
5209 2599 2626 2618 
5210 2620 2626 2599 
5211 2607 2608 2600 
5212 2608 2609 2600 
5213 2609 2615 2600 
5214 2601 2611 2610 
5215 2610 2612 2601 
5216 2612 2617 2601 
5217 2612 2613 2602 
5218 2602 2616 2612 
5219 2602 2623 2616 
5220 2603 2618 2614 
5221 2603 2621 2618 
5222 2619 2621 2603 
5223 2603 2624 2619 
5224 2615 2626 2604 
5225 2620 2625 2604 
5226 2604 2626 2620 
5227 2605 2609 2608 
5228 2608 2611 2605 
5229 2605 2614 2609 
5230 2612 2616 2606 
5231 2606 2617 2612 
5232 2606 2622 2617 
5233 2607 2610 2608 
5234 2607 2613 2610 
5235 2610 2611 2608 
5236 2614 2618 2609 
5237 2609 2626 2615 
5238 2618 2626 2609 
5239 2610 2613 2612 
2 21 2 200
5240 419 2698 29 
5241 29 2698 439 
5242 30 2696 421 
5243 462 2696 30 
5244 31 2697 436 
5245 461 2697 31 
5246 438 2699 32 
5247 32 2699 484 
5248 420 2693 419 
5249 2693 2698 419 
5250 421 2645 420 
5251 2645 2693 420 
5252 421 2696 2645 
5253 436 2692 437 
5254 436 2697 2692 
5255 437 2644 438 
5256 437 2692 2644 
5257 2644 2699 438 
5258 439 2639 440 
5259 439 2698 2639 
5260 440 2652 441 
5261 2639 2652 440 
5262 441 2641 442 
5263 441 2652 2641 
5264 442 2669 443 
5265 2641 2669 442 
5266 443 2670 444 
5267 2669 2670 443 
5268 444 2630 445 
5269 444 2670 2630 
5270 445 2662 446 
5271 2630 2662 445 
5272 446 2651 447 
5273 446 2662 2651 
5274 447 2642 448 
5275 447 2651 2642 
5276 448 2653 449 
5277 2642 2653 448 
5278 449 2647 450 
5279 449 2653 2647 
5280 450 2658 451 
5281 2647 2658 450 
5282 451 2636 452 
5283 451 2658 2636 
5284 452 2660 453 
5285 2636 2660 452 
5286 453 2632 454 
5287 453 2660 2632 
5288 454 2664 455 
5289 2632 2664 454 
5290 455 2629 456 
5291 455 2664 2629 
5292 456 2665 457 
5293 2629 2665 456 
5294 457 2627 458 
5295 457 2665 2627 
5296 458 2648 459 
5297 2627 2648 458 
5298 459 2667 460 
5299 2648 2667 459 
5300 460 2637 461 
5301 460 2667 2637 
5302 2637 2697 461 
5303 463 2694 462 
5304 2694 2696 462 
5305 464 2633 463 
5306 2633 2694 463 
5307 465 2661 464 
5308 464 2661 2633 
5309 466 2634 465 
5310 2634 2661 465 
5311 467 2656 466 
5312 466 2656 2634 
5313 468 2646 467 
5314 2646 2656 467 
5315 469 2663 468 
5316 468 2663 2646 
5317 470 2631 469 
5318 2631 2663 469 
5319 471 2654 470 
5320 470 2654 2631 
5321 472 2650 471 
5322 2650 2654 471 
5323 473 2635 472 
5324 2635 2650 472 
5325 474 2672 473 
5326 473 2672 2635 
5327 475 2671 474 
5328 2671 2672 474 
5329 476 2643 475 
5330 2643 2671 475 
5331 477 2666 476 
5332 476 2666 2643 
5333 478 2640 477 
5334 2640 2666 477 
5335 479 2655 478 
5336 478 2655 2640 
5337 480 2638 479 
5338 2638 2655 479 
5339 481 2673 480 
5340 480 2673 2638 
5341 482 2668 481 
5342 2668 2673 481 
5343 483 2628 482 
5344 2628 2668 482 
5345 484 2695 483 
5346 483 2695 2628 
5347 484 2699 2695 
5348 2627 2649 2648 
5349 2627 2675 2649 
5350 2665 2675 2627 
5351 2628 2679 2668 
5352 2628 2685 2679 
5353 2628 2695 2685 
5354 2664 2680 2629 
5355 2629 2682 2665 
5356 2680 2682 2629 
5357 2630 2683 2662 
5358 2670 2674 2630 
5359 2674 2683 2630 
5360 2654 2687 2631 
5361 2631 2681 2663 
5362 2631 2687 2681 
5363 2660 2684 2632 
5364 2632 2691 2664 
5365 2684 2691 2632 
5366 2661 2689 2633 
5367 2633 2689 2686 
5368 2686 2694 2633 
5369 2656 2657 2634 
5370 2657 2676 2634 
5371 2634 2676 2661 
5372 2635 2688 2650 
5373 2672 2677 2635 
5374 2677 2688 2635 
5375 2658 2659 2636 
5376 2659 2678 2636 
5377 2636 2678 2660 
5378 2667 2685 2637 
5379 2685 2692 2637 
5380 2692 2697 2637 
5381 2638 2682 2655 
5382 2673 2675 2638 
5383 2675 2682 2638 
5384 2639 2686 2652 
5385 2639 2693 2686 
5386 2639 2698 2693 
5387 2655 2680 2640 
5388 2640 2691 2666 
5389 2680 2691 2640 
5390 2652 2689 2641 
5391 2641 2676 2669 
5392 2641 2689 2676 
5393 2651 2687 2642 
5394 2642 2690 2653 
5395 2687 2690 2642 
5396 2666 2684 2643 
5397 2643 2678 2671 
5398 2643 2684 2678 
5399 2644 2692 2685 
5400 2685 2695 2644 
5401 2695 2699 2644 
5402 2686 2693 2645 
5403 2645 2694 2686 
5404 2645 2696 2694 
5405 2646 2674 2656 
5406 2663 2683 2646 
5407 2646 2683 2674 
5408 2653 2688 2647 
5409 2647 2677 2658 
5410 2647 2688 2677 
5411 2649 2679 2648 
5412 2648 2679 2667 
5413 2649 2673 2668 
5414 2668 2679 2649 
5415 2649 2675 2673 
5416 2650 2690 2654 
5417 2688 2690 2650 
5418 2662 2681 2651 
5419 2681 2687 2651 
5420 2686 2689 2652 
5421 2653 2690 2688 
5422 2654 2690 2687 
5423 2655 2682 2680 
5424 2656 2674 2657 
5425 2657 2670 2669 
5426 2669 2676 2657 
5427 2657 2674 2670 
5428 2658 2677 2659 
5429 2659 2672 2671 
5430 2671 2678 2659 
5431 2659 2677 2672 
5432 2678 2684 2660 
5433 2676 2689 2661 
5434 2662 2683 2681 
5435 2681 2683 2663 
5436 2664 2691 2680 
5437 2665 2682 2675 
5438 2666 2691 2684 
5439 2679 2685 2667 
2 22 2 79
5440 23 2724 311 
5441 491 2724 23 
5442 316 2725 24 
5443 24 2725 498 
5444 436 2722 31 
5445 31 2722 485 
5446 32 2723 438 
5447 492 2723 32 
5448 311 2720 312 
5449 311 2724 2720 
5450 312 2700 313 
5451 312 2720 2700 
5452 313 2700 314 
5453 314 2721 315 
5454 2700 2721 314 
5455 315 2721 316 
5456 2721 2725 316 
5457 437 2707 436 
5458 2707 2722 436 
5459 438 2717 437 
5460 437 2717 2707 
5461 438 2723 2717 
5462 485 2718 486 
5463 485 2722 2718 
5464 486 2702 487 
5465 486 2718 2702 
5466 487 2712 488 
5467 2702 2712 487 
5468 488 2701 489 
5469 488 2712 2701 
5470 489 2715 490 
5471 2701 2715 489 
5472 490 2705 491 
5473 490 2715 2705 
5474 2705 2724 491 
5475 493 2703 492 
5476 2703 2723 492 
5477 494 2714 493 
5478 493 2714 2703 
5479 495 2704 494 
5480 2704 2714 494 
5481 496 2708 495 
5482 495 2708 2704 
5483 497 2716 496 
5484 496 2716 2708 
5485 498 2706 497 
5486 2706 2716 497 
5487 498 2725 2706 
5488 2700 2720 2719 
5489 2719 2726 2700 
5490 2700 2726 2721 
5491 2709 2710 2701 
5492 2701 2712 2709 
5493 2710 2715 2701 
5494 2711 2712 2702 
5495 2702 2713 2711 
5496 2702 2718 2713 
5497 2703 2714 2713 
5498 2713 2717 2703 
5499 2717 2723 2703 
5500 2708 2709 2704 
5501 2709 2711 2704 
5502 2711 2714 2704 
5503 2715 2719 2705 
5504 2719 2720 2705 
5505 2720 2724 2705 
5506 2706 2726 2716 
5507 2706 2725 2721 
5508 2721 2726 2706 
5509 2707 2717 2713 
5510 2713 2718 2707 
5511 2718 2722 2707 
5512 2708 2710 2709 
5513 2708 2716 2710 
5514 2709 2712 2711 
5515 2710 2719 2715 
5516 2716 2726 2710 
5517 2710 2726 2719 
5518 2713 2714 2711 
2 23 2 416
5519 13 2873 205 
5520 422 2873 13 
5521 217 2883 15 
5522 15 2883 237 
5523 242 2730 17 
5524 17 2741 255 
5525 2730 2779 17 
5526 17 2779 2741 
5527 273 2740 19 
5528 19 2728 299 
5529 19 2782 2728 
5530 2740 2782 19 
5531 304 2884 21 
5532 21 2884 317 
5533 329 2874 23 
5534 23 2874 491 
5535 29 2861 428 
5536 439 2861 29 
5537 31 2862 461 
5538 485 2862 31 
5539 205 2746 206 
5540 205 2821 2746 
5541 205 2873 2821 
5542 206 2746 207 
5543 207 2867 208 
5544 2746 2867 207 
5545 208 2733 209 
5546 208 2867 2733 
5547 209 2844 210 
5548 2733 2844 209 
5549 210 2844 211 
5550 211 2727 212 
5551 211 2844 2727 
5552 212 2869 213 
5553 2727 2869 212 
5554 213 2732 214 
5555 213 2869 2732 
5556 214 2732 215 
5557 215 2868 216 
5558 2732 2868 215 
5559 216 2758 217 
5560 216 2868 2758 
5561 2758 2883 217 
5562 237 2849 238 
5563 2758 2849 237 
5564 237 2883 2758 
5565 238 2849 239 
5566 239 2747 240 
5567 239 2849 2747 
5568 240 2870 241 
5569 2747 2870 240 
5570 241 2730 242 
5571 241 2870 2730 
5572 255 2853 256 
5573 2741 2853 255 
5574 256 2853 257 
5575 257 2742 258 
5576 257 2853 2742 
5577 258 2749 259 
5578 2742 2749 258 
5579 259 2749 260 
5580 260 2744 261 
5581 260 2749 2744 
5582 261 2744 262 
5583 262 2848 263 
5584 2744 2848 262 
5585 263 2848 264 
5586 264 2748 265 
5587 264 2848 2748 
5588 265 2858 266 
5589 2748 2858 265 
5590 266 2745 267 
5591 266 2858 2745 
5592 267 2857 268 
5593 2745 2857 267 
5594 268 2750 269 
5595 268 2857 2750 
5596 269 2743 270 
5597 269 2750 2743 
5598 270 2743 271 
5599 271 2841 272 
5600 2743 2841 271 
5601 272 2841 273 
5602 273 2841 2740 
5603 299 2843 300 
5604 2728 2843 299 
5605 300 2843 301 
5606 301 2731 302 
5607 301 2843 2731 
5608 302 2871 303 
5609 2731 2871 302 
5610 303 2757 304 
5611 303 2871 2757 
5612 2757 2884 304 
5613 317 2757 318 
5614 317 2884 2757 
5615 318 2766 319 
5616 2757 2766 318 
5617 319 2739 320 
5618 319 2766 2739 
5619 320 2739 321 
5620 321 2872 322 
5621 2739 2872 321 
5622 322 2876 323 
5623 2872 2876 322 
5624 323 2729 324 
5625 323 2876 2729 
5626 324 2850 325 
5627 2729 2850 324 
5628 325 2850 326 
5629 326 2736 327 
5630 326 2850 2736 
5631 327 2866 328 
5632 2736 2866 327 
5633 328 2855 329 
5634 328 2866 2855 
5635 2855 2874 329 
5636 423 2821 422 
5637 2821 2873 422 
5638 424 2839 423 
5639 423 2839 2821 
5640 425 2847 424 
5641 424 2847 2839 
5642 426 2734 425 
5643 2734 2847 425 
5644 427 2822 426 
5645 426 2822 2734 
5646 428 2827 427 
5647 427 2827 2822 
5648 428 2861 2827 
5649 440 2756 439 
5650 2756 2861 439 
5651 441 2819 440 
5652 440 2819 2756 
5653 442 2737 441 
5654 2737 2819 441 
5655 443 2811 442 
5656 442 2811 2737 
5657 444 2752 443 
5658 2752 2811 443 
5659 445 2815 444 
5660 444 2815 2752 
5661 446 2760 445 
5662 2760 2815 445 
5663 447 2817 446 
5664 446 2817 2760 
5665 448 2763 447 
5666 2763 2817 447 
5667 449 2814 448 
5668 448 2814 2763 
5669 450 2754 449 
5670 2754 2814 449 
5671 451 2816 450 
5672 450 2816 2754 
5673 452 2762 451 
5674 2762 2816 451 
5675 453 2826 452 
5676 452 2826 2762 
5677 454 2800 453 
5678 2800 2826 453 
5679 455 2761 454 
5680 2761 2800 454 
5681 456 2820 455 
5682 455 2820 2761 
5683 457 2751 456 
5684 2751 2820 456 
5685 458 2829 457 
5686 457 2829 2751 
5687 459 2738 458 
5688 2738 2829 458 
5689 460 2818 459 
5690 459 2818 2738 
5691 461 2755 460 
5692 2755 2818 460 
5693 461 2862 2755 
5694 486 2828 485 
5695 2828 2862 485 
5696 487 2863 486 
5697 486 2863 2828 
5698 488 2735 487 
5699 2735 2863 487 
5700 489 2805 488 
5701 488 2877 2735 
5702 2805 2877 488 
5703 490 2845 489 
5704 489 2845 2805 
5705 491 2759 490 
5706 2759 2845 490 
5707 491 2874 2759 
5708 2727 2844 2837 
5709 2837 2869 2727 
5710 2782 2783 2728 
5711 2783 2843 2728 
5712 2729 2832 2831 
5713 2831 2850 2729 
5714 2729 2876 2832 
5715 2730 2802 2779 
5716 2730 2823 2802 
5717 2730 2870 2823 
5718 2843 2846 2731 
5719 2846 2871 2731 
5720 2732 2825 2824 
5721 2824 2868 2732 
5722 2732 2869 2825 
5723 2753 2768 2733 
5724 2733 2867 2753 
5725 2768 2844 2733 
5726 2807 2847 2734 
5727 2734 2851 2807 
5728 2822 2851 2734 
5729 2808 2809 2735 
5730 2735 2877 2808 
5731 2809 2863 2735 
5732 2850 2852 2736 
5733 2852 2866 2736 
5734 2737 2810 2794 
5735 2794 2819 2737 
5736 2737 2811 2810 
5737 2818 2833 2738 
5738 2738 2860 2829 
5739 2833 2860 2738 
5740 2766 2767 2739 
5741 2767 2832 2739 
5742 2832 2872 2739 
5743 2740 2793 2782 
5744 2740 2840 2793 
5745 2740 2841 2840 
5746 2779 2780 2741 
5747 2780 2799 2741 
5748 2799 2853 2741 
5749 2742 2812 2749 
5750 2742 2842 2812 
5751 2742 2853 2842 
5752 2750 2764 2743 
5753 2764 2778 2743 
5754 2778 2841 2743 
5755 2749 2777 2744 
5756 2777 2797 2744 
5757 2797 2848 2744 
5758 2765 2813 2745 
5759 2745 2858 2765 
5760 2813 2857 2745 
5761 2746 2821 2753 
5762 2753 2867 2746 
5763 2747 2824 2823 
5764 2823 2870 2747 
5765 2747 2849 2824 
5766 2748 2835 2765 
5767 2765 2858 2748 
5768 2748 2848 2835 
5769 2749 2812 2777 
5770 2750 2813 2764 
5771 2750 2857 2813 
5772 2751 2829 2803 
5773 2803 2864 2751 
5774 2751 2864 2820 
5775 2752 2875 2811 
5776 2815 2859 2752 
5777 2859 2875 2752 
5778 2753 2769 2768 
5779 2753 2796 2769 
5780 2753 2839 2796 
5781 2821 2839 2753 
5782 2754 2835 2797 
5783 2797 2880 2754 
5784 2754 2880 2814 
5785 2816 2835 2754 
5786 2755 2830 2818 
5787 2828 2830 2755 
5788 2755 2862 2828 
5789 2756 2819 2804 
5790 2804 2827 2756 
5791 2827 2861 2756 
5792 2757 2871 2766 
5793 2758 2868 2849 
5794 2759 2852 2845 
5795 2759 2866 2852 
5796 2855 2866 2759 
5797 2759 2874 2855 
5798 2760 2865 2815 
5799 2817 2842 2760 
5800 2842 2865 2760 
5801 2761 2840 2800 
5802 2820 2840 2761 
5803 2762 2879 2816 
5804 2826 2878 2762 
5805 2878 2879 2762 
5806 2814 2882 2763 
5807 2763 2842 2817 
5808 2763 2882 2842 
5809 2764 2800 2778 
5810 2764 2878 2800 
5811 2813 2878 2764 
5812 2765 2879 2813 
5813 2765 2835 2816 
5814 2816 2879 2765 
5815 2766 2846 2767 
5816 2766 2871 2846 
5817 2798 2832 2767 
5818 2767 2838 2798 
5819 2767 2846 2838 
5820 2769 2770 2768 
5821 2770 2837 2768 
5822 2837 2844 2768 
5823 2769 2771 2770 
5824 2769 2807 2771 
5825 2796 2807 2769 
5826 2771 2772 2770 
5827 2772 2773 2770 
5828 2773 2837 2770 
5829 2771 2774 2772 
5830 2771 2776 2774 
5831 2771 2807 2776 
5832 2772 2836 2773 
5833 2774 2775 2772 
5834 2775 2836 2772 
5835 2825 2837 2773 
5836 2773 2856 2825 
5837 2836 2856 2773 
5838 2774 2810 2775 
5839 2776 2794 2774 
5840 2794 2810 2774 
5841 2810 2834 2775 
5842 2834 2854 2775 
5843 2775 2854 2836 
5844 2776 2804 2794 
5845 2776 2851 2804 
5846 2807 2851 2776 
5847 2777 2880 2797 
5848 2812 2882 2777 
5849 2777 2882 2880 
5850 2800 2840 2778 
5851 2840 2841 2778 
5852 2779 2781 2780 
5853 2779 2854 2781 
5854 2802 2854 2779 
5855 2781 2859 2780 
5856 2780 2865 2799 
5857 2780 2859 2815 
5858 2815 2865 2780 
5859 2781 2854 2834 
5860 2834 2875 2781 
5861 2781 2875 2859 
5862 2782 2784 2783 
5863 2782 2793 2784 
5864 2784 2785 2783 
5865 2785 2786 2783 
5866 2786 2801 2783 
5867 2801 2843 2783 
5868 2784 2803 2785 
5869 2793 2864 2784 
5870 2784 2864 2803 
5871 2785 2787 2786 
5872 2785 2806 2787 
5873 2803 2806 2785 
5874 2787 2788 2786 
5875 2788 2838 2786 
5876 2786 2838 2801 
5877 2787 2789 2788 
5878 2787 2790 2789 
5879 2787 2806 2790 
5880 2789 2791 2788 
5881 2791 2798 2788 
5882 2798 2838 2788 
5883 2790 2808 2789 
5884 2789 2792 2791 
5885 2789 2808 2792 
5886 2806 2833 2790 
5887 2790 2881 2808 
5888 2833 2881 2790 
5889 2792 2795 2791 
5890 2795 2831 2791 
5891 2791 2831 2798 
5892 2792 2805 2795 
5893 2792 2877 2805 
5894 2808 2877 2792 
5895 2793 2840 2820 
5896 2820 2864 2793 
5897 2804 2819 2794 
5898 2805 2852 2795 
5899 2795 2850 2831 
5900 2795 2852 2850 
5901 2796 2847 2807 
5902 2839 2847 2796 
5903 2835 2848 2797 
5904 2831 2832 2798 
5905 2842 2853 2799 
5906 2799 2865 2842 
5907 2800 2878 2826 
5908 2838 2846 2801 
5909 2801 2846 2843 
5910 2823 2836 2802 
5911 2836 2854 2802 
5912 2803 2860 2806 
5913 2829 2860 2803 
5914 2822 2827 2804 
5915 2804 2851 2822 
5916 2845 2852 2805 
5917 2806 2860 2833 
5918 2808 2881 2809 
5919 2809 2830 2828 
5920 2828 2863 2809 
5921 2809 2881 2830 
5922 2811 2834 2810 
5923 2811 2875 2834 
5924 2842 2882 2812 
5925 2813 2879 2878 
5926 2880 2882 2814 
5927 2830 2833 2818 
5928 2824 2856 2823 
5929 2823 2856 2836 
5930 2825 2856 2824 
5931 2849 2868 2824 
5932 2825 2869 2837 
5933 2830 2881 2833 
5934 2832 2876 2872 
2 24 2 418
5935 14 218 3032 
5936 429 14 3032 
5937 230 16 3042 
5938 16 243 3042 
5939 248 18 2888 
5940 18 274 2899 
5941 2888 18 2937 
5942 18 2899 2937 
5943 292 20 2898 
5944 20 305 2886 
5945 20 2886 2940 
5946 2898 20 2940 
5947 310 22 3043 
5948 22 330 3043 
5949 342 24 3033 
5950 24 498 3033 
5951 30 435 3019 
5952 462 30 3019 
5953 32 484 3020 
5954 492 32 3020 
5955 218 219 2904 
5956 218 2904 2979 
5957 218 2979 3032 
5958 219 220 2904 
5959 220 221 3025 
5960 2904 220 3025 
5961 221 222 2891 
5962 221 2891 3025 
5963 222 223 3002 
5964 2891 222 3002 
5965 223 224 3002 
5966 224 225 2885 
5967 224 2885 3002 
5968 225 226 3028 
5969 2885 225 3028 
5970 226 227 3026 
5971 226 3026 3028 
5972 227 228 2890 
5973 227 2890 3026 
5974 228 229 3027 
5975 2890 228 3027 
5976 229 230 2916 
5977 229 2916 3027 
5978 2916 230 3042 
5979 243 244 3007 
5980 2916 243 3007 
5981 243 2916 3042 
5982 244 245 3007 
5983 245 246 2905 
5984 245 2905 3007 
5985 246 247 3029 
5986 2905 246 3029 
5987 247 248 2888 
5988 247 2888 3029 
5989 274 275 3011 
5990 2899 274 3011 
5991 275 276 3011 
5992 276 277 2900 
5993 276 2900 3011 
5994 277 278 2907 
5995 2900 277 2907 
5996 278 279 2907 
5997 279 280 2902 
5998 279 2902 2907 
5999 280 281 2902 
6000 281 282 3006 
6001 2902 281 3006 
6002 282 283 3006 
6003 283 284 2906 
6004 283 2906 3006 
6005 284 285 3016 
6006 2906 284 3016 
6007 285 286 2903 
6008 285 2903 3016 
6009 286 287 3015 
6010 2903 286 3015 
6011 287 288 2908 
6012 287 2908 3015 
6013 288 289 2901 
6014 288 2901 2908 
6015 289 290 2901 
6016 290 291 2999 
6017 2901 290 2999 
6018 291 292 2999 
6019 292 2898 2999 
6020 305 306 3001 
6021 2886 305 3001 
6022 306 307 3001 
6023 307 308 2889 
6024 307 2889 3001 
6025 308 309 3030 
6026 2889 308 3030 
6027 309 310 2915 
6028 309 2915 3030 
6029 2915 310 3043 
6030 330 331 2915 
6031 330 2915 3043 
6032 331 332 2924 
6033 2915 331 2924 
6034 332 333 2897 
6035 332 2897 2924 
6036 333 334 2897 
6037 334 335 3031 
6038 2897 334 3031 
6039 335 336 3035 
6040 3031 335 3035 
6041 336 337 2887 
6042 336 2887 3035 
6043 337 338 3008 
6044 2887 337 3008 
6045 338 339 3008 
6046 339 340 2894 
6047 339 2894 3008 
6048 340 341 3024 
6049 2894 340 3024 
6050 341 342 3013 
6051 341 3013 3024 
6052 3013 342 3033 
6053 430 429 2979 
6054 2979 429 3032 
6055 431 430 2997 
6056 430 2979 2997 
6057 432 431 3005 
6058 431 2997 3005 
6059 433 432 2892 
6060 2892 432 3005 
6061 434 433 2980 
6062 433 2892 2980 
6063 435 434 2985 
6064 434 2980 2985 
6065 435 2985 3019 
6066 463 462 2914 
6067 2914 462 3019 
6068 464 463 2977 
6069 463 2914 2977 
6070 465 464 2895 
6071 2895 464 2977 
6072 466 465 2969 
6073 465 2895 2969 
6074 467 466 2910 
6075 2910 466 2969 
6076 468 467 2973 
6077 467 2910 2973 
6078 469 468 2918 
6079 2918 468 2973 
6080 470 469 2975 
6081 469 2918 2975 
6082 471 470 2921 
6083 2921 470 2975 
6084 472 471 2972 
6085 471 2921 2972 
6086 473 472 2912 
6087 2912 472 2972 
6088 474 473 2974 
6089 473 2912 2974 
6090 475 474 2920 
6091 2920 474 2974 
6092 476 475 2984 
6093 475 2920 2984 
6094 477 476 2958 
6095 2958 476 2984 
6096 478 477 2919 
6097 2919 477 2958 
6098 479 478 2978 
6099 478 2919 2978 
6100 480 479 2909 
6101 2909 479 2978 
6102 481 480 2987 
6103 480 2909 2987 
6104 482 481 2896 
6105 2896 481 2987 
6106 483 482 2976 
6107 482 2896 2976 
6108 484 483 2913 
6109 2913 483 2976 
6110 484 2913 3020 
6111 493 492 2986 
6112 2986 492 3020 
6113 494 493 3021 
6114 493 2986 3021 
6115 495 494 2893 
6116 2893 494 3021 
6117 496 495 2963 
6118 495 2893 3036 
6119 2963 495 3036 
6120 497 496 3003 
6121 496 2963 3003 
6122 498 497 2917 
6123 2917 497 3003 
6124 498 2917 3033 
6125 2885 2995 3002 
6126 2995 2885 3028 
6127 2940 2886 2941 
6128 2941 2886 3001 
6129 2887 2989 2990 
6130 2989 2887 3008 
6131 2887 2990 3035 
6132 2888 2937 2960 
6133 2888 2960 2981 
6134 2888 2981 3029 
6135 3001 2889 3004 
6136 3004 2889 3030 
6137 2890 2982 2983 
6138 2982 2890 3027 
6139 2890 2983 3026 
6140 2911 2891 2926 
6141 2891 2911 3025 
6142 2926 2891 3002 
6143 2965 2892 3005 
6144 2892 2965 3009 
6145 2980 2892 3009 
6146 2966 2893 2967 
6147 2893 2966 3036 
6148 2967 2893 3021 
6149 3008 2894 3010 
6150 3010 2894 3024 
6151 2895 2952 2968 
6152 2952 2895 2977 
6153 2895 2968 2969 
6154 2976 2896 2991 
6155 2896 2987 3018 
6156 2991 2896 3018 
6157 2924 2897 2925 
6158 2925 2897 2990 
6159 2990 2897 3031 
6160 2898 2940 2951 
6161 2898 2951 2998 
6162 2898 2998 2999 
6163 2937 2899 2938 
6164 2938 2899 2957 
6165 2957 2899 3011 
6166 2900 2907 2970 
6167 2900 2970 3000 
6168 2900 3000 3011 
6169 2908 2901 2922 
6170 2922 2901 2936 
6171 2936 2901 2999 
6172 2907 2902 2935 
6173 2935 2902 2955 
6174 2955 2902 3006 
6175 2923 2903 2971 
6176 2903 2923 3016 
6177 2971 2903 3015 
6178 2904 2911 2979 
6179 2911 2904 3025 
6180 2905 2981 2982 
6181 2981 2905 3029 
6182 2905 2982 3007 
6183 2906 2923 2993 
6184 2923 2906 3016 
6185 2906 2993 3006 
6186 2907 2935 2970 
6187 2908 2922 2971 
6188 2908 2971 3015 
6189 2909 2961 2987 
6190 2961 2909 3022 
6191 2909 2978 3022 
6192 2910 2969 3034 
6193 2973 2910 3017 
6194 3017 2910 3034 
6195 2911 2926 2927 
6196 2911 2927 2954 
6197 2911 2954 2997 
6198 2979 2911 2997 
6199 2912 2955 2993 
6200 2955 2912 3039 
6201 2912 2972 3039 
6202 2974 2912 2993 
6203 2913 2976 2988 
6204 2986 2913 2988 
6205 2913 2986 3020 
6206 2914 2962 2977 
6207 2962 2914 2985 
6208 2985 2914 3019 
6209 2915 2924 3030 
6210 2916 3007 3027 
6211 2917 3003 3010 
6212 2917 3010 3024 
6213 3013 2917 3024 
6214 2917 3013 3033 
6215 2918 2973 3023 
6216 2975 2918 3000 
6217 3000 2918 3023 
6218 2919 2958 2998 
6219 2978 2919 2998 
6220 2920 2974 3038 
6221 2984 2920 3037 
6222 3037 2920 3038 
6223 2972 2921 3041 
6224 2921 2975 3000 
6225 2921 3000 3041 
6226 2922 2936 2958 
6227 2922 2958 3037 
6228 2971 2922 3037 
6229 2923 2971 3038 
6230 2923 2974 2993 
6231 2974 2923 3038 
6232 2924 2925 3004 
6233 2924 3004 3030 
6234 2956 2925 2990 
6235 2925 2956 2996 
6236 2925 2996 3004 
6237 2927 2926 2928 
6238 2928 2926 2995 
6239 2995 2926 3002 
6240 2927 2928 2929 
6241 2927 2929 2965 
6242 2954 2927 2965 
6243 2929 2928 2930 
6244 2930 2928 2931 
6245 2931 2928 2995 
6246 2929 2930 2932 
6247 2929 2932 2934 
6248 2929 2934 2965 
6249 2930 2931 2994 
6250 2932 2930 2933 
6251 2933 2930 2994 
6252 2983 2931 2995 
6253 2931 2983 3014 
6254 2994 2931 3014 
6255 2932 2933 2968 
6256 2934 2932 2952 
6257 2952 2932 2968 
6258 2968 2933 2992 
6259 2992 2933 3012 
6260 2933 2994 3012 
6261 2934 2952 2962 
6262 2934 2962 3009 
6263 2965 2934 3009 
6264 2935 2955 3039 
6265 2970 2935 3041 
6266 2935 3039 3041 
6267 2958 2936 2998 
6268 2998 2936 2999 
6269 2937 2938 2939 
6270 2937 2939 3012 
6271 2960 2937 3012 
6272 2939 2938 3017 
6273 2938 2957 3023 
6274 2938 2973 3017 
6275 2973 2938 3023 
6276 2939 2992 3012 
6277 2992 2939 3034 
6278 2939 3017 3034 
6279 2940 2941 2942 
6280 2940 2942 2951 
6281 2942 2941 2943 
6282 2943 2941 2944 
6283 2944 2941 2959 
6284 2959 2941 3001 
6285 2942 2943 2961 
6286 2951 2942 3022 
6287 2942 2961 3022 
6288 2943 2944 2945 
6289 2943 2945 2964 
6290 2961 2943 2964 
6291 2945 2944 2946 
6292 2946 2944 2996 
6293 2944 2959 2996 
6294 2945 2946 2947 
6295 2945 2947 2948 
6296 2945 2948 2964 
6297 2947 2946 2949 
6298 2949 2946 2956 
6299 2956 2946 2996 
6300 2948 2947 2966 
6301 2947 2949 2950 
6302 2947 2950 2966 
6303 2964 2948 2991 
6304 2948 2966 3040 
6305 2991 2948 3040 
6306 2950 2949 2953 
6307 2953 2949 2989 
6308 2949 2956 2989 
6309 2950 2953 2963 
6310 2950 2963 3036 
6311 2966 2950 3036 
6312 2951 2978 2998 
6313 2978 2951 3022 
6314 2962 2952 2977 
6315 2963 2953 3010 
6316 2953 2989 3008 
6317 2953 3008 3010 
6318 2954 2965 3005 
6319 2997 2954 3005 
6320 2993 2955 3006 
6321 2989 2956 2990 
6322 3000 2957 3011 
6323 2957 3000 3023 
6324 2958 2984 3037 
6325 2996 2959 3004 
6326 2959 3001 3004 
6327 2981 2960 2994 
6328 2994 2960 3012 
6329 2961 2964 3018 
6330 2987 2961 3018 
6331 2980 2962 2985 
6332 2962 2980 3009 
6333 3003 2963 3010 
6334 2964 2991 3018 
6335 2966 2967 3040 
6336 2967 2986 2988 
6337 2986 2967 3021 
6338 2967 2988 3040 
6339 2969 2968 2992 
6340 2969 2992 3034 
6341 3000 2970 3041 
6342 2971 3037 3038 
6343 3039 2972 3041 
6344 2988 2976 2991 
6345 2982 2981 3014 
6346 2981 2994 3014 
6347 2983 2982 3014 
6348 3007 2982 3027 
6349 2983 2995 3028 
6350 3026 2983 3028 
6351 2988 2991 3040 
6352 2990 3031 3035 
3 1 4 13369
6353 1163 3353 3456 3995 
6354 2121 3377 3370 3750 
6355 3207 3743 3311 3855 
6356 568 3399 3854 3883 
6357 3219 3288 3081 3689 
6358 3109 3208 3189 3768 
6359 3313 3344 528 3988 
6360 3353 3419 1225 3456 
6361 732 3317 1846 4087 
6362 3063 3413 3146 3503 
6363 999 3702 3613 3716 
6364 2251 3167 3592 3896 
6365 3152 3406 591 3688 
6366 3205 3439 3099 4119 
6367 3439 3797 3099 4119 
6368 1349 1360 3370 3377 
6369 876 3512 3346 3720 
6370 2156 3878 3410 4140 
6371 3207 3832 3743 3855 
6372 2084 3509 3666 4075 
6373 2251 3592 2066 3896 
6374 568 3854 522 3883 
6375 1551 3286 3200 3629 
6376 1948 3464 3391 4027 
6377 1110 3419 1899 3456 
6378 3049 3521 3408 3926 
6379 883 895 1775 3245 
6380 3189 3208 3109 3878 
6381 2159 3377 3663 3809 
6382 1918 3246 1919 3769 
6383 811 3205 3357 3867 
6384 714 3256 2148 3577 
6385 3265 3443 3352 3770 
6386 3408 3521 3225 3926 
6387 1753 3694 3296 3760 
6388 2181 3531 3170 3604 
6389 3135 3342 3201 3975 
6390 3394 3681 3151 3947 
6391 3164 3229 3090 3736 
6392 2106 3556 2107 3842 
6393 3081 3689 3288 4043 
6394 571 3638 3395 3787 
6395 754 732 1846 4087 
6396 3090 3229 3164 3644 
6397 3100 3208 3189 3410 
6398 3059 3260 3484 3540 
6399 2084 1929 3509 4075 
6400 3352 3610 3265 3770 
6401 1062 3741 3214 3865 
6402 3346 3512 3188 3720 
6403 3391 3464 1948 3893 
6404 1507 3251 3626 3696 
6405 626 3402 3597 4039 
6406 3352 3443 3265 3610 
6407 2107 3556 3242 3842 
6408 1999 3604 3170 3861 
6409 3109 3768 3189 3800 
6410 3047 3189 3707 3768 
6411 2039 3456 3419 3783 
6412 571 3395 3679 3787 
6413 3200 3286 1551 3763 
6414 1918 3246 3769 3873 
6415 2107 3242 1982 3842 
6416 811 3205 807 3357 
6417 3362 3592 3167 3896 
6418 842 3556 3400 3881 
6419 754 3317 732 4087 
6420 3063 3146 3413 3505 
6421 1262 3319 1279 3578 
6422 626 3402 3528 3597 
6423 679 3427 666 3587 
6424 2106 2107 1982 3842 
6425 1194 3403 3264 3762 
6426 3059 3484 3336 3540 
6427 3564 3566 1018 3705 
6428 591 3406 3152 3633 
6429 1409 3670 3374 3789 
6430 3208 3707 3189 3768 
6431 2066 3592 3362 3896 
6432 1067 3993 3810 3995 
6433 3319 3519 1279 3578 
6434 786 3775 3306 4111 
6435 3049 3468 3521 3926 
6436 3309 3775 884 4111 
6437 3390 3689 3559 3697 
6438 608 3575 1815 3733 
6439 3329 3636 3571 3767 
6440 3121 3229 3644 3923 
6441 1194 3762 3264 3887 
6442 3254 3260 3059 4059 
6443 3780 3787 548 3862 
6444 1776 1775 895 3245 
6445 899 3309 884 4111 
6446 1849 3319 1682 3519 
6447 1869 3416 3311 3666 
6448 1869 3311 1885 3666 
6449 3086 3743 3207 3832 
6450 3156 3714 3593 3821 
6451 2195 1175 3364 3411 
6452 2073 3411 3364 3645 
6453 3374 3670 1409 3999 
6454 3167 3592 3489 3877 
6455 1529 3848 3381 3970 
6456 786 884 3775 4111 
6457 608 627 3575 3733 
6458 1682 3519 3319 4010 
6459 3121 3644 3164 3923 
6460 2181 3170 1999 3604 
6461 528 3313 597 3344 
6462 2084 3666 3308 4075 
6463 780 3400 842 3556 
6464 1869 1885 3416 3666 
6465 3352 3599 3443 3784 
6466 1272 3282 1260 3368 
6467 1529 3970 3381 4148 
6468 3189 3410 3878 4140 
6469 1884 1885 3311 3666 
6470 1752 3614 3312 3827 
6471 3254 3059 3998 4059 
6472 3137 3200 3286 3808 
6473 532 3688 3372 3807 
6474 1919 3769 3246 3779 
6475 2161 1349 3370 3377 
6476 2121 3663 3377 3750 
6477 3120 3528 3402 3597 
6478 1815 3575 608 4204 
6479 2106 3556 3842 4019 
6480 3135 3342 3975 4063 
6481 2095 1948 3391 4027 
6482 3302 3938 631 4213 
6483 811 809 3205 3867 
6484 1163 3455 3353 3995 
6485 786 899 884 4111 
6486 3056 3498 3747 3942 
6487 716 2187 3298 3430 
6488 2181 3436 3170 3531 
6489 3571 3636 3197 3767 
6490 1437 960 3316 3325 
6491 811 809 807 3205 
6492 3613 3702 3130 3716 
6493 3063 3146 3505 4001 
6494 3058 3241 3576 3841 
6495 972 3316 960 3325 
6496 3214 3741 3299 3865 
6497 2095 3391 1948 3893 
6498 3518 3691 1319 3913 
6499 3164 3232 3090 3517 
6500 3389 3518 1319 3913 
6501 3559 3689 3257 3697 
6502 3318 3609 3563 3770 
6503 1067 3810 3508 3995 
6504 622 3395 571 3638 
6505 3563 3609 3078 3770 
6506 1869 1884 1885 3311 
6507 999 3613 3350 3716 
6508 677 3307 643 3917 
6509 3153 3560 3048 3651 
6510 3058 3157 3314 3841 
6511 3308 3666 3509 4075 
6512 1511 3169 1527 4146 
6513 3057 3211 3562 3708 
6514 1501 3681 3394 3947 
6515 3242 3674 1982 3842 
6516 2123 2143 2216 3674 
6517 2073 3411 3645 3844 
6518 1782 3306 786 3775 
6519 3311 3743 3637 3855 
6520 3200 3137 3607 3808 
6521 542 3328 3183 3684 
6522 3057 3211 3708 4105 
6523 1948 3464 4027 4112 
6524 3071 3421 3459 3595 
6525 3797 4056 3099 4119 
6526 2036 3282 3269 3872 
6527 3069 3429 3222 3860 
6528 3208 3438 3109 3878 
6529 842 843 3556 3881 
6530 619 591 3152 3807 
6531 3152 3688 619 3807 
6532 3370 3377 1360 3815 
6533 884 3309 1443 3775 
6534 3304 3333 3064 3701 
6535 1062 3299 3741 3865 
6536 743 3919 3550 3933 
6537 619 3152 591 3688 
6538 3386 3900 3639 3906 
6539 1632 3175 3445 3471 
6540 3189 3208 3100 3707 
6541 3147 3077 3361 3780 
6542 3252 3633 536 3807 
6543 701 3446 3194 3632 
6544 3252 3854 3399 3883 
6545 3147 3077 3780 4000 
6546 3481 3581 3451 4137 
6547 3369 1982 3674 3842 
6548 3059 3260 3254 3484 
6549 3329 3571 3133 3767 
6550 742 743 3550 3933 
6551 597 3344 3313 3754 
6552 3282 3368 1272 3818 
6553 1253 3709 3282 3818 
6554 883 829 895 3245 
6555 542 543 3328 3684 
6556 3179 3609 3318 3770 
6557 3221 3851 3442 3969 
6558 2176 717 716 3298 
6559 535 3252 536 3807 
6560 1255 3602 3366 3709 
6561 3151 3459 3421 3595 
6562 846 3512 3600 3881 
6563 3169 3504 1527 4146 
6564 3217 3370 3191 3371 
6565 3304 3064 3333 3904 
6566 3188 3512 3260 3600 
6567 3146 3413 3231 3503 
6568 3058 3576 3157 3841 
6569 3164 3090 3232 3736 
6570 3207 3666 3311 3743 
6571 3164 3644 3229 3923 
6572 3120 3597 3402 4039 
6573 2156 3410 3782 4140 
6574 3607 3808 3137 3907 
6575 3081 3239 3689 4043 
6576 2056 3419 3485 3721 
6577 3250 3560 3165 3840 
6578 3221 2193 3851 3969 
6579 3057 3708 3562 3918 
6580 1260 3282 1936 3368 
6581 1752 1569 3614 3827 
6582 863 3579 3254 4059 
6583 1776 3245 895 3500 
6584 543 3580 3328 3684 
6585 3077 3147 3361 3486 
6586 1768 3289 838 3473 
6587 1999 3331 3604 3861 
6588 3263 3427 1617 3587 
6589 1682 3536 3519 4010 
6590 2106 1982 3369 3842 
6591 3063 3503 3146 4001 
6592 3047 3189 3768 3800 
6593 863 3254 862 4059 
6594 3058 3241 3841 3991 
6595 3057 3278 3708 3918 
6596 3185 3432 1905 3851 
6597 3260 3512 3188 3540 
6598 2036 3269 3282 4180 
6599 846 3512 848 3600 
6600 3210 3787 3780 3862 
6601 2106 3842 3369 4019 
6602 3135 3975 3450 4063 
6603 3066 3342 3201 3375 
6604 3252 522 3854 3883 
6605 3137 3907 3808 4089 
6606 3077 3147 3486 4000 
6607 3048 3560 3153 3984 
6608 3087 3249 3372 4077 
6609 1713 3618 3491 3866 
6610 3081 3239 3735 4052 
6611 3128 3204 3296 3717 
6612 3692 3825 3265 4074 
6613 3155 3581 3481 4137 
6614 1519 1520 3212 3414 
6615 3743 3832 3202 3855 
6616 1255 3366 3480 3709 
6617 971 1734 3316 3564 
6618 751 3345 105 3785 
6619 3234 3253 3113 3852 
6620 1253 1247 3709 3818 
6621 1632 3175 1631 3445 
6622 709 2148 714 3256 
6623 3089 3489 3411 3568 
6624 1336 3374 2177 3436 
6625 2172 3750 3371 4004 
6626 811 3357 3439 3867 
6627 3046 3692 3265 4074 
6628 3204 3460 1573 3694 
6629 1753 1574 3694 3760 
6630 532 619 3688 3807 
6631 3069 3222 3451 3860 
6632 1519 3414 3212 3884 
6633 1501 3394 3151 3947 
6634 1225 1163 3353 3456 
6635 1529 1530 3970 4148 
6636 2159 3669 3377 3809 
6637 3429 3451 3222 3860 
6638 3270 3369 1977 3674 
6639 1632 1631 3175 3751 
6640 3056 3168 3498 3942 
6641 1574 3204 3694 3760 
6642 2061 3412 3198 3964 
6643 878 3871 3201 4048 
6644 3456 3783 2039 3993 
6645 3152 3372 3249 4077 
6646 3176 3263 3114 3841 
6647 3198 3412 2061 3817 
6648 1062 3214 3810 3865 
6649 2061 3198 2062 3964 
6650 2062 3198 2061 3817 
6651 742 741 743 3933 
6652 3046 3265 3692 3825 
6653 2159 3663 1969 3809 
6654 3142 3411 3489 3568 
6655 103 3290 3297 3690 
6656 3207 3086 3666 3743 
6657 3048 3153 3651 3757 
6658 1631 3445 3175 3751 
6659 3443 3599 3332 3784 
6660 3142 3592 3541 4092 
6661 3370 3377 3102 3750 
6662 3309 3970 1672 3990 
6663 888 3245 827 3497 
6664 780 842 843 3556 
6665 103 3656 3290 3690 
6666 1689 3739 3338 3967 
6667 3593 3714 2028 3821 
6668 3255 3285 3066 3724 
6669 1796 3309 896 3496 
6670 3370 3371 2172 3750 
6671 3057 3708 3278 4105 
6672 3372 3688 3152 3807 
6673 1982 1977 3369 3674 
6674 3260 3104 3484 3540 
6675 3194 3380 701 3632 
6676 1905 3432 3185 3514 
6677 1411 3858 3379 4158 
6678 2036 3269 1967 3872 
6679 3261 3808 3907 4089 
6680 1107 3475 3232 4020 
6681 2014 3293 3652 3700 
6682 3136 3663 3377 3809 
6683 3056 3162 3487 3746 
6684 1529 1510 3848 3970 
6685 751 3738 3345 3785 
6686 2278 2111 3551 3986 
6687 3260 3254 3484 3579 
6688 1507 3251 1488 3626 
6689 3114 3263 3176 3732 
6690 2188 3442 3851 3969 
6691 3056 3498 3205 3747 
6692 786 884 1786 3775 
6693 3056 3498 3168 3559 
6694 973 972 960 3325 
6695 923 3734 3615 3849 
6696 888 3245 3497 3500 
6697 3063 3243 3303 3453 
6698 595 3399 1896 3441 
6699 3201 3342 3066 3975 
6700 3095 3705 3301 3816 
6701 3170 3604 3331 3861 
6702 3076 3545 3589 3831 
6703 1410 3379 3670 3789 
6704 1713 1766 3618 3866 
6705 3199 3589 3545 3831 
6706 3058 3314 3157 3576 
6707 898 3357 1800 3439 
6708 88 1952 677 3917 
6709 3453 3505 3149 3766 
6710 3136 3377 3663 4100 
6711 3394 3741 3642 4188 
6712 1110 1899 1206 3456 
6713 3283 3626 3251 3696 
6714 3199 3272 3136 3857 
6715 754 3672 3317 4087 
6716 3056 3162 3746 4119 
6717 3061 3612 3292 3685 
6718 3222 3451 3429 3793 
6719 3301 3705 3547 3816 
6720 1432 1368 3277 3415 
6721 3137 3808 3286 4089 
6722 3087 3249 3215 4215 
6723 1632 3751 3175 4125 
6724 1755 3274 731 3672 
6725 2124 3875 3535 4061 
6726 2014 3652 3293 3981 
6727 3663 3809 3136 4100 
6728 3387 3674 3875 3998 
6729 3151 3394 1501 3727 
6730 2154 2148 709 3256 
6731 3150 3419 3353 3456 
6732 627 608 3575 4204 
6733 3404 3575 627 3733 
6734 3316 3325 972 3748 
6735 3087 3372 3249 4215 
6736 1846 3317 1618 4087 
6737 3253 3478 3113 3852 
6738 3419 3721 2056 3783 
6739 3221 3327 3072 3806 
6740 3216 3840 3662 4102 
6741 1775 883 3245 3473 
6742 1382 1375 631 3302 
6743 3303 3505 3453 3766 
6744 3081 3239 3474 3689 
6745 3169 1511 3594 4146 
6746 3087 3215 3372 4215 
6747 998 3547 3705 3816 
6748 3250 3165 3481 3840 
6749 3191 3147 3537 4000 
6750 1070 3810 1067 3993 
6751 3122 3521 3468 3926 
6752 3260 3600 3512 3881 
6753 3147 3191 3537 4013 
6754 3090 3408 3353 3508 
6755 3186 3502 3148 3545 
6756 1507 3626 3283 3696 
6757 3199 3136 3703 3857 
6758 3238 3517 3083 3622 
6759 3164 3517 3238 3622 
6760 3142 3489 3592 4092 
6761 88 3326 1952 3917 
6762 3339 3431 2081 3593 
6763 3239 3081 3474 4052 
6764 3095 3301 3547 3816 
6765 1320 3529 3324 3927 
6766 3130 3499 3673 3937 
6767 3257 3664 3559 3697 
6768 1018 3301 3564 3705 
6769 1563 3423 3200 3763 
6770 3336 3365 3070 3472 
6771 1410 3379 3557 3670 
6772 3290 3124 3442 3806 
6773 3186 3338 3103 3739 
6774 1214 3364 1175 3411 
6775 4031 4151 3802 4160 
6776 1638 3332 3599 3784 
6777 1888 1918 3769 3873 
6778 3292 3442 3124 3806 
6779 3353 3408 3150 3508 
6780 1936 3368 3282 3872 
6781 3112 3559 3664 3697 
6782 1786 884 1443 3775 
6783 3068 3537 3341 3862 
6784 3061 3221 3327 3948 
6785 1409 3670 1390 3999 
6786 3170 3436 2181 3835 
6787 1925 3335 3514 3886 
6788 1349 1330 1360 3377 
6789 1507 1653 1488 3251 
6790 3387 3875 3133 3998 
6791 3451 3481 3165 3581 
6792 3290 3292 3124 3806 
6793 550 3437 3210 3780 
6794 3374 3670 3129 3789 
6795 3405 3847 1923 4007 
6796 1547 3338 1689 3739 
6797 3211 3461 823 3870 
6798 3076 3202 3619 4190 
6799 3491 3618 1713 3880 
6800 3296 3694 3204 3760 
6801 1979 3270 3387 3957 
6802 1782 786 1786 3775 
6803 3336 3540 3484 3953 
6804 3064 3158 3283 3798 
6805 971 3316 983 3564 
6806 1952 3860 3307 3917 
6807 751 734 3345 3611 
6808 822 823 3461 3870 
6809 3377 3663 3102 3750 
6810 499 631 1375 3302 
6811 3090 3214 3229 3644 
6812 3060 3303 3243 3453 
6813 3197 3108 3527 4006 
6814 2124 3329 3875 4061 
6815 2111 3551 3986 4088 
6816 3090 3229 3214 3654 
6817 1563 3423 3763 3846 
6818 886 1800 898 3357 
6819 701 684 3194 3446 
6820 3241 3114 3959 4065 
6821 1979 3387 1981 3957 
6822 1952 3307 677 3917 
6823 1527 3396 3169 3792 
6824 1905 3514 3185 3886 
6825 3394 3642 200 3727 
6826 751 3611 3345 3738 
6827 1563 3763 1568 3846 
6828 1376 3230 1412 3814 
6829 1952 3326 3860 3917 
6830 1382 3302 631 4213 
6831 3191 3370 3217 3750 
6832 1362 3371 3370 4090 
6833 542 3183 3328 3795 
6834 3076 3619 3202 4120 
6835 1159 3403 3280 3914 
6836 1873 3400 780 3556 
6837 3061 3612 3685 4184 
6838 3155 3481 3451 4137 
6839 658 3448 3462 3488 
6840 3191 3371 3370 3750 
6841 1362 3370 3217 4090 
6842 3314 3591 3176 3841 
6843 3400 3556 1873 4019 
6844 3528 3597 3279 3811 
6845 3191 3750 3217 4025 
6846 1435 3291 1045 3449 
6847 567 3795 3315 3891 
6848 3140 3198 3582 3934 
6849 1921 3405 1923 4007 
6850 3121 3229 3214 3644 
6851 3505 3521 3149 3766 
6852 3802 4031 3450 4151 
6853 622 571 3395 3679 
6854 3074 3543 3698 4108 
6855 1702 3614 3258 3895 
6856 3224 3665 931 4021 
6857 641 1847 679 3587 
6858 3290 3345 3072 3442 
6859 3240 3070 3365 3472 
6860 3279 3528 3120 3597 
6861 1248 3178 1247 3561 
6862 3232 3475 1626 4020 
6863 888 829 827 3245 
6864 3539 3544 3255 4073 
6865 3327 3806 3221 4103 
6866 1632 3471 3445 3972 
6867 987 1018 3566 3705 
6868 1562 1551 3200 3629 
6869 2193 3221 3463 3969 
6870 3359 3747 3498 3942 
6871 3098 3285 3255 3724 
6872 716 2187 2176 3298 
6873 3214 3654 3229 4124 
6874 3599 3784 3352 4202 
6875 3100 3689 3390 3697 
6876 3203 3510 3154 3590 
6877 3074 3723 3202 3832 
6878 3061 3685 3292 4103 
6879 1141 3343 3273 3601 
6880 1501 3151 3727 3947 
6881 3266 3310 3138 4035 
6882 550 551 3437 3780 
6883 701 3380 3194 3987 
6884 3266 3310 4035 4191 
6885 1638 3784 3599 4202 
6886 3191 3371 3750 4004 
6887 1673 1672 3309 3970 
6888 3071 3239 3595 3829 
6889 3350 3613 3130 3716 
6890 3186 3338 3148 3502 
6891 626 3597 583 4039 
6892 3074 3526 3723 3832 
6893 3447 3578 3178 3709 
6894 3216 3058 3662 3840 
6895 3157 3212 3543 3698 
6896 3071 3459 3421 3625 
6897 703 716 3298 3430 
6898 3279 3597 3120 4076 
6899 3342 3066 3975 4063 
6900 878 3375 3201 3871 
6901 3103 3186 3739 4050 
6902 3203 3154 3510 3879 
6903 3140 3412 3198 3934 
6904 3246 3418 3085 3769 
6905 3238 3083 3517 4001 
6906 972 3325 973 3748 
6907 3169 3396 1527 3504 
6908 1653 3251 1507 3696 
6909 3255 3285 3098 3928 
6910 3372 3504 1649 3706 
6911 1632 3445 1630 3972 
6912 3128 3296 3204 3760 
6913 1410 3557 1389 3670 
6914 88 677 643 3917 
6915 1702 3258 3614 3621 
6916 931 3665 3224 3849 
6917 3304 3701 3064 3909 
6918 3123 3253 3478 3874 
6919 1320 3174 3529 3927 
6920 3263 3176 3591 3841 
6921 3341 3537 3147 3862 
6922 1110 1225 3419 3456 
6923 542 541 543 3684 
6924 3071 3595 3291 3829 
6925 1563 3200 1551 3763 
6926 3148 3545 3502 3857 
6927 3217 3750 3370 4025 
6928 1390 3670 1409 3789 
6929 3550 3919 3209 3933 
6930 1436 3337 1342 3426 
6931 1846 1420 754 4087 
6932 3189 3100 3697 3707 
6933 701 684 3446 3632 
6934 3153 3757 3048 3984 
6935 3165 3085 3686 4007 
6936 3162 3640 1525 3797 
6937 1432 1368 293 3277 
6938 985 3566 3240 3745 
6939 3266 4035 3488 4191 
6940 3179 3533 3343 3582 
6941 1761 3699 3241 3740 
6942 3343 3533 3140 3582 
6943 1730 3332 686 3634 
6944 1735 1730 686 3634 
6945 3179 3343 3140 3582 
6946 3063 3243 3453 3920 
6947 3066 3255 3799 3928 
6948 3202 3723 3074 4190 
6949 3484 3540 3104 3953 
6950 2204 510 3233 3584 
6951 3510 3590 3203 3879 
6952 3106 3163 3657 3707 
6953 2228 595 1896 3441 
6954 105 751 734 3345 
6955 1696 1775 1776 3245 
6956 1086 1228 3456 3995 
6957 3201 3464 3135 3975 
6958 3292 3685 3612 4103 
6959 3176 3841 3114 4016 
6960 1899 3419 2039 3456 
6961 2211 781 3329 4061 
6962 1647 3539 3255 4073 
6963 1811 3475 1107 4020 
6964 1645 3291 1435 3449 
6965 800 3205 3359 3655 
6966 2188 3851 3442 3886 
6967 3201 3342 3135 3386 
6968 3064 3283 3158 4153 
6969 3069 3222 3429 3454 
6970 3158 3241 3959 4065 
6971 1570 3621 3171 3908 
6972 848 3512 3188 3600 
6973 985 3745 3240 4116 
6974 3395 3638 3137 3787 
6975 2195 3364 2073 3411 
6976 2247 2251 3167 3592 
6977 3123 3478 3253 3852 
6978 2218 3242 784 3535 
6979 3290 3413 3297 3690 
6980 3074 3723 3526 4190 
6981 3157 3576 3241 3841 
6982 893 838 3289 3473 
6983 3064 3158 3798 3959 
6984 3177 3838 3598 4128 
6985 3213 3248 3060 4009 
6986 3367 3749 3703 3809 
6987 1551 1563 1562 3200 
6988 3367 3703 3136 3809 
6989 2161 3370 2121 3377 
6990 3177 3403 3598 3838 
6991 3123 3478 3765 3874 
6992 3126 3476 3435 3501 
6993 866 3306 1447 3500 
6994 3150 3353 3419 4189 
6995 807 3357 3205 3655 
6996 3156 3399 3252 3567 
6997 3252 3399 3096 3567 
6998 866 786 1782 3306 
6999 1075 3642 3394 3741 
7000 567 609 3315 3795 
7001 3372 3706 1649 4012 
7002 1437 3316 1731 3325 
7003 3317 3672 762 3919 
7004 3198 3412 3140 3964 
7005 1965 3878 2156 4140 
7006 1999 1990 3331 3861 
7007 1468 3340 1199 3466 
7008 3124 3345 3290 3442 
7009 3162 3452 1525 3640 
7010 619 532 591 3807 
7011 1837 1275 1231 3425 
7012 549 3780 548 3862 
7013 3100 3288 3219 3689 
7014 1468 1193 1199 3340 
7015 1647 3544 3539 4073 
7016 3079 3825 3692 4074 
7017 3163 3070 3325 3573 
7018 104 103 3290 3297 
7019 1999 3170 2000 3861 
7020 1713 1826 3491 3880 
7021 1360 3377 1330 3815 
7022 3243 3063 3303 4201 
7023 1957 3308 3666 3714 
7024 3056 4056 3162 4119 
7025 3191 3486 3147 4000 
7026 3076 3202 3479 4120 
7027 3078 3610 3352 3770 
7028 3189 3100 3410 3782 
7029 3270 3348 3109 3472 
7030 1348 1373 1325 3789 
7031 3179 3770 3318 3950 
7032 3176 3314 3841 4016 
7033 1570 3614 3171 3621 
7034 3637 3743 3202 3855 
7035 3200 3423 1563 3796 
7036 3109 3365 3336 3472 
7037 3155 3662 3840 4102 
7038 3137 3286 3200 3763 
7039 3066 3799 3285 3928 
7040 3241 3704 1759 4133 
7041 2231 1896 3399 3441 
7042 1441 3305 83 3427 
7043 3391 3464 3172 4027 
7044 1214 3364 3411 4138 
7045 3056 3487 3474 3746 
7046 2278 3551 3373 3986 
7047 1018 1008 3301 3705 
7048 3241 3704 3114 4065 
7049 3437 585 3781 3811 
7050 1045 3291 969 3449 
7051 800 3359 3205 3498 
7052 3135 3975 3464 4151 
7053 3318 3563 3160 3770 
7054 3511 3779 3520 4070 
7055 3434 3794 3175 4141 
7056 3137 3679 3395 3787 
7057 921 3506 3880 4044 
7058 1632 1640 3751 4125 
7059 1529 1530 1510 3970 
7060 3157 3698 3543 4108 
7061 3232 3475 1107 4051 
7062 3223 3264 3092 3440 
7063 3224 3363 3130 3665 
7064 3279 3811 3597 4076 
7065 3303 3517 3083 4001 
7066 2036 1967 3269 4180 
7067 1400 1723 1462 3858 
7068 1813 3321 1181 3475 
7069 3066 3285 3255 3928 
7070 1673 3309 3496 3970 
7071 3119 3485 3419 3721 
7072 1905 1925 3514 3886 
7073 612 3395 1783 3458 
7074 1486 1844 3503 3898 
7075 3290 3072 3345 3785 
7076 624 567 609 3315 
7077 1892 3230 1376 3814 
7078 1632 1640 1631 3751 
7079 3058 3841 3314 3991 
7080 3418 3769 3246 3873 
7081 2242 2039 3419 3783 
7082 3114 3241 3959 3991 
7083 1509 1525 3640 3797 
7084 1511 1479 1527 3169 
7085 3704 3959 3114 4065 
7086 3085 3405 3246 3769 
7087 857 3549 3871 4048 
7088 3341 3537 3068 3930 
7089 920 3615 3294 3849 
7090 1643 3599 3332 3634 
7091 3165 3769 3085 4007 
7092 3238 3303 3083 4001 
7093 3247 3735 3239 4052 
7094 1100 1190 1708 3318 
7095 1957 3666 3207 3714 
7096 1462 3258 1377 3858 
7097 1327 3217 1362 3370 
7098 1451 1435 1645 3291 
7099 927 931 3665 4021 
7100 3362 3592 2066 3844 
7101 655 676 654 3275 
7102 1820 3599 3251 3695 
7103 3130 3363 3224 4209 
7104 3076 3589 3545 3606 
7105 1930 3429 3451 3793 
7106 3136 3857 3259 3879 
7107 3324 3529 1320 4040 
7108 1253 3480 3282 3709 
7109 3103 3338 3186 3502 
7110 3291 3449 1645 3848 
7111 3178 3447 3709 4139 
7112 3245 3500 1776 4185 
7113 3130 3499 3193 3673 
7114 3093 3437 3781 3811 
7115 573 3684 3441 3833 
7116 3381 3848 3397 3970 
7117 666 3587 3427 4024 
7118 3191 3147 3486 4013 
7119 3434 4071 3794 4141 
7120 3128 3617 3204 3717 
7121 3105 3264 3223 3440 
7122 3142 3489 3411 3844 
7123 3106 3487 3291 3829 
7124 3290 3656 3413 3690 
7125 3260 3540 3188 3600 
7126 3136 3703 3857 3879 
7127 896 3309 851 3496 
7128 3664 4056 3056 4119 
7129 969 1045 199 3291 
7130 3236 3839 1127 3863 
7131 3248 3940 3383 4009 
7132 822 3461 3850 3870 
7133 3363 3665 3224 4021 
7134 1248 1247 3178 3578 
7135 1443 896 1796 3309 
7136 1849 1606 1682 3319 
7137 1623 3289 3618 3866 
7138 3468 3521 3122 3948 
7139 3245 3527 3108 4006 
7140 3377 3669 3136 3809 
7141 3280 3403 1159 3762 
7142 3138 3310 3266 4186 
7143 999 1002 3702 3716 
7144 3310 3266 4186 4191 
7145 3128 3717 3296 3774 
7146 3076 3619 4120 4190 
7147 3159 3885 1517 4073 
7148 3186 3967 3739 4050 
7149 1518 1517 3885 4073 
7150 1054 1750 3229 3546 
7151 3204 3694 3296 3717 
7152 1295 1319 3518 3691 
7153 1411 1408 3858 4158 
7154 1522 3427 679 3587 
7155 3140 3343 3179 3837 
7156 1909 3207 1957 3666 
7157 3363 4021 3224 4209 
7158 3221 3072 3442 3806 
7159 1100 3318 1708 3466 
7160 1327 3217 3370 3815 
7161 3221 3806 3442 4103 
7162 3233 3435 3126 3476 
7163 3241 3158 3959 3991 
7164 3070 3325 3573 3921 
7165 3239 3595 3247 4052 
7166 3277 3354 1439 3792 
7167 83 3427 3305 3820 
7168 1499 3212 3396 4117 
7169 3397 3848 1510 3970 
7170 3172 4027 3464 4112 
7171 3106 3384 3163 3707 
7172 3071 3595 3239 4052 
7173 591 3633 3152 3807 
7174 294 3608 3354 3619 
7175 1041 3350 999 3613 
7176 612 1783 625 3458 
7177 1486 3898 3503 3961 
7178 3161 3067 3337 3808 
7179 3130 3673 3220 3937 
7180 3447 3525 3178 3578 
7181 3205 3664 3056 4119 
7182 1667 3496 3439 3797 
7183 1897 3248 1210 3572 
7184 1753 3760 3296 3956 
7185 1653 3251 3696 4123 
7186 3173 3437 3093 3811 
7187 3242 3998 3059 4059 
7188 2111 3986 3620 4088 
7189 3424 3498 795 3853 
7190 555 3233 602 3476 
7191 3251 3599 1820 3901 
7192 3511 3520 3062 4070 
7193 998 3547 3301 3705 
7194 2182 3716 3350 3753 
7195 602 555 601 3233 
7196 104 3297 3290 3785 
7197 2058 3894 3424 3960 
7198 904 793 3506 4134 
7199 2014 2053 3293 3700 
7200 510 2204 3233 4085 
7201 3284 3154 3822 3879 
7202 3177 3440 3403 3838 
7203 684 3194 3446 3726 
7204 3210 3276 3787 3862 
7205 3153 3269 3560 3651 
7206 3203 3822 3154 3879 
7207 3049 3521 3505 3766 
7208 1573 3460 3204 3824 
7209 1646 1432 3277 3415 
7210 3056 3746 3747 4119 
7211 3117 3348 3270 3472 
7212 3238 3517 3164 4001 
7213 3060 3243 3303 3555 
7214 1912 3293 783 3981 
7215 3366 3602 3115 3709 
7216 3130 3665 3702 3937 
7217 3201 3375 3342 3871 
7218 1479 1527 3169 3792 
7219 1924 3463 3221 3620 
7220 3056 3559 3168 3942 
7221 655 3275 3558 3733 
7222 2247 3592 3167 3628 
7223 532 3807 3372 4215 
7224 796 3498 3424 4177 
7225 1731 3325 3316 3693 
7226 3139 3599 3443 3603 
7227 3439 3496 887 3720 
7228 2037 3639 3900 3906 
7229 3056 3205 3498 3664 
7230 2079 2095 1948 3893 
7231 2193 3221 1924 3463 
7232 554 585 3437 3811 
7233 3324 3529 3174 3927 
7234 1496 3544 1518 3885 
7235 1435 199 1045 3291 
7236 3284 3510 3154 3879 
7237 3383 3766 3522 4183 
7238 3161 3337 3067 3954 
7239 2180 3282 1235 3480 
7240 3123 3765 3478 3852 
7241 3064 3158 3959 4153 
7242 1441 3398 3305 3427 
7243 609 3458 3315 3795 
7244 803 3359 3285 3655 
7245 3198 3140 3582 3964 
7246 2000 3467 3170 3835 
7247 1499 3396 3543 4117 
7248 3069 3429 3307 3454 
7249 1884 3666 3311 3899 
7250 2062 3649 3198 3817 
7251 3121 3164 3644 3722 
7252 1445 3318 1192 3922 
7253 3197 3527 3108 3772 
7254 3079 3649 3256 3692 
7255 3128 3617 3717 3937 
7256 3615 3734 3141 3849 
7257 3193 3094 3457 4105 
7258 3129 3670 3374 3999 
7259 1837 1231 1818 3425 
7260 2248 1206 1899 3456 
7261 3220 3224 3130 3665 
7262 2188 3851 2193 3969 
7263 3219 3559 3390 3689 
7264 3064 3904 3304 3909 
7265 548 549 550 3780 
7266 1520 3212 3414 3706 
7267 3315 3795 3183 3891 
7268 562 3684 573 3833 
7269 2003 3457 3700 3931 
7270 2062 3645 3198 3649 
7271 778 1768 838 3473 
7272 971 1011 1734 3564 
7273 1247 3561 3178 3818 
7274 3214 3299 3122 3865 
7275 3177 3403 1145 3598 
7276 2231 2228 1896 3441 
7277 3081 3735 3239 4043 
7278 1086 3455 1228 3995 
7279 3147 3537 3341 3930 
7280 3411 3489 3089 3844 
7281 3079 3198 3649 3692 
7282 764 3209 3470 3919 
7283 3177 3440 3838 4128 
7284 3163 3381 3106 3657 
7285 202 3239 3247 3735 
7286 716 717 703 3298 
7287 1623 3618 3289 3824 
7288 3072 3327 3221 3521 
7289 836 783 3293 3981 
7290 3404 3558 3275 3733 
7291 3435 3501 3476 3882 
7292 3193 3499 3094 4105 
7293 3087 3414 3215 3710 
7294 3255 3376 3274 3552 
7295 3397 3657 3381 3970 
7296 3255 3066 3376 3552 
7297 3274 3376 3066 3552 
7298 679 666 641 3587 
7299 3307 3429 3069 3860 
7300 3625 3885 3459 4167 
7301 1653 3695 3251 4123 
7302 3165 3847 3405 4007 
7303 1248 3178 3561 3578 
7304 767 3393 1851 3611 
7305 1918 1919 1888 3769 
7306 742 3550 743 3919 
7307 3081 3474 3219 3689 
7308 3246 3769 3405 3779 
7309 1451 3291 1645 3848 
7310 554 3811 3437 4217 
7311 1979 3387 3270 3674 
7312 621 3372 532 3688 
7313 3296 3694 3095 3717 
7314 3524 3624 3493 4087 
7315 3115 3709 3447 4139 
7316 1750 1848 3229 3546 
7317 3090 3271 3353 3408 
7318 1251 1262 1279 3578 
7319 781 2210 2211 3329 
7320 1979 1981 1980 3957 
7321 3076 3723 3202 4190 
7322 555 601 3233 4217 
7323 2003 3700 3193 3931 
7324 3512 3540 3260 3881 
7325 1930 3429 3793 4132 
7326 3180 3381 3657 3970 
7327 3233 3476 555 4217 
7328 3321 3475 1812 3643 
7329 866 786 3306 4111 
7330 1750 1054 3229 3983 
7331 1798 3439 1667 3496 
7332 880 3711 1814 4022 
7333 3276 3862 3210 4000 
7334 2062 2063 3649 3817 
7335 3429 3222 3793 4132 
7336 3122 3225 3521 3926 
7337 1682 3319 1606 4010 
7338 3419 3456 3150 3783 
7339 3189 3782 3410 4140 
7340 2014 3293 2053 3981 
7341 3251 3599 3139 3603 
7342 3155 3481 3581 3840 
7343 3205 3439 3357 3867 
7344 3354 3608 3576 3619 
7345 561 3173 556 3597 
7346 567 3183 3795 3891 
7347 1034 3650 3856 4018 
7348 3250 3447 3560 3840 
7349 3370 3371 3217 4090 
7350 2064 3645 2062 3649 
7351 1146 3264 1194 3403 
7352 1825 1713 3267 3880 
7353 927 3665 931 3849 
7354 3307 3429 2259 3803 
7355 3296 3717 3218 3774 
7356 3068 3341 3930 4081 
7357 921 3880 929 4044 
7358 3221 3122 3521 3948 
7359 2218 784 3242 3556 
7360 3364 3411 3089 3645 
7361 202 3239 201 3247 
7362 3374 3835 3129 3999 
7363 613 3597 3528 3811 
7364 3305 3427 3398 3820 
7365 1921 3769 3405 4007 
7366 1958 3821 3714 4028 
7367 3122 3299 3214 3468 
7368 1525 3452 3162 3905 
7369 2247 2088 2251 3592 
7370 3056 3487 3162 4056 
7371 3358 3702 3665 3937 
7372 1551 3763 3286 3903 
7373 3222 3314 3044 3454 
7374 3069 3314 3222 3454 
7375 1256 1272 3368 3818 
7376 1468 1804 1193 3340 
7377 3222 3314 3069 3481 
7378 3340 3466 1468 4123 
7379 3317 3493 3624 4087 
7380 540 542 3183 3684 
7381 1455 1439 3354 3792 
7382 684 701 3194 3726 
7383 3395 3458 570 3679 
7384 3172 4151 4031 4160 
7385 3207 3407 1941 3714 
7386 536 3252 537 3433 
7387 3545 3589 3148 3606 
7388 2156 3782 1963 4140 
7389 1861 3370 1345 3371 
7390 3140 3179 3582 3837 
7391 3254 3998 3941 4059 
7392 2037 3386 3639 3906 
7393 1345 3370 1362 3371 
7394 655 3275 654 3558 
7395 3215 3249 3087 3710 
7396 3085 3418 3246 3701 
7397 3157 3212 3698 4108 
7398 764 743 3209 3919 
7399 1516 1538 3223 3536 
7400 1400 1462 1377 3858 
7401 3212 3414 3087 3428 
7402 570 3679 3458 3795 
7403 1220 3485 3419 3845 
7404 883 829 3245 3473 
7405 3130 3224 3220 3673 
7406 3241 3699 3187 3740 
7407 3170 3324 3084 3604 
7408 971 1437 960 3316 
7409 658 674 3448 3488 
7410 3176 3263 3132 4024 
7411 764 3470 3209 3738 
7412 3338 3739 3186 3967 
7413 1820 1823 1639 4202 
7414 3160 3599 3251 3603 
7415 739 3375 3342 3730 
7416 1145 3403 3177 3623 
7417 3252 3399 3156 3883 
7418 3469 3719 3258 4174 
7419 1265 294 3608 4179 
7420 3249 3372 3152 3807 
7421 3246 3405 3085 3520 
7422 3287 3578 3447 3709 
7423 1479 3169 1511 3660 
7424 3217 3370 3102 4025 
7425 811 3357 898 3439 
7426 3149 3521 3505 4014 
7427 3195 3719 3469 4174 
7428 3265 3610 3513 3755 
7429 3132 3263 3176 3591 
7430 1570 1569 3171 3614 
7431 3087 3428 3414 3710 
7432 795 3424 796 3498 
7433 3163 3047 3657 3707 
7434 857 3871 878 4048 
7435 3256 3649 3198 3692 
7436 1320 3529 3174 4136 
7437 3065 3414 3215 3575 
7438 3303 3766 3453 4183 
7439 3541 3592 3213 3877 
7440 2278 2111 2112 3551 
7441 3265 3050 3610 3755 
7442 3068 3276 3537 3862 
7443 1646 3415 3277 3660 
7444 685 710 3548 3778 
7445 1313 1362 1327 3217 
7446 1811 1626 3475 4020 
7447 923 3615 920 3849 
7448 1445 1190 1192 3318 
7449 3248 3383 3060 4009 
7450 3491 3506 793 4134 
7451 2231 3441 3399 3678 
7452 2049 2259 3307 3429 
7453 1537 3736 3923 4109 
7454 2094 3383 3940 4009 
7455 1623 3618 1584 3866 
7456 846 844 3512 3881 
7457 797 795 3498 3853 
7458 819 818 3197 3636 
7459 3559 3712 3219 3942 
7460 2123 3387 3674 3875 
7461 3294 3615 3141 3849 
7462 836 1912 783 3981 
7463 3279 3621 1585 3908 
7464 3164 3923 3736 4109 
7465 3066 3255 3376 3799 
7466 2021 2056 3721 3783 
7467 1646 1432 1454 3277 
7468 776 887 3439 3496 
7469 3491 3618 3144 3866 
7470 3635 3794 3434 4071 
7471 777 866 1447 3500 
7472 3716 3753 2182 4209 
7473 3089 3489 3568 3744 
7474 3061 3327 3221 4103 
7475 3902 3920 3690 4094 
7476 822 3461 824 3850 
7477 3163 3573 3325 3921 
7478 2094 3940 3248 4009 
7479 1941 3407 3207 3899 
7480 2026 2121 3370 3750 
7481 3128 3218 3717 3774 
7482 3059 3484 3254 3534 
7483 3120 3258 3469 3719 
7484 3219 3758 1955 4027 
7485 1131 1129 3192 3568 
7486 3137 3781 3607 3787 
7487 3314 3157 3576 4108 
7488 3311 3637 3097 3855 
7489 3434 3175 4125 4141 
7490 1348 3789 1325 4040 
7491 2154 2146 2148 3256 
7492 851 3496 3309 4194 
7493 1993 3387 3181 3718 
7494 3219 3474 3081 3712 
7495 3383 3522 3060 4183 
7496 3339 3593 1854 4017 
7497 1820 3695 1823 4202 
7498 3273 3340 3092 3516 
7499 3056 3712 3559 3942 
7500 3185 3851 2097 3886 
7501 3047 3189 3697 3707 
7502 3213 3060 3248 4080 
7503 2177 1283 1336 3436 
7504 685 3548 3304 3778 
7505 3047 3573 3163 3657 
7506 3435 3476 3233 3882 
7507 3056 3219 3559 3712 
7508 3179 3596 3318 4175 
7509 3068 3930 3295 4081 
7510 1999 3331 1990 3604 
7511 3271 3119 3408 3522 
7512 3466 3318 3695 3950 
7513 1570 1585 3621 3908 
7514 1228 1163 3456 3995 
7515 3201 3135 3464 3639 
7516 3230 3129 3835 3999 
7517 3071 3459 3625 3885 
7518 3323 3759 3094 3813 
7519 3326 3686 3085 4007 
7520 1362 3217 1313 4090 
7521 762 3317 754 3672 
7522 3077 3437 3780 3868 
7523 3210 3780 3437 3868 
7524 3130 3220 3665 3937 
7525 3323 3813 3094 3915 
7526 3252 3477 3055 3574 
7527 1383 3737 3302 4213 
7528 1056 3551 3196 3865 
7529 293 1439 3277 3354 
7530 971 983 1011 3564 
7531 3392 3607 3137 3781 
7532 959 3384 3239 4043 
7533 710 3548 3182 3588 
7534 3163 3325 3070 4053 
7535 3264 3403 1146 3623 
7536 1956 3963 3894 4195 
7537 2000 1999 2001 3170 
7538 3150 3783 3456 3993 
7539 3274 3376 3255 3971 
7540 3088 3443 3352 3610 
7541 1713 1825 3267 3618 
7542 201 3247 3239 3595 
7543 3265 3755 3513 4074 
7544 3107 3516 3251 4123 
7545 3045 3493 3209 3828 
7546 1907 1955 3219 3758 
7547 3113 3253 3234 3484 
7548 3130 3673 3193 3753 
7549 1462 3258 1824 3929 
7550 2211 3329 2124 4061 
7551 1957 3207 1909 3714 
7552 3107 3251 3695 4123 
7553 1770 1275 1837 3425 
7554 827 3497 3245 4006 
7555 710 3182 696 3588 
7556 1585 3279 1586 3621 
7557 2000 3170 3467 3861 
7558 3288 3689 3100 4043 
7559 3326 3085 3769 4007 
7560 1181 3321 1169 3475 
7561 3181 3387 1993 3875 
7562 800 3359 801 3655 
7563 3156 3075 3593 3864 
7564 3359 3586 3082 3942 
7565 2256 3734 2132 3981 
7566 612 570 3395 3458 
7567 3179 3318 3609 4175 
7568 3241 3576 3157 3740 
7569 2262 1046 1027 3363 
7570 2089 3246 3412 3511 
7571 3071 3625 3452 3885 
7572 1436 1693 3337 3426 
7573 1617 3263 1616 3427 
7574 1977 1979 3270 3674 
7575 1772 3289 1768 3473 
7576 1623 1584 3618 3824 
7577 1682 3519 3536 3699 
7578 1550 3286 1551 3629 
7579 1912 2203 783 3293 
7580 1131 1129 1130 3192 
7581 1643 1638 3332 3599 
7582 2247 3167 2251 4110 
7583 2112 3551 2111 4088 
7584 3089 3645 3411 3844 
7585 3181 3387 3133 3677 
7586 3299 3468 3061 3515 
7587 3473 3553 900 4006 
7588 3075 3156 3482 3864 
7589 796 3424 3963 4177 
7590 868 900 3473 3553 
7591 846 844 848 3512 
7592 3098 3544 3539 3905 
7593 862 3254 3941 4059 
7594 676 3275 639 3725 
7595 3207 3855 3311 3899 
7596 3214 3229 3121 3741 
7597 3188 3720 848 4194 
7598 3514 3886 3335 4160 
7599 868 900 3553 4006 
7600 998 3301 1008 3705 
7601 3156 3075 3482 3593 
7602 1375 3302 1382 4213 
7603 3257 3559 3056 3689 
7604 884 896 1443 3309 
7605 1118 1107 3475 4051 
7606 3109 3856 3650 4018 
7607 1570 1585 1586 3621 
7608 2073 3645 2067 3844 
7609 3064 3283 3251 3516 
7610 1810 3264 1182 3569 
7611 3161 3067 3351 3954 
7612 3154 3510 3328 3684 
7613 2240 3485 3383 3721 
7614 3509 3666 3308 4149 
7615 2001 2000 3170 3835 
7616 3285 3359 803 3805 
7617 3090 3229 3654 3736 
7618 998 3705 989 3816 
7619 3348 3472 3117 3650 
7620 3271 3408 3090 3517 
7621 3067 3161 3351 3507 
7622 3308 4075 3509 4149 
7623 3121 3164 3483 3923 
7624 2011 2028 3593 3714 
7625 3130 3499 3350 3931 
7626 3212 3543 3396 4117 
7627 926 3358 3220 3715 
7628 3129 3670 3379 3789 
7629 3201 3342 3386 3871 
7630 561 3173 3597 3811 
7631 3417 3613 993 3816 
7632 1925 2271 3335 3886 
7633 1129 3192 3568 3910 
7634 3118 3525 3447 3578 
7635 3241 3576 3187 4047 
7636 1127 3635 3236 3863 
7637 3256 3588 3079 3692 
7638 3251 3283 3064 3626 
7639 3441 3684 3154 3833 
7640 1960 3678 3407 3749 
7641 885 3439 887 3720 
7642 3133 3329 3767 4061 
7643 3232 3090 3517 3777 
7644 3058 3576 3241 4047 
7645 3210 3437 550 3781 
7646 3074 3490 3576 4108 
7647 3144 3617 3562 3618 
7648 2250 3835 3374 3999 
7649 886 898 811 3357 
7650 1540 1542 3570 3693 
7651 3202 3619 3479 4120 
7652 1886 3509 3416 3666 
7653 3251 3516 3696 4123 
7654 3096 3399 3252 3854 
7655 2277 668 677 3307 
7656 1137 3179 3596 3837 
7657 3119 3271 3408 4189 
7658 3223 3264 3105 3627 
7659 941 1030 1012 3385 
7660 3102 3351 3217 3507 
7661 2058 1956 3894 3960 
7662 3071 3487 3291 3640 
7663 3271 3408 3517 3522 
7664 3353 3408 3271 4189 
7665 3181 3133 3571 3677 
7666 3072 3505 3521 4014 
7667 3106 3381 3163 4046 
7668 1247 3178 3709 3818 
7669 3641 3836 3423 3949 
7670 1538 3223 3536 4010 
7671 2247 2088 3592 3628 
7672 3182 3079 3588 3692 
7673 3607 3763 3423 3846 
7674 768 3274 757 3672 
7675 3119 3353 3271 4189 
7676 1348 3529 3789 4040 
7677 767 749 3393 3611 
7678 3562 3617 3204 3618 
7679 3193 3700 3457 3931 
7680 3154 3096 3441 3678 
7681 3393 3738 744 3933 
7682 541 3580 543 3684 
7683 2218 2108 3242 3535 
7684 1189 3264 1146 3623 
7685 658 3488 3462 4118 
7686 3513 3610 3050 3755 
7687 3128 3204 3617 3760 
7688 1517 3524 3159 4073 
7689 3044 3314 3222 3662 
7690 1446 3320 1187 3434 
7691 3287 3608 3602 3840 
7692 2192 3451 3165 3581 
7693 3070 3163 3365 3573 
7694 3144 3618 3491 3880 
7695 1775 3245 1697 3473 
7696 3246 4097 3701 4129 
7697 612 625 570 3458 
7698 3212 3087 3414 3706 
7699 3298 3430 2187 4110 
7700 3113 3254 3484 3534 
7701 3405 3520 3246 3779 
7702 3096 3154 3590 3678 
7703 3434 3751 3175 3794 
7704 3193 3094 3499 3931 
7705 1130 3192 1129 3635 
7706 904 793 936 3506 
7707 3182 3548 710 3778 
7708 1447 866 1782 3306 
7709 3279 3641 3093 3811 
7710 3147 3210 3862 4000 
7711 3175 3471 1632 3869 
7712 3401 3858 1408 4158 
7713 3267 1713 3618 3880 
7714 655 3558 3404 3733 
7715 3346 3512 876 3853 
7716 3144 3880 3506 4044 
7717 1266 3977 3425 4130 
7718 3292 3612 3185 4103 
7719 1430 961 1019 3301 
7720 3311 3855 3097 3899 
7721 3322 3902 3690 4094 
7722 1296 1282 3312 3518 
7723 1320 1299 3529 4136 
7724 3136 3272 3199 3764 
7725 694 701 3380 3632 
7726 1055 200 3394 3642 
7727 3235 3701 4097 4129 
7728 3231 3503 1844 3898 
7729 3701 3934 3246 4129 
7730 3135 3802 3450 4151 
7731 1420 3672 754 4087 
7732 2083 1955 3758 4027 
7733 3096 3154 3441 3590 
7734 1399 1376 1412 3814 
7735 781 867 2210 3329 
7736 3065 3575 3275 4038 
7737 3071 3452 3459 3885 
7738 1592 3622 3232 3736 
7739 3113 3253 3484 3570 
7740 3164 3736 3622 4109 
7741 2044 3345 3886 3969 
7742 1537 1592 3736 4109 
7743 3094 3193 3457 3931 
7744 1667 3496 3797 3970 
7745 562 3580 541 3684 
7746 1690 3458 3395 3739 
7747 3246 3701 3127 3934 
7748 3147 3862 3276 4000 
7749 696 3182 710 3676 
7750 3059 3260 3540 3842 
7751 3112 3664 3583 3697 
7752 1228 3455 1163 3995 
7753 1846 1618 1420 4087 
7754 1247 1245 3561 3818 
7755 3112 3559 3498 3664 
7756 3106 3291 3487 3640 
7757 3455 3508 1088 3654 
7758 3392 3781 3137 3787 
7759 3107 3340 3273 3516 
7760 542 567 540 3183 
7761 3064 3820 3333 3904 
7762 3367 3703 3097 4062 
7763 3115 3480 3366 3709 
7764 1696 3245 1776 4185 
7765 1708 1190 1445 3318 
7766 3065 3414 3575 4038 
7767 3087 3372 3215 4012 
7768 3098 3539 3357 3905 
7769 3598 3838 3116 4128 
7770 3287 3058 3608 3840 
7771 3121 3483 3164 3722 
7772 3071 3162 3487 3640 
7773 3348 3109 3650 4018 
7774 1294 1319 3389 3518 
7775 3492 3813 3417 4168 
7776 3074 3832 3202 4154 
7777 737 3342 739 3375 
7778 3148 3545 3199 3589 
7779 1436 1733 1340 3337 
7780 2256 3465 3734 3981 
7781 3109 3472 3348 3650 
7782 1126 1127 3839 3863 
7783 3057 3673 3499 3937 
7784 1225 1163 1158 3353 
7785 3443 3599 3160 3603 
7786 1646 3277 1454 3660 
7787 1265 3608 3187 4179 
7788 1919 3246 1918 3779 
7789 1148 3403 1194 3762 
7790 3328 3580 3154 3684 
7791 3113 3484 3306 3570 
7792 3186 3943 3338 3967 
7793 3119 3522 3383 3766 
7794 3586 3942 3359 4177 
7795 2247 3628 3167 4110 
7796 743 3209 3919 3933 
7797 3215 3414 3087 4012 
7798 822 823 824 3461 
7799 1569 1570 3171 3908 
7800 627 512 608 4204 
7801 1262 3319 3578 4147 
7802 1813 1812 3321 3475 
7803 203 3735 3667 4121 
7804 827 3245 829 4006 
7805 3201 3799 3375 4060 
7806 621 532 3372 4215 
7807 3152 3477 3252 3574 
7808 1595 3316 1734 3564 
7809 1255 1270 3602 3709 
7810 3120 3469 3195 3719 
7811 768 731 752 3274 
7812 676 664 639 3275 
7813 3403 3598 3280 3914 
7814 1018 3301 1008 3564 
7815 3367 3637 3097 4026 
7816 1907 2083 1955 3758 
7817 1266 3425 1770 4130 
7818 3612 3685 3185 4103 
7819 1626 3232 1592 3622 
7820 3100 3219 3390 3689 
7821 1123 3353 3271 3845 
7822 818 819 3197 4006 
7823 1275 1238 1231 3425 
7824 1519 1553 3414 3884 
7825 3220 3358 926 3665 
7826 3184 3095 3460 3772 
7827 914 1461 3267 3880 
7828 2231 3678 3399 4028 
7829 3353 3150 3456 3995 
7830 1455 3354 3543 3792 
7831 1798 1628 1667 3439 
7832 2001 3170 2181 3835 
7833 3071 3452 3162 3640 
7834 887 3496 851 4194 
7835 3423 3641 3171 3836 
7836 516 3404 669 4208 
7837 1965 2156 1963 4140 
7838 3084 3324 3170 3682 
7839 1066 1088 3508 3654 
7840 3071 3487 3162 3746 
7841 3469 3557 3195 4174 
7842 695 694 701 3380 
7843 1569 3171 3614 3827 
7844 1041 1007 3542 3613 
7845 3125 3469 3258 3557 
7846 3314 3454 3176 3786 
7847 1960 3203 3678 3749 
7848 3272 1307 3630 3659 
7849 3094 3759 3542 3931 
7850 3276 548 3787 3862 
7851 986 3190 988 3705 
7852 1569 1567 1570 3908 
7853 1055 3394 200 3727 
7854 669 3404 516 3733 
7855 2001 1999 2181 3170 
7856 887 896 851 3496 
7857 3318 3770 3160 3950 
7858 3251 3599 3160 3695 
7859 3370 3750 3102 4025 
7860 1807 1800 886 3357 
7861 3217 3351 3102 3815 
7862 3448 3761 1983 4126 
7863 3453 3766 3149 4183 
7864 3503 3898 3146 3961 
7865 2057 3821 1958 4028 
7866 1117 3232 1107 4051 
7867 3060 3453 3243 3892 
7868 1041 3542 3350 3613 
7869 1957 3308 2084 3666 
7870 551 3658 3437 3780 
7871 1884 1909 3666 3899 
7872 2182 3753 3350 3931 
7873 1164 3777 3455 4033 
7874 3168 3894 3424 3963 
7875 3074 3354 3576 3619 
7876 597 528 527 3313 
7877 893 778 838 3473 
7878 3071 3421 3595 4052 
7879 2003 3457 1997 3700 
7880 3133 3387 3181 3875 
7881 3090 3214 3644 3926 
7882 3067 3259 3261 3507 
7883 3314 3176 3591 3786 
7884 3092 3264 3223 3788 
7885 3288 3432 1872 3758 
7886 3073 3624 3898 4002 
7887 3275 3575 3414 4038 
7888 1925 3514 3335 4112 
7889 3258 3557 3469 4174 
7890 795 796 797 3498 
7891 1649 3372 1789 3504 
7892 631 3302 605 3938 
7893 512 1471 608 4204 
7894 3245 3473 829 4006 
7895 776 3439 1465 3496 
7896 3214 3090 3508 3926 
7897 3165 3560 3115 3840 
7898 1519 3212 3648 3884 
7899 3350 3499 3094 3931 
7900 1886 1904 3509 3666 
7901 737 3342 3375 3871 
7902 597 3313 527 3754 
7903 3386 3549 2116 3639 
7904 3278 3813 3492 4168 
7905 3260 3842 3059 4059 
7906 3192 1129 3635 3910 
7907 3046 3182 3692 4074 
7908 1592 3622 3736 4109 
7909 2244 3419 1174 3485 
7910 3337 3808 3067 3823 
7911 1444 3315 505 3458 
7912 952 1046 2262 3363 
7913 2251 2069 3167 3896 
7914 3328 3510 3183 3684 
7915 3218 993 3613 3816 
7916 1231 1205 1818 3425 
7917 3367 3764 3703 4062 
7918 3045 3209 3493 3925 
7919 3163 3365 3573 3768 
7920 3242 3059 3842 4059 
7921 3672 3919 3317 4087 
7922 1516 3223 1538 3627 
7923 3539 3544 1788 3905 
7924 3284 3495 3154 3510 
7925 1260 1272 1235 3282 
7926 1439 1432 293 3277 
7927 797 3498 798 3853 
7928 1340 1342 1436 3337 
7929 3178 3818 3116 4139 
7930 3067 3161 3507 3808 
7931 3605 3652 3293 3700 
7932 3116 3368 3818 3914 
7933 797 798 795 3853 
7934 3295 3068 3537 3930 
7935 3148 3338 3186 3943 
7936 2033 3429 3761 3803 
7937 3116 3818 3282 4139 
7938 3087 3372 3504 4077 
7939 1565 1563 3423 3796 
7940 1174 3419 1220 3485 
7941 3448 4035 3761 4126 
7942 3173 3093 3641 3811 
7943 3194 3726 701 4166 
7944 3206 3459 3885 4167 
7945 3255 3552 3274 3971 
7946 3069 3165 3686 4007 
7947 3301 3492 3123 3705 
7948 2156 3438 3410 3878 
7949 1882 1872 3432 3758 
7950 1657 3569 3340 3696 
7951 3058 3314 3576 4108 
7952 1499 3212 1520 3706 
7953 3201 3464 3422 3639 
7954 3074 3490 3216 3576 
7955 3064 3909 3701 4097 
7956 3347 3839 1171 3940 
7957 3178 3651 3447 4139 
7958 1673 3309 1796 3496 
7959 1110 1206 1225 3456 
7960 3068 3495 3510 3580 
7961 3113 3234 3527 3534 
7962 1954 952 2262 3363 
7963 3052 3545 3199 3857 
7964 986 3566 3190 3705 
7965 542 567 3183 3795 
7966 1012 3385 1030 4216 
7967 3134 3400 3556 3881 
7968 3203 3590 3154 3678 
7969 3112 3424 3498 3559 
7970 3264 3762 3105 3887 
7971 3312 3827 3614 4155 
7972 3437 3658 3077 3780 
7973 1520 1499 1519 3212 
7974 715 3256 714 3577 
7975 3073 3898 3231 4002 
7976 762 3672 773 3919 
7977 1519 1553 1520 3414 
7978 3153 3405 3560 4072 
7979 3056 3498 3559 3664 
7980 1217 1220 3419 3845 
7981 609 505 3315 3458 
7982 3351 3630 1307 3659 
7983 3162 3797 1525 3905 
7984 3152 3406 3574 3633 
7985 3243 3555 3060 4034 
7986 1643 3599 3634 3901 
7987 3154 3510 3495 3580 
7988 729 3375 774 3871 
7989 3088 3352 3443 3784 
7990 3466 3596 3318 3950 
7991 1924 3221 2193 3620 
7992 3180 3970 3309 3990 
7993 1824 3929 3258 4181 
7994 3065 3215 3414 3710 
7995 1635 3784 1638 4202 
7996 537 3433 3252 3854 
7997 1282 1343 1296 3312 
7998 3045 3450 3802 4031 
7999 3055 3567 3252 3978 
8000 3210 3607 3781 3787 
8001 3257 3056 3559 3664 
8002 3424 3498 3168 4177 
8003 1410 3670 1390 3789 
8004 2218 784 1877 3535 
8005 3135 3639 3386 3900 
8006 2049 3429 3307 3860 
8007 3207 3666 3308 3714 
8008 1199 3466 3340 3888 
8009 1034 1031 3650 4018 
8010 3182 3046 3443 4074 
8011 3217 3371 3191 4054 
8012 1499 3396 3212 3706 
8013 2031 2039 3783 3993 
8014 1385 3195 3719 3737 
8015 1633 3360 1729 3471 
8016 3119 3347 3383 3522 
8017 3165 3115 3581 3840 
8018 1586 3279 3528 3621 
8019 1150 1171 3347 3839 
8020 3629 3808 3337 3823 
8021 3074 3576 3216 3619 
8022 2069 2251 3167 4110 
8023 3091 3574 3406 3633 
8024 1572 1753 1574 3694 
8025 3049 3644 3468 3926 
8026 1823 3695 4067 4202 
8027 1054 3229 1091 3546 
8028 536 3252 3433 3633 
8029 3060 3383 3347 3522 
8030 3093 3781 3444 3811 
8031 3116 3818 3280 3914 
8032 3093 3607 3423 3846 
8033 1517 3159 3524 3885 
8034 3081 3712 3172 4027 
8035 3068 3495 3284 3510 
8036 2003 3652 3193 3700 
8037 1479 3169 3660 3792 
8038 1262 3561 3977 4147 
8039 933 3615 923 3734 
8040 1662 3321 1812 3643 
8041 3428 3786 3591 4038 
8042 696 3588 3182 3676 
8043 294 3354 3608 4179 
8044 1411 3557 3379 3858 
8045 1562 3200 1563 3796 
8046 3163 3384 3106 4046 
8047 3250 3114 3686 3959 
8048 3204 3095 3694 3717 
8049 729 774 903 3871 
8050 624 609 505 3315 
8051 1315 3479 3589 4062 
8052 3165 3581 3481 3840 
8053 1666 3360 1633 3471 
8054 1412 3230 3737 3814 
8055 3206 3421 3151 3459 
8056 3169 3594 3152 4146 
8057 3583 3664 3257 3697 
8058 900 829 3473 4006 
8059 1969 3663 3284 3809 
8060 3193 3652 3605 3700 
8061 3070 3573 3365 3768 
8062 1729 3471 3360 3784 
8063 1538 3627 3223 4010 
8064 86 3333 3304 3992 
8065 3205 3498 3359 3747 
8066 1731 1437 1694 3316 
8067 1315 3589 3199 4062 
8068 1595 3316 3564 3874 
8069 3085 3165 3405 3769 
8070 1807 3357 782 3539 
8071 3063 3238 3503 4001 
8072 3231 3322 1440 3503 
8073 3071 3474 3487 3746 
8074 3045 3227 3625 3828 
8075 3264 3092 3440 3623 
8076 3428 3591 3212 4038 
8077 1979 1981 3387 3674 
8078 1642 3332 1638 3784 
8079 3240 3472 3365 3650 
8080 1189 1194 1146 3264 
8081 1495 1840 3206 3524 
8082 3080 3297 3262 4014 
8083 3255 3544 3098 3724 
8084 3437 3811 3173 4217 
8085 3160 3563 3352 3770 
8086 3405 3153 3560 3984 
8087 3163 3070 3365 4053 
8088 686 1730 708 3332 
8089 3186 3315 3091 4143 
8090 3253 3570 1542 3693 
8091 1970 3284 1969 3663 
8092 3358 3665 3220 3937 
8093 3163 3573 3381 3657 
8094 983 3564 3316 3951 
8095 3078 3352 3563 3770 
8096 1455 3354 1456 3543 
8097 3443 3676 3332 3778 
8098 3711 3971 1814 4022 
8099 1722 1462 1824 3929 
8100 3090 3164 3517 3644 
8101 1150 3347 1171 3940 
8102 3060 3839 3248 4080 
8103 2114 3462 3448 4126 
8104 2146 2148 3256 3577 
8105 3060 3236 3839 4080 
8106 776 887 885 3439 
8107 3044 3454 3314 3786 
8108 1355 3789 3374 4040 
8109 1544 1542 3253 3924 
8110 2044 3345 3611 3886 
8111 3153 3560 3269 4072 
8112 1634 1632 3471 3869 
8113 3059 3234 3484 3534 
8114 3090 3334 3232 3736 
8115 1634 1635 3352 3471 
8116 3152 3169 3574 3594 
8117 1820 3599 3695 4202 
8118 1248 1247 1245 3561 
8119 1800 3357 1597 3439 
8120 1137 3596 3343 3837 
8121 891 3306 866 3500 
8122 988 986 1009 3190 
8123 3345 3738 3290 3785 
8124 654 3275 676 3976 
8125 3130 3193 3499 3931 
8126 1262 3977 3319 4147 
8127 2274 3262 1870 3969 
8128 701 720 684 3632 
8129 1202 3777 3334 4020 
8130 3439 3720 885 3867 
8131 1136 1156 3318 3609 
8132 3223 3627 1591 3788 
8133 3205 3099 3439 3867 
8134 1995 3181 1993 3875 
8135 1210 3248 1224 3572 
8136 3112 3498 3424 3853 
8137 1412 3814 3737 4213 
8138 1199 3340 1157 3888 
8139 580 3339 1854 4017 
8140 3333 3686 3114 3959 
8141 1757 1723 1400 3401 
8142 3065 3575 3215 3754 
8143 1556 3184 1558 3729 
8144 298 3311 1869 3416 
8145 3373 3551 3122 3986 
8146 3145 3462 3448 3488 
8147 1355 3374 3436 4040 
8148 3050 3265 3744 3755 
8149 3072 3290 3442 3806 
8150 1761 3187 3699 3740 
8151 3045 3450 3227 3828 
8152 3246 3701 3418 3873 
8153 3044 3314 3591 3786 
8154 1659 3268 3445 3968 
8155 1275 1770 1266 3425 
8156 3446 3690 3920 4094 
8157 669 3404 655 4208 
8158 580 511 1854 3339 
8159 848 3600 3188 4194 
8160 1266 1257 3977 4130 
8161 3079 3692 3182 4074 
8162 3068 3495 3341 4081 
8163 1255 3480 1254 3709 
8164 1643 3634 1816 3901 
8165 757 3274 768 3550 
8166 3081 3172 3514 4027 
8167 1791 1443 3309 3775 
8168 1210 3248 1897 3940 
8169 106 3262 4169 4198 
8170 3146 3503 3231 3898 
8171 1659 3445 3751 3968 
8172 3458 3739 1690 3967 
8173 3255 3539 3098 3544 
8174 649 647 3266 3488 
8175 744 3393 763 3738 
8176 2211 2124 3535 4061 
8177 3492 3566 3123 3705 
8178 3576 3608 3216 3619 
8179 3078 3265 3610 3770 
8180 3059 3842 3540 4023 
8181 3094 3973 3457 4105 
8182 3274 3550 757 3672 
8183 1592 3232 1809 3736 
8184 676 3275 655 3733 
8185 3070 3573 3330 3921 
8186 3064 3283 3300 3798 
8187 3152 3504 3372 4077 
8188 3160 3603 3251 3695 
8189 762 732 754 3317 
8190 3667 3735 3432 4121 
8191 1214 1216 1175 3364 
8192 913 3224 1891 3734 
8193 3090 3644 3408 3926 
8194 3197 3108 3708 3772 
8195 540 3183 567 3891 
8196 1886 3416 3509 3793 
8197 3201 3066 3375 3799 
8198 3199 3589 3479 4062 
8199 3209 3493 3131 3828 
8200 3112 3498 3346 3664 
8201 2177 3374 2139 3436 
8202 793 3491 936 3506 
8203 959 3668 3384 4043 
8204 1377 3258 1462 3929 
8205 1731 3316 1694 3693 
8206 3239 3384 959 3829 
8207 1789 3372 1649 4012 
8208 1522 1617 3427 3587 
8209 1471 3575 1815 4204 
8210 3056 3474 3227 3746 
8211 3423 3607 3200 3763 
8212 1301 3985 3378 4090 
8213 2228 501 595 3441 
8214 3168 3942 3586 4177 
8215 3062 3511 3246 3520 
8216 3391 3219 3712 3942 
8217 960 1727 1015 3325 
8218 3144 3506 3294 4044 
8219 1301 3913 3378 3985 
8220 1528 1511 1527 4146 
8221 3636 3767 3329 4061 
8222 3069 3176 3454 4127 
8223 1525 3452 1651 3640 
8224 3255 3544 3724 4073 
8225 524 3482 3807 4066 
8226 3083 3271 3232 3517 
8227 655 3404 669 3733 
8228 3055 3252 3574 3978 
8229 203 3667 1056 4121 
8230 3212 3591 3428 3698 
8231 3072 3505 3327 3521 
8232 3352 3471 1635 3784 
8233 3044 3428 3591 3698 
8234 3290 3345 3124 3738 
8235 1557 1558 1556 3184 
8236 868 3553 3473 4069 
8237 3276 3537 3147 4000 
8238 3227 3724 3625 3828 
8239 1702 3258 1703 3895 
8240 1018 3566 3564 3951 
8241 1723 3858 3401 3895 
8242 784 3242 861 3535 
8243 2036 3282 3480 4180 
8244 3095 3184 3460 4036 
8245 3081 3288 3219 3758 
8246 3359 3082 3586 3805 
8247 2193 3463 2009 3969 
8248 3197 3553 819 3636 
8249 3424 3168 3963 4177 
8250 3334 3090 3777 4033 
8251 2195 2194 1175 3411 
8252 1646 3606 3415 3660 
8253 1221 3356 2197 3675 
8254 540 3433 3183 3891 
8255 3442 3886 3345 3969 
8256 1540 3570 3330 3693 
8257 567 3315 624 3891 
8258 1387 1388 3195 3557 
8259 1888 3769 3418 3873 
8260 1984 3639 3464 3900 
8261 1667 3439 1628 3797 
8262 1477 1525 1651 3640 
8263 2136 3230 2254 3814 
8264 1633 1666 1729 3360 
8265 3165 3451 2192 4007 
8266 2084 3308 2145 4075 
8267 2155 3749 3367 3809 
8268 204 1872 3288 3432 
8269 1891 3224 2255 3734 
8270 1993 3181 1994 3718 
8271 3090 3353 3271 3777 
8272 3695 3950 3318 4067 
8273 1598 3504 3372 4146 
8274 3092 3440 3300 3798 
8275 3105 3403 3264 3440 
8276 852 3242 784 3556 
8277 3071 3162 3452 3746 
8278 3336 3365 3109 3768 
8279 671 3532 3307 3803 
8280 1930 3451 3429 3860 
8281 3195 3557 3469 3646 
8282 1977 3369 3270 3791 
8283 104 3726 3297 4198 
8284 3714 3821 3156 4028 
8285 611 3315 1444 4064 
8286 3084 3530 3331 4004 
8287 3045 3802 3209 3925 
8288 1995 3585 3181 3875 
8289 3069 3554 3176 4127 
8290 1060 3299 1062 3865 
8291 1064 3508 3214 4124 
8292 540 3183 3433 3684 
8293 3462 3488 3145 4118 
8294 1635 3352 3784 4202 
8295 1355 3374 1336 3436 
8296 3246 3520 3511 3779 
8297 701 3987 3194 4166 
8298 862 3254 863 3941 
8299 3513 3610 3265 4074 
8300 959 3239 202 4043 
8301 2081 3339 2082 3431 
8302 3280 3598 3403 3838 
8303 3203 3703 3749 3809 
8304 927 932 931 4021 
8305 819 3553 3197 4006 
8306 1768 838 3289 3866 
8307 3497 3527 3197 3534 
8308 3160 3352 3443 3770 
8309 516 3404 627 3733 
8310 3178 3525 3447 3651 
8311 2014 3652 2003 3700 
8312 3300 3440 3092 3897 
8313 1988 3486 1986 4004 
8314 3254 3579 3260 4059 
8315 3271 3517 3090 3777 
8316 2063 2062 2060 3817 
8317 699 3548 710 3588 
8318 1562 3629 3200 3796 
8319 3046 3582 3533 3950 
8320 803 3655 3285 3928 
8321 935 947 912 4163 
8322 1939 3894 3390 4095 
8323 3201 3805 3422 3975 
8324 1107 3232 1117 4020 
8325 3235 3934 3701 4129 
8326 3533 3582 3179 3950 
8327 2089 1938 3246 3511 
8328 3267 3617 3204 3760 
8329 1955 3894 3219 4027 
8330 1975 2119 3495 4081 
8331 3272 3630 3351 3659 
8332 830 836 3293 3981 
8333 3605 3850 3461 3870 
8334 3082 3422 3805 3975 
8335 2033 2259 3429 3803 
8336 3455 3777 3090 4033 
8337 764 3738 3209 3933 
8338 3151 3421 3206 3790 
8339 556 3597 3173 4217 
8340 1262 1248 3561 4147 
8341 947 3358 912 4163 
8342 1460 1440 3322 3503 
8343 3051 3197 3708 3772 
8344 1544 3478 3253 3874 
8345 985 3240 3650 4116 
8346 3232 3517 3271 3777 
8347 3201 3871 3549 4048 
8348 799 3359 800 3498 
8349 3805 3975 3201 4060 
8350 2154 3256 709 3616 
8351 1696 1697 1775 3245 
8352 1821 1723 1757 3401 
8353 3176 3454 3314 4016 
8354 3211 3605 3461 3870 
8355 2106 1982 1977 3369 
8356 3088 3443 3332 3784 
8357 3637 4026 3367 4062 
8358 3056 3747 3205 4119 
8359 3422 3805 3201 4060 
8360 3163 3047 3707 3768 
8361 1175 2194 1108 3411 
8362 830 3293 3850 3981 
8363 717 3298 2176 3616 
8364 1805 3569 1657 3696 
8365 3079 3755 3298 3896 
8366 3087 3706 3372 4012 
8367 3155 3840 3602 4102 
8368 830 836 783 3293 
8369 3759 3813 3323 4082 
8370 1556 3478 3184 3729 
8371 800 3498 3205 3867 
8372 1486 1579 1844 3898 
8373 3114 3250 3686 4016 
8374 2123 3387 2143 3674 
8375 3311 3097 3637 4026 
8376 971 1734 1437 3316 
8377 3194 3755 3298 3987 
8378 1400 3401 1723 3858 
8379 3813 3915 3323 4082 
8380 505 1444 611 3315 
8381 3129 3374 3789 4040 
8382 961 3301 1430 3564 
8383 626 3528 564 3597 
8384 3234 3113 3527 3852 
8385 3448 3761 3138 3803 
8386 3300 3757 3440 3897 
8387 2175 3350 1038 3542 
8388 701 695 3380 3987 
8389 3262 3345 1870 3969 
8390 3174 3955 3646 4042 
8391 86 3773 3333 3992 
8392 1574 1573 3204 3760 
8393 3182 3676 3443 3778 
8394 608 516 627 3733 
8395 1471 1815 608 4204 
8396 1584 3618 1766 3866 
8397 3232 3271 3083 4051 
8398 1216 3364 1214 4138 
8399 3089 3568 3409 3744 
8400 3204 3617 3267 3618 
8401 830 3850 836 3981 
8402 596 2212 3361 3742 
8403 3129 3230 3670 3999 
8404 3262 3297 3080 4198 
8405 3054 3646 3955 4042 
8406 3165 3069 3451 4007 
8407 3055 3477 3252 3567 
8408 1547 3739 1549 3823 
8409 3530 4004 3084 4054 
8410 3051 3492 3278 3813 
8411 1609 3736 3334 3983 
8412 1909 3207 1941 3714 
8413 3226 3044 3428 4164 
8414 681 3587 653 3661 
8415 1358 3479 1315 4062 
8416 1676 1447 3306 3500 
8417 1387 3557 3195 3670 
8418 3133 3181 3571 3875 
8419 777 891 866 3500 
8420 3091 3315 3186 3834 
8421 3061 3327 3468 3948 
8422 873 876 3512 3853 
8423 1017 957 2171 3323 
8424 3169 3152 3504 4146 
8425 3176 3069 3454 4016 
8426 1241 3366 2164 3480 
8427 3084 3170 3604 3945 
8428 3408 3508 3090 3926 
8429 647 3266 3488 3558 
8430 3069 3165 3481 3686 
8431 3196 3667 3432 4121 
8432 1066 3654 3508 4124 
8433 964 912 3358 4163 
8434 3109 3365 3472 3650 
8435 1075 3394 1080 3741 
8436 710 3676 3182 3778 
8437 1727 960 1437 3325 
8438 1962 3203 1960 3809 
8439 1089 3373 3551 3865 
8440 3509 4075 3166 4149 
8441 3264 3403 3105 3762 
8442 3070 3336 3472 4218 
8443 1009 3190 986 3745 
8444 3189 3697 3100 3782 
8445 1064 1065 3508 4124 
8446 3450 3724 3227 3828 
8447 3195 3501 3302 3737 
8448 1757 1400 1378 3401 
8449 3542 3613 1007 3915 
8450 2086 4009 3248 4091 
8451 3076 3589 3479 3831 
8452 1717 689 3360 3671 
8453 3150 3353 3508 3995 
8454 1634 1633 1635 3471 
8455 3107 3466 3695 3950 
8456 3333 3064 3701 4097 
8457 3124 3292 3290 3925 
8458 681 3587 3661 3725 
8459 656 3803 3448 3979 
8460 3236 3635 1127 3910 
8461 1997 3457 2003 3931 
8462 1516 3223 1591 3788 
8463 767 758 749 3611 
8464 3350 3499 3130 3613 
8465 1547 3338 3739 3823 
8466 3120 3195 3469 3501 
8467 2254 3230 1892 3814 
8468 3065 3404 3275 3575 
8469 3113 3484 3234 3534 
8470 1586 3279 1624 3528 
8471 3248 3347 3060 3383 
8472 3052 3502 3186 3545 
8473 3332 3599 3139 3634 
8474 3206 3624 3349 3790 
8475 654 3558 3275 3976 
8476 3055 3237 3567 3978 
8477 1253 1254 3480 3709 
8478 1682 1538 3536 4010 
8479 3294 920 3506 3615 
8480 1247 3178 3578 3709 
8481 1960 3203 1962 3822 
8482 1770 1837 1818 3425 
8483 3061 3806 3327 4103 
8484 1626 1809 1592 3232 
8485 2193 1924 2009 3463 
8486 1260 3368 1936 4193 
8487 3103 3502 3186 4050 
8488 764 3209 743 3933 
8489 3348 3650 1031 4018 
8490 1008 3301 998 3547 
8491 3090 3214 3508 3654 
8492 1629 3830 3671 3972 
8493 3376 3799 3255 3928 
8494 3169 3594 1511 3660 
8495 3155 3481 3222 3793 
8496 914 1719 1461 3880 
8497 1516 3536 3223 3996 
8498 3109 3800 3189 3878 
8499 3165 3085 3405 3984 
8500 3219 3288 3100 4095 
8501 2240 3383 2093 3721 
8502 1782 1675 3306 3775 
8503 2210 2124 2211 3329 
8504 3153 3520 3779 4070 
8505 3113 3253 3570 3924 
8506 3314 3481 3222 3662 
8507 3432 3514 1883 3758 
8508 1729 1633 3471 3784 
8509 3076 3415 3589 3606 
8510 1056 3667 3196 4121 
8511 1558 3184 1557 4036 
8512 3187 3576 3241 3740 
8513 1597 3439 3357 3797 
8514 3240 3117 3472 3650 
8515 3516 3936 3235 4097 
8516 1813 1181 3321 4005 
8517 1538 1682 1606 4010 
8518 3206 3073 3624 3790 
8519 3353 3455 3090 3508 
8520 1941 3207 1909 3899 
8521 1129 1127 3635 3910 
8522 1784 1445 1192 3922 
8523 1256 1272 1260 3368 
8524 3406 3633 566 4064 
8525 2089 3412 3246 3873 
8526 3167 3298 3755 3896 
8527 3095 3460 3772 3918 
8528 3313 3754 3344 4191 
8529 3374 3436 3129 3835 
8530 1315 4062 3199 4150 
8531 3309 3600 3188 4029 
8532 3489 3744 3265 3755 
8533 3110 3751 3434 3794 
8534 3129 3538 3230 3835 
8535 3168 3894 3963 4195 
8536 2192 3451 3581 4137 
8537 3408 3522 3119 3766 
8538 3139 3603 3443 3843 
8539 1941 3714 3407 4028 
8540 1385 1387 1388 3195 
8541 715 709 714 3256 
8542 842 3400 3512 3881 
8543 3399 3821 3156 3883 
8544 3068 3284 3259 3510 
8545 662 658 3448 3462 
8546 3147 3210 3780 3862 
8547 1962 3203 3809 3822 
8548 652 3532 671 3803 
8549 3141 3673 3605 3911 
8550 782 1807 886 3357 
8551 3049 3408 3644 3926 
8552 3051 3527 3197 3772 
8553 86 85 3304 3333 
8554 537 3252 522 3854 
8555 731 3274 768 3672 
8556 1673 1443 1796 3309 
8557 2081 2082 3339 3593 
8558 2180 2036 3282 3480 
8559 3213 4009 3060 4183 
8560 627 3404 3754 4204 
8561 1385 1387 3195 3737 
8562 3248 1171 3839 3940 
8563 3184 3478 1556 3765 
8564 1878 593 506 3341 
8565 3157 3591 3212 4108 
8566 3069 3454 3307 4127 
8567 2085 3628 3420 4009 
8568 2085 3213 2088 3628 
8569 990 3417 993 3816 
8570 3651 3838 3440 4128 
8571 3131 3919 3672 4087 
8572 884 851 896 3309 
8573 3045 3828 3209 4063 
8574 3464 3639 3135 3900 
8575 3102 3377 3370 3815 
8576 3311 3666 3416 3743 
8577 3320 3434 1446 4125 
8578 1235 3282 1253 3480 
8579 1250 1255 1254 3709 
8580 3173 3597 3476 4217 
8581 3219 3689 3474 3712 
8582 3050 3744 3489 3755 
8583 3383 3485 2240 3940 
8584 1982 3242 2108 3674 
8585 1806 502 572 3372 
8586 927 924 3220 3849 
8587 3177 3598 1145 4037 
8588 3222 3481 3451 3793 
8589 3302 3501 3126 3737 
8590 1606 3627 4010 4130 
8591 3097 3899 3749 4026 
8592 1282 1429 1343 3312 
8593 3349 3624 3073 3790 
8594 927 3220 3665 3849 
8595 3171 3621 3279 3908 
8596 1986 4004 3486 4013 
8597 613 561 3597 3811 
8598 104 3738 751 3785 
8599 1396 3814 1412 4213 
8600 3315 3812 3091 4143 
8601 3094 3542 3323 3915 
8602 3323 3542 3094 3759 
8603 550 551 552 3437 
8604 3344 3754 3065 4191 
8605 3104 3600 3309 4029 
8606 2136 3467 3230 3814 
8607 602 3233 510 3584 
8608 3130 3753 3193 3931 
8609 1905 3185 2097 3886 
8610 3151 3790 3206 3947 
8611 1034 1031 981 3650 
8612 1614 3898 3624 4002 
8613 3361 3486 2127 3653 
8614 3070 3240 3365 3748 
8615 1557 3184 1556 3765 
8616 3126 3501 3435 3538 
8617 1379 1578 3402 3929 
8618 3076 4120 3277 4190 
8619 3079 3198 3692 3825 
8620 1280 1345 2165 3370 
8621 524 3807 3482 3883 
8622 1192 3318 1156 3922 
8623 1007 3613 1006 3915 
8624 3452 3544 1496 3885 
8625 556 3476 3597 4217 
8626 3152 3633 3252 3807 
8627 1820 1639 3599 4202 
8628 3314 3454 3069 4016 
8629 3059 3540 3336 4023 
8630 3141 3294 3673 3911 
8631 3298 3755 3079 3987 
8632 3286 3763 3137 3903 
8633 1496 1518 1517 3885 
8634 1018 987 1008 3705 
8635 3108 3527 3245 3729 
8636 3432 3514 3081 3685 
8637 764 3470 765 3919 
8638 3185 3081 3514 3685 
8639 2069 3167 3896 4110 
8640 1017 3323 2171 3542 
8641 3165 3451 3069 3481 
8642 3093 3444 3279 3811 
8643 1664 3241 1759 4133 
8644 524 3482 521 3883 
8645 2227 1854 511 3339 
8646 3170 3531 3324 3604 
8647 3517 3522 3408 3766 
8648 3181 3457 1995 3759 
8649 3094 3499 3350 3613 
8650 3173 3093 3437 3641 
8651 2107 2218 3242 3556 
8652 3074 3490 3526 3832 
8653 3306 3113 3570 3924 
8654 679 1847 1522 3587 
8655 3383 3060 4009 4183 
8656 3070 3365 3336 3768 
8657 3157 3543 3212 4117 
8658 1131 3192 1130 3889 
8659 1760 3681 1501 3947 
8660 1995 1994 1993 3181 
8661 536 537 538 3433 
8662 1061 3299 3642 3741 
8663 1342 3337 1314 3426 
8664 102 101 3231 3322 
8665 800 807 3205 3655 
8666 3179 3078 3609 3770 
8667 3065 3710 3414 4038 
8668 3067 3261 3259 4176 
8669 3258 3621 1824 4181 
8670 605 631 499 3302 
8671 3342 3386 740 3933 
8672 1123 3271 3353 3777 
8673 3199 3545 3148 3857 
8674 1738 1734 1011 3564 
8675 3047 3163 3573 3768 
8676 1125 1126 3839 3863 
8677 3051 3571 3278 3708 
8678 3045 3209 3802 4063 
8679 1774 3392 587 3444 
8680 819 817 818 3636 
8681 3054 3469 3195 3501 
8682 3229 3741 3214 4124 
8683 3306 3484 3113 3579 
8684 1253 1250 1254 3709 
8685 3218 3613 993 3702 
8686 2127 3361 1991 3486 
8687 3295 3537 3191 4013 
8688 3407 3678 3203 3749 
8689 3052 3545 3237 3831 
8690 1648 3255 1647 3539 
8691 1809 3232 1626 4020 
8692 2126 3486 3331 3653 
8693 880 901 792 3711 
8694 3044 3314 3662 4108 
8695 2193 3620 3221 4088 
8696 589 3399 595 3441 
8697 2064 3362 3645 3649 
8698 3247 3595 3421 4052 
8699 3422 3639 2214 4048 
8700 3073 3231 3898 4049 
8701 3519 3536 3118 4010 
8702 1606 3627 1538 4010 
8703 3190 3417 3492 3813 
8704 764 765 743 3919 
8705 3209 3131 3493 3919 
8706 2133 3700 3585 3771 
8707 3455 3508 3353 3995 
8708 104 3446 3297 3726 
8709 3232 3334 3090 3777 
8710 2127 3486 1991 3653 
8711 3050 3265 3610 3744 
8712 2263 1418 2186 3374 
8713 613 564 3528 3597 
8714 639 3275 1505 3725 
8715 3151 3642 3394 3727 
8716 1812 3475 3622 3643 
8717 3062 3511 3228 3601 
8718 901 3376 792 3711 
8719 3051 3197 3527 3534 
8720 3130 3224 3673 3753 
8721 1988 3331 2126 3486 
8722 3151 3595 3421 4184 
8723 3064 3300 3283 3516 
8724 3152 3574 3406 3594 
8725 3171 3279 3621 4076 
8726 3085 3165 3686 3984 
8727 3203 3749 1960 3809 
8728 3461 3506 834 3615 
8729 3414 3706 3087 4012 
8730 3306 3484 3104 3570 
8731 1182 3264 1189 3569 
8732 3264 3440 3403 3623 
8733 3079 3362 3755 3896 
8734 2230 3400 3523 3960 
8735 3129 3436 3374 4040 
8736 3309 3496 3180 4107 
8737 1511 3594 1512 3660 
8738 1982 2107 2108 3242 
8739 1544 3253 3478 3924 
8740 2039 1899 2242 3419 
8741 1066 1065 3654 4124 
8742 1664 3740 3241 4133 
8743 699 715 3548 3588 
8744 3271 3353 3119 3845 
8745 3281 3060 3522 3555 
8746 3597 3811 3173 4076 
8747 3065 3404 3575 3754 
8748 3300 3048 3520 3984 
8749 2277 677 1952 3307 
8750 1812 1662 1813 3321 
8751 3302 3719 3195 3737 
8752 1689 1690 3739 3967 
8753 3332 3443 3088 3676 
8754 1039 3323 1017 3542 
8755 3404 3558 646 4208 
8756 3450 3975 3066 4063 
8757 921 3294 3506 4044 
8758 1796 896 776 3496 
8759 3277 4120 3619 4190 
8760 668 3307 2277 3803 
8761 1658 3452 1525 3905 
8762 1544 1555 3478 3874 
8763 3167 3755 3362 3896 
8764 2085 3213 3628 4009 
8765 1117 1107 1118 4051 
8766 615 3444 3392 3781 
8767 1632 1631 1630 3445 
8768 2062 2061 2060 3817 
8769 969 3449 3291 3829 
8770 610 566 3406 3633 
8771 3398 3959 3704 4065 
8772 3313 3065 3754 4191 
8773 3068 3276 3261 3537 
8774 3093 3279 3444 3908 
8775 3095 3492 3278 3772 
8776 558 3781 3392 3787 
8777 3129 3538 3835 4042 
8778 2129 2255 3224 3652 
8779 3447 3651 3560 4139 
8780 3710 3819 3428 4164 
8781 887 3720 3496 4194 
8782 1066 3508 1065 4124 
8783 767 1851 758 3611 
8784 3511 3980 3779 4070 
8785 3265 3443 3046 4074 
8786 1783 3395 1690 3458 
8787 3569 3696 1805 3788 
8788 1193 3340 1804 3569 
8789 3116 3368 3282 3818 
8790 927 924 926 3220 
8791 3062 3511 3601 3982 
8792 3235 3701 3909 4097 
8793 807 809 800 3205 
8794 1533 3606 1646 3660 
8795 817 3767 3636 4061 
8796 3051 3197 3571 3708 
8797 1062 1064 3214 4124 
8798 3104 3484 3306 3579 
8799 3242 3535 2108 3674 
8800 201 3239 959 3829 
8801 2075 3298 2187 4110 
8802 839 3422 2226 4048 
8803 1782 1786 1675 3775 
8804 3175 3751 3434 4125 
8805 637 673 3176 4127 
8806 1092 1612 3394 3727 
8807 1809 3736 3232 4020 
8808 528 3344 606 3988 
8809 3155 3451 3481 3793 
8810 3124 3393 3209 3738 
8811 1750 1848 1605 3229 
8812 3100 3697 3390 3782 
8813 3113 3527 3497 3534 
8814 3468 3515 3299 4188 
8815 562 543 541 3580 
8816 1017 1039 957 3323 
8817 1162 3353 3455 3777 
8818 3390 3894 3219 4095 
8819 3046 3443 3160 3603 
8820 2209 596 2212 3361 
8821 3941 3998 3242 4059 
8822 3532 3803 652 3979 
8823 3125 3469 3557 3646 
8824 1307 3272 1308 3659 
8825 871 3498 800 3867 
8826 3278 3571 3051 3973 
8827 748 740 3386 3933 
8828 694 3632 3380 4057 
8829 3131 3317 3919 4087 
8830 3331 3604 3170 3945 
8831 3114 3427 3263 3732 
8832 1348 3529 3379 3789 
8833 1606 4010 3319 4130 
8834 1125 3839 3281 3863 
8835 1089 3810 3373 3865 
8836 1573 3618 3204 3760 
8837 3204 3618 3267 3760 
8838 1581 1649 1789 3504 
8839 1168 1222 3364 3837 
8840 3124 3611 3345 3886 
8841 3217 3507 3351 4206 
8842 3185 3886 3514 4160 
8843 3377 3630 1330 3815 
8844 3072 3290 3413 3785 
8845 1647 3255 1648 4073 
8846 2089 3511 3412 4045 
8847 3053 3244 3868 3949 
8848 1825 1719 1713 3880 
8849 637 3176 673 4024 
8850 3466 3695 3318 4067 
8851 3387 3133 3677 3998 
8852 1638 1642 1643 3332 
8853 3072 3413 3297 3785 
8854 200 3642 3595 3727 
8855 703 3430 3298 4166 
8856 981 1034 3650 3856 
8857 1123 1154 3353 3845 
8858 2146 3256 2154 3616 
8859 3406 3574 3091 3594 
8860 3315 3458 1790 3967 
8861 3346 798 3498 3853 
8862 2028 3714 1958 3821 
8863 1169 3475 3321 3756 
8864 2260 3366 4093 4137 
8865 720 3446 684 3632 
8866 3477 3482 3156 3864 
8867 3064 3626 3283 4153 
8868 1490 3251 1820 3901 
8869 3106 3449 3381 4046 
8870 3264 3627 3223 3788 
8871 3703 3764 3199 4062 
8872 3287 3447 3115 3709 
8873 3534 3677 3133 3998 
8874 3360 3471 1666 3972 
8875 3199 3589 1315 4150 
8876 3568 3744 3489 4092 
8877 967 952 918 3363 
8878 3310 3710 3428 4164 
8879 1062 1065 1064 4124 
8880 877 3254 863 4113 
8881 924 925 926 3220 
8882 590 3833 3441 4173 
8883 2254 3230 2136 3835 
8884 3083 3303 3238 4201 
8885 3264 3569 1625 3788 
8886 3192 1131 3568 3889 
8887 3050 3744 3610 4141 
8888 773 3672 757 3919 
8889 1189 3569 3264 3623 
8890 568 522 519 3883 
8891 3256 3548 715 3588 
8892 3056 3746 3227 3747 
8893 2132 3734 3652 3981 
8894 3214 3122 3810 3865 
8895 3235 3603 3516 3909 
8896 3346 3583 3512 3853 
8897 625 1783 1785 3458 
8898 638 3448 656 3803 
8899 3278 3708 3571 3973 
8900 1436 1693 1733 3337 
8901 3280 3116 3598 3838 
8902 3185 3514 3432 3685 
8903 3286 3808 3629 3823 
8904 3300 3520 3048 3757 
8905 3081 3758 3712 4027 
8906 3081 3185 3612 3685 
8907 674 662 658 3448 
8908 792 3711 3376 4131 
8909 812 1877 784 3535 
8910 1664 1761 3241 3740 
8911 2079 1948 3464 3893 
8912 3095 3492 3184 4036 
8913 1790 3315 1444 3458 
8914 1995 3457 3181 3585 
8915 3390 3894 1939 3960 
8916 3247 3685 3612 4184 
8917 1495 3885 3206 3947 
8918 582 3302 3597 3938 
8919 3358 3715 926 4086 
8920 1009 988 3190 3915 
8921 2263 1370 1418 3374 
8922 3050 3610 3794 4141 
8923 1139 3343 1138 3888 
8924 925 3220 924 4044 
8925 1623 1584 1766 3866 
8926 1634 3471 3352 3869 
8927 2094 3248 2086 4009 
8928 3391 3942 3712 4151 
8929 3097 3637 3367 4062 
8930 1550 3286 3629 3823 
8931 3097 3311 3899 4026 
8932 3339 3482 581 4066 
8933 3541 3592 3142 4080 
8934 3058 3576 3662 4108 
8935 3421 3595 3247 4184 
8936 2047 2277 3307 3803 
8937 3201 3386 3135 3639 
8938 1008 1019 961 3301 
8939 3141 3605 3461 3911 
8940 1265 1261 3187 3608 
8941 3260 3579 847 4059 
8942 952 967 1046 3363 
8943 3071 3239 3474 4052 
8944 3169 3504 3152 4077 
8945 1635 3471 1633 3784 
8946 602 601 510 3233 
8947 1791 1786 1443 3775 
8948 3044 3662 3222 3946 
8949 1440 3231 101 3322 
8950 3561 3977 3762 4055 
8951 927 3220 926 3665 
8952 3052 3590 3203 3989 
8953 2053 3293 1912 3981 
8954 2251 2066 3592 3844 
8955 3152 3477 3574 4077 
8956 2218 1877 2108 3535 
8957 3078 4106 3179 4175 
8958 1897 2234 3248 3572 
8959 104 3297 3785 4198 
8960 1512 3594 3382 3660 
8961 3358 3774 3702 3937 
8962 1555 3765 3478 3874 
8963 930 3506 3491 3880 
8964 1676 1447 1782 3306 
8965 3185 3514 3081 3612 
8966 2097 3185 1905 3851 
8967 3129 3557 3379 3670 
8968 3228 3601 1211 4037 
8969 1136 3318 1191 3596 
8970 3299 3515 3061 4188 
8971 1931 1905 3432 3851 
8972 874 3655 803 3928 
8973 2036 1936 3282 3872 
8974 1187 3434 3320 4071 
8975 3213 3592 3541 4080 
8976 3141 3461 3294 3911 
8977 768 3550 3274 3730 
8978 3653 3861 2015 4159 
8979 2201 2257 3388 3814 
8980 3115 3447 3560 4139 
8981 1162 3353 1163 3455 
8982 3106 3487 3397 3640 
8983 3300 3936 3516 4097 
8984 3519 3578 3319 4147 
8985 3097 3749 3367 4026 
8986 3361 3658 600 3780 
8987 3107 3596 3466 3950 
8988 1217 1154 1220 3845 
8989 1139 1141 1165 4096 
8990 610 3406 566 4064 
8991 2093 3383 2240 3940 
8992 3512 3583 3112 3853 
8993 3441 3590 3154 3684 
8994 3179 3837 1137 4175 
8995 764 744 3738 3933 
8996 3191 3537 3295 4025 
8997 587 3392 615 3444 
8998 871 3346 798 3498 
8999 3479 3589 3199 3831 
9000 3437 3641 3093 3868 
9001 958 1025 3296 3547 
9002 3209 3135 3393 3802 
9003 3096 3590 3441 3684 
9004 985 3240 1005 3650 
9005 3116 3280 3598 3914 
9006 1883 3432 1905 3514 
9007 104 3290 3738 3785 
9008 3058 3662 3314 4108 
9009 943 952 1954 3363 
9010 3112 3346 3498 3853 
9011 3145 3988 3462 4118 
9012 1265 3187 1261 3826 
9013 3513 3755 3380 4074 
9014 3493 3524 3206 3624 
9015 3068 3276 3862 4079 
9016 1141 3601 1165 4096 
9017 1626 3475 3232 3622 
9018 3209 3493 3470 3919 
9019 3186 3502 3052 4197 
9020 1793 3539 854 4022 
9021 3088 3610 3513 4074 
9022 3325 3070 3693 3921 
9023 3117 3650 3240 4116 
9024 3109 3369 3800 3878 
9025 3116 3651 3178 4139 
9026 3078 3179 3609 4175 
9027 3052 3237 3703 3831 
9028 2167 2146 3256 3649 
9029 3051 3278 3492 3772 
9030 3270 3348 3117 3957 
9031 3221 3442 3072 3969 
9032 3409 3568 1131 3889 
9033 3095 3184 3492 3772 
9034 1092 1055 199 3727 
9035 1592 1537 1514 4109 
9036 3172 3464 3391 4151 
9037 526 3339 581 4066 
9038 3414 3710 3428 4038 
9039 1444 3315 1795 4064 
9040 1586 3621 3528 4181 
9041 3178 3116 3818 3838 
9042 3053 3244 3530 3868 
9043 3387 3718 1981 3957 
9044 3164 4001 3483 4109 
9045 3117 3348 3650 4116 
9046 3221 3072 3463 3969 
9047 1224 3572 3248 4162 
9048 3344 3988 3313 4191 
9049 1762 1759 3241 3704 
9050 1851 3611 3393 4144 
9051 1191 3318 1100 3466 
9052 3391 3082 3942 4151 
9053 1102 1187 1787 3320 
9054 3182 3443 3046 3843 
9055 3231 3146 3898 4049 
9056 1264 1936 2205 4193 
9057 779 1856 839 3422 
9058 938 964 3358 4216 
9059 776 1465 1796 3496 
9060 610 560 566 3633 
9061 3075 3482 3477 3864 
9062 3350 3094 3542 3931 
9063 926 3220 925 3715 
9064 3075 3249 3477 3482 
9065 1320 1299 1321 3529 
9066 503 1448 612 3395 
9067 613 561 564 3597 
9068 1408 1411 1402 4158 
9069 1942 1960 3407 3749 
9070 3243 3303 3555 4201 
9071 519 3821 3883 4017 
9072 1458 3305 3398 3626 
9073 1385 3195 1388 4174 
9074 3064 3959 3398 4153 
9075 3464 3893 3391 4151 
9076 3343 3596 3179 3837 
9077 1313 1327 1303 3217 
9078 729 903 736 3871 
9079 1086 1097 1228 3455 
9080 3248 3839 3347 3940 
9081 1697 3473 3245 3729 
9082 1930 3793 1928 4132 
9083 3052 3199 3703 3857 
9084 1260 1936 1264 4193 
9085 3049 3505 3303 3766 
9086 1593 1591 1625 3788 
9087 1138 3343 1137 3596 
9088 3641 3868 3437 4114 
9089 3061 3468 3299 3948 
9090 779 1856 3422 3586 
9091 3318 3609 1156 3922 
9092 3319 3977 1257 4130 
9093 583 3597 3302 4039 
9094 3527 3534 3234 3852 
9095 3309 4029 3188 4107 
9096 1262 3578 1248 4147 
9097 1851 3393 767 3906 
9098 601 3658 3233 4217 
9099 3520 4097 3246 4129 
9100 1752 3312 3614 3916 
9101 2167 3256 2146 3616 
9102 3104 3260 3484 3579 
9103 959 201 202 3239 
9104 696 3380 3588 3676 
9105 2080 3464 3422 3893 
9106 551 600 3658 3780 
9107 1722 1377 1462 3929 
9108 3074 3490 3832 4154 
9109 3193 3652 2003 3753 
9110 3152 3574 3252 3633 
9111 3289 3473 1772 4214 
9112 768 3274 3711 3730 
9113 3218 3717 3296 3816 
9114 526 3988 3339 4066 
9115 3115 3560 3165 3581 
9116 3230 3467 2136 3835 
9117 1762 3241 1761 3699 
9118 3331 3486 1988 4004 
9119 3300 3494 3048 3984 
9120 1049 982 3962 4115 
9121 801 3359 803 3655 
9122 637 3732 3176 4024 
9123 1497 3206 1840 3524 
9124 2159 1971 1969 3663 
9125 3381 3657 3397 3848 
9126 3092 3300 3283 3798 
9127 3614 3827 3171 4155 
9128 3127 3843 3692 3934 
9129 2167 3256 3616 3649 
9130 531 3807 532 4215 
9131 3092 3283 3300 3516 
9132 3201 3066 3799 3975 
9133 597 3344 3754 4208 
9134 1327 1303 3217 3985 
9135 1358 1372 1315 3479 
9136 3135 4112 3172 4151 
9137 1270 3287 3602 3709 
9138 3517 3644 3164 4001 
9139 3210 3907 3276 4000 
9140 1262 3561 1252 3977 
9141 1396 3388 3814 4213 
9142 2039 2248 1899 3456 
9143 2204 1911 510 3584 
9144 3330 3693 3070 3921 
9145 2017 2230 3523 3960 
9146 2240 2023 3485 3721 
9147 3386 3906 748 3933 
9148 3139 3251 3603 3909 
9149 1468 1657 1804 3340 
9150 1125 1126 1127 3839 
9151 1860 3323 957 3565 
9152 1821 1723 3401 3895 
9153 2129 3652 3224 3753 
9154 3195 3469 3054 3646 
9155 3279 3093 3641 3908 
9156 1460 3503 3322 3830 
9157 3186 3091 3382 4143 
9158 1008 3301 961 3564 
9159 3381 3573 3180 3657 
9160 2172 1985 3750 4004 
9161 3147 3537 3295 4013 
9162 2197 1221 1898 3356 
9163 3058 3447 3250 3840 
9164 1998 3329 3585 3875 
9165 3372 3807 3249 4215 
9166 3247 3612 3421 4184 
9167 3145 3344 3988 4118 
9168 1130 3192 3635 4071 
9169 610 3406 591 3633 
9170 1824 3258 1702 3621 
9171 1516 1591 3223 3627 
9172 1395 1409 1390 3999 
9173 3671 3830 3143 3972 
9174 1211 3601 3228 4157 
9175 1752 3312 1600 3827 
9176 2177 1859 1283 3436 
9177 2125 2133 3585 3771 
9178 728 3470 3290 3656 
9179 2162 3348 1024 4018 
9180 1091 1054 1079 3229 
9181 3171 3621 3469 4076 
9182 1321 1320 3529 4040 
9183 3233 3861 3653 4159 
9184 1062 3299 1060 3741 
9185 1883 3514 1903 3758 
9186 939 1719 914 3880 
9187 1703 3258 1462 3895 
9188 1893 965 3410 3438 
9189 3297 3063 3413 3505 
9190 1697 3245 1696 3729 
9191 1926 3514 1925 4112 
9192 581 3482 3339 4017 
9193 847 3579 3260 3600 
9194 606 3988 3344 4118 
9195 1005 3365 3650 3748 
9196 3462 3988 534 4118 
9197 3218 3613 3417 3816 
9198 3425 3977 1263 4055 
9199 1625 3264 1810 3569 
9200 3049 3644 3517 4001 
9201 1891 3224 913 4021 
9202 3297 3413 3290 3785 
9203 2010 1921 1923 4007 
9204 877 3497 3254 4113 
9205 1449 1768 778 3473 
9206 3591 3698 3212 4108 
9207 1178 3756 3321 3863 
9208 3254 3113 3484 3579 
9209 3249 3313 3075 3710 
9210 3249 3807 3482 4066 
9211 1202 1117 3777 4020 
9212 3180 4029 3309 4107 
9213 85 3304 3333 3904 
9214 1275 1266 1238 3425 
9215 678 669 635 3733 
9216 519 3883 3482 4017 
9217 1722 3929 1824 4181 
9218 508 596 2209 3361 
9219 3050 3794 3744 4141 
9220 1878 506 2219 3341 
9221 3046 3582 3265 3825 
9222 1742 1294 3389 3518 
9223 583 626 564 3597 
9224 2155 1961 3749 3809 
9225 3290 3292 3073 3925 
9226 3204 3562 3057 3617 
9227 3164 3722 3483 4001 
9228 2053 2203 1912 3293 
9229 3575 3754 3404 4204 
9230 1070 3373 3810 3993 
9231 1388 3195 3557 4174 
9232 3176 3132 3661 4024 
9233 1162 3455 1164 3777 
9234 3397 3657 3106 3848 
9235 2218 853 784 3556 
9236 1994 3181 1995 3759 
9237 1446 1787 1187 3320 
9238 3199 3148 3804 3857 
9239 1168 1222 1216 3364 
9240 1864 106 4169 4198 
9241 2124 2216 3535 3875 
9242 3052 3203 3703 3989 
9243 3144 3562 3289 3618 
9244 2227 3339 511 3932 
9245 1942 3407 1960 3678 
9246 602 3476 3233 3584 
9247 2133 2207 3700 3771 
9248 832 3771 3636 3870 
9249 2098 1939 3894 3960 
9250 1265 294 1261 3608 
9251 3567 3714 3207 3864 
9252 3075 3819 3710 4164 
9253 1869 298 1862 3311 
9254 1578 1722 1827 3402 
9255 3276 3907 3537 4000 
9256 1379 1398 1578 3929 
9257 3207 3666 1909 3899 
9258 1309 1308 1307 3272 
9259 3241 3801 3158 3991 
9260 505 611 624 3315 
9261 3143 3360 3471 3513 
9262 3106 3239 3487 3829 
9263 1653 1820 1490 3251 
9264 867 3329 781 4061 
9265 3298 3755 3194 4178 
9266 536 3433 538 3633 
9267 616 615 3392 3781 
9268 3320 3434 4125 4141 
9269 1722 1824 1704 4181 
9270 1399 3388 2152 3814 
9271 3381 3106 3657 3848 
9272 639 1505 1754 3725 
9273 3460 3729 1558 4036 
9274 3063 3690 3902 3920 
9275 3337 3426 1693 3823 
9276 740 3386 3342 3871 
9277 2230 3400 2103 3523 
9278 673 3661 3176 4127 
9279 3135 3209 3393 3933 
9280 3779 3980 3153 4070 
9281 938 964 912 3358 
9282 3124 3209 3393 3802 
9283 572 1806 3372 3688 
9284 3357 3539 1788 3905 
9285 3890 3971 3552 4073 
9286 3044 3591 3428 3786 
9287 3052 3203 3590 3879 
9288 3328 3510 3154 3580 
9289 1813 1181 1173 3475 
9290 3191 4004 3530 4054 
9291 1294 1295 1319 3518 
9292 1658 3544 3452 3905 
9293 635 1839 678 3733 
9294 1442 199 1435 3291 
9295 3091 3186 3382 3834 
9296 2180 1273 1853 3480 
9297 3261 3276 3068 4003 
9298 2152 1399 2008 3388 
9299 2030 3542 3759 3931 
9300 2026 2121 2161 3370 
9301 3141 3293 3605 3652 
9302 921 3506 930 3880 
9303 3633 3891 566 4064 
9304 944 936 793 3491 
9305 3072 3345 3262 3969 
9306 3132 3212 3591 4038 
9307 1280 2161 1349 3370 
9308 971 960 972 3316 
9309 3095 3278 3492 4168 
9310 1156 1191 1136 3318 
9311 1192 1190 1156 3318 
9312 1191 1190 1100 3318 
9313 1124 3756 1178 3863 
9314 1573 1560 3460 3824 
9315 3362 3755 3489 3825 
9316 3046 3198 3582 3825 
9317 3269 3651 3153 4128 
9318 3128 3617 3267 3760 
9319 993 3417 990 3613 
9320 3427 3587 3263 4024 
9321 3269 3731 1967 3872 
9322 3134 3556 3400 4019 
9323 1516 1515 1538 3536 
9324 3353 3845 3419 4189 
9325 3073 3292 3290 3806 
9326 846 3600 3260 3881 
9327 3090 3654 3334 3736 
9328 1830 3187 1502 4179 
9329 571 617 3638 3787 
9330 3311 3666 3207 3899 
9331 1290 3311 3637 4026 
9332 1412 1396 1399 3814 
9333 3099 3797 3496 3970 
9334 3110 3434 3635 3794 
9335 3276 3147 3537 3862 
9336 1499 3396 1652 3543 
9337 1658 1496 3452 3544 
9338 664 1505 639 3275 
9339 3440 3757 3651 4128 
9340 3214 3508 1064 3810 
9341 1062 3214 1064 3810 
9342 3187 3608 3354 4179 
9343 3211 3636 3708 3870 
9344 627 3575 3404 4204 
9345 2240 2093 2023 3721 
9346 653 681 3661 3725 
9347 2056 3419 2244 3485 
9348 1687 1815 3575 3733 
9349 1717 690 1724 3360 
9350 3226 3428 3044 3698 
9351 1105 2195 1175 3364 
9352 993 3613 999 3702 
9353 897 874 3539 3655 
9354 3190 3566 986 3745 
9355 1439 1454 3277 3792 
9356 1874 590 3441 4173 
9357 3443 3599 3352 4202 
9358 883 900 829 3473 
9359 1298 1319 3691 3913 
9360 3140 3582 3533 3934 
9361 1092 3394 1055 3727 
9362 1774 574 587 3392 
9363 3095 3301 3492 4036 
9364 3322 3671 1459 3830 
9365 1542 3570 3253 3924 
9366 1854 3339 2082 3593 
9367 1848 3229 3546 3923 
9368 3174 3529 3324 4042 
9369 1663 3624 3349 3947 
9370 2236 3228 3980 4157 
9371 1049 3962 3668 4115 
9372 1691 3739 3395 3903 
9373 3057 3605 3211 4105 
9374 3262 2274 3958 3969 
9375 2058 1956 2027 3963 
9376 650 3266 647 3558 
9377 2188 2097 3851 3886 
9378 3046 3692 3198 3825 
9379 3092 3273 3516 3897 
9380 1350 1370 2263 3374 
9381 1985 3191 4004 4013 
9382 3387 3998 3677 4032 
9383 3061 3468 3327 3515 
9384 1598 1581 3504 4146 
9385 3333 3114 3686 4016 
9386 832 833 3771 3870 
9387 1339 4026 3637 4062 
9388 3198 3046 3582 3934 
9389 547 548 3276 3862 
9390 1332 3683 3426 3804 
9391 3208 3109 3438 3856 
9392 766 748 740 3386 
9393 740 3342 737 3871 
9394 3320 4071 3434 4141 
9395 1827 3402 1722 4181 
9396 3087 3504 3372 3706 
9397 3265 3582 3046 4106 
9398 3354 3543 3074 3576 
9399 3156 3252 3477 3567 
9400 936 3491 930 3506 
9401 1753 1712 3760 3956 
9402 3046 3160 3443 3770 
9403 1629 1459 3671 3830 
9404 2255 3224 3652 3734 
9405 3776 4046 1020 4053 
9406 3276 3679 4003 4089 
9407 294 293 3277 3354 
9408 3591 3786 3132 4038 
9409 1616 3427 3263 3704 
9410 909 759 771 3711 
9411 2194 1876 1108 3411 
9412 3048 3757 3520 3984 
9413 757 3672 3550 3919 
9414 3289 1772 3824 4214 
9415 3118 3578 3519 4147 
9416 1956 2027 3963 4195 
9417 3250 3481 3165 3686 
9418 3173 3641 3437 4114 
9419 3590 3678 3203 3989 
9420 3155 3581 3366 3840 
9421 3357 3439 3205 4119 
9422 2180 2279 2036 3480 
9423 3199 3148 3589 3804 
9424 3078 3563 3320 3922 
9425 938 1012 964 4216 
9426 3340 3569 3092 3696 
9427 3138 3266 3786 4186 
9428 1222 3675 3364 3837 
9429 661 669 655 4208 
9430 2219 3341 506 4078 
9431 3308 3593 2011 4075 
9432 3055 3567 3207 3864 
9433 3303 3522 3060 3555 
9434 2049 1930 3429 3860 
9435 958 1023 1025 3547 
9436 3075 3477 3249 3819 
9437 3177 3440 3092 3623 
9438 685 3778 3304 3904 
9439 1597 3797 3357 3905 
9440 3455 3654 1088 4033 
9441 3356 3511 2090 4045 
9442 2201 3388 3584 3814 
9443 3322 3143 3671 3830 
9444 3483 4001 3961 4109 
9445 3343 3533 3179 3950 
9446 604 631 3938 4213 
9447 1616 3704 3263 4133 
9448 1961 1960 3749 3809 
9449 3117 3240 3687 3745 
9450 1138 3343 3596 3888 
9451 3644 3722 3164 4001 
9452 3177 3092 3440 3897 
9453 3073 3413 3231 4049 
9454 1362 1356 3371 4090 
9455 3082 3586 3893 3942 
9456 599 3742 3361 3780 
9457 3198 3645 2062 3964 
9458 3107 3516 3273 3936 
9459 2145 3308 2011 4075 
9460 3092 3696 3569 3788 
9461 1006 3613 990 3915 
9462 3211 3636 3553 3708 
9463 771 1838 909 3711 
9464 3152 3249 3807 4077 
9465 797 871 798 3498 
9466 3214 3508 3654 4124 
9467 3359 3805 3586 4177 
9468 3197 3534 3051 3571 
9469 868 3473 893 4069 
9470 762 3470 3317 3919 
9471 3356 3601 3511 3982 
9472 823 3461 3211 3680 
9473 3057 3204 3617 3717 
9474 3140 3582 3364 3837 
9475 552 3437 585 3781 
9476 1234 3319 1751 3519 
9477 3149 3505 3453 4014 
9478 3072 3297 3413 3505 
9479 611 1444 1795 4064 
9480 3053 3808 3607 3907 
9481 1516 1538 1591 3627 
9482 3091 3891 3406 4064 
9483 681 670 653 3587 
9484 597 3754 3404 4208 
9485 650 649 647 3266 
9486 3220 3849 924 4044 
9487 1448 3395 503 3638 
9488 3535 3875 3133 4061 
9489 990 3613 3417 3915 
9490 535 522 536 3252 
9491 3582 3631 3364 3837 
9492 1199 1193 1157 3340 
9493 203 3432 3735 4121 
9494 3187 1830 3699 3994 
9495 3069 3686 3326 4007 
9496 1828 3648 3587 3884 
9497 3312 3518 1600 3827 
9498 3131 3552 3550 4063 
9499 686 3332 711 3634 
9500 3515 3681 3121 3722 
9501 1427 1810 1182 3569 
9502 1893 3410 2156 3438 
9503 1315 1358 4062 4150 
9504 3045 3421 3292 3493 
9505 3139 3443 3332 3778 
9506 3113 3497 3254 3534 
9507 3117 3240 3745 4116 
9508 3702 3716 1000 4163 
9509 3069 3307 3917 4127 
9510 3055 3574 3477 4077 
9511 3163 3381 3573 3921 
9512 203 204 3288 3432 
9513 3066 3550 3552 4063 
9514 2088 3592 3213 4091 
9515 1255 3366 1254 3480 
9516 3054 3171 3469 3641 
9517 2075 2176 2187 3298 
9518 685 722 710 3778 
9519 3241 3699 1762 4065 
9520 2172 3370 1861 3371 
9521 1257 3319 1274 3977 
9522 3677 3998 3534 4032 
9523 3078 3409 4106 4175 
9524 3102 3507 3217 4025 
9525 1874 3833 590 4173 
9526 3337 3067 3426 3823 
9527 776 896 887 3496 
9528 1597 1800 1807 3357 
9529 2250 2139 3374 3835 
9530 3108 3527 3729 3772 
9531 775 834 3506 3615 
9532 1499 1652 1474 3543 
9533 818 3497 3197 3767 
9534 1632 3175 3869 4125 
9535 1488 1653 1490 3251 
9536 1068 1066 1065 3654 
9537 3362 3489 3167 3592 
9538 2192 3581 3165 3847 
9539 996 3218 993 3702 
9540 3079 3755 3362 3825 
9541 1406 2008 1399 3388 
9542 546 3679 3276 3787 
9543 977 3365 1005 3748 
9544 3145 3988 3344 4191 
9545 3190 3051 3492 3687 
9546 3235 3516 3603 3936 
9547 1874 590 501 3441 
9548 874 3539 3655 3928 
9549 3369 3674 3270 3842 
9550 2073 3364 2196 3645 
9551 1947 1925 2271 3335 
9552 3187 3608 1261 3826 
9553 3123 3566 3492 3687 
9554 3299 3061 4184 4188 
9555 1207 1221 2197 3675 
9556 3213 3592 2088 3628 
9557 3462 3932 534 3988 
9558 1870 3262 106 3345 
9559 1488 3251 1490 3901 
9560 3151 3206 3459 3947 
9561 3250 3686 3494 3959 
9562 3128 3717 3218 3937 
9563 3080 3453 3297 4014 
9564 668 643 677 3307 
9565 3092 3177 3623 3897 
9566 2044 3886 3611 4144 
9567 3228 3511 3356 3601 
9568 3162 4056 3797 4119 
9569 3253 3330 3693 3953 
9570 3501 3882 3435 4114 
9571 3634 3778 705 3904 
9572 1091 3546 3229 4124 
9573 1812 3622 1594 3643 
9574 535 522 3252 3883 
9575 1145 3403 1147 3598 
9576 1845 3398 1441 3427 
9577 1985 4004 1986 4013 
9578 818 3197 3497 4006 
9579 581 3339 580 4017 
9580 1008 1019 3301 3547 
9581 3191 3331 3530 4004 
9582 3068 3862 3341 4079 
9583 3530 4000 3191 4025 
9584 1041 1006 1007 3613 
9585 2124 3329 1998 3875 
9586 3251 3516 3283 3696 
9587 3083 3321 3281 3555 
9588 3074 3354 3277 3792 
9589 554 585 552 3437 
9590 3626 3901 3305 3909 
9591 1009 3745 3323 3915 
9592 2258 3900 3393 3906 
9593 2094 2086 3248 4091 
9594 3346 3112 3583 3853 
9595 839 1856 2226 3422 
9596 3091 3406 3812 4064 
9597 3063 3690 3322 3902 
9598 3214 3468 3121 3644 
9599 3420 3628 3213 4009 
9600 558 616 3392 3781 
9601 3150 3508 3408 3926 
9602 1002 1000 3702 3716 
9603 800 3205 809 3867 
9604 2262 1027 2185 3363 
9605 1936 2180 2036 3282 
9606 3133 3571 3329 3875 
9607 3494 3686 3333 3959 
9608 3064 3300 3516 4097 
9609 3424 3894 3559 3960 
9610 3330 3253 3570 3953 
9611 1886 3416 1885 3666 
9612 3184 3765 1557 4036 
9613 893 3473 3289 4069 
9614 3355 3731 2055 3980 
9615 3044 3490 3662 3946 
9616 2257 2152 2008 3388 
9617 3394 3681 1831 4211 
9618 3193 3753 2003 3931 
9619 1719 1577 3491 3880 
9620 939 3491 1577 3880 
9621 3344 3145 3488 4118 
9622 1998 3329 2125 3585 
9623 986 3566 985 3745 
9624 3135 3906 3386 3933 
9625 655 646 3404 3558 
9626 1424 502 1806 3372 
9627 3118 3536 3519 3699 
9628 3435 3682 3170 4042 
9629 3167 3213 3592 3877 
9630 3136 3703 3367 3764 
9631 3095 3460 3694 4036 
9632 1396 3388 1399 3814 
9633 1657 3340 1468 4123 
9634 1376 3230 1892 3999 
9635 1519 3212 1499 4117 
9636 3457 3759 3094 3931 
9637 3191 4000 3537 4025 
9638 1517 3890 3524 4073 
9639 3333 3701 3304 3992 
9640 3138 3786 3974 4186 
9641 3091 3812 3891 4064 
9642 1864 3430 726 4198 
9643 2202 3356 2090 4045 
9644 3134 3912 3800 4207 
9645 3440 3757 3300 3798 
9646 3075 3482 3339 4066 
9647 3304 3548 3182 3778 
9648 3053 3647 3244 3949 
9649 2094 2093 3383 4009 
9650 1345 1861 3371 4011 
9651 3074 3698 3490 4108 
9652 3188 3512 3346 3583 
9653 1882 1872 1883 3432 
9654 848 873 876 3512 
9655 1970 1969 1971 3663 
9656 925 3715 3220 4044 
9657 1418 1370 1292 3374 
9658 764 743 744 3933 
9659 3548 3588 3256 3692 
9660 3168 3559 3424 3894 
9661 3347 3485 1183 3845 
9662 3067 3337 3426 3659 
9663 3052 3502 3545 3857 
9664 3096 3678 3590 3989 
9665 3184 1558 3729 4036 
9666 3180 3573 3381 4148 
9667 3084 3682 3170 3945 
9668 3297 3453 3063 3505 
9669 519 3482 520 4017 
9670 1497 3524 1840 3624 
9671 3348 3565 1024 4116 
9672 2230 2103 2017 3523 
9673 1739 1733 3337 4156 
9674 1886 1885 1904 3666 
9675 3489 3755 3265 3825 
9676 3492 3765 3123 3852 
9677 3269 3282 3116 3872 
9678 935 967 918 4163 
9679 1292 1380 1418 3374 
9680 3794 4071 3192 4141 
9681 3573 3921 3381 4148 
9682 3192 3794 3635 4071 
9683 1717 689 690 3360 
9684 3182 3443 3676 4074 
9685 571 3679 546 3787 
9686 1038 3350 1041 3542 
9687 3103 3458 3395 3679 
9688 3088 3676 3443 4074 
9689 3404 3754 3344 4208 
9690 2043 2274 1870 3969 
9691 1027 1046 967 3363 
9692 1991 3486 3361 4199 
9693 1292 1380 3374 3789 
9694 3054 3682 3435 4042 
9695 1430 1019 1743 3301 
9696 657 652 671 3803 
9697 3284 3809 3663 4100 
9698 3259 3284 3068 3952 
9699 1547 1549 1548 3823 
9700 2093 2094 3383 3940 
9701 3428 3698 3226 3819 
9702 3190 988 3705 3915 
9703 1751 3319 1849 3519 
9704 3571 3585 3329 3875 
9705 3075 4066 3339 4200 
9706 3702 3774 3218 3937 
9707 1989 1990 3331 3604 
9708 1543 3253 1542 3693 
9709 1138 1139 1137 3343 
9710 1977 3270 1978 3791 
9711 3101 3708 3211 4105 
9712 3762 3977 3425 4055 
9713 897 3539 3357 3655 
9714 3191 3530 3486 4000 
9715 931 3224 913 3734 
9716 2180 1235 1273 3480 
9717 3187 3826 1265 3994 
9718 3276 4003 3261 4089 
9719 588 594 3341 4079 
9720 3099 3657 3397 3970 
9721 589 3399 3441 3854 
9722 1713 1719 1826 3880 
9723 985 3650 1003 4116 
9724 1412 1376 1394 3230 
9725 3066 3550 3274 3552 
9726 1676 3306 1545 3570 
9727 1623 3289 1772 3824 
9728 621 532 619 3688 
9729 1197 1211 3601 4037 
9730 3081 3514 3172 4031 
9731 1830 1761 3187 3699 
9732 3116 3282 3269 4139 
9733 3049 3722 3644 4001 
9734 814 817 3636 4061 
9735 3172 3712 3081 4031 
9736 1839 635 1815 3733 
9737 1544 1715 1542 3924 
9738 1745 3629 3389 4156 
9739 3080 3262 3420 4014 
9740 3489 3592 3362 3844 
9741 3483 3121 3681 3722 
9742 3075 3313 3249 4066 
9743 3072 3969 3262 4014 
9744 3062 4097 3520 4129 
9745 295 3608 294 3619 
9746 814 3636 3329 4061 
9747 1794 3320 1446 4125 
9748 989 3705 3417 3816 
9749 587 616 615 3392 
9750 780 1873 841 3400 
9751 3058 3250 3481 3840 
9752 3150 3810 3373 3993 
9753 3355 3980 3228 4128 
9754 1970 3284 1962 3809 
9755 1723 1703 1462 3895 
9756 1241 1254 3366 3480 
9757 3209 3828 3131 4063 
9758 3246 3127 3701 3873 
9759 3184 3729 3460 4036 
9760 3209 3738 3393 3933 
9761 3067 3857 3259 4182 
9762 3317 3624 3073 4002 
9763 3100 3668 4043 4210 
9764 847 870 3579 3600 
9765 1647 1788 3539 3544 
9766 718 3298 717 3616 
9767 637 3176 3732 4127 
9768 3171 3054 3469 3955 
9769 3439 3496 3099 3797 
9770 3222 3069 3451 3481 
9771 931 913 949 3734 
9772 608 1815 635 3733 
9773 1091 3741 3546 4124 
9774 3341 594 4078 4079 
9775 3137 3200 3607 3763 
9776 607 3402 1741 3528 
9777 3432 3851 3196 4121 
9778 3361 3077 3658 3780 
9779 1113 2249 3752 4193 
9780 535 3252 3807 3883 
9781 2152 3388 2257 3814 
9782 1512 3382 3594 3812 
9783 3357 3797 3439 4119 
9784 2084 2145 1929 4075 
9785 2047 2049 2259 3307 
9786 3184 3765 3492 3852 
9787 749 767 3393 3906 
9788 3237 3096 3567 3978 
9789 3044 3662 3490 4108 
9790 2218 2108 2107 3242 
9791 3172 3391 3712 4151 
9792 3109 3348 3270 3791 
9793 921 3294 920 3506 
9794 3378 3985 3913 4206 
9795 1703 1702 1824 3258 
9796 2183 3448 638 3803 
9797 3103 3458 3679 3795 
9798 3060 3347 3248 3839 
9799 1249 3578 3287 3709 
9800 1488 3626 3251 3901 
9801 3087 3698 3428 3819 
9802 1262 1248 1252 3561 
9803 3083 3281 3522 3555 
9804 3342 3375 3066 3730 
9805 3510 3590 3183 3684 
9806 3200 3607 3423 3949 
9807 2094 1897 3248 3940 
9808 1075 1061 3642 3741 
9809 3169 3152 3574 4077 
9810 510 3233 601 4085 
9811 550 3437 552 3781 
9812 969 3291 200 3829 
9813 2089 1938 1918 3246 
9814 1194 1195 3762 3887 
9815 3231 3413 3146 4049 
9816 3156 3593 3308 3864 
9817 3252 3633 3574 3978 
9818 3067 3259 3507 4182 
9819 1224 1210 1171 3248 
9820 1257 1234 1274 3319 
9821 1777 574 1774 3392 
9822 1977 1982 1979 3674 
9823 3265 3825 3582 4106 
9824 3182 3588 3548 3692 
9825 3127 3412 3246 3934 
9826 3239 3106 3487 4210 
9827 1135 1137 3837 4175 
9828 3297 3446 3080 3726 
9829 1907 3219 1955 3894 
9830 3367 4026 1365 4062 
9831 1398 1377 1722 3929 
9832 2222 1854 3593 4017 
9833 622 571 617 3638 
9834 3135 3386 3342 3933 
9835 3381 3970 3180 4148 
9836 3602 3608 296 4102 
9837 593 3341 1878 3742 
9838 3712 3942 3227 4151 
9839 994 993 996 3218 
9840 3144 3562 3617 3911 
9841 3053 3530 3244 3647 
9842 978 3962 3365 4053 
9843 1411 3379 1402 4158 
9844 3055 3207 3832 3864 
9845 3569 3623 1189 4083 
9846 3161 3337 3629 3808 
9847 1340 3337 1733 4156 
9848 3292 3493 3421 3790 
9849 3138 3761 3429 3803 
9850 1183 3347 1209 3485 
9851 1598 3372 3688 4146 
9852 3168 3498 3424 3559 
9853 1943 1968 1944 3225 
9854 581 3339 526 3988 
9855 3072 3262 3345 3785 
9856 596 3361 599 3742 
9857 3191 3750 1985 4004 
9858 3049 3303 3517 3766 
9859 2236 3980 2092 4157 
9860 199 200 969 3291 
9861 2038 3448 1983 4126 
9862 2044 3886 2188 3969 
9863 3296 3717 3095 3816 
9864 599 3361 600 3780 
9865 956 3715 3944 4086 
9866 3053 4000 3530 4025 
9867 508 3361 2209 4085 
9868 3062 3936 3300 4097 
9869 1309 3272 1307 3630 
9870 1114 3425 1258 4055 
9871 3132 3591 3176 3786 
9872 800 799 801 3359 
9873 1168 3364 3631 3837 
9874 1614 1613 3898 4002 
9875 1283 1361 3436 3531 
9876 3101 3211 3605 4105 
9877 1868 717 2176 3616 
9878 967 3363 918 4163 
9879 1929 3509 4075 4132 
9880 3251 3901 3626 3909 
9881 3101 3708 3636 3870 
9882 1345 1288 1861 4011 
9883 546 547 548 3276 
9884 3166 3429 3222 3974 
9885 1249 3287 1270 3709 
9886 3300 3520 3494 3984 
9887 3484 3570 3253 3953 
9888 3059 3234 3534 4032 
9889 3410 3438 965 4115 
9890 748 3386 766 3906 
9891 1989 1999 1990 3604 
9892 1864 726 106 4198 
9893 1652 3396 1527 3792 
9894 1426 1807 782 3539 
9895 1497 3206 3524 3624 
9896 3393 3611 763 3738 
9897 658 645 3488 4118 
9898 2092 2091 3511 3980 
9899 3297 3726 3080 4198 
9900 1166 3356 1221 3675 
9901 738 3375 739 3730 
9902 2081 3593 3431 4075 
9903 2051 3669 2159 3809 
9904 3423 3641 3093 3908 
9905 1522 1847 1617 3587 
9906 874 889 3539 3928 
9907 1280 1362 1345 3370 
9908 655 3404 646 4208 
9909 935 912 1014 4163 
9910 1706 3518 3389 3796 
9911 1876 4030 3411 4152 
9912 645 3488 3344 3558 
9913 2165 1345 1861 3370 
9914 3391 3893 3082 4151 
9915 3250 3686 3165 3984 
9916 3083 3517 3232 3622 
9917 3232 3517 3164 3622 
9918 3148 3502 3338 4196 
9919 1315 3479 1372 3589 
9920 1771 1057 3983 4008 
9921 3657 3970 3099 4107 
9922 536 522 537 3252 
9923 3385 3944 1822 3956 
9924 1501 1831 1612 3394 
9925 1820 3251 1653 3695 
9926 3070 3472 3240 4218 
9927 1238 1114 1231 3425 
9928 1418 1404 2186 3374 
9929 1359 1361 3531 4040 
9930 3064 3398 3626 4153 
9931 3100 3257 3689 3697 
9932 1773 3444 3279 3908 
9933 1412 3230 1394 3737 
9934 1727 1015 3325 3776 
9935 3072 3297 3505 4014 
9936 3478 3527 3113 3852 
9937 1870 106 3262 4169 
9938 580 581 511 3339 
9939 3566 3687 3240 3745 
9940 1355 3436 1361 4040 
9941 3082 3227 3942 4151 
9942 3229 3736 1605 3983 
9943 1772 1623 1768 3289 
9944 1814 909 1838 3711 
9945 3199 3764 3272 4150 
9946 1866 1363 1349 3377 
9947 1145 3623 3177 3997 
9948 2113 3761 3448 3803 
9949 957 1860 2171 3323 
9950 1338 3367 1894 4026 
9951 3219 3894 3391 4027 
9952 1798 3496 1667 3970 
9953 3476 3597 3302 3938 
9954 3256 3649 2146 3817 
9955 3436 3531 1361 4040 
9956 888 3500 3497 4113 
9957 3275 3976 3558 4038 
9958 1934 3386 753 3549 
9959 836 790 2168 3981 
9960 3244 3836 3641 3949 
9961 1798 1465 3439 3496 
9962 3246 3412 3127 3873 
9963 1355 1336 1361 3436 
9964 1886 3509 1904 3793 
9965 3046 3603 3160 3770 
9966 947 3665 3358 4163 
9967 2092 2090 3356 3511 
9968 1495 1840 1497 3206 
9969 294 3354 3277 3619 
9970 1578 1722 3402 3929 
9971 1651 3640 3452 4084 
9972 1745 1739 3629 4156 
9973 1512 3382 1533 3660 
9974 3497 3534 3197 3767 
9975 713 705 3634 3778 
9976 1182 3264 1810 3887 
9977 3174 3646 3529 4042 
9978 1356 1345 1362 3371 
9979 1086 1085 1072 3456 
9980 1957 2145 2084 3308 
9981 3180 3496 3309 3970 
9982 3760 3944 3128 3956 
9983 1619 3263 3587 3648 
9984 3081 3514 3758 4027 
9985 3221 3851 2193 4088 
9986 1943 1968 3225 3986 
9987 3959 3991 3158 4145 
9988 978 3365 977 4053 
9989 1955 3391 3894 4027 
9990 3054 3501 3435 4114 
9991 3299 4184 3642 4188 
9992 649 3488 3266 3979 
9993 3304 3692 3127 3843 
9994 524 3807 3249 4066 
9995 978 3856 3365 3962 
9996 719 3256 715 3588 
9997 909 1814 880 3711 
9998 3222 3481 3155 3662 
9999 2277 1952 2047 3307 
10000 1455 1439 1456 3354 
10001 1024 963 1867 4018 
10002 739 3342 3550 3730 
10003 1024 3348 2162 3565 
10004 3160 3695 3599 4202 
10005 1716 1527 3396 3504 
10006 582 3302 583 3597 
10007 3185 3685 3432 3851 
10008 3264 3105 3627 3887 
10009 3219 3894 1907 4095 
10010 3293 3652 3141 3981 
10011 1696 3729 3245 4185 
10012 3219 3100 3390 4095 
10013 984 3566 1018 3951 
10014 820 3553 821 3870 
10015 3181 1994 3718 3759 
10016 831 3465 790 3981 
10017 1882 3432 1883 3758 
10018 1939 1907 3894 4095 
10019 3072 3221 3463 3521 
10020 3077 3486 3530 4000 
10021 889 897 874 3539 
10022 3157 3241 3740 3841 
10023 2267 1230 2248 3456 
10024 3266 3558 650 3976 
10025 3061 3327 3806 4049 
10026 105 106 3262 3345 
10027 1363 3377 1866 3669 
10028 3382 3606 1533 3660 
10029 3448 3488 674 3979 
10030 3178 3651 3116 3838 
10031 1774 1699 3392 3444 
10032 2167 2146 2154 3616 
10033 1230 2267 1095 3456 
10034 635 516 608 3733 
10035 1509 3640 3397 3797 
10036 935 918 946 4163 
10037 948 3358 926 4086 
10038 588 3341 594 4078 
10039 1439 1455 1454 3792 
10040 2067 3645 3362 3844 
10041 3309 3990 3104 4029 
10042 3061 3806 3790 4049 
10043 1761 1502 1830 3187 
10044 3203 3052 3703 3879 
10045 3206 3421 3493 3790 
10046 3079 3755 3380 3987 
10047 1439 1454 1432 3277 
10048 3801 3158 3991 4145 
10049 3118 3447 3287 3578 
10050 1818 3425 1205 3887 
10051 2023 2056 3485 3721 
10052 2082 3431 3339 4126 
10053 2122 3565 3348 3957 
10054 3125 3646 3529 3955 
10055 2057 3399 3821 4028 
10056 3397 3487 3106 4056 
10057 3077 3435 3331 3861 
10058 3226 3526 3864 4077 
10059 897 782 886 3357 
10060 3299 3642 3741 4188 
10061 3052 3545 3186 3834 
10062 1669 3643 3622 4109 
10063 994 3218 996 3774 
10064 3345 3611 3124 3738 
10065 3877 3892 3243 3920 
10066 3194 3380 3755 3987 
10067 3055 3864 3526 4077 
10068 1675 1545 1676 3306 
10069 2064 2062 2063 3649 
10070 3158 3959 3398 4065 
10071 1038 1041 1007 3542 
10072 3171 3836 3054 3955 
10073 3302 3501 3476 3938 
10074 1105 1875 2195 3364 
10075 3148 3857 3502 4196 
10076 1198 3340 1193 3569 
10077 3333 3773 3701 3992 
10078 3226 3526 3490 3832 
10079 1009 3323 1039 3915 
10080 3418 3701 3127 3873 
10081 3272 3630 1309 4171 
10082 3281 3060 3347 3522 
10083 3093 3444 3846 3908 
10084 3188 3540 3512 3912 
10085 2089 3246 1918 3873 
10086 740 739 737 3342 
10087 3134 3540 3260 3842 
10088 1609 3983 3334 4008 
10089 1303 3985 1301 4090 
10090 1293 3401 1407 4158 
10091 993 3218 994 3816 
10092 3054 3171 3641 3836 
10093 3280 3561 1243 3818 
10094 1944 3225 1968 3783 
10095 1217 1220 1174 3419 
10096 2043 1870 3345 3969 
10097 3199 3097 3703 4062 
10098 1451 3640 3291 3848 
10099 1145 3997 3177 4037 
10100 709 3256 719 3616 
10101 3385 3128 3944 3956 
10102 3262 3969 3463 4014 
10103 3065 3275 3558 4038 
10104 3211 3708 3101 3870 
10105 3078 3320 3609 3922 
10106 683 717 1868 3616 
10107 3085 3246 3520 3701 
10108 3081 3219 3712 3758 
10109 3317 3493 3073 3624 
10110 3095 3417 3705 3816 
10111 3080 3726 3713 4178 
10112 806 4048 3201 4060 
10113 3419 3485 3119 3845 
10114 2241 2055 3355 3731 
10115 1079 1091 3229 4124 
10116 502 3372 1424 3939 
10117 3077 3331 3653 3861 
10118 3196 3551 1056 4121 
10119 3122 3221 3521 3620 
10120 1355 1325 3789 4040 
10121 3125 3529 3876 3955 
10122 3399 3441 3096 3678 
10123 2124 2125 1998 3329 
10124 3216 3576 3490 4108 
10125 3186 3052 3834 4197 
10126 3123 3492 3301 3765 
10127 1960 3678 3203 3822 
10128 3101 3571 3329 3636 
10129 1828 3587 3725 3884 
10130 3100 3208 3410 3668 
10131 3282 3368 3116 3872 
10132 3580 4078 594 4079 
10133 3224 3665 3220 3849 
10134 3486 4004 3191 4013 
10135 3206 3493 3073 3790 
10136 3146 3681 3483 4041 
10137 1738 1595 1734 3564 
10138 3219 3056 3689 3712 
10139 3092 3223 3440 3798 
10140 3170 3436 3324 3531 
10141 1926 4027 3514 4112 
10142 957 3323 1036 3565 
10143 2131 3716 2182 4209 
10144 3055 3226 3526 3864 
10145 3052 3237 3590 3989 
10146 783 3293 2203 3771 
10147 755 3317 3470 3656 
10148 3423 3827 3111 3836 
10149 3063 3297 3413 3690 
10150 3281 3839 3236 3863 
10151 3217 3985 3378 4206 
10152 3093 3641 3423 3949 
10153 3216 296 3608 4102 
10154 1070 1067 1071 3993 
10155 1804 3340 1657 3569 
10156 1944 3721 3225 3783 
10157 3303 3522 3517 3766 
10158 3066 3552 3255 3724 
10159 1666 3471 1633 3972 
10160 204 2272 1872 3432 
10161 3426 3683 1728 4122 
10162 3334 3983 1084 4008 
10163 1661 1662 1812 3643 
10164 3553 3636 3211 3870 
10165 3122 3521 3225 3620 
10166 3070 3240 3965 4218 
10167 1981 3718 1992 3957 
10168 1623 1768 3289 3866 
10169 3096 3237 3590 3978 
10170 1739 1596 3629 4156 
10171 531 3249 3807 4215 
10172 2057 2028 1958 3821 
10173 3105 3762 3425 3887 
10174 1441 1458 3305 3398 
10175 1083 3394 1736 3546 
10176 2116 1934 3386 3639 
10177 3253 3852 3234 3965 
10178 3123 3852 3253 3965 
10179 1324 3324 1320 4040 
10180 3267 3618 1825 3760 
10181 3050 3877 3489 4092 
10182 1097 1086 1052 3455 
10183 1348 3379 3529 4158 
10184 1211 1208 3601 4157 
10185 3397 3640 3487 4056 
10186 1512 1587 3382 3812 
10187 670 653 3587 3661 
10188 3396 3543 3212 3698 
10189 2092 2090 2202 3356 
10190 897 782 3357 3539 
10191 3713 3877 3243 3920 
10192 520 3482 519 3883 
10193 820 3636 3553 3870 
10194 3080 3892 3877 3920 
10195 3073 3317 3470 3493 
10196 3080 3446 3297 3920 
10197 1005 3365 977 3650 
10198 1540 1541 1542 3693 
10199 3095 3547 3301 3694 
10200 3285 3655 3359 4099 
10201 1238 1258 1114 3425 
10202 836 831 790 3981 
10203 3091 3834 3433 3891 
10204 3281 3321 3083 3756 
10205 3139 3332 3443 3599 
10206 3713 3726 3194 4178 
10207 702 701 3726 4166 
10208 3119 3383 3347 3485 
10209 3276 3068 4003 4079 
10210 768 3274 752 3711 
10211 3217 3102 3370 3815 
10212 3181 3094 3457 3759 
10213 3077 3653 3435 3861 
10214 3055 3567 3237 3855 
10215 2128 3361 3742 4199 
10216 3463 3620 1924 4015 
10217 3054 4076 3501 4114 
10218 977 3365 978 3856 
10219 1931 3851 3432 4121 
10220 1348 3529 1323 4158 
10221 3096 3237 3567 3989 
10222 3150 3986 3783 3993 
10223 956 3715 3267 3944 
10224 2078 3749 3899 4026 
10225 1750 3229 1605 3983 
10226 3074 3543 3354 3792 
10227 3235 3701 3304 3909 
10228 3129 3835 3436 4042 
10229 1969 3284 1970 3809 
10230 823 3211 821 4069 
10231 3064 3305 3904 3909 
10232 1925 1905 1927 3886 
10233 3501 4076 3173 4114 
10234 2064 3362 2067 3645 
10235 3115 3602 3287 3709 
10236 3096 3590 3237 3989 
10237 1656 1805 3696 3788 
10238 1303 1313 3217 4090 
10239 768 746 3550 3730 
10240 3448 3462 3145 4126 
10241 3225 3408 3119 3766 
10242 3225 3150 3926 3986 
10243 871 3346 3498 3867 
10244 1295 1298 1319 3691 
10245 1596 3629 3337 3823 
10246 1919 3405 3769 3779 
10247 104 103 3297 3446 
10248 1342 1340 1314 3337 
10249 1255 1241 1254 3366 
10250 1957 1909 1941 3714 
10251 3174 3927 1320 4136 
10252 101 102 3231 4002 
10253 1850 3373 2278 3551 
10254 3078 3320 3563 3869 
10255 3338 3823 1548 4122 
10256 3146 3515 3681 4041 
10257 1394 3670 3230 3999 
10258 502 621 572 3372 
10259 2212 2128 3361 3742 
10260 3416 3793 1932 4137 
10261 3442 3851 3185 3886 
10262 2073 2194 2195 3411 
10263 3167 3755 3298 4178 
10264 2251 2066 2069 3896 
10265 3146 3961 3898 4041 
10266 3783 3986 2031 3993 
10267 915 1577 939 3491 
10268 918 3363 946 4163 
10269 3072 3463 3969 4014 
10270 1691 1552 3739 3903 
10271 3476 3501 3126 3938 
10272 3199 3857 3804 4150 
10273 699 727 710 3548 
10274 3082 3464 3975 4151 
10275 3423 3607 3093 3949 
10276 1296 3518 3312 4136 
10277 1031 3348 1024 4116 
10278 1755 1684 3274 3672 
10279 1419 1400 1377 3858 
10280 599 600 551 3780 
10281 524 523 3482 4066 
10282 3428 3819 3226 4164 
10283 755 3317 762 3470 
10284 812 784 861 3535 
10285 880 792 909 3711 
10286 3108 3553 3473 4006 
10287 676 664 3275 3733 
10288 1886 1932 3416 3793 
10289 3094 3181 3457 3813 
10290 2011 3593 3308 3714 
10291 1171 3248 1210 3940 
10292 1387 3670 3195 3737 
10293 3238 3961 1669 4142 
10294 627 3754 530 4204 
10295 3060 3303 3453 4183 
10296 3344 3488 645 4118 
10297 1005 3650 3240 3748 
10298 821 3553 3211 3870 
10299 1578 1398 1722 3929 
10300 3153 3651 3757 4128 
10301 3330 3570 1540 3990 
10302 1385 3719 3195 4174 
10303 2207 3293 2053 3700 
10304 2125 2207 2133 3771 
10305 1117 3232 3777 4020 
10306 1607 3971 3890 4073 
10307 3234 3484 3253 4218 
10308 3071 3474 3239 3487 
10309 1573 1710 3618 3760 
10310 3115 3366 3581 3840 
10311 1605 3736 3229 3923 
10312 1271 3608 3287 3826 
10313 3078 3609 3563 3922 
10314 3108 3473 3245 4006 
10315 1587 3382 3812 4143 
10316 557 3476 3584 3938 
10317 1015 1020 3325 3776 
10318 3064 3626 3305 3909 
10319 728 3290 103 3656 
10320 3081 3514 4031 4160 
10321 3067 3272 3857 4182 
10322 1547 1548 3338 3823 
10323 3239 3829 3106 4210 
10324 3196 3432 3667 3685 
10325 3518 3827 3312 4155 
10326 1009 3190 3745 3915 
10327 2125 3585 3329 3771 
10328 3051 3687 3190 3813 
10329 3425 3627 3105 3887 
10330 3076 3479 3202 3831 
10331 3272 1309 4150 4171 
10332 3286 1549 3739 3823 
10333 3052 3590 3237 3834 
10334 3261 3502 3259 4176 
10335 2204 2054 3233 4085 
10336 2188 3886 3442 3969 
10337 3145 3932 3462 3988 
10338 1169 1181 1178 3321 
10339 1918 3246 1938 3779 
10340 1375 1383 3302 4213 
10341 3208 3438 3410 4115 
10342 3540 3842 3800 4023 
10343 3144 3618 3289 3866 
10344 1196 3466 1199 3888 
10345 3095 3694 3301 4036 
10346 3341 4078 3580 4079 
10347 1783 612 1448 3395 
10348 3525 3178 3578 4147 
10349 2207 3293 3700 3771 
10350 1133 3409 1131 3889 
10351 1303 3913 1301 3985 
10352 3171 3827 3423 3836 
10353 3168 3893 3586 3942 
10354 1188 3320 1176 3889 
10355 3327 3413 3146 3505 
10356 1314 3426 3337 3659 
10357 3286 3067 3808 3823 
10358 2176 3298 2074 3616 
10359 3134 3540 3512 3881 
10360 1135 3837 3631 4175 
10361 3066 3724 3285 3975 
10362 3743 4154 3216 4187 
10363 3594 3660 3169 4101 
10364 710 700 3676 3778 
10365 3552 3890 3274 3971 
10366 3114 3704 3398 3959 
10367 1719 939 1577 3880 
10368 3269 3153 3731 4128 
10369 3509 3793 3222 4132 
10370 1762 1664 1761 3241 
10371 509 623 1466 3406 
10372 3261 3507 3259 3952 
10373 2139 3436 3374 3835 
10374 3125 3379 3858 4158 
10375 2024 2055 3731 3980 
10376 1669 3238 3643 4109 
10377 852 784 853 3556 
10378 3237 3834 3590 3978 
10379 1864 4169 3430 4198 
10380 2260 4093 1932 4137 
10381 3051 3708 3278 3772 
10382 1609 1601 3736 3983 
10383 2030 3350 3542 3931 
10384 3119 3408 3225 4189 
10385 3100 4043 3668 4058 
10386 3395 3458 3103 3739 
10387 810 3928 3799 4022 
10388 551 553 3437 3658 
10389 1813 1467 1181 4005 
10390 1283 1361 1336 3436 
10391 3423 3836 3111 3949 
10392 3088 3471 3360 3513 
10393 3114 3263 3427 3841 
10394 3218 3702 996 3774 
10395 199 3291 1442 3727 
10396 3067 3502 3259 3857 
10397 1651 1477 3640 4084 
10398 802 803 3359 3805 
10399 3417 3705 988 3915 
10400 875 885 3720 3867 
10401 3212 3132 3884 4038 
10402 3153 3520 3757 3984 
10403 2116 3386 1934 3549 
10404 662 3448 1935 3462 
10405 775 3506 911 3615 
10406 3302 3126 3501 3938 
10407 947 926 3358 3665 
10408 1913 3420 3628 4169 
10409 3155 3222 3662 4135 
10410 3218 3130 3499 3613 
10411 3593 3821 2028 4017 
10412 513 607 1741 3528 
10413 3118 3519 3319 4147 
10414 3350 3716 3130 3753 
10415 1487 1669 3961 4142 
10416 1166 1221 1207 3675 
10417 2061 3412 1920 3817 
10418 2040 3368 1936 3872 
10419 3419 3845 3119 4189 
10420 2196 3364 3675 3964 
10421 3330 3921 3573 4148 
10422 1271 3287 1249 3578 
10423 3295 3930 3147 4013 
10424 3514 3172 4031 4160 
10425 1979 1978 1977 3270 
10426 3078 3770 3179 4106 
10427 606 528 597 3344 
10428 3212 3087 3396 3698 
10429 1028 2147 965 3410 
10430 3188 3346 3720 4107 
10431 3320 1176 3889 3922 
10432 3268 3830 3063 4142 
10433 3120 3195 3501 3719 
10434 3257 3657 3106 4056 
10435 1900 3422 2214 4048 
10436 3520 3701 3246 4097 
10437 1925 3335 1947 4112 
10438 2005 3620 2193 4088 
10439 3058 3250 3447 3991 
10440 3306 3570 1676 3924 
10441 3128 3296 3760 3956 
10442 651 3266 3532 3979 
10443 1337 1293 1407 4158 
10444 515 2169 3388 3584 
10445 753 3386 750 3549 
10446 3259 3510 3284 3879 
10447 3397 3106 3657 4056 
10448 1303 3217 3985 4090 
10449 3590 3834 3433 3978 
10450 3203 3678 3154 3822 
10451 3176 3661 673 4024 
10452 847 3260 846 3600 
10453 1820 3599 1819 3901 
10454 3180 3990 3309 4029 
10455 3324 1359 3531 4040 
10456 3307 3454 3138 3532 
10457 3222 3454 3044 3974 
10458 1209 3347 1150 3940 
10459 3135 3209 3933 4063 
10460 790 3465 2168 3981 
10461 2014 2003 2013 3700 
10462 1512 3382 1587 4143 
10463 1123 3271 1121 3845 
10464 3276 4003 3328 4079 
10465 2146 3649 2063 3817 
10466 3128 3774 3358 3937 
10467 3483 3146 3961 4001 
10468 1962 3809 3284 3822 
10469 1349 2161 1866 3377 
10470 898 1465 776 3439 
10471 3121 3515 3468 4188 
10472 1456 3543 3354 3740 
10473 3286 3808 3261 4089 
10474 3062 3235 3936 4097 
10475 3096 3399 3678 4028 
10476 920 911 3506 3615 
10477 3112 3583 3512 3912 
10478 293 1291 294 4120 
10479 3053 3868 3607 3949 
10480 3226 3864 3819 4077 
10481 2051 1961 2155 3809 
10482 1812 1594 1661 3643 
10483 3434 3635 1186 3863 
10484 3045 3802 3450 4063 
10485 2261 4088 1931 4121 
10486 618 529 3215 3754 
10487 557 3476 602 3584 
10488 3667 3685 3432 3735 
10489 3188 3047 3540 3583 
10490 1206 2248 1230 3456 
10491 1573 3204 3618 3824 
10492 1168 3364 1216 3631 
10493 2049 3307 2046 3860 
10494 1942 3407 1941 3899 
10495 3108 3197 3553 4006 
10496 3282 3709 3480 4139 
10497 1970 1962 3284 3822 
10498 3347 3383 3248 3940 
10499 2185 3363 1027 3716 
10500 989 998 1008 3705 
10501 1612 1501 3394 3727 
10502 1672 1791 3309 3990 
10503 3114 3732 3176 4016 
10504 1112 4008 1817 4020 
10505 1130 3889 3192 4071 
10506 3331 3486 3191 3530 
10507 3075 3431 3593 4075 
10508 1874 501 2228 3441 
10509 3192 3236 3794 4092 
10510 1570 1702 3614 3621 
10511 997 3774 3702 4216 
10512 1307 3630 3351 3815 
10513 3980 4070 3228 4128 
10514 3536 3996 1494 4065 
10515 964 1014 912 4163 
10516 1728 3426 1281 3683 
10517 1167 1145 3598 4037 
10518 2210 3329 867 3771 
10519 1337 1374 1286 3379 
10520 3212 3132 3648 3884 
10521 3298 3616 3079 3896 
10522 1115 1228 1163 3456 
10523 1867 2162 1024 4018 
10524 1029 1718 3449 3776 
10525 3253 3693 3070 3953 
10526 1408 1402 3401 4158 
10527 1305 1307 3351 3815 
10528 2019 3464 2080 3893 
10529 3183 3433 3834 3891 
10530 3331 3435 3170 3861 
10531 3067 3659 3426 4196 
10532 1620 3317 3624 4087 
10533 3089 3411 3364 4138 
10534 3275 3404 3065 3558 
10535 3100 3707 3668 4210 
10536 1019 1743 3301 3547 
10537 2143 2123 1981 3387 
10538 814 832 3329 3636 
10539 3170 3435 3331 3945 
10540 645 647 3488 3558 
10541 2201 3814 3584 4159 
10542 985 1005 1003 3650 
10543 1761 1502 3187 3740 
10544 1671 1795 1444 3315 
10545 3050 3794 3610 3859 
10546 201 3595 3239 3829 
10547 1283 3436 1859 3531 
10548 3051 3190 3492 3813 
10549 3188 3583 3346 4107 
10550 1234 1279 3319 3519 
10551 1614 3624 3317 4002 
10552 1249 1271 1270 3287 
10553 3083 3522 3281 3935 
10554 3303 3063 3453 3505 
10555 1139 1138 1140 3888 
10556 3181 3094 3759 3813 
10557 1495 3524 3206 3885 
10558 1072 1086 3456 3995 
10559 3132 3176 3661 3786 
10560 651 649 3266 3979 
10561 3324 3084 3604 3728 
10562 1619 3263 1617 3587 
10563 1736 1092 1612 3394 
10564 3176 3732 3263 4024 
10565 3334 3654 1084 3983 
10566 3399 3156 3821 4028 
10567 3062 3235 4097 4129 
10568 1258 3425 1263 4055 
10569 990 993 992 3816 
10570 3276 3679 3137 3787 
10571 1908 1939 3390 4095 
10572 1060 3299 1061 3741 
10573 2164 3366 2110 3480 
10574 3263 3587 3132 4024 
10575 3473 3553 3108 4069 
10576 3349 3151 3515 3681 
10577 3529 3646 3174 3955 
10578 102 3322 3231 3690 
10579 719 715 699 3588 
10580 3156 3567 3477 3864 
10581 3107 3533 3343 3950 
10582 1294 1344 1431 3389 
10583 1005 3240 975 3748 
10584 3394 3546 1080 3741 
10585 916 1524 3385 3944 
10586 2047 3307 2259 3803 
10587 3160 3770 3603 3950 
10588 597 598 3404 3754 
10589 597 3404 598 4208 
10590 1230 1095 1085 3456 
10591 3248 3572 2234 4091 
10592 3226 3946 3044 4164 
10593 3069 3176 3554 4016 
10594 1236 3287 1271 3608 
10595 1119 3271 1123 3777 
10596 524 523 521 3482 
10597 3325 3776 1020 4053 
10598 1625 1808 3264 3627 
10599 1597 1628 3439 3797 
10600 1669 3961 3238 4109 
10601 3382 3545 3186 3943 
10602 3450 3802 3135 4063 
10603 1054 1074 1750 3546 
10604 3217 4025 3507 4206 
10605 3142 3568 3489 4092 
10606 3318 3596 3179 3950 
10607 3046 3692 3182 3843 
10608 1062 1060 1061 3741 
10609 3080 3446 3713 3726 
10610 3181 3457 3813 3973 
10611 3089 3489 3744 3825 
10612 1710 1825 3618 3760 
10613 1186 3434 1155 3635 
10614 3071 3625 3474 3746 
10615 3070 3325 3316 3748 
10616 3096 3684 3441 3854 
10617 1410 1390 1409 3789 
10618 3832 3864 3207 4149 
10619 3168 3559 3894 3942 
10620 1662 1813 3321 4005 
10621 3192 3236 3635 3794 
10622 3358 4086 938 4216 
10623 3328 4003 3068 4079 
10624 1176 3320 1188 3922 
10625 1178 3321 1181 4005 
10626 3344 3404 3065 3754 
10627 2078 2155 3749 4026 
10628 3063 3453 3297 3920 
10629 2258 3393 1851 3906 
10630 921 930 929 3880 
10631 1098 1159 3280 4172 
10632 3059 3534 3254 3998 
10633 3382 3606 3545 3943 
10634 3138 3307 3429 3454 
10635 637 3732 3554 4127 
10636 3174 3876 3529 3955 
10637 3143 3471 3360 3972 
10638 696 3380 695 3588 
10639 3094 3813 3457 3973 
10640 1196 1199 1157 3888 
10641 560 566 3633 3891 
10642 2255 2130 2129 3224 
10643 2037 3639 1984 3900 
10644 1996 3759 3457 3931 
10645 2127 1991 3361 4199 
10646 2255 3224 1891 4021 
10647 3216 3619 295 4187 
10648 3204 3694 3095 3918 
10649 3060 3281 3839 4034 
10650 970 1010 203 4058 
10651 3317 3656 755 4002 
10652 3131 3493 3317 4087 
10653 3121 3468 3299 4188 
10654 3203 3136 3703 3809 
10655 2149 2007 937 3734 
10656 550 3210 3781 3787 
10657 3369 3134 3800 4207 
10658 3064 3516 3251 3909 
10659 604 3938 3388 4213 
10660 1244 3977 3561 4055 
10661 3428 3310 3974 4186 
10662 3099 3257 3657 4107 
10663 537 522 568 3854 
10664 3259 3502 3261 4003 
10665 1920 3817 3412 3873 
10666 3044 3428 3974 4186 
10667 293 294 3277 4120 
10668 1892 3230 2254 3999 
10669 3134 3369 3842 4019 
10670 3364 3645 3582 3964 
10671 3193 3673 3652 3753 
10672 2211 3535 781 4061 
10673 3353 3119 3845 4189 
10674 1004 1024 3565 4116 
10675 2110 3366 3581 4180 
10676 1576 3699 3536 4065 
10677 600 3361 508 4085 
10678 1771 1057 1076 3983 
10679 773 762 754 3672 
10680 3668 3707 3384 4210 
10681 1544 3253 1543 3874 
10682 559 3679 570 3795 
10683 841 1873 2229 3400 
10684 3099 3720 3346 4107 
10685 3074 3543 3396 3698 
10686 3055 3574 3237 3978 
10687 3260 3881 3842 4059 
10688 3272 3630 3136 4100 
10689 1609 1771 3983 4008 
10690 1894 3367 1338 3669 
10691 3335 4112 3514 4160 
10692 1158 1123 1154 3353 
10693 1944 1943 3225 4015 
10694 3137 3679 3276 4089 
10695 1750 1074 1421 3546 
10696 604 3388 1381 4213 
10697 1495 3206 1497 3947 
10698 802 803 801 3359 
10699 852 861 784 3242 
10700 3266 3065 4038 4186 
10701 3188 3583 3540 3912 
10702 3126 3435 3467 3538 
10703 1773 3846 3444 3908 
10704 563 3742 599 3780 
10705 1169 3321 1178 3756 
10706 3182 3778 3443 3843 
10707 1973 3663 2121 3750 
10708 3308 3207 3714 3864 
10709 3130 3224 3753 4209 
10710 3088 3513 3360 4057 
10711 3060 3281 3347 3839 
10712 3327 3505 3146 4001 
10713 3314 3481 3058 3991 
10714 1739 1284 1733 4156 
10715 3104 3540 3600 4029 
10716 1079 3229 1054 3983 
10717 1487 3961 1669 4109 
10718 1872 204 3288 4058 
10719 2201 2257 2169 3388 
10720 3206 3073 3493 3624 
10721 1248 3578 3561 4147 
10722 3426 3823 3067 4196 
10723 3188 3600 3540 4029 
10724 1932 4093 3416 4137 
10725 2272 3432 204 4121 
10726 1428 958 3296 3547 
10727 83 84 3427 3820 
10728 1546 3338 1548 4122 
10729 573 3441 590 3833 
10730 1719 3491 1826 3880 
10731 1745 3389 1739 4156 
10732 3139 3599 3251 3901 
10733 1485 3830 1629 3972 
10734 3483 3722 3146 4001 
10735 3075 3593 3308 4075 
10736 1198 3569 1189 4083 
10737 1427 1182 1101 3569 
10738 2197 3356 2202 3675 
10739 3304 3548 3127 3692 
10740 3212 3396 3087 3706 
10741 1913 3628 1915 4169 
10742 1171 1224 3248 4162 
10743 3138 3266 3532 3786 
10744 1304 3913 3954 4156 
10745 3054 3435 3501 3538 
10746 2089 1920 3412 3873 
10747 3163 4046 3776 4053 
10748 1489 3283 1507 3626 
10749 3416 3666 3086 3743 
10750 3134 3512 3400 3881 
10751 3334 4008 1112 4020 
10752 1659 3445 3268 3830 
10753 1061 3299 1051 3642 
10754 3080 3877 3713 3920 
10755 3525 3578 3118 4147 
10756 2139 2177 1953 3374 
10757 1124 3281 3756 3863 
10758 1272 1253 3282 3818 
10759 3063 3830 3503 4142 
10760 3174 3324 3682 4042 
10761 3054 3501 3195 3538 
10762 1704 1824 3621 4181 
10763 547 549 548 3862 
10764 2052 3438 2156 3878 
10765 1384 3302 1383 3719 
10766 1666 1717 3360 3671 
10767 2255 3652 2132 3734 
10768 799 3359 3498 4177 
10769 3105 3440 3223 3525 
10770 1433 83 3305 3634 
10771 1562 1550 1551 3629 
10772 3130 3613 3218 3702 
10773 715 3548 3256 3577 
10774 1339 1290 3637 4026 
10775 1339 1365 4026 4062 
10776 3297 3262 3785 4198 
10777 3382 3660 3594 4101 
10778 2037 3386 1934 3639 
10779 3130 3716 3702 4163 
10780 3222 3429 3166 4132 
10781 1440 101 3231 4002 
10782 694 3380 695 4057 
10783 3307 3532 3138 3803 
10784 3175 3610 3794 3859 
10785 1487 1484 1669 4142 
10786 2234 2094 1897 3248 
10787 1985 1987 1986 4004 
10788 3150 3225 3783 3986 
10789 1244 1243 3280 3561 
10790 531 3249 524 3807 
10791 657 652 3803 3979 
10792 1148 1146 1194 3403 
10793 1063 1062 3810 3865 
10794 3214 3121 3468 3741 
10795 2110 3480 3366 4180 
10796 3067 3259 3502 4176 
10797 3173 3882 3501 4114 
10798 3092 3516 3340 3696 
10799 1706 3518 3796 3827 
10800 823 3680 3211 4069 
10801 2020 2081 2082 3431 
10802 3314 3481 3991 4016 
10803 973 960 1015 3325 
10804 3129 3789 3529 4040 
10805 1148 1159 3403 3762 
10806 1487 3961 1484 4142 
10807 1189 1182 1194 3264 
10808 1850 1077 3373 3551 
10809 3135 3933 3342 4063 
10810 3182 3588 3380 3676 
10811 1375 499 3302 4039 
10812 3091 3633 3406 3891 
10813 1194 3264 1182 3887 
10814 831 3615 3465 3850 
10815 3061 3515 3327 4049 
10816 3151 3349 3790 3947 
10817 3083 3475 3321 3643 
10818 1938 3246 3511 3779 
10819 3139 3443 3778 3843 
10820 2230 3400 3960 4161 
10821 3147 3780 3210 4000 
10822 3345 3442 3124 3886 
10823 1327 3217 3815 3985 
10824 3183 3834 3315 3891 
10825 3532 3661 672 4127 
10826 516 635 669 3733 
10827 1550 3629 1596 3823 
10828 3129 3538 3646 3670 
10829 3129 3379 3557 3646 
10830 3163 3325 3776 3921 
10831 3131 3828 3552 4063 
10832 1830 3994 3187 4179 
10833 1384 1383 1385 3719 
10834 3402 3929 1722 4181 
10835 3099 3583 3257 4107 
10836 1005 985 975 3240 
10837 3150 3225 3926 4189 
10838 3339 4066 3313 4200 
10839 3265 3744 3489 3825 
10840 3055 3574 3526 3723 
10841 2231 2018 3678 4028 
10842 3104 3540 3260 3600 
10843 2258 1851 3393 4144 
10844 3091 3315 3834 3891 
10845 3285 3724 3098 4099 
10846 1970 3822 3284 4081 
10847 3289 3618 3562 3824 
10848 1010 4043 203 4058 
10849 1801 509 1466 3406 
10850 3100 3288 4043 4058 
10851 3100 3668 3410 4058 
10852 3134 3842 3556 4019 
10853 556 3476 557 3597 
10854 1084 3654 3334 4033 
10855 3301 3095 3492 3705 
10856 3652 3673 3224 3753 
10857 866 892 786 4111 
10858 1793 1648 3539 4022 
10859 3047 3697 3189 3800 
10860 3075 3431 3339 3593 
10861 1783 1690 1785 3458 
10862 1146 3403 1145 3623 
10863 816 3254 877 3767 
10864 3477 3567 3055 3864 
10865 1717 1724 1666 3360 
10866 3321 3643 1662 3968 
10867 515 576 2169 3584 
10868 2110 3366 2260 3581 
10869 3148 3186 3545 3943 
10870 3740 3841 3241 4133 
10871 3298 3194 3987 4166 
10872 3479 3619 3202 4187 
10873 1565 1564 1563 3796 
10874 3229 3121 3546 3923 
10875 995 986 985 3745 
10876 3301 3694 3547 4036 
10877 940 3267 956 3715 
10878 3324 3531 1359 3728 
10879 3046 3603 3770 3950 
10880 3274 3550 3131 3552 
10881 3842 3881 3556 4059 
10882 1197 1211 1208 3601 
10883 3330 3570 3253 3693 
10884 875 885 887 3720 
10885 3364 3582 3140 3964 
10886 3149 3721 3383 3766 
10887 3047 3188 3540 4029 
10888 3124 3442 3292 4212 
10889 3277 3354 3074 3619 
10890 2020 3431 2082 4126 
10891 1430 3301 1744 3564 
10892 671 3307 3532 4127 
10893 2140 1210 1104 3572 
10894 3113 3497 3245 3500 
10895 3316 3325 3070 3693 
10896 1732 3823 3426 4122 
10897 3305 3820 3064 3904 
10898 3217 3351 3985 4206 
10899 3159 3524 3552 4073 
10900 1216 3631 3364 4138 
10901 562 541 573 3684 
10902 1496 1658 1518 3544 
10903 3080 3420 3453 4014 
10904 1323 1371 1348 4158 
10905 3180 3330 3573 4148 
10906 1083 1092 1736 3394 
10907 1541 1543 1542 3693 
10908 973 3748 3325 4053 
10909 203 3432 3288 3735 
10910 1480 1512 1533 3660 
10911 518 1896 595 3399 
10912 3055 3526 3574 4077 
10913 3072 3413 3327 3505 
10914 3616 3649 3079 3896 
10915 621 531 532 4215 
10916 705 3778 685 3904 
10917 3171 3641 3423 3908 
10918 913 3224 931 4021 
10919 3257 3099 3657 4056 
10920 3063 3503 3322 3690 
10921 1055 1075 200 3642 
10922 3433 3834 3091 3978 
10923 3070 3336 3573 3768 
10924 3083 3522 3303 3555 
10925 2162 3348 2122 3565 
10926 3077 3233 3435 3653 
10927 3699 3801 3536 4065 
10928 1363 1364 3377 3669 
10929 2114 3448 2038 4126 
10930 3484 3953 3253 4218 
10931 1132 1133 1131 3889 
10932 574 616 3392 3638 
10933 203 1059 1056 3667 
10934 996 993 999 3702 
10935 3524 3890 3552 4073 
10936 3119 3383 3721 3766 
10937 1551 3286 1549 3903 
10938 1119 1121 1123 3271 
10939 1055 3394 1075 3642 
10940 1997 3457 3585 3700 
10941 3076 3202 3723 3831 
10942 3261 3952 3259 4003 
10943 3125 3379 3529 3646 
10944 3260 3134 3842 3881 
10945 581 533 3339 3988 
10946 3310 4191 3710 4200 
10947 3406 3891 3633 4064 
10948 3216 3662 3576 4108 
10949 3338 3502 3103 4176 
10950 3107 3343 3533 3936 
10951 3211 3108 3562 3708 
10952 3150 3373 3986 3993 
10953 1674 1540 3570 3990 
10954 3156 3714 3567 3864 
10955 83 3305 84 3820 
10956 3491 3506 3144 3880 
10957 1515 1494 3536 3996 
10958 1665 3594 3406 3812 
10959 1652 3543 3396 3792 
10960 3061 3790 3292 4184 
10961 913 1891 2149 3734 
10962 2155 3367 1894 3669 
10963 1795 3315 1671 4064 
10964 3221 3122 3948 4088 
10965 1732 1693 3426 3823 
10966 581 526 533 3988 
10967 900 893 868 3473 
10968 3083 3271 3522 3935 
10969 3257 3106 3487 4056 
10970 974 977 1005 3748 
10971 1280 1349 1360 3370 
10972 3329 3133 3875 4061 
10973 1268 1255 1269 3602 
10974 1495 1475 3885 3947 
10975 1419 1377 3258 3858 
10976 3053 3200 3607 3808 
10977 1870 1864 106 4169 
10978 965 2147 1893 3410 
10979 3724 3285 3975 4099 
10980 1608 3414 3275 3575 
10981 1515 3536 1516 3996 
10982 3067 3337 3659 3954 
10983 1181 1169 1173 3475 
10984 1254 1235 1253 3480 
10985 3170 3682 3435 3945 
10986 1910 1942 1941 3899 
10987 101 1434 3322 3671 
10988 1459 1460 3322 3830 
10989 3223 3092 3788 3798 
10990 3049 3327 3505 3521 
10991 3234 3472 3687 4032 
10992 673 672 3661 4127 
10993 3239 3735 202 4043 
10994 3281 3839 1125 3935 
10995 1934 3386 2037 3906 
10996 956 3267 914 3944 
10997 1337 1402 1374 3379 
10998 1668 3696 3283 3788 
10999 3072 3521 3463 4014 
11000 1142 3273 1140 3888 
11001 3289 3473 3108 4069 
11002 3417 3813 3094 4168 
11003 583 3302 499 4039 
11004 1848 1605 3229 3923 
11005 1672 3990 3970 4148 
11006 1305 1311 1307 3815 
11007 1627 1665 3406 3812 
11008 2089 2090 3511 4045 
11009 604 1382 631 4213 
11010 1141 1140 1142 3273 
11011 1102 1188 1187 3320 
11012 3053 3949 3200 4203 
11013 2011 3593 2081 4075 
11014 3630 4100 3272 4182 
11015 1307 1311 3630 3815 
11016 696 695 697 3588 
11017 3060 3839 3236 4034 
11018 1973 3295 1972 3663 
11019 658 648 674 3488 
11020 713 3634 705 3904 
11021 3367 3749 2155 4026 
11022 1340 1733 1284 4156 
11023 742 739 3342 3550 
11024 711 3332 3676 3778 
11025 693 3380 696 3676 
11026 3492 3566 3190 3687 
11027 3237 3855 3567 3989 
11028 715 719 709 3256 
11029 1897 1210 2140 3572 
11030 699 710 696 3588 
11031 3214 3468 3299 3741 
11032 3123 3687 3492 3852 
11033 1033 2166 957 3565 
11034 695 3588 3380 3987 
11035 574 617 616 3638 
11036 3226 3819 3526 4077 
11037 1564 1562 1563 3796 
11038 3089 3825 3744 4106 
11039 3056 3559 3219 3689 
11040 899 3309 4111 4194 
11041 3290 3470 728 3738 
11042 3355 3980 2055 4165 
11043 3447 3525 3048 3651 
11044 684 702 701 3726 
11045 3415 3606 3076 3660 
11046 711 3634 3332 3778 
11047 719 3256 3588 3616 
11048 3182 3588 3079 4074 
11049 1608 3275 3414 3884 
11050 759 909 792 3711 
11051 2260 2041 1932 4093 
11052 3125 3258 3469 3614 
11053 1442 3727 3291 4084 
11054 3049 3468 3327 3521 
11055 3046 3198 3692 3934 
11056 2260 3366 2041 4093 
11057 3053 3200 3808 4203 
11058 3260 3579 3104 3600 
11059 713 3634 711 3778 
11060 1336 1355 1350 3374 
11061 2145 2011 2081 4075 
11062 1985 3750 3191 4013 
11063 695 697 3588 3987 
11064 1831 3681 1760 4211 
11065 1308 3272 1309 4150 
11066 1663 1758 3349 3624 
11067 3470 3493 3209 3925 
11068 3046 3443 3265 3770 
11069 3120 3501 3469 4076 
11070 1593 1516 1591 3788 
11071 1303 1302 1301 3913 
11072 3595 3642 3151 3727 
11073 3061 3790 3515 4049 
11074 2098 3894 1956 3960 
11075 1278 2041 2164 3366 
11076 3063 3238 4001 4201 
11077 977 3650 3365 3856 
11078 3262 105 3345 3785 
11079 1292 1333 1380 3789 
11080 984 987 1018 3566 
11081 3265 3046 3770 4106 
11082 2209 2212 2128 3361 
11083 1150 3839 3347 3935 
11084 1353 3415 1720 3683 
11085 922 3294 921 4044 
11086 576 510 1911 3584 
11087 1236 3602 3287 3608 
11088 3255 3724 3552 4073 
11089 1308 3804 3272 4150 
11090 1150 1122 3839 3935 
11091 1768 1482 838 3866 
11092 3075 4075 3308 4164 
11093 3163 3776 3381 3921 
11094 861 3535 3242 3941 
11095 1685 1814 3971 4022 
11096 1394 3230 1376 3999 
11097 3125 3379 3557 3858 
11098 985 995 3745 4116 
11099 3241 3801 3699 4065 
11100 3281 3863 3236 4034 
11101 3047 3583 3188 4107 
11102 2014 2013 2053 3700 
11103 1049 1022 3668 3962 
11104 1663 3349 3681 3947 
11105 3094 3813 3417 3915 
11106 3284 3068 3952 4081 
11107 3120 3501 3302 3719 
11108 1203 4008 3334 4033 
11109 3668 3962 3208 4115 
11110 2207 2053 3293 3771 
11111 3333 3494 3064 4097 
11112 879 3461 834 3615 
11113 3554 3732 3176 4127 
11114 3192 3568 3409 3889 
11115 707 3548 3577 3992 
11116 2058 2098 1956 3960 
11117 3254 3579 863 4113 
11118 3167 3489 3362 3755 
11119 3299 3468 3121 3741 
11120 1123 3353 1162 3777 
11121 3136 3272 3764 4171 
11122 2167 3649 3616 3896 
11123 2088 2087 3592 4091 
11124 759 3711 792 4131 
11125 3229 3546 3121 3741 
11126 3539 3928 854 4022 
11127 1976 3369 1977 3791 
11128 3288 3100 3782 4058 
11129 3526 3574 3169 3723 
11130 3092 3340 3273 4083 
11131 1561 1697 1696 3729 
11132 2036 3480 2279 4180 
11133 2208 2054 3233 4159 
11134 1556 1561 3478 3729 
11135 3047 3188 4029 4107 
11136 3062 3520 3300 4070 
11137 3151 3681 3349 3947 
11138 1791 1673 1672 3309 
11139 3209 3135 3802 4063 
11140 2126 1991 3486 3653 
11141 2129 3224 2130 3753 
11142 3378 3913 3647 4206 
11143 1851 2276 758 3611 
11144 3283 3788 3092 3798 
11145 3071 3452 3640 4084 
11146 3438 3856 3109 4018 
11147 3564 3566 3123 3951 
11148 2244 1174 1855 3485 
11149 3122 3551 3948 4088 
11150 3334 3736 1609 4020 
11151 3322 3503 3231 3690 
11152 3197 3527 3497 4006 
11153 3154 3495 3284 3822 
11154 3247 3642 201 3667 
11155 1502 3187 3740 4179 
11156 1542 1543 1544 3253 
11157 1540 3330 1539 3693 
11158 3338 3103 3739 4176 
11159 3199 3831 3097 4062 
11160 834 3506 3461 3680 
11161 3308 3593 3075 3864 
11162 3097 3703 3367 3749 
11163 2169 2201 3388 3584 
11164 1425 1813 1173 3475 
11165 1970 2117 3822 4081 
11166 1663 3681 1760 3947 
11167 1619 3587 1828 3648 
11168 1507 3283 1668 3696 
11169 1160 3598 1147 3914 
11170 2069 2247 2251 4110 
11171 3105 3762 3561 3977 
11172 3655 3747 3359 4099 
11173 1685 1814 3711 3971 
11174 3138 3974 3310 4186 
11175 693 695 696 3380 
11176 863 877 816 3254 
11177 3585 3700 3101 3771 
11178 1788 3357 1807 3539 
11179 3194 3380 3513 3755 
11180 937 913 2149 3734 
11181 3339 3482 3075 3593 
11182 3202 3831 3637 3855 
11183 3487 3640 3162 4056 
11184 1909 1957 2084 3666 
11185 1245 1243 3561 3818 
11186 3163 3208 3707 3962 
11187 775 879 834 3615 
11188 3099 3346 3583 4107 
11189 3068 3510 3328 3580 
11190 3637 3831 3097 3855 
11191 3264 3569 3092 3623 
11192 3110 3635 3236 3794 
11193 3196 3948 3551 4088 
11194 1664 1762 1759 3241 
11195 772 3345 734 3611 
11196 3110 3236 3863 4034 
11197 3285 3098 3655 4099 
11198 3561 3578 3178 4147 
11199 1202 1201 1164 3777 
11200 3246 3934 3412 4129 
11201 3190 3417 3813 3915 
11202 3083 3517 3303 3522 
11203 2233 1896 518 3399 
11204 1592 1514 3622 4109 
11205 3052 3703 3237 3989 
11206 3054 3538 3195 3646 
11207 3329 3585 3101 3771 
11208 1928 3793 3509 4132 
11209 3290 3073 3470 3925 
11210 3534 3571 3133 3677 
11211 1068 3654 1065 4124 
11212 546 3276 548 3787 
11213 1175 1108 1214 3411 
11214 3268 4142 3063 4201 
11215 3164 3622 3238 4109 
11216 3261 3537 3276 3907 
11217 3215 618 3754 4204 
11218 3175 3794 3610 4141 
11219 2048 3611 1851 4144 
11220 3168 3894 3391 3942 
11221 501 589 595 3441 
11222 104 3290 728 3738 
11223 3446 3632 720 4094 
11224 103 3297 3446 3690 
11225 3224 3734 931 3849 
11226 298 1369 1862 3311 
11227 3114 3554 3333 3732 
11228 676 3275 3725 3976 
11229 3170 3436 3835 4042 
11230 773 757 745 3919 
11231 1730 3332 1642 3966 
11232 3274 3066 3376 3730 
11233 696 710 700 3676 
11234 3084 3604 3331 3945 
11235 3101 3197 3571 3636 
11236 3292 3790 3421 4184 
11237 3219 3712 3758 4027 
11238 3273 3340 3107 3888 
11239 3241 3841 3704 4133 
11240 1363 1866 2157 3669 
11241 3137 3638 3392 3787 
11242 991 1006 990 3915 
11243 800 801 807 3655 
11244 2214 3422 2080 3639 
11245 1942 3749 3407 3899 
11246 3252 3567 3096 3978 
11247 3163 3707 3208 3768 
11248 1958 2028 2011 3714 
11249 3184 3301 3492 3765 
11250 3272 3067 3857 4196 
11251 3334 3777 3232 4020 
11252 944 930 936 3491 
11253 3116 3269 3651 4139 
11254 833 3293 783 3771 
11255 3146 3349 3515 4041 
11256 1009 1036 3323 3745 
11257 3159 3544 3452 3885 
11258 1659 3445 1631 3751 
11259 3129 3230 3538 3670 
11260 719 3616 3588 3987 
11261 836 2168 1912 3981 
11262 3073 3231 3656 4002 
11263 3799 3928 3376 4022 
11264 899 4111 3600 4194 
11265 2094 2086 2093 4009 
11266 1508 3268 1659 3968 
11267 3110 3794 3236 4034 
11268 3249 3710 3075 3819 
11269 3254 3113 3579 4113 
11270 3107 3343 3273 3888 
11271 3195 3646 3538 3670 
11272 1935 3448 2114 3462 
11273 1952 2046 3307 3860 
11274 2254 1892 2152 3814 
11275 574 3392 1777 3638 
11276 1888 3418 1887 3873 
11277 1244 3561 3280 4055 
11278 3506 3680 834 4134 
11279 3322 3503 3063 3830 
11280 3308 3207 3864 4149 
11281 293 1843 1439 3354 
11282 2146 3577 3256 3817 
11283 3081 3288 3735 4043 
11284 1051 3299 1060 3667 
11285 1845 1441 1615 3427 
11286 1133 1131 3409 3568 
11287 3087 3212 3428 3698 
11288 3199 3804 3589 4150 
11289 1543 3253 3693 3874 
11290 1900 2226 3422 4048 
11291 3122 3551 3373 3865 
11292 3079 3265 3755 3825 
11293 894 3289 838 3866 
11294 3280 3818 3116 3838 
11295 2203 3293 2053 3771 
11296 651 3266 650 3661 
11297 3298 3079 3616 3987 
11298 1745 1739 1596 3629 
11299 1854 2082 2222 3593 
11300 531 525 524 3249 
11301 1676 3500 3306 3924 
11302 3108 3245 3473 3729 
11303 1268 3366 1255 3602 
11304 3083 3281 3756 3935 
11305 3321 3555 3110 3863 
11306 3478 3765 3184 3852 
11307 2127 2209 3361 4085 
11308 1586 3528 1767 4181 
11309 1681 3394 1831 4211 
11310 1654 1653 3696 4123 
11311 3600 4111 3309 4194 
11312 3059 3270 3674 3842 
11313 814 817 832 3636 
11314 3316 3874 3693 3965 
11315 1980 1981 1992 3957 
11316 1453 3727 3459 3947 
11317 3477 3482 3249 3807 
11318 1304 3954 3913 3985 
11319 933 920 923 3615 
11320 3302 3501 3195 3719 
11321 3255 3539 1648 4022 
11322 2208 3233 2054 4085 
11323 1107 1811 1425 3475 
11324 1371 3379 1348 4158 
11325 3080 3420 3262 4169 
11326 1234 1751 1423 3519 
11327 2208 3653 3233 4085 
11328 2073 2196 2144 3645 
11329 3321 3555 3083 3643 
11330 1322 3324 1359 3728 
11331 3668 4043 1010 4058 
11332 3151 3349 3515 3790 
11333 2197 1898 2202 3356 
11334 3219 1907 3758 4095 
11335 1967 3731 3269 4072 
11336 3096 3433 3684 3854 
11337 716 726 2187 3430 
11338 3693 3874 3253 3965 
11339 3254 3534 3497 3767 
11340 2231 2105 3441 3678 
11341 3131 3524 3493 4087 
11342 916 934 1524 3944 
11343 3202 3074 3619 4190 
11344 707 3548 715 3577 
11345 3333 3554 3114 4016 
11346 3048 3250 3447 3560 
11347 653 3725 3661 3976 
11348 3160 4067 3695 4202 
11349 3083 3756 3271 3935 
11350 1004 1031 1024 4116 
11351 1732 1548 3823 4122 
11352 1332 1281 3426 3683 
11353 2242 2031 2039 3783 
11354 1474 3543 1652 3792 
11355 3206 3790 3349 3947 
11356 1473 3452 3885 4084 
11357 3076 3589 3415 4120 
11358 1092 199 1612 3727 
11359 3153 4070 3980 4128 
11360 1366 1338 3367 3669 
11361 296 3743 3216 4187 
11362 810 3799 3376 4022 
11363 3169 3574 3526 4077 
11364 2218 2221 853 3556 
11365 3342 3066 3550 3730 
11366 731 768 757 3672 
11367 1508 3643 3268 3968 
11368 3337 3629 1596 4156 
11369 2206 1095 2267 3456 
11370 3281 3555 3321 3863 
11371 985 3240 3566 3951 
11372 3183 3795 3315 4050 
11373 1798 1465 1628 3439 
11374 1110 1174 2244 3419 
11375 624 3891 3315 4064 
11376 3228 4037 3355 4128 
11377 3136 3199 3703 3764 
11378 697 719 3588 3987 
11379 3100 3782 3390 4095 
11380 976 978 977 4053 
11381 1473 1651 3452 4084 
11382 3453 3505 3297 4014 
11383 2254 2137 3230 3835 
11384 1744 3564 3301 3765 
11385 3198 3582 3645 3964 
11386 3422 3586 2080 3893 
11387 3090 3455 3353 3777 
11388 1446 1187 1185 3434 
11389 3092 3569 3264 3788 
11390 3187 3699 3241 4047 
11391 3062 3273 3601 3897 
11392 1428 3296 1753 3547 
11393 3046 3443 3603 3843 
11394 2094 3248 2234 4091 
11395 1105 1875 3364 3675 
11396 3495 3822 2117 4081 
11397 3279 3444 1773 4098 
11398 3170 3835 3538 4042 
11399 3310 3431 3166 4035 
11400 3099 3257 3583 3664 
11401 1534 3606 3382 4143 
11402 1952 3326 2045 3860 
11403 3308 3593 3156 3714 
11404 1997 3585 2133 3700 
11405 3429 3454 3222 3974 
11406 3059 3336 3484 4218 
11407 1800 1465 898 3439 
11408 3389 3518 3111 3796 
11409 3744 3825 3265 4106 
11410 3107 3273 3343 3936 
11411 3527 3729 3478 4185 
11412 3335 3393 3135 3802 
11413 1036 1039 1009 3323 
11414 3044 3698 3591 4108 
11415 3447 3115 3560 3840 
11416 3053 4025 3530 4054 
11417 2040 3752 2249 4193 
11418 295 3216 3608 3619 
11419 768 3711 747 3730 
11420 1521 1618 1846 3317 
11421 1213 3355 3598 3752 
11422 3065 3710 3310 4191 
11423 1407 3401 1402 4158 
11424 3067 3659 3351 3954 
11425 3053 3607 3200 3949 
11426 686 708 711 3332 
11427 1534 3943 3606 4143 
11428 3101 3571 3197 3708 
11429 3062 3897 3601 4070 
11430 1850 1077 2179 3373 
11431 3180 3496 3970 4107 
11432 3087 3819 3249 4077 
11433 3250 3801 3447 3991 
11434 3051 3677 3687 3813 
11435 3169 3526 3504 4077 
11436 3192 3635 3236 3910 
11437 3130 3218 3499 3937 
11438 1272 1246 1253 3818 
11439 688 3418 87 3992 
11440 2005 1924 2193 3620 
11441 3076 3479 3589 4120 
11442 1633 1634 1632 3471 
11443 529 3215 3754 4104 
11444 1060 3667 3299 3865 
11445 3595 3727 3459 4084 
11446 3134 3800 3540 3842 
11447 3108 3553 3197 3708 
11448 3085 3494 3333 3701 
11449 1141 3273 1142 3997 
11450 3324 3604 3531 3728 
11451 1942 1959 3749 3899 
11452 3396 3504 3169 3526 
11453 705 722 685 3778 
11454 547 3276 546 4079 
11455 2273 3416 1932 4093 
11456 1157 1193 1198 3340 
11457 295 3216 296 3608 
11458 3284 3663 1970 4081 
11459 1256 3818 3368 4172 
11460 2143 3387 1981 3674 
11461 3050 3243 3541 3794 
11462 3106 3449 3291 3848 
11463 3213 4009 2085 4091 
11464 3248 3839 1171 4162 
11465 3136 3203 3703 3879 
11466 1057 1084 3983 4008 
11467 2175 1038 1017 3542 
11468 3090 3508 3455 3654 
11469 1561 3478 3729 4185 
11470 88 1871 3326 3418 
11471 2119 3495 3341 4078 
11472 845 846 847 3260 
11473 3183 3433 3590 3834 
11474 1228 1097 1163 3455 
11475 3476 3501 3302 3597 
11476 621 572 3372 3688 
11477 3386 3549 3201 3871 
11478 1865 3418 88 3577 
11479 544 546 3679 4079 
11480 1700 3638 3392 3763 
11481 3397 3657 3099 4056 
11482 2165 2161 1280 3370 
11483 103 728 104 3290 
11484 3515 3681 3151 4188 
11485 982 1022 1049 3962 
11486 2155 1894 2051 3669 
11487 1236 296 3602 3608 
11488 3221 3620 3122 4088 
11489 866 3306 892 4111 
11490 870 3579 3600 4111 
11491 3459 3885 1475 3947 
11492 807 897 3357 3655 
11493 935 3665 947 4163 
11494 3187 3994 1265 4179 
11495 3225 3721 3149 3766 
11496 1105 3364 1222 3675 
11497 3191 3486 3331 4004 
11498 3213 3060 3892 4183 
11499 1270 3287 1236 3602 
11500 1449 1772 1768 3473 
11501 3310 3166 3974 4035 
11502 3201 3549 3386 3639 
11503 1363 1330 1349 3377 
11504 1613 3231 3898 4002 
11505 3516 3603 3251 3909 
11506 1099 1178 1181 4005 
11507 3292 3073 3493 3790 
11508 1988 2126 1991 3486 
11509 3273 3516 3897 3936 
11510 3189 3800 3912 4207 
11511 3117 3687 3472 4032 
11512 1891 2255 2149 3734 
11513 2011 3308 1957 3714 
11514 3065 3428 3310 3710 
11515 2261 2163 3551 4121 
11516 772 106 734 3345 
11517 831 3850 3465 3981 
11518 1419 1377 1403 3258 
11519 914 3267 1461 3944 
11520 3631 3837 3179 4175 
11521 3163 3381 3776 4046 
11522 3323 3718 2173 3759 
11523 2119 1878 3341 3742 
11524 3383 3485 3119 3721 
11525 2150 1351 1338 4026 
11526 3115 3560 3581 3847 
11527 3347 3485 3383 3940 
11528 1213 3752 3598 3914 
11529 2121 2159 3377 3663 
11530 3136 3630 3272 4171 
11531 3256 3079 3588 3616 
11532 985 975 3240 3951 
11533 1810 3264 1625 3887 
11534 3087 3504 3396 3526 
11535 1355 1325 1373 3789 
11536 3254 3497 877 3767 
11537 943 918 952 3363 
11538 1177 1876 3572 4030 
11539 1142 3273 3888 4083 
11540 3052 3502 3259 3510 
11541 3245 3729 3527 4185 
11542 688 3577 3418 3992 
11543 3713 3877 3080 4178 
11544 1016 1893 2158 3438 
11545 3563 3869 3320 3922 
11546 1739 3337 1596 4156 
11547 2074 2167 3616 3896 
11548 1625 3264 1808 3887 
11549 1627 3406 1665 3594 
11550 737 739 738 3375 
11551 3274 3550 3066 3730 
11552 3206 3885 3459 3947 
11553 3587 3648 3132 3884 
11554 3520 3757 3300 4070 
11555 3159 3452 3625 3885 
11556 1651 1473 3452 3885 
11557 1311 1330 3630 3815 
11558 2196 3645 3364 3964 
11559 1203 3334 1202 4033 
11560 3165 3560 3250 3984 
11561 1490 1820 1819 3901 
11562 1550 1549 1551 3286 
11563 3143 3360 3513 3632 
11564 202 3247 201 3667 
11565 3262 3958 3463 3969 
11566 1671 1444 1790 3315 
11567 2160 3438 3791 4018 
11568 1973 3295 3663 3750 
11569 3211 3101 3605 3870 
11570 1290 3311 297 3637 
11571 1027 3363 1042 3716 
11572 3647 3913 3161 4206 
11573 3154 3590 3510 3684 
11574 3101 3197 3636 3708 
11575 3086 3832 3207 4149 
11576 3077 3435 3233 3882 
11577 1762 3699 1576 4065 
11578 2119 3341 2217 3742 
11579 1927 1905 2097 3886 
11580 1895 3424 785 4161 
11581 1453 3727 1442 4084 
11582 3188 3512 3583 3912 
11583 832 3329 3636 3771 
11584 1200 3762 3425 4055 
11585 506 593 588 3341 
11586 3285 3799 805 3928 
11587 3946 3974 3044 4164 
11588 850 848 876 3720 
11589 3166 3222 3946 3974 
11590 1699 3392 3444 3846 
11591 552 551 553 3437 
11592 1729 3360 1724 3966 
11593 634 1417 1835 3402 
11594 2196 3675 2076 3964 
11595 1627 3406 1799 3812 
11596 651 649 650 3266 
11597 1073 3551 1056 3865 
11598 3334 4008 1084 4033 
11599 3192 3910 3236 4092 
11600 3059 3270 3842 4023 
11601 2243 3355 1109 3752 
11602 3108 3211 3562 4069 
11603 3101 3636 3771 3870 
11604 3376 3928 3255 4022 
11605 3318 3466 1191 3596 
11606 3551 4088 2261 4121 
11607 3071 3640 3291 4084 
11608 3060 3213 3892 4080 
11609 3054 3641 3469 4076 
11610 3245 3497 3113 3527 
11611 1133 3889 1132 4175 
11612 3122 3225 3926 3986 
11613 3291 3727 3595 4084 
11614 1843 3354 293 4179 
11615 1302 3913 1303 3985 
11616 3058 3216 3576 3608 
11617 761 3317 755 4002 
11618 1794 1787 1446 3320 
11619 3070 3253 3953 4218 
11620 3098 3285 3655 3928 
11621 3093 3607 3392 3781 
11622 3160 3443 3352 4202 
11623 997 996 3702 3774 
11624 1679 3318 1445 3922 
11625 3159 3724 3544 4073 
11626 3546 3923 3121 4211 
11627 3145 3313 3988 4191 
11628 971 972 983 3316 
11629 1238 1263 1258 3425 
11630 3095 3772 3278 3918 
11631 3191 3530 4025 4054 
11632 1025 3774 3296 3816 
11633 3257 3487 3106 4210 
11634 2217 3742 3341 3930 
11635 3080 3713 3446 3920 
11636 3054 3836 3682 3955 
11637 3405 3769 3165 4007 
11638 3138 3429 3307 3803 
11639 3255 3098 3539 3928 
11640 525 3249 531 4104 
11641 3397 3162 3640 4056 
11642 742 739 741 3342 
11643 863 3254 816 3941 
11644 3097 3199 3703 3831 
11645 3198 3645 3362 3649 
11646 3198 3079 3649 3825 
11647 2241 2022 2055 3731 
11648 3327 3146 3722 4001 
11649 2183 662 638 3448 
11650 1081 3551 2163 4121 
11651 3194 3513 3380 3632 
11652 3378 3985 3217 4090 
11653 3088 3380 3513 4057 
11654 3061 3292 3790 3806 
11655 3196 3432 3685 3851 
11656 3490 3526 3226 3698 
11657 3222 3044 3946 3974 
11658 815 3767 817 4061 
11659 1133 3409 3889 4175 
11660 920 921 922 3294 
11661 3970 3990 3180 4148 
11662 3251 3626 3064 3909 
11663 832 3636 820 3870 
11664 3189 3800 3369 3878 
11665 3079 3616 3256 3649 
11666 1712 1822 3944 3956 
11667 2236 2091 2092 3980 
11668 3187 3576 3354 3608 
11669 3074 3526 3490 3698 
11670 988 3417 990 3705 
11671 1122 1125 3839 3935 
11672 3258 3125 3557 3858 
11673 3115 3560 3847 4180 
11674 3481 3250 3991 4016 
11675 3089 3362 3645 3844 
11676 618 3215 529 4215 
11677 3622 3643 3238 4109 
11678 1725 3449 3381 3848 
11679 1162 1158 1163 3353 
11680 3605 3652 3193 3673 
11681 671 3307 668 3803 
11682 3299 3468 3122 3948 
11683 1561 3729 1696 4185 
11684 3223 3105 3525 4010 
11685 1234 1279 1262 3319 
11686 1067 1071 3993 3995 
11687 1624 1586 1585 3279 
11688 850 848 3720 4194 
11689 1350 1292 1370 3374 
11690 2214 2080 2019 3639 
11691 3786 4038 3428 4186 
11692 718 3616 719 3987 
11693 3290 3072 3413 3806 
11694 1883 1931 1905 3432 
11695 1105 1216 1222 3364 
11696 3761 3974 3166 4035 
11697 3192 3744 3568 4092 
11698 3049 3517 3303 4001 
11699 1147 1148 1159 3403 
11700 3474 3689 3056 3712 
11701 3751 3968 3110 4005 
11702 1102 3320 1787 3922 
11703 1625 3569 1805 3788 
11704 713 711 705 3778 
11705 3310 3428 3065 4186 
11706 3139 3634 3599 3901 
11707 1716 3504 3396 3706 
11708 3232 3083 3475 4051 
11709 3481 3686 3250 4016 
11710 3434 3751 3110 4005 
11711 915 3491 939 3880 
11712 1368 1432 1720 3415 
11713 666 3427 3732 4024 
11714 627 3404 530 3754 
11715 3073 3292 3493 3925 
11716 3054 3435 3538 4042 
11717 3326 3418 1871 3769 
11718 833 832 820 3870 
11719 1113 2249 1902 3752 
11720 1555 1556 3478 3765 
11721 2092 3511 3356 4157 
11722 3113 3245 3527 4185 
11723 3710 4191 3313 4200 
11724 2258 2048 1851 4144 
11725 1973 1974 1972 3295 
11726 3339 3988 3313 4066 
11727 573 589 3441 3854 
11728 3513 3632 3360 4057 
11729 1582 1788 3544 3905 
11730 3202 3832 3743 4154 
11731 3057 3220 3673 3937 
11732 3122 3373 3810 3865 
11733 573 539 589 3854 
11734 1586 1624 1767 3528 
11735 3103 3795 3328 4197 
11736 3225 3150 3783 4189 
11737 1378 1833 1757 3401 
11738 1751 1606 3319 4130 
11739 3098 3655 3539 3928 
11740 3096 3433 3590 3684 
11741 3171 3614 3469 3621 
11742 2262 2185 1954 3363 
11743 3075 3431 4075 4164 
11744 3147 3295 3537 3930 
11745 3417 3492 3095 3705 
11746 3338 3823 3426 4196 
11747 1808 3264 3627 3887 
11748 3346 3498 3205 3664 
11749 3110 3236 3635 3863 
11750 1983 3448 2113 3761 
11751 1700 1781 3638 3763 
11752 1107 1425 1173 3475 
11753 1013 969 3449 4046 
11754 3116 3838 3651 4128 
11755 1253 1235 1272 3282 
11756 3149 3521 3225 3766 
11757 3403 3762 3280 3838 
11758 3540 3104 3953 4029 
11759 1480 1511 1512 3660 
11760 846 3260 845 3881 
11761 3073 3470 3317 3656 
11762 3078 3609 3409 4175 
11763 869 779 3422 3586 
11764 3077 3486 3331 3530 
11765 1627 1799 1665 3812 
11766 757 768 746 3550 
11767 997 3702 1043 4216 
11768 2119 2217 3341 3930 
11769 3514 4027 3172 4112 
11770 994 3218 3774 3816 
11771 3099 3205 3664 3867 
11772 1105 1175 1216 3364 
11773 3426 3823 3338 4122 
11774 3497 3527 3245 4006 
11775 2245 3549 882 4048 
11776 3204 3460 3694 3918 
11777 3357 3539 3098 3655 
11778 3149 3766 3383 4183 
11779 852 3242 3556 4059 
11780 1321 1324 1320 4040 
11781 3098 3747 3655 4099 
11782 1391 3557 1411 3858 
11783 1953 1350 2263 3374 
11784 1209 3485 3347 3940 
11785 2254 3230 2137 3999 
11786 1617 1616 1522 3427 
11787 760 2199 1934 3549 
11788 1328 3659 3337 3954 
11789 3408 3926 3225 4189 
11790 1104 1177 2140 3572 
11791 611 624 3315 4064 
11792 296 3216 3743 4102 
11793 2019 3464 1984 3639 
11794 1259 1234 1423 3519 
11795 3061 3292 3806 4103 
11796 707 715 688 3577 
11797 3109 3270 3472 4023 
11798 697 718 719 3987 
11799 1098 1161 1159 4172 
11800 2093 2240 2094 3940 
11801 3296 3547 1025 3816 
11802 1182 1189 1101 3569 
11803 3258 3614 3125 3895 
11804 1403 1419 3258 3858 
11805 3129 3529 3379 3646 
11806 3555 3643 3321 3968 
11807 969 1013 3449 3829 
11808 2126 3653 3331 3861 
11809 2117 3822 3495 4173 
11810 3089 3568 3411 4138 
11811 3449 3829 1013 4046 
11812 1219 3752 3368 4193 
11813 3135 3393 3906 3933 
11814 661 628 516 4208 
11815 3126 3302 3737 4213 
11816 3406 3152 3594 4146 
11817 3099 3496 3439 3720 
11818 1736 1612 1831 3394 
11819 3234 3687 3677 4032 
11820 3384 3668 1022 3962 
11821 2119 1878 2219 3341 
11822 3149 3721 3225 4015 
11823 1497 3206 3624 3947 
11824 3138 3761 3448 4035 
11825 1428 1023 958 3547 
11826 3166 4075 3509 4132 
11827 1244 1263 3977 4055 
11828 3194 4166 3298 4178 
11829 3567 3855 3407 3989 
11830 3617 3880 3144 4044 
11831 3055 3832 3207 3855 
11832 3556 3842 3134 3881 
11833 3410 3782 3100 4058 
11834 3611 3886 3124 4144 
11835 1719 1577 1826 3491 
11836 3073 3898 3349 4049 
11837 956 3944 945 4086 
11838 583 582 499 3302 
11839 1942 1959 1960 3749 
11840 3344 4118 636 4208 
11841 3306 3579 3113 4113 
11842 1213 3355 1167 3598 
11843 3053 3261 3808 3907 
11844 3203 3136 3809 3879 
11845 3489 3755 3167 3877 
11846 3386 3135 3900 3906 
11847 1533 3382 1534 3606 
11848 1835 607 634 3402 
11849 3065 3404 3344 3558 
11850 1306 3351 1307 3659 
11851 3463 3958 2274 3969 
11852 1041 3350 962 3716 
11853 3161 3913 3647 4203 
11854 3238 3961 4001 4109 
11855 1188 1187 3320 4071 
11856 1219 3914 1161 4172 
11857 808 3285 805 3928 
11858 1712 3944 3760 3956 
11859 3075 3249 3482 4066 
11860 648 674 3488 3979 
11861 1247 3578 1249 3709 
11862 1614 1620 3317 3624 
11863 3138 3532 3454 3786 
11864 869 779 839 3422 
11865 3129 3646 3557 3670 
11866 1692 1551 1549 3903 
11867 1427 1625 1810 3569 
11868 3233 3435 3861 4159 
11869 1868 2176 2074 3616 
11870 3218 3130 3702 3937 
11871 3112 3512 3400 3912 
11872 542 3328 544 3795 
11873 3225 1968 3783 3986 
11874 3050 3243 3794 3859 
11875 1943 3620 3225 4015 
11876 914 956 940 3267 
11877 2173 3323 1860 3565 
11878 1112 1202 3334 4020 
11879 3492 3687 3051 3852 
11880 1676 3570 1545 3924 
11881 547 3862 3276 4079 
11882 3349 3681 3515 4041 
11883 1880 508 2209 4085 
11884 1442 1435 1451 3291 
11885 3052 3237 3545 3834 
11886 783 833 830 3293 
11887 3050 3755 3489 3877 
11888 3617 3673 3294 3911 
11889 3467 3861 3435 4159 
11890 1899 1110 2244 3419 
11891 3277 3415 3076 3660 
11892 2169 576 1911 3584 
11893 3057 3673 3617 3911 
11894 2025 3565 2122 3957 
11895 3372 3504 3152 4146 
11896 1271 1261 3608 3826 
11897 1362 1313 1356 4090 
11898 3084 4054 3371 4090 
11899 3170 3538 3435 4042 
11900 1866 3377 2159 3669 
11901 1494 1576 3536 4065 
11902 2106 2225 3556 4019 
11903 3326 3860 3069 4007 
11904 3051 3677 3234 3687 
11905 296 3216 295 4187 
11906 3562 3708 3108 3918 
11907 569 3395 570 3679 
11908 3144 3617 3267 3880 
11909 1860 957 2166 3565 
11910 1671 3315 1790 3967 
11911 3097 3855 3407 3899 
11912 3204 3057 3562 3717 
11913 1299 3876 3529 4136 
11914 1943 3225 3620 3986 
11915 3075 3710 3313 4200 
11916 1706 1742 3389 3518 
11917 3333 3701 3494 4097 
11918 3130 3350 3753 3931 
11919 1929 1904 2084 3509 
11920 3273 3936 3062 3982 
11921 544 3679 3328 4079 
11922 3291 3449 3106 3829 
11923 1144 1189 3623 4083 
11924 1663 1497 3624 3947 
11925 3062 3300 3897 4070 
11926 704 3360 689 3671 
11927 3454 3532 3307 4127 
11928 2224 3495 3833 4173 
11929 703 687 716 3430 
11930 981 3650 977 3856 
11931 1662 1467 1813 4005 
11932 3329 3571 3101 3585 
11933 2011 2145 1957 3308 
11934 3533 3582 3046 3934 
11935 1219 1113 3752 4193 
11936 732 3317 761 4002 
11937 1308 3659 3272 3804 
11938 3063 3505 3303 4001 
11939 1001 958 3296 3956 
11940 2003 3652 2129 3753 
11941 622 503 612 3395 
11942 3059 3472 3234 4032 
11943 3240 3472 3117 3687 
11944 3141 3652 3605 3673 
11945 2136 3467 2000 3835 
11946 1480 1533 1646 3660 
11947 842 3512 3400 3853 
11948 1337 1407 1402 4158 
11949 3457 3973 3700 4105 
11950 3434 3863 1186 4005 
11951 3231 3413 3073 3656 
11952 622 569 571 3679 
11953 3181 3677 3571 3813 
11954 3702 3774 3358 4216 
11955 3045 3493 3292 3925 
11956 3316 3564 3123 3951 
11957 3223 3788 1516 3996 
11958 3625 3724 3159 3828 
11959 1372 3589 3479 4120 
11960 3355 3116 3752 3872 
11961 1817 4008 1609 4020 
11962 3355 3731 3116 3872 
11963 1148 1194 1195 3762 
11964 3687 3813 3677 4082 
11965 2134 2171 3323 3542 
11966 3059 3234 3472 4218 
11967 1431 3389 1344 4156 
11968 803 805 808 3285 
11969 3193 3605 3673 4105 
11970 2113 2033 3761 3803 
11971 1200 3425 1114 4055 
11972 1874 3441 2228 4173 
11973 1833 1416 1367 3401 
11974 1660 1508 1659 3968 
11975 1774 587 1450 3444 
11976 3048 3560 3447 3651 
11977 1087 3455 1086 3995 
11978 3220 3715 3358 3937 
11979 3358 3715 3128 3937 
11980 1608 3575 3275 3733 
11981 3120 3302 3597 4039 
11982 2064 2065 3362 3649 
11983 626 3402 607 3528 
11984 650 3661 3266 3976 
11985 1652 1716 1527 3396 
11986 1304 1331 3913 4156 
11987 1205 1231 1114 3425 
11988 3427 3263 3732 4024 
11989 3431 3761 3166 4035 
11990 3323 3565 2173 3718 
11991 3121 3546 3394 3741 
11992 666 3427 84 3732 
11993 1869 1862 1884 3311 
11994 3228 4070 4037 4128 
11995 3106 3291 3640 3848 
11996 1363 2157 1285 3669 
11997 3212 3884 3414 4038 
11998 3588 3616 3079 3987 
11999 1552 1689 1690 3739 
12000 3150 3408 3353 4189 
12001 3540 3583 3047 3912 
12002 1973 1974 3295 3750 
12003 991 1007 1006 3915 
12004 3099 3720 3439 3867 
12005 3273 3062 3601 3982 
12006 3190 3915 3813 4082 
12007 2082 3339 2227 3932 
12008 3265 3079 3755 4074 
12009 651 3532 3266 3661 
12010 1437 1734 1694 3316 
12011 3113 3478 3253 3924 
12012 3143 3513 3471 3859 
12013 1389 3557 1387 3670 
12014 3267 3880 3617 4044 
12015 3071 3595 3459 4084 
12016 1916 2274 3463 3958 
12017 1226 1114 1258 4055 
12018 3214 3122 3468 3926 
12019 1174 1103 1855 3485 
12020 711 3332 692 3676 
12021 765 3470 762 3919 
12022 3063 4001 3303 4201 
12023 3250 3058 3481 3991 
12024 2126 3331 1990 3861 
12025 544 3328 3679 3795 
12026 3051 3571 3677 3813 
12027 3266 3558 3065 4191 
12028 1708 3318 1709 3466 
12029 3086 3207 3666 4149 
12030 1054 1091 1074 3546 
12031 3184 3492 3301 4036 
12032 3913 3985 3161 4206 
12033 3207 3407 3855 3899 
12034 3069 3326 3686 3917 
12035 3221 3196 3948 4103 
12036 3325 3693 1731 3921 
12037 3115 3847 3581 4180 
12038 624 566 3891 4064 
12039 3273 3343 3936 3982 
12040 1550 1549 3286 3823 
12041 1481 513 1741 3528 
12042 2117 3495 2224 4173 
12043 3294 3461 3141 3615 
12044 1797 1446 1185 3434 
12045 3340 3569 1198 4083 
12046 2035 2031 3986 3993 
12047 3682 3836 3174 3955 
12048 3155 3793 3416 4137 
12049 1714 3763 1551 3903 
12050 904 3506 835 4134 
12051 1268 3366 3602 4093 
12052 3060 4034 3236 4080 
12053 582 556 557 3597 
12054 3054 3435 3682 3945 
12055 1698 3846 1773 3908 
12056 3144 3289 3562 3680 
12057 3267 3617 3144 3618 
12058 1450 587 504 3444 
12059 3163 3707 3384 3962 
12060 1910 1941 1909 3899 
12061 1454 3660 3277 3792 
12062 901 792 3376 4131 
12063 1673 1588 1672 3970 
12064 3897 3997 3601 4070 
12065 3257 3487 3056 4056 
12066 3541 3794 3236 4092 
12067 3400 3512 3112 3853 
12068 1995 1997 3457 3585 
12069 3109 3791 3369 3878 
12070 3252 3477 3152 3807 
12071 1961 1962 1960 3809 
12072 3368 4172 1204 4193 
12073 101 724 1434 3671 
12074 3155 3416 4093 4137 
12075 3233 3476 3126 3584 
12076 1478 3397 1509 3640 
12077 1202 1117 1201 3777 
12078 3282 3269 4139 4180 
12079 3057 3673 3605 4105 
12080 3064 3305 3398 3820 
12081 3126 3467 3230 3538 
12082 1097 3455 1052 4033 
12083 775 911 906 3615 
12084 509 3406 1801 3688 
12085 3139 3778 3634 3904 
12086 3122 3551 3865 3948 
12087 1414 1403 1377 3258 
12088 3211 3553 821 4069 
12089 3548 3692 3304 3843 
12090 1183 3485 1220 3845 
12091 3107 3603 3533 3950 
12092 1939 1907 1955 3894 
12093 3202 3619 3074 4154 
12094 3477 3807 3249 4077 
12095 3070 3325 3748 4053 
12096 3324 3529 4040 4042 
12097 297 3311 298 3416 
12098 3405 3847 3560 4072 
12099 563 3742 3780 3862 
12100 951 914 3267 3880 
12101 1659 3830 3268 4142 
12102 3160 3950 3695 4067 
12103 1477 1509 1525 3640 
12104 894 893 838 3289 
12105 3355 3116 3598 3752 
12106 546 3276 3679 4079 
12107 1117 3777 3232 4051 
12108 1824 1462 1703 3258 
12109 3060 3892 3541 4080 
12110 899 851 884 3309 
12111 3449 3776 3381 4046 
12112 3140 3412 3934 4129 
12113 3120 3528 3279 3621 
12114 3101 3636 3329 3771 
12115 1112 3334 1202 4008 
12116 3380 3755 3079 4074 
12117 1323 3529 3876 4158 
12118 3155 3366 3602 3840 
12119 3144 3506 3491 4134 
12120 3123 3564 3316 3874 
12121 2210 867 1879 3771 
12122 1188 3320 1102 3922 
12123 1160 1147 1159 3914 
12124 3086 3743 3832 4154 
12125 987 3566 986 3705 
12126 3089 3409 3568 4138 
12127 1253 1246 1247 3818 
12128 3315 3834 3183 4050 
12129 3186 3834 3315 4050 
12130 3216 3490 3662 4108 
12131 808 874 803 3928 
12132 3089 3582 3364 3645 
12133 3190 3705 3417 3915 
12134 1040 2185 1027 3716 
12135 2049 2033 2259 3429 
12136 1930 2270 3429 4132 
12137 1762 3704 3241 4065 
12138 1862 3311 1369 4026 
12139 3205 3498 3346 3867 
12140 3112 3390 3559 3697 
12141 3156 3308 3714 3864 
12142 704 3632 3360 3671 
12143 87 88 3326 3418 
12144 3654 3736 3229 3983 
12145 707 3577 688 3992 
12146 1081 2163 1093 4121 
12147 2055 2241 3355 3752 
12148 3217 3191 4025 4054 
12149 3543 3576 3354 3740 
12150 1969 1970 1962 3809 
12151 518 2233 3399 3821 
12152 1197 3601 3997 4037 
12153 3048 3250 3560 3984 
12154 3276 3679 3328 4003 
12155 922 924 3849 4044 
12156 3068 3952 3261 4003 
12157 3207 3567 3055 3855 
12158 1625 1591 1808 3627 
12159 1742 1294 1431 3389 
12160 3124 3611 3393 3738 
12161 718 717 683 3616 
12162 3243 4192 3902 4201 
12163 711 3676 700 3778 
12164 3289 3108 3473 4214 
12165 3045 3450 3828 4063 
12166 1559 3460 1558 4036 
12167 1098 3280 4055 4172 
12168 1227 1097 1052 4033 
12169 794 1895 785 4161 
12170 2274 1916 3463 3969 
12171 3087 3504 3526 4077 
12172 713 84 83 3305 
12173 1029 966 1718 3776 
12174 3062 3936 3235 4129 
12175 3235 3936 3533 4129 
12176 1585 1773 3279 3908 
12177 999 1002 1000 3702 
12178 508 599 596 3361 
12179 200 3291 199 3727 
12180 739 3550 746 3730 
12181 1167 3598 3355 4037 
12182 1077 1089 3373 3551 
12183 947 926 948 3358 
12184 3232 3475 3083 3622 
12185 877 863 865 4113 
12186 543 544 3328 4079 
12187 3105 3627 3425 4130 
12188 1919 1918 1938 3779 
12189 3130 3363 3716 4163 
12190 3137 3276 3907 4089 
12191 3157 3591 3314 3841 
12192 1146 1147 1145 3403 
12193 3121 3644 3468 3722 
12194 1382 604 1381 4213 
12195 808 803 3285 3928 
12196 1474 1455 1456 3543 
12197 3140 3934 3533 4129 
12198 3065 3428 3710 4038 
12199 1121 3935 3271 4051 
12200 3261 3053 3507 3537 
12201 867 3329 832 3771 
12202 2265 1415 632 3388 
12203 935 1014 967 4163 
12204 1648 1778 3255 4022 
12205 511 3339 533 3932 
12206 1636 3352 1635 4202 
12207 3533 3603 3107 3936 
12208 990 3417 989 3705 
12209 588 3341 593 3742 
12210 1942 1941 3407 4028 
12211 2080 3422 1856 3586 
12212 856 3805 3422 4060 
12213 894 3680 3289 3866 
12214 3150 3419 3783 4189 
12215 540 538 3433 3891 
12216 3073 3656 3317 4002 
12217 708 3332 1730 3966 
12218 2138 3467 3814 4159 
12219 1618 3317 1620 4087 
12220 3119 3225 3721 4189 
12221 785 1895 2232 3424 
12222 3261 3907 3276 4089 
12223 3136 3669 3367 3809 
12224 3731 3980 3355 4128 
12225 3194 3632 3446 3713 
12226 3465 3615 933 3734 
12227 2210 2125 3329 3771 
12228 3101 3771 3293 3870 
12229 940 3880 3267 4044 
12230 1137 3343 1139 3837 
12231 570 569 622 3395 
12232 1554 1607 3890 4073 
12233 1922 1923 1921 3405 
12234 3236 3794 3541 4034 
12235 1876 2140 1177 3572 
12236 1499 1716 3396 3706 
12237 1610 3425 1818 3887 
12238 3157 3841 3740 4133 
12239 1613 1440 3231 4002 
12240 1658 1651 1525 3452 
12241 2138 2016 3467 4159 
12242 3068 3259 3952 4003 
12243 1387 1389 1388 3557 
12244 500 636 4118 4208 
12245 1278 2164 1241 3366 
12246 3331 3486 3077 3653 
12247 3555 4192 3243 4201 
12248 940 951 3267 3880 
12249 990 3417 988 3915 
12250 875 876 871 3346 
12251 1691 3395 1448 3638 
12252 540 3433 539 3684 
12253 2134 3542 3323 3759 
12254 3157 3576 3543 3740 
12255 3327 3413 3072 3806 
12256 3105 3425 3762 3977 
12257 876 3346 875 3720 
12258 3380 3632 3513 4057 
12259 3076 3606 3382 3660 
12260 1128 1186 1155 3635 
12261 600 3658 3361 4085 
12262 1727 1437 1731 3325 
12263 3378 3927 1300 4090 
12264 3295 3952 3068 4081 
12265 104 751 105 3785 
12266 3284 3822 3495 4081 
12267 3263 3704 3427 3841 
12268 3457 3700 3193 4105 
12269 530 3754 618 4204 
12270 3062 3601 3228 4070 
12271 1414 3258 1377 3929 
12272 3798 3959 3158 4145 
12273 3304 3778 3182 3843 
12274 3324 3436 3170 4042 
12275 3471 3610 3352 3869 
12276 3175 3610 3471 3869 
12277 83 713 3305 3634 
12278 1593 1625 1805 3788 
12279 973 1015 1020 3325 
12280 3109 3800 3369 4023 
12281 871 875 3346 3867 
12282 1320 1324 1322 3324 
12283 3364 3582 3089 3631 
12284 3381 3449 1725 3776 
12285 1668 1507 1489 3283 
12286 3237 3831 3723 3855 
12287 3351 3815 3217 3985 
12288 3609 3889 1176 3922 
12289 3095 3717 3204 3918 
12290 3196 3865 3551 3948 
12291 1417 1379 1835 3402 
12292 890 854 3928 4022 
12293 1967 3269 1945 4072 
12294 2085 2088 1915 3628 
12295 2055 3355 2243 3752 
12296 3227 3450 3045 4031 
12297 1519 3648 3212 4117 
12298 2018 1942 1960 3678 
12299 760 1934 753 3549 
12300 3445 3143 3830 3972 
12301 761 762 755 3317 
12302 1150 3347 1183 3935 
12303 3248 4009 3213 4091 
12304 988 990 989 3705 
12305 1883 1905 1903 3514 
12306 1471 1687 1815 3575 
12307 3063 3243 3902 4201 
12308 954 1044 1030 3385 
12309 3466 3695 1802 4123 
12310 1940 1908 1939 3390 
12311 3369 3791 3109 4023 
12312 3286 3739 1549 3903 
12313 618 4204 3215 4215 
12314 3102 3630 3377 3815 
12315 1062 3214 3741 4124 
12316 1890 3262 2274 3958 
12317 3334 3736 3654 3983 
12318 3115 3602 3366 3840 
12319 3660 3723 3169 4101 
12320 3244 3084 3530 3945 
12321 3110 3555 3321 3968 
12322 3856 3962 982 4115 
12323 3045 4031 3802 4160 
12324 1996 2030 3759 3931 
12325 1133 3568 3409 4138 
12326 3211 3108 3553 4069 
12327 2245 2116 3549 4048 
12328 658 645 648 3488 
12329 852 861 3242 4059 
12330 2121 1971 2159 3663 
12331 1298 1300 3378 3691 
12332 3167 3628 3213 3877 
12333 1394 3230 3670 3737 
12334 1044 954 1832 3385 
12335 864 3306 891 4113 
12336 2208 2015 2054 4159 
12337 609 570 3458 3795 
12338 3113 3527 3478 4185 
12339 1043 3702 3358 4216 
12340 622 3395 569 3679 
12341 1727 1463 1015 3776 
12342 3297 3785 3262 4014 
12343 3270 3059 3674 4032 
12344 760 753 750 3549 
12345 3155 3793 3222 4135 
12346 3059 3534 3998 4032 
12347 3372 3152 3688 4146 
12348 3067 3507 3261 3808 
12349 1150 1183 1122 3935 
12350 557 3584 603 3938 
12351 962 1041 1038 3350 
12352 954 1030 941 3385 
12353 3723 3831 3202 3855 
12354 2207 2203 2053 3771 
12355 1159 1098 3280 4055 
12356 1455 3543 1474 3792 
12357 819 3553 820 3636 
12358 1628 1800 1597 3439 
12359 855 3586 3805 4177 
12360 1431 1739 3389 4156 
12361 855 3586 869 3805 
12362 1668 3283 1489 3996 
12363 3395 3638 1691 3903 
12364 1080 3394 1083 3546 
12365 3157 3212 3591 4117 
12366 3120 3302 3501 3597 
12367 864 3579 3306 4113 
12368 1086 1087 1052 3455 
12369 3237 3574 3055 3723 
12370 1669 1594 3622 3643 
12371 2130 3224 2255 4021 
12372 3414 3428 3212 4038 
12373 1038 2175 1858 3350 
12374 1241 1273 1254 3480 
12375 1397 1380 1333 3789 
12376 1127 3236 3910 4162 
12377 897 811 807 3357 
12378 3122 3214 3810 3926 
12379 3050 3541 3877 4092 
12380 3230 3467 3126 3814 
12381 3196 3685 3948 4103 
12382 3375 3376 3066 3730 
12383 2116 2037 1934 3639 
12384 588 3341 3742 3862 
12385 1213 1218 1167 3355 
12386 1181 1467 1099 4005 
12387 3048 3494 3300 4145 
12388 587 574 616 3392 
12389 3207 3567 3407 3714 
12390 830 3293 833 3870 
12391 656 3448 674 3979 
12392 1876 3572 4030 4152 
12393 1778 3971 3255 4022 
12394 713 84 3305 3904 
12395 2260 2164 2041 3366 
12396 1338 1894 2150 4026 
12397 3519 3578 3118 3826 
12398 1278 2041 3366 4093 
12399 1143 1141 1142 3997 
12400 3091 3834 3382 4101 
12401 3304 3548 685 3992 
12402 2254 2136 2137 3835 
12403 875 3720 3346 3867 
12404 3050 3541 3243 3877 
12405 1556 3478 1561 4185 
12406 3221 3851 3196 4103 
12407 3048 3300 3798 4145 
12408 3064 3398 3305 3626 
12409 1536 3967 3943 4143 
12410 2074 3616 3298 3896 
12411 1596 3337 1693 3823 
12412 3063 3830 3268 3902 
12413 3203 3284 3822 3879 
12414 3598 3752 3116 3914 
12415 199 1055 200 3727 
12416 1752 3614 1705 3916 
12417 3100 3208 3668 3707 
12418 1364 3377 3669 4171 
12419 1167 3355 1218 4037 
12420 3421 3071 3625 4052 
12421 3482 3807 3477 3883 
12422 1025 1001 958 3296 
12423 3379 3529 3129 3789 
12424 1109 3355 2243 4165 
12425 542 543 544 3328 
12426 1209 1150 1171 3940 
12427 598 3404 516 4208 
12428 820 819 821 3553 
12429 3108 3211 3553 3708 
12430 3131 3524 3552 3828 
12431 1470 789 880 4022 
12432 2175 2030 3350 3542 
12433 661 516 669 4208 
12434 1505 3275 664 3733 
12435 3083 3238 3643 4201 
12436 3056 3227 3474 3712 
12437 1781 3638 3763 3903 
12438 3175 3794 3751 4192 
12439 1053 2179 1077 3373 
12440 3171 3955 3614 4155 
12441 3426 4122 3338 4196 
12442 613 3811 3528 4098 
12443 3312 3125 3614 3916 
12444 3186 3545 3382 3834 
12445 3051 3687 3234 3852 
12446 3482 3593 3339 4017 
12447 1976 3369 3791 3878 
12448 3246 3511 3062 4129 
12449 1202 3334 1203 4008 
12450 808 805 3799 3928 
12451 3163 3768 3208 3962 
12452 752 3274 1504 3711 
12453 1589 1648 3255 4073 
12454 3104 3600 3579 4111 
12455 3045 3292 3421 3612 
12456 3132 3661 3587 3725 
12457 1835 1379 1578 3402 
12458 3357 3905 3797 4119 
12459 1993 3387 1981 3875 
12460 1430 1707 1744 3301 
12461 3206 3493 3421 4167 
12462 3544 3746 3452 3905 
12463 706 3446 720 4094 
12464 3225 3783 3721 4189 
12465 3373 3926 3150 3986 
12466 1803 3968 3751 4005 
12467 663 3732 637 4024 
12468 1066 1068 1088 3654 
12469 1018 1008 961 3564 
12470 3469 3641 3171 4076 
12471 3090 3334 3654 4033 
12472 943 3363 1954 4021 
12473 3051 3534 3527 3852 
12474 3222 3166 3509 4132 
12475 1893 2156 2052 3438 
12476 1759 3704 1616 4133 
12477 3056 3227 3712 3747 
12478 3281 3110 3555 3863 
12479 938 912 948 3358 
12480 1946 3731 1967 4072 
12481 1058 3456 2206 3993 
12482 1565 3423 1566 3796 
12483 1080 3546 1091 3741 
12484 1721 1524 934 3944 
12485 3058 3576 3216 3662 
12486 3175 3445 3471 3859 
12487 3290 3470 3073 3656 
12488 951 914 940 3267 
12489 3092 3283 3516 3696 
12490 3160 3318 3950 4067 
12491 2049 2047 2046 3307 
12492 2073 2144 2067 3645 
12493 3117 3472 3270 4032 
12494 1199 1100 1708 3466 
12495 1805 1804 1657 3569 
12496 1312 4062 1358 4150 
12497 3066 3376 3375 3799 
12498 3560 3847 3269 4072 
12499 1410 1389 1390 3670 
12500 3266 3976 3132 4038 
12501 3512 3540 3134 3912 
12502 3159 3552 3524 3828 
12503 3050 3243 3713 3877 
12504 841 842 780 3400 
12505 670 3661 3587 4024 
12506 1940 3960 3523 4140 
12507 3073 3290 3413 3806 
12508 1499 3543 1474 4117 
12509 3095 3694 3460 3918 
12510 3240 975 3748 3951 
12511 3124 3393 3335 3802 
12512 3131 3550 3274 3672 
12513 3420 3628 3080 3892 
12514 3057 3211 3605 3911 
12515 3149 3225 3521 4015 
12516 1853 2164 2110 3480 
12517 751 763 3611 3738 
12518 3060 3541 4034 4080 
12519 3162 3452 3746 3905 
12520 3346 3664 3205 3867 
12521 831 837 3465 3615 
12522 1853 2279 2180 3480 
12523 3699 3801 3241 4047 
12524 2048 2276 1851 3611 
12525 987 986 988 3705 
12526 3052 3857 3703 3879 
12527 3331 3530 3084 3945 
12528 1008 998 1019 3547 
12529 1230 1085 1115 3456 
12530 1001 3296 1025 3774 
12531 1567 3827 3423 3908 
12532 1944 2021 3721 3783 
12533 550 3781 558 3787 
12534 1236 1271 1261 3608 
12535 622 503 3395 3638 
12536 1320 3324 1322 3927 
12537 3463 3521 3221 3620 
12538 3096 3252 3433 3854 
12539 917 3465 837 3615 
12540 1201 1162 1164 3777 
12541 3273 3601 3343 3982 
12542 1660 1662 3643 3968 
12543 3200 3629 3286 3808 
12544 3294 3506 3461 3615 
12545 1366 3367 1365 3764 
12546 1515 1492 1494 3996 
12547 3237 3723 3055 3855 
12548 3323 3542 1039 3915 
12549 595 589 568 3399 
12550 1894 3367 2155 4026 
12551 3045 3421 3493 4167 
12552 1457 3305 1458 3626 
12553 856 3422 4048 4060 
12554 3045 3292 3802 3925 
12555 3114 3427 3704 3841 
12556 1751 1606 1849 3319 
12557 1517 1554 3890 4073 
12558 2035 3986 3373 3993 
12559 3365 3856 3768 3962 
12560 3115 3269 3560 4180 
12561 1624 1585 1773 3279 
12562 3125 3557 3379 3646 
12563 1694 3316 1595 3874 
12564 3073 3413 3290 3656 
12565 713 3305 3634 3904 
12566 3397 3797 3099 3970 
12567 1483 3830 1659 4142 
12568 1485 3445 3830 3972 
12569 2119 2217 1878 3742 
12570 1034 3856 3438 4018 
12571 1570 1571 1569 3614 
12572 3134 3260 3540 3881 
12573 2225 1873 3556 4019 
12574 1694 1734 1595 3316 
12575 3296 3774 3218 3816 
12576 1042 1000 3716 4163 
12577 1132 3889 1134 4175 
12578 1463 1718 966 3776 
12579 3278 3051 3813 3973 
12580 3341 3495 3068 3580 
12581 3213 3628 3420 3892 
12582 3104 3990 3330 4029 
12583 88 1871 1952 3326 
12584 585 615 586 3781 
12585 3782 4058 1881 4095 
12586 3212 3132 3591 3648 
12587 3051 3534 3234 3677 
12588 3060 3555 3281 4034 
12589 2040 3368 3752 4193 
12590 1326 1300 3927 4090 
12591 3397 3640 3162 3797 
12592 1119 3271 3777 4051 
12593 3108 3729 3460 3772 
12594 3471 3859 3445 3972 
12595 2157 1866 2159 3669 
12596 1566 3423 1567 3827 
12597 3131 3919 3209 4063 
12598 638 674 656 3448 
12599 3238 3622 3083 3643 
12600 3293 3850 3605 3870 
12601 3072 3442 3345 3969 
12602 1243 1244 3280 4055 
12603 1357 1359 3531 3728 
12604 3045 3802 3292 4212 
12605 1337 1402 3379 4158 
12606 3104 3579 3306 4111 
12607 3416 3509 3086 3666 
12608 3561 3762 3280 4055 
12609 3601 3897 3273 3997 
12610 1159 3280 3762 4055 
12611 1940 2017 3523 3960 
12612 3088 3513 3380 4074 
12613 3228 3511 3062 4070 
12614 3463 3521 3149 4014 
12615 938 3358 948 4086 
12616 3073 3493 3470 3925 
12617 868 825 900 4006 
12618 3619 3216 4154 4187 
12619 1681 1736 3394 3546 
12620 3266 3488 3558 4191 
12621 2250 3374 2186 3999 
12622 3240 3566 3123 3687 
12623 3272 3067 3659 4182 
12624 3211 3057 3562 3911 
12625 3139 3603 3843 3909 
12626 1908 3390 3782 4095 
12627 3159 3544 3724 3746 
12628 3209 3124 3738 3925 
12629 1943 1924 3620 4015 
12630 3191 3371 4004 4054 
12631 1987 1988 1986 4004 
12632 3079 3265 3825 4074 
12633 2043 3345 2044 3969 
12634 203 4043 3288 4058 
12635 1872 3288 1881 4058 
12636 1414 1403 3258 4174 
12637 3177 3403 3440 3623 
12638 1661 1660 1662 3643 
12639 1128 1129 1127 3635 
12640 751 763 734 3611 
12641 1616 1617 1619 3263 
12642 3245 3113 3500 4185 
12643 1607 3274 3890 3971 
12644 3226 3490 3044 3946 
12645 3137 3395 3679 4089 
12646 1220 1183 1209 3485 
12647 1144 1198 1189 4083 
12648 2252 1954 3363 4021 
12649 1089 1063 3810 3865 
12650 3061 3299 3667 3948 
12651 1634 3352 1637 3869 
12652 1483 3503 1460 3830 
12653 606 534 3988 4118 
12654 2023 2021 2056 3721 
12655 888 3497 827 4113 
12656 1016 965 1893 3438 
12657 3399 3567 3156 4028 
12658 1831 1681 1736 3394 
12659 1833 1378 1416 3401 
12660 2024 3980 3731 4072 
12661 940 951 3880 4044 
12662 3306 3579 864 4111 
12663 3422 3586 3082 3805 
12664 1213 1109 3355 3752 
12665 3226 3044 3490 3698 
12666 1494 3996 1492 4065 
12667 816 3767 813 3941 
12668 3331 3435 3077 3945 
12669 1926 1925 1947 4112 
12670 3163 3776 3325 4053 
12671 753 3386 1934 3906 
12672 3324 4040 3436 4042 
12673 3164 3238 4001 4109 
12674 3146 3413 3327 4049 
12675 3213 3877 3628 3892 
12676 2195 2196 2073 3364 
12677 1294 1319 1344 3389 
12678 3138 3786 3454 3974 
12679 1988 1990 2126 3331 
12680 645 3344 646 3558 
12681 3273 1142 3997 4083 
12682 831 836 3850 3981 
12683 959 1010 3668 4043 
12684 2084 3509 1904 3666 
12685 3360 1666 3671 3972 
12686 3071 3291 3595 4084 
12687 3056 3487 3257 3689 
12688 3096 3567 3399 4028 
12689 1884 1909 1885 3666 
12690 3286 3903 3137 4089 
12691 1952 2046 2047 3307 
12692 3431 3761 1950 4075 
12693 893 3289 894 4069 
12694 3128 3358 3774 4216 
12695 2077 1881 3782 4058 
12696 3112 3346 3583 3664 
12697 1657 1656 1805 3696 
12698 688 88 3418 3577 
12699 1850 2179 2278 3373 
12700 2110 2260 2191 3581 
12701 1598 3372 1789 3688 
12702 3110 3863 3281 4034 
12703 1644 1446 3434 4125 
12704 1659 3751 1641 3968 
12705 2251 2068 2066 3844 
12706 106 105 3262 4198 
12707 1407 1293 1416 3401 
12708 1244 1245 1243 3561 
12709 1508 1660 3643 3968 
12710 796 797 3498 4177 
12711 83 1441 1433 3305 
12712 1367 1416 1293 3401 
12713 3107 3251 3516 3603 
12714 3093 3244 3641 3949 
12715 3048 3651 3440 3757 
12716 3259 3068 3510 4003 
12717 3055 3526 3226 3832 
12718 3549 3639 3201 4048 
12719 949 931 3734 3849 
12720 3117 3957 3387 4032 
12721 3757 3897 3300 4070 
12722 922 3849 3294 4044 
12723 3190 3566 3492 3705 
12724 862 863 816 3941 
12725 1697 3473 3729 4214 
12726 816 3254 3767 3941 
12727 1559 1560 1558 3460 
12728 3115 3287 3602 3840 
12729 3296 3547 3095 3694 
12730 3514 4112 3172 4160 
12731 1627 3406 3594 4146 
12732 3095 3547 3296 3816 
12733 1945 3269 1967 4180 
12734 3421 3790 3151 4184 
12735 2186 3374 1404 3999 
12736 3057 3717 3617 3937 
12737 2061 2089 1920 3412 
12738 2251 3592 2068 3844 
12739 2036 2032 1936 3872 
12740 1436 1732 1693 3426 
12741 3744 3794 3050 4092 
12742 3143 3446 3632 3713 
12743 3141 3673 3294 3849 
12744 3084 3324 3682 3927 
12745 1315 1312 1358 4150 
12746 557 602 603 3584 
12747 2106 4019 3369 4207 
12748 3093 3210 3607 3781 
12749 3332 3634 3139 3778 
12750 540 541 542 3684 
12751 1694 3693 3316 3874 
12752 1789 3372 1806 3688 
12753 1994 2173 3718 3759 
12754 3048 3447 3250 4145 
12755 1569 1752 1600 3827 
12756 1972 1974 2120 3295 
12757 3802 3925 3292 4212 
12758 3463 3958 3262 4014 
12759 3236 3839 3281 4034 
12760 3228 3980 3511 4070 
12761 1048 3829 3384 4046 
12762 1501 3727 1453 3947 
12763 2052 3438 2160 4018 
12764 3570 3775 1674 3990 
12765 3282 4139 3480 4180 
12766 3046 3843 3235 3934 
12767 3069 3686 3481 4016 
12768 1995 1998 3585 3875 
12769 3285 3805 803 4060 
12770 3119 3721 3225 3766 
12771 2127 3361 2128 4199 
12772 1636 1637 1634 3352 
12773 1466 3406 623 4064 
12774 1136 1138 1137 3596 
12775 3054 3469 3501 4076 
12776 3143 3859 3471 3972 
12777 3362 3645 3198 3825 
12778 3084 3378 4054 4090 
12779 1492 4065 3996 4153 
12780 1730 1642 1438 3966 
12781 1600 3312 1429 3518 
12782 3442 3806 3292 4103 
12783 3326 3773 3686 3917 
12784 2267 2248 2206 3456 
12785 2227 2082 1854 3339 
12786 3117 3677 3687 4032 
12787 3283 1489 3996 4153 
12788 1832 916 1524 3385 
12789 1268 3602 1269 4093 
12790 1121 1120 3935 4051 
12791 505 1785 1444 3458 
12792 3368 3116 3752 3914 
12793 1219 3368 1204 4193 
12794 2078 1884 3311 3899 
12795 3109 3336 3768 3800 
12796 559 569 570 3679 
12797 1332 1318 3683 3804 
12798 2253 3592 4091 4152 
12799 3281 3555 3110 4034 
12800 1637 3352 3563 3869 
12801 1539 3693 3330 3921 
12802 3376 3971 3711 4022 
12803 1669 3643 3238 4142 
12804 3240 3687 3123 3965 
12805 2250 2137 3835 3999 
12806 3143 3446 3713 3920 
12807 3321 3475 3083 3756 
12808 3096 3433 3252 3978 
12809 2051 2159 1969 3809 
12810 2103 3400 1873 4019 
12811 1888 1871 3418 3769 
12812 3049 3505 3327 4001 
12813 1428 1747 1023 3547 
12814 527 528 526 3313 
12815 3143 3713 3902 3920 
12816 3104 3570 3330 3990 
12817 3061 3948 3685 4103 
12818 3628 3877 3080 3892 
12819 2240 2023 2056 3485 
12820 520 519 521 3883 
12821 3180 3657 3573 4029 
12822 3623 3897 3273 4083 
12823 978 982 3856 3962 
12824 3284 3952 3663 4081 
12825 1676 1782 1675 3306 
12826 693 695 3380 4057 
12827 3083 3271 3517 3522 
12828 3271 3756 3083 4051 
12829 3422 3082 3586 3893 
12830 1530 1672 3970 4148 
12831 1441 1845 1458 3398 
12832 3208 3768 3856 3962 
12833 3521 3620 3463 4015 
12834 3587 3132 3725 3884 
12835 1367 1352 1833 3401 
12836 770 732 761 4002 
12837 1624 3279 1773 4098 
12838 3215 3710 3065 3754 
12839 200 3595 3291 3727 
12840 3506 3680 3144 3911 
12841 1300 1301 3378 4090 
12842 710 727 685 3548 
12843 813 3941 3767 4061 
12844 3284 3136 3809 4100 
12845 3061 3221 3948 4103 
12846 3263 3648 1619 4133 
12847 1475 1495 1497 3947 
12848 2078 1884 1862 3311 
12849 2202 3675 3356 4045 
12850 3459 3727 1453 4084 
12851 3099 3257 3664 4056 
12852 1133 1132 1134 4175 
12853 3328 3580 543 4079 
12854 3273 3897 3623 3997 
12855 579 600 508 4085 
12856 891 864 892 3306 
12857 2127 2128 1991 4199 
12858 1777 1774 1700 3392 
12859 1083 1736 1421 3546 
12860 3115 3447 3287 3840 
12861 1469 1112 1817 4020 
12862 1566 1565 1567 3423 
12863 994 3774 1025 3816 
12864 3137 3607 3392 3763 
12865 766 3386 753 3906 
12866 3141 3734 3673 3849 
12867 1121 3271 1119 4051 
12868 3222 3509 3166 3946 
12869 3071 3452 3625 3746 
12870 3412 3817 3127 3873 
12871 1999 2000 1990 3861 
12872 1456 1476 3543 3740 
12873 1667 3797 3397 3970 
12874 2196 3364 1875 3675 
12875 2036 2109 1967 4180 
12876 203 204 3432 4121 
12877 3468 3644 3214 3926 
12878 634 1405 1417 3402 
12879 1841 1619 3648 4133 
12880 1919 3405 1921 3769 
12881 3081 3735 3247 4052 
12882 1886 1904 1906 3793 
12883 3068 3284 3495 4081 
12884 3210 3093 3607 3868 
12885 3407 3714 3567 4028 
12886 3362 3089 3489 3844 
12887 3289 3824 3108 4214 
12888 3049 3327 3722 4001 
12889 2126 2127 1991 3653 
12890 3167 3592 3213 3628 
12891 544 3679 559 3795 
12892 1104 1210 1224 3572 
12893 3076 3415 3277 4120 
12894 3110 3968 3321 4005 
12895 525 524 3249 4066 
12896 3077 3486 3361 3653 
12897 3053 3261 3507 3808 
12898 3382 3834 3545 4101 
12899 3232 3622 3164 3736 
12900 1746 1600 1429 3518 
12901 3204 3717 3562 3918 
12902 2256 2149 2132 3734 
12903 1461 3267 1825 3944 
12904 872 1879 867 3771 
12905 704 3632 3671 4094 
12906 101 3322 712 3671 
12907 2215 2082 3932 4126 
12908 616 586 615 3781 
12909 1426 1788 1807 3539 
12910 1304 1331 1302 3913 
12911 528 526 3313 3988 
12912 3065 3313 3710 4191 
12913 1647 1582 1788 3544 
12914 3469 3614 3258 3621 
12915 3319 3519 3118 4010 
12916 3424 3853 795 4161 
12917 2107 2106 2225 3556 
12918 1435 1045 1718 3449 
12919 2206 1058 1095 3456 
12920 3081 4031 3612 4160 
12921 3085 3418 3326 3769 
12922 3109 3348 3791 4018 
12923 3201 3975 3799 4060 
12924 3180 3970 3657 4107 
12925 3056 3747 3712 3942 
12926 2089 2090 1938 3511 
12927 3105 3762 3403 3838 
12928 1365 3367 1338 4026 
12929 873 3512 842 3853 
12930 3196 3221 3948 4088 
12931 2116 3639 3549 4048 
12932 3294 3617 3144 4044 
12933 3058 3287 3608 4047 
12934 3440 3048 3798 4205 
12935 3082 3942 3227 4099 
12936 1283 1359 1361 3531 
12937 3335 3393 3124 4144 
12938 3461 3680 3506 3911 
12939 3059 3484 3234 4218 
12940 1409 3374 1380 3789 
12941 1597 1526 3797 3905 
12942 3095 3492 3417 4168 
12943 529 3215 4104 4215 
12944 3051 3234 3534 3852 
12945 3293 3605 3101 3870 
12946 2037 3900 2115 3906 
12947 1436 1342 1728 3426 
12948 3146 3515 3327 3722 
12949 3190 3813 3687 4082 
12950 1809 1609 3736 4020 
12951 1141 3601 3273 3997 
12952 892 3306 864 4111 
12953 540 567 565 3891 
12954 1021 3449 969 4046 
12955 3606 3943 3382 4143 
12956 1741 607 1835 3402 
12957 1942 2018 2099 4028 
12958 1307 1306 1305 3351 
12959 3185 3612 3292 4212 
12960 2060 2146 2063 3817 
12961 3090 3517 3408 3644 
12962 2187 726 1864 3430 
12963 3194 3713 3446 3726 
12964 3106 3829 3449 4046 
12965 1951 3345 772 3611 
12966 3110 3863 3434 4005 
12967 1021 3776 3449 4046 
12968 1248 1249 1247 3578 
12969 3391 3893 3168 3942 
12970 1678 3320 1794 3869 
12971 3490 3832 3086 4149 
12972 1855 3485 1103 3940 
12973 3216 3490 3074 4154 
12974 1923 3405 1922 3847 
12975 798 3346 876 3853 
12976 813 816 815 3767 
12977 1528 3594 1511 4146 
12978 3312 3876 3174 3955 
12979 2138 3467 2136 3814 
12980 589 568 3399 3854 
12981 889 854 3539 3928 
12982 1596 1739 1733 3337 
12983 586 552 585 3781 
12984 3378 3691 1300 3927 
12985 3226 3832 3490 4149 
12986 3673 3734 3224 3849 
12987 1051 3642 3299 3667 
12988 1155 3635 3434 4071 
12989 867 814 3329 4061 
12990 973 3325 1020 4053 
12991 725 1865 88 3577 
12992 1668 1656 3696 3788 
12993 3224 3673 3141 3734 
12994 3220 3617 3057 3673 
12995 104 728 751 3738 
12996 3407 3855 3097 3989 
12997 3359 3805 3285 4099 
12998 1478 3640 1451 3848 
12999 3101 3700 3973 4105 
13000 1044 1832 968 3385 
13001 1916 1917 3958 4015 
13002 3181 3813 3759 4082 
13003 3300 3062 3897 3936 
13004 3110 3321 3863 4005 
13005 3272 4150 3764 4171 
13006 3339 3932 2082 4126 
13007 3165 3581 3560 3847 
13008 3208 3768 3109 3856 
13009 3328 3795 3183 4197 
13010 3440 3525 3048 4205 
13011 1316 4150 1309 4171 
13012 983 3316 972 3951 
13013 3085 3701 3520 4097 
13014 3047 3697 3800 3912 
13015 3146 3349 3898 4049 
13016 2263 2186 1953 3374 
13017 3146 3327 3515 4049 
13018 1191 3466 1196 3596 
13019 3198 3649 3362 3825 
13020 1707 3301 3547 4036 
13021 3054 3244 3682 3836 
13022 3541 3794 3243 4034 
13023 946 3665 3363 4021 
13024 3128 3267 3617 3715 
13025 1338 1365 1366 3367 
13026 3585 3700 3457 3973 
13027 609 559 570 3795 
13028 2093 3721 3383 4068 
13029 1783 1448 1691 3395 
13030 3344 646 3558 4208 
13031 1566 3796 3423 3827 
13032 1872 1863 204 4058 
13033 3293 3771 833 3870 
13034 3233 3435 3653 3861 
13035 3139 3904 3305 3909 
13036 1021 1020 3776 4046 
13037 3047 3573 3657 4029 
13038 649 648 647 3488 
13039 3242 3842 3556 4059 
13040 3094 3613 3542 3915 
13041 3101 3605 3293 3700 
13042 1691 1690 1783 3395 
13043 2078 3899 3311 4026 
13044 3315 3795 3458 4050 
13045 3240 3650 3365 3748 
13046 3076 3723 3660 4101 
13047 3101 3700 3585 3973 
13048 1724 3360 690 3966 
13049 1431 1344 1739 4156 
13050 590 573 501 3441 
13051 1659 1631 1641 3751 
13052 3177 3757 3440 4128 
13053 1442 3291 1451 4084 
13054 3209 3802 3124 3925 
13055 568 518 3399 3821 
13056 1266 1263 3425 3977 
13057 1468 1199 1708 3466 
13058 520 521 3482 3883 
13059 2065 3362 3649 3896 
13060 1057 1084 1076 3983 
13061 3308 3666 3207 4149 
13062 3161 4203 3647 4206 
13063 3122 3865 3299 3948 
13064 3562 3717 3057 3918 
13065 3146 3515 3349 4049 
13066 1508 1659 3268 4142 
13067 3098 3724 3544 3746 
13068 1609 4008 3334 4020 
13069 830 3850 3293 3870 
13070 1497 1840 1620 3624 
13071 653 681 3725 3976 
13072 3474 3625 3227 3746 
13073 1418 1380 1404 3374 
13074 1483 3503 3830 4142 
13075 3069 3860 3451 4007 
13076 3306 3500 891 4113 
13077 1454 1479 3660 3792 
13078 1708 1445 1709 3318 
13079 1972 3663 3295 4081 
13080 911 775 904 3506 
13081 3194 3513 3632 3713 
13082 2196 2195 1875 3364 
13083 3092 3897 3623 4083 
13084 3125 3895 3614 3916 
13085 3078 3609 3320 3889 
13086 859 3799 3375 4131 
13087 537 539 538 3433 
13088 1176 1188 1102 3922 
13089 539 3433 537 3854 
13090 855 3805 802 4177 
13091 700 711 692 3676 
13092 3652 3734 3141 3981 
13093 3054 3682 3244 4114 
13094 2049 2046 1930 3860 
13095 699 715 727 3548 
13096 1075 1055 1080 3394 
13097 1375 3302 1384 4039 
13098 3559 3894 3390 3960 
13099 3278 3094 3813 4168 
13100 3048 3525 3440 3651 
13101 1796 1465 1798 3496 
13102 3540 3800 3336 4023 
13103 3057 3499 3278 3717 
13104 1434 1440 101 3322 
13105 2222 3593 2028 4017 
13106 629 499 1375 4039 
13107 1794 3869 3320 4125 
13108 2025 2162 2122 3565 
13109 3120 3258 3719 3929 
13110 1270 1269 1255 3602 
13111 3054 3641 3244 3836 
13112 2181 1859 3436 3531 
13113 3070 3748 3365 4053 
13114 1309 3630 1329 4171 
13115 2127 1880 2209 4085 
13116 1157 3340 1198 4083 
13117 1940 3523 2017 4140 
13118 1972 3295 2120 4081 
13119 3091 3812 3382 4143 
13120 1726 3415 1646 3606 
13121 1066 1064 1065 3508 
13122 3229 3736 3164 3923 
13123 1966 3369 1976 3878 
13124 1984 3900 3464 4112 
13125 3068 3341 3580 4079 
13126 3336 3540 3953 4029 
13127 1414 3258 3929 4174 
13128 297 3311 3416 3743 
13129 3063 3322 3830 3902 
13130 1876 3411 2072 4152 
13131 1744 3301 1707 3765 
13132 1002 1041 962 3716 
13133 3088 3332 3676 3966 
13134 1995 1993 1998 3875 
13135 3382 3076 3545 3606 
13136 894 3680 3866 4134 
13137 703 687 3430 4166 
13138 3155 3451 3793 4137 
13139 3112 3400 3853 4161 
13140 1701 1558 3460 3729 
13141 3328 4003 3103 4197 
13142 894 3289 3680 4069 
13143 1983 3761 3431 4126 
13144 3509 3793 3416 4135 
13145 789 1793 854 4022 
13146 3112 3853 3424 4161 
13147 1882 1883 1903 3758 
13148 3068 3537 3261 3952 
13149 1900 2080 2214 3422 
13150 3067 3808 3261 4176 
13151 877 3497 818 3767 
13152 1753 1712 1574 3760 
13153 718 3298 3987 4166 
13154 1455 1474 1652 3792 
13155 1862 2078 3311 4026 
13156 1741 3528 3402 4181 
13157 3479 4120 3619 4187 
13158 1540 1539 1541 3693 
13159 509 610 623 3406 
13160 2118 3495 2119 4078 
13161 1916 3958 3463 4015 
13162 3105 3280 3561 3762 
13163 1079 3983 3654 4124 
13164 1079 3229 3983 4124 
13165 2261 2190 1931 4088 
13166 3361 3742 3147 3780 
13167 1346 3312 1343 3916 
13168 3085 3494 3701 4097 
13169 3081 3685 3247 3735 
13170 804 3805 856 4060 
13171 1570 1702 1571 3614 
13172 796 3424 785 3963 
13173 3122 3926 3373 3986 
13174 3279 3171 3641 4076 
13175 787 1900 882 4048 
13176 3138 3803 3532 3979 
13177 3269 3116 3731 3872 
13178 3085 3326 3418 3773 
13179 3350 3542 3094 3613 
13180 1503 1609 1771 3983 
13181 3351 3659 3067 4182 
13182 3192 3409 3568 3744 
13183 1681 1831 1760 4211 
13184 1940 3390 3960 4140 
13185 1950 3431 1983 3761 
13186 1286 3379 1374 3789 
13187 3108 3562 3289 4069 
13188 625 1785 505 3458 
13189 964 3358 1043 4163 
13190 3400 3112 3960 4161 
13191 917 933 3465 3615 
13192 86 3304 685 3992 
13193 3052 3590 3510 3879 
13194 2001 2136 2000 3835 
13195 1355 1292 3374 3789 
13196 911 921 920 3506 
13197 3081 3432 3288 3758 
13198 3069 3686 3554 3917 
13199 867 781 814 4061 
13200 703 717 718 3298 
13201 3084 4004 3371 4054 
13202 3117 3718 3565 4082 
13203 1127 3839 3236 4162 
13204 3159 3724 3625 3746 
13205 1375 1382 1383 4213 
13206 2065 3649 2167 3896 
13207 3225 3122 3620 3986 
13208 3478 3527 3184 3729 
13209 3385 3128 3956 4216 
13210 565 567 624 3891 
13211 1694 1543 3693 3874 
13212 763 3393 749 3611 
13213 3109 3791 3438 4018 
13214 1284 1739 1344 4156 
13215 3159 3885 3625 4167 
13216 3207 3407 3567 3855 
13217 538 539 540 3433 
13218 1614 3317 1521 4002 
13219 3686 3773 3554 3917 
13220 3393 3900 2258 4144 
13221 3156 3821 3593 4017 
13222 765 755 762 3470 
13223 1110 1225 1217 3419 
13224 1328 1314 3337 3659 
13225 3135 3393 3335 3900 
13226 749 3906 3393 3933 
13227 2002 1997 2003 3931 
13228 3055 3723 3526 3832 
13229 2271 3335 3886 4144 
13230 796 795 785 3424 
13231 755 3470 728 3656 
13232 3605 3673 3057 3911 
13233 1750 1421 1848 3546 
13234 3058 3241 3991 4047 
13235 1033 957 1036 3565 
13236 3394 3121 3741 4188 
13237 3183 3510 3328 4197 
13238 3582 3770 3046 4106 
13239 845 3260 847 4059 
13240 935 946 3665 4163 
13241 3189 3912 3523 4207 
13242 1580 3398 3704 4065 
13243 3418 3577 1887 3873 
13244 1324 1359 3324 4040 
13245 3053 3537 4000 4025 
13246 1606 1602 3627 4130 
13247 3108 3289 3562 3824 
13248 855 869 802 3805 
13249 3257 3056 3664 4056 
13250 3293 3101 3700 3771 
13251 3220 3294 3617 3673 
13252 1995 2133 1997 3585 
13253 1678 3869 3563 3922 
13254 1781 1691 3638 3903 
13255 3273 3997 3623 4083 
13256 1729 3784 3360 3966 
13257 962 1038 1858 3350 
13258 1089 3551 1073 3865 
13259 1296 1295 3518 4136 
13260 1623 1482 1768 3866 
13261 3073 3624 3349 3898 
13262 3128 3218 3774 3937 
13263 1620 1618 1614 3317 
13264 3269 3847 3560 4180 
13265 959 202 1010 4043 
13266 3148 3606 3589 3683 
13267 3589 3606 3415 3683 
13268 610 3406 509 3688 
13269 3247 3421 3612 4052 
13270 1297 1320 3927 4136 
13271 3216 4135 3490 4154 
13272 1430 1743 1707 3301 
13273 1671 3315 3967 4143 
13274 3052 3510 3259 3879 
13275 3309 3600 3104 4111 
13276 3093 3210 3781 3868 
13277 3049 3517 3408 3766 
13278 1383 1386 1385 3737 
13279 3132 3976 3275 4038 
13280 1720 3415 1726 3683 
13281 1606 1602 1538 3627 
13282 1583 1623 1772 3824 
13283 749 763 744 3393 
13284 3324 3531 3436 4040 
13285 3216 3074 3619 4154 
13286 3219 3391 3712 4027 
13287 3565 3745 3117 4082 
13288 680 2269 633 3462 
13289 1479 1652 1527 3792 
13290 2190 3851 1931 4088 
13291 3182 3548 3304 3843 
13292 1995 3457 1996 3759 
13293 3086 3509 3416 4135 
13294 684 3446 104 3726 
13295 3332 3784 1642 3966 
13296 3546 3741 3229 4124 
13297 3057 3617 3220 3937 
13298 1509 3397 1667 3797 
13299 3062 3520 3246 4129 
13300 904 835 793 4134 
13301 1542 1715 3570 3924 
13302 2165 1861 2172 3370 
13303 672 3532 651 3661 
13304 3050 3713 3513 3755 
13305 3246 3412 3511 4129 
13306 3565 3718 3323 4082 
13307 1270 1271 1236 3287 
13308 1061 1051 1075 3642 
13309 2022 1967 3731 3872 
13310 3456 3993 1072 3995 
13311 3108 3824 3562 3918 
13312 1473 3885 3459 4084 
13313 1311 1360 1330 3815 
13314 688 88 87 3418 
13315 3261 4003 3502 4176 
13316 1301 1298 1300 3378 
13317 3106 3384 3829 4046 
13318 3461 3615 879 3850 
13319 3089 3364 3631 4138 
13320 1544 1555 1556 3478 
13321 3090 3654 3455 4033 
13322 3675 3837 1222 4096 
13323 1326 3927 3728 4090 
13324 1366 3669 3367 3764 
13325 3144 3294 3506 3911 
13326 728 3470 764 3738 
13327 1700 3763 3392 3846 
13328 1605 3736 1601 3983 
13329 1673 1791 1443 3309 
13330 3176 3661 3532 4127 
13331 513 626 607 3528 
13332 2127 3361 3653 4085 
13333 2120 3295 1974 3930 
13334 791 3549 735 3871 
13335 3054 3641 4076 4114 
13336 1255 1250 1270 3709 
13337 838 1482 788 3866 
13338 1433 723 83 3634 
13339 3194 3513 3713 3755 
13340 3712 3747 3227 3942 
13341 3381 3776 1531 3921 
13342 1438 1724 682 3966 
13343 2080 3586 2223 3893 
13344 3066 3724 3450 3828 
13345 3065 4186 3266 4191 
13346 3136 3879 3259 4100 
13347 1779 4012 3575 4204 
13348 1298 3378 1301 3913 
13349 515 3388 603 3584 
13350 842 3400 858 3853 
13351 3349 3624 3206 3947 
13352 3238 3063 3503 4201 
13353 3321 3756 3281 3863 
13354 3045 3625 4031 4052 
13355 3327 3515 3468 3722 
13356 885 898 776 3439 
13357 1638 1636 1635 4202 
13358 1508 3268 3643 4142 
13359 2144 3645 2196 3964 
13360 298 1869 2273 3416 
13361 1922 3405 1919 3779 
13362 1784 1679 1445 3922 
13363 3048 3250 3984 4145 
13364 685 86 85 3304 
13365 3155 3662 3481 3840 
13366 3140 3364 3675 3837 
13367 851 3309 899 4194 
13368 3256 3548 3127 3577 
13369 693 3380 3676 4057 
13370 502 621 3372 4215 
13371 508 1880 579 4085 
13372 1050 964 1012 4216 
13373 3247 3642 3667 4184 
13374 1187 1155 3434 4071 
13375 1002 1042 1000 3716 
13376 1050 3358 964 4216 
13377 3436 4040 3129 4042 
13378 3046 3533 3235 3603 
13379 3108 3460 3824 3918 
13380 3315 3891 3812 4064 
13381 3159 3552 3724 4073 
13382 1610 1770 3425 4130 
13383 3225 3721 1944 4015 
13384 3304 3778 3139 3904 
13385 3323 3745 3565 4082 
13386 1673 3496 1588 3970 
13387 3943 3967 3186 4143 
13388 1476 3543 3740 4117 
13389 1989 3331 1988 4004 
13390 3045 3421 3625 4052 
13391 1960 2104 3678 3822 
13392 1470 880 1814 4022 
13393 3356 3601 1208 4157 
13394 916 1832 954 3385 
13395 3045 4031 3612 4052 
13396 1727 3325 1621 3776 
13397 3134 3369 4019 4207 
13398 1671 3812 3315 4143 
13399 87 3326 88 3917 
13400 1978 3791 3270 3957 
13401 3278 3057 3717 3918 
13402 502 3372 3939 4215 
13403 3259 3510 3502 4003 
13404 1079 1096 3654 3983 
13405 3422 3464 3082 3893 
13406 3086 3946 3490 4149 
13407 815 818 817 3767 
13408 588 3742 563 3862 
13409 675 2183 638 3803 
13410 2091 1938 3511 3779 
13411 3132 3587 3263 3648 
13412 1942 1910 1959 3899 
13413 701 698 3987 4166 
13414 2003 1997 2013 3700 
13415 1946 2024 3731 4072 
13416 1254 1273 1235 3480 
13417 2150 1894 2155 4026 
13418 1048 1013 3829 4046 
13419 1204 1219 1161 4172 
13420 3168 3893 3391 4195 
13421 1457 3634 3305 3901 
13422 2122 3791 3348 4018 
13423 530 3404 598 3754 
13424 3234 3253 3965 4218 
13425 3070 3965 3253 4218 
13426 3135 3450 3975 4151 
13427 643 668 671 3307 
13428 3396 3526 3169 4190 
13429 2181 2029 3531 3604 
13430 3254 3497 3113 4113 
13431 3126 3538 3230 3737 
13432 3171 3279 3641 3908 
13433 582 605 3302 3938 
13434 1532 1539 1540 3330 
13435 538 3633 3433 3891 
13436 3268 3643 3555 3968 
13437 500 4118 3344 4208 
13438 2067 2064 2066 3362 
13439 3184 3729 3527 3772 
13440 3448 3803 3138 3979 
13441 671 3917 3307 4127 
13442 1452 1453 1442 4084 
13443 3774 3956 3128 4216 
13444 3046 3603 3235 3843 
13445 828 834 3680 4134 
13446 3058 3481 3314 3662 
13447 2172 2026 3370 3750 
13448 201 3642 1051 3667 
13449 106 1951 1870 3345 
13450 3502 3186 4050 4197 
13451 3127 3692 3256 3817 
13452 3256 3692 3198 3817 
13453 1589 1647 1648 4073 
13454 1914 3958 1917 4015 
13455 847 846 870 3600 
13456 3385 945 3944 4086 
13457 2227 511 1901 3932 
13458 636 3344 645 4118 
13459 1948 4027 1926 4112 
13460 3184 3460 3729 3772 
13461 1243 4055 3280 4172 
13462 1262 1251 1248 3578 
13463 85 3333 3554 3732 
13464 1976 1966 1977 3369 
13465 3104 3775 3570 3990 
13466 1208 3601 3356 4096 
13467 3360 3632 3143 3671 
13468 3467 3538 3170 3835 
13469 1295 3691 3518 4136 
13470 671 643 3307 3917 
13471 1789 3939 3372 4012 
13472 1216 1152 3631 4138 
13473 2103 3400 2230 4161 
13474 1510 1667 3397 3970 
13475 3114 3554 3732 4016 
13476 3309 3104 3775 4111 
13477 1144 3623 1145 3997 
13478 3511 4045 3982 4129 
13479 2105 2228 2231 3441 
13480 1632 3869 1677 4125 
13481 3045 3612 3421 4052 
13482 3067 3338 3502 4196 
13483 1825 1711 3267 3760 
13484 3223 3788 3283 3798 
13485 3075 3313 4066 4200 
13486 3283 3696 3092 3788 
13487 3156 3477 3252 3883 
13488 3363 3665 946 4163 
13489 1510 1667 1509 3397 
13490 2080 2226 1856 3422 
13491 1533 1512 1534 3382 
13492 3490 3946 3226 4149 
13493 3223 3440 3798 4205 
13494 3126 3233 3584 4159 
13495 1020 4046 980 4053 
13496 1213 3598 1160 3914 
13497 1360 1327 1362 3370 
13498 1525 3797 1526 3905 
13499 3288 3782 3100 4095 
13500 2103 2229 1873 3400 
13501 3902 4192 3268 4201 
13502 3300 3897 3516 3936 
13503 1810 1625 1808 3887 
13504 1789 1424 1806 3372 
13505 1013 1021 969 4046 
13506 552 554 3437 4217 
13507 1732 1546 1548 4122 
13508 3233 3658 601 4085 
13509 1354 3415 1353 3683 
13510 2075 2074 2176 3298 
13511 3723 3831 3237 4101 
13512 3215 3754 3575 4204 
13513 3082 3805 3359 4099 
13514 1302 1304 3913 3985 
13515 3192 3794 3744 4092 
13516 3096 3590 3433 3978 
13517 1321 3529 1299 3876 
13518 3127 3548 3256 3692 
13519 1025 3547 998 3816 
13520 1745 1431 1739 3389 
13521 3477 3819 3075 3864 
13522 3118 3287 3447 4047 
13523 1036 3565 3323 3745 
13524 630 500 636 4118 
13525 1327 3370 1360 3815 
13526 1330 3630 3377 4171 
13527 2103 3523 3400 4019 
13528 3249 531 4104 4215 
13529 2059 3577 2146 3817 
13530 2100 3721 2093 4068 
13531 1183 1150 1209 3347 
13532 3291 3640 1451 4084 
13533 1539 1731 3693 3921 
13534 1949 4075 3761 4132 
13535 511 533 577 3932 
13536 1624 3528 3279 4098 
13537 1363 1364 1330 3377 
13538 803 805 3285 4060 
13539 3198 3817 3692 3934 
13540 2119 3341 2219 4078 
13541 3667 3685 3061 3948 
13542 1923 2192 2010 4007 
13543 1744 3564 3765 3874 
13544 1075 1080 1061 3741 
13545 3179 3631 3582 3837 
13546 3091 3237 3834 4101 
13547 102 712 101 3322 
13548 1286 1348 3379 3789 
13549 3083 3622 3475 3643 
13550 3097 3831 3637 4062 
13551 1494 4065 1492 4153 
13552 3591 4117 3648 4133 
13553 2255 2132 2149 3734 
13554 772 1951 106 3345 
13555 3116 3368 3752 3872 
13556 3424 3960 3112 4161 
13557 1133 1184 3568 4138 
13558 1520 3706 3414 4012 
13559 3100 3257 3697 3707 
13560 1478 3397 3640 3848 
13561 3123 3687 3852 3965 
13562 911 904 936 3506 
13563 1558 1560 1701 3460 
13564 3099 3496 3720 4107 
13565 3227 3625 3724 3746 
13566 3121 3468 3515 3722 
13567 1818 1610 1770 3425 
13568 1755 1684 1504 3274 
13569 3217 3647 3378 4054 
13570 3274 3552 3131 3890 
13571 3170 3467 3435 3538 
13572 1150 1122 1125 3839 
13573 3405 3520 3153 3984 
13574 3369 3842 3270 4023 
13575 3235 3533 3046 3934 
13576 2136 2138 2016 3467 
13577 3069 3481 3314 4016 
13578 3142 3592 3489 3844 
13579 3198 3645 3582 3825 
13580 3083 3643 3555 4201 
13581 3228 4157 2236 4165 
13582 3382 3943 3186 4143 
13583 3394 3151 3681 4188 
13584 3378 3647 3217 4206 
13585 3053 4203 3808 4206 
13586 3223 3525 3440 4205 
13587 1129 3568 1153 3910 
13588 718 703 3298 4166 
13589 3059 3472 3336 4218 
13590 2065 2066 2064 3362 
13591 3074 3526 3396 4190 
13592 1476 4117 3740 4133 
13593 2236 2055 3980 4165 
13594 3237 3091 3834 3978 
13595 808 3799 810 3928 
13596 1407 1408 1402 3401 
13597 651 3532 652 3979 
13598 3091 3574 3633 3978 
13599 1716 1652 1499 3396 
13600 3223 3627 3105 4010 
13601 1410 1374 3379 3789 
13602 1401 629 1375 4039 
13603 3744 3794 3192 4141 
13604 1131 1153 1129 3568 
13605 3261 3537 3507 3952 
13606 3058 3608 3576 4047 
13607 1872 1881 1863 4058 
13608 3143 3632 3513 3713 
13609 3378 1298 3691 3913 
13610 1124 3756 3281 3935 
13611 3084 3927 3682 4170 
13612 2253 2088 2087 3592 
13613 3066 3552 3724 3828 
13614 3108 3729 3473 4214 
13615 689 704 690 3360 
13616 1101 1193 1804 3569 
13617 3105 3561 3280 3838 
13618 883 1449 778 3473 
13619 1087 3508 3455 3995 
13620 1949 1950 3761 4075 
13621 2067 3362 2066 3844 
13622 3062 3300 3520 4097 
13623 3663 3952 3295 4081 
13624 742 746 739 3550 
13625 3254 3133 3767 3941 
13626 3111 3796 3518 3827 
13627 1925 1927 2271 3886 
13628 3148 3545 3606 3943 
13629 1596 1693 1550 3823 
13630 1861 1288 2170 4011 
13631 3082 4099 3227 4151 
13632 1480 1479 1511 3660 
13633 2113 3448 2183 3803 
13634 3148 3426 3683 3804 
13635 3081 3514 3432 3758 
13636 3077 3233 3653 3658 
13637 3048 3757 3440 3798 
13638 1110 1217 1174 3419 
13639 1457 3305 3626 3901 
13640 1678 3320 3869 3922 
13641 3218 3095 3717 3816 
13642 3474 3081 3712 4031 
13643 3069 3917 3554 4127 
13644 511 577 1901 3932 
13645 1707 3301 1743 3547 
13646 1818 1205 1472 3887 
13647 861 3941 3242 4059 
13648 1547 3338 1546 3943 
13649 1195 3425 3762 3887 
13650 638 656 657 3803 
13651 3234 3852 3687 3965 
13652 3066 3342 3550 4063 
13653 1337 3379 1371 4158 
13654 3236 3910 3142 4092 
13655 3387 3957 3270 4032 
13656 3515 4184 3061 4188 
13657 3541 3892 3213 4080 
13658 3324 3084 3728 3927 
13659 1764 678 1839 3733 
13660 1040 1027 1042 3716 
13661 2275 3326 1871 3769 
13662 3169 3574 3594 4101 
13663 3195 3670 3538 3737 
13664 3366 3581 3155 4137 
13665 3064 3333 3820 3959 
13666 1659 1485 3445 3830 
13667 3127 3817 3412 3934 
13668 928 3715 956 4086 
13669 957 1039 1036 3323 
13670 1531 3381 1725 3776 
13671 1627 1801 1466 3406 
13672 1699 1700 1774 3392 
13673 2273 298 3416 4093 
13674 3057 3617 3562 3911 
13675 3437 3658 553 4217 
13676 1286 1373 1348 3789 
13677 3242 3535 3674 3998 
13678 1709 3695 3466 4067 
13679 3053 3607 3868 4000 
13680 3097 3703 3749 3989 
13681 1037 3438 1034 3856 
13682 2224 3495 2118 3833 
13683 1133 1184 1131 3568 
13684 1316 3764 4150 4171 
13685 1363 1285 1364 3669 
13686 813 3767 815 4061 
13687 1560 3460 1559 3694 
13688 3076 3831 3723 4101 
13689 871 797 800 3498 
13690 615 614 3444 3811 
13691 3442 4103 3292 4212 
13692 3287 3840 3447 4047 
13693 1133 3409 3631 4138 
13694 3120 3469 3258 3621 
13695 3180 3330 3990 4029 
13696 645 3344 636 4208 
13697 3202 3479 3637 3831 
13698 1616 3263 1619 4133 
13699 3173 4076 3641 4114 
13700 1580 3398 1845 3704 
13701 3319 4010 3105 4130 
13702 814 815 817 4061 
13703 3126 3938 3302 4213 
13704 858 795 3853 4161 
13705 3267 3715 940 4044 
13706 3371 4054 3217 4090 
13707 3194 3755 3713 3877 
13708 3237 3097 3855 3989 
13709 1139 3837 3343 4096 
13710 1321 1299 1323 3876 
13711 757 3550 745 3919 
13712 563 596 599 3742 
13713 3151 3790 3515 4184 
13714 3414 3575 1590 4012 
13715 1457 1433 3305 3634 
13716 1651 1658 1496 3452 
13717 3492 3772 3184 3852 
13718 3224 3652 3141 3673 
13719 997 996 1043 3702 
13720 759 747 3711 4131 
13721 3403 3440 3105 3838 
13722 3130 3702 3665 4163 
13723 3142 4080 3236 4092 
13724 869 3422 856 3805 
13725 3063 4142 3503 4201 
13726 1515 1494 1576 3536 
13727 3270 3791 3369 4023 
13728 3440 3651 3525 3838 
13729 1173 1118 1107 3475 
13730 1274 3319 1262 3977 
13731 1714 1563 1551 3763 
13732 1763 1663 3349 3681 
13733 3045 3625 3227 4031 
13734 1059 3667 1060 3865 
13735 2091 3779 3511 3980 
13736 1981 3387 2123 3875 
13737 3285 3799 3066 3975 
13738 3105 3280 3762 3838 
13739 3107 3251 3603 3695 
13740 3083 3555 3303 4201 
13741 1133 3631 3409 4175 
13742 1271 3287 3578 3826 
13743 3133 3941 3254 3998 
13744 2026 1973 2121 3750 
13745 3177 3440 3757 3897 
13746 1992 1993 1994 3718 
13747 102 3231 3656 3690 
13748 3221 3196 3851 4088 
13749 2221 1873 780 3556 
13750 3051 3772 3492 3852 
13751 2039 2206 3456 3993 
13752 3045 3292 3612 4212 
13753 2147 2156 1893 3410 
13754 771 1765 1838 3711 
13755 2124 2123 2216 3875 
13756 1913 3958 3420 4169 
13757 1855 1103 2239 3940 
13758 1682 1538 1515 3536 
13759 3550 3672 3131 3919 
13760 3110 3751 3794 4192 
13761 749 748 3906 3933 
13762 1540 1532 3330 3990 
13763 3304 3904 3139 3909 
13764 3141 3615 3465 3734 
13765 3104 3570 3484 3953 
13766 3323 3745 3190 3915 
13767 3801 3991 3241 4047 
13768 3465 3615 3141 3850 
13769 103 3690 3446 4094 
13770 2013 2207 2053 3700 
13771 3047 3257 3583 3657 
13772 1051 1060 1059 3667 
13773 1775 1449 883 3473 
13774 1001 3296 3774 3956 
13775 3218 3717 3095 4168 
13776 3052 3502 3510 4197 
13777 761 732 762 3317 
13778 1643 1642 1730 3332 
13779 3392 3444 3093 3781 
13780 1434 1459 3322 3671 
13781 1679 3563 3318 3922 
13782 3203 3749 3703 3989 
13783 582 605 499 3302 
13784 3682 3945 3244 4114 
13785 627 516 598 3404 
13786 1321 1323 3529 3876 
13787 1720 1353 1368 3415 
13788 3099 3583 3346 3664 
13789 1590 3414 1608 3575 
13790 3139 3778 3304 3843 
13791 3106 3384 3707 4210 
13792 1415 1381 632 3388 
13793 1865 1887 3418 3577 
13794 1597 1526 1628 3797 
13795 687 726 716 3430 
13796 3127 3692 3817 3934 
13797 1545 1674 1540 3570 
13798 3128 3944 3715 4086 
13799 3412 3817 3198 3934 
13800 1545 1674 3570 3775 
13801 3196 4088 3551 4121 
13802 1663 1497 1758 3624 
13803 3351 3507 3161 4206 
13804 1559 3694 3460 4036 
13805 1403 3858 3258 4174 
13806 3605 3700 3101 4105 
13807 3322 3143 3902 4094 
13808 3133 3534 3254 3767 
13809 3295 3930 2120 4081 
13810 3110 3268 3555 3968 
13811 3294 3849 3220 4044 
13812 3538 3670 3230 3737 
13813 3143 3830 3322 3902 
13814 2107 2221 2218 3556 
13815 3447 3840 3058 4047 
13816 3175 3751 3445 4192 
13817 3461 3605 3141 3850 
13818 3243 4034 3794 4192 
13819 3218 3095 3816 4168 
13820 203 3288 204 4058 
13821 1922 1921 1919 3405 
13822 687 3726 3430 4166 
13823 2134 2171 1860 3323 
13824 1178 3863 3321 4005 
13825 3316 3693 3070 3965 
13826 3428 3710 3087 3819 
13827 1006 993 990 3613 
13828 718 3298 3616 3987 
13829 539 3684 3433 3854 
13830 1589 3255 1778 3971 
13831 3336 3953 3484 4218 
13832 3326 3769 2275 4007 
13833 1385 1386 1387 3737 
13834 3105 4010 3627 4130 
13835 2179 3373 1053 3993 
13836 3308 3864 3075 4164 
13837 1286 1371 1337 3379 
13838 2185 3363 3716 4209 
13839 3166 3431 3310 4164 
13840 728 765 764 3470 
13841 3050 3713 3755 3877 
13842 3132 3725 3275 3976 
13843 903 878 791 3871 
13844 1272 1256 1246 3818 
13845 2181 3436 2139 3835 
13846 3050 3713 3243 3859 
13847 3174 3876 3312 4136 
13848 3389 3629 1745 3796 
13849 3297 3453 3080 3920 
13850 1142 3888 1157 4083 
13851 1365 1338 1351 4026 
13852 3647 4054 3217 4206 
13853 1707 3765 3301 4036 
13854 3119 3522 3271 3845 
13855 3159 3625 3452 3746 
13856 680 2198 2269 3462 
13857 3288 3432 3081 3735 
13858 2055 2243 2241 3752 
13859 2156 3410 2077 3782 
13860 3234 3677 3534 4032 
13861 298 1290 1369 3311 
13862 1777 3392 1700 3638 
13863 737 3375 729 3871 
13864 3092 3623 3569 4083 
13865 3078 3352 3610 3869 
13866 588 3341 3862 4079 
13867 1656 1507 1668 3696 
13868 3302 3120 3719 4039 
13869 1144 1145 1143 3997 
13870 3189 3800 3697 3912 
13871 3133 3254 3534 3998 
13872 889 890 854 3928 
13873 834 3461 823 3680 
13874 1053 3373 1070 3993 
13875 3153 3980 3731 4128 
13876 3274 3131 3672 3890 
13877 3053 3537 3261 3907 
13878 2056 2244 1855 3485 
13879 972 3316 3748 3951 
13880 3047 3540 3336 4029 
13881 3092 3516 3300 3897 
13882 3140 3982 4045 4129 
13883 2273 1886 1932 3416 
13884 651 652 649 3979 
13885 3248 3213 4080 4091 
13886 2167 2063 2146 3649 
13887 2085 3420 1913 4009 
13888 1825 3267 1711 3944 
13889 2125 2124 2210 3329 
13890 676 3725 665 3976 
13891 3077 3233 3658 3882 
13892 3190 3492 3417 3705 
13893 1568 3763 1700 3846 
13894 3591 3648 3263 4133 
13895 1250 1253 1247 3709 
13896 1266 1263 1238 3425 
13897 3117 3718 3387 3957 
13898 3313 3988 3339 4200 
13899 3099 3970 3496 4107 
13900 3131 3493 3524 4167 
13901 3052 3259 3502 3857 
13902 3074 3396 3526 3698 
13903 3131 3552 3524 3890 
13904 3125 3401 3916 4158 
13905 3092 3273 3897 4083 
13906 3125 3916 3876 4158 
13907 3130 3665 3363 4163 
13908 3228 4037 1211 4165 
13909 906 911 919 3615 
13910 1480 1646 1454 3660 
13911 1598 1789 1806 3688 
13912 3075 3339 3431 4200 
13913 3119 3347 3522 3845 
13914 3348 3791 2122 3957 
13915 1589 3255 3971 4073 
13916 3240 3123 3566 3951 
13917 3109 3472 3336 4023 
13918 1613 3231 1844 3898 
13919 627 530 618 4204 
13920 3340 3107 3888 4123 
13921 2273 1932 2041 4093 
13922 1391 1411 1408 3858 
13923 3286 3739 3338 3823 
13924 1078 1227 1052 4033 
13925 3494 3686 3250 3984 
13926 3360 3471 3088 3784 
13927 3746 3905 3544 4119 
13928 3054 3244 3641 4114 
13929 2135 3604 3371 4011 
13930 1655 3695 1653 4123 
13931 3378 3728 3084 3927 
13932 3552 3971 3255 4073 
13933 3087 3526 3396 3698 
13934 1503 1771 1076 3983 
13935 1892 2254 2137 3999 
13936 3047 3336 3573 4029 
13937 1031 3650 3348 4116 
13938 2124 2216 2211 3535 
13939 3093 3846 3423 3908 
13940 1525 1509 1526 3797 
13941 1504 3711 3274 3971 
13942 3563 3609 3318 3922 
13943 1808 3887 3627 4130 
13944 3513 3610 3471 3859 
13945 3227 4031 3712 4151 
13946 3804 3857 3272 4150 
13947 3067 3502 3857 4196 
13948 2113 2259 2033 3803 
13949 3216 4102 4135 4154 
13950 1758 3349 3624 3898 
13951 3157 3740 3543 4117 
13952 3224 3141 3652 3734 
13953 1622 3683 3606 4122 
13954 1692 1549 3739 3903 
13955 3216 3662 3490 4135 
13956 3230 3538 3467 3835 
13957 1729 1666 1724 3360 
13958 3474 3081 4031 4052 
13959 1751 1506 1606 4130 
13960 1556 1695 3478 4185 
13961 1056 3551 1081 4121 
13962 3077 3868 3530 3945 
13963 200 3291 3595 3829 
13964 3244 3093 3641 3868 
13965 1725 3381 1529 3848 
13966 3281 3522 3347 3935 
13967 3098 3746 3544 4119 
13968 3047 3583 3257 3697 
13969 1397 1286 1374 3789 
13970 1627 1801 3406 3688 
13971 1478 1510 1509 3397 
13972 1644 1794 1446 4125 
13973 3072 3785 3297 4014 
13974 3704 3841 3263 4133 
13975 1597 3357 1788 3905 
13976 1657 3696 3340 4123 
13977 1604 3648 1828 3884 
13978 3371 3604 2135 4004 
13979 1646 1720 1432 3415 
13980 3097 3831 3237 3855 
13981 3461 3506 3294 3911 
13982 1459 1460 1440 3322 
13983 980 4046 3962 4053 
13984 3466 3888 3107 4123 
13985 1914 3958 4015 4068 
13986 1229 1098 1237 4172 
13987 3148 3683 3426 4122 
13988 3070 3693 3330 3953 
13989 2245 882 1900 4048 
13990 3461 3605 3211 3911 
13991 1890 3958 1913 4169 
13992 1375 1383 1384 3302 
13993 83 666 679 3427 
13994 2089 3412 2071 4045 
13995 2139 1953 2250 3374 
13996 3180 3573 3330 4029 
13997 3326 87 3418 3773 
13998 1565 3423 1698 3908 
13999 1195 3425 1200 3762 
14000 2231 3399 2057 4028 
14001 3603 3695 3160 3950 
14002 1425 1812 1813 3475 
14003 822 3850 830 3870 
14004 1124 1169 1178 3756 
14005 615 585 614 3811 
14006 3194 3877 3713 4178 
14007 1725 1645 3449 3848 
14008 844 842 3512 3881 
14009 1064 3508 1067 3810 
14010 1400 1408 1378 3401 
14011 1357 1322 1359 3728 
14012 202 201 1051 3667 
14013 706 684 720 3446 
14014 3236 4034 3541 4080 
14015 3422 3201 4048 4060 
14016 1574 1710 1573 3760 
14017 1083 1421 1074 3546 
14018 3333 3114 3732 3820 
14019 872 867 832 3771 
14020 3103 4003 3679 4089 
14021 3103 4050 3795 4197 
14022 3208 3962 3856 4115 
14023 3134 3400 3912 4019 
14024 3349 3898 1763 4041 
14025 1729 1724 1438 3966 
14026 685 3304 85 3904 
14027 2092 3356 2202 4157 
14028 1397 1409 1380 3789 
14029 781 2211 812 3535 
14030 1090 2179 1053 3993 
14031 3086 4135 4102 4154 
14032 3279 3120 3621 4076 
14033 105 734 106 3345 
14034 3066 3552 3828 4063 
14035 726 3430 687 4198 
14036 3077 3868 3945 4114 
14037 3227 3724 3098 3746 
14038 3303 4001 3238 4201 
14039 1134 3889 3609 4175 
14040 2181 1999 2029 3604 
14041 1914 1916 1917 3958 
14042 3244 3093 3868 3949 
14043 3321 3968 1662 4005 
14044 85 3333 3820 3904 
14045 1211 4157 3228 4165 
14046 3064 3820 3398 3959 
14047 2044 3345 1951 3611 
14048 3220 3673 3224 3849 
14049 1791 3775 3309 3990 
14050 673 672 651 3661 
14051 3283 3626 1489 4153 
14052 2065 2066 3362 3896 
14053 1137 1135 1136 4175 
14054 3157 4117 3591 4133 
14055 3181 3585 3571 3875 
14056 3173 3437 3882 4114 
14057 3405 3779 1922 4072 
14058 3091 3812 3315 3891 
14059 1305 3351 1306 3954 
14060 3371 3728 3084 4090 
14061 201 3247 3595 3642 
14062 1556 1561 1695 4185 
14063 1828 3587 1422 3725 
14064 1186 3635 1128 3863 
14065 951 939 914 3880 
14066 3099 3664 3346 3867 
14067 88 1865 1871 3418 
14068 1698 3423 1565 3846 
14069 1364 1330 3377 4171 
14070 657 3803 656 3979 
14071 3088 3471 3352 3784 
14072 2202 3356 1898 4157 
14073 3106 3640 3397 3848 
14074 3284 3952 3259 4100 
14075 2231 2099 2018 4028 
14076 3088 3784 3332 3966 
14077 3074 3792 3277 4190 
14078 3079 3588 3380 4074 
14079 1510 3397 1478 3848 
14080 780 853 2221 3556 
14081 3523 3912 3400 4019 
14082 1583 3824 1772 4214 
14083 998 989 992 3816 
14084 1319 1331 3389 3913 
14085 1123 1158 1162 3353 
14086 3476 3501 3173 3882 
14087 3371 3604 3084 3728 
14088 3584 3814 3126 4159 
14089 3161 3954 3913 4156 
14090 2071 3412 2061 3964 
14091 1682 3536 1576 3699 
14092 2189 2192 3451 4007 
14093 1408 3401 1400 3858 
14094 1028 965 1032 3410 
14095 3336 3472 3059 4023 
14096 646 3344 645 4208 
14097 3047 3697 3257 3707 
14098 3913 3954 3161 3985 
14099 3268 4192 3555 4201 
14100 1930 1928 2270 4132 
14101 2246 514 3462 3932 
14102 1548 1546 1547 3338 
14103 1069 3741 1091 4124 
14104 3055 3832 3226 3864 
14105 729 774 3375 4131 
14106 3098 3227 3746 3747 
14107 3188 3600 3309 4194 
14108 3082 3359 3942 4099 
14109 1243 1237 4055 4172 
14110 1324 1359 1322 3324 
14111 3131 3524 3828 4167 
14112 1174 1220 1103 3485 
14113 3237 3831 3545 4101 
14114 3157 3263 3591 3841 
14115 1457 3626 1488 3901 
14116 3052 3259 3857 3879 
14117 1900 2226 2080 3422 
14118 890 3928 810 4022 
14119 824 3461 879 3850 
14120 3384 3707 3208 3962 
14121 2192 2096 3451 4137 
14122 3085 3333 3494 3686 
14123 1485 1459 1629 3830 
14124 626 613 564 3528 
14125 740 741 3342 3933 
14126 86 85 3333 3554 
14127 1059 1073 1056 3865 
14128 682 1724 690 3966 
14129 1562 1745 3629 3796 
14130 2260 2110 2164 3366 
14131 3227 3098 3724 4099 
14132 506 3341 588 4078 
14133 3309 3775 3104 3990 
14134 3259 3952 3507 4182 
14135 1473 1475 3459 3885 
14136 3371 3728 1356 4011 
14137 1721 934 1461 3944 
14138 910 1834 953 3491 
14139 3253 3070 3693 3965 
14140 1630 3445 1485 3972 
14141 3130 3753 3716 4209 
14142 1780 3500 1676 3924 
14143 976 3962 978 4053 
14144 1776 895 777 3500 
14145 1441 1458 1457 3305 
14146 1015 1463 966 3776 
14147 3114 3704 3241 3841 
14148 3068 3580 3328 4079 
14149 3092 3569 3340 4083 
14150 2060 2061 1920 3817 
14151 1212 3411 1108 4030 
14152 2194 2072 1876 3411 
14153 3557 3646 3195 3670 
14154 1466 1799 3406 4064 
14155 3139 3305 3901 3909 
14156 708 1438 682 3966 
14157 2188 1927 2097 3886 
14158 3424 3559 3112 3960 
14159 750 3549 3386 3871 
14160 3272 3659 3067 4196 
14161 3129 4040 3529 4042 
14162 1618 1521 1614 3317 
14163 3228 2236 3980 4165 
14164 3623 3997 1144 4083 
14165 3423 3846 1698 3908 
14166 3236 3142 3910 4080 
14167 3044 3786 3428 4186 
14168 595 568 518 3399 
14169 3740 4117 3157 4133 
14170 628 598 516 4208 
14171 3351 3161 3985 4206 
14172 571 569 546 3679 
14173 3144 3680 3562 3911 
14174 1262 1274 1234 3319 
14175 1290 297 1339 3637 
14176 3399 3096 3441 3854 
14177 1752 1429 1600 3312 
14178 527 3313 526 4066 
14179 3356 3675 1166 4096 
14180 747 3730 3711 4131 
14181 1168 3631 1135 3837 
14182 1296 1295 1282 3518 
14183 3576 3608 3187 4047 
14184 3128 3267 3715 3944 
14185 3088 3360 3784 3966 
14186 581 3482 523 4066 
14187 3227 3747 3098 4099 
14188 1886 1869 1885 3416 
14189 1342 1281 1728 3426 
14190 3120 3402 3929 4039 
14191 3398 3427 3114 3820 
14192 2228 3441 2105 4173 
14193 2233 2057 1896 3399 
14194 637 673 663 4024 
14195 840 2238 779 3586 
14196 1751 1849 1423 3519 
14197 3295 3750 1974 4013 
14198 1709 3466 3318 4067 
14199 1663 1760 1501 3947 
14200 3340 3888 3466 4123 
14201 1017 2171 2175 3542 
14202 1296 1343 1346 3312 
14203 1339 1365 1290 4026 
14204 1179 1113 1902 3752 
14205 1164 1203 1202 4033 
14206 1983 2038 2113 3448 
14207 1732 3426 1728 4122 
14208 3051 3571 3534 3677 
14209 1799 1627 1466 3406 
14210 1731 1621 1727 3325 
14211 2025 2173 3565 3718 
14212 1098 4055 1237 4172 
14213 2074 2065 2167 3896 
14214 707 685 3548 3992 
14215 3135 3464 4112 4151 
14216 3270 3109 3791 4023 
14217 3196 3667 3865 3948 
14218 3583 3657 3257 4107 
14219 2169 1911 2201 3584 
14220 1205 3425 1195 3887 
14221 3376 3799 860 4131 
14222 3142 4091 3592 4152 
14223 3078 3744 3409 3889 
14224 985 3566 984 3951 
14225 2064 2067 2144 3645 
14226 2095 3391 1955 4027 
14227 538 560 3633 3891 
14228 3125 3858 3401 4158 
14229 3175 3859 3794 4192 
14230 945 956 934 3944 
14231 1456 3354 1502 3740 
14232 744 749 3393 3933 
14233 2210 1879 2125 3771 
14234 1170 1171 3839 4162 
14235 1460 3503 1483 4142 
14236 764 744 763 3738 
14237 1537 3923 1513 4109 
14238 1781 3763 1714 3903 
14239 1800 1628 1465 3439 
14240 891 892 866 3306 
14241 1669 3622 1594 4109 
14242 2114 3932 3462 4126 
14243 1143 1144 3997 4083 
14244 1699 3444 1773 3846 
14245 1353 1720 1335 3683 
14246 804 803 3805 4060 
14247 675 1852 2183 3803 
14248 1428 3296 958 3956 
14249 1335 1720 1464 3683 
14250 3049 3327 3468 3722 
14251 953 944 910 3491 
14252 1541 1694 1543 3693 
14253 1669 1661 1594 3643 
14254 3223 3798 3283 3996 
14255 3530 3868 3244 3945 
14256 991 990 988 3915 
14257 1701 3729 3460 4214 
14258 712 3322 102 4094 
14259 3250 3991 3959 4145 
14260 3331 3604 3084 4004 
14261 3411 3568 1212 4138 
14262 701 698 695 3987 
14263 907 2264 790 3465 
14264 1682 1683 3519 3699 
14265 1027 967 1042 3363 
14266 708 1730 1438 3966 
14267 3239 3487 3474 3689 
14268 2130 3753 3224 4209 
14269 1177 1212 1108 4030 
14270 3244 3945 3868 4114 
14271 3267 3760 1711 3944 
14272 2134 3323 2173 3759 
14273 3094 3278 3499 4168 
14274 1200 1114 1226 4055 
14275 2241 2022 3731 3872 
14276 1355 1333 1292 3789 
14277 3073 3790 3292 3806 
14278 1218 1213 1109 3355 
14279 3057 3278 3499 4105 
14280 1627 3594 1665 4146 
14281 2193 2009 2188 3969 
14282 3119 3485 3347 3845 
14283 1499 1474 1498 4117 
14284 1996 3457 2002 3931 
14285 1366 1365 1317 3764 
14286 3176 3532 3454 4127 
14287 3168 3586 3893 4195 
14288 3747 3942 3359 4099 
14289 3143 3445 3859 3972 
14290 3228 3601 3997 4070 
14291 1844 1613 1440 3231 
14292 1520 3414 1590 4012 
14293 2101 3980 2024 4072 
14294 1328 1314 1340 3337 
14295 3088 3360 3966 4057 
14296 542 544 559 3795 
14297 1450 3444 504 4098 
14298 3562 3618 3204 3824 
14299 3081 3612 3514 4160 
14300 2078 3749 1959 3899 
14301 597 530 598 3754 
14302 1802 3695 1655 4123 
14303 3338 3067 3823 4196 
14304 3059 3998 3674 4032 
14305 1615 3427 1616 3704 
14306 2188 2097 2193 3851 
14307 3140 4045 3412 4129 
14308 3080 3453 3420 3892 
14309 3053 3868 3530 4000 
14310 1165 3601 1208 4096 
14311 3094 3278 3813 3973 
14312 1118 3475 1169 3756 
14313 3078 3869 3610 4141 
14314 3114 3959 3250 3991 
14315 3070 3240 3748 3965 
14316 2004 3753 2182 3931 
14317 678 1764 640 3733 
14318 869 856 804 3805 
14319 1085 1095 1058 3456 
14320 2144 2196 2070 3964 
14321 3748 3951 3316 3965 
14322 3240 3123 3951 3965 
14323 1399 1396 1406 3388 
14324 3053 3647 3949 4203 
14325 1072 3993 1071 3995 
14326 1535 3606 1534 3943 
14327 3283 3788 3223 3996 
14328 1018 3564 983 3951 
14329 3100 3257 3707 4210 
14330 1300 1326 1301 4090 
14331 520 3482 581 4017 
14332 3331 3077 3530 3945 
14333 3059 3242 3842 3998 
14334 979 977 978 3856 
14335 3070 3748 3316 3965 
14336 3112 3523 3390 3697 
14337 3369 3878 1966 4207 
14338 3131 3828 3493 4167 
14339 2040 3752 3368 3872 
14340 102 3656 3231 4002 
14341 3192 3568 3910 4092 
14342 2213 2187 3430 4110 
14343 3134 3400 3512 3912 
14344 2074 3896 3298 4110 
14345 3878 4140 1965 4207 
14346 1945 3269 3847 4072 
14347 1890 3262 3958 4169 
14348 2071 3412 3964 4045 
14349 3241 3158 3801 4065 
14350 2036 2279 2109 4180 
14351 3230 3126 3737 3814 
14352 3196 3685 3667 3948 
14353 2185 1040 2178 3716 
14354 1187 1155 1185 3434 
14355 3243 3794 3859 4192 
14356 1700 3392 1699 3846 
14357 3296 3128 3774 3956 
14358 1132 1131 1130 3889 
14359 3627 3887 3425 4130 
14360 3054 3945 3682 4114 
14361 3097 3237 3831 3989 
14362 1032 3410 965 4115 
14363 3454 3532 3176 3786 
14364 1944 1968 2021 3783 
14365 3078 3610 3265 3744 
14366 3352 3563 3160 4202 
14367 1356 3728 3371 4090 
14368 1309 1307 1329 3630 
14369 3086 3490 4135 4154 
14370 810 860 3376 3799 
14371 3144 3289 3680 3866 
14372 618 620 4204 4215 
14373 1130 1129 1128 3635 
14374 2122 2160 3791 4018 
14375 294 3619 3277 4120 
14376 2033 3429 2270 4132 
14377 3243 3892 3453 3920 
14378 655 654 646 3558 
14379 3337 3161 3629 4156 
14380 2138 2136 2254 3814 
14381 3284 3809 3136 3879 
14382 3488 3979 3448 4035 
14383 2264 907 955 3465 
14384 1746 1282 1742 3518 
14385 3088 3966 3676 4057 
14386 2264 955 2007 3465 
14387 1310 3804 1308 4150 
14388 662 667 658 3462 
14389 1913 3420 3958 4068 
14390 771 733 1765 3711 
14391 1935 662 2183 3448 
14392 3744 3889 3078 4141 
14393 745 762 773 3919 
14394 1686 3725 3275 3884 
14395 1369 3311 1290 4026 
14396 527 3313 4066 4104 
14397 3387 3677 3181 3718 
14398 869 3586 3422 3805 
14399 3163 3365 3768 3962 
14400 1229 1237 1242 4172 
14401 3358 3128 3715 4086 
14402 1676 1780 1447 3500 
14403 3176 3732 3554 4016 
14404 3391 3893 2012 4195 
14405 721 3726 104 4198 
14406 3761 4035 3431 4126 
14407 1028 2147 3410 4058 
14408 1394 3670 1387 3737 
14409 849 3600 848 4194 
14410 3228 3980 3355 4165 
14411 2137 3230 3835 3999 
14412 3256 3577 3127 3817 
14413 1763 3681 3349 4041 
14414 3109 3336 3800 4023 
14415 1636 1634 1635 3352 
14416 2138 3814 2201 4159 
14417 648 656 674 3979 
14418 856 4048 806 4060 
14419 1681 3546 3394 4211 
14420 3368 3752 1219 3914 
14421 2040 1902 2249 3752 
14422 881 1834 910 3491 
14423 1989 3604 3331 4004 
14424 1974 3930 3295 4013 
14425 1987 1985 2172 4004 
14426 3344 3065 3558 4191 
14427 648 645 647 3488 
14428 1626 1425 1811 3475 
14429 2122 3791 1978 3957 
14430 3067 3507 3351 4182 
14431 934 914 1461 3944 
14432 2115 3900 2258 3906 
14433 1489 1507 1488 3626 
14434 3145 3344 3488 4191 
14435 1898 3356 1221 4157 
14436 3120 3929 3719 4039 
14437 3319 3977 3105 4147 
14438 1890 1870 3262 4169 
14439 1016 3438 2158 4018 
14440 3087 3710 3249 3819 
14441 1164 3455 1097 4033 
14442 3110 3635 3434 3863 
14443 517 629 1405 4039 
14444 943 946 3363 4021 
14445 1167 1145 1147 3598 
14446 3390 3697 3523 4140 
14447 657 671 668 3803 
14448 3175 3445 3859 4192 
14449 2057 3399 2233 3821 
14450 3125 3312 3876 3916 
14451 1029 1718 1045 3449 
14452 2081 3431 2020 4075 
14453 1726 3606 1622 3683 
14454 3339 4126 3431 4200 
14455 3339 3145 4126 4200 
14456 1622 3606 1535 4122 
14457 3190 3323 3915 4082 
14458 1236 295 296 3608 
14459 3091 3978 3237 4101 
14460 3135 3464 3900 4112 
14461 3098 3544 3905 4119 
14462 3389 3913 1331 4156 
14463 1990 1988 1989 3331 
14464 3587 3661 3132 4024 
14465 730 2184 767 3906 
14466 3076 3545 3831 4101 
14467 3131 3550 3919 4063 
14468 3125 3876 3312 3955 
14469 3166 3761 3429 3974 
14470 1567 3423 1565 3908 
14471 1454 1479 1480 3660 
14472 1168 1135 1137 3837 
14473 3046 3533 3603 3950 
14474 3111 3378 3691 3913 
14475 3497 3500 3113 4113 
14476 1946 2022 1967 3731 
14477 3058 3481 3662 3840 
14478 3175 3471 3610 3859 
14479 3314 3991 3841 4016 
14480 3193 3700 3605 4105 
14481 3117 3677 3387 3718 
14482 568 519 518 3821 
14483 753 766 750 3386 
14484 1802 3466 1709 3695 
14485 1685 1470 1814 4022 
14486 2005 2111 3620 4088 
14487 1343 3312 1429 3916 
14488 3523 3697 3189 4140 
14489 2182 1858 3350 3716 
14490 1183 3347 3845 3935 
14491 1945 3847 3269 4180 
14492 774 859 3375 4131 
14493 1452 1442 1451 4084 
14494 1156 1190 1191 3318 
14495 871 876 798 3346 
14496 3465 3141 3734 3981 
14497 859 860 3799 4131 
14498 927 931 924 3849 
14499 2080 1856 2223 3586 
14500 933 942 3465 3734 
14501 3089 3582 3645 3825 
14502 3064 3494 3333 3959 
14503 3084 3378 3927 4170 
14504 3352 3471 3088 3610 
14505 1897 2140 2234 3572 
14506 1215 3910 3572 4162 
14507 3077 3437 3868 4114 
14508 3126 3584 3388 3814 
14509 2184 730 753 3906 
14510 3142 4080 3592 4091 
14511 3066 3828 3450 4063 
14512 3066 3450 3724 3975 
14513 3301 3564 3123 3765 
14514 849 846 848 3600 
14515 105 104 3785 4198 
14516 2168 790 2264 3465 
14517 799 800 797 3498 
14518 3044 3591 3314 4108 
14519 3314 3591 3157 4108 
14520 1157 3888 3340 4083 
14521 3258 3125 3858 3895 
14522 534 3462 514 3932 
14523 1643 1819 1638 3599 
14524 2274 1890 1870 3262 
14525 808 805 810 3799 
14526 2037 2019 1984 3639 
14527 1752 1569 1571 3614 
14528 1913 3420 1937 4009 
14529 2132 2200 2256 3981 
14530 1758 1763 3349 3898 
14531 2003 3753 2004 3931 
14532 517 1405 3402 4039 
14533 1354 3589 3415 3683 
14534 3571 3813 3051 3973 
14535 3215 3249 3710 4104 
14536 1789 1424 3372 3939 
14537 1042 3716 3363 4163 
14538 1279 3519 1267 3826 
14539 3158 3996 3536 4065 
14540 3105 3977 3319 4130 
14541 662 674 638 3448 
14542 3217 4054 3378 4090 
14543 2075 2074 3298 4110 
14544 3067 3502 3338 4176 
14545 3107 3695 3603 3950 
14546 2073 2072 3411 3844 
14547 1731 1621 3325 3921 
14548 3154 3678 3441 4173 
14549 1726 3415 3606 3683 
14550 1993 1981 2123 3875 
14551 3084 3728 3378 4090 
14552 3445 3830 3143 3902 
14553 704 3360 3632 4057 
14554 3153 3520 3405 3779 
14555 3084 3604 3371 4004 
14556 3098 3905 3357 4119 
14557 1354 3589 1372 4120 
14558 3077 3882 3437 4114 
14559 1668 3788 3283 3996 
14560 1028 1032 970 4058 
14561 799 3498 797 4177 
14562 1631 1659 1485 3445 
14563 3333 3732 85 3820 
14564 3516 3107 3603 3936 
14565 3190 3687 3566 3745 
14566 1404 3374 1409 3999 
14567 3295 3102 3663 3750 
14568 1212 3568 3411 4030 
14569 1178 1186 3863 4005 
14570 1933 1090 1058 3993 
14571 814 832 867 3329 
14572 3435 3467 3170 3861 
14573 3287 3058 3840 4047 
14574 634 517 1405 3402 
14575 3198 3649 3256 3817 
14576 3048 3300 3757 3798 
14577 3147 3780 3742 3862 
14578 2189 3451 1930 3860 
14579 3523 3960 3390 4140 
14580 1243 3280 3818 4172 
14581 3181 3759 3718 4082 
14582 873 842 858 3853 
14583 297 3637 3311 3743 
14584 948 912 947 3358 
14585 1744 1595 3564 3874 
14586 3304 3843 3235 3909 
14587 513 3528 1481 4098 
14588 3333 3686 3554 4016 
14589 3099 3797 3397 4056 
14590 3393 3900 3135 3906 
14591 1020 966 1021 3776 
14592 1136 1134 3609 4175 
14593 598 530 627 3404 
14594 2114 1935 2038 3448 
14595 1874 2228 2105 4173 
14596 1544 1543 1555 3874 
14597 1386 3737 1383 4213 
14598 1687 3575 1608 3733 
14599 3110 3794 4034 4192 
14600 3114 3427 3398 3704 
14601 1136 1134 1156 3609 
14602 3288 1881 4058 4095 
14603 3219 3758 3288 4095 
14604 3050 3610 3513 3859 
14605 688 725 88 3577 
14606 1405 629 1401 4039 
14607 917 837 919 3615 
14608 1196 3596 3466 3888 
14609 1742 1282 1294 3518 
14610 798 876 873 3853 
14611 619 610 509 3688 
14612 1508 1483 1659 4142 
14613 1185 3434 1186 4005 
14614 1983 1950 2020 3431 
14615 3165 3405 3560 3984 
14616 1423 1737 1259 3994 
14617 1822 3385 1524 3944 
14618 3094 3499 3613 4168 
14619 3096 3678 3407 4028 
14620 3495 3154 3833 4173 
14621 3315 3812 1671 4064 
14622 2173 1860 2166 3565 
14623 3161 3629 3389 4203 
14624 3266 3138 3532 3979 
14625 1457 1816 3634 3901 
14626 1016 1034 3438 4018 
14627 3361 3147 3742 4199 
14628 3085 3686 3494 3984 
14629 3100 3689 3257 4210 
14630 3160 3599 3443 4202 
14631 3614 3955 3312 4155 
14632 3483 3121 3923 4211 
14633 1218 3355 1109 4165 
14634 3263 3591 3132 3648 
14635 2130 2255 1891 4021 
14636 3146 3898 3349 4041 
14637 2089 2071 2090 4045 
14638 1428 1753 3296 3956 
14639 3165 3560 3405 3847 
14640 2252 1954 2185 3363 
14641 1913 3958 1914 4068 
14642 3431 4126 3145 4200 
14643 2002 3457 1997 3931 
14644 3089 3362 3489 3825 
14645 3044 3974 3786 4186 
14646 1234 1259 1279 3519 
14647 1952 1871 2045 3326 
14648 3529 3876 3174 4136 
14649 3284 3663 3952 4100 
14650 1357 3728 3531 4011 
14651 1637 3563 1678 3869 
14652 3144 3617 3294 3911 
14653 3105 3425 3977 4130 
14654 3103 3502 4050 4197 
14655 3356 3982 3511 4045 
14656 767 2184 1851 3906 
14657 992 993 994 3816 
14658 3159 3625 3828 4167 
14659 3154 3441 3833 4173 
14660 2245 1900 2116 4048 
14661 1779 1590 1608 3575 
14662 101 712 724 3671 
14663 588 545 594 4079 
14664 3460 3824 1560 4214 
14665 1176 1156 3609 3922 
14666 1310 1308 1309 4150 
14667 2019 2079 3464 3893 
14668 3139 3634 3305 3904 
14669 633 642 680 3462 
14670 712 3671 3322 4094 
14671 894 828 3680 4134 
14672 1852 675 668 3803 
14673 2042 1093 2163 4121 
14674 3447 3525 3118 4205 
14675 3060 3892 3243 4034 
14676 3071 3459 3452 4084 
14677 2071 2089 2061 3412 
14678 525 4066 3249 4104 
14679 1668 1516 3788 3996 
14680 2059 3577 3817 3873 
14681 3196 3851 3685 4103 
14682 1176 1192 1156 3922 
14683 3308 4149 3864 4164 
14684 825 829 900 4006 
14685 3136 3284 3879 4100 
14686 3277 3660 3076 4190 
14687 1151 3997 1145 4037 
14688 3115 3560 3269 4139 
14689 633 2269 2246 3462 
14690 3129 3646 3538 4042 
14691 3114 3991 3250 4016 
14692 3446 3690 3297 3920 
14693 2275 2045 3326 4007 
14694 3182 3380 3588 4074 
14695 3132 3275 3884 4038 
14696 3939 4204 620 4215 
14697 3418 3701 3085 3773 
14698 3215 3249 4104 4215 
14699 879 3615 831 3850 
14700 1197 3997 1151 4037 
14701 740 750 3386 3871 
14702 1590 3575 1779 4012 
14703 3396 3543 3074 3792 
14704 2222 2011 2028 3593 
14705 2006 3581 2192 3847 
14706 1651 3452 1496 3885 
14707 3247 3667 202 3735 
14708 1256 4172 3368 4193 
14709 3381 3449 3106 3848 
14710 575 513 1481 4098 
14711 1143 3997 1142 4083 
14712 1562 1564 1745 3796 
14713 3078 3265 3770 4106 
14714 847 870 864 3579 
14715 1678 1787 1794 3320 
14716 680 667 2198 3462 
14717 3106 3657 3257 4210 
14718 1684 3274 3672 3890 
14719 3244 3111 3647 4170 
14720 3111 3244 3647 3949 
14721 1028 3410 1032 4058 
14722 3110 3555 3268 4192 
14723 3114 3841 3241 3991 
14724 1725 3449 1718 3776 
14725 576 602 510 3584 
14726 1841 3648 4117 4133 
14727 3661 3725 3132 3976 
14728 3660 3723 3076 4190 
14729 783 2203 872 3771 
14730 1883 1872 2272 3432 
14731 1438 1642 3784 3966 
14732 3495 3822 3154 4173 
14733 3441 3678 2105 4173 
14734 1428 1753 1599 3547 
14735 3382 3594 3091 4101 
14736 3691 3836 3174 4170 
14737 1063 1060 1062 3865 
14738 1035 3956 3774 4216 
14739 1778 1589 1648 3255 
14740 1821 3895 3401 3916 
14741 1536 1547 1546 3943 
14742 3117 3270 3957 4032 
14743 1179 2243 1109 3752 
14744 3054 3435 3945 4114 
14745 3121 3394 3546 4211 
14746 2253 3592 2087 4091 
14747 3333 3085 3701 3773 
14748 3320 3889 3609 3922 
14749 3065 3710 3313 3754 
14750 3179 3596 3343 3950 
14751 3476 3233 3882 4217 
14752 1971 1970 3663 4081 
14753 1843 1456 1439 3354 
14754 1808 1610 3887 4130 
14755 3152 3807 3477 4077 
14756 1866 2161 2121 3377 
14757 3150 3373 3810 3926 
14758 1700 1714 1781 3763 
14759 552 3437 553 4217 
14760 3654 3983 3229 4124 
14761 908 2268 769 3549 
14762 979 978 982 3856 
14763 973 974 3748 4053 
14764 563 3780 549 3862 
14765 1093 1056 1081 4121 
14766 3169 3723 3660 4190 
14767 1227 1164 1097 4033 
14768 2024 2055 2022 3731 
14769 1083 1055 1092 3394 
14770 1117 1119 3777 4051 
14771 2130 3224 4021 4209 
14772 1991 1986 1988 3486 
14773 648 3488 649 3979 
14774 3306 3113 3500 4113 
14775 870 864 3579 4111 
14776 1033 1024 2162 3565 
14777 3272 3659 3351 4182 
14778 1485 1630 1631 3445 
14779 885 811 898 3439 
14780 1922 3779 2101 4072 
14781 1297 3927 3691 4136 
14782 3047 3257 3657 3707 
14783 2211 1877 812 3535 
14784 3275 3725 3132 3884 
14785 2232 785 3424 3963 
14786 1776 777 1447 3500 
14787 1848 3923 3546 4211 
14788 1142 1140 1157 3888 
14789 3392 3093 3444 3846 
14790 1774 1450 1699 3444 
14791 3107 3343 3596 3950 
14792 3545 3834 3237 4101 
14793 1118 3475 3756 4051 
14794 3084 3945 3244 4170 
14795 877 865 3497 4113 
14796 3293 3141 3605 3850 
14797 3111 3836 3691 4170 
14798 1287 3637 3479 4062 
14799 1678 1787 3320 3922 
14800 3326 3085 3686 3773 
14801 543 545 544 4079 
14802 3997 4037 3228 4070 
14803 3390 3559 3219 3894 
14804 1608 3275 1505 3733 
14805 1332 1318 1281 3683 
14806 1608 3414 1553 3884 
14807 3055 3723 3832 3855 
14808 3157 3591 3263 4133 
14809 3151 3394 3642 4188 
14810 3169 3792 3396 4190 
14811 2243 3355 2055 4165 
14812 1959 2078 2155 3749 
14813 599 508 600 3361 
14814 105 3785 3262 4198 
14815 3088 3471 3513 3610 
14816 1641 1644 1803 3751 
14817 3528 3621 3120 4181 
14818 1502 3740 3354 4179 
14819 678 640 669 3733 
14820 1015 966 1020 3776 
14821 3426 3659 1332 3804 
14822 3359 3655 3205 3747 
14823 1859 2177 2139 3436 
14824 1139 1149 3837 4096 
14825 1513 3483 1493 3961 
14826 1870 1951 2043 3345 
14827 3316 3951 3123 3965 
14828 3128 3715 3617 3937 
14829 2117 2118 2224 3495 
14830 3312 3614 3125 3955 
14831 894 838 788 3866 
14832 871 800 809 3867 
14833 2058 3960 3424 4161 
14834 1279 1267 1251 3826 
14835 2025 3718 3565 3957 
14836 3306 3570 3104 3775 
14837 3084 4054 3378 4170 
14838 3082 3893 3464 4151 
14839 1034 1037 1016 3438 
14840 1577 953 1834 3491 
14841 1166 3675 1222 4096 
14842 2040 1936 2032 3872 
14843 802 801 799 3359 
14844 2261 2042 2163 4121 
14845 3384 3668 3208 3707 
14846 3532 3661 3176 3786 
14847 3091 3594 3382 3812 
14848 1621 1531 3776 3921 
14849 3306 3500 3113 3924 
14850 1564 1565 1566 3796 
14851 1456 1843 1502 3354 
14852 3091 3594 3574 4101 
14853 3369 3800 3134 3842 
14854 1790 1444 1785 3458 
14855 3123 3874 3316 3965 
14856 3202 3832 3723 3855 
14857 2082 2227 1901 3932 
14858 1573 3618 1584 3824 
14859 1741 1767 3528 4181 
14860 3474 3227 3625 4031 
14861 3143 3671 3632 4094 
14862 3104 3330 3953 4029 
14863 874 801 803 3655 
14864 1200 1195 1114 3425 
14865 3240 3951 3748 3965 
14866 603 3584 3388 3938 
14867 3447 3801 3250 4145 
14868 86 3554 3333 3773 
14869 1545 1542 1715 3570 
14870 2118 1975 2119 3495 
14871 3365 3650 3109 3856 
14872 1469 1817 1609 4020 
14873 1762 1761 1576 3699 
14874 3182 3692 3548 3843 
14875 3138 3454 3429 3974 
14876 3243 3063 3902 3920 
14877 1645 1435 1718 3449 
14878 2092 2202 1898 4157 
14879 3211 3680 3562 4069 
14880 1685 3971 1470 4022 
14881 2016 2000 3467 3861 
14882 3301 3765 3184 4036 
14883 3199 3272 3857 4150 
14884 1833 1352 1523 3401 
14885 3561 3818 3280 3838 
14886 2231 2018 2105 3678 
14887 1340 1328 3337 4156 
14888 835 3506 834 4134 
14889 974 972 973 3748 
14890 3580 3833 562 4078 
14891 811 897 886 3357 
14892 3522 3845 3347 3935 
14893 3102 3750 3295 4025 
14894 2034 1947 2271 3335 
14895 1429 3312 1752 3916 
14896 531 524 532 3807 
14897 2271 3886 2050 4144 
14898 3142 3572 4091 4152 
14899 1607 1589 3971 4073 
14900 540 565 538 3891 
14901 1577 915 953 3491 
14902 1427 1101 1804 3569 
14903 1894 1338 1285 3669 
14904 1828 1619 1617 3587 
14905 3128 3385 3944 4086 
14906 3400 3112 3523 3960 
14907 1395 1394 1376 3999 
14908 2101 2024 1946 4072 
14909 881 788 1740 3866 
14910 3078 3409 3609 3889 
14911 588 593 563 3742 
14912 3474 4031 3625 4052 
14913 3250 3801 3991 4145 
14914 968 1035 3385 3956 
14915 3266 3661 3132 3976 
14916 774 859 878 3375 
14917 3528 3811 3279 4098 
14918 962 3350 1858 3716 
14919 3205 3747 3655 4119 
14920 968 1030 1044 3385 
14921 3123 3253 3874 3965 
14922 103 102 3690 4094 
14923 1826 3491 1740 3866 
14924 3158 3398 3959 4153 
14925 3048 3525 3447 4205 
14926 1436 1728 1732 3426 
14927 1522 1441 83 3427 
14928 1477 1451 3640 4084 
14929 1423 1259 3519 3994 
14930 104 684 103 3446 
14931 3078 3744 3265 4106 
14932 1654 1653 1507 3696 
14933 585 554 561 3811 
14934 2213 2075 2187 4110 
14935 2256 2168 3465 3981 
14936 1588 1798 1667 3970 
14937 1206 1230 1115 3456 
14938 2032 2036 1967 3872 
14939 3185 3292 4103 4212 
14940 841 3400 2229 4161 
14941 3138 3448 3979 4035 
14942 3118 3699 3826 4047 
14943 1888 1871 1887 3418 
14944 683 1868 2154 3616 
14945 1402 1411 1374 3379 
14946 2132 3652 2200 3981 
14947 1641 3751 1803 3968 
14948 1797 3434 1185 4005 
14949 526 3313 3988 4066 
14950 1622 1728 3683 4122 
14951 934 956 914 3944 
14952 3411 3142 3844 4152 
14953 1184 1212 3568 4138 
14954 3156 3593 3482 4017 
14955 2158 3438 2052 4018 
14956 1397 1333 1286 3789 
14957 1706 3796 1566 3827 
14958 3333 3114 3820 3959 
14959 2059 1887 3577 3873 
14960 3389 3629 3161 4156 
14961 3453 4014 3420 4183 
14962 733 771 759 3711 
14963 85 3554 637 3732 
14964 1197 1151 1211 4037 
14965 3105 3977 3561 4147 
14966 3351 3954 1305 3985 
14967 2277 1852 668 3803 
14968 1458 3398 1845 4153 
14969 594 3580 562 4078 
14970 3112 3400 3523 3912 
14971 2172 3371 2135 4004 
14972 610 623 3406 4064 
14973 3703 3831 3237 3989 
14974 3318 3563 1679 4067 
14975 3144 3267 3618 3880 
14976 3344 3558 3488 4191 
14977 942 2007 955 3465 
14978 1513 3483 3961 4109 
14979 1121 3845 3271 3935 
14980 1983 3431 2020 4126 
14981 3433 3633 3091 3891 
14982 3452 3544 3159 3746 
14983 955 907 917 3465 
14984 625 505 609 3458 
14985 1714 1551 1692 3903 
14986 597 500 3344 4208 
14987 2239 1103 1223 3940 
14988 1155 1186 1185 3434 
14989 3187 3826 3699 4047 
14990 3356 3511 3228 4157 
14991 2200 3652 2014 3981 
14992 3244 3111 3836 3949 
14993 1552 1692 1549 3739 
14994 3094 3417 3613 3915 
14995 1803 1662 3968 4005 
14996 1797 1644 1446 3434 
14997 868 3553 825 4006 
14998 1556 1558 1561 3729 
14999 1061 1060 1051 3299 
15000 1004 3565 1036 3745 
15001 3064 3494 3300 4097 
15002 3074 3396 3792 4190 
15003 3351 3659 1306 3954 
15004 3328 3679 3276 4079 
15005 83 84 666 3427 
15006 922 921 929 4044 
15007 2165 2026 2161 3370 
15008 3637 3831 3479 4062 
15009 3378 4054 3647 4170 
15010 3244 3836 3111 4170 
15011 1942 2099 1941 4028 
15012 1502 3354 1843 4179 
15013 3572 3910 1215 4030 
15014 936 930 921 3506 
15015 1055 1083 1080 3394 
15016 3201 3639 3422 4048 
15017 3453 3892 3080 3920 
15018 1705 3614 3895 3916 
15019 1133 3631 1152 4138 
15020 1473 3459 1453 4084 
15021 3049 3303 3505 4001 
15022 3059 3842 3674 3998 
15023 3132 3661 3266 3786 
15024 1790 3458 1690 3967 
15025 2020 3431 1950 4075 
15026 1346 1296 3312 4136 
15027 3082 3285 3805 4099 
15028 881 1740 3491 3866 
15029 3192 3409 3744 3889 
15030 1133 1135 3631 4175 
15031 3718 3759 3323 4082 
15032 2016 3861 3467 4159 
15033 1737 1240 1259 3994 
15034 3442 3851 3221 4103 
15035 3185 3851 3442 4103 
15036 1154 1123 1121 3845 
15037 1030 3385 1035 4216 
15038 1627 3688 3406 4146 
15039 1610 3425 3887 4130 
15040 3267 3128 3760 3944 
15041 671 660 3917 4127 
15042 3109 3438 3791 3878 
15043 3067 3286 3808 4176 
15044 1839 1815 1764 3733 
15045 3348 3565 3117 3957 
15046 1684 1607 3274 3890 
15047 3091 3633 3433 3978 
15048 2033 3761 3429 4132 
15049 3227 4099 3450 4151 
15050 3258 3858 3557 4174 
15051 894 3680 826 4069 
15052 666 670 3587 4024 
15053 1329 3630 1330 4171 
15054 3149 3383 3721 4068 
15055 533 511 581 3339 
15056 1398 1414 1377 3929 
15057 1716 1581 1527 3504 
15058 3263 3841 3157 4133 
15059 3220 3617 3294 4044 
15060 573 590 562 3833 
15061 3103 3395 3739 4089 
15062 3111 3913 3389 4203 
15063 981 977 979 3856 
15064 3104 3330 3570 3953 
15065 3607 3868 3093 3949 
15066 3218 3417 3613 4168 
15067 849 899 3600 4194 
15068 3097 3831 3703 3989 
15069 3077 3530 3868 4000 
15070 3085 3520 3405 3984 
15071 1278 3366 1268 4093 
15072 1686 1828 3725 3884 
15073 637 672 673 4127 
15074 1495 1517 1840 3524 
15075 840 2238 3586 3963 
15076 3046 3692 3843 3934 
15077 3174 3836 3691 4155 
15078 3351 3630 3272 4182 
15079 901 3376 860 4131 
15080 570 622 612 3395 
15081 2246 514 633 3462 
15082 3093 3781 3437 3868 
15083 1464 1720 1726 3683 
15084 1948 2095 1926 4027 
15085 2232 1895 2058 3424 
15086 3302 3719 1384 4039 
15087 3184 3527 3478 3852 
15088 3462 3932 3145 4126 
15089 1244 1258 1263 4055 
15090 3118 3578 3287 3826 
15091 3255 3928 3539 4022 
15092 1473 1495 1475 3885 
15093 2012 1955 3391 3894 
15094 3284 3809 3203 3822 
15095 1906 1928 1930 3793 
15096 3047 4029 3657 4107 
15097 1832 1756 968 3385 
15098 831 879 837 3615 
15099 3178 3818 3561 3838 
15100 1127 3910 1172 4162 
15101 3210 3868 3607 4000 
15102 858 842 841 3400 
15103 3111 3691 3836 4155 
15104 3117 3565 3348 4116 
15105 974 976 977 4053 
15106 3056 3474 3487 3689 
15107 102 3322 3690 4094 
15108 3094 3613 3417 4168 
15109 3170 3682 3324 4042 
15110 1215 1177 3572 4030 
15111 641 666 670 3587 
15112 1104 1215 1177 3572 
15113 1514 1537 1513 4109 
15114 2035 3373 2179 3993 
15115 1035 3385 3956 4216 
15116 2186 2250 1953 3374 
15117 1376 1399 352 1892 
15118 1754 1422 639 3725 
15119 647 645 646 3558 
15120 3630 4100 3377 4171 
15121 544 569 559 3679 
15122 1726 1646 1533 3606 
15123 1677 1678 1794 3869 
15124 189 914 939 1719 
15125 740 750 766 3386 
15126 3192 3889 3744 4141 
15127 3595 3642 3247 4184 
15128 3151 3642 3595 4184 
15129 1398 346 1722 1377 
15130 1457 1433 1441 3305 
15131 1035 1001 3774 3956 
15132 3841 3991 3114 4016 
15133 922 925 924 4044 
15134 1608 1686 3275 3884 
15135 2008 2265 2169 3388 
15136 1923 2006 2192 3847 
15137 1331 1344 1319 3389 
15138 2057 2231 1896 3399 
15139 3109 3768 3365 3856 
15140 1799 3812 3406 4064 
15141 1410 1374 1411 3379 
15142 3139 3901 3251 3909 
15143 1458 3626 3398 4153 
15144 587 615 504 3444 
15145 3712 4031 3172 4151 
15146 1991 4013 3486 4199 
15147 2273 2041 298 4093 
15148 2100 2023 2093 3721 
15149 2077 3410 2147 4058 
15150 1134 1132 3609 3889 
15151 3361 3486 3147 4199 
15152 1213 1219 3752 3914 
15153 618 530 529 3754 
15154 3107 3596 3343 3888 
15155 3139 3843 3304 3909 
15156 3225 3620 3521 4015 
15157 729 3375 738 4131 
15158 3098 3655 3747 4119 
15159 1937 3420 1913 4068 
15160 3612 4031 3081 4052 
15161 3149 3420 4014 4183 
15162 3083 3756 3475 4051 
15163 3121 3681 3394 4211 
15164 293 3354 294 4179 
15165 3459 3595 3151 3727 
15166 1706 3389 1745 3796 
15167 3215 3372 3939 4012 
15168 919 837 906 3615 
15169 3210 3787 3276 3907 
15170 1270 1236 1269 3602 
15171 2230 3960 2058 4161 
15172 1622 1726 1535 3606 
15173 1399 2152 352 1892 
15174 3286 3338 3739 4176 
15175 3737 3814 3126 4213 
15176 3450 4031 3227 4151 
15177 666 84 663 3732 
15178 1691 1448 1781 3638 
15179 3166 3974 3946 4164 
15180 646 645 636 4208 
15181 1747 1019 1023 3547 
15182 818 3497 827 4006 
15183 1996 1997 2002 3457 
15184 1814 1838 1765 3711 
15185 1241 1268 1278 3366 
15186 1583 1560 3824 4214 
15187 1197 3601 1141 3997 
15188 2034 3335 2271 4144 
15189 1438 3784 1729 3966 
15190 3540 3047 3800 3912 
15191 1884 1910 1909 3899 
15192 1888 1887 1918 3873 
15193 2201 2138 2257 3814 
15194 533 3932 3339 3988 
15195 549 551 550 3780 
15196 3166 4075 3431 4164 
15197 3140 3675 3356 4096 
15198 1289 1343 1748 3916 
15199 2106 3369 1966 4207 
15200 3665 3702 3358 4163 
15201 3767 3941 3133 4061 
15202 1239 4172 1256 4193 
15203 1513 3923 3483 4109 
15204 1111 1182 1810 3887 
15205 1266 1257 1263 3977 
15206 3589 3804 1310 4150 
15207 3354 3576 3187 3740 
15208 2090 2092 2091 3511 
15209 1670 3967 1536 4143 
15210 1133 1135 1152 3631 
15211 3355 4037 3598 4128 
15212 1930 2270 2049 3429 
15213 3779 3980 2101 4072 
15214 935 946 947 3665 
15215 908 769 735 3549 
15216 1601 1537 3736 3923 
15217 3411 3568 3142 4030 
15218 755 728 103 3656 
15219 3127 3577 3548 3992 
15220 1933 1058 2206 3993 
15221 1728 1281 1464 3683 
15222 1959 1961 1960 3749 
15223 666 3732 663 4024 
15224 3553 3636 3197 3708 
15225 3086 3416 4102 4135 
15226 913 931 932 4021 
15227 1149 1222 3837 4096 
15228 3565 3745 1004 4116 
15229 3388 3126 3814 4213 
15230 3106 3707 3657 4210 
15231 3136 4100 3630 4171 
15232 1007 1039 3542 3915 
15233 3218 3613 3499 4168 
15234 1698 1699 1773 3846 
15235 3048 3447 4145 4205 
15236 3073 3349 3790 4049 
15237 1850 2163 1081 3551 
15238 1097 1162 1163 3455 
15239 643 87 88 3917 
15240 1208 1221 1166 3356 
15241 3299 3741 3121 4188 
15242 606 3344 500 4118 
15243 1533 1534 1535 3606 
15244 3159 3828 3524 4167 
15245 1725 1531 1529 3381 
15246 3079 3649 3362 3896 
15247 881 1740 1834 3491 
15248 3589 3683 1318 3804 
15249 1517 3524 1495 3885 
15250 741 739 740 3342 
15251 1793 1426 854 3539 
15252 2147 2077 2156 3410 
15253 3286 3823 3338 4176 
15254 1975 3495 2117 4081 
15255 3610 3869 3175 4141 
15256 3273 3897 3062 3936 
15257 2200 2132 2014 3652 
15258 200 3595 201 3829 
15259 1053 1077 1089 3373 
15260 3232 3736 3334 4020 
15261 3142 3910 3568 4092 
15262 2012 1955 2095 3391 
15263 1473 1453 1452 4084 
15264 3155 3662 4102 4135 
15265 653 651 650 3661 
15266 653 3661 650 3976 
15267 1929 4075 1949 4132 
15268 1377 346 1722 1462 
15269 3136 3377 4100 4171 
15270 1979 2143 1981 3674 
15271 3086 3416 3743 4102 
15272 1635 1642 1638 3784 
15273 3396 3504 3087 3706 
15274 3294 3673 3220 3849 
15275 581 520 523 3482 
15276 1977 1966 2106 3369 
15277 3799 3975 3285 4060 
15278 1893 2052 2158 3438 
15279 3203 3809 3284 3879 
15280 914 189 1461 1719 
15281 1355 1292 1350 3374 
15282 3429 3761 3138 3974 
15283 3063 3902 3268 4201 
15284 1440 1521 101 4002 
15285 3183 3795 4050 4197 
15286 3213 3420 4009 4183 
15287 3236 4080 3541 4092 
15288 3662 3946 3490 4135 
15289 2100 1944 3721 4015 
15290 1519 3648 1604 3884 
15291 3122 3810 3373 3926 
15292 3053 3507 3537 4025 
15293 3078 3563 3352 3869 
15294 3295 3537 3068 3952 
15295 1070 1064 1067 3810 
15296 1256 1243 3818 4172 
15297 3598 4037 3177 4128 
15298 1632 1634 1677 3869 
15299 3126 3584 3476 3938 
15300 1420 1618 1829 4087 
15301 1090 1933 2179 3993 
15302 3082 3805 3285 3975 
15303 1946 1967 1945 4072 
15304 606 597 500 3344 
15305 1456 1476 1474 3543 
15306 779 2238 1856 3586 
15307 1208 3356 1166 4096 
15308 3271 3845 3522 3935 
15309 1167 1151 1145 4037 
15310 1042 3363 967 4163 
15311 1669 1594 1514 4109 
15312 3082 3893 3391 3942 
15313 2242 1899 2244 3419 
15314 3213 3892 3420 4183 
15315 1903 3758 3514 4027 
15316 1621 1531 1725 3776 
15317 1203 1082 4008 4033 
15318 3173 3501 3476 3597 
15319 3227 3942 3747 4099 
15320 2094 2234 2086 4091 
15321 3072 3262 3785 4014 
15322 1344 3389 1331 4156 
15323 1692 3739 1552 3903 
15324 1508 1660 1661 3643 
15325 3105 3561 3838 4147 
15326 1859 2139 2181 3436 
15327 917 919 933 3615 
15328 3362 3649 3079 3825 
15329 2085 1913 1937 4009 
15330 946 918 943 3363 
15331 1346 3876 3312 3916 
15332 1352 3401 1347 3916 
15333 3185 4103 3442 4212 
15334 836 790 179 2168 
15335 1101 1198 1193 3569 
15336 1191 1100 1196 3466 
15337 796 3963 840 4177 
15338 3189 4140 3878 4207 
15339 1434 1629 1459 3671 
15340 586 550 552 3781 
15341 745 757 742 3550 
15342 3261 3808 3286 4176 
15343 659 639 1422 3725 
15344 845 3881 3260 4059 
15345 3531 3728 3604 4011 
15346 3069 3307 3860 3917 
15347 3228 3997 3601 4037 
15348 3262 3958 3420 4014 
15349 1929 1950 1949 4075 
15350 2199 769 2268 3549 
15351 1252 1274 1262 3977 
15352 1621 3776 3325 3921 
15353 3045 3828 3625 4167 
15354 3430 3726 687 4198 
15355 3097 3749 3407 3989 
15356 3276 3787 3137 3907 
15357 881 788 160 1740 
15358 1504 3274 1607 3971 
15359 3479 3637 1287 4187 
15360 3142 3572 4080 4091 
15361 2134 1860 2173 3323 
15362 3181 3718 3677 4082 
15363 624 566 565 3891 
15364 2213 3430 1864 4169 
15365 1560 1701 3460 4214 
15366 1802 1468 3466 4123 
15367 1470 1793 789 4022 
15368 1914 4015 1917 4068 
15369 1508 3643 1669 4142 
15370 692 3676 3332 3966 
15371 1952 2045 2046 3860 
15372 3288 203 3735 4043 
15373 3077 3653 3361 3658 
15374 3183 3590 3510 4197 
15375 3288 4058 3782 4095 
15376 687 702 3726 4166 
15377 2146 2059 2148 3577 
15378 2077 3782 3410 4058 
15379 3511 3412 4045 4129 
15380 2093 3383 4009 4068 
15381 3117 3387 3677 4032 
15382 3218 3816 3417 4168 
15383 3069 3860 3326 3917 
15384 854 1426 782 3539 
15385 1578 1741 1835 3402 
15386 3249 3819 3477 4077 
15387 671 660 643 3917 
15388 3184 3772 3527 3852 
15389 972 3748 975 3951 
15390 968 3385 1756 3956 
15391 1512 1534 3382 4143 
15392 3209 3919 3550 4063 
15393 3764 4062 1312 4150 
15394 1646 1726 1720 3415 
15395 855 796 840 4177 
15396 796 799 797 4177 
15397 802 3359 799 4177 
15398 3562 3680 3289 4069 
15399 3067 3823 3286 4176 
15400 1920 2089 1918 3873 
15401 3130 3716 3363 4209 
15402 1930 3451 2096 3793 
15403 3711 3730 3376 4131 
15404 2252 4021 3363 4209 
15405 858 3400 841 4161 
15406 3243 3877 3541 3892 
15407 3160 3563 3318 4067 
15408 3269 3731 3153 4072 
15409 1216 1214 1152 4138 
15410 1522 83 679 3427 
15411 1773 3444 1450 4098 
15412 3392 3638 3137 3763 
15413 1138 1191 1196 3596 
15414 3304 3127 3548 3992 
15415 83 723 713 3634 
15416 901 860 792 4131 
15417 604 632 1381 3388 
15418 856 3422 839 4048 
15419 1809 1626 1811 4020 
15420 2185 2252 3363 4209 
15421 3049 3408 3517 3644 
15422 707 688 87 3992 
15423 1132 1176 3609 3889 
15424 3177 4037 4070 4128 
15425 504 3444 614 4098 
15426 1850 2278 2112 3551 
15427 3208 3668 3384 3962 
15428 1515 1576 1682 3536 
15429 1295 1294 1282 3518 
15430 3045 3612 4160 4212 
15431 3145 3488 3448 4035 
15432 826 3680 823 4069 
15433 3536 3801 3158 4065 
15434 1326 1322 3728 3927 
15435 1693 1596 1733 3337 
15436 1820 1639 1819 3599 
15437 1655 1802 1709 3695 
15438 3658 3882 3233 4217 
15439 1286 1348 1371 3379 
15440 1112 1469 1116 4020 
15441 1070 3373 1089 3810 
15442 536 538 560 3633 
15443 3053 3647 4203 4206 
15444 3063 3297 3690 3920 
15445 994 1001 1025 3774 
15446 3155 3416 3793 4135 
15447 1677 3869 1794 4125 
15448 2115 2258 1851 3906 
15449 1150 1170 1171 3839 
15450 653 665 681 3976 
15451 1644 3434 1797 4005 
15452 683 2154 709 3616 
15453 555 602 557 3476 
15454 1849 1682 1683 3519 
15455 1763 1760 1663 3681 
15456 1209 1103 3485 3940 
15457 1068 1079 1096 3654 
15458 3507 3952 3102 4182 
15459 1412 3737 1386 4213 
15460 3467 3126 3814 4159 
15461 962 2178 1040 3716 
15462 2064 2144 2062 3645 
15463 1826 1740 1766 3866 
15464 564 561 556 3597 
15465 2043 2044 2188 3969 
15466 3095 3918 3278 4168 
15467 1367 1293 1352 3401 
15468 3268 3968 3110 4192 
15469 1305 3815 3351 3985 
15470 3144 3680 3506 4134 
15471 2070 2061 2062 3964 
15472 1996 1995 1997 3457 
15473 1588 1530 1672 3970 
15474 3430 3628 2213 4110 
15475 3080 4169 3262 4198 
15476 2196 2076 2070 3964 
15477 2100 4015 3721 4068 
15478 3086 4102 3743 4154 
15479 659 1422 3587 3725 
15480 2153 2186 1404 3999 
15481 603 3388 604 3938 
15482 2127 2209 2128 3361 
15483 1379 1417 1405 3402 
15484 3102 3351 3630 3815 
15485 1976 1977 1978 3791 
15486 3657 4029 3180 4107 
15487 3067 3338 3823 4176 
15488 3270 3791 3348 3957 
15489 2253 4091 2141 4152 
15490 1221 3356 1208 4157 
15491 704 691 3360 4057 
15492 3102 3377 3630 4100 
15493 1963 2156 2077 3782 
15494 1956 2098 1939 3894 
15495 3099 3346 3720 3867 
15496 3459 3885 3452 4084 
15497 1600 3518 1706 3827 
15498 1986 3486 1991 4013 
15499 887 850 3720 4194 
15500 834 823 828 3680 
15501 3140 3675 3364 3964 
15502 2004 2003 2129 3753 
15503 3244 3868 3641 4114 
15504 916 954 941 3385 
15505 763 749 758 3611 
15506 3081 3432 3685 3735 
15507 2151 943 1954 4021 
15508 1223 1210 1897 3940 
15509 1134 1132 1176 3609 
15510 3185 3886 4160 4212 
15511 1173 1169 1118 3475 
15512 1691 1692 1552 3903 
15513 3105 3440 3525 3838 
15514 710 722 700 3778 
15515 1453 3459 1475 3947 
15516 2213 3628 3430 4169 
15517 1756 3385 1822 3956 
15518 1901 577 514 3932 
15519 546 548 571 3787 
15520 1048 3384 1022 3962 
15521 1137 1139 1149 3837 
15522 3514 3612 3185 4160 
15523 2024 2236 2055 3980 
15524 1067 3508 1087 3995 
15525 3143 3360 3671 3972 
15526 1353 1291 1368 3415 
15527 1529 3381 1531 4148 
15528 3096 3407 3567 4028 
15529 1779 1650 4012 4204 
15530 3115 4139 3269 4180 
15531 3051 3527 3772 3852 
15532 3047 3768 3336 3800 
15533 2102 3523 2103 4019 
15534 3562 3824 3204 3918 
15535 1115 1163 1225 3456 
15536 1715 1545 3570 3924 
15537 805 3799 3285 4060 
15538 3232 3777 3271 4051 
15539 1976 3791 2160 3878 
15540 1066 1087 1067 3508 
15541 1378 1407 1416 3401 
15542 1111 1194 1182 3887 
15543 3324 3728 1322 3927 
15544 3320 3889 1188 4071 
15545 3344 3558 3404 4208 
15546 3312 3955 3174 4155 
15547 555 3476 556 4217 
15548 2101 1922 1919 3779 
15549 864 863 3579 4113 
15550 1740 788 1482 3866 
15551 2033 2049 2270 3429 
15552 1540 1542 1545 3570 
15553 1766 1584 1713 3618 
15554 1327 3815 1305 3985 
15555 2081 2020 1950 4075 
15556 2019 2079 1948 3464 
15557 2102 2017 2103 3523 
15558 3149 4014 3453 4183 
15559 609 570 625 3458 
15560 3437 3781 3210 3868 
15561 2045 1871 2275 3326 
15562 1946 2024 2022 3731 
15563 3103 3679 3328 3795 
15564 558 586 616 3781 
15565 1326 1300 1322 3927 
15566 733 752 1765 3711 
15567 1138 3596 1196 3888 
15568 1379 3402 1393 3929 
15569 610 591 560 3633 
15570 1255 1268 1241 3366 
15571 2277 2047 1852 3803 
15572 3135 3900 3335 4112 
15573 1851 767 758 2276 
15574 2045 3860 3326 4007 
15575 675 2277 1852 668 
15576 3409 3089 3744 4106 
15577 3562 3680 3211 3911 
15578 1991 2142 4013 4199 
15579 1833 1523 1757 3401 
15580 3390 3112 3559 3960 
15581 3406 3688 3152 4146 
15582 3328 3510 3068 4003 
15583 793 910 944 3491 
15584 3447 3118 3801 4205 
15585 1474 3543 1476 4117 
15586 3161 3808 3629 4203 
15587 2242 2244 2056 3419 
15588 3045 4160 3802 4212 
15589 1481 1741 1767 3528 
15590 3140 3533 3982 4129 
15591 1788 1597 1807 3357 
15592 976 980 3962 4053 
15593 1438 1642 1729 3784 
15594 3103 3328 3679 4003 
15595 2005 2112 2111 4088 
15596 1144 1189 1146 3623 
15597 1355 1361 1325 4040 
15598 893 894 826 4069 
15599 3406 3594 3091 3812 
15600 3178 3838 3561 4147 
15601 1434 1459 1440 3322 
15602 3336 3953 3573 4029 
15603 3295 3750 3191 4025 
15604 3623 3897 3177 3997 
15605 294 295 3619 4120 
15606 1513 3961 1487 4109 
15607 1498 1519 1499 4117 
15608 3604 3728 3371 4011 
15609 692 711 708 3332 
15610 1903 3514 1926 4027 
15611 618 529 620 4215 
15612 3529 3646 3129 4042 
15613 1582 1597 1788 3905 
15614 3089 3645 3362 3825 
15615 2015 3861 2016 4159 
15616 1315 3589 1310 4150 
15617 1947 3335 2034 4112 
15618 721 684 104 3726 
15619 3535 3133 3941 4061 
15620 810 3376 901 4022 
15621 1793 1470 1648 4022 
15622 1450 504 1769 4098 
15623 1847 641 659 3587 
15624 3336 3540 3047 3800 
15625 1052 3455 1088 4033 
15626 1120 3756 1124 3935 
15627 3102 3630 3351 4182 
15628 3343 3982 3601 4096 
15629 1394 1387 1386 3737 
15630 3102 3295 3663 3952 
15631 105 721 104 4198 
15632 1894 1285 2157 3669 
15633 1124 1178 1126 3863 
15634 2052 2156 1965 3878 
15635 1610 1818 1472 3887 
15636 3183 3590 3433 3684 
15637 2059 3817 1920 3873 
15638 933 937 942 3734 
15639 1486 3961 1493 4041 
15640 1809 1609 1601 3736 
15641 1943 1917 1924 4015 
15642 3089 3631 3582 4106 
15643 3141 3465 3850 3981 
15644 1324 1361 1359 4040 
15645 3365 3962 3163 4053 
15646 1043 3358 3702 4163 
15647 3324 3174 3682 3927 
15648 3277 3619 3074 4190 
15649 3499 3717 3057 3937 
15650 3108 3824 3460 4214 
15651 1357 1356 3728 4011 
15652 84 3732 3427 3820 
15653 3047 3573 3336 3768 
15654 1798 1588 1673 3496 
15655 2076 3675 2202 4045 
15656 3053 4025 4054 4206 
15657 1601 1609 1503 3983 
15658 1742 1431 1706 3389 
15659 1996 2002 2030 3931 
15660 1612 199 1842 3727 
15661 3080 3628 3420 4169 
15662 2058 3424 1895 4161 
15663 3275 3575 3404 3733 
15664 550 586 558 3781 
15665 3070 3330 3573 3953 
15666 1069 1080 1091 3741 
15667 1005 977 981 3650 
15668 636 644 630 4118 
15669 3154 3822 3678 4173 
15670 3477 3807 3252 3883 
15671 1053 1070 1071 3993 
15672 2081 2222 2082 3593 
15673 1744 3765 1555 3874 
15674 3238 3503 4142 4201 
15675 1582 1658 1525 3905 
15676 1478 1509 1477 3640 
15677 1120 1121 1119 4051 
15678 1205 1111 1472 3887 
15679 297 1290 298 3311 
15680 1764 664 640 3733 
15681 2076 2196 1875 3675 
15682 1573 1583 1560 3824 
15683 872 2203 1879 3771 
15684 1594 3622 1514 4109 
15685 1532 3330 3990 4148 
15686 2090 2091 1938 3511 
15687 881 3491 902 3866 
15688 1520 1553 1590 3414 
15689 3380 3588 3079 3987 
15690 3070 3573 3336 3953 
15691 1655 3695 1709 4067 
15692 1541 1539 1731 3693 
15693 527 3754 3313 4104 
15694 1776 3500 1780 4185 
15695 3270 4023 3059 4032 
15696 3105 3838 3525 4147 
15697 1335 1354 1353 3683 
15698 3483 3681 1575 4041 
15699 3140 3837 3675 4096 
15700 534 578 3462 4118 
15701 3120 3597 3501 4076 
15702 1306 3659 1328 3954 
15703 1665 1512 1511 3594 
15704 1016 1037 965 3438 
15705 1074 1080 1083 3546 
15706 3155 4093 3366 4137 
15707 813 781 3535 4061 
15708 749 730 767 3906 
15709 745 3550 742 3919 
15710 1821 3401 1523 3916 
15711 3278 3717 3499 4168 
15712 3096 3567 3407 3989 
15713 3283 3798 3158 3996 
15714 3354 3740 3187 4179 
15715 3351 3507 3102 4182 
15716 3480 3709 3115 4139 
15717 1651 1496 1473 3885 
15718 2118 3833 3495 4078 
15719 3141 3615 3461 3850 
15720 3876 3916 1347 4158 
15721 3190 3745 3323 4082 
15722 1960 1962 2104 3822 
15723 3205 3655 3357 4119 
15724 3357 3655 3098 4119 
15725 1935 2114 2198 3462 
15726 707 685 727 3548 
15727 1613 1521 1440 4002 
15728 3118 3319 4010 4147 
15729 179 836 2168 1912 
15730 3150 3810 3508 3926 
15731 3235 3603 3533 3936 
15732 818 877 827 3497 
15733 3285 3975 3805 4060 
15734 3423 3827 3171 3908 
15735 3320 3869 3078 4141 
15736 1732 1548 1693 3823 
15737 3137 3763 3638 3903 
15738 3228 3601 3356 4157 
15739 3054 3646 3469 3955 
15740 3511 3982 3062 4129 
15741 3047 3657 3583 4107 
15742 945 3385 941 4086 
15743 1280 1360 1362 3370 
15744 3181 3813 3571 3973 
15745 768 752 747 3711 
15746 1567 1565 1698 3908 
15747 2135 2172 1861 3371 
15748 1348 1321 1323 3529 
15749 199 1442 1842 3727 
15750 3125 3401 3895 3916 
15751 3460 3204 3824 3918 
15752 3407 3749 3203 3989 
15753 1457 1816 1433 3634 
15754 1004 1036 995 3745 
15755 1654 1655 1653 4123 
15756 1068 1079 3654 4124 
15757 1478 1477 1451 3640 
15758 3203 3678 3407 3989 
15759 3315 3186 3967 4143 
15760 3299 3865 3667 3948 
15761 865 888 827 4113 
15762 802 3805 3359 4177 
15763 3118 3699 3519 3826 
15764 3756 3935 1120 4051 
15765 2193 3851 2190 4088 
15766 1937 4009 3420 4068 
15767 1337 1374 313 1286 
15768 2204 2208 2054 4085 
15769 3617 3715 3220 3937 
15770 3089 3631 3409 4138 
15771 1308 1332 3659 3804 
15772 3347 3839 3281 3935 
15773 1848 1680 3923 4211 
15774 1637 1688 3563 4202 
15775 2016 2015 2000 3861 
15776 1484 3961 3503 4142 
15777 3118 3826 3287 4047 
15778 3088 3676 3380 4057 
15779 943 932 946 4021 
15780 613 3528 513 4098 
15781 1740 788 160 1482 
15782 708 692 3332 3966 
15783 562 3833 592 4078 
15784 2116 1934 2199 3549 
15785 858 3853 3400 4161 
15786 3356 3675 3140 4045 
15787 3075 3864 3819 4164 
15788 3138 3974 3761 4035 
15789 1970 1975 2117 4081 
15790 1239 1204 1229 4172 
15791 1380 1409 1404 3374 
15792 3156 3482 3477 3883 
15793 1109 2243 1857 4165 
15794 3259 3879 3284 4100 
15795 1825 1710 1711 3760 
15796 1120 1124 1122 3935 
15797 3390 3523 3112 3960 
15798 2110 3581 2006 4180 
15799 1224 1215 3572 4162 
15800 1948 1984 3464 4112 
15801 1006 1041 999 3613 
15802 2076 3964 3675 4045 
15803 692 3676 3966 4057 
15804 3206 3524 3493 4167 
15805 2256 2200 2168 3981 
15806 1037 1034 979 3856 
15807 654 650 647 3558 
15808 828 835 834 4134 
15809 1613 1614 1521 4002 
15810 1492 1668 1489 3996 
15811 803 804 805 4060 
15812 2201 3584 1911 4159 
15813 3124 3290 3738 3925 
15814 3189 3697 3523 3912 
15815 1354 3415 3589 4120 
15816 564 582 583 3597 
15817 1648 1470 1778 4022 
15818 1271 3578 1251 3826 
15819 780 843 853 3556 
15820 3355 3598 3116 4128 
15821 949 3734 923 3849 
15822 2158 2052 2160 4018 
15823 1575 3681 3483 4211 
15824 1128 3635 1155 4071 
15825 1269 297 3602 4102 
15826 897 889 782 3539 
15827 915 930 3491 3880 
15828 2172 2026 2165 3370 
15829 2030 2182 3350 3931 
15830 1239 1204 4172 4193 
15831 3162 3905 3746 4119 
15832 2052 1976 2160 3878 
15833 1487 1513 1493 3961 
15834 1123 1162 1201 3777 
15835 604 631 605 3938 
15836 3048 3984 3494 4145 
15837 737 738 729 3375 
15838 3073 3806 3413 4049 
15839 2162 2166 1033 3565 
15840 1601 3736 1605 3923 
15841 3335 3900 2034 4112 
15842 824 834 879 3461 
15843 961 1738 1011 3564 
15844 1212 1214 3411 4138 
15845 2187 1864 2213 3430 
15846 929 3880 951 4044 
15847 1890 1889 1870 4169 
15848 545 543 3580 4079 
15849 3202 4154 3743 4187 
15850 1523 3401 1352 3916 
15851 1037 965 3438 4115 
15852 981 979 1034 3856 
15853 1302 1298 1301 3913 
15854 594 562 592 4078 
15855 3427 3732 3114 3820 
15856 3210 3607 3907 4000 
15857 2206 2248 2039 3456 
15858 2030 3542 2134 3759 
15859 3376 3711 3274 3730 
15860 1048 959 1022 3384 
15861 822 830 833 3870 
15862 1404 1409 1395 3999 
15863 3367 3669 3136 3764 
15864 588 3862 547 4079 
15865 3335 4160 3886 4212 
15866 650 3558 654 3976 
15867 515 603 576 3584 
15868 1180 2235 1106 4165 
15869 1459 1483 1460 3830 
15870 3547 3694 1599 4036 
15871 813 781 812 3535 
15872 1347 3876 1346 3916 
15873 3560 3651 3269 4139 
15874 3179 3582 3631 4106 
15875 1009 986 995 3745 
15876 1790 1690 1689 3967 
15877 3306 3775 3104 4111 
15878 665 3725 681 3976 
15879 3181 3571 3585 3973 
15880 2083 3758 1903 4027 
15881 937 949 913 3734 
15882 3606 3943 1535 4122 
15883 634 607 517 3402 
15884 2199 760 769 3549 
15885 604 603 515 3388 
15886 3153 3757 3520 4070 
15887 1048 3384 3962 4046 
15888 3148 3338 4122 4196 
15889 1841 3648 1519 4117 
15890 3304 3701 3127 3992 
15891 3429 3761 3166 4132 
15892 826 823 821 4069 
15893 3076 3660 3382 4101 
15894 1252 3561 1244 3977 
15895 3212 3648 3591 4117 
15896 1665 1511 1528 3594 
15897 3111 3796 3423 3949 
15898 3089 3409 3631 4106 
15899 528 606 534 3988 
15900 883 778 900 3473 
15901 1871 1865 1887 3418 
15902 3494 3984 3250 4145 
15903 1637 1636 1688 4202 
15904 1105 1207 1875 3675 
15905 2012 3894 3391 4195 
15906 1588 3496 1798 3970 
15907 3140 3533 3343 3982 
15908 1403 1391 1419 3858 
15909 3669 3764 1366 4171 
15910 1721 1822 1524 3944 
15911 3182 3676 3380 4074 
15912 1718 1725 1645 3449 
15913 1239 1229 1242 4172 
15914 1671 3967 1670 4143 
15915 819 825 868 3553 
15916 3629 3796 3389 4203 
15917 813 3535 861 3941 
15918 1084 3654 1096 3983 
15919 3333 3686 3085 3773 
15920 2058 2232 3424 3963 
15921 676 655 664 3733 
15922 833 783 872 3771 
15923 3101 3571 3708 3973 
15924 3801 4145 3447 4205 
15925 2225 1873 2221 3556 
15926 1357 1359 1334 3531 
15927 3216 4102 3662 4135 
15928 3150 3926 3408 4189 
15929 2235 4157 1106 4165 
15930 1582 3544 1658 3905 
15931 2216 2108 1877 3535 
15932 3962 4046 3163 4053 
15933 3444 3811 614 4098 
15934 893 900 778 3473 
15935 2033 2270 1949 4132 
15936 985 1003 995 4116 
15937 2064 2063 2065 3649 
15938 1004 3745 995 4116 
15939 865 827 3497 4113 
15940 1493 3483 1575 4041 
15941 1297 3691 1295 4136 
15942 3073 3790 3806 4049 
15943 2009 1924 1916 3463 
15944 1922 3847 3405 4072 
15945 3085 3520 3494 4097 
15946 1841 1500 1619 4133 
15947 3049 3468 3644 3722 
15948 582 557 605 3938 
15949 3078 3889 3320 4141 
15950 1406 1381 1415 3388 
15951 3438 3856 1037 4115 
15952 1159 3762 1200 4055 
15953 1005 975 974 3748 
15954 3191 3750 3295 4013 
15955 1608 1590 1553 3414 
15956 1164 1162 1097 3455 
15957 106 726 687 4198 
15958 3574 3723 3237 4101 
15959 2151 950 943 4021 
15960 1172 1127 1129 3910 
15961 3108 3708 3772 3918 
15962 3567 3714 3156 4028 
15963 1997 2133 2013 3700 
15964 2099 2231 2057 4028 
15965 574 1777 503 3638 
15966 3573 3953 3330 4029 
15967 1840 3524 1603 4087 
15968 3133 3535 3941 3998 
15969 3298 4110 3167 4178 
15970 3674 3998 3387 4032 
15971 3685 3851 3185 4103 
15972 3555 3643 3268 4201 
15973 1082 1084 4008 4033 
15974 692 693 3676 4057 
15975 3298 3896 3167 4110 
15976 1038 1007 1017 3542 
15977 1392 3719 1385 4174 
15978 2184 753 1934 3906 
15979 642 633 578 3462 
15980 2019 2080 2079 3893 
15981 1715 1676 1545 3924 
15982 3149 3521 3463 4015 
15983 3420 3958 3262 4169 
15984 1405 1393 3402 4039 
15985 1306 1307 1308 3659 
15986 3181 3585 3457 3973 
15987 3418 3127 3701 3992 
15988 1247 1246 1245 3818 
15989 3800 3842 3369 4023 
15990 3217 4054 4025 4206 
15991 2247 1915 2088 3628 
15992 3397 3797 3162 4056 
15993 527 4066 525 4104 
15994 3111 3423 3796 3827 
15995 575 613 513 4098 
15996 3407 3678 3096 3989 
15997 789 901 880 4022 
15998 985 984 975 3951 
15999 2044 3611 2048 4144 
16000 853 843 852 3556 
16001 3144 3866 3680 4134 
16002 3150 3993 3456 3995 
16003 1197 1141 1143 3997 
16004 824 823 834 3461 
16005 2229 3400 2103 4161 
16006 3222 3946 3662 4135 
16007 1334 1357 3531 4011 
16008 3169 3723 3574 4101 
16009 825 3553 819 4006 
16010 1213 1160 1219 3914 
16011 3319 3105 4010 4147 
16012 3243 3859 3713 3902 
16013 3502 4003 3510 4197 
16014 1413 2153 1404 3999 
16015 693 694 695 4057 
16016 3501 3597 3173 4076 
16017 1332 3426 1314 3659 
16018 3158 3283 3996 4153 
16019 816 877 815 3767 
16020 3055 3477 3864 4077 
16021 3519 3826 3699 3994 
16022 546 569 544 3679 
16023 1758 1763 1663 3349 
16024 3053 3907 3607 4000 
16025 1265 3826 1267 3994 
16026 3413 3656 3231 3690 
16027 3200 3629 3808 4203 
16028 1494 1492 1491 4153 
16029 214 1015 960 1727 
16030 588 547 545 4079 
16031 735 3549 750 3871 
16032 3699 3826 3187 3994 
16033 3045 3625 3421 4167 
16034 3226 3819 3864 4164 
16035 2133 2207 2013 3700 
16036 2257 2008 2169 3388 
16037 3271 3935 3756 4051 
16038 3996 4065 3158 4153 
16039 704 3671 712 4094 
16040 1112 1116 1202 4020 
16041 3401 1347 3916 4158 
16042 1903 1925 1926 3514 
16043 3103 3679 3395 4089 
16044 1179 1219 1113 3752 
16045 3592 4080 3213 4091 
16046 3047 3583 3697 3912 
16047 3112 3523 3697 3912 
16048 1346 3312 3876 4136 
16049 3525 3838 3178 4147 
16050 3398 3820 3114 3959 
16051 661 655 646 4208 
16052 905 774 729 4131 
16053 861 813 812 3535 
16054 1748 1343 1429 3916 
16055 3572 3910 3142 4080 
16056 2078 1959 1910 3899 
16057 527 526 525 4066 
16058 1629 3671 1666 3972 
16059 1494 1491 4065 4153 
16060 671 3532 672 4127 
16061 2043 1951 2044 3345 
16062 917 907 837 3465 
16063 1504 1684 1607 3274 
16064 600 601 3658 4085 
16065 3235 3843 3603 3909 
16066 1505 1608 1686 3275 
16067 3728 3927 3378 4090 
16068 3127 3418 3577 3992 
16069 3375 3799 3376 4131 
16070 1820 1653 1655 3695 
16071 504 575 1769 4098 
16072 1213 1179 1109 3752 
16073 3459 3727 3151 3947 
16074 3507 3952 3537 4025 
16075 1195 1205 1114 3425 
16076 1486 3503 1484 3961 
16077 721 687 702 3726 
16078 594 545 543 3580 
16079 1376 1892 1413 3999 
16080 3338 1546 3943 4122 
16081 3148 3683 3589 3804 
16082 2245 2268 908 3549 
16083 3619 4120 295 4187 
16084 940 929 951 4044 
16085 2121 1973 1971 3663 
16086 3141 3850 3293 3981 
16087 3127 3577 3418 3873 
16088 615 614 504 3444 
16089 3377 3136 3669 4171 
16090 1007 991 1039 3915 
16091 1303 1301 1313 4090 
16092 190 1461 1721 934 
16093 1575 1493 1513 3483 
16094 2275 1871 1888 3769 
16095 1269 3602 296 4102 
16096 1707 3547 1599 4036 
16097 3101 3585 3571 3973 
16098 1460 1484 3503 4142 
16099 1648 1647 1788 3539 
16100 2246 1901 514 3932 
16101 3111 3836 3827 4155 
16102 2109 1945 1967 4180 
16103 3402 3528 3120 4181 
16104 1481 1769 575 4098 
16105 727 715 707 3548 
16106 887 851 850 4194 
16107 3261 3286 4089 4176 
16108 3312 3174 4136 4155 
16109 1958 3714 1941 4028 
16110 3719 3929 1393 4039 
16111 3149 4015 3958 4068 
16112 345 1400 1723 1462 
16113 2028 3821 2237 4017 
16114 3313 4191 3145 4200 
16115 1668 1516 1593 3788 
16116 629 583 499 4039 
16117 2039 1933 2206 3993 
16118 3460 3108 3772 3918 
16119 1032 3668 3410 4115 
16120 1572 1560 1559 3694 
16121 3270 3674 3387 4032 
16122 1198 1101 1189 3569 
16123 1579 1486 1493 4041 
16124 1970 2117 1962 3822 
16125 3060 3453 3892 4183 
16126 1477 1452 1451 4084 
16127 3719 3929 3258 4174 
16128 3510 4003 3328 4197 
16129 3411 4030 3142 4152 
16130 1402 1374 313 1337 
16131 3687 3745 3190 4082 
16132 1917 4015 2100 4068 
16133 1172 3910 1215 4162 
16134 544 545 546 4079 
16135 1752 1571 1705 3614 
16136 1775 1697 1449 3473 
16137 902 3866 3491 4134 
16138 2129 2003 2014 3652 
16139 1203 1078 1082 4033 
16140 3691 3174 3927 4170 
16141 1850 1081 1077 3551 
16142 3434 3751 1644 4125 
16143 3147 3486 4013 4199 
16144 86 685 707 3992 
16145 1881 1908 3782 4095 
16146 1904 1929 1928 3509 
16147 3086 3832 3490 4154 
16148 933 923 949 3734 
16149 1986 1991 2142 4013 
16150 514 534 578 3462 
16151 1886 1906 1932 3793 
16152 200 201 3595 3642 
16153 1246 1256 1243 3818 
16154 3910 4080 3572 4162 
16155 3125 3469 3646 3955 
16156 1695 3924 3478 4185 
16157 1147 1146 1148 3403 
16158 3743 4102 3216 4154 
16159 831 837 790 3465 
16160 3154 3580 3495 3833 
16161 3215 4204 3939 4215 
16162 3731 3980 3153 4072 
16163 1517 1603 3524 3890 
16164 2077 1881 1908 3782 
16165 3117 3745 3687 4082 
16166 740 748 741 3933 
16167 964 1050 1043 3358 
16168 842 873 844 3512 
16169 1410 1397 1374 3789 
16170 3124 3292 3925 4212 
16171 815 877 818 3767 
16172 3143 3632 3446 4094 
16173 2153 2250 2186 3999 
16174 1403 1391 3858 4174 
16175 3395 3903 3739 4089 
16176 1620 1840 1603 4087 
16177 1934 2037 2115 3906 
16178 1928 3509 1929 4132 
16179 1199 1196 1100 3466 
16180 1143 1142 1144 4083 
16181 3382 3545 3076 4101 
16182 3310 4164 3431 4200 
16183 1757 1523 1821 3401 
16184 3088 3380 3676 4074 
16185 1870 1889 1864 4169 
16186 3278 3772 3708 3918 
16187 583 629 517 4039 
16188 3108 3460 3729 4214 
16189 1847 659 1422 3587 
16190 1029 1045 969 3449 
16191 1201 1117 1119 3777 
16192 519 507 3821 4017 
16193 3111 3691 3378 4170 
16194 891 3500 888 4113 
16195 103 3446 706 4094 
16196 1508 1661 1669 3643 
16197 1267 3519 1259 3994 
16198 545 3580 594 4079 
16199 1088 3654 1068 4033 
16200 2009 3463 1916 3969 
16201 940 956 928 3715 
16202 3118 3801 3699 4047 
16203 775 906 879 3615 
16204 895 888 777 3500 
16205 3361 3658 3653 4085 
16206 3313 3710 3249 4104 
16207 1540 1674 1532 3990 
16208 1741 1578 1827 3402 
16209 1144 1146 1145 3623 
16210 3161 3337 3954 4156 
16211 1573 1710 1584 3618 
16212 3174 3682 3927 4170 
16213 2246 3462 2114 3932 
16214 2238 3586 3963 4195 
16215 3469 3621 3120 4076 
16216 1499 1520 1716 3706 
16217 1460 1483 1484 4142 
16218 2106 2102 4019 4207 
16219 3266 3661 3532 3786 
16220 3375 3730 738 4131 
16221 3608 3826 3187 4047 
16222 3287 3826 3608 4047 
16223 3075 3431 4164 4200 
16224 3147 3742 3341 3862 
16225 3199 3479 3831 4062 
16226 3326 87 3773 3917 
16227 1085 1058 1072 3456 
16228 1901 2215 2082 3932 
16229 1984 2019 1948 3464 
16230 1287 3479 1358 4062 
16231 3295 3952 3102 4025 
16232 1474 1476 1498 4117 
16233 1463 1725 1718 3776 
16234 844 843 842 3881 
16235 3086 3490 3946 4135 
16236 970 203 204 4058 
16237 2140 1210 280 1104 
16238 1492 3996 1489 4153 
16239 2243 1179 1902 3752 
16240 794 795 858 4161 
16241 1971 3663 1972 4081 
16242 2252 2151 1954 4021 
16243 843 3881 845 4059 
16244 864 865 863 4113 
16245 852 843 845 4059 
16246 1994 2134 2173 3759 
16247 947 927 926 3665 
16248 1612 1842 1501 3727 
16249 538 565 560 3891 
16250 1031 1003 3650 4116 
16251 3215 3575 3414 4012 
16252 873 848 844 3512 
16253 3339 3145 3932 4126 
16254 1020 980 976 4053 
16255 694 720 701 3632 
16256 1731 1694 1541 3693 
16257 1798 1673 1796 3496 
16258 3077 3658 3437 3882 
16259 3117 3677 3718 4082 
16260 3226 3864 4149 4164 
16261 3827 3836 3171 4155 
16262 1053 1089 1070 3373 
16263 1883 2272 1931 3432 
16264 1741 3402 1827 4181 
16265 882 3549 857 4048 
16266 1289 1346 1343 3916 
16267 3391 3894 3168 4195 
16268 3102 3663 3377 4100 
16269 3161 3389 3913 4203 
16270 1448 503 1777 3638 
16271 3053 3530 3647 4054 
16272 3082 3975 3285 4099 
16273 3134 3540 3800 3912 
16274 2126 2015 3653 3861 
16275 640 90 664 1764 
16276 1601 1605 1537 3923 
16277 1278 298 2041 4093 
16278 2093 4009 1937 4068 
16279 3118 3536 3699 3801 
16280 3140 3343 3837 4096 
16281 3761 4075 3166 4132 
16282 3721 4015 3149 4068 
16283 3145 4035 3448 4126 
16284 877 865 827 3497 
16285 2033 1949 3761 4132 
16286 1683 3699 1830 3994 
16287 3674 3842 3242 3998 
16288 3110 3968 3751 4192 
16289 3305 3634 3139 3901 
16290 1136 1191 1138 3596 
16291 1109 1857 1180 4165 
16292 950 1891 913 4021 
16293 1310 3589 1318 3804 
16294 1931 3432 2272 4121 
16295 1305 3954 1304 3985 
16296 3194 3755 3877 4178 
16297 2050 3886 2044 4144 
16298 556 555 557 3476 
16299 1666 1629 1717 3671 
16300 1209 1223 1103 3940 
16301 2001 2181 2139 3835 
16302 2155 1961 1959 3749 
16303 1025 1023 998 3547 
16304 704 3632 694 4057 
16305 3388 3584 3126 3938 
16306 1876 2141 3572 4152 
16307 3340 3888 3273 4083 
16308 928 956 945 4086 
16309 3124 3335 3886 4212 
16310 2169 65 576 515 
16311 1994 1995 1996 3759 
16312 3107 3695 3466 4123 
16313 860 901 810 3376 
16314 1013 201 959 3829 
16315 2012 3893 2079 4195 
16316 894 3866 902 4134 
16317 1971 1973 1972 3663 
16318 1890 1913 1889 4169 
16319 1644 1797 1803 4005 
16320 3451 3860 2189 4007 
16321 1866 2121 2159 3377 
16322 607 1741 46 513 
16323 1096 1079 1054 3983 
16324 3474 3625 3071 4052 
16325 659 3587 681 3725 
16326 2073 2072 2194 3411 
16327 1632 1677 1640 4125 
16328 2241 3752 2040 3872 
16329 1218 4037 3355 4165 
16330 1645 1725 1529 3848 
16331 2025 1992 3718 3957 
16332 984 1018 983 3951 
16333 3525 3651 3178 3838 
16334 1400 345 1377 1462 
16335 3533 3936 3343 3982 
16336 1517 1518 1554 4073 
16337 3111 3389 3796 4203 
16338 3189 3369 3800 4207 
16339 736 737 729 3871 
16340 3125 3614 3469 3955 
16341 3060 3541 3892 4034 
16342 715 714 688 3577 
16343 691 690 704 3360 
16344 759 792 905 4131 
16345 2073 2067 2072 3844 
16346 1744 1555 1595 3874 
16347 3140 3982 3343 4096 
16348 1178 1099 1186 4005 
16349 3151 4184 3515 4188 
16350 190 1461 934 914 
16351 3494 3520 3300 4097 
16352 2246 2269 2198 3462 
16353 3724 3975 3450 4099 
16354 3080 3430 3628 4169 
16355 604 515 632 3388 
16356 86 3554 3773 3917 
16357 3565 3718 3117 3957 
16358 532 535 591 3807 
16359 652 672 671 3532 
16360 2247 2213 3628 4110 
16361 1267 3826 3519 3994 
16362 2175 2030 1858 3350 
16363 791 908 735 3549 
16364 3341 3742 3147 3930 
16365 721 687 3726 4198 
16366 2250 2137 2139 3835 
16367 1052 1087 1088 3455 
16368 1354 1318 3589 3683 
16369 2222 2028 2237 4017 
16370 2071 2061 2070 3964 
16371 3420 3892 3453 4183 
16372 706 103 684 3446 
16373 1223 1897 2239 3940 
16374 3085 3494 3520 3984 
16375 599 549 563 3780 
16376 1326 3728 1356 4090 
16377 3158 4065 3398 4153 
16378 1437 214 960 1727 
16379 1811 1107 1116 4020 
16380 1607 1554 1589 4073 
16381 1914 1917 2100 4068 
16382 1428 1599 1747 3547 
16383 1529 1510 1478 3848 
16384 3463 3958 3149 4015 
16385 813 3535 3941 4061 
16386 1501 1453 1475 3947 
16387 3819 3864 3477 4077 
16388 1035 1030 968 3385 
16389 1062 3741 1069 4124 
16390 908 882 2245 3549 
16391 1132 1188 1176 3889 
16392 2034 3900 3335 4144 
16393 2197 1875 1207 3675 
16394 3137 3638 3395 3903 
16395 3149 3420 3958 4014 
16396 3691 3927 3174 4136 
16397 774 860 859 4131 
16398 2185 3716 2131 4209 
16399 1206 1115 1225 3456 
16400 86 3917 660 4127 
16401 1865 2059 1887 3577 
16402 2143 1982 2108 3674 
16403 1084 1068 3654 4033 
16404 3200 3423 3796 3949 
16405 1476 3740 1664 4133 
16406 690 3360 691 3966 
16407 3101 3973 3708 4105 
16408 3050 3489 3744 4092 
16409 997 994 996 3774 
16410 1762 1580 3704 4065 
16411 894 828 826 3680 
16412 2279 3480 2110 4180 
16413 3080 3628 3430 4178 
16414 1493 3961 3483 4041 
16415 3103 4003 4089 4176 
16416 1808 3627 1602 4130 
16417 2197 2202 2076 3675 
16418 3414 3884 3275 4038 
16419 1078 1203 1227 4033 
16420 745 742 743 3919 
16421 589 501 573 3441 
16422 3461 3211 3680 3911 
16423 1547 1689 1552 3739 
16424 818 825 819 4006 
16425 787 856 839 4048 
16426 1126 1186 1128 3863 
16427 1300 3691 1297 3927 
16428 3086 3666 3509 4149 
16429 1686 1828 1422 3725 
16430 3124 3886 3442 4212 
16431 1413 1892 2153 3999 
16432 642 658 3462 4118 
16433 822 824 830 3850 
16434 2198 667 96 662 
16435 926 925 928 3715 
16436 3143 3322 3671 4094 
16437 3078 3610 3744 4141 
16438 2274 2009 1916 3969 
16439 3555 4034 3243 4192 
16440 1341 4120 3479 4187 
16441 1339 3637 1287 4062 
16442 3391 3172 3712 4027 
16443 1536 3943 1534 4143 
16444 3113 3478 3924 4185 
16445 2076 2071 3964 4045 
16446 1615 1441 1522 3427 
16447 3335 3124 3886 4144 
16448 203 202 3667 3735 
16449 3148 3338 3943 4122 
16450 297 4093 3602 4102 
16451 2138 2201 2016 4159 
16452 1205 1195 1111 3887 
16453 1358 1287 1372 3479 
16454 1375 629 35 499 
16455 3366 3155 3602 4093 
16456 1128 1130 3635 4071 
16457 3053 3808 3507 4206 
16458 1478 1451 1645 3848 
16459 3609 3889 3409 4175 
16460 1269 3602 297 4093 
16461 670 673 653 3661 
16462 714 2148 725 3577 
16463 86 3554 3917 4127 
16464 657 656 652 3979 
16465 3161 3913 3389 4156 
16466 1832 1524 1756 3385 
16467 1327 1305 1303 3985 
16468 1594 1592 1514 3622 
16469 856 869 839 3422 
16470 3115 3480 4139 4180 
16471 3128 4086 3358 4216 
16472 519 520 507 4017 
16473 756 905 729 4131 
16474 1704 1824 1702 3621 
16475 1265 1261 1267 3826 
16476 832 833 872 3771 
16477 2133 1998 2125 3585 
16478 1229 1098 252 1237 
16479 868 821 3553 4069 
16480 3116 3731 3355 4128 
16481 502 620 621 4215 
16482 2046 2189 1930 3860 
16483 3087 3526 3819 4077 
16484 1091 1080 1074 3546 
16485 3450 4099 3975 4151 
16486 3402 1393 3929 4039 
16487 551 600 553 3658 
16488 3127 3817 3577 3873 
16489 1985 1974 3750 4013 
16490 3215 3710 3754 4104 
16491 1311 1330 1329 3630 
16492 1007 1039 1017 3542 
16493 1450 1773 1699 3444 
16494 1457 1488 1490 3901 
16495 1610 1506 1770 4130 
16496 1747 1743 1019 3547 
16497 3209 3738 3470 3925 
16498 1014 964 1043 4163 
16499 1697 3729 1701 4214 
16500 1108 1212 1214 3411 
16501 2017 3523 1964 4140 
16502 3065 3310 4186 4191 
16503 191 1524 916 934 
16504 3208 3856 3438 4115 
16505 3442 3886 3185 4212 
16506 1392 1385 1388 4174 
16507 2200 2014 2053 3981 
16508 3541 3877 3213 3892 
16509 3179 3770 3582 4106 
16510 984 985 986 3566 
16511 3148 3804 3857 4196 
16512 890 808 810 3928 
16513 1557 1556 1555 3765 
16514 3166 3761 3431 4075 
16515 1012 1030 1035 4216 
16516 758 2276 772 3611 
16517 3554 3686 3333 3773 
16518 1341 295 4120 4187 
16519 2189 2192 2096 3451 
16520 2097 1905 1931 3851 
16521 3106 3829 3384 4210 
16522 3177 4037 3997 4070 
16523 1397 1380 315 1333 
16524 3393 3611 3124 4144 
16525 983 1018 1011 3564 
16526 3261 4089 4003 4176 
16527 621 619 572 3688 
16528 676 639 665 3725 
16529 3270 3472 4023 4032 
16530 1914 1937 1913 4068 
16531 1472 1111 1810 3887 
16532 1210 280 1897 2140 
16533 3272 3857 3804 4196 
16534 2045 2189 3860 4007 
16535 539 573 541 3684 
16536 550 558 548 3787 
16537 1748 1352 1289 3916 
16538 3708 3973 3278 4105 
16539 622 617 503 3638 
16540 1298 1297 1300 3691 
16541 1050 1043 3358 4216 
16542 2127 3653 2208 4085 
16543 3218 3717 3499 3937 
16544 1486 1844 1460 3503 
16545 84 3820 3305 3904 
16546 1566 1567 1569 3827 
16547 3701 3773 3418 3992 
16548 1149 1166 1222 4096 
16549 1151 1143 1145 3997 
16550 1869 1886 2273 3416 
16551 759 905 756 4131 
16552 3243 3892 3541 4034 
16553 746 768 747 3730 
16554 1868 2074 2167 3616 
16555 969 200 1013 3829 
16556 1481 3528 1624 4098 
16557 3206 3885 3524 4167 
16558 1296 1297 1295 4136 
16559 1381 3388 1396 4213 
16560 547 563 549 3862 
16561 1524 191 1721 934 
16562 2098 2017 1940 3960 
16563 888 891 777 3500 
16564 1665 3594 1528 4146 
16565 867 175 781 2210 
16566 572 509 1801 3688 
16567 1500 1616 1619 4133 
16568 953 915 944 3491 
16569 992 1025 998 3816 
16570 1089 1073 1063 3865 
16571 2172 1985 2026 3750 
16572 3451 2096 3793 4137 
16573 1211 1106 4157 4165 
16574 1593 1805 1656 3788 
16575 1252 1248 1245 3561 
16576 826 828 823 3680 
16577 545 547 546 4079 
16578 1504 1685 3711 3971 
16579 3140 3982 3356 4045 
16580 680 642 667 3462 
16581 297 3743 3416 4102 
16582 1077 1073 1089 3551 
16583 502 3939 620 4215 
16584 1328 1306 1314 3659 
16585 3433 3633 3252 3978 
16586 2169 65 1911 576 
16587 755 3656 102 4002 
16588 2238 2223 3586 4195 
16589 1009 991 988 3915 
16590 3557 3858 1391 4174 
16591 1386 1412 1394 3737 
16592 596 593 2212 3742 
16593 673 3661 670 4024 
16594 1802 1468 1708 3466 
16595 2022 2032 1967 3872 
16596 614 3811 613 4098 
16597 3138 3310 3974 4035 
16598 1971 1972 1970 4081 
16599 978 976 980 3962 
16600 2017 2102 1964 3523 
16601 3123 3765 3564 3874 
16602 3657 3707 3257 4210 
16603 3143 3713 3859 3902 
16604 3059 4023 3472 4032 
16605 600 579 601 4085 
16606 950 2151 1891 4021 
16607 1458 1845 1491 4153 
16608 1585 1698 1773 3908 
16609 1707 1557 3765 4036 
16610 1366 1285 1338 3669 
16611 1170 3839 1127 4162 
16612 2110 2191 2006 3581 
16613 729 905 121 774 
16614 1267 1279 1259 3519 
16615 3097 3407 3749 3899 
16616 3227 3474 3712 4031 
16617 3215 3939 3372 4215 
16618 1165 1197 1208 3601 
16619 3147 4013 3930 4199 
16620 1741 1481 46 513 
16621 1212 1184 1214 4138 
16622 3339 3988 3145 4200 
16623 1584 1623 1583 3824 
16624 3095 3717 3918 4168 
16625 3313 3145 3988 4200 
16626 3050 3794 3541 4092 
16627 1243 1237 1244 4055 
16628 993 1006 999 3613 
16629 3417 3816 3095 4168 
16630 3526 3723 3169 4190 
16631 2160 2122 1867 4018 
16632 1523 1352 1748 3916 
16633 1218 1211 4037 4165 
16634 3402 3120 3929 4181 
16635 1738 961 1430 3564 
16636 3110 4034 3555 4192 
16637 3479 3202 3637 4187 
16638 3339 3932 3145 3988 
16639 1280 2161 335 1349 
16640 1393 1384 3719 4039 
16641 2078 1910 1884 3899 
16642 85 86 637 3554 
16643 3128 3385 4086 4216 
16644 3044 3490 3698 4108 
16645 626 517 607 3402 
16646 1152 1168 1216 3631 
16647 3163 3962 3384 4046 
16648 1594 1626 1592 3622 
16649 2140 1876 2141 3572 
16650 1951 772 2276 3611 
16651 3140 3356 3982 4096 
16652 1706 1431 1745 3389 
16653 1494 1762 1576 4065 
16654 2054 2201 1911 4159 
16655 1378 344 1400 1757 
16656 1619 1828 1604 3648 
16657 2261 3551 2112 4088 
16658 793 902 881 3491 
16659 1903 1905 1925 3514 
16660 747 738 3730 4131 
16661 3495 3580 3341 4078 
16662 3080 3430 4169 4198 
16663 1777 1700 1781 3638 
16664 1964 1965 4140 4207 
16665 945 916 941 3385 
16666 3313 3754 3710 4104 
16667 793 902 3491 4134 
16668 1067 1064 1066 3508 
16669 3215 3575 4012 4204 
16670 1799 1671 3812 4064 
16671 1473 1452 1651 4084 
16672 1188 3889 1132 4071 
16673 2070 2076 2071 3964 
16674 1120 1118 1169 3756 
16675 3113 3924 3500 4185 
16676 2023 1944 2021 3721 
16677 578 642 3462 4118 
16678 3808 4203 3161 4206 
16679 1570 1586 1702 3621 
16680 16 204 1872 1863 
16681 1442 199 15 1435 
16682 22 298 1862 1869 
16683 1432 293 21 1439 
16684 560 565 566 3891 
16685 3166 3946 3509 4149 
16686 1183 3845 1121 3935 
16687 962 1858 2178 3716 
16688 1457 1458 1488 3626 
16689 1269 1236 296 3602 
16690 1949 1950 1983 3761 
16691 838 778 158 1768 
16692 872 783 177 2203 
16693 1293 1347 1352 3401 
16694 3227 3724 3450 4099 
16695 1086 235 1085 1228 
16696 1120 1118 3756 4051 
16697 3483 3923 1513 4211 
16698 1545 1675 1674 3775 
16699 1878 2212 593 3742 
16700 3378 3647 3111 4170 
16701 2210 175 781 2211 
16702 3181 3677 3813 4082 
16703 1130 1132 3889 4071 
16704 297 3416 4093 4102 
16705 2072 3411 3844 4152 
16706 1713 1710 1825 3618 
16707 3274 3711 3376 3971 
16708 870 3600 899 4111 
16709 3189 3878 3369 4207 
16710 521 523 520 3482 
16711 344 1400 1757 1723 
16712 1299 1320 1297 4136 
16713 1964 3523 2102 4207 
16714 3239 3384 3829 4210 
16715 3143 3859 3445 3902 
16716 847 864 863 3579 
16717 1130 1188 1132 4071 
16718 1188 1155 1187 4071 
16719 1100 266 1708 1190 
16720 1199 267 1708 1100 
16721 1372 3479 1341 4120 
16722 3310 3974 3166 4164 
16723 1305 1306 1304 3954 
16724 3313 3249 4066 4104 
16725 620 3939 584 4204 
16726 296 1287 3637 4187 
16727 3091 3574 3978 4101 
16728 765 728 755 3470 
16729 3202 3619 4154 4187 
16730 944 915 930 3491 
16731 2154 683 115 1868 
16732 1398 1379 1393 3929 
16733 3796 3949 3111 4203 
16734 2099 1958 1941 4028 
16735 730 766 753 3906 
16736 1660 1659 1641 3968 
16737 820 821 822 3870 
16738 3126 3388 3938 4213 
16739 3469 3614 3171 3955 
16740 1960 2104 2018 3678 
16741 2213 1915 3628 4169 
16742 3859 3902 3243 4192 
16743 3315 3967 3186 4050 
16744 296 3637 297 3743 
16745 1550 1548 1549 3823 
16746 955 917 942 3465 
16747 3061 3515 3790 4184 
16748 849 899 870 3600 
16749 1164 1227 1203 4033 
16750 3538 3646 3054 4042 
16751 1781 1714 1692 3903 
16752 638 657 675 3803 
16753 3330 3180 3990 4148 
16754 2103 1873 2225 4019 
16755 1341 3479 1287 4187 
16756 1098 1229 1161 4172 
16757 994 1025 992 3816 
16758 1853 2110 2279 3480 
16759 3078 3409 3744 4106 
16760 1328 3954 3337 4156 
16761 2173 2166 2025 3565 
16762 2278 3373 2035 3986 
16763 1292 315 1380 1333 
16764 1310 1315 1318 3589 
16765 3268 3830 3445 3902 
16766 3124 3802 3335 4212 
16767 2175 2171 2030 3542 
16768 1197 1165 1141 3601 
16769 1108 1876 282 1177 
16770 735 760 750 3549 
16771 2135 3604 1989 4004 
16772 1776 1447 1780 3500 
16773 252 1242 1229 1237 
16774 3162 3797 3905 4119 
16775 2182 2131 1858 3716 
16776 1393 3719 1392 3929 
16777 591 536 560 3633 
16778 3199 4062 3764 4150 
16779 2031 3783 1968 3986 
16780 675 657 668 3803 
16781 3102 3952 4100 4182 
16782 1992 1994 2173 3718 
16783 518 1896 76 595 
16784 2002 2003 2004 3931 
16785 636 645 644 4118 
16786 1963 3782 1908 4140 
16787 972 974 975 3748 
16788 3080 3877 3628 4178 
16789 1405 1393 1379 3402 
16790 2077 1863 1881 4058 
16791 3410 3668 3208 4115 
16792 1103 1220 1209 3485 
16793 1033 1004 1024 3565 
16794 1084 1088 1068 4033 
16795 940 3715 925 4044 
16796 3153 3980 3779 4072 
16797 3214 3508 3810 3926 
16798 987 984 986 3566 
16799 1945 3847 1922 4072 
16800 3244 3945 3682 4170 
16801 1119 1123 1201 3777 
16802 3200 3796 3629 4203 
16803 3080 3726 3430 4198 
16804 862 3941 861 4059 
16805 3524 3885 3159 4167 
16806 2091 2101 3779 3980 
16807 1943 1924 2005 3620 
16808 1031 1003 981 3650 
16809 1319 1302 1331 3913 
16810 3312 4136 3518 4155 
16811 1396 1412 1386 4213 
16812 3103 3502 4003 4176 
16813 830 831 836 3850 
16814 2084 1904 1885 3666 
16815 629 35 1401 1375 
16816 86 637 3554 4127 
16817 3466 3596 3107 3888 
16818 3223 3798 3996 4205 
16819 2091 2101 1938 3779 
16820 2235 1180 1857 4165 
16821 1316 3764 1312 4150 
16822 1269 296 297 4102 
16823 1696 1776 1780 4185 
16824 1859 2174 1334 3531 
16825 506 588 594 4078 
16826 982 979 3856 4115 
16827 2095 1955 2083 4027 
16828 1247 1249 1250 3709 
16829 703 702 687 4166 
16830 1697 1561 1701 3729 
16831 86 3773 87 3917 
16832 1211 1180 1106 4165 
16833 3278 3918 3717 4168 
16834 3200 3949 3796 4203 
16835 1801 1806 572 3688 
16836 1414 3929 1392 4174 
16837 3454 3786 3044 3974 
16838 3158 3996 3798 4205 
16839 1963 1908 1940 4140 
16840 297 3416 298 4093 
16841 1356 1326 1357 3728 
16842 1987 1989 1988 4004 
16843 333 1363 2157 1285 
16844 742 757 746 3550 
16845 633 514 578 3462 
16846 1882 3758 1907 4095 
16847 1104 1224 1215 3572 
16848 881 910 793 3491 
16849 1340 1284 1328 4156 
16850 3606 3683 3148 4122 
16851 1622 1728 1464 3683 
16852 3259 4100 3952 4182 
16853 915 939 930 3880 
16854 1697 1772 3473 4214 
16855 1954 2151 197 943 
16856 894 902 828 4134 
16857 2136 2016 2000 3467 
16858 844 846 845 3881 
16859 1334 3531 2174 4011 
16860 1408 1407 1378 3401 
16861 2059 2146 2060 3817 
16862 2253 2068 3592 4152 
16863 1943 3620 2111 3986 
16864 2192 3581 2191 4137 
16865 1335 1464 1281 3683 
16866 1714 1568 1563 3763 
16867 3869 4125 3175 4141 
16868 3320 4125 3869 4141 
16869 855 840 779 3586 
16870 529 3754 527 4104 
16871 2112 2261 2163 3551 
16872 1808 1602 1610 4130 
16873 3077 3945 3435 4114 
16874 3070 3953 3336 4218 
16875 1212 1153 3568 4030 
16876 1553 1519 1604 3884 
16877 2215 2020 2082 4126 
16878 2185 2178 2131 3716 
16879 1919 1921 1888 3769 
16880 1683 3519 3699 3994 
16881 1461 1825 1711 3944 
16882 3235 3533 3934 4129 
16883 3173 3882 3437 4217 
16884 1404 350 2186 2153 
16885 1915 2247 2213 3628 
16886 1316 1309 1329 4171 
16887 1208 1166 1165 4096 
16888 3643 4142 3268 4201 
16889 3238 4142 3643 4201 
16890 3111 3827 3518 4155 
16891 562 594 543 3580 
16892 2168 2200 1912 3981 
16893 1768 778 158 1449 
16894 2203 177 872 1879 
16895 2167 2065 2063 3649 
16896 1486 1460 1484 3503 
16897 2278 2179 2035 3373 
16898 3470 3738 3290 3925 
16899 2223 3893 3586 4195 
16900 3226 4149 3946 4164 
16901 3430 3726 3080 4178 
16902 1568 1714 1700 3763 
16903 958 1026 1749 3956 
16904 3376 3730 3375 4131 
16905 2100 1917 1944 4015 
16906 1063 1062 1064 3810 
16907 51 503 574 1777 
16908 593 2212 70 596 
16909 1453 1473 1475 3459 
16910 2025 1992 2173 3718 
16911 879 906 837 3615 
16912 1600 1706 1566 3827 
16913 1598 3688 1627 4146 
16914 1153 1184 1212 3568 
16915 2159 2051 2157 3669 
16916 540 539 541 3684 
16917 827 829 825 4006 
16918 773 731 757 3672 
16919 1630 1666 1633 3972 
16920 915 188 939 1577 
16921 128 752 731 1755 
16922 1379 347 1578 1398 
16923 3220 3715 3617 4044 
16924 1267 1259 1240 3994 
16925 294 1341 295 4120 
16926 2126 1990 2015 3861 
16927 1781 1692 1691 3903 
16928 713 686 711 3634 
16929 3483 3923 3164 4109 
16930 1587 3812 1671 4143 
16931 121 756 905 729 
16932 917 933 942 3465 
16933 685 85 705 3904 
16934 1428 958 1749 3956 
16935 807 874 897 3655 
16936 1580 1845 1615 3704 
16937 1750 240 1054 3983 
16938 950 197 2151 943 
16939 1090 1071 1058 3993 
16940 1107 1117 1116 4020 
16941 3045 3612 4031 4160 
16942 1334 1283 1859 3531 
16943 1773 1450 1769 4098 
16944 530 527 529 3754 
16945 3148 3426 3804 4196 
16946 1625 1427 1805 3569 
16947 1697 1772 1449 3473 
16948 1453 1842 1442 3727 
16949 3111 3518 3691 4155 
16950 2235 2236 4157 4165 
16951 874 808 889 3928 
16952 2059 2060 1920 3817 
16953 1068 1096 1084 3654 
16954 618 620 584 4204 
16955 1393 1384 1392 3719 
16956 1213 1167 1160 3598 
16957 3660 3792 3169 4190 
16958 3418 3773 87 3992 
16959 1291 3415 1354 4120 
16960 3237 3978 3574 4101 
16961 1980 2122 1978 3957 
16962 1575 3483 1513 4211 
16963 267 1708 1468 1199 
16964 2044 1951 2048 3611 
16965 1908 1907 1939 4095 
16966 3155 4102 3416 4135 
16967 3582 3825 3089 4106 
16968 1183 1121 1122 3935 
16969 1706 1745 1564 3796 
16970 3507 3808 3161 4206 
16971 744 748 749 3933 
16972 507 580 78 4017 
16973 2253 2087 2141 4091 
16974 3149 3958 3420 4068 
16975 1681 1421 1736 3546 
16976 3430 3298 4166 4178 
16977 1317 1312 3764 4062 
16978 1354 1372 1341 4120 
16979 1649 3706 1520 4012 
16980 2223 1856 2238 3586 
16981 1966 3878 1965 4207 
16982 1758 3624 1614 3898 
16983 1608 1505 1687 3733 
16984 810 859 860 3799 
16985 1759 1615 1616 3704 
16986 1420 1829 3672 4087 
16987 1081 1056 1073 3551 
16988 553 3658 601 4217 
16989 2229 2103 2230 4161 
16990 1010 202 203 4043 
16991 3244 3682 3836 4170 
16992 1293 1347 3401 4158 
16993 1762 1580 1759 3704 
16994 2264 2007 2168 3465 
16995 3247 3685 3667 3735 
16996 3355 4037 3228 4165 
16997 2253 2251 2088 3592 
16998 3268 3902 3445 4192 
16999 1858 2030 2182 3350 
17000 1223 1171 1210 3940 
17001 3360 691 3966 4057 
17002 3159 3724 3552 3828 
17003 1050 997 1043 4216 
17004 1410 1409 1397 3789 
17005 856 857 806 4048 
17006 1865 725 2148 3577 
17007 1579 1763 3898 4041 
17008 1571 1705 3614 3895 
17009 638 2183 97 662 
17010 1630 1485 1629 3972 
17011 765 762 745 3919 
17012 920 919 911 3615 
17013 3183 3834 3590 4197 
17014 3052 3590 3834 4197 
17015 938 945 941 4086 
17016 817 819 820 3636 
17017 102 3656 103 3690 
17018 1530 1529 1531 4148 
17019 889 854 782 3539 
17020 1363 1349 334 1866 
17021 3121 3394 3681 4188 
17022 1316 1366 3764 4171 
17023 3202 3743 3637 4187 
17024 761 755 102 4002 
17025 3166 3946 4149 4164 
17026 1547 1552 1549 3739 
17027 2056 1855 2240 3485 
17028 266 1445 1708 1190 
17029 682 708 109 1438 
17030 3177 3997 3897 4070 
17031 2208 2126 2015 3653 
17032 834 835 775 3506 
17033 501 1874 74 590 
17034 735 769 760 3549 
17035 350 1404 1413 2153 
17036 3515 3790 3349 4049 
17037 2011 1957 1958 3714 
17038 630 606 500 4118 
17039 3142 3541 4080 4092 
17040 1639 1638 3599 4202 
17041 503 51 1448 1777 
17042 70 1878 2212 593 
17043 845 847 862 4059 
17044 654 676 665 3976 
17045 3572 2141 4091 4152 
17046 1381 1406 1396 3388 
17047 1302 1303 1304 3985 
17048 2223 2079 3893 4195 
17049 1695 1780 3924 4185 
17050 3495 3833 3580 4078 
17051 182 1012 941 1030 
17052 968 1026 1035 3956 
17053 1476 1500 4117 4133 
17054 1425 1626 1812 3475 
17055 3052 3510 3590 4197 
17056 1719 939 188 1577 
17057 3500 3924 1780 4185 
17058 1722 1578 347 1398 
17059 296 3637 3743 4187 
17060 3250 3959 3494 4145 
17061 2216 1877 2211 3535 
17062 2142 3930 1974 4013 
17063 759 756 747 4131 
17064 1251 1271 1249 3578 
17065 74 1874 501 2228 
17066 3242 3941 3535 3998 
17067 1364 1329 1330 4171 
17068 3153 3779 3405 4072 
17069 2008 2152 353 1399 
17070 2007 937 194 2149 
17071 1173 259 1181 1813 
17072 3167 3628 3877 4178 
17073 3137 3903 3395 4089 
17074 533 534 3932 3988 
17075 1566 1706 1564 3796 
17076 571 558 617 3787 
17077 1113 1219 1204 4193 
17078 2233 1896 76 518 
17079 849 851 899 4194 
17080 1727 1621 1463 3776 
17081 1575 3681 1763 4041 
17082 3161 3954 3351 3985 
17083 1391 1389 1411 3557 
17084 3378 3691 3927 4170 
17085 3149 3958 3463 4014 
17086 3142 3910 3572 4030 
17087 925 940 928 3715 
17088 1556 1695 1544 3478 
17089 1622 1732 1728 4122 
17090 3223 3996 3536 4205 
17091 1515 1516 1492 3996 
17092 2078 2150 2155 4026 
17093 526 581 523 4066 
17094 3272 3804 3659 4196 
17095 3084 3682 3945 4170 
17096 1366 1364 3669 4171 
17097 1785 1690 1790 3458 
17098 1300 1297 1320 3927 
17099 3121 3681 3515 4188 
17100 3098 3747 3746 4119 
17101 1392 3929 3719 4174 
17102 1406 2008 353 1399 
17103 942 937 194 2007 
17104 780 853 171 2221 
17105 2279 2110 2109 4180 
17106 1151 1197 1143 3997 
17107 1640 1641 1631 3751 
17108 2154 1868 2167 3616 
17109 2005 2193 2190 4088 
17110 3430 4110 3298 4178 
17111 1049 3668 1032 4115 
17112 1390 1389 1387 3670 
17113 837 907 790 3465 
17114 1568 1698 1565 3846 
17115 3102 3952 3663 4100 
17116 868 821 819 3553 
17117 1956 3894 2012 4195 
17118 2194 1876 282 1108 
17119 320 1728 1436 1342 
17120 738 739 746 3730 
17121 1700 1699 1568 3846 
17122 3675 3964 3140 4045 
17123 1651 1452 1477 4084 
17124 3103 3458 3795 4050 
17125 1316 1312 1309 4150 
17126 1647 1658 1582 3544 
17127 2083 1882 1903 3758 
17128 869 855 779 3586 
17129 3082 3975 4099 4151 
17130 1010 1049 959 3668 
17131 1930 2096 1906 3793 
17132 3381 3921 1531 4148 
17133 1289 1352 1347 3916 
17134 3536 3996 3158 4205 
17135 775 835 904 3506 
17136 3117 3745 3565 4116 
17137 2230 2058 1895 4161 
17138 2106 1966 2102 4207 
17139 1372 1287 1341 3479 
17140 611 566 624 4064 
17141 1342 1332 1281 3426 
17142 115 709 683 2154 
17143 3653 3658 3233 4085 
17144 1822 1756 1524 3385 
17145 1736 1421 238 1083 
17146 1882 2083 1907 3758 
17147 1250 1249 1270 3709 
17148 1430 961 210 1019 
17149 597 527 530 3754 
17150 577 534 514 3932 
17151 883 895 156 1775 
17152 1944 1917 1943 4015 
17153 1161 1229 1204 4172 
17154 3142 3592 3844 4152 
17155 1048 3962 980 4046 
17156 1031 1034 963 4018 
17157 1517 1554 1603 3890 
17158 753 134 730 2184 
17159 3145 3488 4035 4191 
17160 3103 4003 3502 4197 
17161 2177 1336 341 1350 
17162 3335 3900 3393 4144 
17163 1498 1841 1519 4117 
17164 2134 2030 2171 3542 
17165 3143 3713 3513 3859 
17166 1009 1039 991 3915 
17167 1819 1639 1638 3599 
17168 1744 1707 1557 3765 
17169 911 936 921 3506 
17170 1765 752 1504 3711 
17171 1688 1679 3563 4067 
17172 804 803 802 3805 
17173 3255 3971 3376 4022 
17174 973 976 974 4053 
17175 3606 3148 3943 4122 
17176 2189 2010 2192 4007 
17177 16 204 2272 1872 
17178 15 199 1442 1842 
17179 1869 22 298 2273 
17180 1843 21 293 1439 
17181 686 723 1735 3634 
17182 692 3966 691 4057 
17183 3118 3447 3801 4047 
17184 294 295 1261 3608 
17185 2035 2179 1933 3993 
17186 1811 1116 1469 4020 
17187 2068 2251 2253 3592 
17188 1841 4117 1500 4133 
17189 1680 1513 3923 4211 
17190 2104 3678 3822 4173 
17191 2057 1958 2099 4028 
17192 968 1756 1026 3956 
17193 3167 3877 3755 4178 
17194 542 559 567 3795 
17195 1682 1576 1683 3699 
17196 1573 1584 1583 3824 
17197 3118 3525 4010 4205 
17198 1940 2017 1964 4140 
17199 1483 1485 1659 3830 
17200 1224 1172 1215 4162 
17201 3503 3961 3238 4142 
17202 1029 969 1021 3449 
17203 744 743 741 3933 
17204 1332 1314 1308 3659 
17205 2161 335 2165 1280 
17206 1266 1770 300 1257 
17207 3834 4050 3186 4197 
17208 3525 4010 3105 4147 
17209 1730 109 708 1438 
17210 223 957 2171 1017 
17211 2142 2120 1974 3930 
17212 610 566 623 4064 
17213 1655 1823 3695 4067 
17214 1650 3939 4012 4204 
17215 1037 3856 979 4115 
17216 1674 3775 1791 3990 
17217 3118 4010 3536 4205 
17218 1616 1615 1522 3427 
17219 1857 2243 2055 4165 
17220 1200 1159 1148 3762 
17221 667 642 658 3462 
17222 2129 2132 2255 3652 
17223 122 903 729 774 
17224 2083 1903 1926 4027 
17225 1036 1004 1033 3565 
17226 692 691 693 4057 
17227 1112 1202 1203 4008 
17228 2018 2104 2105 3678 
17229 1277 1737 1611 3994 
17230 1764 1505 664 3733 
17231 3226 3864 3832 4149 
17232 1489 3626 1458 4153 
17233 123 736 903 735 
17234 3155 4093 3416 4102 
17235 1813 1173 259 1425 
17236 1427 1804 1805 3569 
17237 1695 1780 1715 3924 
17238 1778 1470 3971 4022 
17239 533 534 577 3932 
17240 2047 2259 1852 3803 
17241 818 827 825 4006 
17242 730 749 748 3906 
17243 1481 1767 1624 3528 
17244 2104 2105 3678 4173 
17245 567 559 609 3795 
17246 2119 2219 2118 4078 
17247 1047 204 1863 4058 
17248 1067 1072 1071 3995 
17249 684 721 702 3726 
17250 2031 1933 2039 3993 
17251 696 697 699 3588 
17252 704 694 691 4057 
17253 857 882 791 3549 
17254 1342 1314 1332 3426 
17255 659 670 681 3587 
17256 3509 3946 3086 4149 
17257 1512 1587 1534 4143 
17258 3125 3401 3858 3895 
17259 525 523 524 4066 
17260 2133 1995 1998 3585 
17261 1222 1166 1207 3675 
17262 1550 1562 1596 3629 
17263 1182 270 1427 1101 
17264 2189 2096 1930 3451 
17265 1823 1820 1655 3695 
17266 852 862 861 4059 
17267 1932 3793 1906 4137 
17268 923 922 924 3849 
17269 1640 1644 3751 4125 
17270 2271 1927 2050 3886 
17271 1531 3921 1539 4148 
17272 1729 1635 1633 3784 
17273 1503 1605 1601 3983 
17274 3525 3223 4010 4205 
17275 3327 3413 3806 4049 
17276 663 85 637 3732 
17277 3172 4112 3464 4151 
17278 2068 3844 3592 4152 
17279 700 693 696 3676 
17280 895 1776 156 1775 
17281 613 626 513 3528 
17282 791 123 903 735 
17283 3053 3507 4025 4206 
17284 2113 2183 1852 3803 
17285 3218 3499 3717 4168 
17286 1803 1662 1660 3968 
17287 1913 1915 1889 4169 
17288 202 3735 203 4043 
17289 219 1027 1040 2185 
17290 3617 3715 3267 4044 
17291 1140 1138 1196 3888 
17292 1466 57 623 509 
17293 2135 2029 3604 4011 
17294 1627 1598 1801 3688 
17295 1560 1583 1701 4214 
17296 1735 723 1433 3634 
17297 1081 244 2163 1850 
17298 1022 982 978 3962 
17299 998 1023 1019 3547 
17300 3050 3513 3713 3859 
17301 3045 3493 3828 4167 
17302 2220 3833 2118 4078 
17303 3121 3483 3681 4211 
17304 3476 3882 3173 4217 
17305 1802 1708 1709 3466 
17306 2162 2025 2166 3565 
17307 1749 1026 1756 3956 
17308 507 78 2237 4017 
17309 1627 1665 1528 4146 
17310 2102 3523 4019 4207 
17311 1532 1531 1539 4148 
17312 1803 1467 1662 4005 
17313 640 655 669 3733 
17314 1319 1298 1302 3913 
17315 3053 4054 3647 4206 
17316 1429 1752 1705 3916 
17317 3487 3689 3239 4210 
17318 1180 1109 289 1857 
17319 1741 1827 1767 4181 
17320 1830 1683 1761 3699 
17321 1428 1712 1753 3956 
17322 1289 1347 1346 3916 
17323 1518 3544 1647 4073 
17324 1304 3954 1328 4156 
17325 1028 1047 2147 4058 
17326 1194 1111 1195 3887 
17327 3077 3435 3882 4114 
17328 719 718 683 3616 
17329 1731 1539 1621 3921 
17330 1816 1643 1735 3634 
17331 747 733 759 3711 
17332 1526 1597 1582 3905 
17333 2115 2037 1984 3900 
17334 1115 1085 235 1228 
17335 1829 1603 3890 4087 
17336 3257 3689 3487 4210 
17337 987 989 1008 3705 
17338 1965 1966 1976 3878 
17339 1388 1389 1391 3557 
17340 1717 724 689 3671 
17341 261 1099 1467 4005 
17342 2006 3581 3847 4180 
17343 1823 4067 1688 4202 
17344 1684 3890 3672 4087 
17345 935 967 185 918 
17346 2128 3742 2217 4199 
17347 1866 333 1363 2157 
17348 1329 1307 1311 3630 
17349 652 651 672 3532 
17350 1349 2161 334 1866 
17351 1987 2172 2135 4004 
17352 1052 1088 1078 4033 
17353 2025 1980 1992 3957 
17354 3112 3697 3583 3912 
17355 502 59 1806 572 
17356 1577 1834 1740 3491 
17357 966 216 1029 1718 
17358 3149 3383 4068 4183 
17359 858 795 798 3853 
17360 3103 4089 3739 4176 
17361 1434 724 1717 3671 
17362 3192 4071 3889 4141 
17363 1024 963 226 1867 
17364 1339 296 1287 3637 
17365 2050 2034 2271 4144 
17366 1028 229 965 2147 
17367 1510 1588 1667 3970 
17368 2141 2234 3572 4091 
17369 1471 1779 1687 3575 
17370 1617 1847 1422 3587 
17371 2023 2100 1944 3721 
17372 1688 4067 3563 4202 
17373 3243 3902 3713 3920 
17374 341 1953 2177 1350 
17375 1354 1291 1353 3415 
17376 2119 2120 2217 3930 
17377 2223 2012 2079 4195 
17378 1823 1688 1639 4202 
17379 1455 1479 1454 3792 
17380 2221 171 780 1873 
17381 1076 1054 240 3983 
17382 683 709 719 3616 
17383 3144 3491 3866 4134 
17384 702 698 701 4166 
17385 1829 1684 3672 4087 
17386 2118 2117 1975 3495 
17387 1718 966 216 1463 
17388 881 902 788 3866 
17389 120 905 759 792 
17390 1799 1795 1671 4064 
17391 296 1339 297 3637 
17392 1748 328 1289 1352 
17393 1504 1607 1685 3971 
17394 3102 4100 3630 4182 
17395 704 712 706 4094 
17396 1585 1570 1567 3908 
17397 1649 1520 1590 4012 
17398 1689 1536 1670 3967 
17399 1357 1288 1356 4011 
17400 1637 1678 1677 3869 
17401 3279 3811 3444 4098 
17402 1850 2112 2163 3551 
17403 86 660 637 4127 
17404 103 706 102 4094 
17405 1641 1640 1644 3751 
17406 3836 3955 3171 4155 
17407 3277 3792 3660 4190 
17408 3069 3554 3686 4016 
17409 1754 1686 1422 3725 
17410 3140 3964 3412 4045 
17411 1388 3557 1391 4174 
17412 1122 1121 1120 3935 
17413 1218 1109 1180 4165 
17414 2007 2256 2168 3465 
17415 1035 3774 997 4216 
17416 1105 1222 1207 3675 
17417 2068 2067 2066 3844 
17418 2042 2272 204 4121 
17419 1973 1985 1974 3750 
17420 2185 2131 2252 4209 
17421 1894 2157 2051 3669 
17422 322 1733 1739 1284 
17423 1829 3890 1684 4087 
17424 261 1467 1797 4005 
17425 1263 1252 1244 3977 
17426 253 1229 1239 1204 
17427 3118 4010 3525 4147 
17428 1295 1297 1298 3691 
17429 3155 3602 4093 4102 
17430 1779 3575 1471 4204 
17431 1090 2179 246 1053 
17432 1658 1647 1518 3544 
17433 1984 2034 3900 4112 
17434 3509 3946 3222 4135 
17435 3086 3946 3509 4135 
17436 2113 2033 1983 3761 
17437 3536 3801 3118 4205 
17438 1487 1486 1484 3961 
17439 1185 1186 1099 4005 
17440 1244 1252 1245 3561 
17441 3431 4035 3310 4200 
17442 3117 3687 3677 4082 
17443 1586 1704 3621 4181 
17444 1510 1530 1588 3970 
17445 1076 1084 1096 3983 
17446 614 561 613 3811 
17447 2127 2208 1880 4085 
17448 336 2165 1280 1345 
17449 2104 3822 2117 4173 
17450 520 581 580 4017 
17451 1843 293 21 4179 
17452 1945 1923 1922 3847 
17453 1802 1657 1468 4123 
17454 5 83 1522 1441 
17455 2114 2215 3932 4126 
17456 1599 3694 1559 4036 
17457 3148 4122 3426 4196 
17458 3215 4012 3939 4204 
17459 1160 1167 1147 3598 
17460 1952 88 6 1871 
17461 1440 7 101 1521 
17462 1607 1589 1778 3971 
17463 328 1748 1523 1352 
17464 1229 1242 253 1239 
17465 1436 1733 321 1340 
17466 563 547 588 3862 
17467 884 1786 152 786 
17468 1355 1373 1333 3789 
17469 1500 1759 1616 4133 
17470 293 294 1265 4179 
17471 1009 995 1036 3745 
17472 817 820 832 3636 
17473 705 711 722 3778 
17474 905 756 120 759 
17475 84 85 3732 3820 
17476 1677 1634 1637 3869 
17477 1598 1528 1581 4146 
17478 1246 1243 1245 3818 
17479 3236 4080 3910 4162 
17480 1758 1579 1763 3898 
17481 1500 1498 1476 4117 
17482 2125 1879 2207 3771 
17483 3145 4035 3431 4200 
17484 2045 2189 2046 3860 
17485 1750 1503 240 3983 
17486 3518 4136 3691 4155 
17487 1712 1756 1822 3956 
17488 850 876 875 3720 
17489 983 972 975 3951 
17490 603 604 605 3938 
17491 1517 1495 1496 3885 
17492 1675 1786 1791 3775 
17493 3222 3793 3509 4135 
17494 1650 3939 1789 4012 
17495 2029 3531 3604 4011 
17496 1582 1525 1526 3905 
17497 1761 1664 1502 3740 
17498 919 920 933 3615 
17499 1354 1335 1318 3683 
17500 1035 1001 997 3774 
17501 1766 1482 1623 3866 
17502 1481 47 513 575 
17503 1595 1738 1744 3564 
17504 1979 1982 2143 3674 
17505 2034 2258 3900 4144 
17506 2030 2002 2182 3931 
17507 2213 1864 1889 4169 
17508 1116 1117 1202 4020 
17509 1667 1628 1526 3797 
17510 3437 3882 3658 4217 
17511 3145 4191 4035 4200 
17512 4035 4191 3310 4200 
17513 971 1011 212 1734 
17514 704 689 712 3671 
17515 1678 3563 1679 3922 
17516 3248 3572 4080 4162 
17517 510 1911 66 576 
17518 2079 2080 2223 3893 
17519 3174 3836 3682 4170 
17520 1083 1421 238 1074 
17521 911 775 139 904 
17522 3315 3458 3967 4050 
17523 1951 2276 2048 3611 
17524 1601 1537 1592 3736 
17525 1285 1366 1364 3669 
17526 1481 1624 1769 4098 
17527 3507 3102 3952 4025 
17528 1048 1022 980 3962 
17529 510 601 579 4085 
17530 42 500 636 630 
17531 775 140 906 911 
17532 1346 3876 1299 4136 
17533 1668 1593 1656 3788 
17534 3136 3764 3669 4171 
17535 1909 2084 1885 3666 
17536 1178 1186 1126 3863 
17537 16 204 2042 2272 
17538 199 15 1612 1842 
17539 2273 22 298 2041 
17540 1002 962 1040 3716 
17541 1251 1249 1248 3578 
17542 1501 1842 1453 3727 
17543 2006 3847 1945 4180 
17544 806 804 856 4060 
17545 1153 3910 3568 4030 
17546 1964 4140 3523 4207 
17547 1943 2005 2111 3620 
17548 2200 2053 1912 3981 
17549 2198 96 1935 662 
17550 2217 2128 2212 3742 
17551 1799 1587 1665 3812 
17552 1317 1365 1339 4062 
17553 1958 1957 1941 3714 
17554 504 614 575 4098 
17555 3445 3902 3859 4192 
17556 57 1466 1801 509 
17557 1334 1359 1283 3531 
17558 90 664 1764 1505 
17559 1256 1264 1239 4193 
17560 1819 1816 1490 3901 
17561 1382 37 604 631 
17562 644 578 43 630 
17563 824 879 831 3850 
17564 1737 1277 1240 3994 
17565 1857 1109 289 2243 
17566 1125 1127 1170 3839 
17567 229 965 2147 1893 
17568 3742 3930 2217 4199 
17569 981 1003 1005 3650 
17570 2035 2031 1968 3986 
17571 1331 1304 1328 4156 
17572 1715 1780 1676 3924 
17573 1168 1152 1135 3631 
17574 1704 1827 1722 4181 
17575 270 1427 1810 1182 
17576 1456 1502 1476 3740 
17577 3586 3963 3168 4177 
17578 2147 1047 1863 4058 
17579 1882 1907 1881 4095 
17580 1728 320 1281 1342 
17581 880 1470 144 789 
17582 699 697 719 3588 
17583 2107 2225 2221 3556 
17584 1102 1187 263 1787 
17585 2239 278 1223 1103 
17586 2152 2257 2138 3814 
17587 2071 2202 2090 4045 
17588 949 923 931 3849 
17589 3524 3890 1603 4087 
17590 2224 2104 2117 4173 
17591 2198 2114 2246 3462 
17592 2183 2113 1935 3448 
17593 232 1082 1203 1078 
17594 47 1481 1769 575 
17595 1911 66 2204 510 
17596 182 1012 938 941 
17597 973 1020 976 4053 
17598 1748 1289 327 1343 
17599 787 882 857 4048 
17600 1184 1153 1131 3568 
17601 1760 1763 1575 3681 
17602 801 874 807 3655 
17603 903 736 122 729 
17604 202 1059 203 3667 
17605 1215 3910 1153 4030 
17606 2012 1956 1955 3894 
17607 1586 1704 1702 3621 
17608 1062 1069 1065 4124 
17609 961 1011 1018 3564 
17610 7 101 1434 1440 
17611 1900 163 787 882 
17612 1758 1614 1613 3898 
17613 1871 88 6 1865 
17614 1760 3681 1575 4211 
17615 1068 1065 1079 4124 
17616 3659 3804 3426 4196 
17617 1010 1032 1049 3668 
17618 1750 1605 1503 3983 
17619 1733 322 1340 1284 
17620 1848 1680 1605 3923 
17621 1654 3696 1657 4123 
17622 1532 3990 1672 4148 
17623 908 791 882 3549 
17624 556 582 564 3597 
17625 1271 1251 1267 3826 
17626 1128 1155 1130 4071 
17627 2178 219 1040 2185 
17628 1475 1497 1663 3947 
17629 552 553 554 4217 
17630 555 553 601 4217 
17631 1340 321 1436 1342 
17632 340 1283 1336 2177 
17633 1870 106 8 1951 
17634 1413 1376 351 1892 
17635 1746 1742 1600 3518 
17636 1706 1600 1742 3518 
17637 2037 2214 2019 3639 
17638 950 1891 196 913 
17639 1001 1026 958 3956 
17640 2237 3821 507 4017 
17641 1458 1489 1488 3626 
17642 713 705 84 3904 
17643 630 644 578 4118 
17644 1277 3994 1611 4179 
17645 2138 2254 2152 3814 
17646 599 551 549 3780 
17647 2224 2118 2220 3833 
17648 3151 3642 4184 4188 
17649 3286 3739 4089 4176 
17650 1385 1392 1384 3719 
17651 575 1769 48 504 
17652 101 1521 770 4002 
17653 3739 3903 3286 4089 
17654 535 521 522 3883 
17655 1984 1947 2034 4112 
17656 1264 306 2205 1936 
17657 1053 1071 1090 3993 
17658 127 1755 731 3672 
17659 1078 1203 232 1227 
17660 1806 1424 59 502 
17661 521 519 522 3883 
17662 1063 1070 1089 3810 
17663 223 957 1860 2171 
17664 1382 1381 1396 4213 
17665 1057 1082 1084 4008 
17666 2044 1927 2188 3886 
17667 200 1075 201 3642 
17668 3563 4067 3160 4202 
17669 1441 5 83 1433 
17670 554 555 556 4217 
17671 2031 2035 1933 3993 
17672 1701 1561 1558 3729 
17673 1579 1613 1844 3898 
17674 1061 1069 1062 3741 
17675 2245 2199 2268 3549 
17676 2208 2127 2126 3653 
17677 1713 1584 1710 3618 
17678 2011 2222 2081 3593 
17679 1033 1024 225 2162 
17680 1419 1408 1400 3858 
17681 86 87 660 3917 
17682 648 649 656 3979 
17683 514 1901 81 577 
17684 870 892 864 4111 
17685 579 67 510 4085 
17686 1052 1227 233 1097 
17687 1397 314 1374 1286 
17688 1405 1401 1393 4039 
17689 846 849 870 3600 
17690 589 537 568 3854 
17691 87 3773 86 3992 
17692 2093 2086 1937 4009 
17693 2092 2235 2236 4157 
17694 1978 2122 2160 3791 
17695 3537 3952 3295 4025 
17696 2230 2098 2058 3960 
17697 1670 1536 1534 4143 
17698 868 826 821 4069 
17699 2004 2129 2130 3753 
17700 608 512 62 1471 
17701 2040 2241 1902 3752 
17702 55 611 505 1444 
17703 1770 1506 300 1257 
17704 785 794 168 1895 
17705 2174 3531 2029 4011 
17706 1035 1026 1001 3956 
17707 309 1853 1273 2164 
17708 1535 3943 1546 4122 
17709 1179 1213 1219 3752 
17710 574 503 617 3638 
17711 1390 1387 1394 3670 
17712 752 128 1504 1755 
17713 614 613 575 4098 
17714 2207 1879 2203 3771 
17715 1042 967 1014 4163 
17716 1946 1922 2101 4072 
17717 3149 4068 3420 4183 
17718 3431 4035 3145 4126 
17719 587 49 1450 504 
17720 508 1880 68 579 
17721 1317 1358 1312 4062 
17722 641 670 659 3587 
17723 55 611 1444 1795 
17724 1468 268 1199 1193 
17725 1943 2111 1968 3986 
17726 1509 1667 1526 3797 
17727 3536 3158 3801 4205 
17728 602 576 603 3584 
17729 1535 1534 1536 3943 
17730 747 756 738 4131 
17731 1843 21 1611 4179 
17732 1236 1261 295 3608 
17733 139 911 904 936 
17734 1463 1015 215 1727 
17735 1848 3546 1681 4211 
17736 1286 1333 1373 3789 
17737 2059 1920 1887 3873 
17738 659 681 639 3725 
17739 1048 1021 1013 4046 
17740 1177 2140 281 1104 
17741 1587 1671 1670 4143 
17742 1893 228 1016 2158 
17743 3483 3961 3146 4041 
17744 1157 1198 1142 4083 
17745 1850 1081 244 1077 
17746 1577 1740 1826 3491 
17747 754 127 731 3672 
17748 1341 1287 295 4187 
17749 688 714 725 3577 
17750 203 1056 204 4121 
17751 1339 1287 1358 4062 
17752 1381 37 604 1382 
17753 642 578 43 644 
17754 1793 1648 1426 3539 
17755 1840 1517 1603 3524 
17756 1168 1149 1222 3837 
17757 2204 510 67 4085 
17758 694 704 720 3632 
17759 999 1000 996 3702 
17760 1726 1622 1464 3683 
17761 2038 1935 2113 3448 
17762 644 645 658 4118 
17763 1423 1849 1683 3519 
17764 2183 1935 97 662 
17765 1668 1492 1516 3996 
17766 902 894 788 3866 
17767 2178 1858 2131 3716 
17768 971 213 960 1437 
17769 1014 967 185 935 
17770 2192 2006 2191 3581 
17771 1753 1572 1599 3694 
17772 1446 263 1187 1787 
17773 3053 3537 3907 4000 
17774 1284 1344 1331 4156 
17775 1660 1641 1803 3968 
17776 1159 1200 1098 4055 
17777 1864 106 8 1870 
17778 1821 1703 1723 3895 
17779 1786 152 1443 884 
17780 987 988 989 3705 
17781 1821 1705 3895 3916 
17782 748 766 730 3906 
17783 578 644 642 4118 
17784 2132 2129 2014 3652 
17785 2077 2147 1863 4058 
17786 1654 1656 1657 3696 
17787 592 3833 2220 4078 
17788 1892 2137 2153 3999 
17789 2050 2044 2048 4144 
17790 1913 1890 1914 3958 
17791 2239 1855 278 1103 
17792 1260 306 1264 1936 
17793 1862 1369 2150 4026 
17794 1828 1617 1422 3587 
17795 763 751 764 3738 
17796 3320 3889 4071 4141 
17797 226 1024 1867 2162 
17798 1369 1351 2150 4026 
17799 1315 1372 1354 3589 
17800 2065 2069 2066 3896 
17801 1916 1890 2274 3958 
17802 2184 2115 1851 3906 
17803 2243 1902 2241 3752 
17804 1769 1450 48 504 
17805 1476 1664 1500 4133 
17806 239 1421 1750 1074 
17807 1320 1322 1300 3927 
17808 1738 212 1011 1734 
17809 1755 127 1420 3672 
17810 647 646 654 3558 
17811 268 1468 1804 1193 
17812 3183 4050 3834 4197 
17813 1043 3702 1000 4163 
17814 1375 1384 1401 4039 
17815 963 1016 227 4018 
17816 736 735 750 3871 
17817 1171 1223 1209 3940 
17818 693 700 692 3676 
17819 600 601 553 3658 
17820 865 891 888 4113 
17821 758 734 763 3611 
17822 1543 1694 1595 3874 
17823 982 1037 979 4115 
17824 2151 1891 196 950 
17825 644 42 636 630 
17826 919 906 140 911 
17827 675 2183 98 638 
17828 1134 1176 1156 3609 
17829 1151 1218 1211 4037 
17830 1814 1470 144 880 
17831 587 1774 50 574 
17832 508 69 2209 596 
17833 708 682 692 3966 
17834 2153 1413 351 1892 
17835 1961 2051 1969 3809 
17836 1500 1664 1759 4133 
17837 1311 1305 1327 3815 
17838 890 810 901 4022 
17839 1637 1679 1678 3563 
17840 1281 1318 1335 3683 
17841 1503 1076 240 3983 
17842 740 737 750 3871 
17843 1268 1269 297 4093 
17844 1535 1726 1533 3606 
17845 1218 1180 1211 4165 
17846 1016 2158 227 4018 
17847 887 850 875 3720 
17848 2184 1934 2115 3906 
17849 779 840 166 2238 
17850 163 1900 2245 882 
17851 1933 2179 246 1090 
17852 1170 1127 1172 4162 
17853 1286 1397 314 1333 
17854 1538 1602 1591 3627 
17855 2050 1927 2044 3886 
17856 1948 1926 1947 4112 
17857 1021 980 1020 4046 
17858 1919 1938 2101 3779 
17859 210 1430 1019 1743 
17860 1707 1599 1559 4036 
17861 1779 1471 1650 4204 
17862 2184 753 134 1934 
17863 1171 1170 1224 4162 
17864 3428 4038 3065 4186 
17865 2058 2027 2232 3963 
17866 1148 1195 1200 3762 
17867 1208 1211 1106 4157 
17868 642 644 658 4118 
17869 1945 1922 1946 4072 
17870 596 563 593 3742 
17871 1519 1841 1604 3648 
17872 1876 2140 281 1177 
17873 1395 1376 1413 3999 
17874 1153 1215 1172 3910 
17875 1650 1792 3939 4204 
17876 1809 1469 1609 4020 
17877 695 698 697 3987 
17878 711 700 722 3778 
17879 754 1420 127 3672 
17880 1081 1073 1077 3551 
17881 3420 4068 4009 4183 
17882 886 782 147 1807 
17883 1151 1167 1218 4037 
17884 1273 1241 309 2164 
17885 574 1774 50 1777 
17886 69 2212 2209 596 
17887 729 738 756 4131 
17888 2124 1998 2123 3875 
17889 85 3820 84 3904 
17890 3248 4080 3572 4091 
17891 751 728 764 3738 
17892 789 854 890 4022 
17893 1140 1196 1157 3888 
17894 2232 785 168 1895 
17895 1267 1261 1271 3826 
17896 1054 239 1750 1074 
17897 1040 1042 1002 3716 
17898 148 898 886 1800 
17899 733 747 752 3711 
17900 632 64 2265 515 
17901 1963 1964 1965 4140 
17902 2030 2134 1996 3759 
17903 1562 1745 1596 3629 
17904 1079 1069 1091 4124 
17905 1792 584 3939 4204 
17906 1243 1242 1237 4172 
17907 1675 1791 1674 3775 
17908 1548 1550 1693 3823 
17909 1764 1815 1687 3733 
17910 2028 2057 2233 3821 
17911 1559 1558 1557 4036 
17912 49 1450 1774 587 
17913 1880 68 2209 508 
17914 1901 81 2246 514 
17915 2169 2265 64 515 
17916 2096 1906 3793 4137 
17917 534 606 578 4118 
17918 2234 2140 2141 3572 
17919 233 1078 1227 1052 
17920 1751 1234 301 1257 
17921 2275 2010 2045 4007 
17922 796 785 840 3963 
17923 1961 1969 1962 3809 
17924 1765 1685 1814 3711 
17925 1106 1221 1208 4157 
17926 589 539 537 3854 
17927 3628 4110 3430 4178 
17928 3167 4110 3628 4178 
17929 875 809 885 3867 
17930 4009 4068 3383 4183 
17931 858 841 794 4161 
17932 1815 608 62 1471 
17933 1687 1779 1608 3575 
17934 3802 4160 3335 4212 
17935 1975 1972 2120 4081 
17936 1061 1080 1069 3741 
17937 1671 1790 1670 3967 
17938 864 891 865 4113 
17939 1672 1674 1791 3990 
17940 1413 1404 1395 3999 
17941 1874 2224 3833 4173 
17942 1610 1472 1808 3887 
17943 890 889 808 3928 
17944 1841 1619 1604 3648 
17945 2094 2239 1897 3940 
17946 2004 2182 2002 3931 
17947 2241 2040 2032 3872 
17948 707 87 86 3992 
17949 734 758 772 3611 
17950 1366 1316 1364 4171 
17951 3601 3982 3356 4096 
17952 1082 1078 1084 4033 
17953 1985 1986 1974 4013 
17954 2076 1875 2197 3675 
17955 3168 3963 3586 4195 
17956 2130 1891 2151 4021 
17957 2094 2240 2239 3940 
17958 1207 285 1105 1875 
17959 664 655 640 3733 
17960 2076 2202 2071 4045 
17961 3177 4070 3757 4128 
17962 1487 1669 1514 4109 
17963 2222 2237 1854 4017 
17964 3153 3757 4070 4128 
17965 1740 1482 1766 3866 
17966 206 1756 1749 1026 
17967 2190 2097 1931 3851 
17968 1076 241 1057 1771 
17969 950 932 943 4021 
17970 820 822 833 3870 
17971 1455 1652 1479 3792 
17972 2197 1207 286 1221 
17973 3568 3910 3142 4030 
17974 1414 1393 1392 3929 
17975 1429 1748 327 1343 
17976 3536 4010 3223 4205 
17977 937 933 949 3734 
17978 961 211 1011 1738 
17979 204 16 1047 1863 
17980 1435 199 15 1045 
17981 826 868 893 4069 
17982 1862 298 22 1369 
17983 1368 293 21 1432 
17984 1830 1611 3994 4179 
17985 1808 1472 1810 3887 
17986 951 929 930 3880 
17987 812 781 174 2211 
17988 1414 1392 1403 4174 
17989 1013 200 201 3829 
17990 3185 4160 3612 4212 
17991 1240 1259 303 1737 
17992 2130 2004 3753 4209 
17993 1599 1707 1743 3547 
17994 1491 1489 1458 4153 
17995 1072 1087 1086 3995 
17996 1239 1242 1256 4172 
17997 1093 2042 204 4121 
17998 2246 2114 1901 3932 
17999 2162 225 1033 2166 
18000 869 804 802 3805 
18001 913 932 950 4021 
18002 1739 323 1284 1344 
18003 1120 1169 1124 3756 
18004 1118 1119 1117 4051 
18005 3177 3897 3757 4070 
18006 812 173 784 1877 
18007 1756 206 968 1026 
18008 1040 962 220 2178 
18009 1711 1574 1712 3760 
18010 871 809 875 3867 
18011 1154 1183 1220 3845 
18012 1717 111 1724 690 
18013 1165 1149 1139 4096 
18014 1532 1672 1530 4148 
18015 2006 1945 2109 4180 
18016 2165 336 1861 1345 
18017 816 813 861 3941 
18018 1448 1777 1781 3638 
18019 1737 1259 303 1423 
18020 1051 1059 202 3667 
18021 1308 1310 1332 3804 
18022 745 743 765 3919 
18023 947 946 927 3665 
18024 1347 1323 1346 3876 
18025 1841 1498 1500 4117 
18026 304 1277 1737 1611 
18027 110 682 1438 1724 
18028 1587 1799 1671 3812 
18029 1990 2000 2015 3861 
18030 1303 1305 1304 3985 
18031 1987 2135 1989 4004 
18032 1192 1445 265 1190 
18033 1051 201 1075 3642 
18034 1807 148 886 1800 
18035 1334 2174 338 4011 
18036 1685 1778 1470 3971 
18037 1684 1554 1607 3890 
18038 3930 4013 2142 4199 
18039 773 754 731 3672 
18040 1421 1681 1848 3546 
18041 2148 2059 1865 3577 
18042 285 1207 2197 1875 
18043 2110 2006 2109 4180 
18044 2235 1857 2236 4165 
18045 291 1113 2249 1902 
18046 529 4104 531 4215 
18047 597 598 500 4208 
18048 965 228 1016 1893 
18049 665 653 650 3976 
18050 3124 3925 3802 4212 
18051 1323 3876 1347 4158 
18052 528 533 526 3988 
18053 1614 1497 1620 3624 
18054 3131 3890 3524 4087 
18055 3147 3930 3742 4199 
18056 1513 1487 1514 4109 
18057 2006 1923 1945 3847 
18058 340 1283 2177 1859 
18059 682 690 691 3966 
18060 1686 1604 1828 3884 
18061 2211 174 812 1877 
18062 2137 2250 2153 3999 
18063 1437 971 213 1734 
18064 1240 1265 1267 3994 
18065 1102 1192 1176 3922 
18066 1113 291 1179 1902 
18067 776 898 149 1465 
18068 1622 1535 1546 4122 
18069 747 738 746 3730 
18070 1738 1430 1744 3564 
18071 2001 2137 2136 3835 
18072 1999 1989 2029 3604 
18073 2213 1889 1915 4169 
18074 841 780 170 1873 
18075 245 2179 1850 1077 
18076 3672 3890 3131 4087 
18077 2147 1047 230 1863 
18078 217 1718 1435 1045 
18079 1964 1966 1965 4207 
18080 2038 1983 2020 4126 
18081 2135 2029 1989 3604 
18082 1654 1507 1656 3696 
18083 1508 1669 1484 4142 
18084 1580 1494 1491 4065 
18085 1680 1513 1537 3923 
18086 1939 1955 1956 3894 
18087 1624 1773 1769 4098 
18088 1277 1265 3994 4179 
18089 2190 2193 2097 3851 
18090 297 296 3743 4102 
18091 841 170 2229 1873 
18092 966 1015 215 1463 
18093 1457 1490 1816 3901 
18094 1317 1312 1316 3764 
18095 1082 1094 1233 4008 
18096 1737 1830 1611 3994 
18097 1575 1513 1680 4211 
18098 1235 308 2180 1273 
18099 793 835 902 4134 
18100 183 938 964 912 
18101 518 519 507 3821 
18102 1852 2183 98 675 
18103 840 785 167 3963 
18104 2145 1950 1929 4075 
18105 1796 150 776 896 
18106 861 862 816 3941 
18107 2241 2032 2022 3872 
18108 323 1739 1431 1344 
18109 1601 1592 1809 3736 
18110 1334 338 1288 4011 
18111 2238 166 779 1856 
18112 1807 782 147 1426 
18113 1760 1575 1681 4211 
18114 572 619 509 3688 
18115 651 653 673 3661 
18116 2179 245 1053 1077 
18117 689 111 1717 690 
18118 1648 1788 1426 3539 
18119 499 36 1375 631 
18120 1357 1326 1322 3728 
18121 1857 2055 2236 4165 
18122 2252 2130 4021 4209 
18123 1821 1523 1705 3916 
18124 2259 2113 1852 3803 
18125 643 660 87 3917 
18126 2217 3930 2142 4199 
18127 590 73 592 3833 
18128 67 579 1880 4085 
18129 2015 2016 2054 4159 
18130 2180 308 1853 1273 
18131 2252 2130 2151 4021 
18132 3430 4166 3726 4178 
18133 1278 298 22 2041 
18134 101 7 1434 724 
18135 1172 1129 1153 3910 
18136 2042 204 16 1093 
18137 15 199 1612 1092 
18138 529 525 531 4104 
18139 1908 1963 2077 3782 
18140 721 105 687 4198 
18141 1150 1125 1170 3839 
18142 1152 1184 1133 4138 
18143 636 500 41 4208 
18144 106 687 105 4198 
18145 1316 1366 1317 3764 
18146 227 1867 963 4018 
18147 1341 1291 1354 4120 
18148 272 1472 1205 1111 
18149 725 6 88 1865 
18150 716 2176 117 717 
18151 1434 1717 1629 3671 
18152 1818 272 1472 1205 
18153 1323 1299 1346 3876 
18154 310 1278 2041 2164 
18155 681 665 639 3725 
18156 73 590 1874 3833 
18157 1237 1098 251 4055 
18158 592 562 590 3833 
18159 866 1447 154 777 
18160 325 1742 1746 1282 
18161 1650 1471 1792 4204 
18162 2100 2093 1937 4068 
18163 1735 108 686 1730 
18164 1829 1603 1684 3890 
18165 1735 1433 1816 3634 
18166 813 814 781 4061 
18167 67 1880 2204 4085 
18168 1233 1817 1112 4008 
18169 1469 1112 256 1817 
18170 2218 784 173 1877 
18171 603 605 557 3938 
18172 102 755 103 3656 
18173 1260 1235 307 2180 
18174 1506 1751 301 1257 
18175 3111 3949 3647 4203 
18176 1277 1240 304 1737 
18177 2158 1867 227 4018 
18178 1112 256 1116 1469 
18179 1325 1324 1321 4040 
18180 2068 2072 3844 4152 
18181 1408 1419 1391 3858 
18182 1683 1830 1737 3994 
18183 3048 4145 3798 4205 
18184 1898 2197 286 1221 
18185 1487 1493 1486 3961 
18186 1862 2150 2078 4026 
18187 129 1765 733 752 
18188 1233 1836 1817 4008 
18189 860 905 792 4131 
18190 1032 965 1037 4115 
18191 1586 1767 1704 4181 
18192 2111 2278 2035 3986 
18193 671 672 660 4127 
18194 892 899 786 4111 
18195 275 1899 1206 1110 
18196 1833 343 1378 1757 
18197 524 535 532 3807 
18198 858 798 873 3853 
18199 1149 1168 1137 3837 
18200 713 723 686 3634 
18201 938 1012 183 964 
18202 110 682 1724 690 
18203 3158 4145 3801 4205 
18204 1016 963 1034 4018 
18205 2219 2220 2118 4078 
18206 2123 1998 1993 3875 
18207 585 561 614 3811 
18208 813 815 814 4061 
18209 785 2232 167 3963 
18210 1327 1360 1311 3815 
18211 1800 149 898 1465 
18212 2141 2087 2234 4091 
18213 1369 330 2150 1351 
18214 283 1175 2194 1108 
18215 3189 3523 4140 4207 
18216 2017 2098 2230 3960 
18217 548 558 571 3787 
18218 2245 2116 2199 3549 
18219 1748 1429 1705 3916 
18220 284 1175 1105 2195 
18221 1796 776 150 1465 
18222 2248 275 1899 1206 
18223 1293 1337 1347 4158 
18224 1650 1789 1649 4012 
18225 192 1524 1832 916 
18226 1073 1059 1060 3865 
18227 2025 2122 1980 3957 
18228 1742 325 1294 1282 
18229 1432 317 1368 1720 
18230 2150 1862 330 1369 
18231 1878 2217 2212 3742 
18232 1688 1709 1679 4067 
18233 1576 1761 1683 3699 
18234 1028 1047 230 2147 
18235 1483 1459 1485 3830 
18236 1801 1598 1806 3688 
18237 2261 1931 2042 4121 
18238 1829 1618 1620 4087 
18239 2262 1954 198 952 
18240 1346 1299 1296 4136 
18241 3572 3142 4030 4152 
18242 1433 5 83 723 
18243 1493 1575 1763 4041 
18244 1771 1076 241 1503 
18245 895 155 1776 777 
18246 2238 3963 2027 4195 
18247 782 854 146 1426 
18248 1697 1701 1772 4214 
18249 859 810 805 3799 
18250 1864 8 106 726 
18251 1445 265 1784 1192 
18252 2150 331 1338 1351 
18253 1154 1121 1183 3845 
18254 2220 592 73 3833 
18255 1031 1004 1003 4116 
18256 1426 854 146 1793 
18257 45 1835 607 634 
18258 839 779 165 1856 
18259 500 628 41 4208 
18260 612 53 625 1783 
18261 1600 1566 1569 3827 
18262 1388 1391 1403 4174 
18263 2226 839 165 1856 
18264 1159 1161 1160 3914 
18265 618 512 627 4204 
18266 2263 1418 349 2186 
18267 698 718 697 3987 
18268 2096 1932 1906 4137 
18269 953 187 1577 1834 
18270 2181 2029 1859 3531 
18271 1973 2026 1985 3750 
18272 2120 2142 2217 3930 
18273 1608 1553 1686 3884 
18274 1868 683 116 717 
18275 1738 961 211 1430 
18276 953 187 915 1577 
18277 114 714 709 2148 
18278 1655 1709 1823 4067 
18279 1830 1502 1611 4179 
18280 73 1874 2220 3833 
18281 283 1175 2195 2194 
18282 154 1782 1447 866 
18283 2229 169 841 4161 
18284 1680 1848 1681 4211 
18285 794 841 169 4161 
18286 2148 709 114 2154 
18287 872 176 867 1879 
18288 1049 1032 982 4115 
18289 1747 1599 1743 3547 
18290 2045 2010 2189 4007 
18291 850 849 848 4194 
18292 1749 958 207 1026 
18293 666 663 670 4024 
18294 1749 1712 1428 3956 
18295 1308 1314 1306 3659 
18296 2091 2024 2101 3980 
18297 45 1835 1741 607 
18298 1341 294 1291 4120 
18299 501 75 2228 595 
18300 2052 1965 1976 3878 
18301 1642 1635 1729 3784 
18302 2069 2065 2074 3896 
18303 1501 1475 1663 3947 
18304 1263 1257 1274 3977 
18305 1382 1375 36 631 
18306 53 625 1783 1785 
18307 855 802 799 4177 
18308 1043 996 1000 3702 
18309 2160 1976 1978 3791 
18310 1447 1776 155 777 
18311 2033 1949 1983 3761 
18312 2187 2176 117 716 
18313 84 85 663 3732 
18314 1106 2235 287 4157 
18315 2031 2021 1968 3783 
18316 1621 1725 1463 3776 
18317 1113 1232 2249 4193 
18318 1230 1095 236 1085 
18319 2238 840 167 3963 
18320 1478 1645 1529 3848 
18321 72 592 2220 4078 
18322 1874 2224 2220 3833 
18323 2139 2137 2001 3835 
18324 1144 1142 1198 4083 
18325 1621 1539 1531 3921 
18326 1747 1019 209 1023 
18327 1313 1326 1356 4090 
18328 1098 1226 251 4055 
18329 1473 1496 1495 3885 
18330 2195 1105 284 1875 
18331 656 649 652 3979 
18332 1901 2114 2215 3932 
18333 952 1954 198 943 
18334 1203 1082 1233 4008 
18335 1718 217 1029 1045 
18336 1543 1595 1555 3874 
18337 1428 958 207 1749 
18338 1063 1064 1070 3810 
18339 2174 1859 2029 3531 
18340 2102 2225 2106 4019 
18341 1434 112 1717 724 
18342 1466 1795 1799 4064 
18343 1639 1636 1638 4202 
18344 1334 1288 1357 4011 
18345 1711 1710 1574 3760 
18346 941 954 181 1030 
18347 1590 1779 1650 4012 
18348 923 924 931 3849 
18349 1637 1688 1679 3563 
18350 1811 1469 1809 4020 
18351 1921 2275 1888 3769 
18352 954 1044 181 1030 
18353 2024 2091 2236 3980 
18354 1232 1239 1276 4193 
18355 1418 1404 349 2186 
18356 2175 1038 222 1017 
18357 1094 1057 1771 4008 
18358 584 620 502 3939 
18359 116 2176 1868 717 
18360 1615 1759 1580 3704 
18361 2037 2116 2214 3639 
18362 1649 1716 1520 3706 
18363 1278 310 1241 2164 
18364 916 1832 192 954 
18365 1378 1416 343 1833 
18366 1546 1535 1536 3943 
18367 1721 1461 1711 3944 
18368 2249 1232 2266 4193 
18369 1936 1260 307 2180 
18370 2192 2191 2096 4137 
18371 1555 1744 1557 3765 
18372 3174 3955 3836 4155 
18373 2228 75 1896 595 
18374 896 1443 151 884 
18375 41 661 636 4208 
18376 2145 2081 1950 4075 
18377 1094 1771 1836 4008 
18378 1898 287 2235 4157 
18379 41 628 661 4208 
18380 1887 1920 1918 3873 
18381 1914 1890 1916 3958 
18382 689 724 712 3671 
18383 1518 1647 1589 4073 
18384 1428 1747 208 1023 
18385 1749 1756 1712 3956 
18386 853 784 172 2218 
18387 1310 1318 1332 3804 
18388 1315 1354 1318 3589 
18389 112 689 1717 724 
18390 905 860 774 4131 
18391 71 1878 593 506 
18392 1003 1004 995 4116 
18393 951 930 939 3880 
18394 1506 1602 1606 4130 
18395 843 844 845 3881 
18396 1312 1315 1310 4150 
18397 1185 262 1187 1446 
18398 1630 1629 1666 3972 
18399 2043 2188 2009 3969 
18400 997 1001 994 3774 
18401 2117 2104 1962 3822 
18402 2075 2213 2247 4110 
18403 2086 2234 2087 4091 
18404 1758 1497 1614 3624 
18405 251 1258 1237 4055 
18406 2210 867 176 1879 
18407 1446 1185 262 1797 
18408 1443 151 1796 896 
18409 1415 2265 354 1406 
18410 3726 4166 3194 4178 
18411 1699 1698 1568 3846 
18412 3691 4136 3174 4155 
18413 1398 1393 1414 3929 
18414 786 1782 153 866 
18415 1504 1685 1765 3711 
18416 1365 1351 1290 4026 
18417 1680 1537 1605 3923 
18418 665 650 654 3976 
18419 1120 1119 1118 4051 
18420 2218 172 853 2221 
18421 3158 3798 4145 4205 
18422 1684 1420 1829 3672 
18423 153 1786 1782 786 
18424 1073 1060 1063 3865 
18425 1134 1135 1133 4175 
18426 1094 231 1082 1233 
18427 1265 1240 1277 3994 
18428 2265 2008 354 1406 
18429 2031 2242 2021 3783 
18430 2083 1926 2095 4027 
18431 708 686 108 1730 
18432 1028 970 1047 4058 
18433 1598 1627 1528 4146 
18434 2027 1956 2012 4195 
18435 929 940 925 4044 
18436 1898 2235 2092 4157 
18437 1232 1239 254 1276 
18438 533 528 534 3988 
18439 983 975 984 3951 
18440 1858 220 962 2178 
18441 2219 72 2220 4078 
18442 1591 1602 1808 3627 
18443 1585 1567 1698 3908 
18444 620 531 621 4215 
18445 1096 1054 1076 3983 
18446 2238 167 2232 3963 
18447 1687 1505 1764 3733 
18448 1313 1301 1326 4090 
18449 1532 1674 1672 3990 
18450 1491 1492 1489 4153 
18451 592 72 506 4078 
18452 157 778 883 1449 
18453 625 54 505 1785 
18454 2175 221 1038 1858 
18455 1571 1703 1705 3895 
18456 1948 1947 1984 4112 
18457 1393 1401 1384 4039 
18458 1894 331 1338 2150 
18459 1829 1620 1603 4087 
18460 663 673 670 4024 
18461 925 922 929 4044 
18462 2249 2205 2040 4193 
18463 342 2263 1350 1370 
18464 1242 1243 1256 4172 
18465 2067 2068 2072 3844 
18466 1226 1258 251 4055 
18467 2253 2141 2068 4152 
18468 1174 2244 276 1110 
18469 1789 1650 1424 3939 
18470 679 5 83 1522 
18471 706 712 102 4094 
18472 1428 208 958 1023 
18473 119 771 909 759 
18474 678 669 39 635 
18475 1874 2105 2224 4173 
18476 1771 1609 1817 4008 
18477 1952 6 88 677 
18478 1521 7 101 770 
18479 269 1804 1101 1193 
18480 1099 1181 260 1467 
18481 702 703 698 4166 
18482 2190 2261 2112 4088 
18483 1275 249 1231 1238 
18484 1561 1696 1695 4185 
18485 1135 1134 1136 4175 
18486 1210 279 1223 1897 
18487 1878 71 2219 506 
18488 1803 1797 1467 4005 
18489 2028 2233 2237 3821 
18490 1345 337 1861 1288 
18491 1304 1306 1328 3954 
18492 1559 1599 1572 3694 
18493 788 838 159 1482 
18494 2266 1276 2205 4193 
18495 748 744 741 3933 
18496 1975 1970 1972 4081 
18497 1876 2072 2141 4152 
18498 1640 1794 1644 4125 
18499 1292 1380 316 1418 
18500 1405 517 34 629 
18501 2158 2160 1867 4018 
18502 2260 1932 2191 4137 
18503 978 980 1022 3962 
18504 783 836 178 1912 
18505 2238 2027 2223 4195 
18506 1484 1483 1508 4142 
18507 257 1107 1116 1811 
18508 312 1407 1337 1293 
18509 1111 271 1810 1182 
18510 2034 2050 2258 4144 
18511 186 967 952 918 
18512 169 1895 794 4161 
18513 2135 2170 2029 4011 
18514 962 1038 221 1858 
18515 317 1353 1368 1720 
18516 806 805 804 4060 
18517 1109 1179 290 2243 
18518 2085 1937 2086 4009 
18519 2208 2204 1880 4085 
18520 236 1230 1085 1115 
18521 1994 1996 2134 3759 
18522 831 830 824 3850 
18523 1057 242 1094 1771 
18524 1768 159 838 1482 
18525 178 783 1912 2203 
18526 525 526 523 4066 
18527 1401 1405 34 629 
18528 1239 1232 1204 4193 
18529 1328 1284 1331 4156 
18530 612 503 52 1448 
18531 1338 332 1894 1285 
18532 509 1801 58 572 
18533 1640 1677 1794 4125 
18534 506 594 592 4078 
18535 529 527 525 4104 
18536 580 507 520 4017 
18537 2219 506 72 4078 
18538 854 789 145 1793 
18539 967 186 952 1046 
18540 1043 1000 1014 4163 
18541 2170 338 2174 4011 
18542 2239 1223 279 1897 
18543 1771 242 1094 1836 
18544 1762 1494 1580 4065 
18545 1813 260 1181 1467 
18546 1418 316 1292 1370 
18547 1352 1833 329 1367 
18548 852 845 862 4059 
18549 2009 2274 2043 3969 
18550 2244 1899 276 1110 
18551 928 945 948 4086 
18552 1312 1310 1309 4150 
18553 101 761 102 4002 
18554 169 2229 1895 4161 
18555 1420 754 126 1846 
18556 2174 2029 2170 4011 
18557 772 8 106 1951 
18558 1701 1583 1772 4214 
18559 908 124 735 769 
18560 1881 1907 1908 4095 
18561 1894 332 2157 1285 
18562 938 948 945 4086 
18563 132 767 1851 2276 
18564 767 132 758 2276 
18565 1067 1087 1072 3995 
18566 1579 1493 1763 4041 
18567 1276 1264 2205 4193 
18568 1785 54 505 1444 
18569 269 1804 1427 1101 
18570 1180 288 1106 2235 
18571 1755 1420 1684 3672 
18572 1464 1728 319 1281 
18573 2115 2034 2258 3900 
18574 796 855 799 4177 
18575 1602 1506 1610 4130 
18576 1449 883 157 1775 
18577 1806 58 1801 572 
18578 1335 318 1464 1720 
18579 2170 1288 338 4011 
18580 1396 1386 1383 4213 
18581 2069 2075 2247 4110 
18582 787 839 164 2226 
18583 1937 1914 2100 4068 
18584 1212 1215 1153 4030 
18585 141 906 919 837 
18586 1238 249 1231 1114 
18587 1502 1664 1476 3740 
18588 1094 1836 1233 4008 
18589 2142 1991 2128 4199 
18590 1203 1082 231 1233 
18591 1278 1268 298 4093 
18592 1215 1212 1177 4030 
18593 507 77 518 3821 
18594 1810 1472 271 1111 
18595 258 1173 1107 1425 
18596 1078 1088 1084 4033 
18597 1765 129 1504 752 
18598 248 1095 2206 1058 
18599 1964 2102 1966 4207 
18600 1931 2272 2042 4121 
18601 264 1192 1102 3922 
18602 113 725 714 2148 
18603 2111 2035 1968 3986 
18604 693 691 694 4057 
18605 1130 1155 1188 4071 
18606 1732 1622 1546 4122 
18607 2112 2005 2190 4088 
18608 1811 1116 257 1469 
18609 1204 1239 254 1232 
18610 1743 1019 209 1747 
18611 2225 2102 2103 4019 
18612 1095 248 2206 2267 
18613 1325 1361 1324 4040 
18614 318 1335 1353 1720 
18615 736 750 737 3871 
18616 1579 1758 1613 3898 
18617 767 730 133 2184 
18618 1047 970 204 4058 
18619 529 531 620 4215 
18620 705 85 84 3904 
18621 511 1854 79 580 
18622 101 770 761 4002 
18623 1678 1784 1787 3922 
18624 1431 1294 324 1344 
18625 1748 1705 1523 3916 
18626 2243 1179 290 1902 
18627 2114 2038 2215 4126 
18628 2227 1854 79 511 
18629 892 870 899 4111 
18630 759 909 119 792 
18631 669 516 39 635 
18632 1986 2142 1974 4013 
18633 1102 1787 264 3922 
18634 1846 754 126 732 
18635 2263 1953 342 1350 
18636 2237 77 507 3821 
18637 1042 1014 1000 4163 
18638 725 113 1865 2148 
18639 2068 2141 2072 4152 
18640 660 672 637 4127 
18641 1402 312 1407 1337 
18642 857 856 787 4048 
18643 682 691 692 3966 
18644 917 141 919 837 
18645 735 791 124 908 
18646 2235 1180 288 1857 
18647 1783 612 52 1448 
18648 2171 2175 222 1017 
18649 1048 980 1021 4046 
18650 1296 1299 1297 4136 
18651 1689 1670 1790 3967 
18652 2128 2217 2142 4199 
18653 1611 1502 1843 4179 
18654 944 137 953 910 
18655 1928 1929 1949 4132 
18656 2233 518 77 3821 
18657 1688 1636 1639 4202 
18658 1963 1940 1964 4140 
18659 2232 2027 2238 3963 
18660 1524 192 191 916 
18661 1707 1559 1557 4036 
18662 1103 1855 277 1174 
18663 1277 293 1265 4179 
18664 630 578 606 4118 
18665 1422 1847 93 659 
18666 907 180 790 2264 
18667 500 41 42 636 
18668 2168 790 180 2264 
18669 2130 2131 2004 4209 
18670 1317 1339 1358 4062 
18671 1811 258 1107 1425 
18672 636 661 646 4208 
18673 2230 1895 2229 4161 
18674 1554 1518 1589 4073 
18675 2201 2054 2016 4159 
18676 502 60 584 3939 
18677 1852 99 2277 675 
18678 675 99 2277 668 
18679 729 121 122 774 
18680 890 901 789 4022 
18681 1523 1833 329 1352 
18682 1098 251 252 1237 
18683 1530 1531 1532 4148 
18684 1695 1696 1780 4185 
18685 1383 1382 1396 4213 
18686 107 1433 1735 723 
18687 343 344 1378 1757 
18688 1323 1347 1371 4158 
18689 1822 1721 1711 3944 
18690 1149 1165 1166 4096 
18691 1329 1364 1316 4171 
18692 1369 1290 1351 4026 
18693 1721 191 190 934 
18694 1161 1219 1160 3914 
18695 1237 1258 1244 4055 
18696 2237 2233 77 3821 
18697 1792 584 60 3939 
18698 634 33 1417 1405 
18699 1587 1670 1534 4143 
18700 345 346 1377 1462 
18701 2050 2048 2258 4144 
18702 1735 686 107 723 
18703 1851 767 133 2184 
18704 352 351 1376 1892 
18705 1461 190 189 914 
18706 1891 195 196 913 
18707 1263 1274 1252 3977 
18708 1403 1392 1388 4174 
18709 1521 1846 125 770 
18710 1466 623 56 4064 
18711 678 89 640 1764 
18712 1065 1069 1079 4124 
18713 1657 1802 1654 4123 
18714 789 1470 145 1793 
18715 1954 197 198 943 
18716 1400 344 345 1723 
18717 837 917 142 907 
18718 578 44 633 642 
18719 632 38 604 1381 
18720 1214 1184 1152 4138 
18721 95 680 2198 2269 
18722 678 89 1764 1839 
18723 955 142 917 907 
18724 44 680 633 642 
18725 38 632 1415 1381 
18726 1722 347 346 1398 
18727 188 189 939 1719 
18728 1855 2244 277 1174 
18729 1093 204 1056 4121 
18730 264 1784 1192 3922 
18731 2115 1984 2034 3900 
18732 500 598 628 4208 
18733 1847 641 93 659 
18734 623 566 611 4064 
18735 828 902 835 4134 
18736 337 2170 1861 1288 
18737 937 195 194 2149 
18738 352 353 2152 1399 
18739 1603 1554 1684 3890 
18740 1404 350 349 2186 
18741 1795 1466 56 4064 
18742 1900 787 164 2226 
18743 1553 1604 1686 3884 
18744 2104 2224 2105 4173 
18745 2266 1232 1276 4193 
18746 1654 1802 1655 4123 
18747 1742 1294 324 1431 
18748 554 553 555 4217 
18749 850 851 849 4194 
18750 137 944 793 910 
18751 264 1787 1784 3922 
18752 2042 243 2163 1093 
18753 237 1612 1736 1092 
18754 502 1424 60 3939 
18755 716 118 2187 726 
18756 1703 1821 1705 3895 
18757 680 667 95 2198 
18758 1650 1792 1424 3939 
18759 1052 233 234 1097 
18760 64 65 2169 515 
18761 1949 2270 1928 4132 
18762 1035 1050 1012 4216 
18763 2020 2215 2038 4126 
18764 1335 1464 319 1281 
18765 1424 1792 60 3939 
18766 1082 1057 1094 4008 
18767 33 634 517 1405 
18768 1233 1112 1203 4008 
18769 1170 1172 1224 4162 
18770 1380 316 315 1292 
18771 118 1864 2187 726 
18772 161 910 881 1834 
18773 56 623 611 4064 
18774 1226 1098 1200 4055 
18775 770 1846 125 732 
18776 512 618 584 4204 
18777 348 347 1578 1379 
18778 187 188 915 1577 
18779 1575 1680 1681 4211 
18780 982 1032 1037 4115 
18781 1740 161 881 1834 
18782 1047 16 230 1863 
18783 1435 15 217 1045 
18784 1771 1817 1836 4008 
18785 1795 56 611 4064 
18786 1522 679 94 1847 
18787 250 249 1238 1114 
18788 1952 2277 100 677 
18789 578 43 44 642 
18790 604 38 37 1381 
18791 1347 1337 1371 4158 
18792 1832 1044 13 954 
18793 952 14 2262 1046 
18794 24 1418 2263 1370 
18795 1833 1416 23 1367 
18796 1085 235 236 1115 
18797 1650 1649 1590 4012 
18798 35 36 1375 499 
18799 181 182 941 1030 
18800 1083 237 1736 1092 
18801 1082 231 232 1203 
18802 2191 1932 2096 4137 
18803 1953 341 342 1350 
18804 304 21 1277 1611 
18805 584 1792 61 4204 
18806 791 124 123 735 
18807 1081 2163 243 1093 
18808 775 139 140 911 
18809 1784 1678 1679 3922 
18810 1368 21 317 1432 
18811 22 330 1862 1369 
18812 46 45 1741 607 
18813 759 119 120 792 
18814 39 40 516 669 
18815 321 320 1436 1342 
18816 632 2265 2 1415 
18817 2252 2131 2130 4209 
18818 1204 1232 1113 4193 
18819 1268 297 298 4093 
18820 329 328 1523 1352 
18821 1239 254 253 1204 
18822 1434 7 112 724 
18823 584 61 512 4204 
18824 2012 2223 2027 4195 
18825 2249 2266 2205 4193 
18826 1278 22 310 2041 
18827 1417 1835 1 634 
18828 1363 334 333 1866 
18829 907 955 12 2264 
18830 2161 334 335 1349 
18831 185 184 1014 935 
18832 1276 1239 1264 4193 
18833 679 641 94 1847 
18834 1028 230 229 2147 
18835 295 1287 296 4187 
18836 130 1765 771 733 
18837 2165 335 336 1280 
18838 353 354 2008 1406 
18839 942 194 193 2007 
18840 2151 196 197 950 
18841 1765 1838 130 771 
18842 136 2268 2199 769 
18843 11 953 910 1834 
18844 1029 216 217 1718 
18845 1035 997 1050 4216 
18846 92 91 1754 639 
18847 1607 1778 1685 3971 
18848 214 215 1015 1727 
18849 1413 351 350 2153 
18850 664 90 91 1505 
18851 2183 97 98 638 
18852 1709 1688 1823 4067 
18853 677 2277 100 668 
18854 1832 205 1044 968 
18855 218 1027 2262 1046 
18856 640 89 90 1764 
18857 322 321 1733 1340 
18858 769 2199 136 760 
18859 1827 1704 1767 4181 
18860 1935 96 97 662 
18861 303 304 1240 1737 
18862 47 46 1481 513 
18863 1911 65 66 576 
18864 1792 1471 61 4204 
18865 310 309 1241 2164 
18866 323 322 1739 1284 
18867 1832 13 192 954 
18868 1416 23 343 1833 
18869 1044 181 13 954 
18870 175 174 781 2211 
18871 1242 253 252 1229 
18872 2205 2266 305 1276 
18873 299 1837 1770 1275 
18874 644 43 42 630 
18875 180 179 790 2168 
18876 234 235 1086 1228 
18877 628 40 41 661 
18878 1040 220 219 2178 
18879 512 61 1471 4204 
18880 1521 125 7 770 
18881 1769 48 47 575 
18882 2204 66 67 510 
18883 574 50 51 1777 
18884 2212 69 70 596 
18885 2245 2268 162 908 
18886 1838 1814 143 909 
18887 120 121 756 905 
18888 1374 314 313 1286 
18889 909 1814 143 880 
18890 1266 299 1770 1275 
18891 1951 772 131 2276 
18892 908 162 2245 882 
18893 2262 198 14 952 
18894 349 24 1418 2263 
18895 305 2205 1276 1264 
18896 633 680 4 2269 
18897 960 213 214 1437 
18898 315 314 1397 1333 
18899 2262 1027 218 2185 
18900 1832 1756 205 968 
18901 1839 635 63 1815 
18902 944 138 137 793 
18903 2249 1113 292 1232 
18904 635 608 63 1815 
18905 1833 23 329 1367 
18906 2263 342 24 1370 
18907 273 1818 1231 1205 
18908 725 113 6 1865 
18909 2265 354 2 1415 
18910 1835 1 348 1417 
18911 736 122 123 903 
18912 3 678 635 1839 
18913 2266 2249 292 1232 
18914 1837 273 1818 1231 
18915 667 96 95 2198 
18916 1289 327 328 1748 
18917 1433 107 5 723 
18918 228 227 1016 2158 
18919 952 186 14 1046 
18920 1874 73 74 590 
18921 1057 241 242 1771 
18922 1418 24 316 1370 
18923 250 251 1226 1258 
18924 955 193 12 2264 
18925 953 11 187 1834 
18926 1336 341 340 2177 
18927 160 161 881 1740 
18928 227 226 963 1867 
18929 2206 247 248 1058 
18930 964 184 183 912 
18931 171 170 780 1873 
18932 679 94 5 1522 
18933 2246 82 633 514 
18934 1078 232 233 1227 
18935 100 6 1952 677 
18936 501 75 74 2228 
18937 2 64 2265 632 
18938 156 155 1776 895 
18939 1708 267 266 1100 
18940 2246 633 82 2269 
18941 1076 240 241 1503 
18942 1416 311 23 1367 
18943 2248 1230 274 1206 
18944 1233 255 1112 1817 
18945 1185 261 262 1797 
18946 961 210 211 1430 
18947 255 1233 1836 1817 
18948 794 169 168 1895 
18949 49 48 1450 504 
18950 1880 67 68 579 
18951 778 157 158 1449 
18952 177 176 872 1879 
18953 2267 1230 274 2248 
18954 93 92 1422 659 
18955 1750 240 239 1054 
18956 2229 169 170 841 
18957 1749 207 206 1026 
18958 118 8 1864 726 
18959 908 2268 10 769 
18960 771 1838 9 909 
18961 1835 45 1 634 
18962 167 166 840 2238 
18963 682 109 110 1438 
18964 957 224 223 1860 
18965 36 37 1382 631 
18966 1259 302 303 1423 
18967 75 76 1896 595 
18968 838 158 159 1768 
18969 783 178 177 2203 
18970 632 2 38 1415 
18971 772 758 131 2276 
18972 239 238 1421 1074 
18973 280 281 2140 1104 
18974 111 112 689 1717 
18975 18 1095 1230 2267 
18976 1233 1094 17 1836 
18977 1012 183 182 938 
18978 917 142 141 837 
18979 286 285 1207 2197 
18980 967 186 185 918 
18981 955 12 142 907 
18982 245 246 2179 1053 
18983 1231 1837 19 1275 
18984 965 229 228 1893 
18985 20 2266 1232 1276 
18986 788 159 160 1482 
18987 176 175 867 2210 
18988 785 168 167 2232 
18989 503 51 52 1448 
18990 1878 70 71 593 
18991 2157 332 333 1285 
18992 1024 226 225 2162 
18993 836 179 178 1912 
18994 966 215 216 1463 
18995 244 245 1850 1077 
18996 290 289 1109 2243 
18997 152 151 1443 884 
18998 271 270 1810 1182 
18999 683 116 115 1868 
19000 172 171 853 2221 
19001 1011 211 212 1738 
19002 153 152 1786 786 
19003 127 128 731 1755 
19004 268 267 1468 1199 
19005 115 114 709 2154 
19006 2042 16 243 1093 
19007 281 282 1876 1177 
19008 1612 237 15 1092 
19009 953 137 11 910 
19010 54 55 505 1444 
19011 1 33 1417 634 
19012 1774 50 49 587 
19013 2209 68 69 508 
19014 958 207 208 1428 
19015 330 331 2150 1351 
19016 1736 238 237 1083 
19017 219 218 1027 2185 
19018 611 55 56 1795 
19019 260 261 1099 1467 
19020 904 138 139 936 
19021 206 205 1756 968 
19022 147 148 886 1807 
19023 678 39 3 635 
19024 2163 243 244 1081 
19025 72 73 2220 592 
19026 174 173 812 1877 
19027 108 109 708 1730 
19028 166 165 779 1856 
19029 146 147 782 1426 
19030 1796 151 150 896 
19031 134 133 730 2184 
19032 221 220 962 1858 
19033 57 56 1466 623 
19034 320 319 1728 1281 
19035 1187 262 263 1446 
19036 1445 266 265 1190 
19037 77 78 2237 507 
19038 259 260 1181 1813 
19039 76 77 2233 518 
19040 263 264 1102 1787 
19041 971 212 213 1734 
19042 1234 301 302 1751 
19043 1429 327 326 1343 
19044 131 8 772 1951 
19045 1105 285 284 1875 
19046 883 156 157 1775 
19047 1283 340 339 1859 
19048 270 269 1427 1101 
19049 754 126 127 1420 
19050 317 318 1353 1720 
19051 149 150 776 1465 
19052 680 4 44 633 
19053 1033 225 224 2166 
19054 1899 275 276 1110 
19055 1472 272 271 1111 
19056 126 125 1846 732 
19057 107 108 686 1735 
19058 301 300 1506 1257 
19059 129 128 1504 752 
19060 242 17 1094 1836 
19061 1898 286 287 1221 
19062 313 312 1402 1337 
19063 59 58 1806 572 
19064 78 79 1854 580 
19065 34 33 517 1405 
19066 771 9 119 909 
19067 60 59 1424 502 
19068 148 149 898 1800 
19069 1401 34 35 629 
19070 256 257 1116 1469 
19071 1407 312 311 1293 
19072 114 113 714 2148 
19073 1223 279 278 2239 
19074 258 259 1173 1425 
19075 1933 246 247 1090 
19076 1235 308 307 2180 
19077 135 134 753 1934 
19078 291 290 1179 1902 
19079 2194 282 283 1108 
19080 2171 222 223 1017 
19081 289 288 1180 1857 
19082 906 140 141 919 
19083 155 154 1447 777 
19084 1095 236 18 1230 
19085 1210 280 279 1897 
19086 1852 98 99 675 
19087 1095 18 248 2267 
19088 1260 307 306 1936 
19089 1232 254 20 1276 
19090 625 53 54 1785 
19091 2187 117 118 716 
19092 95 4 680 2269 
19093 678 3 89 1839 
19094 1801 58 57 509 
19095 908 10 124 769 
19096 1094 17 231 1233 
19097 1019 209 210 1743 
19098 269 268 1804 1193 
19099 300 299 1770 1266 
19100 1724 111 110 690 
19101 1231 19 249 1275 
19102 326 325 1746 1282 
19103 308 309 1853 1273 
19104 1855 277 278 1103 
19105 907 12 180 2264 
19106 2205 305 306 1264 
19107 1113 292 291 2249 
19108 1818 273 272 1205 
19109 1044 13 205 1832 
19110 14 218 2262 1046 
19111 338 339 2174 1334 
19112 1175 284 283 2195 
19113 2219 71 72 506 
19114 1106 288 287 2235 
19115 99 100 2277 668 
19116 209 208 1747 1023 
19117 910 161 11 1834 
19118 173 172 784 2218 
19119 336 337 1861 1345 
19120 641 93 94 1847 
19121 1038 222 221 2175 
19122 1765 130 129 733 
19123 324 323 1431 1344 
19124 1782 154 153 866 
19125 1112 255 256 1817 
19126 2248 274 275 1206 
19127 116 117 2176 717 
19128 145 144 1470 789 
19129 787 164 163 1900 
19130 81 82 2246 514 
19131 257 258 1107 1811 
19132 133 132 767 1851 
19133 52 53 612 1783 
19134 162 163 2245 882 
19135 512 61 62 1471 
19136 758 132 131 2276 
19137 1901 80 81 577 
19138 144 143 1814 880 
19139 135 136 2199 760 
19140 265 264 1784 1192 
19141 2244 276 277 1174 
19142 1838 9 130 771 
19143 2268 136 10 769 
19144 633 4 82 2269 
19145 324 325 1294 1742 
19146 332 331 1338 1894 
19147 2170 337 338 1288 
19148 62 63 608 1815 
19149 635 63 3 1839 
19150 1837 299 19 1275 
19151 20 305 2266 1276 
19152 10 162 2268 908 
19153 1838 143 9 909 
19154 145 146 854 1793 
19155 839 165 164 2226 
19156 1464 319 318 1335 
19157 1837 19 273 1231 
19158 2266 292 20 1232 
19159 274 18 1230 2267 
19160 1233 17 255 1836 
19161 61 60 1792 584 
19162 2227 79 80 511 
19163 3720 3512 848 876 
19164 3720 848 3512 3188 
19165 3521 3948 3327 3221 
19166 3327 3948 3521 3468 
19167 3995 3810 3150 3993 
19168 3995 3150 3810 3508 
19169 3878 3208 3410 3189 
19170 3878 3410 3208 3438 
19171 536 3807 591 535 
19172 591 3807 536 3633 
19173 3913 3518 3111 3389 
19174 3913 3111 3518 3691 
19175 3875 3998 3535 3133 
19176 3535 3998 3875 3674 
19177 3866 1826 1713 1766 
19178 3866 1713 1826 3491 
19179 4059 863 847 862 
19180 4059 847 863 3579 
19181 3933 742 3342 3550 
19182 3933 3342 742 741 
19183 3521 3408 3766 3049 
19184 3521 3766 3408 3225 
19185 3216 3840 3608 3058 
19186 3829 3071 3487 3291 
19187 3829 3487 3071 3239 
19188 859 3799 878 3375 
19189 859 878 3799 806 
19190 4167 3459 3421 3206 
19191 4167 3421 3459 3625 
19192 3335 3135 4160 3802 
19193 4151 3135 4160 3172 
19194 4151 4160 3135 3802 
19195 3858 1462 3895 1723 
19196 3858 3895 1462 3258 
19197 3674 2216 2108 2143 
19198 3674 2108 2216 3535 
19199 3846 1563 1565 1568 
19200 3846 1565 1563 3423 
19201 3201 806 3375 878 
19202 3201 3375 806 4060 
19203 3799 3375 806 878 
19204 3799 806 3375 4060 
19205 4108 3543 3576 3074 
19206 4108 3576 3543 3157 
19207 4175 3318 1136 3596 
19208 4175 1136 3318 3609 
19209 3972 1632 1633 1630 
19210 3972 1633 1632 3471 
19211 3875 2216 3674 2123 
19212 3875 3674 2216 3535 
19213 3694 1573 1574 1572 
19214 3694 1574 1573 3204 
19215 3833 3684 3580 562 
19216 3833 3580 3684 3154 
19217 3787 3780 550 3210 
19218 3787 550 3780 548 
19219 4096 1141 3343 1139 
19220 4096 3343 1141 3601 
19221 3690 3503 3413 3063 
19222 3690 3413 3503 3231 
19223 3821 568 3883 3399 
19224 3821 3883 568 519 
19225 3986 4088 3122 3620 
19226 3122 4088 3986 3551 
19227 3877 4092 3592 3489 
19228 3592 4092 3877 3541 
19229 3894 2058 3963 1956 
19230 3894 3963 2058 3424 
19231 3885 4073 3544 1518 
19232 3544 4073 3885 3159 
19233 3123 3705 3564 3301 
19234 3564 3705 3123 3566 
19235 3634 1730 1643 1735 
19236 3634 1643 1730 3332 
19237 3557 1410 1411 3379 
19238 3557 1411 1410 1389 
19239 888 3245 895 829 
19240 888 895 3245 3500 
19241 1279 3578 3826 1251 
19242 3826 3578 1279 3519 
19243 3780 3868 4000 3077 
19244 4000 3868 3780 3210 
19245 3909 4097 3516 3235 
19246 3516 4097 3909 3064 
19247 4119 3664 3099 3205 
19248 4119 3099 3664 4056 
19249 3636 818 3767 817 
19250 3636 3767 818 3197 
19251 3292 4184 3612 3061 
19252 3612 4184 3292 3421 
19253 4193 1260 1256 1264 
19254 4193 1256 1260 3368 
19255 4183 3522 3303 3766 
19256 4183 3303 3522 3060 
19257 3711 901 4022 880 
19258 3711 4022 901 3376 
19259 3908 1569 3827 3171 
19260 3908 3827 1569 1567 
19261 1088 3508 1087 1066 
19262 1087 3508 1088 3455 
19263 3880 1825 1461 3267 
19264 3880 1461 1825 1719 
19265 3758 1872 4095 1882 
19266 3758 4095 1872 3288 
19267 1881 4095 1872 1882 
19268 1881 1872 4095 3288 
19269 878 4048 806 857 
19270 806 4048 878 3201 
19271 4007 3847 2192 3165 
19272 4007 2192 3847 1923 
19273 3888 1139 3273 1140 
19274 3888 3273 1139 3343 
19275 1141 3273 1139 1140 
19276 1141 1139 3273 3343 
19277 3901 1643 1819 1816 
19278 3901 1819 1643 3599 
19279 3694 1560 1573 1572 
19280 3694 1573 1560 3460 
19281 920 3849 922 923 
19282 922 3849 920 3294 
19283 3975 3422 3464 3082 
19284 3975 3464 3422 3201 
19285 4081 3341 2119 3495 
19286 4081 2119 3341 3930 
19287 4139 3818 3709 3178 
19288 4139 3709 3818 3282 
19289 3783 2056 2242 2021 
19290 3783 2242 2056 3419 
19291 3871 774 878 3375 
19292 3871 878 774 903 
19293 1429 3518 1282 1746 
19294 1282 3518 1429 3312 
19295 3653 4159 2208 3233 
19296 2208 4159 3653 2015 
19297 3504 1649 1716 1581 
19298 3504 1716 1649 3706 
19299 3503 1440 1844 1460 
19300 3503 1844 1440 3231 
19301 3870 823 821 822 
19302 3870 821 823 3211 
19303 3839 4080 4162 3248 
19304 4162 4080 3839 3236 
19305 4184 3299 3667 3061 
19306 4184 3667 3299 3642 
19307 3681 3722 3146 3483 
19308 3146 3722 3681 3515 
19309 1521 4002 1846 770 
19310 1521 1846 4002 3317 
19311 732 1846 4002 770 
19312 732 4002 1846 3317 
19313 3883 524 535 521 
19314 3883 535 524 3807 
19315 1108 4030 1876 1177 
19316 1876 4030 1108 3411 
19317 3968 3445 4192 3268 
19318 3968 4192 3445 3751 
19319 3818 3914 4172 3280 
19320 4172 3914 3818 3368 
19321 3845 1217 3353 3419 
19322 3845 3353 1217 1154 
19323 1158 1217 3353 1154 
19324 3831 3052 3199 3703 
19325 3831 3199 3052 3545 
19326 4123 3516 3340 3107 
19327 4123 3340 3516 3696 
19328 4040 1348 1321 1325 
19329 4040 1321 1348 3529 
19330 4039 626 517 583 
19331 4039 517 626 3402 
19332 3893 2095 2012 2079 
19333 3893 2012 2095 3391 
19334 4081 2119 2120 1975 
19335 4081 2120 2119 3930 
19336 3846 3607 3392 3093 
19337 3846 3392 3607 3763 
19338 4021 927 946 3665 
19339 4021 946 927 932 
19340 3427 1845 3704 1615 
19341 3427 3704 1845 3398 
19342 3682 3955 4042 3054 
19343 4042 3955 3682 3174 
19344 3967 3943 1689 1536 
19345 3967 1689 3943 3338 
19346 1547 1689 3943 1536 
19347 1547 3943 1689 3338 
19348 3871 857 791 3549 
19349 3871 791 857 878 
19350 556 4217 561 554 
19351 556 561 4217 3173 
19352 3811 561 4217 554 
19353 3811 4217 561 3173 
19354 3739 1691 1690 1552 
19355 3739 1690 1691 3395 
19356 4193 1936 2040 3368 
19357 4193 2040 1936 2205 
19358 3950 3582 3770 3046 
19359 3950 3770 3582 3179 
19360 3464 2080 3639 2019 
19361 3464 3639 2080 3422 
19362 3688 610 591 619 
19363 3688 591 610 3406 
19364 4164 4200 3710 3075 
19365 3710 4200 4164 3310 
19366 3960 1939 1940 2098 
19367 3960 1940 1939 3390 
19368 1260 2180 3282 1235 
19369 3282 2180 1260 1936 
19370 4011 1345 1356 3371 
19371 4011 1356 1345 1288 
19372 3719 1383 3737 3302 
19373 3719 3737 1383 1385 
19374 3428 3974 4164 3044 
19375 4164 3974 3428 3310 
19376 557 3597 3938 582 
19377 3938 3597 557 3476 
19378 3667 1056 3865 1059 
19379 3667 3865 1056 3196 
19380 3894 3942 3219 3391 
19381 3219 3942 3894 3559 
19382 3980 4157 3511 2092 
19383 3511 4157 3980 3228 
19384 4177 3942 3498 3168 
19385 4177 3498 3942 3359 
19386 4018 1024 1031 3348 
19387 4018 1031 1024 963 
19388 3558 4038 3266 3065 
19389 3266 4038 3558 3976 
19390 3895 1702 1571 1703 
19391 3895 1571 1702 3614 
19392 3863 1125 1124 3281 
19393 3863 1124 1125 1126 
19394 3775 1545 3306 3570 
19395 3775 3306 1545 1675 
19396 4159 3435 3126 3233 
19397 4159 3126 3435 3467 
19398 3596 4175 1137 1136 
19399 1137 4175 3596 3179 
19400 3725 1505 1686 3275 
19401 3725 1686 1505 1754 
19402 4140 3697 3782 3390 
19403 4140 3782 3697 3189 
19404 3608 4102 3840 3216 
19405 3840 4102 3608 3602 
19406 3739 4050 3458 3103 
19407 3458 4050 3739 3967 
19408 3415 4120 1368 3277 
19409 3415 1368 4120 1291 
19410 293 1368 4120 3277 
19411 293 4120 1368 1291 
19412 1390 3999 1394 1395 
19413 1394 3999 1390 3670 
19414 3627 1625 3788 3264 
19415 3627 3788 1625 1591 
19416 3737 3501 3538 3195 
19417 3737 3538 3501 3126 
19418 3787 3607 3907 3210 
19419 3787 3907 3607 3137 
19420 3883 4017 3156 3482 
19421 3156 4017 3883 3821 
19422 4091 2088 2085 3213 
19423 4091 2085 2088 2087 
19424 3734 2007 2256 2149 
19425 3734 2256 2007 3465 
19426 1770 1257 4130 1506 
19427 4130 1257 1770 1266 
19428 3816 990 989 992 
19429 3816 989 990 3417 
19430 3716 1041 999 1002 
19431 3716 999 1041 3350 
19432 3678 1942 4028 2018 
19433 3678 4028 1942 3407 
19434 3628 1913 2085 3420 
19435 3628 2085 1913 1915 
19436 4172 1159 3914 1161 
19437 4172 3914 1159 3280 
19438 912 1014 184 935 
19439 912 184 1014 964 
19440 3812 1512 1665 3594 
19441 3812 1665 1512 1587 
19442 3721 4189 3419 3119 
19443 3419 4189 3721 3783 
19444 4105 3094 3278 3499 
19445 4105 3278 3094 3973 
19446 3935 1125 1124 1122 
19447 3935 1124 1125 3281 
19448 4218 3240 3234 3472 
19449 4218 3234 3240 3965 
19450 3687 3234 3240 3472 
19451 3687 3240 3234 3965 
19452 3957 1979 1978 1980 
19453 3957 1978 1979 3270 
19454 3961 4001 3503 3238 
19455 3503 4001 3961 3146 
19456 3787 3638 558 617 
19457 3787 558 3638 3392 
19458 616 558 3638 617 
19459 616 3638 558 3392 
19460 3673 4105 3499 3193 
19461 3499 4105 3673 3057 
19462 3819 3698 3526 3087 
19463 3819 3526 3698 3226 
19464 3493 3919 3317 3470 
19465 3317 3919 3493 3131 
19466 1228 1085 3456 1115 
19467 1228 3456 1085 1086 
19468 3669 2155 3809 2051 
19469 3669 3809 2155 3367 
19470 3734 942 2007 937 
19471 3734 2007 942 3465 
19472 1128 3863 1127 1126 
19473 1127 3863 1128 3635 
19474 3854 573 3684 3441 
19475 3854 3684 573 539 
19476 4121 3851 4088 1931 
19477 4121 4088 3851 3196 
19478 4128 3269 3116 3731 
19479 4128 3116 3269 3651 
19480 3767 3571 3534 3197 
19481 3767 3534 3571 3133 
19482 2182 4209 2004 2131 
19483 2004 4209 2182 3753 
19484 4005 1644 3751 1803 
19485 4005 3751 1644 3434 
19486 3867 811 885 3439 
19487 3867 885 811 809 
19488 3914 1147 3403 3598 
19489 3914 3403 1147 1159 
19490 1789 3504 1598 1581 
19491 1598 3504 1789 3372 
19492 4018 2162 2122 1867 
19493 4018 2122 2162 3348 
19494 1202 4033 3777 1164 
19495 3777 4033 1202 3334 
19496 3748 977 4053 974 
19497 3748 4053 977 3365 
19498 4043 4210 3689 3100 
19499 3689 4210 4043 3239 
19500 1022 3668 959 1049 
19501 959 3668 1022 3384 
19502 1257 4130 1234 3319 
19503 1751 1234 4130 3319 
19504 3622 1812 1626 3475 
19505 3622 1626 1812 1594 
19506 3872 3355 2241 3752 
19507 3872 2241 3355 3731 
19508 3681 1831 1501 3394 
19509 3681 1501 1831 1760 
19510 4043 3384 4210 3668 
19511 4043 4210 3384 3239 
19512 3979 4035 3266 3138 
19513 3266 4035 3979 3488 
19514 4172 1219 3368 1204 
19515 4172 3368 1219 3914 
19516 4129 3936 3982 3062 
19517 4129 3982 3936 3533 
19518 3718 1981 1993 3387 
19519 3718 1993 1981 1992 
19520 1527 4146 1581 1528 
19521 1581 4146 1527 3504 
19522 3547 1753 3694 3296 
19523 3547 3694 1753 1599 
19524 3581 2260 4137 3366 
19525 3581 4137 2260 2191 
19526 3811 615 3781 3444 
19527 3811 3781 615 585 
19528 4074 3610 3443 3088 
19529 4074 3443 3610 3265 
19530 3612 3247 3081 3685 
19531 3081 3247 3612 4052 
19532 4145 3300 3959 3494 
19533 4145 3959 3300 3798 
19534 3064 3959 3300 3494 
19535 3064 3300 3959 3798 
19536 785 4161 795 794 
19537 795 4161 785 3424 
19538 4216 3385 941 1012 
19539 941 3385 4216 4086 
19540 941 938 4216 1012 
19541 4216 938 941 4086 
19542 3776 1029 1021 3449 
19543 3776 1021 1029 966 
19544 3913 3647 3111 3378 
19545 3913 3111 3647 4203 
19546 4058 3410 1010 3668 
19547 1032 1010 3410 3668 
19548 3920 3143 4094 3902 
19549 3920 4094 3143 3446 
19550 1416 1293 311 1367 
19551 311 1293 1416 1407 
19552 4180 3366 3115 3480 
19553 4180 3115 3366 3581 
19554 926 4086 928 948 
19555 928 4086 926 3715 
19556 3843 3934 3304 3235 
19557 3843 3304 3934 3127 
19558 3701 3304 3934 3235 
19559 3701 3934 3304 3127 
19560 515 2265 3388 2169 
19561 515 3388 2265 632 
19562 1086 1097 234 1228 
19563 234 1097 1086 1052 
19564 3944 916 945 3385 
19565 3944 945 916 934 
19566 3685 4184 3667 3061 
19567 3667 4184 3685 3247 
19568 4159 3233 2204 2054 
19569 2204 3233 4159 3584 
19570 2204 1911 4159 2054 
19571 4159 1911 2204 3584 
19572 787 2226 4048 839 
19573 4048 2226 787 1900 
19574 3829 1048 959 1013 
19575 3829 959 1048 3384 
19576 1751 1257 4130 1234 
19577 4130 1257 1751 1506 
19578 4194 3496 3188 3720 
19579 4194 3188 3496 3309 
19580 4107 3188 3496 3720 
19581 4107 3496 3188 3309 
19582 639 1505 91 1754 
19583 91 1505 639 664 
19584 752 1755 3274 731 
19585 3274 1755 752 1504 
19586 1901 511 80 577 
19587 80 511 1901 2227 
19588 4149 4075 4164 3308 
19589 4149 4164 4075 3166 
19590 3764 1365 4062 3367 
19591 3764 4062 1365 1317 
19592 3944 1712 1711 1822 
19593 3944 1711 1712 3760 
19594 3924 1544 1695 3478 
19595 3924 1695 1544 1715 
19596 1835 1379 348 1578 
19597 348 1379 1835 1417 
19598 3993 1072 1058 3456 
19599 3993 1058 1072 1071 
19600 4166 718 698 3987 
19601 4166 698 718 703 
19602 4076 3811 3641 3279 
19603 4076 3641 3811 3173 
19604 1429 1282 326 1746 
19605 326 1282 1429 1343 
19606 2166 957 224 1033 
19607 2166 224 957 1860 
19608 4202 1637 3352 3563 
19609 4202 3352 1637 1636 
19610 793 936 138 904 
19611 793 138 936 944 
19612 516 661 40 628 
19613 40 661 516 669 
19614 3793 1904 1928 3509 
19615 3793 1928 1904 1906 
19616 3857 4182 4100 3259 
19617 4100 4182 3857 3272 
19618 4100 3136 3857 3259 
19619 3857 3136 4100 3272 
19620 2160 3878 3438 2052 
19621 3438 3878 2160 3791 
19622 4181 3258 3120 3929 
19623 4181 3120 3258 3621 
19624 3940 1855 2240 2239 
19625 3940 2240 1855 3485 
19626 4011 1861 2135 2170 
19627 4011 2135 1861 3371 
19628 4015 1916 1924 3463 
19629 4015 1924 1916 1917 
19630 4058 1032 1010 3410 
19631 4058 1010 1032 970 
19632 3318 1709 1679 1445 
19633 3318 1679 1709 4067 
19634 4041 1486 3898 1579 
19635 4041 3898 1486 3961 
19636 1399 1892 3814 2152 
19637 3814 1892 1399 1376 
19638 2149 913 195 1891 
19639 2149 195 913 937 
19640 3991 4047 3447 3058 
19641 3447 4047 3991 3801 
19642 1234 1423 302 1259 
19643 302 1423 1234 1751 
19644 3933 4063 3550 3342 
19645 3550 4063 3933 3209 
19646 3964 2144 2062 2070 
19647 3964 2062 2144 3645 
19648 2214 4048 2116 1900 
19649 2116 4048 2214 3639 
19650 840 4177 3586 855 
19651 3586 4177 840 3963 
19652 4065 4153 1580 3398 
19653 4065 1580 4153 1491 
19654 1845 1580 4153 3398 
19655 1845 4153 1580 1491 
19656 2085 4091 2086 2087 
19657 2086 4091 2085 4009 
19658 4007 1921 2275 2010 
19659 4007 2275 1921 3769 
19660 3912 4019 4207 3134 
19661 4207 4019 3912 3523 
19662 4158 3529 3125 3379 
19663 4158 3125 3529 3876 
19664 4140 1908 3390 3782 
19665 4140 3390 1908 1940 
19666 3786 4038 3266 3132 
19667 3786 3266 4038 4186 
19668 4087 1840 3624 1620 
19669 4087 3624 1840 3524 
19670 1058 1933 247 1090 
19671 1058 247 1933 2206 
19672 3994 1423 1683 3519 
19673 3994 1683 1423 1737 
19674 4059 843 3556 852 
19675 4059 3556 843 3881 
19676 4106 4175 3631 3179 
19677 3631 4175 4106 3409 
19678 720 4094 704 706 
19679 704 4094 720 3632 
19680 3799 806 805 859 
19681 3799 805 806 4060 
19682 1422 639 92 1754 
19683 92 639 1422 659 
19684 4110 2074 2069 2075 
19685 4110 2069 2074 3896 
19686 4170 4054 3244 3084 
19687 4170 3244 4054 3647 
19688 3530 3244 4054 3084 
19689 3530 4054 3244 3647 
19690 1350 2177 3374 1953 
19691 1350 3374 2177 1336 
19692 2164 1273 3480 1853 
19693 2164 3480 1273 1241 
19694 1334 1859 339 2174 
19695 1334 339 1859 1283 
19696 4005 261 1185 1797 
19697 4005 1185 261 1099 
19698 1539 4148 3330 1532 
19699 3330 4148 1539 3921 
19700 4160 4112 3135 3335 
19701 4160 3135 4112 3172 
19702 4017 78 1854 580 
19703 4017 1854 78 2237 
19704 662 2198 3462 1935 
19705 662 3462 2198 667 
19706 1934 760 135 2199 
19707 1934 135 760 753 
19708 903 735 3871 791 
19709 3871 735 903 736 
19710 2265 1406 3388 2008 
19711 3388 1406 2265 1415 
19712 2007 955 193 942 
19713 2007 193 955 2264 
19714 1258 1114 250 1238 
19715 250 1114 1258 1226 
19716 4179 21 1277 293 
19717 4179 1277 21 1611 
19718 4157 287 1221 1898 
19719 4157 1221 287 1106 
19720 1217 3353 1225 1158 
19721 1217 1225 3353 3419 
3 2 4 3668
19722 566 623 611 4252 
19723 2317 2328 2410 4296 
19724 2317 4273 2347 4296 
19725 4228 4263 4236 4346 
19726 2317 4273 4296 4297 
19727 733 747 2400 752 
19728 2328 2317 2347 4296 
19729 891 777 866 2474 
19730 2317 2347 4273 4297 
19731 2427 4228 4341 4346 
19732 739 738 746 4275 
19733 2317 4296 2463 4297 
19734 2348 2306 4296 4320 
19735 2319 4341 4228 4346 
19736 542 559 544 4291 
19737 773 745 757 4275 
19738 2567 2596 4305 4334 
19739 2348 4296 4229 4320 
19740 769 2507 735 760 
19741 2361 2354 2336 4224 
19742 2367 2372 2384 4326 
19743 2352 2350 2325 4227 
19744 2317 2410 2463 4296 
19745 2319 4228 4323 4346 
19746 898 2476 885 776 
19747 2319 2318 4341 4346 
19748 4228 2427 4263 4346 
19749 2463 4297 4296 4371 
19750 819 821 868 4307 
19751 851 884 896 2478 
19752 2354 2336 4224 4319 
19753 738 756 747 4241 
19754 2350 2325 4227 4306 
19755 698 701 695 4295 
19756 669 640 678 2387 
19757 2345 2343 2319 4308 
19758 2343 4228 2319 4308 
19759 2336 2361 4224 4306 
19760 827 877 818 4304 
19761 2319 4228 2343 4323 
19762 2427 4228 4263 4341 
19763 2567 4305 2303 4334 
19764 4296 4297 4273 4371 
19765 2352 4227 2325 4308 
19766 4236 4263 2427 4346 
19767 2325 4227 2527 4308 
19768 834 828 823 4307 
19769 4265 4289 4273 4327 
19770 2353 2344 2316 4221 
19771 2458 4296 2306 4320 
19772 2527 4227 2325 4306 
19773 2596 2524 2567 4305 
19774 859 810 860 4244 
19775 2350 4227 2352 4340 
19776 2301 2351 4310 4337 
19777 2427 4341 2453 4346 
19778 678 39 669 2387 
19779 2298 4226 2523 4298 
19780 2357 4223 2351 4337 
19781 731 754 773 2483 
19782 4223 4310 2351 4337 
19783 768 747 752 4275 
19784 805 810 859 4315 
19785 2343 4228 2525 4323 
19786 2365 2298 2568 4298 
19787 2342 2305 2517 4273 
19788 2458 4229 4296 4320 
19789 4265 4229 4289 4327 
19790 2351 4223 2357 4364 
19791 2567 2303 2364 4334 
19792 2353 4221 2316 4310 
19793 2463 4296 2410 4371 
19794 2316 4221 2344 4311 
19795 738 747 746 4275 
19796 2549 2336 4224 4306 
19797 4229 4296 2348 4327 
19798 2549 4224 2336 4319 
19799 2467 2463 2410 4371 
19800 2348 4319 4229 4327 
19801 2360 4333 4230 4337 
19802 39 40 4265 4285 
19803 891 888 777 4304 
19804 2354 4224 2361 4361 
19805 2472 2367 2384 4326 
19806 742 757 745 4275 
19807 2355 4226 2298 4298 
19808 2525 4228 2343 4308 
19809 676 665 639 4288 
19810 708 686 711 4278 
19811 4229 4319 2565 4327 
19812 731 773 757 4275 
19813 2470 4220 2432 4302 
19814 4242 4274 4219 4300 
19815 4279 4289 4229 4327 
19816 2572 4273 4289 4327 
19817 2528 4221 2316 4311 
19818 669 655 640 4288 
19819 2531 4274 4242 4300 
19820 2297 2319 2318 4341 
19821 803 801 874 4276 
19822 2344 4221 2353 4344 
19823 2412 2306 2330 4320 
19824 524 525 531 4277 
19825 2523 4226 2597 4298 
19826 4222 4305 2596 4334 
19827 815 877 816 4283 
19828 4230 4297 2360 4325 
19829 2434 4244 4276 4364 
19830 4230 4281 4333 4365 
19831 2528 2316 4221 4310 
19832 2434 4325 4244 4364 
19833 2318 2453 4341 4346 
19834 659 670 641 4278 
19835 2360 4297 4230 4333 
19836 2458 2468 4229 4320 
19837 2540 4289 4273 4365 
19838 2568 2298 2523 4298 
19839 639 665 681 4268 
19840 2342 4273 2517 4327 
19841 739 746 742 4275 
19842 534 528 533 4246 
19843 2524 2303 2567 4305 
19844 2527 4249 4227 4306 
19845 2377 2384 2372 4326 
19846 2432 4220 2470 4371 
19847 681 670 659 4278 
19848 639 664 676 4288 
19849 2320 4333 2360 4337 
19850 4223 4325 2357 4364 
19851 4220 4271 2432 4302 
19852 2577 4220 2539 4289 
19853 617 571 622 4317 
19854 4229 4319 2348 4320 
19855 610 560 591 4252 
19856 4227 4308 2352 4340 
19857 2357 2351 2301 4337 
19858 2306 2348 2330 4320 
19859 624 566 611 4328 
19860 647 646 645 4322 
19861 2535 4257 4221 4311 
19862 4230 4281 2543 4333 
19863 2356 4305 4222 4334 
19864 4241 4271 2424 4288 
19865 2570 2517 2305 4273 
19866 2357 4325 4223 4337 
19867 2341 4319 2348 4327 
19868 2323 2360 4297 4325 
19869 2350 4306 4227 4340 
19870 2412 2458 2306 4320 
19871 2543 4333 4281 4365 
19872 648 645 658 4290 
19873 865 863 877 4283 
19874 4241 2424 4275 4288 
19875 4221 4254 2528 4310 
19876 2525 4258 4228 4308 
19877 2429 4239 4340 4341 
19878 560 566 565 4252 
19879 2351 4310 4223 4364 
19880 2303 4305 2356 4334 
19881 610 619 509 4329 
19882 4224 4256 2530 4306 
19883 2354 4320 4224 4361 
19884 773 731 2483 4275 
19885 2360 4230 4325 4337 
19886 43 4279 44 4289 
19887 2539 4220 2577 4269 
19888 44 43 4289 4290 
19889 892 891 866 4287 
19890 4223 4276 4244 4364 
19891 621 620 502 4277 
19892 4273 4289 4220 4365 
19893 2572 4289 4279 4327 
19894 2432 4265 4220 4371 
19895 2298 4226 2349 4323 
19896 4219 4269 4242 4300 
19897 885 898 811 4332 
19898 2548 4260 4223 4310 
19899 2555 4225 4253 4311 
19900 2568 2523 2597 4298 
19901 2548 2301 4310 4337 
19902 2540 4220 2577 4289 
19903 4220 4265 2432 4271 
19904 845 844 843 4253 
19905 544 543 542 4291 
19906 4224 4306 2361 4361 
19907 2523 4226 2298 4323 
19908 2540 2572 4273 4289 
19909 546 569 571 4291 
19910 2440 4297 4230 4325 
19911 4230 4333 2547 4337 
19912 4277 4320 2435 4361 
19913 4273 4296 4265 4327 
19914 864 891 892 4264 
19915 2349 4323 4226 4346 
19916 44 642 43 4290 
19917 806 859 878 4261 
19918 2297 2318 2418 4341 
19919 2377 4240 2414 4326 
19920 4272 4331 4222 4334 
19921 4247 4272 4222 4334 
19922 875 809 871 4294 
19923 2367 2362 2372 4326 
19924 4244 4325 4223 4364 
19925 2354 4319 4224 4320 
19926 774 878 859 4321 
19927 4264 4336 2426 4373 
19928 2344 4311 4221 4344 
19929 559 569 544 4291 
19930 2482 2440 4230 4325 
19931 2589 4230 2547 4337 
19932 2400 752 747 4275 
19933 560 565 538 4292 
19934 2435 4277 4243 4320 
19935 2565 4229 2538 4319 
19936 813 814 815 4245 
19937 2347 2305 2342 4273 
19938 2289 4331 4272 4334 
19939 2289 4272 4247 4334 
19940 2538 4229 2565 4327 
19941 42 41 4285 4289 
19942 2540 2577 4220 4365 
19943 2536 4227 4255 4308 
19944 4233 4280 4219 4300 
19945 747 759 733 4302 
19946 2400 747 733 4302 
19947 669 39 40 4271 
19948 121 756 729 4387 
19949 2431 2458 4229 4296 
19950 2539 4242 4220 4269 
19951 2570 4273 2305 4333 
19952 2539 4220 4242 4289 
19953 2428 4344 4235 4373 
19954 2379 4240 2377 4326 
19955 868 825 819 4299 
19956 542 559 4291 4328 
19957 2530 2549 4224 4306 
19958 2527 4227 2536 4308 
19959 701 720 694 4234 
19960 645 646 636 4348 
19961 4241 4271 4220 4302 
19962 825 868 900 4395 
19963 4273 4333 2574 4365 
19964 877 815 818 4299 
19965 2377 2472 2384 4326 
19966 2482 4244 4230 4286 
19967 560 536 591 4292 
19968 2470 4267 4220 4302 
19969 894 826 828 4349 
19970 2436 4267 4230 4297 
19971 513 613 575 4350 
19972 4219 4241 4275 4288 
19973 4229 4265 4296 4327 
19974 4311 4373 2327 4374 
19975 865 888 891 4304 
19976 2308 2325 2527 4308 
19977 2323 2413 2312 4325 
19978 2364 2303 2356 4334 
19979 4220 4267 2470 4371 
19980 2301 2333 2562 4310 
19981 2548 4310 4223 4337 
19982 2577 4269 4220 4369 
19983 2540 2577 2539 4289 
19984 708 2411 686 4278 
19985 2577 4220 4365 4369 
19986 566 610 623 4252 
19987 2432 2470 2433 4371 
19988 820 821 819 4307 
19989 833 822 820 4307 
19990 2543 2547 4230 4333 
19991 773 2483 754 4313 
19992 641 679 2411 666 
19993 2440 2323 4297 4325 
19994 4226 4326 2355 4346 
19995 2527 2557 4249 4306 
19996 2355 2349 4226 4346 
19997 879 834 824 4247 
19998 4253 4257 2555 4311 
19999 2436 4230 4267 4286 
20000 43 578 44 4391 
20001 4229 4243 2468 4285 
20002 4221 4310 2353 4344 
20003 4222 4305 2356 4343 
20004 2436 4230 2440 4297 
20005 710 699 696 4232 
20006 2348 4296 2329 4327 
20007 4221 2535 4254 4257 
20008 666 679 2411 713 
20009 827 865 877 4304 
20010 2336 2561 2310 4306 
20011 743 745 765 4234 
20012 823 828 826 4307 
20013 2424 4268 4275 4288 
20014 571 569 622 4263 
20015 516 40 39 4285 
20016 863 865 864 4264 
20017 2431 2458 2468 4229 
20018 4222 4262 2596 4305 
20019 2320 2547 4333 4337 
20020 2346 2327 4373 4374 
20021 901 792 860 4380 
20022 2349 2298 2355 4226 
20023 713 679 2411 723 
20024 2375 2414 2377 4240 
20025 2318 2453 2418 4341 
20026 825 827 818 4304 
20027 4225 4336 4264 4373 
20028 41 40 4265 4348 
20029 2528 4254 2553 4310 
20030 2372 4298 2379 4326 
20031 4219 4280 4269 4300 
20032 2320 2324 2520 4337 
20033 2548 2529 4260 4310 
20034 690 691 704 4312 
20035 872 783 833 4318 
20036 833 830 822 4318 
20037 524 523 525 4314 
20038 803 802 801 4315 
20039 2528 2535 4221 4311 
20040 4230 4261 2589 4281 
20041 701 694 695 4295 
20042 622 503 617 4317 
20043 615 616 587 4317 
20044 2482 4230 4244 4325 
20045 640 2387 669 4271 
20046 500 42 41 4285 
20047 2528 2316 2326 4311 
20048 2341 2565 4319 4327 
20049 585 586 615 4248 
20050 708 711 692 4312 
20051 4224 4320 4277 4361 
20052 2589 2543 2547 4230 
20053 2440 2436 2482 4230 
20054 2324 2320 2360 4337 
20055 2353 4344 4310 4376 
20056 834 823 824 4307 
20057 2552 4259 4226 4323 
20058 4226 4298 2355 4326 
20059 2589 4261 4230 4337 
20060 2540 4220 4289 4365 
20061 2517 2570 2574 4273 
20062 4265 4229 4279 4289 
20063 4228 4250 2534 4323 
20064 2424 4241 2464 4271 
20065 2432 4271 2464 4302 
20066 529 527 530 4314 
20067 2470 2432 2464 4302 
20068 2372 2379 2377 4326 
20069 2596 2545 4222 4334 
20070 2432 2433 4265 4371 
20071 693 692 700 4312 
20072 2489 4270 4331 4343 
20073 805 808 810 4315 
20074 2565 2538 2575 4319 
20075 2543 4230 2589 4281 
20076 2365 2355 2298 4298 
20077 2574 2540 2572 4273 
20078 773 754 762 4313 
20079 2574 2517 4273 4327 
20080 2559 4258 2525 4308 
20081 2428 4235 2448 4373 
20082 4306 4340 2350 4372 
20083 4243 4277 4224 4320 
20084 2429 2452 4239 4341 
20085 2530 4224 2542 4256 
20086 2338 2343 2525 4323 
20087 696 699 697 4316 
20088 2411 686 713 723 
20089 2310 2561 2325 4306 
20090 2574 2540 4273 4365 
20091 815 877 4283 4299 
20092 4219 4275 4268 4288 
20093 2490 4326 4248 4346 
20094 2375 2377 2379 4240 
20095 2423 4277 2435 4361 
20096 2436 2482 4230 4286 
20097 4225 4373 4311 4374 
20098 719 699 715 4284 
20099 2525 4228 2534 4323 
20100 2313 2341 2519 4319 
20101 530 527 597 4368 
20102 878 774 903 4321 
20103 530 618 529 4397 
20104 610 591 619 4329 
20105 2441 4325 2434 4364 
20106 672 651 652 4303 
20107 2427 2418 2453 4341 
20108 694 691 693 4312 
20109 4220 4273 4265 4289 
20110 2342 2347 4273 4327 
20111 824 830 831 4318 
20112 695 697 698 4316 
20113 762 745 773 4313 
20114 2468 4243 4229 4320 
20115 2414 4240 2375 4282 
20116 2304 4311 2327 4374 
20117 2431 4229 4265 4296 
20118 2538 4279 4229 4327 
20119 694 704 691 4234 
20120 2332 2300 2353 4376 
20121 2440 2413 2323 4325 
20122 2534 4250 4228 4258 
20123 2332 2353 4310 4376 
20124 2427 4317 4236 4346 
20125 757 768 731 4275 
20126 2542 4246 4224 4319 
20127 875 885 809 4266 
20128 2362 4298 2372 4326 
20129 4248 4326 4226 4346 
20130 710 696 700 4295 
20131 4246 4279 4229 4319 
20132 2548 2541 4223 4260 
20133 2507 769 735 4269 
20134 815 816 813 4338 
20135 44 4289 2494 4290 
20136 810 4244 859 4315 
20137 4223 4261 2541 4337 
20138 4255 4258 2559 4308 
20139 2597 4251 4226 4259 
20140 752 768 2409 731 
20141 2300 4344 2353 4376 
20142 2429 4239 4252 4340 
20143 717 718 683 4316 
20144 2347 4296 4273 4327 
20145 624 565 566 4328 
20146 805 859 806 4315 
20147 2422 2434 4276 4364 
20148 2489 4270 2438 4331 
20149 862 847 845 4335 
20150 2428 2447 4344 4373 
20151 610 509 4252 4329 
20152 543 542 4291 4385 
20153 847 863 864 4335 
20154 2575 4279 4246 4319 
20155 2341 2565 2519 4319 
20156 566 4252 611 4328 
20157 2332 4310 4364 4376 
20158 4280 4300 4233 4367 
20159 738 4241 747 4275 
20160 4273 4297 2347 4333 
20161 532 524 531 4329 
20162 2480 513 575 4350 
20163 2574 4273 2572 4327 
20164 2320 2520 2547 4337 
20165 653 681 665 4268 
20166 2428 4266 4235 4344 
20167 2338 2319 2343 4323 
20168 566 560 610 4252 
20169 646 4242 645 4322 
20170 2323 2312 2360 4325 
20171 2326 2304 2554 4311 
20172 2545 4247 4222 4334 
20173 41 4289 42 4348 
20174 2597 4226 4251 4298 
20175 2549 2561 2336 4306 
20176 4276 4364 4238 4376 
20177 2379 4298 4240 4326 
20178 2431 4265 4229 4285 
20179 647 654 646 4322 
20180 650 651 653 4322 
20181 2596 4222 2545 4262 
20182 2305 4273 2347 4333 
20183 747 768 746 4275 
20184 2555 4257 2535 4311 
20185 2419 2426 4336 4373 
20186 2429 4340 2451 4341 
20187 585 614 561 4350 
20188 809 885 811 4332 
20189 2552 4226 2523 4323 
20190 2533 4225 2555 4374 
20191 651 673 653 4278 
20192 639 2484 664 4288 
20193 4222 4331 2356 4334 
20194 722 710 700 4278 
20195 802 801 4315 4384 
20196 524 523 4314 4381 
20197 2546 2574 4333 4365 
20198 895 777 888 4304 
20199 2536 4227 4249 4255 
20200 518 519 568 4353 
20201 521 520 523 4353 
20202 526 523 581 4354 
20203 520 580 581 4354 
20204 501 589 573 4357 
20205 541 543 562 4357 
20206 594 592 562 4356 
20207 543 545 594 4356 
20208 593 588 563 4358 
20209 549 551 599 4358 
20210 553 600 551 4359 
20211 785 795 796 4360 
20212 799 802 855 4360 
20213 533 528 526 4354 
20214 817 815 814 4362 
20215 814 813 781 4362 
20216 832 820 817 4362 
20217 833 832 872 4362 
20218 4310 4344 4221 4376 
20219 567 559 542 4328 
20220 2562 2548 2301 4310 
20221 659 641 2411 4278 
20222 875 850 887 4342 
20223 659 681 2386 639 
20224 4241 4242 4219 4269 
20225 2431 4229 2468 4285 
20226 2542 4224 2549 4319 
20227 2346 4373 4336 4374 
20228 2356 4331 4222 4343 
20229 4227 4340 4306 4372 
20230 2476 2391 885 776 
20231 735 124 123 4369 
20232 2530 2549 2542 4224 
20233 2464 4271 4241 4302 
20234 756 759 747 4302 
20235 717 703 718 4370 
20236 2536 4255 2559 4308 
20237 648 647 645 4322 
20238 2347 2329 4296 4327 
20239 838 778 893 4395 
20240 807 874 801 4332 
20241 2538 2572 4279 4327 
20242 2334 4306 2350 4372 
20243 2555 4225 2533 4253 
20244 2358 4297 2360 4333 
20245 674 648 658 4366 
20246 2358 2347 4297 4333 
20247 880 792 901 4380 
20248 2531 2569 4242 4274 
20249 868 4270 825 4299 
20250 865 4264 877 4304 
20251 2566 4233 4219 4300 
20252 2308 2527 2558 4308 
20253 828 4270 826 4307 
20254 2570 2574 4273 4333 
20255 2546 4333 2543 4365 
20256 4241 4269 4219 4280 
20257 581 523 520 4256 
20258 562 543 594 4258 
20259 551 600 599 4259 
20260 2376 2369 2385 4298 
20261 2548 4223 2541 4337 
20262 4224 4246 2542 4256 
20263 747 2400 4275 4302 
20264 2527 2325 2561 4306 
20265 820 832 833 4262 
20266 2426 4264 4231 4336 
20267 43 642 644 4290 
20268 4223 4260 2541 4261 
20269 2558 2343 2308 4308 
20270 2341 2313 2348 4319 
20271 825 4270 868 4395 
20272 2521 4298 4251 4301 
20273 4270 4272 2438 4331 
20274 4225 4245 4336 4374 
20275 2552 2597 4226 4259 
20276 826 4270 828 4349 
20277 4305 4336 4245 4374 
20278 615 504 614 4248 
20279 661 646 655 4288 
20280 4237 4361 2423 4372 
20281 2530 2561 2549 4306 
20282 610 509 623 2390 
20283 4225 4245 4231 4336 
20284 2548 2562 2529 4310 
20285 2554 2528 2326 4311 
20286 756 747 4241 4302 
20287 4236 4323 4228 4346 
20288 4245 4305 4231 4336 
20289 640 2485 2387 4271 
20290 519 522 568 4381 
20291 521 523 524 4381 
20292 549 550 551 4382 
20293 588 547 563 4382 
20294 2523 2552 2597 4226 
20295 887 776 885 4266 
20296 795 797 796 4384 
20297 799 801 802 4384 
20298 898 886 811 4332 
20299 2528 2554 2535 4311 
20300 4306 2334 4361 4372 
20301 2423 4237 4277 4361 
20302 4336 4373 4225 4374 
20303 864 865 891 4264 
20304 2557 2561 2530 4306 
20305 589 539 573 4385 
20306 845 846 844 4386 
20307 542 543 541 4385 
20308 121 4267 120 4330 
20309 2448 4264 2426 4373 
20310 665 654 650 4322 
20311 2428 2448 2447 4373 
20312 804 806 856 4389 
20313 865 877 4264 4283 
20314 2350 4340 2299 4372 
20315 4235 4266 4221 4344 
20316 586 585 552 4394 
20317 552 551 550 4394 
20318 2449 4336 4231 4343 
20319 532 535 524 4381 
20320 577 534 533 4354 
20321 2422 4364 4276 4376 
20322 2562 2528 2553 4310 
20323 906 775 879 4377 
20324 602 601 555 4324 
20325 742 745 4234 4275 
20326 546 571 548 4382 
20327 802 869 855 4339 
20328 2548 2529 2541 4260 
20329 766 740 748 4367 
20330 2304 2327 2346 4374 
20331 571 558 548 4394 
20332 860 792 905 4286 
20333 2334 2350 2299 4372 
20334 4222 4247 2545 4318 
20335 623 2390 611 4252 
20336 804 856 869 4339 
20337 858 842 873 4345 
20338 842 843 844 4345 
20339 698 701 4295 4309 
20340 739 738 4275 4280 
20341 669 640 4271 4288 
20342 2448 4235 4287 4373 
20343 2315 2282 2286 4334 
20344 2539 2571 4242 4269 
20345 4222 4331 4270 4343 
20346 2485 640 664 4288 
20347 4220 4265 4273 4371 
20348 640 655 664 4288 
20349 528 606 597 4368 
20350 2526 4311 2304 4374 
20351 4230 4333 4297 4365 
20352 742 4234 745 4393 
20353 4264 4287 4225 4373 
20354 2312 2413 2321 4325 
20355 649 652 651 4392 
20356 120 4267 121 4321 
20357 4225 4287 4235 4373 
20358 2369 2579 2385 4298 
20359 610 509 2390 4252 
20360 500 630 42 4279 
20361 2462 2424 4271 4288 
20362 571 617 558 4317 
20363 807 801 800 4384 
20364 2396 614 504 4248 
20365 615 2396 504 4248 
20366 809 800 871 4384 
20367 773 4234 745 4275 
20368 2448 4287 4264 4373 
20369 681 659 4268 4278 
20370 848 846 849 4386 
20371 876 848 850 4386 
20372 878 4261 859 4321 
20373 4267 4230 4297 4365 
20374 40 41 4265 4285 
20375 2566 4219 4233 4274 
20376 879 824 831 4247 
20377 2527 2561 2557 4306 
20378 780 853 843 4396 
20379 852 861 862 4396 
20380 852 845 843 4396 
20381 2354 2348 4319 4320 
20382 2329 2348 2306 4296 
20383 895 829 883 4395 
20384 620 584 502 4397 
20385 2300 2332 2421 4376 
20386 538 565 540 4385 
20387 2519 2336 2313 4319 
20388 2311 2339 2419 4336 
20389 611 624 2408 505 
20390 891 4264 866 4287 
20391 2379 2378 4240 4298 
20392 621 531 620 4277 
20393 2539 4242 2571 4290 
20394 2542 4256 4246 4354 
20395 2429 4239 2452 4328 
20396 2483 4234 773 4275 
20397 2316 2344 2326 4311 
20398 669 2387 39 4271 
20399 2414 4240 2437 4326 
20400 2527 2536 2558 4308 
20401 4222 2545 4262 4318 
20402 2533 4245 4225 4374 
20403 4219 4242 4241 4288 
20404 651 653 4268 4278 
20405 2554 2555 2535 4311 
20406 2308 2352 2325 4308 
20407 535 591 536 4381 
20408 619 572 509 4329 
20409 2531 2569 2571 4242 
20410 622 4263 503 4317 
20411 782 897 886 4332 
20412 2367 2472 2307 4326 
20413 2560 2338 2525 4323 
20414 2437 4240 2414 4282 
20415 4242 4271 4241 4288 
20416 899 849 870 4335 
20417 893 868 826 4270 
20418 746 757 742 4275 
20419 651 4268 653 4322 
20420 2538 4279 2572 4289 
20421 2449 2426 4231 4336 
20422 735 123 736 4269 
20423 749 744 763 4367 
20424 2452 4263 4239 4341 
20425 602 557 603 4324 
20426 2287 4272 2289 4331 
20427 540 567 542 4385 
20428 4266 4344 2428 4376 
20429 2458 2412 2468 4320 
20430 2507 735 760 4300 
20431 2341 2348 2329 4327 
20432 860 859 4244 4321 
20433 40 661 669 4271 
20434 635 516 39 4375 
20435 834 4272 828 4307 
20436 4267 4297 4273 4365 
20437 2337 2355 4326 4346 
20438 2445 4317 2427 4346 
20439 851 899 884 4342 
20440 2556 4305 4245 4374 
20441 557 582 605 4383 
20442 892 870 864 4335 
20443 383 2334 2299 4372 
20444 554 561 556 4350 
20445 648 4274 645 4290 
20446 2566 4233 4300 4367 
20447 4233 4274 4219 4316 
20448 2311 2417 2322 4343 
20449 4225 2533 4253 4338 
20450 2521 2371 4298 4301 
20451 2537 2494 44 4289 
20452 2378 4240 4298 4301 
20453 728 706 684 4313 
20454 2429 2451 2452 4341 
20455 41 661 40 4348 
20456 645 4242 646 4348 
20457 4225 4245 2533 4338 
20458 2569 4242 4274 4290 
20459 2306 2410 2328 4296 
20460 2435 4320 2442 4361 
20461 906 4247 879 4378 
20462 502 572 621 4329 
20463 859 4261 806 4315 
20464 4229 4224 4319 4320 
20465 719 715 709 4284 
20466 2321 2357 4325 4364 
20467 2439 4267 2436 4297 
20468 2596 4262 2551 4305 
20469 2363 4331 2282 4334 
20470 4229 4243 4224 4320 
20471 4297 4333 4273 4365 
20472 646 4271 661 4348 
20473 2424 4268 2459 4275 
20474 560 591 4252 4292 
20475 2423 4329 4237 4372 
20476 2460 4331 2309 4343 
20477 819 868 4299 4307 
20478 653 670 681 4278 
20479 560 4252 565 4292 
20480 767 749 758 4370 
20481 2552 4250 4259 4323 
20482 43 4290 644 4348 
20483 666 641 670 4278 
20484 648 645 4274 4322 
20485 614 585 615 4248 
20486 689 690 704 4313 
20487 742 741 739 4280 
20488 2311 4336 2449 4343 
20489 615 586 616 4394 
20490 122 4321 121 4330 
20491 661 4271 646 4288 
20492 610 4252 591 4329 
20493 750 737 740 4387 
20494 2339 2419 4336 4373 
20495 2372 2376 2379 4298 
20496 2478 851 884 4342 
20497 742 745 743 4393 
20498 571 4263 622 4317 
20499 2445 2490 4248 4346 
20500 640 2485 4271 4288 
20501 877 4299 818 4304 
20502 2336 2310 2361 4306 
20503 2597 4251 2521 4298 
20504 636 646 661 4348 
20505 531 525 529 4277 
20506 2525 2343 2558 4308 
20507 119 120 4286 4302 
20508 503 4263 622 4388 
20509 803 874 808 4276 
20510 2386 681 659 4268 
20511 2317 2358 2347 4297 
20512 529 530 4277 4314 
20513 633 44 578 4391 
20514 706 720 684 4313 
20515 622 612 503 4388 
20516 582 556 564 4350 
20517 4230 4223 4325 4337 
20518 2596 2522 2545 4334 
20519 4230 4261 4223 4337 
20520 2360 2358 2323 4297 
20521 738 739 737 4387 
20522 736 123 122 4387 
20523 2526 2554 2304 4311 
20524 835 902 828 4272 
20525 2449 4231 2444 4343 
20526 505 625 609 4388 
20527 2571 4242 2569 4290 
20528 709 683 719 4316 
20529 2536 2559 2558 4308 
20530 2311 2449 2417 4343 
20531 626 583 564 4282 
20532 4222 4272 4270 4331 
20533 4265 4296 4273 4371 
20534 2570 2546 2574 4333 
20535 4240 4248 2437 4326 
20536 851 896 887 4342 
20537 565 4252 566 4328 
20538 668 657 675 4284 
20539 636 644 645 4348 
20540 834 824 4247 4307 
20541 43 644 42 4348 
20542 680 642 44 4290 
20543 513 2480 2402 4350 
20544 2429 4252 4239 4328 
20545 4223 4244 4230 4325 
20546 4224 4246 4229 4319 
20547 4224 4243 4229 4246 
20548 833 4262 872 4318 
20549 4230 4244 4223 4261 
20550 4227 4252 4239 4340 
20551 2337 2307 2461 4326 
20552 880 909 792 4286 
20553 851 2478 896 4342 
20554 715 699 727 4284 
20555 2539 4289 4242 4290 
20556 741 748 740 4280 
20557 4225 4253 4283 4338 
20558 711 686 713 4278 
20559 665 4268 639 4288 
20560 2414 2472 2377 4326 
20561 2522 4247 2545 4334 
20562 887 2391 776 4266 
20563 906 879 837 4378 
20564 698 703 702 4370 
20565 2525 2534 2560 4323 
20566 2543 2546 2547 4333 
20567 4236 4248 4226 4346 
20568 2301 2351 2333 4310 
20569 4246 4279 2575 4391 
20570 2302 4320 2354 4361 
20571 2522 2281 2564 4247 
20572 2460 2309 2322 4343 
20573 2325 2308 2527 407 
20574 524 4277 531 4329 
20575 2334 2361 2350 4306 
20576 2288 2289 2285 4247 
20577 2561 2310 2325 406 
20578 2482 4244 2434 4325 
20579 2289 2282 4331 4334 
20580 815 4283 816 4338 
20581 2367 2307 2362 4326 
20582 2289 2286 2282 4334 
20583 860 774 859 4321 
20584 2522 2281 4247 4334 
20585 2321 2351 2357 4364 
20586 2281 2291 2564 4247 
20587 2315 2363 2282 4334 
20588 826 894 893 4349 
20589 2423 4277 4237 4329 
20590 2543 4281 4261 4363 
20591 4268 4275 4219 4312 
20592 885 776 2391 4266 
20593 644 658 645 4290 
20594 2419 2426 2449 4336 
20595 2428 2448 4235 4287 
20596 666 2411 641 4278 
20597 878 903 791 4363 
20598 4225 4283 4245 4338 
20599 754 732 762 4313 
20600 4221 4344 4266 4376 
20601 2304 2554 394 2326 
20602 2289 2285 4247 4272 
20603 2521 4251 2544 4301 
20604 737 739 740 4280 
20605 2437 4248 4240 4350 
20606 2356 4305 2359 4343 
20607 736 750 735 4387 
20608 2302 2354 2361 4361 
20609 605 499 631 4347 
20610 4220 4302 4267 4330 
20611 874 4276 801 4332 
20612 530 529 4277 4397 
20613 885 875 887 4266 
20614 2361 4306 2334 4361 
20615 2558 2559 2525 4308 
20616 569 4263 571 4291 
20617 733 759 771 4302 
20618 756 738 729 4387 
20619 639 681 2386 4268 
20620 2306 2458 2410 4296 
20621 676 654 665 4288 
20622 2554 2526 2555 4311 
20623 559 4263 569 4291 
20624 666 713 2411 4278 
20625 2316 2528 396 2333 
20626 614 575 613 4350 
20627 2289 4247 2288 4334 
20628 2438 4272 2415 4331 
20629 710 700 4278 4295 
20630 2332 373 2300 2421 
20631 4273 4297 4267 4371 
20632 747 4275 4241 4302 
20633 2332 2353 2351 4310 
20634 808 810 4315 4380 
20635 2376 2314 2369 4298 
20636 2332 2455 2421 4376 
20637 880 2393 909 4286 
20638 2287 2285 2289 4272 
20639 2462 2424 2464 4271 
20640 2360 4325 2357 4337 
20641 2287 2415 4272 4331 
20642 2306 2410 379 2328 
20643 728 755 706 4313 
20644 4239 4263 4228 4341 
20645 877 4283 4299 4304 
20646 2378 4298 2371 4301 
20647 708 4278 711 4312 
20648 875 4266 809 4294 
20649 607 46 2481 513 
20650 868 893 900 4395 
20651 765 764 743 4309 
20652 2342 2329 2347 4327 
20653 2281 2288 4247 4334 
20654 2489 2438 2415 4331 
20655 2333 2562 397 2301 
20656 2448 2426 2419 4373 
20657 121 4330 756 4387 
20658 524 525 4277 4314 
20659 2543 2589 4261 4281 
20660 2429 4340 4252 4372 
20661 2526 2533 2555 4374 
20662 2441 2321 2413 4325 
20663 803 801 4276 4315 
20664 816 862 861 4283 
20665 4238 4276 4223 4364 
20666 746 768 757 4275 
20667 2347 2329 2328 4296 
20668 2524 2331 2303 4305 
20669 2423 2435 2442 4361 
20670 862 863 847 4283 
20671 2427 4263 4236 4317 
20672 2411 713 686 4278 
20673 2311 2419 2449 4336 
20674 2409 768 752 4275 
20675 2332 4310 2351 4364 
20676 863 816 877 4283 
20677 2422 2441 2434 4364 
20678 2369 2365 2579 4298 
20679 2339 4336 2346 4373 
20680 2430 2392 39 4285 
20681 530 598 627 4375 
20682 2333 2353 2316 4310 
20683 2552 4251 2597 4259 
20684 2566 4274 4233 4316 
20685 533 4246 528 4354 
20686 571 4263 4236 4382 
20687 630 500 606 4368 
20688 2313 2336 2519 404 
20689 44 2499 2537 4279 
20690 2281 2289 2288 4334 
20691 4244 4261 859 4315 
20692 765 755 728 4313 
20693 2295 2282 2368 4331 
20694 2534 4250 2552 4323 
20695 2400 2424 4275 4302 
20696 773 4234 2483 4313 
20697 862 845 4253 4283 
20698 383 2299 2420 4372 
20699 689 2398 690 4313 
20700 701 4234 694 4295 
20701 2444 4270 2489 4343 
20702 2489 4331 2460 4343 
20703 622 569 570 4388 
20704 717 683 2505 4316 
20705 672 673 651 4303 
20706 2482 2413 2440 4325 
20707 2350 2310 2325 4306 
20708 2519 2549 2336 4319 
20709 859 4261 4244 4321 
20710 2322 2417 2460 4343 
20711 2319 4323 2349 4346 
20712 4236 4263 571 4317 
20713 123 124 4281 4369 
20714 2543 4261 2589 4363 
20715 620 502 4277 4397 
20716 2556 2551 4245 4305 
20717 900 829 825 4395 
20718 2362 2355 4298 4326 
20719 750 760 735 4300 
20720 2328 2410 378 2317 
20721 810 860 4244 4380 
20722 2437 4240 4282 4350 
20723 4238 4260 4254 4310 
20724 375 2321 2312 2413 
20725 2380 2371 2563 4301 
20726 809 4266 885 4332 
20727 4235 4344 4311 4373 
20728 124 2506 2500 4369 
20729 710 727 699 4303 
20730 738 4280 739 4387 
20731 751 104 721 728 
20732 4265 4285 41 4289 
20733 401 2517 2342 2305 
20734 2524 2556 2331 4305 
20735 2579 2371 2385 4298 
20736 4308 4340 4239 4341 
20737 4234 4219 4275 4312 
20738 833 822 4307 4318 
20739 2521 2563 2371 4301 
20740 546 4291 571 4382 
20741 2379 2371 2378 4298 
20742 395 2528 2316 2326 
20743 898 2476 886 4332 
20744 383 2454 2334 4372 
20745 2356 2309 4331 4343 
20746 2379 4240 2378 4347 
20747 40 4271 4265 4348 
20748 857 806 878 4389 
20749 530 4314 527 4368 
20750 808 890 810 4380 
20751 2561 2336 2310 405 
20752 828 902 894 4349 
20753 2354 2330 2348 4320 
20754 899 786 884 4287 
20755 690 4312 704 4313 
20756 809 871 4294 4384 
20757 85 637 685 705 
20758 2541 4261 2589 4337 
20759 4241 4275 2424 4302 
20760 2452 4239 4263 4328 
20761 2597 2544 2521 4251 
20762 2409 731 768 4275 
20763 4235 2428 4287 4342 
20764 895 2474 777 4304 
20765 2558 408 2308 2343 
20766 644 645 4242 4290 
20767 2580 769 2507 4269 
20768 4235 4266 2428 4342 
20769 4249 4256 4237 4306 
20770 2430 39 4265 4285 
20771 863 4264 864 4283 
20772 4235 4257 4253 4311 
20773 538 4292 565 4385 
20774 513 626 613 4350 
20775 862 845 4283 4335 
20776 2431 4265 2465 4296 
20777 2383 631 499 4347 
20778 742 739 4275 4280 
20779 534 4246 533 4354 
20780 500 41 628 4285 
20781 4224 4277 4237 4361 
20782 903 774 122 4321 
20783 2444 2449 2426 4231 
20784 2539 2494 4289 4290 
20785 2421 2428 4344 4376 
20786 2281 2288 2291 4247 
20787 2407 502 2388 4277 
20788 4222 4231 4262 4305 
20789 2458 2410 379 2306 
20790 516 628 40 4285 
20791 906 2283 2280 4378 
20792 2533 2556 4245 4374 
20793 2541 4261 4260 4389 
20794 605 603 557 4301 
20795 675 657 638 4392 
20796 892 4264 891 4287 
20797 892 866 786 4287 
20798 43 44 4279 4391 
20799 4273 4365 4220 4371 
20800 4239 4258 4255 4308 
20801 123 4281 124 4363 
20802 591 4292 536 4381 
20803 751 721 105 734 
20804 123 4281 122 4369 
20805 2467 2439 2463 4371 
20806 863 4283 864 4335 
20807 2409 2483 731 4275 
20808 792 4286 860 4380 
20809 41 4265 4289 4348 
20810 865 4264 863 4283 
20811 42 4285 4279 4289 
20812 44 4279 2537 4289 
20813 2561 2325 2527 406 
20814 571 4291 4263 4382 
20815 637 85 663 705 
20816 610 2390 623 4252 
20817 2441 2321 4325 4364 
20818 542 4291 4239 4328 
20819 2418 386 2318 2297 
20820 2308 2343 2345 4308 
20821 2337 4326 2416 4346 
20822 2298 2338 2523 4323 
20823 2295 2368 2471 4331 
20824 2416 2337 2461 4326 
20825 730 753 766 4300 
20826 685 705 637 4278 
20827 2307 2472 2461 4326 
20828 2490 2437 4248 4326 
20829 2345 4340 4308 4341 
20830 2485 664 2484 4288 
20831 720 704 694 4313 
20832 124 2500 4363 4369 
20833 377 2323 2317 4297 
20834 2286 2296 2366 4334 
20835 2335 4340 2345 4341 
20836 906 2280 4247 4378 
20837 2345 2352 4308 4340 
20838 2457 2287 2415 4272 
20839 879 834 4247 4377 
20840 4251 4298 4240 4301 
20841 684 721 104 728 
20842 565 4292 4252 4328 
20843 4252 4292 591 4329 
20844 2483 732 754 4313 
20845 2338 409 2525 2343 
20846 2542 2575 4246 4319 
20847 2355 2337 2349 4346 
20848 2521 2544 2563 4301 
20849 633 2499 44 4391 
20850 4223 4310 4238 4364 
20851 2290 2287 2457 4272 
20852 836 790 831 4378 
20853 103 706 684 728 
20854 2465 4296 4265 4371 
20855 691 4234 704 4312 
20856 2319 2349 2318 4346 
20857 2528 2562 396 2333 
20858 756 4241 738 4387 
20859 4220 4241 4302 4330 
20860 2408 611 4252 4328 
20861 2421 2332 373 2455 
20862 4221 4311 4235 4344 
20863 2539 2577 2571 4269 
20864 878 903 4281 4321 
20865 2320 2358 2360 4333 
20866 571 4236 4317 4394 
20867 2568 2579 2365 4298 
20868 708 2425 2411 4278 
20869 2322 2311 369 2417 
20870 646 4288 4242 4322 
20871 4239 4308 4227 4340 
20872 565 4292 4328 4385 
20873 2297 2345 2319 4341 
20874 621 4277 502 4329 
20875 2379 2375 4240 4347 
20876 663 637 705 4278 
20877 2409 752 2400 4275 
20878 2303 2359 2356 4305 
20879 2345 2335 2352 4340 
20880 717 718 4316 4370 
20881 2326 2327 2304 4311 
20882 2332 4364 2455 4376 
20883 570 559 609 4388 
20884 644 4242 645 4348 
20885 2308 2527 407 2558 
20886 2339 370 2311 2419 
20887 380 2412 2306 2330 
20888 2538 2575 4279 4391 
20889 2589 2547 2520 4337 
20890 843 4253 844 4386 
20891 845 844 4253 4386 
20892 745 4234 773 4313 
20893 809 4294 4266 4332 
20894 660 643 87 707 
20895 892 864 4264 4287 
20896 2459 4275 4268 4312 
20897 2305 2347 2358 4333 
20898 2360 2357 2324 4337 
20899 4226 4248 4240 4326 
20900 2299 2350 2352 4340 
20901 2445 2427 2453 4346 
20902 2355 2314 2362 4298 
20903 2444 4231 4270 4343 
20904 2490 2416 4326 4346 
20905 4231 4264 4225 4336 
20906 2317 2410 378 2463 
20907 538 539 537 4292 
20908 545 546 547 4291 
20909 543 544 545 4291 
20910 4267 4297 2439 4371 
20911 551 552 553 4293 
20912 554 552 585 4293 
20913 553 554 555 4293 
20914 537 522 536 4292 
20915 873 876 798 4294 
20916 2441 2482 2434 4325 
20917 591 4329 4292 4381 
20918 798 871 797 4294 
20919 2331 392 2524 2303 
20920 809 4294 4332 4384 
20921 720 4234 701 4309 
20922 620 529 618 4397 
20923 635 39 2392 4375 
20924 4267 4220 4365 4371 
20925 43 4289 4290 4348 
20926 687 105 721 734 
20927 401 2570 2517 2305 
20928 833 872 4262 4362 
20929 2439 2436 2440 4297 
20930 4238 4254 4221 4310 
20931 571 4382 4236 4394 
20932 834 828 4272 4377 
20933 897 889 874 4379 
20934 880 4286 792 4380 
20935 559 4263 4291 4328 
20936 878 4281 903 4363 
20937 2379 2378 2375 4347 
20938 4237 4306 4224 4361 
20939 4311 4344 2327 4373 
20940 560 538 536 4292 
20941 2376 2385 2371 4298 
20942 2450 4329 2423 4372 
20943 2519 2341 2313 403 
20944 2464 4241 2424 4302 
20945 2523 2338 2560 4323 
20946 2421 4344 2300 4376 
20947 2330 2302 381 4320 
20948 2390 4252 509 4329 
20949 761 770 724 4313 
20950 2354 2348 2313 4319 
20951 874 889 808 4276 
20952 2354 2313 2336 4319 
20953 695 698 4295 4316 
20954 4245 4262 4231 4305 
20955 2327 4344 2340 4373 
20956 2519 2565 2575 4319 
20957 4226 4323 4236 4346 
20958 529 620 531 4277 
20959 544 569 546 4291 
20960 705 84 666 713 
20961 4231 4305 4222 4343 
20962 576 603 515 4390 
20963 2356 2322 2309 4343 
20964 4238 4364 4310 4376 
20965 2524 391 2567 2303 
20966 521 4353 523 4381 
20967 549 551 4358 4382 
20968 103 706 728 755 
20969 2330 381 2412 4320 
20970 630 606 4279 4368 
20971 2337 388 2461 2307 
20972 2339 2346 2327 4373 
20973 799 802 4360 4384 
20974 4235 4221 4257 4311 
20975 572 2407 509 4329 
20976 541 543 4357 4385 
20977 2420 4340 2429 4372 
20978 871 876 875 4294 
20979 4223 4260 4238 4310 
20980 865 891 4264 4304 
20981 500 4279 42 4285 
20982 2567 391 2364 2303 
20983 532 524 4329 4381 
20984 4249 4256 2557 4353 
20985 664 655 676 4288 
20986 906 2280 775 4377 
20987 528 4246 606 4368 
20988 2309 2322 368 2460 
20989 4224 4237 4256 4306 
20990 2301 398 2324 4337 
20991 2430 2432 4265 4271 
20992 2295 2471 2287 4331 
20993 4231 4264 2426 4304 
20994 4306 4361 4237 4372 
20995 123 4269 122 4387 
20996 4241 4275 738 4280 
20997 2365 411 2568 2298 
20998 2556 392 2524 2331 
20999 646 4242 4288 4348 
21000 2439 4297 2463 4371 
21001 2556 2331 4305 4374 
21002 4232 4219 4274 4316 
21003 2526 2554 394 2304 
21004 2327 4311 2344 4344 
21005 694 4234 691 4312 
21006 611 2390 2408 4252 
21007 2449 369 2311 2417 
21008 688 87 643 707 
21009 719 4284 709 4316 
21010 516 4285 39 4375 
21011 2553 4260 4254 4360 
21012 4267 4365 4273 4371 
21013 4228 4258 4239 4308 
21014 551 4382 550 4394 
21015 2528 395 2554 2326 
21016 542 4239 4291 4385 
21017 4252 4340 4227 4372 
21018 2386 2484 639 4288 
21019 4235 4253 4225 4311 
21020 804 856 4339 4389 
21021 2476 885 2391 4266 
21022 696 4232 699 4295 
21023 2489 2460 2417 4343 
21024 889 890 808 4379 
21025 414 2414 2377 2375 
21026 4227 4249 4237 4306 
21027 782 886 2475 4379 
21028 2454 383 2420 4372 
21029 2369 2314 2365 4298 
21030 833 820 4262 4307 
21031 815 4283 4245 4299 
21032 2544 4301 4251 4324 
21033 4228 4308 4239 4341 
21034 571 548 4382 4394 
21035 2535 4254 4257 4355 
21036 2562 2548 397 2301 
21037 770 761 732 4313 
21038 524 4314 4237 4381 
21039 4239 4255 4227 4308 
21040 696 697 695 4295 
21041 404 2336 2519 2549 
21042 567 4328 542 4385 
21043 4235 4311 4225 4373 
21044 738 4241 4280 4387 
21045 377 2317 2463 4297 
21046 817 818 815 4299 
21047 820 819 817 4299 
21048 2300 2344 2353 4344 
21049 2323 376 2312 2413 
21050 2456 2437 2414 4282 
21051 693 700 4295 4312 
21052 820 819 4299 4307 
21053 2322 368 2460 2417 
21054 807 4332 801 4384 
21055 801 4238 4315 4384 
21056 2320 399 2520 2324 
21057 2412 2458 380 2306 
21058 4236 4259 4250 4323 
21059 2574 2546 2540 4365 
21060 815 813 4245 4338 
21061 502 4277 2407 4329 
21062 719 699 4284 4316 
21063 724 712 761 4313 
21064 48 2480 575 504 
21065 67 2587 579 510 
21066 815 4245 814 4362 
21067 814 4245 813 4362 
21068 615 616 4317 4394 
21069 877 4264 4283 4304 
21070 4240 4251 4226 4298 
21071 2321 375 2441 2413 
21072 694 693 4295 4312 
21073 2420 2299 4340 4372 
21074 686 2492 107 723 
21075 708 2425 4278 4312 
21076 745 4234 743 4393 
21077 834 4307 4247 4377 
21078 740 739 741 4280 
21079 710 4232 696 4295 
21080 630 4279 606 4391 
21081 810 901 860 4380 
21082 2311 2346 2339 4336 
21083 4241 4242 4220 4271 
21084 4220 4242 4241 4269 
21085 4243 4277 530 4314 
21086 712 755 102 761 
21087 2578 2366 2296 4334 
21088 866 4264 2395 4287 
21089 651 673 4278 4303 
21090 4242 4274 645 4322 
21091 408 2558 2525 2343 
21092 888 865 827 4304 
21093 4231 4245 4225 4283 
21094 4250 4258 2534 4356 
21095 824 831 4247 4318 
21096 39 2387 2430 4271 
21097 834 835 828 4377 
21098 524 4277 4237 4314 
21099 4267 4286 120 4302 
21100 2444 4231 2426 4304 
21101 4240 4298 4226 4326 
21102 819 825 818 4299 
21103 2598 113 725 714 
21104 403 2519 2341 2565 
21105 663 84 666 705 
21106 2537 4279 2538 4289 
21107 365 2372 2362 2376 
21108 2530 2557 4256 4353 
21109 2340 2327 2344 4344 
21110 2470 2399 4267 4302 
21111 4231 4262 4245 4299 
21112 646 654 655 4288 
21113 861 4283 862 4396 
21114 685 722 705 4278 
21115 2454 4361 2334 4372 
21116 2399 119 4286 4302 
21117 668 675 2518 4284 
21118 2430 2432 2433 4265 
21119 503 4263 2394 4317 
21120 825 818 4299 4304 
21121 2561 2549 2336 405 
21122 2490 2414 2437 4326 
21123 417 2380 2371 2563 
21124 801 4238 4276 4315 
21125 2323 377 2440 4297 
21126 618 530 627 4397 
21127 42 630 43 4279 
21128 39 4285 2392 4375 
21129 733 771 2400 4302 
21130 43 42 4279 4289 
21131 645 4274 4242 4290 
21132 586 4248 585 4394 
21133 2551 4262 4245 4305 
21134 63 608 635 2392 
21135 4236 4250 4228 4323 
21136 44 2499 4279 4391 
21137 4236 4226 4259 4323 
21138 543 4291 4258 4385 
21139 120 121 905 4321 
21140 2534 2552 2560 4323 
21141 2455 4364 2422 4376 
21142 2295 2287 2282 4331 
21143 834 4272 4307 4377 
21144 695 694 693 4295 
21145 2543 4365 4281 4369 
21146 530 4277 4243 4397 
21147 653 681 4268 4278 
21148 2359 4336 4305 4374 
21149 2524 2596 2551 4305 
21150 750 4300 735 4387 
21151 2388 4277 502 4397 
21152 762 765 745 4313 
21153 386 2453 2418 2318 
21154 2331 2359 4305 4374 
21155 2537 2538 2572 4289 
21156 4251 4259 2552 4359 
21157 2398 689 2443 4313 
21158 2494 680 44 4290 
21159 2552 4259 4250 4358 
21160 2390 509 2407 4329 
21161 2520 2324 398 4337 
21162 2579 2521 2371 4298 
21163 829 827 825 4304 
21164 700 696 693 4295 
21165 2341 2342 402 4327 
21166 822 821 820 4307 
21167 765 743 4234 4393 
21168 825 4299 4270 4395 
21169 696 4295 699 4316 
21170 543 4291 545 4356 
21171 551 4293 553 4359 
21172 615 4248 586 4394 
21173 2359 4305 4336 4343 
21174 2337 2355 2307 4326 
21175 2282 2363 2368 4331 
21176 2541 4260 4339 4389 
21177 2312 2321 2357 4325 
21178 751 734 763 4370 
21179 735 123 4269 4369 
21180 2536 4255 4249 4352 
21181 2533 2556 2551 4245 
21182 791 857 878 4363 
21183 122 123 903 4281 
21184 2312 2357 2360 4325 
21185 821 823 826 4307 
21186 824 823 822 4307 
21187 2287 2289 2282 4331 
21188 724 689 712 4313 
21189 2507 4269 735 4300 
21190 2539 2494 2537 4289 
21191 2431 2465 2458 4296 
21192 2564 2545 2522 4247 
21193 2468 2435 4243 4320 
21194 517 629 583 4282 
21195 2540 2537 2572 4289 
21196 802 4315 4260 4384 
21197 4256 4314 523 4381 
21198 652 4232 651 4392 
21199 2560 2552 2523 4323 
21200 2559 4258 4255 4357 
21201 2595 4274 4316 4392 
21202 817 4299 815 4362 
21203 820 4299 817 4362 
21204 690 2398 4312 4313 
21205 417 2371 2521 2563 
21206 370 2311 2419 2449 
21207 651 4232 652 4303 
21208 2525 2560 409 2338 
21209 4267 4302 120 4330 
21210 552 4293 551 4394 
21211 585 4293 552 4394 
21212 828 4272 4270 4307 
21213 744 763 4367 4393 
21214 2438 2489 2444 4270 
21215 2568 2597 2521 4298 
21216 899 870 892 4287 
21217 2335 2297 385 4341 
21218 671 672 652 4303 
21219 2439 2470 4267 4371 
21220 4240 4301 2378 4347 
21221 2454 2423 4361 4372 
21222 2464 2424 2400 4302 
21223 571 4317 558 4394 
21224 2595 4274 2566 4316 
21225 4222 4262 4231 4299 
21226 4269 4280 4241 4387 
21227 2394 4263 503 4388 
21228 2445 2416 2490 4346 
21229 2288 4247 2285 4377 
21230 698 4295 4233 4309 
21231 828 4270 4272 4349 
21232 398 2301 2548 4337 
21233 4247 4272 2285 4377 
21234 503 574 617 4317 
21235 616 574 587 4317 
21236 4227 4306 4237 4372 
21237 4238 4310 4221 4376 
21238 724 770 2443 4313 
21239 696 697 4295 4316 
21240 810 4244 4315 4380 
21241 585 4248 614 4350 
21242 665 4288 654 4322 
21243 691 692 693 4312 
21244 860 4286 905 4321 
21245 714 2532 114 709 
21246 755 102 706 712 
21247 841 794 169 2585 
21248 4222 4270 4231 4343 
21249 654 4288 646 4322 
21250 402 2565 2341 4327 
21251 825 4304 4299 4395 
21252 2438 4272 4270 4349 
21253 530 4243 4314 4368 
21254 2342 2517 402 4327 
21255 2442 381 2302 4320 
21256 783 830 833 4318 
21257 2328 2329 2306 4296 
21258 2578 2296 2281 4334 
21259 2290 2285 2287 4272 
21260 166 840 779 2582 
21261 2529 4260 2553 4360 
21262 526 4314 523 4354 
21263 528 4314 526 4354 
21264 2368 2309 2471 4331 
21265 505 2477 625 4388 
21266 526 525 523 4314 
21267 2402 2481 46 513 
21268 2346 4336 2359 4374 
21269 802 803 804 4315 
21270 677 2518 2598 725 
21271 2492 2411 679 723 
21272 764 763 744 4309 
21273 816 863 862 4283 
21274 899 4287 884 4342 
21275 2286 2366 2315 4334 
21276 584 2388 502 4397 
21277 123 124 791 4363 
21278 2446 2422 4332 4376 
21279 2324 2357 2301 4337 
21280 2457 2290 4272 4351 
21281 2478 884 2406 4342 
21282 43 42 4289 4348 
21283 770 732 2443 4313 
21284 400 2305 2320 4333 
21285 2339 2340 371 4373 
21286 2523 2568 411 2298 
21287 2444 4270 4231 4395 
21288 695 4295 697 4316 
21289 847 4283 863 4335 
21290 525 527 529 4314 
21291 528 527 526 4314 
21292 705 713 666 4278 
21293 808 805 803 4315 
21294 2442 2412 381 4320 
21295 837 879 831 4378 
21296 2302 2442 4320 4361 
21297 875 887 4266 4342 
21298 2578 2364 2366 4334 
21299 2535 2553 4254 4355 
21300 4269 4330 4220 4369 
21301 862 4283 847 4335 
21302 663 673 637 4278 
21303 718 698 697 4316 
21304 709 715 714 4284 
21305 719 697 699 4316 
21306 579 510 2587 4359 
21307 2331 2346 2359 4374 
21308 691 690 682 4312 
21309 377 2463 2440 4297 
21310 646 4288 4271 4348 
21311 122 4281 4321 4330 
21312 4330 4365 4220 4369 
21313 2302 2330 2354 4320 
21314 766 4300 740 4367 
21315 714 2532 709 4284 
21316 2386 639 4268 4288 
21317 724 2491 2443 770 
21318 872 2504 783 4318 
21319 2421 2428 2447 4344 
21320 724 2443 689 4313 
21321 519 4249 568 4353 
21322 588 4250 563 4358 
21323 2568 2521 2579 4298 
21324 388 2461 2416 2337 
21325 4231 4225 4264 4283 
21326 376 2323 2440 2413 
21327 384 2299 2335 4340 
21328 892 864 4287 4335 
21329 47 2480 513 575 
21330 587 2479 49 504 
21331 68 2586 508 579 
21332 651 4232 4278 4322 
21333 399 2520 2547 2320 
21334 2483 4234 2398 4313 
21335 4237 4277 524 4329 
21336 2539 2571 2569 4290 
21337 649 651 650 4322 
21338 813 4338 781 4362 
21339 661 4271 40 4348 
21340 795 4254 796 4360 
21341 2563 4301 2544 4324 
21342 804 4315 806 4389 
21343 630 4279 500 4368 
21344 2340 4344 2447 4373 
21345 675 4284 657 4392 
21346 804 805 806 4315 
21347 2355 2365 2314 4298 
21348 801 4276 4238 4332 
21349 708 692 682 4312 
21350 664 639 91 2484 
21351 4232 4316 4274 4392 
21352 2436 4267 2399 4286 
21353 520 4256 523 4353 
21354 523 4256 581 4354 
21355 520 581 4256 4354 
21356 589 4255 573 4357 
21357 543 4258 562 4357 
21358 594 562 4258 4356 
21359 543 594 4258 4356 
21360 2402 4282 513 4350 
21361 802 4260 855 4360 
21362 551 4259 599 4358 
21363 599 4259 600 4359 
21364 600 4259 551 4359 
21365 2443 732 2483 4313 
21366 4265 4271 4220 4348 
21367 832 4262 820 4362 
21368 833 4262 832 4362 
21369 37 2383 604 631 
21370 2551 2596 2545 4262 
21371 742 4275 4234 4393 
21372 605 631 4301 4347 
21373 2574 2572 2517 4327 
21374 806 4261 878 4389 
21375 879 4247 831 4378 
21376 758 749 763 4370 
21377 2596 2567 2522 4334 
21378 66 2587 510 576 
21379 766 750 740 4300 
21380 4237 4329 4252 4372 
21381 532 619 591 4329 
21382 826 893 4270 4349 
21383 649 651 4322 4392 
21384 2415 2287 2471 4331 
21385 4219 4234 4295 4312 
21386 2520 398 2548 4337 
21387 2340 2447 371 4373 
21388 4231 4336 4305 4343 
21389 838 893 4349 4395 
21390 2399 2439 2470 4267 
21391 518 568 4352 4353 
21392 520 4353 580 4354 
21393 501 4352 589 4357 
21394 592 562 4356 4357 
21395 593 4356 588 4358 
21396 785 4355 795 4360 
21397 2530 4256 2542 4354 
21398 881 788 902 4351 
21399 410 2523 2298 2338 
21400 2317 2323 2358 4297 
21401 868 4270 893 4395 
21402 2386 659 2488 4268 
21403 120 4286 4267 4321 
21404 857 878 4363 4389 
21405 2446 4266 2428 4376 
21406 621 532 531 4329 
21407 831 830 836 4318 
21408 2449 2444 2417 4343 
21409 400 2320 2547 4333 
21410 2472 2414 2461 4326 
21411 4243 4277 2435 4397 
21412 2575 2542 4246 4391 
21413 565 624 567 4328 
21414 4222 4231 4270 4299 
21415 710 699 4232 4303 
21416 384 2420 2299 4340 
21417 4233 4295 698 4316 
21418 2518 675 2493 4284 
21419 2517 2565 402 4327 
21420 4230 4267 4281 4365 
21421 519 568 4249 4381 
21422 588 563 4250 4382 
21423 2434 4276 4244 4380 
21424 2542 2549 2575 4319 
21425 2509 576 515 4390 
21426 702 701 698 4309 
21427 4219 4295 4268 4312 
21428 2315 2364 2356 4334 
21429 2570 2305 400 4333 
21430 909 143 2393 880 
21431 630 606 578 4391 
21432 530 4375 627 4397 
21433 782 147 2475 886 
21434 121 4321 4267 4330 
21435 2308 2345 2352 4308 
21436 845 4335 846 4386 
21437 663 705 666 4278 
21438 168 794 785 2583 
21439 628 516 598 4375 
21440 2322 2356 2359 4343 
21441 4281 4330 122 4369 
21442 2335 385 2451 4341 
21443 2319 2338 2349 4323 
21444 750 740 4300 4387 
21445 879 775 834 4377 
21446 2564 2545 4247 4318 
21447 828 4272 902 4349 
21448 2314 365 2362 2376 
21449 740 4280 748 4367 
21450 651 4278 4268 4322 
21451 795 796 4254 4384 
21452 845 4253 843 4396 
21453 2534 2552 4250 4358 
21454 2384 2367 364 2372 
21455 4252 4329 2450 4372 
21456 2362 2307 2355 4326 
21457 372 2340 2300 4344 
21458 2548 2541 2589 4337 
21459 807 897 874 4332 
21460 2340 372 2447 4344 
21461 878 4281 4261 4321 
21462 2466 4244 2482 4286 
21463 2523 410 2560 2338 
21464 592 72 2584 506 
21465 2572 2538 2565 4327 
21466 2280 2283 2288 4378 
21467 2453 2318 387 4346 
21468 895 888 829 4304 
21469 2291 2564 362 2281 
21470 2326 2344 2327 4311 
21471 701 4234 4295 4309 
21472 167 785 840 2583 
21473 2451 4340 2335 4341 
21474 2552 2544 2597 4251 
21475 648 4274 649 4322 
21476 589 573 4255 4385 
21477 756 4302 4241 4330 
21478 2408 624 611 4328 
21479 604 631 2383 4301 
21480 2541 2573 2589 4261 
21481 2544 4251 2552 4359 
21482 896 150 776 2478 
21483 2457 2415 2438 4272 
21484 2350 2361 2310 4306 
21485 802 855 4260 4339 
21486 567 609 559 4328 
21487 767 758 2590 4370 
21488 605 631 604 4301 
21489 2534 4258 2559 4356 
21490 700 711 722 4278 
21491 557 605 4301 4383 
21492 739 4280 737 4387 
21493 557 4301 603 4383 
21494 2337 387 2318 4346 
21495 860 905 774 4321 
21496 2539 2537 2540 4289 
21497 2281 2564 362 2522 
21498 4221 4266 4238 4376 
21499 2376 2371 2379 4298 
21500 704 4234 694 4313 
21501 2578 2567 2364 4334 
21502 2465 4265 2433 4371 
21503 607 626 513 4282 
21504 4270 4299 868 4307 
21505 4230 4267 4286 4321 
21506 2546 2570 2547 4333 
21507 2483 2459 2398 4234 
21508 385 2297 2418 4341 
21509 534 4354 577 4391 
21510 384 2335 2451 4340 
21511 601 555 4324 4383 
21512 583 564 4282 4347 
21513 507 77 2514 518 
21514 650 654 647 4322 
21515 767 4367 749 4370 
21516 737 4280 740 4387 
21517 895 4304 829 4395 
21518 2351 2353 2333 4310 
21519 906 837 2283 4378 
21520 2298 2349 2338 4323 
21521 4244 4230 4286 4321 
21522 717 4316 2505 4370 
21523 647 648 649 4322 
21524 2559 4255 2536 4357 
21525 843 844 4345 4386 
21526 858 4345 873 4386 
21527 4253 4338 2533 4396 
21528 860 4286 4244 4380 
21529 725 688 677 4284 
21530 675 2493 4284 4392 
21531 876 850 4342 4386 
21532 765 4234 745 4313 
21533 40 628 41 4285 
21534 2404 503 2394 4317 
21535 2460 2471 2309 4331 
21536 2480 2437 2402 4350 
21537 582 564 583 4347 
21538 2399 4286 4267 4302 
21539 846 4342 849 4386 
21540 502 2407 572 4329 
21541 780 2513 853 4396 
21542 756 4330 4241 4387 
21543 2408 505 624 4328 
21544 393 2304 2331 4374 
21545 602 557 4324 4383 
21546 861 813 816 4338 
21547 812 781 813 4338 
21548 861 784 812 4338 
21549 2331 2359 2303 4305 
21550 899 849 4335 4342 
21551 864 870 847 4335 
21552 870 849 846 4335 
21553 602 4324 555 4383 
21554 860 4244 4286 4321 
21555 2439 2399 2436 4267 
21556 809 811 807 4332 
21557 846 845 847 4335 
21558 2536 4249 2557 4352 
21559 2394 503 612 4388 
21560 582 4347 605 4383 
21561 717 683 116 2505 
21562 655 654 676 4288 
21563 2573 2589 4261 4363 
21564 846 4335 849 4342 
21565 643 677 688 4284 
21566 2383 4301 631 4347 
21567 2588 2509 515 4390 
21568 4237 4252 4227 4372 
21569 728 684 4309 4313 
21570 829 4304 825 4395 
21571 2443 2483 2398 4313 
21572 720 694 4234 4313 
21573 124 4363 4281 4369 
21574 698 702 4309 4370 
21575 2538 4279 2499 4391 
21576 2499 2538 2537 4279 
21577 842 873 4345 4386 
21578 842 4345 844 4386 
21579 4231 4299 4283 4304 
21580 608 635 2392 4375 
21581 2329 2342 2341 4327 
21582 899 892 786 4287 
21583 2566 2569 2531 4274 
21584 808 4276 890 4380 
21585 4278 4295 700 4312 
21586 699 727 4284 4303 
21587 2388 2423 2407 4277 
21588 675 2518 99 668 
21589 2488 2411 2425 4278 
21590 719 683 718 4316 
21591 736 4269 123 4387 
21592 710 722 685 4303 
21593 58 509 572 2407 
21594 780 843 4345 4396 
21595 2483 2459 4234 4275 
21596 2540 2546 2577 4365 
21597 2334 382 2302 4361 
21598 513 4282 626 4350 
21599 2429 2420 2451 4340 
21600 848 4342 850 4386 
21601 898 2476 148 886 
21602 890 4276 808 4379 
21603 2392 2430 2431 4285 
21604 133 730 767 2590 
21605 2585 841 794 4355 
21606 848 849 4342 4386 
21607 838 2397 778 4395 
21608 720 4309 684 4313 
21609 782 4332 886 4379 
21610 2380 2378 2371 4301 
21611 2522 2578 2281 4334 
21612 866 2395 786 4287 
21613 551 4259 4382 4394 
21614 2405 886 2476 4332 
21615 779 2582 840 4360 
21616 2570 400 2547 4333 
21617 372 2300 2421 4344 
21618 4242 4288 4219 4322 
21619 749 4367 763 4370 
21620 660 643 707 4284 
21621 621 531 4277 4329 
21622 815 4245 4283 4338 
21623 838 893 894 4349 
21624 546 545 544 4291 
21625 538 537 536 4292 
21626 554 553 552 4293 
21627 690 2398 682 4312 
21628 905 792 120 4286 
21629 876 871 798 4294 
21630 2429 4252 2450 4372 
21631 2446 4332 4266 4376 
21632 4266 4332 4238 4376 
21633 2374 2381 2487 634 
21634 710 4278 4232 4295 
21635 765 728 4309 4313 
21636 2392 4285 2431 4375 
21637 557 603 4324 4383 
21638 2441 2413 2482 4325 
21639 554 4350 556 4383 
21640 710 4278 722 4303 
21641 2444 4231 4304 4395 
21642 2506 4363 2500 4369 
21643 530 4368 598 4375 
21644 551 4293 4259 4394 
21645 2490 2416 2461 4326 
21646 2433 2465 2430 4265 
21647 2296 2286 2281 4334 
21648 528 4314 4246 4368 
21649 835 4272 828 4377 
21650 501 2497 75 595 
21651 898 149 2476 776 
21652 4265 4220 4289 4348 
21653 2465 2410 2458 4296 
21654 2584 592 506 4356 
21655 120 759 756 4302 
21656 2489 2415 2460 4331 
21657 626 4282 564 4350 
21658 2459 4234 4275 4312 
21659 2573 4261 2541 4389 
21660 559 4328 609 4388 
21661 505 609 4328 4388 
21662 897 4332 782 4379 
21663 2430 4265 2431 4285 
21664 2339 2327 2340 4373 
21665 2564 4247 2291 4378 
21666 2442 2302 382 4361 
21667 690 110 682 2398 
21668 597 598 530 4368 
21669 2335 2345 2297 4341 
21670 2556 2524 2551 4305 
21671 613 561 614 4350 
21672 2532 683 709 4316 
21673 736 735 4269 4387 
21674 899 870 4287 4335 
21675 2437 4282 2402 4350 
21676 754 731 127 2483 
21677 2421 2446 2428 4376 
21678 695 693 696 4295 
21679 892 4287 870 4335 
21680 4269 4300 4280 4387 
21681 2463 2439 2440 4297 
21682 2555 4253 2533 4396 
21683 2488 4278 2425 4312 
21684 2411 93 641 659 
21685 582 556 4350 4383 
21686 653 673 670 4278 
21687 785 2583 794 4355 
21688 508 579 2586 4359 
21689 851 887 850 4342 
21690 2495 577 511 4354 
21691 122 774 121 4321 
21692 587 574 2479 4317 
21693 4267 4330 4281 4365 
21694 2595 4316 4284 4392 
21695 684 720 701 4309 
21696 836 831 4318 4378 
21697 4221 4238 4266 4294 
21698 895 883 2403 4395 
21699 4219 4234 4233 4295 
21700 763 744 4309 4393 
21701 117 716 717 2505 
21702 2302 2361 2334 4361 
21703 2488 2386 2411 659 
21704 872 867 176 2504 
21705 872 4262 2504 4318 
21706 785 840 2583 4360 
21707 393 2331 2556 4374 
21708 808 4315 4276 4380 
21709 622 4263 569 4388 
21710 2398 4234 2459 4312 
21711 2369 366 2376 2385 
21712 2419 2339 371 4373 
21713 357 2296 2366 2286 
21714 4235 4221 4266 4294 
21715 525 529 4277 4314 
21716 808 803 4276 4315 
21717 4233 4234 4219 4393 
21718 2420 384 2451 4340 
21719 2286 2289 2281 4334 
21720 36 499 2383 631 
21721 624 505 609 4328 
21722 897 874 4332 4379 
21723 4222 4299 4270 4307 
21724 4263 4328 559 4388 
21725 2468 2442 2435 4320 
21726 582 564 4347 4350 
21727 2388 2435 2423 4397 
21728 849 899 851 4342 
21729 595 518 568 4352 
21730 589 568 537 4352 
21731 595 589 501 4352 
21732 520 521 519 4353 
21733 580 520 507 4353 
21734 507 519 518 4353 
21735 533 526 581 4354 
21736 511 581 580 4354 
21737 798 795 858 4355 
21738 785 794 795 4355 
21739 858 794 841 4355 
21740 4247 4307 824 4318 
21741 501 573 590 4357 
21742 592 594 506 4356 
21743 506 588 593 4356 
21744 594 545 588 4356 
21745 590 562 592 4357 
21746 573 541 562 4357 
21747 508 600 579 4359 
21748 593 563 596 4358 
21749 596 599 508 4358 
21750 599 563 549 4358 
21751 510 579 601 4359 
21752 600 553 601 4359 
21753 840 785 796 4360 
21754 779 840 855 4360 
21755 799 855 796 4360 
21756 2334 2454 382 4361 
21757 814 781 867 4362 
21758 832 817 814 4362 
21759 832 867 872 4362 
21760 355 2282 2368 2295 
21761 2526 2304 393 4374 
21762 617 616 558 4317 
21763 4253 4283 845 4335 
21764 878 4261 4281 4363 
21765 2441 374 2321 4364 
21766 772 734 726 4370 
21767 577 533 511 4354 
21768 741 4280 742 4393 
21769 2514 2495 580 4354 
21770 2435 4277 2423 4397 
21771 623 56 611 2390 
21772 2488 4268 4278 4312 
21773 4222 4262 4299 4307 
21774 833 4307 4262 4318 
21775 2444 2489 2417 4343 
21776 4246 4314 528 4354 
21777 2280 2288 4247 4378 
21778 615 4317 4248 4394 
21779 2388 2423 4277 4397 
21780 2514 507 518 4353 
21781 741 748 4280 4393 
21782 4237 4329 524 4381 
21783 658 644 642 4290 
21784 4219 4295 4233 4316 
21785 2500 2506 2543 4363 
21786 819 818 817 4299 
21787 4279 4285 4265 4289 
21788 511 79 2495 580 
21789 584 60 502 2388 
21790 788 894 902 4349 
21791 374 2332 2321 4364 
21792 2423 2407 4277 4329 
21793 688 707 643 4284 
21794 667 2592 662 4290 
21795 626 564 613 4350 
21796 784 2581 812 4338 
21797 812 2581 781 4338 
21798 542 4328 4239 4385 
21799 2478 2406 2428 4342 
21800 714 688 725 4284 
21801 2451 2418 2452 4341 
21802 848 849 850 4342 
21803 106 734 726 772 
21804 2436 2466 2482 4286 
21805 793 904 138 2284 
21806 604 603 605 4301 
21807 2375 4282 4240 4347 
21808 608 512 627 4375 
21809 749 748 744 4367 
21810 2526 2556 2533 4374 
21811 903 122 4281 4321 
21812 897 811 886 4332 
21813 2280 4247 2288 4377 
21814 2421 2447 372 4344 
21815 374 2455 2332 4364 
21816 2290 359 2457 2287 
21817 674 658 662 4366 
21818 80 2495 577 511 
21819 765 4309 743 4393 
21820 4231 4283 4264 4304 
21821 801 4332 4238 4384 
21822 4245 4283 4231 4299 
21823 835 902 4272 4351 
21824 677 88 643 688 
21825 2364 2315 2366 4334 
21826 2309 2363 2356 4331 
21827 385 2418 2451 4341 
21828 717 716 703 4370 
21829 704 4312 4234 4313 
21830 634 607 2487 4282 
21831 2495 511 580 4354 
21832 4219 4232 4295 4316 
21833 4239 4228 4263 4291 
21834 765 728 764 4309 
21835 2321 2332 2351 4364 
21836 667 662 658 4290 
21837 864 4283 4264 4335 
21838 724 761 101 770 
21839 890 854 789 4380 
21840 4240 4248 4226 4293 
21841 709 4284 2532 4316 
21842 2476 4266 2446 4332 
21843 789 854 2389 4380 
21844 499 605 582 4347 
21845 2454 2450 2423 4372 
21846 4228 4236 4263 4291 
21847 787 2496 839 4389 
21848 2462 2387 2485 4271 
21849 2429 2408 4252 4328 
21850 2368 2363 2309 4331 
21851 778 900 893 4395 
21852 910 793 137 2292 
21853 2422 2455 2441 4364 
21854 657 668 671 4284 
21855 2296 2281 363 2578 
21856 2584 590 592 4357 
21857 4226 4248 4236 4293 
21858 2466 2393 880 4286 
21859 4244 4261 4230 4321 
21860 2497 518 4352 4353 
21861 2475 886 2405 4379 
21862 715 727 707 4284 
21863 2437 2480 4248 4350 
21864 651 4278 4232 4303 
21865 4237 4292 4252 4329 
21866 4252 4292 4239 4328 
21867 726 131 8 772 
21868 711 713 705 4278 
21869 2444 2438 4270 4395 
21870 88 677 725 688 
21871 620 4277 529 4397 
21872 359 2457 2287 2415 
21873 734 687 106 726 
21874 2575 2576 2542 4391 
21875 2514 518 2497 4353 
21876 4263 4291 4236 4382 
21877 880 901 789 4380 
21878 2374 629 517 4282 
21879 4279 4368 606 4391 
21880 2541 4260 2529 4339 
21881 2482 2466 2434 4244 
21882 4237 4227 4252 4292 
21883 2514 580 4353 4354 
21884 875 4266 4294 4342 
21885 2569 2566 2595 4274 
21886 632 2588 64 515 
21887 2420 2429 2450 4372 
21888 4239 4328 4292 4385 
21889 861 816 4283 4338 
21890 742 4280 4275 4393 
21891 585 4293 4248 4350 
21892 629 4282 2370 4347 
21893 2532 2505 683 4316 
21894 4243 4375 530 4397 
21895 4267 4220 4330 4365 
21896 2504 4262 872 4362 
21897 4246 4354 534 4391 
21898 753 760 750 4300 
21899 596 508 2586 4358 
21900 619 621 572 4329 
21901 4247 4222 4272 4307 
21902 517 2374 34 629 
21903 587 50 2479 574 
21904 508 2586 69 596 
21905 726 734 687 4370 
21906 4266 4294 4238 4332 
21907 694 4295 4234 4312 
21908 73 2584 590 592 
21909 4237 4292 4329 4381 
21910 4265 4279 4229 4285 
21911 2481 2487 607 4282 
21912 786 2406 884 4287 
21913 785 2583 4355 4360 
21914 884 4287 2406 4342 
21915 2484 2386 2462 4288 
21916 2493 675 638 4392 
21917 2431 2430 2465 4265 
21918 2462 2464 2432 4271 
21919 829 888 827 4304 
21920 750 736 737 4387 
21921 666 83 679 713 
21922 595 501 2497 4352 
21923 668 677 643 4284 
21924 2453 2416 2445 4346 
21925 713 83 679 723 
21926 663 666 670 4278 
21927 4239 4252 4227 4292 
21928 564 556 561 4350 
21929 4238 4332 4294 4384 
21930 2466 4286 880 4380 
21931 2305 2358 2320 4333 
21932 629 2374 2370 4282 
21933 2419 371 2447 4373 
21934 4223 4261 4244 4315 
21935 2385 2579 416 2371 
21936 2448 2426 4264 4287 
21937 4243 4246 4224 4314 
21938 2542 4354 4246 4391 
21939 4267 4321 4281 4330 
21940 821 822 823 4307 
21941 2337 2416 387 4346 
21942 4245 4262 2551 4362 
21943 2434 4379 4276 4380 
21944 2446 2455 2422 4376 
21945 743 4309 764 4393 
21946 2497 2514 77 518 
21947 4241 4220 4269 4330 
21948 636 661 41 4348 
21949 4234 4312 2398 4313 
21950 845 4253 4335 4386 
21951 629 583 4282 4347 
21952 2402 47 2480 513 
21953 862 4283 4253 4396 
21954 640 664 90 2485 
21955 2304 2346 2331 4374 
21956 2437 2456 2402 4282 
21957 730 2516 753 4300 
21958 144 2466 880 789 
21959 577 514 534 4391 
21960 4232 4284 699 4316 
21961 843 4345 4253 4386 
21962 4229 4246 4243 4368 
21963 690 689 111 2398 
21964 692 691 682 4312 
21965 2584 592 4356 4357 
21966 4242 4290 4289 4348 
21967 761 101 712 724 
21968 174 781 812 2581 
21969 787 839 856 4389 
21970 4246 4256 4224 4314 
21971 710 4232 4278 4303 
21972 4239 4291 4263 4328 
21973 163 787 882 2573 
21974 2453 387 2416 4346 
21975 2577 4365 2546 4369 
21976 4230 4281 4267 4321 
21977 4242 4220 4271 4348 
21978 644 4290 4242 4348 
21979 2587 66 2509 576 
21980 2309 367 2368 2471 
21981 2406 4287 2428 4342 
21982 4247 4307 4272 4377 
21983 389 2472 2307 2367 
21984 2519 2575 2549 4319 
21985 2439 2433 2470 4371 
21986 637 673 672 4303 
21987 793 904 2284 4377 
21988 4260 4261 4223 4315 
21989 508 2586 4358 4359 
21990 535 521 524 4381 
21991 521 522 519 4381 
21992 2571 2577 2580 4369 
21993 775 2294 139 904 
21994 536 522 535 4381 
21995 550 549 548 4382 
21996 548 547 546 4382 
21997 547 549 563 4382 
21998 597 606 500 4368 
21999 557 602 555 4383 
22000 812 784 173 2581 
22001 628 4285 516 4375 
22002 2488 2386 4268 4288 
22003 2390 2450 4252 4329 
22004 2400 2424 2409 4275 
22005 2483 2409 2459 4275 
22006 800 801 799 4384 
22007 797 799 796 4384 
22008 867 2504 872 4362 
22009 151 896 884 2478 
22010 2335 2299 2352 4340 
22011 576 4324 603 4390 
22012 2399 2473 119 4302 
22013 4248 4293 585 4394 
22014 556 555 554 4383 
22015 2510 4245 2551 4362 
22016 509 58 2390 2407 
22017 789 145 2389 854 
22018 882 787 857 4389 
22019 4270 4299 4231 4395 
22020 895 2403 2474 4304 
22021 4299 4304 4231 4395 
22022 4246 606 4368 4391 
22023 540 539 538 4385 
22024 539 541 573 4385 
22025 846 848 844 4386 
22026 844 873 842 4386 
22027 542 541 540 4385 
22028 871 800 797 4384 
22029 873 848 876 4386 
22030 652 649 656 4392 
22031 4281 4365 4330 4369 
22032 2505 4233 2590 4370 
22033 699 4295 4232 4316 
22034 2414 2490 2461 4326 
22035 4264 4287 864 4335 
22036 730 4300 766 4367 
22037 530 4243 4368 4375 
22038 725 2518 2598 714 
22039 42 644 636 4348 
22040 2457 4272 2438 4349 
22041 96 667 2592 662 
22042 2454 2442 382 4361 
22043 815 4299 4245 4362 
22044 804 4339 4315 4389 
22045 4284 4316 4232 4392 
22046 2437 2480 2396 4248 
22047 634 517 607 4282 
22048 787 164 839 2496 
22049 717 2505 716 4370 
22050 2450 2407 2423 4329 
22051 2478 2428 4266 4342 
22052 680 2592 667 4290 
22053 2434 2422 4276 4379 
22054 735 4300 4269 4387 
22055 4279 4285 500 4368 
22056 783 836 830 4318 
22057 548 558 550 4394 
22058 550 586 552 4394 
22059 793 835 904 4377 
22060 2372 2367 364 2362 
22061 741 742 743 4393 
22062 2511 4356 593 4358 
22063 657 656 638 4392 
22064 637 685 4278 4303 
22065 2538 2576 2575 4391 
22066 2426 2395 2474 4264 
22067 2405 2476 2446 4332 
22068 2405 2446 2422 4332 
22069 499 2370 2383 4347 
22070 510 601 602 4324 
22071 360 2287 2295 2471 
22072 2511 2501 593 4356 
22073 501 2515 4352 4357 
22074 122 4269 4330 4387 
22075 2448 2419 2447 4373 
22076 772 758 734 4370 
22077 2555 4253 2513 4345 
22078 2411 2492 686 723 
22079 2573 4363 4261 4389 
22080 2485 2462 4271 4288 
22081 2395 4264 2426 4287 
22082 777 895 155 2474 
22083 2483 126 754 732 
22084 2578 2522 2567 4334 
22085 779 855 869 4339 
22086 2477 505 2408 4328 
22087 660 671 643 4284 
22088 777 154 866 2474 
22089 2359 2346 2311 4336 
22090 525 526 527 4314 
22091 665 4268 4288 4322 
22092 393 2556 2526 4374 
22093 803 805 804 4315 
22094 523 4353 4256 4381 
22095 82 2576 633 514 
22096 4259 4358 551 4382 
22097 4232 4322 651 4392 
22098 2509 2563 2544 4324 
22099 4260 4360 802 4384 
22100 4258 4357 543 4385 
22101 2538 2499 2576 4391 
22102 698 4233 4316 4370 
22103 582 557 556 4383 
22104 4242 4219 4274 4322 
22105 771 2400 130 733 
22106 2423 2442 2454 4361 
22107 763 734 758 4370 
22108 628 598 4368 4375 
22109 628 500 4285 4368 
22110 839 869 856 4339 
22111 835 793 902 4351 
22112 2571 2580 4269 4369 
22113 153 786 866 2395 
22114 667 642 680 4290 
22115 820 4299 4262 4307 
22116 4234 4280 4219 4393 
22117 909 119 792 4286 
22118 2480 48 2396 504 
22119 2587 2503 67 579 
22120 2300 2340 2344 4344 
22121 4258 4291 4239 4385 
22122 806 857 856 4389 
22123 506 593 2501 4356 
22124 4221 4254 4238 4294 
22125 4235 4257 4221 4294 
22126 122 729 736 4387 
22127 4237 4314 4256 4381 
22128 843 842 780 4345 
22129 842 858 841 4345 
22130 4233 4219 4280 4393 
22131 2565 2517 2572 4327 
22132 583 629 499 4347 
22133 4260 4315 4238 4384 
22134 4224 4256 4237 4314 
22135 2441 2455 374 4364 
22136 806 4315 4261 4389 
22137 783 178 836 4318 
22138 2408 2429 2452 4328 
22139 2469 2468 2435 4243 
22140 751 4309 721 4370 
22141 617 574 616 4317 
22142 2595 2532 4284 4316 
22143 737 729 738 4387 
22144 2429 2408 2390 4252 
22145 730 766 748 4367 
22146 2376 2314 366 2369 
22147 2286 2366 357 2315 
22148 2578 2281 363 2522 
22149 593 2501 71 506 
22150 2444 2426 2403 4304 
22151 718 697 719 4316 
22152 2518 2532 114 714 
22153 119 771 759 4302 
22154 4243 4224 4277 4314 
22155 2578 2366 2364 390 
22156 2426 4264 2474 4304 
22157 829 900 883 4395 
22158 2469 2468 4243 4375 
22159 505 4328 2477 4388 
22160 2369 412 2579 2365 
22161 2415 2471 2460 4331 
22162 4256 4314 4246 4354 
22163 836 2508 790 4378 
22164 2411 2386 93 659 
22165 577 2495 2576 4354 
22166 649 650 647 4322 
22167 721 751 728 4309 
22168 2409 128 752 731 
22169 4225 4253 4235 4335 
22170 2390 2407 2450 4329 
22171 503 52 2394 612 
22172 769 136 2507 760 
22173 2533 2551 2510 4245 
22174 4228 4250 4236 4291 
22175 904 2294 138 2284 
22176 662 2592 2591 4290 
22177 4238 4260 4223 4315 
22178 2504 2551 2545 4262 
22179 547 4291 546 4382 
22180 536 4292 522 4381 
22181 555 4293 554 4383 
22182 120 792 119 4286 
22183 2438 4349 4270 4395 
22184 2442 2468 2412 4320 
22185 539 4292 538 4385 
22186 4223 4244 4276 4315 
22187 873 876 4294 4386 
22188 871 797 4294 4384 
22189 2505 117 716 2550 
22190 4239 4258 4228 4291 
22191 2473 2400 771 4302 
22192 2398 689 111 2443 
22193 765 4234 4309 4393 
22194 2448 2395 2426 4287 
22195 3 39 678 2387 
22196 134 753 730 2516 
22197 367 2309 2460 2471 
22198 2457 4272 4349 4351 
22199 2564 4318 4247 4378 
22200 2555 2533 2502 4396 
22201 171 853 780 2513 
22202 2466 2434 4244 4380 
22203 4224 4237 4277 4314 
22204 389 2472 2461 2307 
22205 671 4303 652 4392 
22206 379 380 2458 2306 
22207 4245 4338 813 4362 
22208 2337 2318 2349 4346 
22209 886 4332 2405 4379 
22210 714 2518 2532 4284 
22211 576 602 603 4324 
22212 4234 4275 4219 4280 
22213 2514 78 507 580 
22214 4280 4300 740 4387 
22215 889 4276 874 4379 
22216 4261 4363 878 4389 
22217 607 2487 45 634 
22218 2589 2520 2548 4337 
22219 81 2576 514 577 
22220 2477 54 505 625 
22221 62 512 608 2469 
22222 2490 2437 2445 4248 
22223 2444 4304 2403 4395 
22224 4237 4249 4227 4292 
22225 909 2393 119 4286 
22226 2432 2430 2387 4271 
22227 750 766 753 4300 
22228 4240 4226 4251 4293 
22229 741 744 748 4393 
22230 517 583 626 4282 
22231 4271 4288 4242 4348 
22232 2521 416 2579 2371 
22233 2427 2394 4263 4317 
22234 2282 2363 355 2368 
22235 4226 4236 4259 4293 
22236 543 4258 4291 4356 
22237 551 4259 4293 4359 
22238 767 758 132 2590 
22239 2420 383 384 2299 
22240 2569 4274 2595 4366 
22241 889 808 4276 4379 
22242 4270 4272 4222 4307 
22243 2291 4247 2288 4378 
22244 4239 4227 4255 4292 
22245 772 726 2550 4370 
22246 2434 2389 4379 4380 
22247 2506 2577 2546 4369 
22248 876 4342 4294 4386 
22249 853 852 843 4396 
22250 861 852 784 4396 
22251 620 618 584 4397 
22252 4238 4223 4276 4315 
22253 572 502 59 2407 
22254 120 905 4286 4321 
22255 788 4349 902 4351 
22256 4242 4289 4220 4348 
22257 407 2527 2325 406 
22258 2280 2288 2285 4377 
22259 2571 2580 2507 4269 
22260 774 905 121 4321 
22261 395 394 2554 2326 
22262 767 730 749 4367 
22263 2452 4328 4263 4388 
22264 786 152 884 2406 
22265 4262 4299 820 4362 
22266 4251 4301 4240 4383 
22267 2515 2497 75 501 
22268 99 2493 2518 675 
22269 767 2590 730 4367 
22270 2571 4269 2577 4369 
22271 402 403 2341 2565 
22272 722 4278 685 4303 
22273 861 4338 4283 4396 
22274 2491 724 7 770 
22275 2585 794 169 2498 
22276 629 2374 34 2370 
22277 2594 2588 64 632 
22278 2453 386 387 2318 
22279 702 703 687 4370 
22280 2470 2473 2399 4302 
22281 4236 4293 4248 4394 
22282 4219 4275 4241 4280 
22283 637 86 85 685 
22284 86 637 660 4303 
22285 2576 577 4354 4391 
22286 112 724 2491 2443 
22287 753 2507 760 4300 
22288 104 103 684 728 
22289 45 2481 2487 607 
22290 722 711 705 4278 
22291 2511 4250 2501 4356 
22292 4261 4315 4260 4389 
22293 2497 77 76 518 
22294 2285 4272 2290 4351 
22295 840 166 2512 2582 
22296 2374 2456 414 4282 
22297 628 598 500 4368 
22298 4234 4309 720 4313 
22299 2530 2542 2495 4354 
22300 2544 2552 2503 4359 
22301 501 2515 2497 4352 
22302 4248 4293 4240 4350 
22303 2393 2399 119 4286 
22304 721 728 684 4309 
22305 2476 2391 2446 4266 
22306 761 762 732 4313 
22307 2469 2431 2468 4375 
22308 699 4284 4232 4303 
22309 2459 4268 2488 4312 
22310 609 567 624 4328 
22311 2504 4262 2545 4318 
22312 4219 4232 4268 4295 
22313 523 4314 4256 4354 
22314 79 78 2514 580 
22315 637 4278 673 4303 
22316 62 61 512 4397 
22317 502 60 59 2407 
22318 2340 372 371 2447 
22319 2428 2406 2448 4287 
22320 4235 4294 4266 4342 
22321 87 86 660 707 
22322 2475 2405 2422 4379 
22323 393 392 2556 2331 
22324 554 4293 4350 4383 
22325 377 376 2323 2440 
22326 643 88 87 688 
22327 397 2548 398 2301 
22328 375 374 2321 2441 
22329 382 2442 381 2302 
22330 2311 370 369 2449 
22331 698 4309 4233 4370 
22332 579 2587 2503 4359 
22333 400 399 2547 2320 
22334 4253 4345 843 4396 
22335 733 2400 129 752 
22336 4248 4317 4236 4394 
22337 704 712 689 4313 
22338 4233 4367 763 4393 
22339 660 707 86 4303 
22340 2514 4353 4256 4354 
22341 501 74 2515 590 
22342 2549 404 2336 405 
22343 4233 4295 4234 4309 
22344 605 4347 4301 4383 
22345 2510 781 4338 4362 
22346 570 612 622 4388 
22347 2392 2431 2469 4375 
22348 119 759 120 4302 
22349 4270 4349 893 4395 
22350 831 4247 4318 4378 
22351 2364 2578 390 2567 
22352 76 2497 518 595 
22353 410 409 2560 2338 
22354 619 532 621 4329 
22355 2568 2579 412 2365 
22356 2530 4256 2514 4353 
22357 2374 414 2375 4282 
22358 725 677 2518 4284 
22359 2479 2445 4248 4317 
22360 2496 2541 4339 4389 
22361 765 4309 4234 4313 
22362 106 105 687 734 
22363 897 782 889 4379 
22364 503 2404 574 4317 
22365 772 726 131 2550 
22366 671 652 657 4392 
22367 838 159 158 2397 
22368 783 177 178 2504 
22369 2393 9 119 2399 
22370 2391 2478 2428 4266 
22371 2509 2563 4324 4390 
22372 724 112 689 2443 
22373 635 608 516 4375 
22374 2466 144 145 789 
22375 2515 4255 2536 4352 
22376 2571 4269 2507 4300 
22377 908 791 124 4363 
22378 793 2292 910 4351 
22379 2505 2566 2590 4233 
22380 2479 2396 49 504 
22381 2586 68 2503 579 
22382 2399 9 119 2473 
22383 4225 4283 4253 4335 
22384 787 163 164 2573 
22385 618 627 512 4397 
22386 2404 51 503 574 
22387 70 2511 593 596 
22388 870 846 847 4335 
22389 680 44 4 2494 
22390 2488 2462 2386 4288 
22391 509 58 57 2390 
22392 813 861 812 4338 
22393 2383 2373 604 4301 
22394 670 673 663 4278 
22395 2562 397 396 2333 
22396 740 4300 4280 4367 
22397 763 4367 4233 4370 
22398 2294 2284 904 4377 
22399 889 854 890 4379 
22400 2467 2465 2433 4371 
22401 2287 360 2415 2471 
22402 534 578 606 4391 
22403 374 373 2332 2455 
22404 56 2408 611 2390 
22405 633 514 2576 4391 
22406 4261 4281 4230 4321 
22407 2422 4332 4276 4379 
22408 2509 4324 576 4390 
22409 772 2550 758 4370 
22410 119 2473 771 4302 
22411 882 2573 787 4389 
22412 2542 2576 4354 4391 
22413 86 685 637 4303 
22414 2504 2551 4262 4362 
22415 2452 2477 2408 4328 
22416 4246 4314 4243 4368 
22417 2466 880 789 4380 
22418 807 811 897 4332 
22419 2507 135 753 760 
22420 4268 4219 4288 4322 
22421 767 2590 4367 4370 
22422 763 4309 4233 4393 
22423 2505 2566 4233 4316 
22424 2396 2479 2445 4248 
22425 570 609 625 4388 
22426 384 385 2451 2335 
22427 4301 4324 603 4383 
22428 744 743 764 4393 
22429 2432 2387 2462 4271 
22430 2510 176 867 2504 
22431 908 124 2500 4363 
22432 2438 2397 4349 4395 
22433 2530 2514 2557 4353 
22434 794 168 2498 2583 
22435 413 2472 2384 2377 
22436 147 2405 2475 886 
22437 2472 413 2414 2377 
22438 714 725 2518 4284 
22439 4268 4278 4232 4322 
22440 158 778 838 2397 
22441 177 783 872 2504 
22442 2373 37 2383 604 
22443 408 2308 407 2558 
22444 79 2514 2495 580 
22445 2407 502 60 2388 
22446 4225 4264 4283 4335 
22447 2425 708 682 4312 
22448 2500 124 10 2506 
22449 4229 4279 4246 4368 
22450 4232 652 4303 4392 
22451 2405 4332 2422 4379 
22452 2528 396 395 2316 
22453 685 86 707 4303 
22454 2573 2543 2589 4363 
22455 2513 4253 2555 4396 
22456 558 616 586 4394 
22457 2580 10 124 2506 
22458 578 514 633 4391 
22459 113 2598 2518 714 
22460 2492 107 2411 686 
22461 2583 840 167 2512 
22462 2501 2511 2534 4250 
22463 131 8 118 726 
22464 2454 382 383 2334 
22465 2310 2561 405 406 
22466 642 667 658 4290 
22467 4249 4352 568 4353 
22468 580 507 2514 4353 
22469 588 4356 4250 4358 
22470 716 2550 726 4370 
22471 2533 4245 2510 4338 
22472 2484 2462 2485 4288 
22473 689 112 111 2443 
22474 751 763 4309 4370 
22475 150 2391 776 2478 
22476 2444 2397 2438 4395 
22477 715 707 688 4284 
22478 2581 2510 781 4338 
22479 373 372 2300 2421 
22480 386 2418 385 2297 
22481 362 363 2281 2522 
22482 857 791 882 4363 
22483 2466 4244 4286 4380 
22484 795 4355 4254 4360 
22485 72 2501 2584 506 
22486 2483 2443 126 732 
22487 714 715 688 4284 
22488 784 2502 2581 4396 
22489 881 2401 788 4351 
22490 2445 2437 2396 4248 
22491 171 172 853 2513 
22492 4268 4295 4278 4312 
22493 2427 2404 2394 4317 
22494 153 152 786 2406 
22495 763 4233 4309 4370 
22496 589 4352 4255 4357 
22497 520 4256 4353 4354 
22498 4258 4356 562 4357 
22499 599 4358 4259 4359 
22500 2317 378 377 2463 
22501 413 2414 2377 414 
22502 744 764 4309 4393 
22503 2511 4250 4356 4358 
22504 2535 2555 2513 4345 
22505 764 751 763 4309 
22506 726 716 118 2550 
22507 687 716 726 4370 
22508 57 623 509 2390 
22509 2557 4352 4249 4353 
22510 4219 4268 4232 4322 
22511 140 906 2280 775 
22512 2512 2529 2553 4360 
22513 2452 2477 4328 4388 
22514 867 781 175 2510 
22515 2515 501 590 4357 
22516 110 2425 682 2398 
22517 2501 2534 2559 4356 
22518 2585 794 2498 4355 
22519 2443 125 126 732 
22520 2443 2491 125 770 
22521 660 672 671 4303 
22522 2473 9 119 771 
22523 2515 2536 4255 4357 
22524 627 598 516 4375 
22525 401 400 2570 2305 
22526 2505 2532 2566 4316 
22527 4282 4347 564 4350 
22528 643 671 668 4284 
22529 680 95 667 2592 
22530 125 2443 770 732 
22531 2512 840 2582 4360 
22532 712 755 761 4313 
22533 2454 2420 2450 4372 
22534 2557 2497 4352 4353 
22535 638 656 674 4366 
22536 2501 4250 2534 4356 
22537 611 2408 55 505 
22538 378 379 2410 2328 
22539 408 2525 409 2343 
22540 607 517 626 4282 
22541 2403 2426 2474 4304 
22542 595 2497 518 4352 
22543 2367 27 2472 2384 
22544 649 4322 4274 4392 
22545 499 582 583 4347 
22546 130 2473 2400 771 
22547 136 2507 2580 769 
22548 2292 793 137 2284 
22549 577 2576 514 4391 
22550 2587 510 576 4324 
22551 499 629 35 2370 
22552 2515 2559 2536 4357 
22553 2366 2296 26 2578 
22554 2369 2579 28 2385 
22555 2521 416 2371 417 
22556 393 2526 394 2304 
22557 2511 593 596 4358 
22558 2433 2439 2467 4371 
22559 608 2469 512 4375 
22560 2370 2378 2383 4347 
22561 2505 4316 4233 4370 
22562 2535 2498 2553 4355 
22563 601 4324 4251 4383 
22564 2492 679 5 723 
22565 677 2598 6 725 
22566 2583 4254 2553 4355 
22567 731 2409 127 2483 
22568 2476 2405 148 886 
22569 4221 4257 4254 4294 
22570 788 838 894 4349 
22571 2434 2389 2422 4379 
22572 139 2280 2294 775 
22573 2466 145 2389 789 
22574 906 141 140 2280 
22575 2591 96 2592 662 
22576 4229 4243 4285 4368 
22577 2402 46 47 513 
22578 568 589 595 4352 
22579 519 507 520 4353 
22580 511 533 581 4354 
22581 794 858 795 4355 
22582 594 588 506 4356 
22583 573 562 590 4357 
22584 563 599 596 4358 
22585 600 601 579 4359 
22586 840 796 855 4360 
22587 36 499 2370 2383 
22588 832 814 867 4362 
22589 2295 2368 25 2471 
22590 851 850 849 4342 
22591 2583 2553 4254 4360 
22592 2496 787 164 2573 
22593 2342 402 2517 401 
22594 2484 90 664 2485 
22595 2509 66 65 576 
22596 837 141 906 2283 
22597 510 4324 2587 4359 
22598 2378 4301 2383 4347 
22599 4255 4352 2515 4357 
22600 170 780 841 4345 
22601 2559 4258 2584 4356 
22602 629 2370 499 4347 
22603 2518 2493 2595 4284 
22604 899 4335 4287 4342 
22605 2515 2536 2497 4352 
22606 839 165 779 4339 
22607 2502 2533 4338 4396 
22608 683 2532 116 2505 
22609 2580 124 10 769 
22610 84 83 666 713 
22611 2421 2455 2446 4376 
22612 2586 579 2503 4359 
22613 2595 2566 2532 4316 
22614 2505 2550 716 4370 
22615 810 890 901 4380 
22616 2404 51 52 503 
22617 2511 71 70 593 
22618 4335 4342 846 4386 
22619 4275 4280 4234 4393 
22620 178 783 2504 4318 
22621 858 4257 4345 4386 
22622 668 2518 677 4284 
22623 371 370 2339 2419 
22624 2498 794 2583 4355 
22625 85 84 663 705 
22626 861 784 4338 4396 
22627 142 837 907 2283 
22628 2495 2576 80 577 
22629 2436 2393 2466 4286 
22630 636 41 42 4348 
22631 4276 4315 4244 4380 
22632 2464 2473 2470 4302 
22633 2588 65 64 515 
22634 4219 4232 4274 4322 
22635 2582 2529 2512 4360 
22636 582 4350 4347 4383 
22637 4240 4293 4251 4383 
22638 2550 132 758 2590 
22639 840 2512 2583 4360 
22640 781 2510 867 4362 
22641 392 391 2524 2303 
22642 2391 2476 149 776 
22643 2424 2459 2409 4275 
22644 788 159 838 4349 
22645 780 4345 2513 4396 
22646 639 2386 91 2484 
22647 521 519 4353 4381 
22648 549 4358 563 4382 
22649 4232 4278 4268 4295 
22650 4249 4292 4237 4381 
22651 799 4360 796 4384 
22652 2550 2590 758 4370 
22653 4236 4291 4250 4382 
22654 682 2398 2425 4312 
22655 838 4349 2397 4395 
22656 787 2573 2496 4389 
22657 4254 4355 2583 4360 
22658 4228 4258 4250 4291 
22659 541 4357 573 4385 
22660 784 2581 4338 4396 
22661 712 706 755 4313 
22662 2559 2584 4258 4357 
22663 156 895 883 2403 
22664 102 101 712 761 
22665 369 368 2322 2417 
22666 2389 2466 789 4380 
22667 124 2580 2506 4369 
22668 510 601 4324 4359 
22669 561 613 564 4350 
22670 4257 4294 4235 4386 
22671 2534 4250 2511 4358 
22672 779 855 4339 4360 
22673 2498 2583 2553 4355 
22674 2514 2497 2557 4353 
22675 2452 2427 2394 4263 
22676 2566 2590 4233 4367 
22677 2409 128 129 752 
22678 4238 4294 4254 4384 
22679 2576 81 80 577 
22680 658 4290 662 4366 
22681 2493 2595 4284 4392 
22682 2515 75 74 501 
22683 2375 2378 2370 4347 
22684 2590 133 730 2516 
22685 727 710 685 4303 
22686 858 841 4345 4355 
22687 2513 4345 4253 4396 
22688 730 748 749 4367 
22689 2584 4356 4258 4357 
22690 4233 4367 2590 4370 
22691 2452 4263 2394 4388 
22692 4276 4379 890 4380 
22693 358 2486 2292 2290 
22694 881 902 793 4351 
22695 131 758 772 2550 
22696 500 598 597 4368 
22697 2586 2552 4259 4359 
22698 4239 4292 4255 4385 
22699 2494 2592 680 4290 
22700 895 2403 4304 4395 
22701 2569 2494 2539 4290 
22702 744 4367 748 4393 
22703 2466 2393 143 880 
22704 755 765 762 4313 
22705 4301 4324 2563 4390 
22706 506 2501 2584 4356 
22707 4259 4358 2586 4359 
22708 180 2508 790 179 
22709 2469 4243 2435 4397 
22710 134 135 753 2516 
22711 4237 4256 4249 4381 
22712 4250 4259 4236 4382 
22713 2586 4259 2552 4358 
22714 4227 4249 4255 4292 
22715 748 4367 4280 4393 
22716 604 515 603 4390 
22717 103 102 706 755 
22718 2571 2507 2531 4300 
22719 2446 2391 2428 4266 
22720 2370 4282 2375 4347 
22721 902 4349 4272 4351 
22722 2287 360 359 2415 
22723 2293 142 907 2283 
22724 2496 2541 2529 4339 
22725 2583 2512 2553 4360 
22726 2406 786 2395 4287 
22727 4226 4259 4251 4293 
22728 4253 4257 4235 4386 
22729 2469 4375 4243 4397 
22730 2502 173 784 2581 
22731 4254 4260 4238 4384 
22732 2491 7 125 770 
22733 835 4351 4272 4377 
22734 2411 679 94 2492 
22735 2518 2598 100 677 
22736 141 906 2283 2280 
22737 4249 4353 519 4381 
22738 563 4358 4250 4382 
22739 101 7 724 770 
22740 83 5 679 723 
22741 677 6 88 725 
22742 4251 4324 601 4359 
22743 2510 4338 4245 4362 
22744 2495 2542 2576 4354 
22745 2501 2559 2584 4356 
22746 2509 2588 2563 4390 
22747 2393 119 9 909 
22748 721 105 104 751 
22749 2370 2374 2375 4282 
22750 4255 4258 4239 4385 
22751 4246 4368 4279 4391 
22752 548 550 4382 4394 
22753 63 608 2392 2469 
22754 790 837 831 4378 
22755 627 4375 512 4397 
22756 708 109 2425 682 
22757 4233 4309 4234 4393 
22758 2400 2473 2464 4302 
22759 839 4339 856 4389 
22760 634 2487 2374 4282 
22761 2534 2511 2552 4358 
22762 4259 4293 4236 4394 
22763 2535 2585 2498 4355 
22764 4276 4332 874 4379 
22765 2381 2374 33 634 
22766 2586 2503 2552 4359 
22767 2486 910 2292 4351 
22768 2314 366 365 2376 
22769 2286 357 356 2315 
22770 2595 4366 4274 4392 
22771 796 4360 4254 4384 
22772 881 910 2486 4351 
22773 881 793 910 4351 
22774 709 2532 115 683 
22775 724 7 112 2491 
22776 175 176 867 2510 
22777 82 2576 2499 633 
22778 2474 154 866 2395 
22779 2595 2532 2518 4284 
22780 2486 910 11 2292 
22781 786 153 2406 2395 
22782 117 118 716 2550 
22783 2390 2450 2429 4252 
22784 2372 364 365 2362 
22785 687 703 716 4370 
22786 720 706 704 4313 
22787 2536 2557 2497 4352 
22788 638 662 97 4366 
22789 867 2510 2504 4362 
22790 701 702 684 4309 
22791 4315 4339 4260 4389 
22792 883 778 157 4395 
22793 100 2518 677 668 
22794 3 39 2387 2430 
22795 2585 4345 841 4355 
22796 836 4318 2508 4378 
22797 779 4339 2582 4360 
22798 2401 161 881 160 
22799 4229 4285 4279 4368 
22800 2582 4339 2529 4360 
22801 890 4379 854 4380 
22802 573 4357 4255 4385 
22803 858 4345 4257 4355 
22804 4260 4339 855 4360 
22805 628 4368 4285 4375 
22806 2481 45 46 607 
22807 726 8 106 772 
22808 2504 2510 2551 4362 
22809 34 35 629 2370 
22810 608 627 516 4375 
22811 535 522 521 4381 
22812 547 548 549 4382 
22813 908 124 10 2500 
22814 62 512 2469 4397 
22815 12 907 2593 2293 
22816 2412 380 381 2330 
22817 726 118 131 2550 
22818 109 110 2425 682 
22819 2533 2510 2581 4338 
22820 55 56 2408 611 
22821 558 4317 616 4394 
22822 662 4290 2591 4366 
22823 634 2374 517 4282 
22824 797 800 799 4384 
22825 900 778 883 4395 
22826 555 556 557 4383 
22827 2291 2288 2283 4378 
22828 179 790 836 2508 
22829 539 540 541 4385 
22830 844 848 873 4386 
22831 671 657 4284 4392 
22832 793 4351 835 4377 
22833 2584 2515 73 590 
22834 404 2519 2313 403 
22835 160 788 881 2401 
22836 94 641 679 2411 
22837 4294 4342 4235 4386 
22838 730 2516 4300 4367 
22839 2409 129 2400 752 
22840 793 138 137 2284 
22841 166 167 840 2512 
22842 603 4324 4301 4390 
22843 4240 4350 4293 4383 
22844 2309 368 367 2460 
22845 4259 4236 4382 4394 
22846 558 586 550 4394 
22847 741 743 744 4393 
22848 159 2397 838 4349 
22849 389 2461 388 2307 
22850 2472 389 27 2367 
22851 2368 367 25 2471 
22852 2578 26 2366 390 
22853 412 2579 28 2369 
22854 634 2374 33 517 
22855 794 168 169 2498 
22856 578 534 514 4391 
22857 2516 135 753 2507 
22858 882 857 4363 4389 
22859 2581 174 781 2510 
22860 510 602 576 4324 
22861 2409 127 128 731 
22862 787 856 857 4389 
22863 157 156 883 2403 
22864 659 2386 92 639 
22865 2292 793 2284 4351 
22866 882 908 162 4363 
22867 376 375 2312 2413 
22868 499 35 36 2370 
22869 2 2382 2594 632 
22870 839 779 869 4339 
22871 2396 48 49 504 
22872 2503 68 67 579 
22873 727 707 4284 4303 
22874 399 398 2520 2324 
22875 660 4284 707 4303 
22876 2564 2508 4318 4378 
22877 2537 4 44 2494 
22878 414 2456 2374 415 
22879 2511 2586 2552 4358 
22880 415 2456 2374 2487 
22881 764 728 751 4309 
22882 2394 2404 52 503 
22883 2511 2501 71 593 
22884 391 2364 390 2567 
22885 2532 116 115 683 
22886 576 2509 2587 4324 
22887 355 356 2363 2282 
22888 656 657 652 4392 
22889 2559 2515 2584 4357 
22890 604 603 4301 4390 
22891 2516 2507 753 4300 
22892 411 2568 412 2365 
22893 2280 139 140 775 
22894 172 784 853 4396 
22895 901 890 789 4380 
22896 2478 884 151 2406 
22897 2368 25 355 2295 
22898 413 2472 27 2384 
22899 841 780 842 4345 
22900 736 729 737 4387 
22901 590 2584 2515 4357 
22902 4301 4347 4240 4383 
22903 656 4366 638 4392 
22904 2535 4345 2585 4355 
22905 92 93 2386 659 
22906 131 132 758 2550 
22907 2496 4339 839 4389 
22908 133 134 730 2516 
22909 2411 107 108 686 
22910 95 680 2494 2592 
22911 2518 114 113 714 
22912 2479 574 2404 4317 
22913 2487 2381 1 634 
22914 2576 2499 633 4391 
22915 854 4379 2389 4380 
22916 50 2404 2479 574 
22917 2511 69 2586 596 
22918 2579 416 28 2385 
22919 2296 363 26 2578 
22920 2564 2508 2545 4318 
22921 2367 364 27 2384 
22922 2457 2438 2401 4349 
22923 387 388 2416 2337 
22924 2445 2404 2427 4317 
22925 2486 2292 2290 4351 
22926 2523 411 410 2298 
22927 2513 2555 2502 4396 
22928 2474 895 155 2403 
22929 28 366 2369 2385 
22930 2456 2481 2402 4282 
22931 2296 26 357 2366 
22932 775 2294 904 4377 
22933 2295 25 360 2471 
22934 839 2496 165 4339 
22935 2457 4349 2401 4351 
22936 2405 147 148 886 
22937 2285 2284 2294 4377 
22938 638 4366 2493 4392 
22939 793 2284 4351 4377 
22940 2505 2590 2550 4370 
22941 2380 4301 2563 4390 
22942 672 660 637 4303 
22943 39 3 635 2392 
22944 608 2392 2469 4375 
22945 2496 2573 2541 4389 
22946 4283 4338 4253 4396 
22947 854 782 146 4379 
22948 2529 4339 4260 4360 
22949 702 721 684 4309 
22950 74 73 2515 590 
22951 907 790 180 2593 
22952 38 2373 632 604 
22953 4274 4366 656 4392 
22954 170 171 780 2513 
22955 415 2374 2381 2487 
22956 2586 2511 596 4358 
22957 2477 54 2408 505 
22958 853 784 852 4396 
22959 2383 2378 2373 4301 
22960 775 835 834 4377 
22961 762 761 755 4313 
22962 2577 2506 2580 4369 
22963 4257 4355 4294 4386 
22964 4292 4352 4255 4385 
22965 706 712 704 4313 
22966 4294 4355 4254 4384 
22967 2444 2403 2397 4395 
22968 2590 2516 730 4367 
22969 660 671 4284 4303 
22970 2594 64 2 632 
22971 4293 4359 4251 4383 
22972 4291 4356 4250 4382 
22973 4249 4352 4292 4381 
22974 149 150 2391 776 
22975 2445 2479 2404 4317 
22976 2591 2569 2493 4366 
22977 2480 47 48 575 
22978 2587 67 66 510 
22979 632 2588 515 4390 
22980 53 612 625 4388 
22981 685 707 727 4303 
22982 2466 2389 2434 4380 
22983 2569 4290 4274 4366 
22984 4235 4335 4253 4386 
22985 2500 2543 2573 4363 
22986 788 2401 4349 4351 
22987 2285 2290 2284 4351 
22988 910 137 11 2292 
22989 907 12 142 2293 
22990 165 2582 779 4339 
22991 882 162 163 2573 
22992 2285 4351 2284 4377 
22993 3 39 2430 2392 
22994 1 45 2487 634 
22995 178 2504 2508 4318 
22996 2493 99 98 675 
22997 2481 2456 2487 4282 
22998 2535 4257 4345 4355 
22999 143 144 2466 880 
23000 2293 2593 361 4378 
23001 157 2403 883 4395 
23002 4253 4345 4257 4386 
23003 2404 50 51 574 
23004 2511 70 69 596 
23005 174 175 781 2510 
23006 2382 2 38 632 
23007 671 4284 4303 4392 
23008 170 841 2585 4345 
23009 152 151 884 2406 
23010 881 910 161 2486 
23011 604 4301 2373 4390 
23012 178 2508 836 4318 
23013 2544 4324 4251 4359 
23014 10 136 2580 769 
23015 130 9 2473 771 
23016 44 4 2499 633 
23017 2406 2395 2448 4287 
23018 584 618 512 4397 
23019 2598 6 100 677 
23020 679 5 94 2492 
23021 4251 4324 4301 4383 
23022 680 4 95 2494 
23023 678 89 3 2387 
23024 2374 2487 2456 4282 
23025 2533 2581 2502 4338 
23026 97 662 2591 4366 
23027 2566 2516 2590 4367 
23028 2576 82 81 514 
23029 2425 2398 2459 4312 
23030 54 55 2408 505 
23031 2373 38 37 604 
23032 4241 4330 4269 4387 
23033 159 2401 2397 4349 
23034 785 167 168 2583 
23035 2389 854 146 4379 
23036 2285 4272 4351 4377 
23037 172 173 784 2502 
23038 662 638 674 4366 
23039 90 89 640 2485 
23040 2508 180 790 2593 
23041 2382 38 2373 632 
23042 4240 4347 4282 4350 
23043 44 4 2537 2499 
23044 2382 418 2594 4390 
23045 791 908 882 4363 
23046 145 146 2389 854 
23047 839 164 165 2496 
23048 625 612 570 4388 
23049 2493 4366 2595 4392 
23050 881 2486 2401 4351 
23051 2501 72 71 506 
23052 154 153 866 2395 
23053 165 166 779 2582 
23054 146 147 2475 782 
23055 790 2593 907 4378 
23056 608 63 62 2469 
23057 675 98 2493 638 
23058 2585 2535 2513 4345 
23059 2425 2459 2488 4312 
23060 895 156 155 2403 
23061 2502 4338 2581 4396 
23062 2294 775 2280 4377 
23063 882 4363 2573 4389 
23064 889 782 854 4379 
23065 2545 2508 2504 4318 
23066 641 94 93 2411 
23067 908 2500 162 4363 
23068 2469 512 4375 4397 
23069 2518 100 99 668 
23070 2401 161 2486 881 
23071 2492 5 107 723 
23072 2598 113 6 725 
23073 717 116 117 2505 
23074 2438 2397 2401 4349 
23075 632 2594 2588 4390 
23076 61 584 512 4397 
23077 690 111 110 2398 
23078 2436 2399 2393 4286 
23079 4255 4357 4258 4385 
23080 2285 2294 2280 4377 
23081 4254 4360 4260 4384 
23082 4256 4353 4249 4381 
23083 4250 4358 4259 4382 
23084 2486 358 2457 2290 
23085 841 169 170 2585 
23086 2569 2591 2592 4290 
23087 91 90 664 2484 
23088 2496 2529 2582 4339 
23089 129 130 2400 733 
23090 127 126 754 2483 
23091 49 50 2479 587 
23092 2586 69 68 508 
23093 790 2508 2593 4378 
23094 52 53 2394 612 
23095 4245 4299 4262 4362 
23096 2374 34 33 517 
23097 2422 2389 2475 4379 
23098 2569 2595 2493 4366 
23099 907 2283 837 4378 
23100 95 96 667 2592 
23101 2476 148 149 898 
23102 2591 97 96 662 
23103 4280 4367 4233 4393 
23104 2477 2452 2394 4388 
23105 2378 2380 2373 4301 
23106 837 142 141 2283 
23107 4255 4292 4249 4352 
23108 4250 4291 4258 4356 
23109 4251 4293 4259 4359 
23110 4254 4294 4257 4355 
23111 62 2469 61 4397 
23112 418 2563 2594 4390 
23113 180 12 907 2593 
23114 162 2573 882 4363 
23115 2593 2564 361 4378 
23116 775 904 835 4377 
23117 907 2293 2283 4378 
23118 2582 165 2496 4339 
23119 146 782 2475 4379 
23120 4274 4322 4232 4392 
23121 53 2394 612 4388 
23122 2584 73 72 592 
23123 2425 108 109 708 
23124 2514 78 77 507 
23125 910 11 161 2486 
23126 136 135 2507 760 
23127 2293 361 2291 4378 
23128 115 114 2532 709 
23129 2383 37 36 631 
23130 4287 4335 4235 4342 
23131 907 2593 2293 4378 
23132 788 2401 159 4349 
23133 138 139 2294 904 
23134 2381 33 1 634 
23135 2531 2507 2516 4300 
23136 172 2502 784 4396 
23137 4285 4368 4243 4375 
23138 837 790 907 4378 
23139 4347 4350 4240 4383 
23140 2486 11 358 2292 
23141 896 151 150 2478 
23142 59 58 572 2407 
23143 415 2381 1 2487 
23144 2386 91 92 639 
23145 2477 53 625 4388 
23146 2290 2457 2486 4351 
23147 2593 361 12 2293 
23148 2497 76 75 595 
23149 98 97 2493 638 
23150 584 61 60 2388 
23151 2495 80 79 511 
23152 2569 2592 2494 4290 
23153 2594 632 2382 4390 
23154 2469 2388 61 4397 
23155 2388 2469 2435 4397 
23156 97 2493 638 4366 
23157 778 158 157 2397 
23158 176 177 872 2504 
23159 4235 4342 4335 4386 
23160 632 604 2373 4390 
23161 2477 53 54 625 
23162 132 133 767 2590 
23163 778 2397 157 4395 
23164 515 604 632 4390 
23165 2380 418 2382 4390 
23166 61 2388 584 4397 
23167 2397 2403 157 4395 
23168 2292 2284 2290 4351 
23169 2569 2591 4290 4366 
23170 2594 2382 2 418 
23171 2475 2389 146 4379 
23172 623 57 56 2390 
23173 173 174 812 2581 
23174 417 418 2380 2563 
23175 2509 2544 2587 4324 
23176 2373 4301 2380 4390 
23177 2382 632 2373 4390 
23178 162 2500 2573 4363 
23179 908 10 162 2500 
23180 2393 9 143 909 
23181 2564 2593 2508 4378 
23182 2564 2291 361 4378 
23183 160 159 788 2401 
23184 178 179 836 2508 
23185 2486 2457 2401 4351 
23186 777 155 154 2474 
23187 2499 4 82 633 
23188 2457 358 359 2290 
23189 418 2380 2563 4390 
23190 97 2591 2493 4366 
23191 2564 362 361 2291 
23192 635 3 63 2392 
23193 53 2477 2394 4388 
23194 4232 4303 4284 4392 
23195 2594 2563 2588 4390 
23196 2293 2291 2283 4378 
23197 2382 2373 2380 4390 
23198 2319 4308 4341 2345 
23199 4341 4308 2319 4228 
23200 2410 4371 2465 2467 
23201 2465 4371 2410 4296 
23202 39 4265 4271 2430 
23203 4271 4265 39 40 
23204 4300 4274 2566 2531 
23205 4300 2566 4274 4219 
23206 4319 2538 4279 4229 
23207 4319 4279 2538 2575 
23208 891 2474 4304 777 
23209 4304 2474 891 4264 
23210 2476 885 4332 898 
23211 4332 885 2476 4266 
23212 4264 866 2474 891 
23213 4264 2474 866 2395 
23214 4260 4310 2553 4254 
23215 4249 2527 2536 2557 
23216 4249 2536 2527 4227 
23217 734 721 4370 751 
23218 734 4370 721 687 
23219 4258 2525 2534 2559 
23220 4258 2534 2525 4228 
23221 4310 2529 2553 2562 
23222 4310 2553 2529 4260 
23223 2468 4285 4375 2431 
23224 4375 4285 2468 4243 
23225 4254 2528 2535 4221 
23226 4254 2535 2528 2553 
23227 2555 4374 4311 2526 
23228 4311 4374 2555 4225 
23229 2528 2333 4310 2562 
23230 4310 2333 2528 2316 
23231 4346 4317 4248 2445 
23232 4346 4248 4317 4236 
23233 708 2411 108 686 
23234 708 108 2411 2425 
23235 513 2481 4282 2402 
23236 513 4282 2481 607 
23237 2480 504 614 575 
23238 614 504 2480 2396 
23239 2480 4248 614 2396 
23240 4276 4376 4332 2422 
23241 4332 4376 4276 4238 
23242 4341 2427 2452 4263 
23243 4341 2452 2427 2418 
23244 2387 640 89 2485 
23245 2387 89 640 678 
23246 2362 2376 4298 2314 
23247 4298 2376 2362 2372 
23248 4287 4225 4335 4264 
23249 4287 4335 4225 4235 
23250 2509 515 65 2588 
23251 65 515 2509 576 
23252 2282 2315 356 2363 
23253 2282 356 2315 2286 
23254 887 4266 2478 2391 
23255 887 776 2478 896 
23256 2478 776 887 2391 
23257 120 4330 756 121 
23258 756 4330 120 4302 
23259 4288 669 661 4271 
23260 4288 661 669 655 
23261 4377 906 4247 879 
23262 4377 4247 906 2280 
23263 4334 2363 2356 2315 
23264 4334 2356 2363 4331 
23265 4343 2311 2359 2322 
23266 4343 2359 2311 4336 
23267 122 4369 4269 123 
23268 4269 4369 122 4330 
23269 2557 4256 4306 2530 
23270 4306 4256 2557 4249 
23271 2479 504 615 2396 
23272 615 504 2479 587 
23273 615 4248 2479 2396 
23274 4350 554 585 4293 
23275 4350 585 554 561 
23276 4312 711 700 4278 
23277 4312 700 711 692 
23278 4342 876 875 850 
23279 4342 875 876 4294 
23280 4290 648 4366 658 
23281 4290 4366 648 4274 
23282 534 4246 606 528 
23283 606 4246 534 4391 
23284 4391 43 630 4279 
23285 4391 630 43 578 
23286 4318 822 824 830 
23287 4318 824 822 4307 
23288 4307 868 826 821 
23289 4307 826 868 4270 
23290 2580 4369 769 4269 
23291 2580 769 4369 124 
23292 735 769 4369 4269 
23293 735 4369 769 124 
23294 4318 4222 4307 4262 
23295 4318 4307 4222 4247 
23296 4368 527 528 4314 
23297 4368 528 527 597 
23298 4339 4260 804 4315 
23299 802 804 4260 4315 
23300 4370 718 698 703 
23301 4370 698 718 4316 
23302 4388 569 559 4263 
23303 4388 559 569 570 
23304 4381 532 591 4329 
23305 4381 591 532 535 
23306 4385 567 565 540 
23307 4385 565 567 4328 
23308 4384 807 809 800 
23309 4384 809 807 4332 
23310 4359 599 508 600 
23311 4359 508 599 4358 
23312 4257 2555 4345 4253 
23313 4257 4345 2555 2535 
23314 4396 845 862 852 
23315 4396 862 845 4253 
23316 4381 4352 568 4249 
23317 4382 588 4356 4250 
23318 4383 601 4359 4251 
23319 4384 795 4355 4254 
23320 2546 4369 2543 2506 
23321 2543 4369 2546 4365 
23322 4385 589 4352 4255 
23323 4386 4355 858 4257 
23324 4339 802 804 4260 
23325 4339 804 802 869 
23326 4387 121 122 729 
23327 4387 122 121 4330 
23328 656 4274 649 648 
23329 649 4274 656 4392 
23330 4278 2488 659 4268 
23331 4278 659 2488 2411 
23332 2543 4369 4363 2506 
23333 4363 4369 2543 4281 
23334 4300 2566 2516 2531 
23335 4300 2516 2566 4367 
23336 4300 2571 4242 2531 
23337 4300 4242 2571 4269 
23338 4363 903 123 4281 
23339 4363 123 903 791 
23340 4366 648 656 674 
23341 4366 656 648 4274 
23342 4354 2530 2514 2495 
23343 4354 2514 2530 4256 
23344 4282 414 2414 2456 
23345 4282 2414 414 2375 
23346 4370 721 702 4309 
23347 4370 702 721 687 
23348 4359 2587 2544 4324 
23349 4359 2544 2587 2503 
23350 4396 172 2513 853 
23351 4396 2513 172 2502 
23352 4345 170 2513 2585 
23353 4345 2513 170 780 
23354 4322 665 653 650 
23355 4322 653 665 4268 
23356 614 2480 4350 4248 
23357 4350 2480 614 575 
23358 2478 887 4342 4266 
23359 4342 887 2478 896 
23360 2479 615 4317 4248 
23361 4317 615 2479 587 
23362 568 4381 4292 4352 
23363 4292 4381 568 522 
23364 4292 537 568 4352 
23365 568 537 4292 522 
23366 588 545 4291 4356 
23367 4291 545 588 547 
23368 4291 4382 588 4356 
23369 588 4382 4291 547 
23370 601 553 4293 4359 
23371 4293 553 601 555 
23372 4293 4383 601 4359 
23373 601 4383 4293 555 
23374 795 798 4294 4355 
23375 4294 798 795 797 
23376 4294 4384 795 4355 
23377 795 4384 4294 797 
23378 589 537 4292 4352 
23379 4292 537 589 539 
23380 4292 4385 589 4352 
23381 589 4385 4292 539 
23382 858 4386 4294 4355 
23383 4294 4386 858 873 
23384 4294 798 858 4355 
23385 858 798 4294 873 
23386 2488 4268 2462 4288 
23387 2488 2462 4268 2459 
23388 2424 2462 4268 4288 
23389 2424 4268 2462 2459 
3 3 4 4320
23390 1371 1348 1286 4462 
23391 2772 4430 4542 4558 
23392 2734 4424 2611 4500 
23393 1204 254 253 4452 
23394 4432 4494 2942 4497 
23395 2611 4424 2734 4511 
23396 2647 4408 2688 4499 
23397 2833 4509 4429 4513 
23398 4425 4497 2945 4531 
23399 4446 4476 2633 4547 
23400 1356 1288 1357 4451 
23401 3034 2992 4417 4426 
23402 2790 4513 4429 4530 
23403 3034 2939 2992 4426 
23404 1101 1198 1189 4482 
23405 1204 1113 1232 4452 
23406 2688 4408 2647 4503 
23407 2961 2942 4494 4497 
23408 2754 4408 2647 4499 
23409 4429 4532 2668 4538 
23410 2655 2680 4494 4527 
23411 2961 4497 4494 4538 
23412 1058 1072 1071 4442 
23413 4494 4497 4468 4538 
23414 2788 4488 4425 4530 
23415 2788 4425 2787 4530 
23416 253 254 4469 4564 
23417 2833 4429 2790 4513 
23418 4446 4547 2689 4571 
23419 3029 1058 1071 4442 
23420 2607 4543 4424 4545 
23421 2734 4424 2851 4511 
23422 2647 4408 2754 4503 
23423 2696 3019 2623 4476 
23424 1338 1285 1366 4449 
23425 2942 4469 4432 4497 
23426 4403 4494 2680 4527 
23427 1121 1123 1154 4489 
23428 1211 1180 1218 4472 
23429 4442 4465 3014 4483 
23430 2892 4543 2607 4545 
23431 1177 1215 1104 4457 
23432 2875 4417 4427 4521 
23433 1053 2905 1090 1071 
23434 2945 4497 4425 4565 
23435 1201 1123 1119 4523 
23436 1139 1137 1149 4498 
23437 4399 3014 4465 4483 
23438 1340 1314 1328 4456 
23439 4400 2996 4413 4565 
23440 2786 4405 4488 4530 
23441 2809 2863 4517 4529 
23442 1145 1147 1146 4510 
23443 4400 4413 4488 4565 
23444 2833 2790 4429 4530 
23445 2772 2775 4430 4558 
23446 2801 4405 4436 4488 
23447 2945 4497 2964 4531 
23448 1184 1131 1153 4492 
23449 3034 4426 4417 4478 
23450 2607 2608 4424 4543 
23451 2875 4427 4417 4558 
23452 2801 2786 4405 4488 
23453 2961 2942 3022 4494 
23454 2996 4400 4435 4565 
23455 2641 2689 2652 4571 
23456 4407 4542 2773 4548 
23457 1058 1090 3029 1071 
23458 2633 4446 2977 4476 
23459 2967 4536 3021 4550 
23460 2689 4547 2652 4571 
23461 2928 4483 4407 4487 
23462 2983 3014 4467 4483 
23463 2773 4407 4453 4542 
23464 4446 4501 2794 4571 
23465 2928 4438 4407 4483 
23466 1229 252 1098 4564 
23467 2875 2781 4427 4558 
23468 3014 4399 4467 4483 
23469 4417 4481 2992 4603 
23470 4424 2807 4548 4611 
23471 4424 4500 2807 4611 
23472 2684 4508 4527 4534 
23473 2977 4446 2633 4481 
23474 1219 1213 1179 4472 
23475 1064 1062 1063 4465 
23476 990 992 993 4515 
23477 1088 1087 1052 4491 
23478 2702 4517 2863 4529 
23479 4424 4548 2807 4551 
23480 2611 4424 2608 4500 
23481 2684 4508 4506 4527 
23482 2896 2668 4532 4538 
23483 2875 4427 2781 4521 
23484 4430 4483 2930 4487 
23485 2668 4429 2679 4532 
23486 4400 4413 2996 4449 
23487 4405 4497 2943 4565 
23488 4421 4438 2995 4483 
23489 2633 2689 4446 4547 
23490 2941 4469 2942 4497 
23491 2633 4446 2689 4481 
23492 4511 4547 4446 4551 
23493 2770 4407 2773 4548 
23494 2807 2851 2734 4424 
23495 2686 2633 4476 4547 
23496 4405 4530 2786 4585 
23497 4417 4426 2992 4524 
23498 4400 4456 2767 4488 
23499 1356 1362 1345 4507 
23500 2960 4442 3012 4595 
23501 2737 4446 2794 4571 
23502 4409 4542 4430 4558 
23503 2713 4536 4428 4550 
23504 2668 2679 4429 4538 
23505 1067 1071 1072 4465 
23506 2983 4467 4421 4483 
23507 4406 4441 4540 4575 
23508 1323 1346 1299 4462 
23509 1159 1098 1200 4516 
23510 2786 2801 4405 4470 
23511 2610 4424 2611 4511 
23512 2875 2834 4417 4613 
23513 2607 4424 2610 4545 
23514 2772 4542 4430 4548 
23515 4408 4503 2688 4560 
23516 4468 4494 4432 4497 
23517 2875 4417 2834 4558 
23518 2623 3019 2602 4476 
23519 2939 4426 3034 4478 
23520 2773 4407 2770 4453 
23521 2881 4509 2833 4513 
23522 1211 1218 1151 4472 
23523 982 1022 978 4518 
23524 2996 4435 4400 4449 
23525 4428 4529 2711 4550 
23526 3034 4417 2992 4603 
23527 2926 4438 4459 4487 
23528 2964 4497 4429 4531 
23529 2714 3021 4536 4550 
23530 4405 4469 2941 4497 
23531 1230 236 2899 1115 
23532 4410 4527 4508 4534 
23533 2932 4430 2929 4552 
23534 2655 4494 2978 4527 
23535 2929 4430 2930 4487 
23536 2930 4483 4430 4524 
23537 2807 4424 2734 4500 
23538 4446 4547 2794 4551 
23539 1171 1150 1209 4505 
23540 2689 4481 4446 4571 
23541 3038 4437 4520 4534 
23542 4417 4521 2875 4613 
23543 2881 4428 4509 4513 
23544 2649 4429 4538 4569 
23545 2789 2787 2788 4425 
23546 2611 2610 2608 4424 
23547 2905 3029 1090 1071 
23548 2607 2608 2610 4424 
23549 2930 2929 2932 4430 
23550 2640 2680 2655 4527 
23551 4425 4513 2787 4530 
23552 4430 4487 2929 4552 
23553 2875 2781 2859 4521 
23554 990 989 992 4473 
23555 4429 4513 4509 4531 
23556 1134 1132 1133 4475 
23557 2775 4501 4430 4558 
23558 2774 4430 2775 4501 
23559 2795 4540 4441 4575 
23560 4506 4508 4410 4527 
23561 2772 4542 2836 4558 
23562 2942 2951 4494 4564 
23563 2787 4425 2789 4513 
23564 4407 4459 4438 4487 
23565 2930 4430 2932 4524 
23566 2834 4501 4417 4571 
23567 2808 4513 4440 4529 
23568 2696 2623 2645 4476 
23569 1170 1125 1150 4607 
23570 2928 4407 4438 4487 
23571 1162 1097 1163 4519 
23572 2789 4425 2788 4540 
23573 1098 1161 1229 4452 
23574 2772 2775 2774 4430 
23575 2942 4494 4432 4564 
23576 1357 1359 1322 4479 
23577 1123 1162 1158 4549 
23578 3038 4437 4461 4520 
23579 2834 4571 4417 4613 
23580 2991 4532 4429 4538 
23581 2931 4421 2995 4483 
23582 2801 4436 4405 4470 
23583 1226 1200 1098 4464 
23584 1003 981 1005 4609 
23585 2833 4429 2806 4530 
23586 2941 4405 2943 4565 
23587 2946 4565 2945 4602 
23588 2943 4405 2941 4497 
23589 2754 2880 4408 4499 
23590 2682 2665 4468 4556 
23591 2713 4428 2711 4550 
23592 1213 1219 1160 4472 
23593 2983 2931 3014 4483 
23594 4408 2688 4546 4560 
23595 4425 4530 4497 4531 
23596 253 254 1239 4580 
23597 2928 2930 4483 4487 
23598 4539 4565 2946 4602 
23599 1224 1215 1172 4561 
23600 2881 2809 4428 4529 
23601 1250 1249 1247 4477 
23602 4428 4517 2713 4529 
23603 2951 4403 2978 4494 
23604 2977 2952 4446 4481 
23605 3009 2965 2892 4545 
23606 3034 4478 4417 4603 
23607 2896 4532 2991 4538 
23608 2754 2647 2653 4499 
23609 2994 4409 4483 4524 
23610 251 4432 252 4470 
23611 2978 4494 4403 4527 
23612 4509 4513 4428 4531 
23613 1285 2897 1363 1364 
23614 2875 2834 2781 4558 
23615 2713 2711 4428 4529 
23616 4425 4531 2945 4602 
23617 1180 1109 1218 2901 
23618 4400 2838 4436 4488 
23619 2788 4425 4488 4610 
23620 4497 4530 4429 4531 
23621 2808 4440 2877 4529 
23622 2615 4463 4411 4543 
23623 2945 4565 4425 4602 
23624 1206 1230 2899 1115 
23625 2713 2714 4536 4550 
23626 2881 4428 4513 4529 
23627 4409 4483 4430 4542 
23628 4421 4453 4407 4542 
23629 2851 4424 2807 4551 
23630 2952 4446 4481 4594 
23631 1217 1174 1220 4549 
23632 2994 4442 3014 4483 
23633 4417 4501 2834 4558 
23634 234 4426 235 4519 
23635 4411 4459 4407 4487 
23636 2809 4517 4428 4529 
23637 4400 4488 4435 4565 
23638 2638 4494 2675 4538 
23639 2792 2877 2808 4440 
23640 4427 4454 2780 4521 
23641 2772 2836 2775 4558 
23642 1101 1189 1182 4482 
23643 1189 1198 1144 4482 
23644 2851 4511 4424 4551 
23645 2942 2951 3022 4494 
23646 4409 3012 4442 4595 
23647 4430 2932 4524 4594 
23648 2951 4403 4494 4564 
23649 2965 4543 2892 4545 
23650 2947 2946 2945 4602 
23651 2962 4476 4446 4545 
23652 2647 2688 2653 4499 
23653 1114 250 249 4587 
23654 4435 4488 4405 4565 
23655 1373 1286 1348 4496 
23656 2977 4446 2962 4476 
23657 4404 4447 4528 4598 
23658 254 2940 2886 4469 
23659 2962 4545 4446 4552 
23660 2649 4429 2679 4538 
23661 1194 1111 1182 4482 
23662 1332 1314 1342 4537 
23663 2928 4438 2926 4487 
23664 2957 4420 4447 4528 
23665 2684 4527 2666 4534 
23666 2992 2968 4481 4594 
23667 1346 1347 1289 4462 
23668 2927 4459 4411 4487 
23669 4425 4488 4405 4530 
23670 4424 4543 2965 4545 
23671 2786 2783 2801 4470 
23672 3012 4409 2994 4524 
23673 2615 4411 2609 4543 
23674 3038 3037 4437 4534 
23675 2994 4483 2930 4524 
23676 4406 4441 2795 4540 
23677 4399 4465 3014 4467 
23678 3040 4428 2967 4550 
23679 4401 4520 4437 4534 
23680 2828 2809 2863 4517 
23681 2983 4421 2931 4483 
23682 1321 1323 1299 4567 
23683 2771 2807 4548 4551 
23684 2944 2959 2941 4565 
23685 2682 4468 4494 4556 
23686 2926 4459 2927 4487 
23687 4405 4488 4425 4565 
23688 2788 4540 4425 4610 
23689 2665 2675 2682 4468 
23690 1225 1115 1206 4549 
23691 4483 4542 4407 4548 
23692 4405 4425 4530 4565 
23693 4424 4446 4511 4545 
23694 2944 2941 2943 4565 
23695 231 1203 1233 4454 
23696 2688 4499 4408 4546 
23697 2967 2986 3021 4536 
23698 2772 4430 2774 4548 
23699 2942 4432 4469 4564 
23700 1067 1087 1066 4579 
23701 1256 1246 1243 4435 
23702 2792 2877 4440 4575 
23703 1069 1062 1065 4579 
23704 2767 4400 2838 4436 
23705 2964 4429 2991 4531 
23706 1320 1299 1297 4485 
23707 4409 4524 3012 4595 
23708 4429 4497 2964 4538 
23709 2838 4400 2767 4488 
23710 4425 4565 4539 4602 
23711 4406 4540 4440 4575 
23712 2991 4429 3018 4538 
23713 2679 4429 2649 4569 
23714 4404 4454 4427 4521 
23715 2997 4463 2615 4543 
23716 2751 2829 2627 4468 
23717 1150 1122 1183 4489 
23718 4405 4435 4400 4488 
23719 4440 4568 4406 4575 
23720 2806 4429 2833 4569 
23721 2677 2688 4503 4560 
23722 4404 4447 4420 4528 
23723 2680 4494 4403 4590 
23724 2830 2881 4428 4509 
23725 1165 1139 1149 4486 
23726 2696 2694 3019 4476 
23727 1100 1191 1196 4445 
23728 2709 4440 4529 4575 
23729 1204 1219 1113 4452 
23730 1298 1300 1297 4490 
23731 3017 2939 3034 4478 
23732 2675 4494 4468 4538 
23733 2965 4487 4424 4552 
23734 1121 1119 1123 4489 
23735 2881 2809 2830 4428 
23736 2967 3040 2988 4428 
23737 4401 4461 4437 4520 
23738 2919 2640 2655 4527 
23739 2934 2965 3009 4552 
23740 1085 1072 1058 4442 
23741 2925 2996 4413 4449 
23742 2833 2806 2790 4530 
23743 990 4423 992 4515 
23744 2792 4440 4540 4575 
23745 2830 4428 2809 4517 
23746 2678 4508 4401 4584 
23747 2623 2602 2616 4476 
23748 2804 4547 4511 4551 
23749 4407 4438 4421 4483 
23750 4421 4407 4483 4542 
23751 1183 1121 1154 4489 
23752 1247 1253 1250 4480 
23753 2969 2992 4481 4603 
23754 2933 2930 2932 4524 
23755 2774 4548 4430 4551 
23756 2780 4521 4454 4604 
23757 2684 4506 2691 4527 
23758 1263 1244 1252 4583 
23759 2909 4494 2638 4538 
23760 1072 1086 1087 4442 
23761 2702 2713 4517 4529 
23762 3018 2991 2964 4429 
23763 4429 4530 4513 4531 
23764 2942 4469 2940 4564 
23765 2994 4409 4442 4483 
23766 2608 4500 4424 4543 
23767 1251 1248 1249 4477 
23768 3012 2992 4426 4524 
23769 2877 4529 4440 4575 
23770 1136 1138 1191 4498 
23771 1137 1139 1138 4498 
23772 1133 1135 1134 4498 
23773 2627 2665 2751 4468 
23774 2709 4529 2701 4575 
23775 3023 4528 4447 4598 
23776 2914 2694 2633 4476 
23777 1135 1152 1168 4498 
23778 1340 4456 1328 4588 
23779 4411 4460 2609 4500 
23780 4446 4545 4424 4552 
23781 1109 1179 1213 4472 
23782 4404 4454 4521 4604 
23783 1371 1286 1337 2700 
23784 1204 253 1229 4452 
23785 982 1049 1022 4416 
23786 4432 4469 4405 4497 
23787 2881 2833 2790 4513 
23788 2877 2701 4529 4575 
23789 2951 4452 4403 4564 
23790 1334 3008 1357 1288 
23791 3018 4429 2964 4538 
23792 2776 2851 2807 4551 
23793 2627 4468 2829 4569 
23794 2802 2836 4466 4558 
23795 3040 4531 4428 4550 
23796 2988 2967 4428 4536 
23797 1141 1165 1197 4486 
23798 2943 2941 2942 4497 
23799 1123 4420 1154 4489 
23800 1137 1168 1149 4498 
23801 1201 1162 1123 4523 
23802 4428 4536 2967 4550 
23803 2806 4530 4429 4569 
23804 2939 3012 2992 4426 
23805 2678 4401 4520 4584 
23806 990 992 4423 4473 
23807 3029 1071 2905 4465 
23808 2856 4431 4399 4495 
23809 2633 2686 2689 4547 
23810 2896 2991 3018 4538 
23811 2668 2649 2679 4538 
23812 3029 4442 1071 4465 
23813 2789 4513 4425 4540 
23814 1251 1271 1267 4471 
23815 2675 2682 4468 4494 
23816 1307 1308 1309 4502 
23817 2678 4401 4508 4534 
23818 1356 1357 1326 4451 
23819 2909 2961 4494 4538 
23820 4421 4467 4399 4483 
23821 2927 4487 4411 4543 
23822 2774 4430 4501 4551 
23823 2957 4447 3023 4528 
23824 2754 2880 2797 4408 
23825 2645 2623 2616 4476 
23826 4430 4542 4483 4548 
23827 998 1025 992 4423 
23828 2778 2764 4482 4508 
23829 1144 1142 1143 4510 
23830 1145 1146 1144 4510 
23831 1362 1356 1313 4507 
23832 2678 4520 4401 4534 
23833 2982 3014 4465 4467 
23834 1200 4433 1098 4464 
23835 4424 4511 4446 4551 
23836 2679 4429 4509 4532 
23837 2954 4463 2997 4543 
23838 1098 4433 1200 4516 
23839 2796 4500 4460 4611 
23840 1171 1209 1223 4505 
23841 2988 4428 3040 4532 
23842 1198 1142 1144 4434 
23843 1088 1078 1084 4533 
23844 4409 4430 4524 4558 
23845 2813 4401 2879 4445 
23846 4412 4406 4568 4575 
23847 2879 4445 4401 4584 
23848 2677 2688 2647 4503 
23849 1147 1145 1167 4510 
23850 3036 4550 4440 4602 
23851 2965 4424 4487 4543 
23852 2714 3021 2986 4536 
23853 2828 2863 2702 4517 
23854 2938 4447 4426 4478 
23855 2754 4408 2835 4503 
23856 2856 4443 4399 4542 
23857 2880 4448 4408 4499 
23858 2678 2660 4508 4584 
23859 2952 2962 4446 4552 
23860 2609 4411 2615 4463 
23861 4457 4546 2955 4560 
23862 1143 1141 1197 4510 
23863 2704 4550 2709 4576 
23864 4443 4453 4421 4542 
23865 1101 1198 4434 4525 
23866 4399 4431 2856 4542 
23867 4409 4426 4524 4595 
23868 4429 4530 4468 4569 
23869 1037 982 979 4591 
23870 4430 4483 4409 4524 
23871 1071 1070 1053 4612 
23872 2977 2952 2962 4446 
23873 1323 1348 1371 4462 
23874 4428 4531 3040 4532 
23875 1148 1146 1147 4516 
23876 1154 4420 1123 4549 
23877 2804 2794 4547 4551 
23878 4429 4509 2833 4569 
23879 2977 2895 2952 4481 
23880 2709 4550 4440 4576 
23881 1270 1249 1250 4557 
23882 2892 2600 2607 4543 
23883 2790 2787 4513 4530 
23884 2950 3036 4440 4602 
23885 2681 4484 4528 4598 
23886 1246 1256 1272 4435 
23887 1101 4434 1198 4482 
23888 1162 1163 4420 4519 
23889 2773 4453 4443 4542 
23890 1095 2888 1085 1058 
23891 235 1228 234 4519 
23892 2665 2629 2751 4556 
23893 234 235 4426 4595 
23894 2614 2609 4460 4500 
23895 993 1006 990 4515 
23896 1272 1253 1246 4480 
23897 2826 4508 2660 4584 
23898 2678 2636 2660 4584 
23899 2976 2896 2668 4532 
23900 251 252 4432 4564 
23901 2767 4456 4400 4537 
23902 3019 2985 2602 4476 
23903 1060 1063 1062 4416 
23904 2938 4447 4478 4598 
23905 1267 1279 1251 4471 
23906 2792 4540 2795 4575 
23907 1215 1224 1104 4505 
23908 2954 4411 4463 4543 
23909 2856 4399 2824 4495 
23910 1098 1159 1161 4516 
23911 2991 4531 4429 4532 
23912 2665 2751 4468 4556 
23913 2824 4399 2856 4443 
23914 236 1115 235 4447 
23915 3012 4524 4426 4595 
23916 1117 1201 1119 4523 
23917 2998 4403 2951 4452 
23918 4409 4466 2836 4558 
23919 1285 1364 1366 4449 
23920 1228 1115 1163 4447 
23921 4476 4511 4446 4545 
23922 4407 4548 2770 4611 
23923 2978 2951 2998 4403 
23924 2995 4421 2983 4526 
23925 1202 1112 1203 4523 
23926 1220 1154 1217 4549 
23927 2653 2814 2754 4499 
23928 2879 4401 2878 4584 
23929 1184 1133 1131 4492 
23930 4408 4422 2835 4503 
23931 2637 4509 2755 4517 
23932 1357 1288 3008 4451 
23933 4400 4504 4436 4537 
23934 1086 1052 1087 4491 
23935 4479 4485 4451 4568 
23936 1101 2743 2750 4482 
23937 2880 2797 4408 4448 
23938 2878 2879 2813 4401 
23939 2713 4517 4428 4536 
23940 2983 2995 2931 4421 
23941 2609 2615 2626 4463 
23942 2940 4469 254 4564 
23943 4404 4427 4478 4521 
23944 2607 2600 2608 4543 
23945 1357 1334 1359 4479 
23946 4513 4530 4425 4531 
23947 2831 4406 2791 4610 
23948 3036 4550 2704 4576 
23949 2680 4403 4527 4590 
23950 1216 1168 1152 4601 
23951 1134 4475 1133 4498 
23952 4513 4550 4531 4602 
23953 4406 4440 4540 4568 
23954 2682 2629 2665 4556 
23955 235 236 4447 4595 
23956 1342 1281 1332 4537 
23957 233 232 1078 4491 
23958 1088 1052 1078 4491 
23959 1357 1322 1326 4485 
23960 2794 4501 4446 4551 
23961 2679 4509 4429 4569 
23962 2860 2806 2833 4569 
23963 3038 4437 2971 4461 
23964 2797 2835 2754 4408 
23965 993 992 994 4515 
23966 4412 4485 4479 4568 
23967 2830 4509 4428 4517 
23968 2927 4411 2954 4543 
23969 2826 2660 2762 4584 
23970 232 4454 231 4493 
23971 2936 4452 4410 4527 
23972 2661 2633 2689 4481 
23973 2925 4435 2996 4449 
23974 2978 4403 2998 4527 
23975 3036 2966 4550 4602 
23976 232 1203 231 4454 
23977 4407 4487 4483 4548 
23978 1021 1020 980 4415 
23979 2794 4501 2810 4571 
23980 4410 4452 2936 4472 
23981 1286 4462 1348 4496 
23982 2682 4494 2680 4590 
23983 4402 4528 4458 4596 
23984 2712 2877 2701 4529 
23985 2835 4422 4408 4555 
23986 2709 4529 4440 4550 
23987 2796 2839 4460 4500 
23988 1162 1164 1097 4523 
23989 4405 4530 4497 4565 
23990 1225 1163 1115 4549 
23991 2787 2789 2790 4513 
23992 4424 4511 2610 4545 
23993 4513 4440 4550 4602 
23994 1154 1220 1183 4458 
23995 2836 4542 4409 4558 
23996 2812 4444 4402 4450 
23997 2959 2996 4435 4565 
23998 233 1227 232 4519 
23999 4430 4552 2932 4594 
24000 2684 2691 2666 4527 
24001 3003 4496 4412 4576 
24002 4409 2836 4466 4542 
24003 4417 4478 4427 4521 
24004 2928 2926 2927 4487 
24005 1251 1262 1248 4504 
24006 4428 4531 4513 4550 
24007 2709 2712 2701 4529 
24008 1183 1209 1150 4458 
24009 4509 2685 4532 4536 
24010 4413 2996 4539 4565 
24011 4428 4532 2988 4536 
24012 2633 2977 2914 4476 
24013 3041 4458 4528 4596 
24014 4433 4482 4410 4508 
24015 2994 2930 2933 4524 
24016 3003 2716 4496 4576 
24017 1345 1362 1280 4507 
24018 2768 4407 2770 4611 
24019 2713 2711 2714 4550 
24020 999 1041 1006 4515 
24021 2882 2812 4402 4616 
24022 4483 4487 4430 4548 
24023 2929 4487 2965 4552 
24024 4404 4478 4447 4598 
24025 4433 4410 4506 4508 
24026 1159 1200 1148 4516 
24027 2628 2913 2976 4532 
24028 2636 2762 2660 4584 
24029 2837 2773 2770 4453 
24030 4487 4424 4548 4611 
24031 2614 2609 2618 4460 
24032 4509 4517 2685 4536 
24033 2950 2966 3036 4602 
24034 2785 2786 4530 4585 
24035 1176 1132 1134 4555 
24036 2795 2791 2831 4406 
24037 2875 2811 2834 4613 
24038 4424 4551 4446 4552 
24039 2683 4478 2674 4521 
24040 2770 4407 2768 4453 
24041 2791 4406 2795 4540 
24042 2628 2976 2668 4532 
24043 2793 4464 4556 4590 
24044 3006 1108 1177 1212 
24045 1222 1149 1168 4461 
24046 1153 1131 1129 4561 
24047 4411 4487 4407 4611 
24048 2795 4406 2831 4490 
24049 4406 4412 4441 4575 
24050 2835 4408 2797 4555 
24051 1088 1087 4491 4579 
24052 1365 1366 1317 4474 
24053 2953 4479 4451 4568 
24054 4419 4458 3041 4596 
24055 1299 1296 1297 4441 
24056 2811 4571 2834 4613 
24057 1150 1171 1170 4505 
24058 4408 4546 4457 4560 
24059 1215 1177 1212 4457 
24060 1154 1123 1158 4549 
24061 1111 2743 1182 4482 
24062 2950 4568 4440 4576 
24063 2772 2773 4542 4548 
24064 2948 2945 2964 4531 
24065 2773 2825 4443 4453 
24066 1119 4450 1123 4489 
24067 2678 4520 2659 4584 
24068 2627 2675 2665 4468 
24069 4440 4575 2709 4576 
24070 253 4452 254 4564 
24071 1162 4420 1163 4549 
24072 2799 4450 4484 4523 
24073 4411 4500 2609 4543 
24074 2909 2638 2673 4538 
24075 4409 4466 4431 4542 
24076 3022 2909 2961 4494 
24077 979 982 978 4518 
24078 1245 1252 1244 4535 
24079 3017 2938 4478 4598 
24080 2993 4457 2955 4560 
24081 2810 4501 2834 4571 
24082 4487 4548 4424 4551 
24083 2942 2941 2940 4469 
24084 1108 1214 1212 4492 
24085 2928 2929 2930 4487 
24086 2813 4434 4401 4445 
24087 3034 2992 2969 4603 
24088 1128 1129 1130 4561 
24089 1194 1195 1111 4587 
24090 2611 2734 2822 4511 
24091 1166 1165 1149 4461 
24092 963 1034 1031 4526 
24093 2878 4401 2813 4434 
24094 3039 4505 2935 4546 
24095 3039 4457 4505 4546 
24096 2950 4440 3036 4576 
24097 2614 4460 2839 4500 
24098 2978 2919 2655 4527 
24099 2945 4531 2948 4602 
24100 2971 3038 3037 4437 
24101 2818 2755 2667 4509 
24102 4428 4517 4509 4536 
24103 2799 4484 4454 4523 
24104 4426 4447 4404 4478 
24105 2985 2602 4476 4545 
24106 2682 4556 4494 4590 
24107 1364 1330 1329 4570 
24108 4404 4427 4426 4478 
24109 2605 2734 2611 4500 
24110 1206 1115 2899 4447 
24111 2912 2955 4546 4560 
24112 3036 2704 2708 4576 
24113 2795 4441 4406 4490 
24114 4415 4443 4399 4495 
24115 2634 2895 2661 4481 
24116 1322 1359 1324 4479 
24117 4400 4436 4405 4488 
24118 1049 1010 959 4522 
24119 1346 4462 1289 4553 
24120 2647 2754 2658 4503 
24121 4406 4540 2791 4610 
24122 2753 2796 4460 4611 
24123 3041 4546 4419 4596 
24124 1118 1119 1120 4574 
24125 4497 4530 4425 4565 
24126 984 987 986 4559 
24127 2637 2667 2755 4509 
24128 2673 2638 2675 4538 
24129 1307 1306 1308 4573 
24130 2696 2645 2694 4476 
24131 1128 1186 1126 4578 
24132 1181 1169 1178 4578 
24133 2801 4436 2838 4488 
24134 1101 2750 4434 4482 
24135 2986 2703 2714 4536 
24136 2911 2954 2927 4411 
24137 2648 2738 4509 4569 
24138 1123 4450 1119 4523 
24139 1211 4437 1180 4472 
24140 1246 1245 1243 4535 
24141 1150 1170 4419 4505 
24142 2629 4556 2682 4590 
24143 2909 2673 2987 4538 
24144 3019 2694 2914 4476 
24145 2680 4527 4506 4590 
24146 2922 4410 2936 4472 
24147 1086 1072 1085 4442 
24148 1305 1327 1303 4573 
24149 975 983 984 4581 
24150 1365 1338 1366 4474 
24151 4428 4509 4532 4536 
24152 1226 1098 251 4464 
24153 978 1022 980 4518 
24154 4402 4458 4419 4596 
24155 2964 4497 2961 4538 
24156 4440 4568 2950 4602 
24157 1219 1179 2999 4472 
24158 2892 3005 2600 4543 
24159 4414 4457 2993 4560 
24160 2615 2609 2600 4543 
24161 1211 1151 1197 4510 
24162 1196 1191 1138 4445 
24163 2708 2704 2709 4576 
24164 1014 1042 1000 4463 
24165 1071 1053 2905 4612 
24166 4404 4528 4484 4598 
24167 2929 2965 2934 4552 
24168 3040 2966 4531 4550 
24169 1163 1097 1228 4519 
24170 2737 2794 2810 4571 
24171 1115 4447 1206 4549 
24172 2666 2984 2643 4534 
24173 4430 4548 4487 4551 
24174 1035 1050 997 4514 
24175 4429 4497 4468 4530 
24176 1235 1272 1260 4480 
24177 4413 4539 4488 4565 
24178 4468 4556 2864 4585 
24179 2925 3004 4435 4449 
24180 1101 4434 2750 4525 
24181 2771 4548 2774 4551 
24182 2671 4520 2678 4534 
24183 2754 2814 2880 4499 
24184 2902 1177 1104 4457 
24185 1170 1150 4419 4607 
24186 2691 4506 2680 4527 
24187 2681 4528 2663 4598 
24188 960 972 973 4581 
24189 1313 1326 1301 4593 
24190 3036 4440 4550 4576 
24191 2703 2713 2714 4536 
24192 2611 2822 2601 4511 
24193 1300 1298 1301 4593 
24194 1315 1354 1372 4418 
24195 1071 4442 1072 4465 
24196 1209 1220 1103 4458 
24197 1327 1313 1303 4593 
24198 236 1085 1095 4595 
24199 1371 1286 2700 4462 
24200 4426 4427 4417 4478 
24201 1251 1249 1271 4418 
24202 1348 1323 1321 4567 
24203 1229 1098 4452 4564 
24204 2675 4538 4468 4569 
24205 2612 4476 2602 4545 
24206 3010 3003 4412 4576 
24207 2969 2992 2968 4481 
24208 4430 4551 4487 4552 
24209 4487 4551 4424 4552 
24210 2911 4411 2927 4459 
24211 2824 4399 4443 4495 
24212 1006 1007 991 4592 
24213 2645 4476 2616 4599 
24214 4406 2831 4490 4610 
24215 2966 4531 4550 4602 
24216 2609 4500 2608 4543 
24217 250 1238 249 4606 
24218 1050 1035 1012 4514 
24219 2998 4403 4452 4527 
24220 996 994 997 4515 
24221 4400 4435 4405 4535 
24222 4400 4405 4436 4535 
24223 1169 1124 1178 4607 
24224 1128 1126 1127 4607 
24225 4408 4457 4414 4560 
24226 4509 4531 4428 4532 
24227 2932 2933 4524 4594 
24228 4429 4531 4509 4532 
24229 2633 2694 2686 4476 
24230 4409 4399 4483 4542 
24231 2812 2882 4402 4444 
24232 2675 2649 4538 4569 
24233 2952 4552 4446 4594 
24234 2713 2702 2711 4529 
24235 1219 1204 1161 4452 
24236 984 985 975 4609 
24237 4401 4508 2878 4584 
24238 2901 1180 2908 4472 
24239 2776 2807 2771 4551 
24240 4446 4511 4476 4547 
24241 2699 2723 3020 4536 
24242 235 1115 1228 4447 
24243 4401 4434 2878 4508 
24244 1166 1222 1207 4461 
24245 1196 1199 1100 4525 
24246 1157 1196 1140 4525 
24247 1142 1198 1157 4525 
24248 1198 1101 1193 4525 
24249 1130 1188 1155 4608 
24250 1001 997 994 4586 
24251 1155 1186 1128 4608 
24252 2881 4513 2808 4529 
24253 2943 4497 2945 4565 
24254 1262 1274 1252 4504 
24255 2993 4457 4414 4492 
24256 4404 4598 4484 4604 
24257 4434 4482 2764 4508 
24258 4402 4450 4484 4616 
24259 1136 1191 1156 4562 
24260 1191 1100 1190 4562 
24261 1156 1176 1134 4562 
24262 4431 4466 2836 4542 
24263 1174 4458 1220 4549 
24264 1032 1049 982 4416 
24265 4487 4500 4424 4611 
24266 4414 4401 4445 4584 
24267 1158 1162 1163 4549 
24268 2778 4506 2800 4508 
24269 4419 4505 4457 4546 
24270 2954 4411 2911 4463 
24271 2846 4436 4504 4537 
24272 2738 2667 2648 4509 
24273 1125 1122 1150 4607 
24274 4404 4478 4598 4604 
24275 2881 2808 2809 4529 
24276 2797 4408 4448 4555 
24277 1118 1117 1119 4614 
24278 2820 2751 2629 4556 
24279 3018 2964 2961 4538 
24280 1325 1361 1355 4567 
24281 2738 2818 2667 4509 
24282 1069 1065 1079 4579 
24283 4417 4426 4524 4558 
24284 2738 2833 4509 4569 
24285 2824 4443 4415 4495 
24286 1308 1314 1332 4537 
24287 2794 2774 4501 4551 
24288 1112 4454 1203 4523 
24289 2803 4468 2864 4585 
24290 980 1020 976 4582 
24291 1062 4416 1063 4465 
24292 1366 1364 1316 4449 
24293 2920 4520 2671 4534 
24294 991 990 1006 4615 
24295 4424 4500 4487 4543 
24296 2770 2768 2837 4453 
24297 2768 4423 4407 4611 
24298 2751 2803 2829 4468 
24299 1222 1105 1207 4601 
24300 4422 2765 4503 4584 
24301 1000 1002 999 4463 
24302 1212 1153 1215 4457 
24303 2802 2836 4431 4466 
24304 2628 4532 2685 4536 
24305 4481 4501 4446 4571 
24306 981 1003 4467 4609 
24307 1347 1371 1337 4462 
24308 1250 4418 1249 4477 
24309 1170 1127 1125 4607 
24310 2801 2838 2786 4488 
24311 1326 1313 1356 4451 
24312 974 973 972 4609 
24313 1338 4449 1366 4474 
24314 992 994 4515 4586 
24315 1195 1148 1200 4587 
24316 4409 4524 4426 4558 
24317 1088 1084 1068 4579 
24318 1006 4459 990 4515 
24319 2773 4443 2825 4542 
24320 4427 4454 4404 4493 
24321 2830 2755 4509 4517 
24322 1005 985 1003 4609 
24323 4513 4529 4428 4550 
24324 4440 4529 4513 4550 
24325 2799 2865 4454 4484 
24326 4401 4414 4520 4584 
24327 1331 1304 1302 4593 
24328 1323 4462 1299 4567 
24329 2802 4466 2854 4558 
24330 1204 1229 1161 4452 
24331 4412 4575 4568 4576 
24332 1321 1299 1320 4567 
24333 1131 4475 1153 4492 
24334 2682 2655 2680 4494 
24335 1314 4456 1342 4537 
24336 1310 1309 1308 4589 
24337 4487 4543 4500 4611 
24338 2637 2685 4509 4517 
24339 2643 2920 2671 4534 
24340 1114 249 1231 4587 
24341 1069 4415 1062 4579 
24342 4503 4520 4414 4584 
24343 966 1020 1021 4582 
24344 1116 1112 1202 4614 
24345 4433 4506 4403 4590 
24346 2856 2825 4443 4542 
24347 1209 4458 1223 4505 
24348 2771 2772 2774 4548 
24349 1066 1087 1088 4579 
24350 2655 2638 2909 4494 
24351 1356 1345 4451 4507 
24352 2710 4462 4412 4575 
24353 2880 2777 4448 4499 
24354 2953 4412 4479 4568 
24355 2600 2609 2608 4543 
24356 1025 998 1023 4586 
24357 1038 1007 1041 4592 
24358 3041 4458 4419 4505 
24359 1064 1065 1062 4579 
24360 2828 2702 2718 4517 
24361 2864 4468 2751 4556 
24362 2922 4410 4437 4534 
24363 1043 1000 996 4515 
24364 2627 2675 4468 4569 
24365 1034 981 1031 4467 
24366 1109 2901 1179 4472 
24367 1357 3008 1334 4479 
24368 1089 1070 1063 4612 
24369 2780 4454 4427 4493 
24370 1215 1104 4457 4505 
24371 4404 4521 4478 4604 
24372 2957 4447 4420 4549 
24373 4444 4448 2777 4499 
24374 1285 2897 1364 4449 
24375 2658 2647 450 2754 
24376 1008 987 1018 4572 
24377 2802 2854 2836 4558 
24378 1296 1299 1346 4553 
24379 1060 1059 1073 4416 
24380 1070 1064 1063 4465 
24381 2920 2643 2984 4534 
24382 2768 4453 4407 4563 
24383 3029 2888 1058 4442 
24384 1161 1160 1219 4516 
24385 2912 2993 2955 4560 
24386 1214 1108 1175 4601 
24387 1347 1346 1323 4462 
24388 1308 1306 1314 4456 
24389 4568 4575 4440 4576 
24390 2947 2945 2948 4602 
24391 1004 1003 995 4526 
24392 2981 3014 4442 4465 
24393 2635 4546 2688 4560 
24394 2769 4548 2807 4611 
24395 2753 4460 4423 4611 
24396 2826 2878 4508 4584 
24397 1295 1297 1296 4553 
24398 2660 2826 2632 4508 
24399 959 1010 1059 4522 
24400 2985 3019 2914 4476 
24401 2851 2822 2734 4511 
24402 4403 4506 4433 4527 
24403 3000 4420 2957 4528 
24404 2772 2770 2773 4548 
24405 2773 2837 2825 4453 
24406 4433 4506 4410 4527 
24407 2605 2847 2734 4500 
24408 1108 1212 4457 4492 
24409 4402 4499 2882 4616 
24410 1071 1067 1070 4465 
24411 1203 1227 1164 4523 
24412 2658 2754 2816 4503 
24413 2829 4468 2803 4569 
24414 2974 4520 4414 4560 
24415 2717 2644 4517 4536 
24416 1005 981 977 4609 
24417 1031 981 1003 4526 
24418 1074 1080 1091 4512 
24419 2793 2840 4464 4590 
24420 2793 4556 4464 4606 
24421 2866 1289 4462 4553 
24422 1203 232 1227 4454 
24423 1337 1371 2700 4462 
24424 2959 4469 4435 4580 
24425 4402 4444 2882 4499 
24426 3003 3010 4412 4496 
24427 990 4459 1006 4615 
24428 1034 963 1016 4591 
24429 4412 4496 2726 4576 
24430 2859 2780 2815 4521 
24431 1224 1172 1170 4561 
24432 2716 2726 4496 4576 
24433 1139 1149 4486 4498 
24434 2699 2644 2723 4536 
24435 2768 4407 4423 4563 
24436 2865 4454 4484 4604 
24437 2942 2940 2951 4564 
24438 4460 4500 4411 4611 
24439 1215 1153 1172 4561 
24440 2882 2842 2812 4616 
24441 2668 2679 2628 4532 
24442 1174 1217 1110 4549 
24443 3017 2973 2938 4598 
24444 1295 1282 1294 4553 
24445 4468 4530 4497 4585 
24446 4539 4568 4540 4602 
24447 2606 2693 2616 4599 
24448 2676 4481 4571 4603 
24449 1346 4441 1299 4462 
24450 2864 2803 2751 4468 
24451 232 231 4466 4493 
24452 2678 4508 2684 4534 
24453 995 1009 1036 4559 
24454 4399 4443 4421 4542 
24455 1088 1078 4431 4491 
24456 2842 4484 4450 4616 
24457 2784 4585 4556 4606 
24458 1035 1001 1026 4586 
24459 1025 994 992 4586 
24460 1049 1032 1010 4541 
24461 2679 4509 2685 4532 
24462 1254 1255 1250 4474 
24463 4403 4433 2840 4464 
24464 4403 4464 2840 4590 
24465 2953 4412 4568 4576 
24466 2840 4433 4403 4590 
24467 3041 2970 3000 4458 
24468 2985 2613 2602 4545 
24469 981 4467 1003 4526 
24470 2786 2785 2783 4585 
24471 2784 4556 2793 4606 
24472 1150 4458 1209 4505 
24473 2826 2762 2878 4584 
24474 2666 4527 2958 4534 
24475 4399 4421 4483 4542 
24476 2798 4456 4439 4610 
24477 1328 1314 1306 4573 
24478 2922 4437 4410 4472 
24479 4403 4556 4464 4590 
24480 1106 1180 1211 4597 
24481 1037 1032 982 4591 
24482 2995 4438 4421 4526 
24483 2684 2632 4506 4508 
24484 2974 4414 2993 4560 
24485 4420 4484 4404 4528 
24486 2977 2962 2914 4476 
24487 2679 2648 4509 4569 
24488 1147 1146 4510 4516 
24489 254 1276 1239 4580 
24490 2801 4436 4470 4583 
24491 4503 4520 2659 4560 
24492 2957 4420 3000 4549 
24493 2799 4450 2842 4484 
24494 2646 2910 2656 4478 
24495 1041 1007 1006 4459 
24496 2676 4603 4571 4613 
24497 2846 2767 2838 4436 
24498 1162 4420 1123 4523 
24499 2956 4413 2996 4539 
24500 4417 4427 4426 4558 
24501 2852 4441 4462 4575 
24502 1064 1062 4465 4579 
24503 1260 4480 1272 4580 
24504 4422 4445 2765 4584 
24505 4556 4585 4432 4606 
24506 2681 2687 4528 4616 
24507 1180 4437 2908 4472 
24508 2634 2969 2895 4481 
24509 2726 2710 4412 4576 
24510 2612 4511 4476 4545 
24511 1318 1354 1315 4537 
24512 2616 2612 2606 4599 
24513 2953 3010 4412 4576 
24514 4433 4452 4410 4516 
24515 2852 4462 2845 4575 
24516 1211 1180 4437 4597 
24517 2628 2685 2695 4536 
24518 1234 1257 1274 4504 
24519 3020 2723 2703 4536 
24520 2697 2862 2722 4517 
24521 1098 1161 4452 4516 
24522 2612 2602 2613 4545 
24523 4421 4467 2983 4526 
24524 2769 2771 2807 4548 
24525 2953 4451 2989 4568 
24526 1110 1225 1206 4549 
24527 4406 4451 4485 4568 
24528 2925 3004 2996 4435 
24529 3041 4458 3000 4528 
24530 2707 2717 2692 4517 
24531 2659 4520 4503 4584 
24532 2618 2609 2626 4514 
24533 1098 4452 4464 4516 
24534 2616 4476 2612 4599 
24535 2675 2638 2682 4494 
24536 1242 1237 252 4469 
24537 2795 4441 2852 4575 
24538 980 1048 1021 4522 
24539 2835 4422 2765 4503 
24540 2779 231 4454 4493 
24541 4404 4484 4454 4604 
24542 2778 2800 2764 4508 
24543 1219 2999 1113 4452 
24544 2676 4481 2689 4571 
24545 2818 2830 2755 4509 
24546 977 981 979 4467 
24547 2974 2923 4414 4520 
24548 1166 1207 1221 4597 
24549 2674 4478 4603 4613 
24550 4409 4426 4455 4558 
24551 1218 1167 1151 4472 
24552 984 983 1018 4572 
24553 4539 4540 4425 4602 
24554 233 4491 234 4493 
24555 231 2741 2779 4454 
24556 2681 4528 4484 4616 
24557 4404 4454 4484 4523 
24558 2952 4481 2895 4594 
24559 4409 4431 4399 4542 
24560 2982 4465 4416 4467 
24561 2677 4503 2659 4560 
24562 456 2751 2665 2629 
24563 1358 1312 1315 4418 
24564 3017 4478 2973 4598 
24565 2693 2645 2616 4599 
24566 4411 4407 4459 4473 
24567 1219 1179 1113 2999 
24568 2937 2899 236 4447 
24569 2888 1085 1058 4442 
24570 2668 2987 2673 4538 
24571 2611 2608 2605 4500 
24572 4468 4497 4432 4585 
24573 2983 3014 2982 4467 
24574 2832 2739 2872 4456 
24575 1101 1182 2743 4482 
24576 1213 1160 1167 4472 
24577 2655 479 2909 2638 
24578 1209 1183 1220 4458 
24579 4456 4488 4413 4610 
24580 988 986 987 4473 
24581 2711 4529 2709 4550 
24582 1061 1069 1080 4522 
24583 989 990 988 4473 
24584 2674 4521 4478 4613 
24585 2634 2661 2895 465 
24586 4405 4497 4530 4585 
24587 2832 4439 2798 4456 
24588 2942 2961 2943 4497 
24589 4439 4456 4413 4610 
24590 233 4493 234 4519 
24591 4401 4437 4410 4534 
24592 989 4423 992 4473 
24593 2956 4451 4413 4539 
24594 2924 1285 1338 4449 
24595 4404 4484 4420 4523 
24596 472 2650 2635 4546 
24597 2643 2671 2678 4534 
24598 231 1233 2741 4454 
24599 2814 2653 2642 4499 
24600 2830 2833 2881 4509 
24601 4501 4551 4430 4594 
24602 2845 2759 2705 4462 
24603 1286 1373 1333 4496 
24604 2923 2993 2974 4414 
24605 4427 4455 4426 4558 
24606 1345 1280 2887 4507 
24607 1134 1132 4475 4555 
24608 979 4467 982 4518 
24609 1078 1082 1084 4533 
24610 2943 2964 2945 4497 
24611 4406 4540 4539 4568 
24612 250 4464 249 4587 
24613 2794 2774 2810 4501 
24614 1316 1364 1329 4589 
24615 963 1034 4467 4591 
24616 4425 4540 4539 4610 
24617 2610 4511 2612 4545 
24618 1100 4445 1196 4525 
24619 1100 1191 4445 4562 
24620 1108 1212 3006 4457 
24621 2857 1100 1199 4525 
24622 4432 4469 252 4470 
24623 2937 4447 236 4595 
24624 2668 2976 482 2896 
24625 3008 1357 4451 4479 
24626 4446 4551 4501 4594 
24627 2896 2987 2668 4538 
24628 1275 249 1238 4583 
24629 1087 4442 4491 4579 
24630 2928 2930 2931 4483 
24631 1317 1312 1358 4589 
24632 2820 4556 2629 4590 
24633 2909 2987 2961 4538 
24634 4432 4494 4403 4564 
24635 4401 4410 4437 4510 
24636 1247 1250 4477 4480 
24637 1009 1039 1036 4615 
24638 989 987 1008 4473 
24639 4426 4447 235 4519 
24640 4417 4481 4501 4594 
24641 251 1237 1258 4470 
24642 2816 4503 2765 4584 
24643 1060 1073 1063 4416 
24644 1372 1341 1287 4557 
24645 1063 1073 1089 4612 
24646 250 249 4464 4606 
24647 4415 4416 1062 4579 
24648 4434 4445 2813 4525 
24649 2691 2664 2680 4506 
24650 2684 2632 2691 4506 
24651 2719 4462 2710 4575 
24652 481 2673 2668 2987 
24653 4410 4482 4434 4508 
24654 2980 2613 2985 4545 
24655 2948 2964 2991 4531 
24656 2973 2910 2646 4478 
24657 2644 2692 2717 4517 
24658 1366 4449 1317 4474 
24659 4417 4571 4481 4603 
24660 4551 4552 4430 4594 
24661 4411 4423 4407 4473 
24662 2834 4501 2810 4558 
24663 4506 4527 4403 4590 
24664 982 4416 1022 4518 
24665 4468 4497 4429 4538 
24666 1071 2905 4465 4612 
24667 1294 1344 1319 4588 
24668 2958 2936 4410 4527 
24669 1086 1087 4442 4491 
24670 2667 2637 2685 4509 
24671 2840 4506 4433 4590 
24672 4410 4508 4401 4534 
24673 1357 1326 4451 4485 
24674 450 2816 2658 2754 
24675 4406 4485 4412 4568 
24676 2674 4603 2657 4613 
24677 1123 4420 1162 4549 
24678 253 4469 254 4580 
24679 4453 4473 4407 4563 
24680 1357 4479 1322 4485 
24681 1194 1111 4482 4587 
24682 2980 2892 2607 4545 
24683 2687 2631 4528 4596 
24684 1132 1188 1130 4475 
24685 1132 1131 1133 4475 
24686 1131 1130 1129 4475 
24687 3008 1288 2887 4451 
24688 2650 2972 2654 4596 
24689 1310 1315 1312 4589 
24690 4417 4501 4524 4594 
24691 1092 2758 2883 1045 
24692 4401 4434 4410 4510 
24693 4501 4524 4430 4558 
24694 3000 4458 4420 4528 
24695 1227 1097 1164 4519 
24696 2710 4575 4412 4576 
24697 1222 1166 1149 4461 
24698 4410 4434 4401 4508 
24699 3034 2910 3017 4478 
24700 4446 4552 4551 4594 
24701 963 4467 1034 4526 
24702 1098 4464 4433 4516 
24703 2628 2679 2685 4532 
24704 4476 4511 2612 4599 
24705 1366 1316 1317 4589 
24706 1150 1183 4458 4489 
24707 2680 4506 2664 4590 
24708 1165 4437 1197 4486 
24709 2634 2969 4481 4603 
24710 1287 1341 1236 4557 
24711 4417 4571 4603 4613 
24712 4425 4539 4488 4610 
24713 2630 2683 2674 4521 
24714 4432 4494 4468 4556 
24715 1163 1228 4447 4519 
24716 1220 4458 1154 4549 
24717 4413 4451 2956 4507 
24718 1357 4451 4479 4485 
24719 2845 4462 2715 4575 
24720 254 4469 2886 4580 
24721 959 1059 1051 4522 
24722 2769 4500 2796 4611 
24723 982 4467 979 4591 
24724 2936 2922 2958 4410 
24725 4405 4432 4497 4585 
24726 1211 4472 1151 4510 
24727 1038 1041 962 4600 
24728 2717 4517 2713 4536 
24729 2953 3008 4451 4479 
24730 4420 4458 3000 4549 
24731 2690 4499 2688 4546 
24732 2620 1014 2599 4554 
24733 2668 2896 481 2987 
24734 2815 4521 2780 4604 
24735 2827 2617 4511 4599 
24736 2789 2808 4513 4540 
24737 2958 4410 2922 4534 
24738 2866 4462 1289 4577 
24739 2630 2683 4521 4604 
24740 984 4453 987 4473 
24741 2954 2997 3005 4543 
24742 4407 4473 4423 4563 
24743 1183 1154 4458 4489 
24744 235 4447 4426 4595 
24745 2823 2802 2836 4431 
24746 4416 4465 2982 4612 
24747 2910 4478 3034 4603 
24748 2958 4527 4410 4534 
24749 2925 4449 4413 4570 
24750 4416 4465 1062 4579 
24751 2856 2773 2825 4542 
24752 984 4473 987 4559 
24753 2666 2958 2984 4534 
24754 2956 2989 4451 4539 
24755 2627 2649 2675 4569 
24756 3014 2931 2994 4483 
24757 1165 1149 4461 4486 
24758 2723 2644 2717 4536 
24759 1076 1054 1096 4495 
24760 2683 2681 2663 4598 
24761 2659 2636 2678 4584 
24762 3041 4528 2921 4596 
24763 1347 1323 1371 4462 
24764 4413 4488 4539 4610 
24765 1243 1242 1256 4580 
24766 4407 4423 4411 4611 
24767 2601 2827 2617 4511 
24768 1087 4465 4442 4579 
24769 233 232 4491 4493 
24770 1095 1085 2888 4595 
24771 2697 2637 2862 4517 
24772 3012 2994 2933 4524 
24773 1342 2739 1281 4537 
24774 2601 2610 2611 4511 
24775 990 4473 4423 4515 
24776 1152 4492 1168 4498 
24777 1141 4486 1197 4510 
24778 449 2647 2653 2754 
24779 2767 2832 2798 4456 
24780 2662 2681 2683 4604 
24781 2830 2809 2828 4517 
24782 1196 4486 1140 4525 
24783 4494 4556 4403 4590 
24784 4408 4414 4457 4492 
24785 1251 1249 4418 4477 
24786 1128 1130 4448 4475 
24787 236 2899 1115 4447 
24788 4408 4475 4448 4555 
24789 2895 4481 2968 4594 
24790 4539 4540 4406 4610 
24791 2726 2716 2710 4576 
24792 2655 2909 2978 4494 
24793 1122 4489 1150 4607 
24794 2811 2810 2834 4571 
24795 1162 1097 4519 4523 
24796 1289 1343 1346 4553 
24797 1300 4490 1298 4593 
24798 1088 4431 1078 4533 
24799 2662 4484 2681 4604 
24800 2816 2835 2765 4503 
24801 4413 4539 4406 4610 
24802 2940 254 2898 4564 
24803 1168 4461 1149 4498 
24804 2659 4520 2672 4560 
24805 1219 1160 4472 4516 
24806 1150 4458 4419 4607 
24807 1060 4416 1062 4522 
24808 4470 4585 2783 4606 
24809 2955 4457 3039 4546 
24810 2687 2654 2631 4596 
24811 2913 2988 4532 4536 
24812 1261 1236 1341 4557 
24813 2741 4454 1112 4523 
24814 2635 2688 2677 4560 
24815 1200 4433 1148 4516 
24816 1206 4447 2899 4549 
24817 1060 1062 1061 4522 
24818 2643 2684 2666 4534 
24819 2774 2775 2810 4501 
24820 1271 1249 1270 4557 
24821 2959 2941 4469 4580 
24822 2678 2660 2684 4508 
24823 2856 4431 2823 4542 
24824 2789 2792 2808 4540 
24825 2818 2738 2833 4509 
24826 1163 4447 1115 4549 
24827 2676 2657 4603 4613 
24828 3035 2887 1280 4507 
24829 1244 4436 1252 4583 
24830 4419 4458 1150 4505 
24831 2686 4547 4476 4599 
24832 2998 4452 2936 4527 
24833 2644 2685 4517 4536 
24834 2718 2702 2713 4517 
24835 2913 2628 2976 483 
24836 2976 2668 482 2628 
24837 2768 2770 2769 4611 
24838 1272 1246 4435 4480 
24839 2944 2943 2945 4565 
24840 1252 4436 1244 4535 
24841 1289 4462 1347 4577 
24842 1261 1267 1271 4471 
24843 2937 4426 2938 4447 
24844 1257 1274 4504 4583 
24845 2825 2824 2856 4443 
24846 1246 1243 4435 4535 
24847 1180 2901 1218 4472 
24848 4422 4475 4408 4555 
24849 2923 3038 4461 4520 
24850 1198 4434 1144 4482 
24851 4464 4556 4432 4606 
24852 1136 4498 1191 4562 
24853 1067 4465 1087 4579 
24854 2738 2648 2667 459 
24855 2801 4470 2783 4583 
24856 2949 4568 4539 4602 
24857 1249 4418 1250 4557 
24858 2953 2989 2949 4568 
24859 2954 2911 2997 4463 
24860 2667 2738 459 2818 
24861 1341 1372 1354 4471 
24862 1128 1130 4475 4561 
24863 1358 1315 1372 4418 
24864 3000 2957 3023 4528 
24865 1224 4505 1215 4561 
24866 1153 4475 1131 4561 
24867 3036 2893 2704 4550 
24868 2956 2925 2996 4413 
24869 2886 2940 2941 4469 
24870 2678 2671 2659 4520 
24871 2704 2711 2709 4550 
24872 1219 2999 4452 4472 
24873 1071 4465 1070 4612 
24874 3029 2905 2981 4465 
24875 3039 2935 3041 4546 
24876 2663 2681 2631 4528 
24877 1299 4485 1320 4567 
24878 472 2972 2650 4546 
24879 2660 2826 453 2632 
24880 2988 2976 2913 4532 
24881 2763 2814 2642 4499 
24882 2723 2717 2703 4536 
24883 2650 4546 2972 4596 
24884 2822 2827 2601 4511 
24885 4411 4543 4487 4611 
24886 2677 2659 2672 4560 
24887 1261 1271 1236 4557 
24888 2629 2682 2680 4590 
24889 2854 4466 4455 4558 
24890 2755 2667 460 2818 
24891 2770 4548 2769 4611 
24892 2923 4461 4414 4520 
24893 2666 2984 476 2643 
24894 2854 2781 2834 4558 
24895 990 4473 4515 4615 
24896 2801 2846 2838 4436 
24897 2882 4444 2777 4499 
24898 2607 2613 2980 4545 
24899 2785 4530 2806 4585 
24900 1341 4418 1372 4471 
24901 1251 1248 4477 4504 
24902 4406 4539 4451 4568 
24903 2691 2680 2640 4527 
24904 252 4469 4432 4564 
24905 2959 2996 3004 4435 
24906 472 2635 2912 4546 
24907 4420 1154 4489 4549 
24908 2937 2939 2938 4426 
24909 2627 457 2829 2751 
24910 2810 4501 2775 4558 
24911 2938 3023 4447 4598 
24912 4413 4456 4400 4488 
24913 1364 2897 1363 4570 
24914 2659 4503 2658 4584 
24915 2676 2634 4481 4603 
24916 2994 2981 3014 4442 
24917 1373 1348 1325 4567 
24918 1291 294 1341 1265 
24919 250 4464 251 4606 
24920 1229 253 252 4564 
24921 2617 2612 4511 4599 
24922 994 4460 997 4515 
24923 2697 2722 2692 4517 
24924 2763 4499 2642 4616 
24925 4414 4503 4408 4560 
24926 2753 2796 2839 4460 
24927 4420 4458 4402 4528 
24928 2712 2735 2877 4529 
24929 1244 1263 1258 4583 
24930 1112 4523 1202 4614 
24931 4455 4466 4409 4558 
24932 251 4464 4432 4606 
24933 1144 4434 1142 4510 
24934 1059 1060 1051 4522 
24935 1109 1218 2901 4472 
24936 2834 2810 2775 4558 
24937 1051 202 1059 959 
24938 1002 1000 1042 4463 
24939 2838 2788 2786 4488 
24940 1349 1280 1360 4570 
24941 1243 1256 4435 4580 
24942 2641 2676 2689 4571 
24943 2663 2631 2918 4528 
24944 1022 1048 980 4522 
24945 2709 4575 2710 4576 
24946 2784 2864 4556 4585 
24947 1163 4420 4519 4549 
24948 3015 1221 1207 4597 
24949 1251 4418 1271 4471 
24950 2687 4596 4528 4616 
24951 2921 2975 2631 4528 
24952 1078 232 1082 4466 
24953 251 4432 4470 4606 
24954 2807 2796 2769 4500 
24955 4404 4426 4427 4493 
24956 2914 463 2633 2694 
24957 4415 4443 2824 4582 
24958 1079 1068 1096 4579 
24959 2918 2663 4528 4598 
24960 2700 4462 1286 4496 
24961 2616 2602 2612 4476 
24962 1335 1318 1281 4537 
24963 1098 4464 4452 4564 
24964 1219 4472 4452 4516 
24965 1037 979 1034 4591 
24966 1146 1189 1144 4482 
24967 1247 1249 1248 4477 
24968 3010 2963 3003 4576 
24969 2673 2909 2987 480 
24970 2952 2895 2968 4594 
24971 2754 2653 449 2814 
24972 2635 2912 4546 4560 
24973 1002 1041 999 4600 
24974 2826 452 2762 2660 
24975 2636 2762 452 2660 
24976 2804 4511 4547 4599 
24977 2952 2934 2962 4552 
24978 1182 1189 1194 4482 
24979 3040 4531 2991 4532 
24980 3020 2695 2699 4536 
24981 2718 2722 2862 4517 
24982 2937 4426 4447 4595 
24983 1123 4450 4420 4489 
24984 460 2637 2667 2755 
24985 2782 2793 2740 4606 
24986 254 4452 2898 4564 
24987 457 2627 2665 2751 
24988 1208 1211 1197 4597 
24989 1235 1260 2889 4480 
24990 1067 1064 1070 4465 
24991 4458 4489 1154 4549 
24992 1307 4456 1308 4502 
24993 2803 2785 2806 4585 
24994 2856 2823 2836 4542 
24995 1229 4452 253 4564 
24996 2738 2860 2833 4569 
24997 2713 2717 2707 4517 
24998 2671 475 2920 2643 
24999 1150 4489 4458 4607 
25000 2734 426 2611 2822 
25001 475 2984 2920 2643 
25002 2807 2734 2847 4500 
25003 1250 1255 1270 4557 
25004 3008 2989 2953 4451 
25005 251 250 1226 4464 
25006 1366 1317 4449 4589 
25007 1348 4462 1323 4567 
25008 2925 4413 2956 4570 
25009 4440 4540 4568 4602 
25010 2769 2807 4500 4611 
25011 1287 1341 295 1236 
25012 2800 2632 2826 4508 
25013 2931 2930 2994 4483 
25014 2656 2646 467 2910 
25015 4414 4422 4408 4503 
25016 2695 2628 2913 483 
25017 233 232 4493 4519 
25018 4417 4501 4481 4571 
25019 1340 1284 2872 4588 
25020 2681 2687 2631 4528 
25021 2912 2955 3039 4546 
25022 2662 2760 2651 4484 
25023 254 2886 1276 4580 
25024 2879 2765 4445 4584 
25025 2982 3014 2981 4465 
25026 456 2820 2751 2629 
25027 2895 2969 2634 465 
25028 2948 4531 2966 4602 
25029 2673 2909 480 2638 
25030 2887 4451 1345 4507 
25031 2911 4411 4459 4463 
25032 2917 3003 2706 4544 
25033 4418 4477 1250 4480 
25034 1109 1213 1218 4472 
25035 3029 2981 4442 4465 
25036 2986 3020 2703 4536 
25037 4419 4457 4408 4546 
25038 2889 4480 1260 4580 
25039 2780 4454 2865 4604 
25040 4403 4494 4432 4556 
25041 2978 479 2909 2655 
25042 2785 2786 2787 4530 
25043 1251 1279 1262 4504 
25044 2705 2715 2845 4462 
25045 4419 4546 4499 4596 
25046 1146 1148 1194 4482 
25047 2823 4431 2836 4542 
25048 1349 3031 1280 4570 
25049 1261 4418 1341 4471 
25050 1100 2858 1190 4562 
25051 1161 1219 4452 4516 
25052 1299 4441 1297 4485 
25053 4478 4521 4417 4613 
25054 3006 1212 1177 4457 
25055 2919 2978 2998 4527 
25056 249 2740 1231 4587 
25057 1299 4441 1346 4553 
25058 1308 1309 4502 4589 
25059 1142 4434 1198 4525 
25060 474 2672 2671 4520 
25061 1212 1214 1184 4492 
25062 1328 1284 1340 4588 
25063 4420 4450 1123 4523 
25064 2976 2991 2896 4532 
25065 4513 4540 4440 4602 
25066 202 1059 959 1010 
25067 1140 1138 1139 4486 
25068 1142 1140 1141 4486 
25069 1208 1165 1166 4597 
25070 1216 1222 1168 4601 
25071 1320 1297 1300 4485 
25072 1300 1326 1322 4485 
25073 2985 4476 2962 4545 
25074 1302 1298 1319 4490 
25075 4425 4540 4513 4602 
25076 1280 3031 3035 4570 
25077 2776 2794 2804 4551 
25078 1043 1014 1000 4514 
25079 2918 2631 2975 4528 
25080 3023 2918 4528 4598 
25081 1022 980 4518 4522 
25082 1120 1122 1124 4489 
25083 200 1055 969 1013 
25084 1307 1308 4456 4573 
25085 2753 2769 2796 4611 
25086 2613 2610 2612 4545 
25087 2676 2634 2661 4481 
25088 1119 1121 1120 4489 
25089 1247 1245 1246 4477 
25090 426 2601 2611 2822 
25091 1274 4436 1252 4504 
25092 1295 1294 1319 4490 
25093 1324 1320 1322 4485 
25094 2872 1284 2876 4588 
25095 1222 1207 4461 4601 
25096 1166 4461 1207 4597 
25097 2900 1174 1110 4549 
25098 1295 1298 1297 4490 
25099 4411 4459 4423 4473 
25100 2705 4462 2759 4577 
25101 1300 4485 1297 4490 
25102 2966 3040 2967 4550 
25103 1165 1141 1139 4486 
25104 4418 4480 1250 4557 
25105 1163 4519 4447 4549 
25106 2847 2839 2796 4500 
25107 1245 1248 1252 4477 
25108 1165 4461 1166 4597 
25109 4423 4460 4411 4611 
25110 252 253 4469 4564 
25111 2802 4431 2823 4466 
25112 2791 2795 2792 4540 
25113 1052 1086 234 4491 
25114 3040 2966 2948 4531 
25115 2898 4452 2951 4564 
25116 1279 1251 4471 4504 
25117 1168 4492 1152 4601 
25118 2651 2760 2817 4484 
25119 240 1076 2870 1054 
25120 4416 4465 4399 4467 
25121 1222 4461 1168 4601 
25122 2956 4451 2989 4507 
25123 1200 4464 1226 4587 
25124 1216 1152 1214 4601 
25125 1162 4519 4420 4523 
25126 2735 2702 2863 4529 
25127 2943 2961 2964 4497 
25128 2646 2973 4478 4598 
25129 2875 4521 2752 4613 
25130 2605 2609 2614 4500 
25131 4476 4547 4511 4599 
25132 4439 4490 2831 4610 
25133 979 981 1034 4467 
25134 1148 4433 1200 4587 
25135 2784 2803 2864 4585 
25136 4419 4499 4402 4596 
25137 4450 4523 2799 4614 
25138 1342 4456 2739 4537 
25139 1139 4486 1138 4498 
25140 2755 2862 2637 4517 
25141 4475 4492 1133 4498 
25142 2764 2878 4434 4508 
25143 1261 295 1341 1236 
25144 1364 1363 1330 4570 
25145 2706 3003 2716 4496 
25146 4404 4426 4493 4519 
25147 252 253 1242 4469 
25148 1038 4459 1041 4600 
25149 4419 4448 4444 4499 
25150 1138 4445 1191 4498 
25151 2778 4433 2840 4506 
25152 1022 4416 1049 4522 
25153 235 4447 1228 4519 
25154 1128 4448 1126 4607 
25155 1146 4482 1144 4510 
25156 2636 2658 451 4584 
25157 2642 4499 2690 4616 
25158 1128 1126 4448 4578 
25159 4450 4420 4484 4523 
25160 2690 2653 2688 4499 
25161 2793 4464 2740 4606 
25162 1327 1303 4573 4593 
25163 1214 4492 1108 4601 
25164 474 2671 2920 4520 
25165 1133 4475 1131 4492 
25166 2946 4539 2996 4565 
25167 2689 2676 2661 4481 
25168 2880 2882 2777 4499 
25169 4414 4461 4401 4520 
25170 2919 478 2655 2640 
25171 1254 1273 1241 4474 
25172 2927 2965 4487 4543 
25173 2604 2615 2997 4463 
25174 2940 2898 2951 4564 
25175 276 2900 1174 1110 
25176 2685 2692 2644 4517 
25177 472 2912 2972 4546 
25178 1354 4418 1315 4537 
25179 251 4432 4464 4564 
25180 4468 4538 4429 4569 
25181 1177 281 2902 1104 
25182 2601 2617 2612 4511 
25183 1259 1279 1267 4471 
25184 2690 2688 2650 4546 
25185 1337 2700 2720 4462 
25186 4413 4406 4439 4610 
25187 2993 4492 4414 4601 
25188 1134 4422 4475 4498 
25189 2953 2963 3010 4576 
25190 1148 4482 1146 4516 
25191 2648 2679 2649 4569 
25192 1275 2728 249 4583 
25193 4478 4417 4603 4613 
25194 2922 4437 3037 4534 
25195 2678 2684 2643 4534 
25196 467 2646 2973 2910 
25197 1122 1121 1183 4489 
25198 2681 4484 2651 4616 
25199 4432 4556 4468 4585 
25200 2823 4431 2856 4495 
25201 4499 4546 2690 4596 
25202 249 2740 4464 4606 
25203 1101 2750 1193 4525 
25204 1105 3016 1207 4601 
25205 2800 4506 2632 4508 
25206 2988 2986 2967 4536 
25207 1182 1111 271 2743 
25208 1260 1272 1256 4580 
25209 2908 4437 1180 4597 
25210 2959 2944 2996 4565 
25211 1014 4514 2599 4554 
25212 1025 992 4423 4586 
25213 1008 4473 987 4572 
25214 1137 1138 1136 4498 
25215 1136 1134 1135 4498 
25216 2741 1112 2853 4523 
25217 235 1085 236 4595 
25218 1257 1263 1274 4583 
25219 4413 4449 4400 4502 
25220 1261 1271 4418 4471 
25221 984 975 4453 4609 
25222 4402 4484 4420 4528 
25223 2788 2791 4540 4610 
25224 2717 2713 2703 4536 
25225 4408 4499 4419 4546 
25226 1203 1164 1202 4523 
25227 2892 2965 3005 4543 
25228 4435 4400 4477 4535 
25229 1060 1059 4416 4522 
25230 290 1179 1109 2901 
25231 4422 4445 4414 4498 
25232 1012 4514 1035 4566 
25233 4436 4477 4400 4535 
25234 4402 4450 4420 4484 
25235 2910 2656 4478 4603 
25236 2677 2658 2659 4503 
25237 980 4415 1020 4582 
25238 1261 1341 294 1265 
25239 2817 4484 2842 4616 
25240 2635 2650 2688 4546 
25241 1307 1309 1329 4502 
25242 2673 2675 2649 4538 
25243 4405 4470 4432 4585 
25244 3021 2714 2893 4550 
25245 1147 4510 1167 4516 
25246 1356 4451 1313 4507 
25247 448 2653 2642 2814 
25248 1014 4463 1000 4514 
25249 2603 2839 2614 4460 
25250 1059 4416 1010 4541 
25251 2795 4441 4490 4553 
25252 1245 4477 1252 4535 
25253 2952 2932 4552 4594 
25254 1210 1171 1223 4505 
25255 2972 2650 2654 471 
25256 1364 1329 4449 4502 
25257 2972 2921 2654 4596 
25258 1025 4423 998 4586 
25259 4452 4472 4410 4516 
25260 1130 4475 1188 4608 
25261 2792 2795 2805 4575 
25262 2990 2956 4507 4570 
25263 1100 1199 267 2857 
25264 1364 4449 1329 4589 
25265 1137 1135 1168 4498 
25266 251 1258 250 4470 
25267 1351 1338 1365 4474 
25268 2679 2648 2667 4509 
25269 232 4466 1078 4491 
25270 2658 4503 2816 4584 
25271 2973 3017 2910 4478 
25272 1272 4435 1256 4580 
25273 975 984 4453 4581 
25274 2656 2674 4478 4603 
25275 1049 1010 4416 4541 
25276 1111 2841 2743 4482 
25277 981 4467 977 4609 
25278 2613 2607 2610 4545 
25279 4419 4444 4402 4499 
25280 1133 1184 1152 4492 
25281 2780 2779 4454 4493 
25282 1041 4515 999 4600 
25283 1227 4454 232 4519 
25284 1246 4477 1245 4535 
25285 2804 2827 4511 4599 
25286 2684 2660 2632 4508 
25287 2753 4423 2769 4611 
25288 4414 4520 4503 4560 
25289 1328 4456 4573 4588 
25290 1311 1305 1307 4502 
25291 1057 1082 1094 4533 
25292 234 4426 4491 4595 
25293 2799 2842 2865 4484 
25294 1176 1134 4422 4555 
25295 2647 2658 2677 4503 
25296 4499 4596 2690 4616 
25297 1360 1327 1311 4507 
25298 4413 4507 2956 4570 
25299 4419 4408 4448 4499 
25300 2789 2788 2791 4540 
25301 2793 2840 2740 4464 
25302 1176 4422 1134 4562 
25303 4488 4539 4425 4565 
25304 2752 2875 2859 4521 
25305 2852 2845 2805 4575 
25306 2707 2692 2722 4517 
25307 1362 1313 1327 4507 
25308 2929 2927 2965 4487 
25309 2653 2690 2642 4499 
25310 250 4583 1238 4606 
25311 1164 4519 1097 4523 
25312 4413 4451 4406 4539 
25313 1234 2731 1257 4504 
25314 4438 4459 4407 4473 
25315 1052 233 1078 4491 
25316 1206 2899 3011 4549 
25317 1020 4415 1021 4582 
25318 2682 2638 2655 4494 
25319 2754 2835 2816 4503 
25320 2681 2662 2651 4484 
25321 2993 4414 2923 4601 
25322 2821 2839 2603 4460 
25323 2639 2756 440 4547 
25324 1147 1167 1160 4516 
25325 4449 4502 4413 4570 
25326 2764 2878 2813 4434 
25327 2636 2659 2658 4584 
25328 2854 2779 2781 4455 
25329 2790 2806 2787 4530 
25330 4417 4524 4501 4558 
25331 2825 4443 4453 4581 
25332 2932 2929 2934 4552 
25333 2686 2694 2645 4476 
25334 1096 1068 1084 4533 
25335 2953 4412 3010 4479 
25336 2974 2672 474 4520 
25337 2759 2845 2852 4462 
25338 2735 2863 2809 4529 
25339 1062 4416 4415 4522 
25340 3003 4496 2706 4544 
25341 989 988 987 4473 
25342 2631 2663 2918 469 
25343 2760 2662 2651 446 
25344 1143 1145 1144 4510 
25345 3041 3000 2921 4528 
25346 2872 321 1340 1342 
25347 4406 4490 4439 4610 
25348 2788 4488 2838 4610 
25349 4446 4501 4481 4594 
25350 2646 2656 2674 4478 
25351 1010 203 1056 970 
25352 2914 2633 463 2977 
25353 2695 3020 2913 4536 
25354 2687 2681 2651 4616 
25355 1119 4489 1120 4574 
25356 231 2779 4466 4493 
25357 249 4464 2740 4587 
25358 2651 4484 2817 4616 
25359 2914 2962 2985 4476 
25360 2956 2949 2989 4539 
25361 2929 2928 2927 4487 
25362 4404 4447 4426 4519 
25363 1283 1359 1334 4479 
25364 451 2658 2816 4584 
25365 4513 4531 4425 4602 
25366 2784 2864 2793 4556 
25367 2951 2978 3022 4494 
25368 2727 1011 212 971 
25369 2712 2702 2735 4529 
25370 3041 2972 4546 4596 
25371 4414 4445 4401 4498 
25372 1348 4496 4462 4567 
25373 2862 2828 2718 4517 
25374 1168 4461 4498 4601 
25375 2829 2803 2860 4569 
25376 2608 2609 2605 4500 
25377 1221 1207 286 3015 
25378 2651 2817 447 4616 
25379 1145 1151 1167 4510 
25380 2710 2709 2701 4575 
25381 1213 1167 1218 4472 
25382 1041 4459 1006 4515 
25383 2639 440 2652 4547 
25384 2779 4455 2854 4466 
25385 1373 1325 1355 4496 
25386 2650 2690 4546 4596 
25387 2985 2602 2613 434 
25388 1339 1365 1317 4474 
25389 1254 1250 1253 4480 
25390 990 4515 4459 4615 
25391 1055 200 1075 1013 
25392 447 2642 2651 4616 
25393 2701 2877 2805 4575 
25394 2652 2819 441 2641 
25395 451 2762 2636 4584 
25396 2673 2649 2668 4538 
25397 1088 4491 4431 4579 
25398 4408 4422 4414 4475 
25399 1227 4519 1164 4523 
25400 2795 4490 2850 4553 
25401 1328 4456 1314 4573 
25402 2766 1335 1281 4537 
25403 1143 1197 1151 4510 
25404 3012 4426 2939 4595 
25405 1069 1079 1091 4495 
25406 2979 2604 2997 4463 
25407 2627 2829 458 4569 
25408 2747 239 1054 1074 
25409 469 2918 2631 2975 
25410 2651 2760 446 2817 
25411 1042 4463 1014 4554 
25412 1094 1082 231 4466 
25413 2792 2805 2877 4575 
25414 2821 4460 2603 4566 
25415 1311 1330 1360 4570 
25416 2901 2908 2922 4472 
25417 1004 995 1036 4605 
25418 2715 4462 2719 4575 
25419 991 1006 4459 4615 
25420 1104 1224 1210 4505 
25421 2666 2640 477 4527 
25422 2974 3038 2923 4520 
25423 4412 4462 4441 4575 
25424 1261 4418 1271 4557 
25425 3037 2920 2984 4534 
25426 464 2633 2661 2977 
25427 1175 1108 2906 4601 
25428 1232 1113 292 2999 
25429 1070 4465 1063 4612 
25430 2784 2793 2782 4606 
25431 3001 2889 1260 4580 
25432 1203 4454 1227 4523 
25433 2836 2854 2775 4558 
25434 1000 999 996 4515 
25435 993 999 1006 4515 
25436 2906 1175 283 1108 
25437 2748 264 1192 1102 
25438 3040 2948 2991 4531 
25439 1106 2908 1180 4597 
25440 2879 2816 2765 4584 
25441 2771 2774 2776 4551 
25442 4432 4585 4470 4606 
25443 2800 453 2826 2632 
25444 2664 2632 454 4506 
25445 2795 2831 2850 4490 
25446 1168 4498 4492 4601 
25447 4423 4459 4411 4515 
25448 2764 4434 2813 4525 
25449 2974 474 2920 4520 
25450 2639 4547 2686 4599 
25451 1130 1131 1132 4475 
25452 1308 4456 1314 4537 
25453 2804 4547 2756 4599 
25454 4414 4401 4461 4498 
25455 4459 4473 4438 4615 
25456 4430 4524 4501 4594 
25457 2984 476 2958 2666 
25458 2992 3012 2933 4524 
25459 1313 4451 1326 4593 
25460 2623 3019 435 2602 
25461 2656 2657 2674 4603 
25462 1299 4462 4441 4567 
25463 993 994 996 4515 
25464 2661 2895 464 2977 
25465 2926 2911 2927 4459 
25466 1078 4466 1082 4533 
25467 4411 4500 4543 4611 
25468 2953 4568 2963 4576 
25469 1250 4474 1255 4557 
25470 2604 2626 2615 4463 
25471 977 976 974 4518 
25472 1088 4533 1084 4579 
25473 2670 4521 2674 4613 
25474 2795 2852 2805 4575 
25475 2736 1343 1289 4553 
25476 2737 441 2819 2641 
25477 2818 2833 2830 4509 
25478 1100 4445 2745 4562 
25479 1100 2745 4445 4525 
25480 1034 4467 1031 4526 
25481 1215 4457 1153 4561 
25482 2654 2631 2921 470 
25483 2995 2926 2928 4438 
25484 4528 4596 4402 4616 
25485 1211 1197 4437 4510 
25486 2627 458 2648 4569 
25487 997 4460 994 4586 
25488 2893 2714 2704 4550 
25489 2711 2712 2709 4529 
25490 1074 1091 4495 4512 
25491 1032 4416 982 4591 
25492 3006 2906 1108 4492 
25493 1205 1231 273 2841 
25494 2738 458 2829 4569 
25495 1038 1041 4459 4592 
25496 2946 2956 2996 4539 
25497 2840 4464 4433 4587 
25498 2762 2879 2878 4584 
25499 1201 1164 1162 4523 
25500 1238 4583 249 4606 
25501 4423 4473 4459 4515 
25502 1104 2902 4457 4505 
25503 1108 4492 2906 4601 
25504 4421 4467 1003 4609 
25505 1329 1330 1311 4502 
25506 2731 2843 1257 4504 
25507 969 1013 1055 4512 
25508 1269 1268 1339 4474 
25509 1006 991 4459 4592 
25510 2676 4571 2669 4613 
25511 2882 2763 2842 4616 
25512 1286 1333 2700 4496 
25513 4484 4528 4402 4616 
25514 1324 1322 4479 4485 
25515 1295 4490 1297 4553 
25516 1190 1100 266 2858 
25517 1165 4461 4437 4486 
25518 250 251 4470 4606 
25519 1294 2729 1344 4588 
25520 2695 2644 2699 4536 
25521 959 1022 1049 4522 
25522 1004 4526 995 4605 
25523 2963 4568 2950 4576 
25524 1003 4467 4421 4526 
25525 2603 2614 2618 4460 
25526 2763 2882 4499 4616 
25527 1295 1294 4490 4553 
25528 2827 427 2601 2617 
25529 1131 4475 1129 4561 
25530 3010 4479 4412 4496 
25531 1373 4496 1348 4567 
25532 1147 1159 1148 4516 
25533 2697 2692 2637 4517 
25534 2900 4458 1174 4549 
25535 2768 4453 4563 4572 
25536 2689 2686 2652 4547 
25537 4487 4548 4407 4611 
25538 434 2613 2985 2980 
25539 2738 2648 458 4569 
25540 992 4515 4423 4586 
25541 236 1095 2888 4595 
25542 2751 2820 2864 4556 
25543 1327 4507 1313 4593 
25544 977 979 978 4518 
25545 1234 1259 302 2871 
25546 2610 2601 2612 4511 
25547 1372 4418 1354 4471 
25548 1223 4458 2907 4505 
25549 2906 4492 2993 4601 
25550 1129 4475 1130 4561 
25551 2739 2766 1281 4537 
25552 1285 2924 2897 4449 
25553 2936 4452 2999 4472 
25554 987 4473 986 4559 
25555 2714 2711 2704 4550 
25556 2974 2672 4520 4560 
25557 2982 4467 4416 4591 
25558 2780 2779 2741 4454 
25559 1035 997 4460 4514 
25560 2670 2674 2657 4613 
25561 2784 2783 4585 4606 
25562 1250 4480 4474 4557 
25563 2994 2960 2981 4442 
25564 2822 427 2601 2827 
25565 2947 2948 2966 4602 
25566 2990 2925 2956 4570 
25567 1330 4502 1329 4570 
25568 2768 2769 4423 4611 
25569 980 976 4518 4582 
25570 2819 2804 2794 4547 
25571 2863 2735 487 2702 
25572 1059 203 1056 1010 
25573 1049 4416 1032 4541 
25574 1111 2841 4482 4587 
25575 260 2749 1181 1099 
25576 2969 2968 2895 4481 
25577 1169 4444 1178 4578 
25578 331 1338 1351 2924 
25579 2952 2932 2934 4552 
25580 2967 3021 2893 4550 
25581 1364 1329 4502 4570 
25582 1082 232 231 4466 
25583 2735 2809 2808 4529 
25584 2978 2919 478 2655 
25585 2666 2691 2640 4527 
25586 2630 2670 444 4521 
25587 1335 4471 1318 4537 
25588 1306 4456 1308 4573 
25589 2715 2719 2710 4575 
25590 2760 4484 2662 4604 
25591 2915 1278 1369 3043 
25592 2884 1277 1368 2757 
25593 1118 4450 1119 4574 
25594 1078 4466 4431 4491 
25595 1177 2902 3006 4457 
25596 1153 4475 4457 4492 
25597 2840 2740 4464 4587 
25598 1296 4441 1299 4553 
25599 1254 4474 1250 4480 
25600 1280 1362 1360 4507 
25601 1035 1026 4566 4586 
25602 2807 2847 2796 4500 
25603 1310 1318 1315 4537 
25604 4461 4486 1149 4498 
25605 1272 1235 1253 4480 
25606 1293 1347 1337 4577 
25607 2832 4439 4456 4588 
25608 966 1021 4512 4582 
25609 1279 1259 1234 4504 
25610 1128 4448 1186 4578 
25611 2980 2985 2962 4545 
25612 470 2631 2921 2975 
25613 1310 1308 4537 4589 
25614 2980 3009 2892 4545 
25615 2690 4596 2687 4616 
25616 2667 2685 2679 4509 
25617 1224 1170 1171 4505 
25618 1297 4441 1296 4553 
25619 2630 444 2815 4521 
25620 1038 962 3025 4600 
25621 1158 1217 1154 4549 
25622 1181 4574 1169 4578 
25623 1073 4416 1059 4541 
25624 4401 4486 4461 4498 
25625 1202 1201 1117 4523 
25626 2842 4450 2799 4614 
25627 4444 4450 2812 4574 
25628 451 2816 2762 4584 
25629 2755 2830 2828 4517 
25630 972 4443 973 4581 
25631 1294 1319 4490 4588 
25632 1354 1318 1335 4471 
25633 1284 323 2876 1344 
25634 2768 2837 4453 4572 
25635 976 978 980 4518 
25636 1339 1268 1290 4474 
25637 2906 3006 2993 4492 
25638 1200 4433 4464 4587 
25639 2718 2707 2722 4517 
25640 1160 1161 1159 4516 
25641 2901 2999 1179 4472 
25642 2937 2938 2899 4447 
25643 2889 308 1235 1273 
25644 2676 2669 2657 4613 
25645 2820 2793 4556 4590 
25646 2604 4463 2979 4554 
25647 1055 1013 1075 4512 
25648 2825 4453 2837 4581 
25649 1361 4496 1355 4567 
25650 4432 4464 4403 4556 
25651 1223 2907 279 1210 
25652 2758 2883 237 1092 
25653 1308 1332 1310 4537 
25654 2676 2657 2634 4603 
25655 2932 2968 2933 4594 
25656 2866 4462 2852 4553 
25657 1332 1281 1318 4537 
25658 983 4453 984 4581 
25659 2908 4437 2922 4472 
25660 4408 4475 4414 4492 
25661 2946 2944 2945 4565 
25662 2620 2599 2626 4554 
25663 2800 454 2632 4506 
25664 4413 4439 4406 4451 
25665 1031 4467 981 4526 
25666 2832 2767 2739 4456 
25667 2672 2659 2671 4520 
25668 1128 1127 4561 4607 
25669 1207 1105 285 3016 
25670 985 4559 1003 4609 
25671 1040 1042 1027 4554 
25672 1247 1248 1245 4477 
25673 2763 2817 2842 4616 
25674 1294 2850 2729 4490 
25675 4437 4461 1165 4597 
25676 2857 2745 1100 4525 
25677 973 4443 972 4609 
25678 984 4559 985 4609 
25679 2621 2603 2618 4566 
25680 1310 4537 1315 4589 
25681 2866 2736 1289 4553 
25682 1251 4477 4418 4504 
25683 1169 1178 4444 4607 
25684 4420 4519 4404 4523 
25685 1043 4514 1000 4515 
25686 2900 3000 4458 4549 
25687 1336 1350 1355 4544 
25688 2621 4514 1012 4566 
25689 444 2670 2752 4521 
25690 1050 1043 997 4514 
25691 1002 999 4463 4600 
25692 2693 2639 2686 4599 
25693 2719 2700 2726 4496 
25694 2794 2776 2774 4551 
25695 1089 1053 1070 4612 
25696 960 4581 973 4582 
25697 1364 4449 2897 4570 
25698 1170 4561 1127 4607 
25699 2953 2950 2963 4568 
25700 4433 4464 4452 4516 
25701 1243 4535 1242 4580 
25702 1042 1014 967 4554 
25703 2703 2723 3020 492 
25704 2797 4555 4448 4608 
25705 1200 1226 1114 4587 
25706 2804 2827 2822 4511 
25707 1012 1035 1030 4566 
25708 2937 2939 4426 4595 
25709 1118 1119 4450 4614 
25710 2772 2773 2836 4542 
25711 2719 4462 2700 4496 
25712 4435 4449 3004 4480 
25713 1347 4462 1337 4577 
25714 4400 4418 4449 4480 
25715 3036 495 2708 2704 
25716 4404 4519 4454 4523 
25717 2698 2861 2639 4599 
25718 2924 4449 1338 4474 
25719 488 2701 2712 2877 
25720 4482 4510 1146 4516 
25721 4442 4431 4491 4579 
25722 2808 2877 2735 4529 
25723 2814 2642 448 2763 
25724 2693 2606 2616 420 
25725 3006 1108 4457 4492 
25726 4463 4514 1014 4554 
25727 2717 437 2707 2692 
25728 2921 2972 2654 471 
25729 1244 1243 1245 4535 
25730 998 4563 1023 4586 
25731 2637 2692 2685 4517 
25732 1059 1010 1056 4541 
25733 1235 1273 1254 4480 
25734 1069 1079 4495 4579 
25735 1224 1170 4505 4561 
25736 1074 1091 1054 4495 
25737 2832 2798 4439 4588 
25738 1336 4479 3024 4544 
25739 4441 4462 1346 4553 
25740 2642 2690 2687 4616 
25741 2798 4439 2831 4610 
25742 303 1259 1240 2871 
25743 4403 4452 4433 4464 
25744 2644 2695 2685 4536 
25745 1186 4448 1128 4608 
25746 1289 1347 1352 4577 
25747 1272 4480 4435 4580 
25748 2656 2910 466 4603 
25749 2906 2993 2923 4601 
25750 1146 1194 1189 4482 
25751 215 1015 966 2868 
25752 2894 1283 1334 4479 
25753 2862 2755 2828 4517 
25754 1000 4463 999 4515 
25755 1006 4459 1007 4592 
25756 2635 2672 473 4560 
25757 4442 4465 4431 4579 
25758 1314 4456 1306 4573 
25759 4418 4471 1251 4504 
25760 3041 2972 3039 4546 
25761 2712 487 2735 2702 
25762 2966 2950 2947 4602 
25763 234 1228 1097 4519 
25764 1035 1026 968 4566 
25765 1325 1355 4496 4567 
25766 444 2752 2815 4521 
25767 1244 1258 4535 4583 
25768 2973 3023 2938 4598 
25769 2756 2819 440 4547 
25770 4400 4477 4418 4480 
25771 2708 2709 2710 4576 
25772 2974 473 2672 4560 
25773 1317 1358 4557 4589 
25774 2802 2779 2854 4466 
25775 2691 2632 2664 4506 
25776 2937 3012 2939 4595 
25777 2766 2846 4504 4537 
25778 2804 2756 2827 4599 
25779 1153 4457 4475 4561 
25780 2777 4448 4444 4578 
25781 2635 473 2912 4560 
25782 2766 2767 2846 4537 
25783 1056 1010 970 4541 
25784 2983 2890 3026 4526 
25785 1078 4431 4466 4533 
25786 2988 3040 2991 4532 
25787 1294 4490 2729 4588 
25788 2790 2789 2808 4513 
25789 2669 4571 2811 4613 
25790 980 1021 4415 4522 
25791 965 1028 1032 4541 
25792 213 960 2869 971 
25793 1063 4416 1073 4612 
25794 2880 2814 2882 4499 
25795 2990 2956 2989 4507 
25796 2748 1102 1192 4555 
25797 2763 2882 2814 4499 
25798 2891 1038 3025 4600 
25799 3018 2987 2896 4538 
25800 1211 4437 4472 4510 
25801 1187 1188 1102 4555 
25802 1132 1176 1188 4555 
25803 1192 1102 1176 4555 
25804 1069 4415 1080 4522 
25805 466 2969 2634 4603 
25806 4400 4449 4435 4480 
25807 3029 2981 2888 4442 
25808 2880 2777 2797 4448 
25809 1022 4518 4416 4522 
25810 2819 2652 440 4547 
25811 1324 1359 1361 4479 
25812 2753 2768 2769 4423 
25813 2910 3034 2969 4603 
25814 1243 1237 1242 4535 
25815 2669 2641 442 4571 
25816 2720 1337 4462 4577 
25817 4409 4442 4431 4491 
25818 1084 4533 1068 4579 
25819 961 1019 1008 4563 
25820 3006 4457 2993 4492 
25821 2650 2654 2690 4596 
25822 314 1286 1333 2700 
25823 477 2640 2919 4527 
25824 2888 1085 4442 4595 
25825 986 1009 995 4559 
25826 982 4467 4416 4518 
25827 1255 1268 1269 4474 
25828 1153 1129 1172 4561 
25829 2831 4439 2798 4588 
25830 1003 995 4526 4559 
25831 4426 4409 4491 4595 
25832 1351 2924 1338 4474 
25833 1312 4418 1358 4589 
25834 2662 2630 445 4604 
25835 4434 4486 1142 4510 
25836 2823 2856 2824 4495 
25837 2664 454 2761 4506 
25838 1210 1223 2907 4505 
25839 1349 335 1280 3031 
25840 2817 2763 447 4616 
25841 2630 4521 2815 4604 
25842 1234 1274 1262 4504 
25843 2634 2656 466 4603 
25844 3023 2918 3000 4528 
25845 447 2763 2642 4616 
25846 1011 971 2727 4581 
25847 2705 2719 2715 4462 
25848 1300 1322 1320 4485 
25849 1140 1139 1141 4486 
25850 1366 4449 1316 4589 
25851 1317 4557 4474 4589 
25852 4400 4418 4504 4537 
25853 1007 4459 1041 4592 
25854 2778 2840 2800 4506 
25855 1246 4477 4435 4480 
25856 1318 4471 1354 4537 
25857 4413 4400 4456 4502 
25858 1215 4505 4457 4561 
25859 1024 225 3028 1033 
25860 2767 2739 4456 4537 
25861 2750 4434 2764 4525 
25862 1308 4502 4456 4589 
25863 2909 3022 2978 4494 
25864 984 4453 983 4572 
25865 1120 1121 1122 4489 
25866 2708 2963 3036 4576 
25867 1244 1258 1237 4535 
25868 333 332 2897 1285 
25869 249 2782 2740 4606 
25870 989 4423 4473 4563 
25871 1317 4474 4449 4589 
25872 989 1008 998 4563 
25873 1129 1128 1127 4561 
25874 2770 2772 2771 4548 
25875 1172 1127 1170 4561 
25876 3021 494 2893 2714 
25877 1316 4449 1364 4589 
25878 2778 2764 2743 4482 
25879 420 2616 2693 2645 
25880 2924 332 1338 1285 
25881 1134 4475 4422 4555 
25882 437 2717 2644 2692 
25883 1319 1298 1295 4490 
25884 2898 2998 2951 4452 
25885 442 2641 2737 4571 
25886 1003 985 995 4559 
25887 1083 2758 237 1092 
25888 1315 4418 1312 4589 
25889 2663 468 2646 4598 
25890 4405 4470 4436 4535 
25891 2752 4521 2670 4613 
25892 4445 4486 4401 4498 
25893 1142 4486 4434 4525 
25894 2958 2922 3037 4534 
25895 1197 4486 4437 4510 
25896 3041 2921 2972 4596 
25897 3030 1241 1273 4474 
25898 2629 2664 455 4590 
25899 442 2811 2669 4571 
25900 1021 1048 1013 4522 
25901 985 984 986 4559 
25902 2712 2711 2702 4529 
25903 2718 2713 2707 4517 
25904 2770 2771 2769 4548 
25905 2865 2815 2780 4604 
25906 439 2861 2639 2698 
25907 1273 4474 1254 4480 
25908 3030 1241 309 1273 
25909 2886 4469 2941 4580 
25910 1259 1279 4471 4504 
25911 4415 4465 4416 4579 
25912 2910 2969 466 4603 
25913 4416 4467 982 4591 
25914 4406 4441 4412 4485 
25915 2785 2784 2783 4585 
25916 2630 2815 445 4604 
25917 2749 1181 1099 4578 
25918 4418 4474 4449 4480 
25919 4405 4435 4469 4535 
25920 1265 1291 1277 4471 
25921 1277 1291 1368 4471 
25922 1074 1054 2747 4495 
25923 2891 4459 1038 4600 
25924 977 4467 979 4518 
25925 2958 2998 2936 4527 
25926 3019 2985 435 2602 
25927 3000 2975 2921 4528 
25928 1068 4533 1096 4579 
25929 2913 3020 2986 4536 
25930 995 4559 1036 4605 
25931 2822 2851 2804 4511 
25932 1336 1361 1283 4479 
25933 1308 4456 4537 4589 
25934 1167 4472 1160 4516 
25935 2813 2879 2765 4445 
25936 3015 1207 2903 4597 
25937 1280 3035 4507 4570 
25938 1152 1184 1214 4492 
25939 2903 4461 1207 4601 
25940 1052 234 233 4491 
25941 2761 2664 4506 4590 
25942 1069 4495 4415 4579 
25943 1207 4461 2903 4597 
25944 1027 218 219 2904 
25945 1246 4435 4477 4535 
25946 1163 1225 1158 4549 
25947 4439 4451 4413 4593 
25948 4459 4515 4473 4615 
25949 2600 3005 431 2615 
25950 1100 2745 2858 4562 
25951 1227 233 1097 4519 
25952 2766 4504 4471 4537 
25953 2989 4451 2887 4507 
25954 2811 443 2669 4613 
25955 2974 2912 473 4560 
25956 4414 4461 2923 4601 
25957 2811 2875 2752 4613 
25958 1151 4472 1167 4510 
25959 2699 2723 2644 438 
25960 2696 421 2645 2623 
25961 4402 4596 4499 4616 
25962 960 973 1015 4582 
25963 1237 4469 1242 4535 
25964 1012 964 1050 4514 
25965 1021 1013 969 4512 
25966 2865 4484 2760 4604 
25967 1305 1306 1307 4573 
25968 4466 4491 232 4493 
25969 2973 2646 468 4598 
25970 1148 4482 4433 4587 
25971 1305 1303 1304 4573 
25972 1107 1118 1173 4574 
25973 1169 1118 1120 4574 
25974 2728 249 4583 4606 
25975 4405 4469 4432 4470 
25976 1173 1169 1181 4574 
25977 2952 2968 2932 4594 
25978 2965 2954 3005 4543 
25979 1252 4477 4436 4535 
25980 2805 2845 2715 4575 
25981 2639 2756 4547 4599 
25982 1237 4470 4469 4535 
25983 2866 2852 4462 4577 
25984 2990 2989 2887 4507 
25985 2982 2983 4467 4591 
25986 4441 4485 1299 4567 
25987 4431 4399 4495 4579 
25988 1181 1178 1099 4578 
25989 1126 1186 1178 4578 
25990 1099 1186 1185 4578 
25991 4433 4482 2778 4587 
25992 1055 1075 1080 4512 
25993 984 4453 4473 4559 
25994 2760 2842 2817 4484 
25995 2670 443 2752 4613 
25996 4445 4486 1196 4525 
25997 2865 2842 2760 4484 
25998 2622 2617 2861 4599 
25999 3003 2963 2716 4576 
26000 966 1021 1029 4512 
26001 2620 967 1014 4554 
26002 2617 2861 428 2622 
26003 2997 431 3005 2615 
26004 1258 4470 1237 4535 
26005 1090 246 2905 1053 
26006 1025 1023 958 4586 
26007 2887 2989 3008 4451 
26008 4404 4493 4454 4519 
26009 1012 2621 183 964 
26010 2868 4512 2824 4582 
26011 2881 2790 2808 4513 
26012 1135 1137 1136 4498 
26013 1231 2841 1205 4587 
26014 1128 4475 4448 4561 
26015 1243 4435 4535 4580 
26016 1024 963 1031 4526 
26017 2800 2761 454 4506 
26018 1354 1291 1341 4471 
26019 2820 2840 2793 4590 
26020 1191 4498 4445 4562 
26021 969 1055 199 1045 
26022 2703 3020 2986 492 
26023 2746 205 206 968 
26024 4399 4416 4415 4465 
26025 4435 4480 2889 4580 
26026 2669 2676 2641 4571 
26027 1211 4437 1197 4597 
26028 2674 2670 2630 4521 
26029 1195 1205 1111 4587 
26030 1148 4433 4482 4516 
26031 4460 4515 994 4586 
26032 2843 1257 4504 4583 
26033 2986 2988 2913 4536 
26034 1073 1059 1056 4541 
26035 1336 1283 340 2894 
26036 4447 4519 4420 4549 
26037 2767 2766 2739 4537 
26038 2761 4506 2840 4590 
26039 2750 2764 2813 4525 
26040 1369 1290 1278 4474 
26041 2701 2805 2715 4575 
26042 1261 1265 1267 4471 
26043 1012 1030 2621 4566 
26044 2798 2788 2838 4610 
26045 1278 1290 1268 4474 
26046 494 2893 2714 2704 
26047 4415 4399 4465 4579 
26048 2963 2950 3036 4576 
26049 1353 1335 318 2766 
26050 2639 2861 2756 4599 
26051 2832 2831 2798 4588 
26052 4406 4451 4439 4593 
26053 2606 2612 2617 4599 
26054 988 4473 990 4615 
26055 988 986 4473 4615 
26056 1300 4485 4490 4593 
26057 1321 1320 1324 4567 
26058 1086 4491 4442 4595 
26059 972 983 975 4581 
26060 989 4473 1008 4563 
26061 2850 1294 1282 4553 
26062 1017 957 1039 4592 
26063 1092 199 1055 1045 
26064 1244 4535 4436 4583 
26065 2907 1103 2900 4458 
26066 2708 2716 2963 4576 
26067 2966 2967 2893 4550 
26068 1348 1321 1325 4567 
26069 461 2697 2637 2862 
26070 1094 1082 4466 4533 
26071 4419 4505 1170 4561 
26072 20 254 1232 2898 
26073 2927 2954 2965 4543 
26074 2956 2946 2949 4539 
26075 1054 1079 1096 4495 
26076 1259 2871 1234 4504 
26077 1271 4418 1249 4557 
26078 4451 4485 1326 4593 
26079 2792 2789 2791 4540 
26080 4437 4461 4401 4486 
26081 4420 4489 4458 4549 
26082 4420 4402 4458 4489 
26083 1329 1311 1307 4502 
26084 1281 320 319 2739 
26085 4454 4493 232 4519 
26086 2891 1038 4459 4592 
26087 2663 2918 468 4598 
26088 2743 2841 2778 4482 
26089 1089 1073 1077 4612 
26090 4420 4447 4404 4519 
26091 1207 3016 2903 4601 
26092 1324 1361 1325 4567 
26093 979 4467 1034 4591 
26094 2990 2887 3035 4507 
26095 2811 2752 443 4613 
26096 972 960 971 4581 
26097 204 1093 970 1047 
26098 2869 971 960 4581 
26099 2696 462 3019 2694 
26100 1101 1182 270 2743 
26101 2627 2648 2649 4569 
26102 1039 4605 1036 4615 
26103 1333 1373 1355 4496 
26104 4416 2982 4591 4612 
26105 2698 2622 2861 4599 
26106 1024 1004 1033 4526 
26107 2630 2662 2683 4604 
26108 1014 1043 964 4514 
26109 2599 4514 2626 4554 
26110 4401 4445 4434 4486 
26111 4442 4491 4409 4595 
26112 1096 1076 4495 4533 
26113 4415 4495 4399 4579 
26114 1032 970 1010 4541 
26115 1240 2871 1259 4471 
26116 2824 4443 2825 4582 
26117 2821 2753 2839 4460 
26118 207 958 2867 1026 
26119 2603 4460 2618 4566 
26120 1132 1188 4475 4555 
26121 4436 4477 1252 4504 
26122 1110 1206 3011 4549 
26123 1003 4526 4421 4559 
26124 1020 973 976 4582 
26125 3036 2966 2893 4550 
26126 1116 2853 1112 4614 
26127 4402 4419 4458 4489 
26128 1193 1101 269 2750 
26129 424 2839 2847 2614 
26130 2670 2669 443 4613 
26131 1328 1306 1304 4573 
26132 1309 1316 1329 4589 
26133 2701 2715 2710 4575 
26134 3018 2961 2987 4538 
26135 1095 18 236 2888 
26136 1336 3024 1350 4544 
26137 1094 231 2730 4466 
26138 1077 1073 1081 4541 
26139 3031 335 1280 3035 
26140 1240 1259 1267 4471 
26141 2698 2693 2622 4599 
26142 1170 4419 4561 4607 
26143 298 1290 1268 1278 
26144 4414 4475 4422 4492 
26145 4460 4514 997 4515 
26146 2937 236 18 2888 
26147 1003 4559 4421 4609 
26148 1336 1283 2894 4479 
26149 2605 424 2847 2614 
26150 2672 2635 2677 4560 
26151 4458 4489 4419 4607 
26152 4408 4457 4475 4492 
26153 2603 2821 423 2839 
26154 2866 1289 1352 4577 
26155 2912 3039 2972 4546 
26156 445 2760 2662 4604 
26157 2736 327 1289 1343 
26158 3024 341 1336 1350 
26159 2747 240 2870 1054 
26160 289 1109 1180 2901 
26161 4432 4403 4464 4564 
26162 2708 2710 2716 4576 
26163 488 2712 2735 2877 
26164 2716 2708 2963 496 
26165 1012 2621 964 4514 
26166 1001 994 1025 4586 
26167 4414 4492 4422 4498 
26168 1024 3026 963 4526 
26169 226 963 1024 3026 
26170 1360 4507 1311 4570 
26171 1301 1298 1302 4593 
26172 4436 4504 1274 4583 
26173 2841 2778 4482 4587 
26174 2721 314 1333 2700 
26175 1254 1253 1235 4480 
26176 1280 4507 1360 4570 
26177 4422 4492 4475 4498 
26178 1011 983 971 4581 
26179 3024 3013 341 1350 
26180 2820 2629 455 4590 
26181 2900 3000 2970 4458 
26182 1303 1302 1304 4593 
26183 1019 1023 998 4563 
26184 1231 249 19 2740 
26185 1145 1143 1151 4510 
26186 1068 1079 1065 4579 
26187 1144 4482 4434 4510 
26188 1074 1083 1080 4512 
26189 1094 231 17 2730 
26190 2619 2621 1030 4566 
26191 1079 1096 4495 4579 
26192 2779 17 231 2730 
26193 442 2737 2811 4571 
26194 1224 1171 1210 4505 
26195 2923 3038 2971 4461 
26196 4422 4498 1134 4562 
26197 2991 2976 2988 4532 
26198 1301 1303 1313 4593 
26199 1065 1064 1066 4579 
26200 1262 1279 1234 4504 
26201 4418 4474 4480 4557 
26202 1360 1362 1327 4507 
26203 2839 423 2603 2614 
26204 3001 4435 2889 4580 
26205 4400 4435 4477 4480 
26206 2765 2745 2813 4445 
26207 2918 2975 3000 4528 
26208 2876 2872 322 1284 
26209 2852 4462 4441 4553 
26210 2899 236 18 2937 
26211 2983 4467 2890 4526 
26212 1312 1309 1310 4589 
26213 2759 4462 2852 4577 
26214 1056 204 1093 970 
26215 2811 2737 2810 4571 
26216 2912 2974 2993 4560 
26217 2795 2852 4441 4553 
26218 2866 1352 328 2855 
26219 1180 1106 288 2908 
26220 1239 1256 1242 4580 
26221 4419 4408 4457 4561 
26222 2722 2718 2862 485 
26223 1263 1238 1258 4583 
26224 1290 298 1369 1278 
26225 2749 260 2744 1099 
26226 2764 2800 2878 4508 
26227 2864 2820 2793 4556 
26228 2823 4466 4431 4533 
26229 1352 328 1289 2866 
26230 2654 2687 2690 4596 
26231 2806 2785 2787 4530 
26232 185 2620 967 1014 
26233 1335 1353 1354 4471 
26234 965 1032 1037 4591 
26235 987 4473 4453 4572 
26236 1128 4561 4448 4607 
26237 2741 2853 4454 4523 
26238 495 3036 2893 2704 
26239 1335 2766 4471 4537 
26240 1130 4448 4475 4608 
26241 455 2664 2761 4590 
26242 1063 4465 4416 4612 
26243 2871 302 1234 2731 
26244 1015 966 2868 4582 
26245 2861 2756 439 2639 
26246 2629 2680 2664 4590 
26247 2652 2686 2639 4547 
26248 1364 4502 4449 4570 
26249 2741 17 231 2779 
26250 2911 2979 2997 4463 
26251 2700 312 313 1337 
26252 996 999 993 4515 
26253 1290 1369 1351 4474 
26254 2955 4457 2902 4505 
26255 1266 2843 299 1275 
26256 2872 2876 2832 4588 
26257 2866 2759 2852 4577 
26258 2872 1340 322 1284 
26259 1126 1178 1124 4607 
26260 1125 1127 1126 4607 
26261 4421 4438 4407 4559 
26262 1124 1122 1125 4607 
26263 2854 2834 2775 4558 
26264 1159 1147 1160 4516 
26265 2819 2756 2804 4547 
26266 2777 2812 2749 4444 
26267 239 2747 2849 1074 
26268 3020 2699 2695 484 
26269 2859 2815 2752 4521 
26270 2831 4490 4439 4588 
26271 1297 4485 4441 4490 
26272 2853 4523 1112 4614 
26273 958 1023 2867 4586 
26274 4410 4472 4437 4510 
26275 2625 186 967 1046 
26276 4456 4502 1307 4573 
26277 1373 1325 4496 4567 
26278 2853 2799 2741 4454 
26279 2723 2644 438 2717 
26280 2616 2645 421 2623 
26281 2706 2716 2726 4496 
26282 1005 975 985 4609 
26283 2604 2626 4463 4554 
26284 2824 4512 4415 4582 
26285 1264 1276 305 3001 
26286 1264 1260 1256 4580 
26287 1101 270 269 2743 
26288 2778 2840 4433 4587 
26289 974 972 975 4609 
26290 2946 2996 2944 4565 
26291 984 4453 4559 4609 
26292 1199 1196 1157 4525 
26293 1157 1198 1193 4525 
26294 1254 1241 1255 4474 
26295 1187 1155 1188 4608 
26296 1155 1185 1186 4608 
26297 2646 2683 2663 4598 
26298 1068 1066 1088 4579 
26299 2915 331 1351 2924 
26300 2812 2777 2882 4444 
26301 2622 2698 419 2693 
26302 1312 1317 1316 4589 
26303 2692 436 2722 2697 
26304 977 974 1005 4609 
26305 4431 4466 4409 4491 
26306 976 977 978 4518 
26307 1156 1191 1190 4562 
26308 1192 1176 1156 4562 
26309 1181 2749 259 1173 
26310 1354 4471 4418 4537 
26311 1035 4514 4460 4566 
26312 4449 4474 4418 4557 
26313 1327 4573 4507 4593 
26314 1227 4454 4519 4523 
26315 1138 4486 4445 4498 
26316 2907 2902 279 1210 
26317 1117 1118 1107 4614 
26318 3038 2974 2920 4520 
26319 2890 4467 2983 4591 
26320 2729 2876 323 1344 
26321 1281 319 1335 2766 
26322 980 4518 4415 4582 
26323 2720 1293 1337 4577 
26324 4438 4526 2995 4605 
26325 4400 4418 4477 4504 
26326 1024 1033 3028 4526 
26327 311 2724 1367 1293 
26328 4455 4466 2779 4493 
26329 2773 2856 2836 4542 
26330 2868 2849 2824 4512 
26331 2719 2720 2700 4462 
26332 991 988 990 4615 
26333 988 1009 986 4615 
26334 229 965 3027 1028 
26335 1346 1343 1296 4553 
26336 234 1097 233 4519 
26337 2973 468 2918 4598 
26338 2637 2755 461 2862 
26339 2617 2827 2861 4599 
26340 2868 966 4512 4582 
26341 313 1337 1286 2700 
26342 2749 2777 4444 4578 
26343 4415 4512 1021 4582 
26344 2869 2727 212 971 
26345 1331 1284 1328 4588 
26346 2746 4566 1026 4586 
26347 288 289 1180 2901 
26348 966 1029 216 2868 
26349 2784 2785 2803 4585 
26350 2902 3006 281 1177 
26351 2761 2800 2840 4506 
26352 2861 428 2827 2617 
26353 1002 4463 1042 4600 
26354 489 2715 2701 2805 
26355 2799 2780 2741 4454 
26356 2858 2745 2765 4562 
26357 4431 4495 2823 4533 
26358 4461 4414 4498 4601 
26359 267 1100 2857 2745 
26360 2842 2742 2812 4450 
26361 2982 2890 2983 4591 
26362 2891 222 1038 1017 
26363 2757 303 1240 2871 
26364 4449 4557 4418 4589 
26365 2853 2799 4454 4523 
26366 2824 2849 4495 4512 
26367 2728 4583 2783 4606 
26368 2599 183 2621 964 
26369 2780 2799 2865 4454 
26370 2955 2902 2935 4505 
26371 1126 4448 4578 4607 
26372 2998 2999 2936 4452 
26373 2971 3037 2922 4437 
26374 1266 1263 1257 4583 
26375 2765 4445 4422 4562 
26376 1217 1225 1110 4549 
26377 2798 2831 2791 4610 
26378 1040 1027 219 2904 
26379 1041 4459 4515 4600 
26380 1358 4418 1372 4557 
26381 2957 3000 3011 4549 
26382 2824 4495 4415 4512 
26383 1334 338 3008 1288 
26384 4399 4443 4415 4518 
26385 3037 2984 2958 4534 
26386 3042 1093 1047 4541 
26387 2963 3003 2716 496 
26388 1019 2733 209 1023 
26389 1296 1282 1295 4553 
26390 4415 4518 980 4522 
26391 2850 1294 325 1282 
26392 2914 3019 462 2694 
26393 1164 1201 1202 4523 
26394 4421 4443 4399 4518 
26395 2766 318 1353 2757 
26396 1333 2721 2700 4496 
26397 2889 4435 3004 4480 
26398 2797 4448 2777 4608 
26399 2815 2760 445 4604 
26400 4492 4498 4414 4601 
26401 2907 4458 2970 4505 
26402 1007 1039 991 4592 
26403 1298 4490 1302 4593 
26404 1283 1361 1359 4479 
26405 4474 4557 4449 4589 
26406 1335 2766 1353 4471 
26407 4423 4460 2753 4586 
26408 2924 2897 332 1285 
26409 3006 2955 2993 4457 
26410 2897 1363 333 1285 
26411 4452 4464 4403 4564 
26412 1231 1205 1114 4587 
26413 2693 2606 2622 4599 
26414 2604 2997 2615 430 
26415 1038 1017 1007 4592 
26416 4471 4504 4418 4537 
26417 2749 258 259 1173 
26418 1277 1240 1265 4471 
26419 245 1053 1077 4612 
26420 3027 1028 965 4541 
26421 2745 4445 2765 4562 
26422 2922 2908 2971 4437 
26423 4434 4486 4445 4525 
26424 1124 4489 1122 4607 
26425 2768 2753 2733 4423 
26426 1091 1079 1054 4495 
26427 4411 4514 4460 4515 
26428 1360 1330 1349 4570 
26429 1088 4431 4533 4579 
26430 1008 4563 4473 4572 
26431 4449 4502 1329 4589 
26432 1173 2742 258 1107 
26433 2743 1111 271 2841 
26434 485 2718 2862 2828 
26435 2900 3011 3000 4549 
26436 1320 4485 1324 4567 
26437 1040 1027 2904 4554 
26438 4439 4573 4456 4588 
26439 977 4467 4518 4609 
26440 2765 2835 2748 4422 
26441 2626 4514 4463 4554 
26442 2746 2753 2821 4460 
26443 4423 4563 998 4586 
26444 1051 201 202 959 
26445 2911 2926 2891 4459 
26446 326 2736 1282 1343 
26447 3024 4479 3010 4544 
26448 1031 1003 1004 4526 
26449 2788 2798 2791 4610 
26450 2725 1292 316 1370 
26451 975 4581 4453 4609 
26452 1002 1042 1040 4600 
26453 2957 2899 2938 4447 
26454 4406 4490 4485 4593 
26455 2901 290 1179 2999 
26456 278 2907 1223 1103 
26457 1107 1173 2742 4574 
26458 2835 2748 4422 4555 
26459 1080 1075 1061 4522 
26460 2998 2958 2919 4527 
26461 334 1349 1363 2897 
26462 4421 4526 4438 4559 
26463 1000 4514 4463 4515 
26464 2849 1074 4495 4512 
26465 2829 457 2627 458 
26466 1290 1365 1339 4474 
26467 468 2646 2973 467 
26468 2824 2747 2823 4495 
26469 2962 3009 2980 4545 
26470 4420 4450 4402 4489 
26471 1353 1368 1291 4471 
26472 4400 4477 4436 4504 
26473 1351 1369 330 2915 
26474 250 4470 4583 4606 
26475 4411 4463 4514 4515 
26476 2957 2938 3023 4447 
26477 3015 1207 286 2903 
26478 2768 4563 2844 4572 
26479 1119 4450 4489 4574 
26480 1188 4475 4555 4608 
26481 2901 2922 2936 4472 
26482 2979 2997 2604 430 
26483 2695 3020 484 2913 
26484 2850 2831 2729 4490 
26485 444 445 2630 2815 
26486 1015 1020 966 4582 
26487 2658 451 2816 450 
26488 1018 961 1008 4572 
26489 4402 4444 4419 4489 
26490 4421 4407 4453 4559 
26491 1297 4490 4441 4553 
26492 1202 1117 1116 4614 
26493 1268 1241 1278 4474 
26494 1244 1237 1243 4535 
26495 1114 1195 1200 4587 
26496 1271 1270 1236 4557 
26497 1305 1307 4502 4573 
26498 4421 4399 4467 4518 
26499 1167 4510 4472 4516 
26500 2831 2729 4490 4588 
26501 2742 2812 4450 4574 
26502 2747 2849 1074 4495 
26503 2733 1023 4563 4586 
26504 277 2900 1103 1174 
26505 4406 4485 4451 4593 
26506 3001 3004 2889 4435 
26507 1057 1084 1082 4533 
26508 966 1029 2868 4512 
26509 4479 4496 1361 4567 
26510 4456 4502 4400 4589 
26511 3002 957 223 1017 
26512 3013 1350 3024 4544 
26513 2599 1014 184 964 
26514 1185 2744 261 1099 
26515 225 2885 3028 1033 
26516 1152 4492 1214 4601 
26517 1309 1329 4502 4589 
26518 1311 4502 1330 4570 
26519 2907 278 277 1103 
26520 1019 2733 1023 4563 
26521 1313 4507 4451 4593 
26522 2800 2826 2878 4508 
26523 1035 4566 4460 4586 
26524 1036 1039 957 4605 
26525 2926 4459 4438 4592 
26526 449 450 2647 2754 
26527 2894 1283 339 1334 
26528 2768 2844 2837 4572 
26529 2850 4490 1294 4553 
26530 231 2779 2730 4466 
26531 1029 2758 216 2868 
26532 309 1241 3030 2915 
26533 1108 282 3006 1177 
26534 1187 263 2848 1102 
26535 1014 964 2599 4514 
26536 2743 269 1101 2750 
26537 4462 4496 4412 4567 
26538 4411 4460 4423 4515 
26539 308 2889 3030 1273 
26540 1181 2749 4574 4578 
26541 1057 1094 2730 4533 
26542 1349 1330 1363 4570 
26543 1332 1318 1310 4537 
26544 2860 2738 2829 4569 
26545 2805 489 2715 2845 
26546 2969 466 2634 465 
26547 2987 481 2673 480 
26548 2884 1368 317 2757 
26549 2915 1369 330 3043 
26550 960 2732 4581 4582 
26551 2937 2960 3012 4595 
26552 2656 2634 2657 4603 
26553 185 2620 1014 2599 
26554 1057 241 1076 2870 
26555 2974 474 2672 473 
26556 2635 473 472 2912 
26557 3029 246 2905 1090 
26558 4448 4578 2777 4608 
26559 4479 4496 3010 4544 
26560 2903 2923 2971 4461 
26561 2693 419 2622 2606 
26562 2707 2692 436 2722 
26563 2866 1352 2855 4577 
26564 315 314 1333 2721 
26565 2915 2924 1351 4474 
26566 2766 1281 319 2739 
26567 1369 1278 2915 4474 
26568 1369 2915 1351 4474 
26569 236 2888 2937 4595 
26570 1222 1216 1105 4601 
26571 1175 1216 1214 4601 
26572 2898 1232 292 2999 
26573 2869 960 2732 4581 
26574 2901 2936 2999 4472 
26575 2748 2765 4422 4562 
26576 3024 1336 2894 4479 
26577 2986 493 2703 492 
26578 2740 273 1231 2841 
26579 2925 2897 2924 4449 
26580 961 2844 1019 4563 
26581 1104 1210 2902 4505 
26582 1016 1037 1034 4591 
26583 2783 4583 4470 4606 
26584 2888 4442 2960 4595 
26585 1092 1083 2758 4512 
26586 2813 4445 2745 4525 
26587 1264 1239 1276 4580 
26588 3030 4474 1273 4480 
26589 2897 334 1349 3031 
26590 4431 4465 4399 4579 
26591 1055 199 200 969 
26592 1339 4474 1317 4557 
26593 2745 266 1100 2858 
26594 2648 2738 458 459 
26595 1176 4555 4422 4562 
26596 2901 1180 288 2908 
26597 2867 1026 958 4586 
26598 2953 2949 2950 4568 
26599 1277 1368 2757 4471 
26600 2708 495 3036 2963 
26601 442 2811 443 2669 
26602 2899 18 236 1230 
26603 959 1051 201 4522 
26604 2916 229 3027 1028 
26605 2744 2777 4578 4608 
26606 1173 1181 2749 4574 
26607 2877 488 2701 2805 
26608 4410 4510 4482 4516 
26609 1275 1238 1266 4583 
26610 2866 2852 2736 4553 
26611 2917 3024 3010 4544 
26612 1259 4471 2871 4504 
26613 1304 4573 4439 4588 
26614 2800 454 453 2632 
26615 2871 4471 2766 4504 
26616 2687 2651 2642 4616 
26617 1210 2902 280 1104 
26618 4419 4448 4408 4561 
26619 3002 4438 2995 4605 
26620 3011 2900 1110 4549 
26621 1287 1358 1372 4557 
26622 337 1345 2887 1288 
26623 1315 4537 4418 4589 
26624 2753 4460 2746 4586 
26625 340 1336 2894 3024 
26626 3031 2990 3035 4570 
26627 1334 3008 2894 4479 
26628 477 2958 476 2666 
26629 2761 2820 455 4590 
26630 1230 2899 274 1206 
26631 2744 2797 2777 4608 
26632 2746 968 1026 4566 
26633 2741 231 17 1233 
26634 2999 2998 2898 4452 
26635 1277 1368 21 2884 
26636 1044 2619 181 1030 
26637 1015 215 2732 2868 
26638 22 1369 1278 3043 
26639 2995 3002 2926 4438 
26640 2720 2719 2705 4577 
26641 995 4526 4559 4605 
26642 1009 991 1039 4615 
26643 1112 2741 255 1233 
26644 4410 4434 4482 4510 
26645 321 2872 2739 1342 
26646 2708 495 2963 496 
26647 2821 2746 4460 4566 
26648 1089 1077 1053 4612 
26649 2959 4435 3001 4580 
26650 1291 293 294 1265 
26651 490 2845 2759 2705 
26652 1038 2891 1017 4592 
26653 2816 2879 2762 4584 
26654 2842 2742 4450 4614 
26655 4433 4410 4482 4516 
26656 456 455 2820 2629 
26657 489 2701 488 2805 
26658 1102 1188 1176 4555 
26659 2888 2981 2960 4442 
26660 4415 4416 4399 4518 
26661 2749 1099 2744 4578 
26662 961 2844 210 1019 
26663 977 4518 974 4609 
26664 4413 4456 4439 4573 
26665 991 4459 4592 4615 
26666 2867 1023 2733 4586 
26667 2978 478 479 2655 
26668 254 20 2940 2898 
26669 464 2895 2661 465 
26670 452 451 2762 2636 
26671 1319 1344 1331 4588 
26672 4457 4505 4419 4561 
26673 2866 327 1289 2736 
26674 959 201 1013 4522 
26675 442 441 2737 2641 
26676 2907 2970 2935 4505 
26677 1358 1339 1317 4557 
26678 2602 2985 435 434 
26679 3003 497 2917 2706 
26680 1018 983 1011 4572 
26681 2955 3006 2902 4457 
26682 2896 482 2668 481 
26683 2727 971 2869 4581 
26684 2669 2670 2657 4613 
26685 2871 2731 1234 4504 
26686 2907 2902 1210 4505 
26687 1014 184 185 2599 
26688 1083 238 2849 1074 
26689 1339 296 297 1269 
26690 2911 4463 4459 4600 
26691 995 985 986 4559 
26692 1264 1276 3001 4580 
26693 1017 3002 957 4592 
26694 1275 1266 2843 4583 
26695 4449 4474 2924 4480 
26696 969 1055 1045 4512 
26697 1129 1127 1172 4561 
26698 220 962 1040 4600 
26699 1113 1179 291 2999 
26700 4456 4400 4537 4589 
26701 1090 3029 247 1058 
26702 1092 2883 15 1045 
26703 1093 16 3042 1047 
26704 1111 1205 272 2841 
26705 3042 1047 2916 4541 
26706 968 206 2746 1026 
26707 2768 4423 2733 4563 
26708 1365 1290 1351 4474 
26709 1225 1217 1158 4549 
26710 1001 958 1026 4586 
26711 1092 1045 1055 4512 
26712 1324 4485 4479 4567 
26713 2848 1187 1102 4555 
26714 426 2611 425 2734 
26715 3006 2906 283 1108 
26716 264 2748 2848 1102 
26717 3001 2959 3004 4435 
26718 1368 1353 317 2757 
26719 2653 448 449 2814 
26720 2903 1207 285 3016 
26721 1075 201 1051 4522 
26722 4443 4518 4421 4609 
26723 1242 4535 4469 4580 
26724 2698 2639 2693 4599 
26725 1169 4574 4444 4578 
26726 1202 4523 1117 4614 
26727 460 2667 459 2818 
26728 2733 4423 2753 4586 
26729 2757 2871 1240 4471 
26730 203 204 1056 970 
26731 471 2972 2650 472 
26732 2853 2799 4523 4614 
26733 474 475 2920 2671 
26734 1333 1292 2721 4544 
26735 2825 2837 2869 4581 
26736 1099 1185 2744 4578 
26737 1042 4554 1040 4600 
26738 1059 202 203 1010 
26739 2886 254 20 2940 
26740 1269 1270 1255 4557 
26741 3007 244 1081 1077 
26742 483 2628 2976 482 
26743 2801 2843 4436 4583 
26744 3015 2903 2971 4597 
26745 1353 2766 2757 4471 
26746 2897 4449 2925 4570 
26747 2740 249 19 2782 
26748 4400 4502 4449 4589 
26749 1008 1019 998 4563 
26750 2820 2761 2840 4590 
26751 965 4541 1032 4591 
26752 1193 268 1199 4525 
26753 1021 1013 4512 4522 
26754 3004 4449 2924 4480 
26755 1106 1211 1208 4597 
26756 2744 260 261 1099 
26757 2843 2731 2846 4504 
26758 3003 497 2706 2716 
26759 427 2601 426 2822 
26760 2729 324 1294 1344 
26761 2783 2784 2782 4606 
26762 2835 2797 2848 4555 
26763 1013 1075 4512 4522 
26764 2867 958 208 1023 
26765 2731 301 1234 1257 
26766 959 1048 1022 4522 
26767 973 4581 4443 4582 
26768 2607 2892 433 432 
26769 1221 1208 1166 4597 
26770 2925 2924 3004 4449 
26771 2876 1284 1344 4588 
26772 4439 4573 1304 4593 
26773 2758 1045 1092 4512 
26774 999 4515 4463 4600 
26775 4407 4473 4453 4559 
26776 2900 276 3011 1110 
26777 2728 299 2843 1275 
26778 1276 2886 305 3001 
26779 4470 4535 1258 4583 
26780 2665 457 2751 456 
26781 1051 1060 1061 4522 
26782 3028 1033 2885 4526 
26783 1267 1265 1240 4471 
26784 4438 4473 4407 4559 
26785 469 2663 2918 468 
26786 2801 2843 2846 4436 
26787 4441 4485 4406 4490 
26788 1075 1013 201 4522 
26789 2732 4443 2825 4581 
26790 2732 2825 2869 4581 
26791 2971 4461 4437 4597 
26792 2760 445 2662 446 
26793 4418 4557 1358 4589 
26794 237 2849 2758 1083 
26795 325 324 1294 2850 
26796 1081 2916 243 3007 
26797 1032 4541 4416 4591 
26798 4400 4449 4418 4589 
26799 2835 2848 2748 4555 
26800 2857 2813 2745 4525 
26801 221 1038 962 3025 
26802 1074 2849 1083 4512 
26803 3030 2915 1241 4474 
26804 479 480 2909 2638 
26805 1278 1241 310 2915 
26806 1277 2757 1240 4471 
26807 1077 1081 3007 4541 
26808 1206 3011 275 1110 
26809 338 337 3008 1288 
26810 2853 256 1116 1112 
26811 1255 1241 1268 4474 
26812 1325 1321 1324 4567 
26813 2697 31 2722 2862 
26814 2728 19 249 2782 
26815 2599 964 2621 4514 
26816 447 448 2642 2763 
26817 1096 4533 4495 4579 
26818 962 1041 1002 4600 
26819 1187 1188 4555 4608 
26820 1304 1306 1305 4573 
26821 1353 2757 1368 4471 
26822 1169 1173 1118 4574 
26823 1192 4555 1176 4562 
26824 2837 2727 2869 4581 
26825 471 2654 2921 470 
26826 3002 223 222 1017 
26827 32 2699 2723 3020 
26828 4451 4507 4413 4593 
26829 2824 2825 2732 4582 
26830 1266 300 2843 1257 
26831 2926 2891 4459 4592 
26832 2719 4462 2705 4577 
26833 2720 4462 2719 4577 
26834 3008 2953 3010 4479 
26835 1004 1024 1031 4526 
26836 1178 1186 1099 4578 
26837 4408 4475 4457 4561 
26838 1351 330 331 2915 
26839 961 4563 1008 4572 
26840 1009 4559 986 4615 
26841 2801 2783 2843 4583 
26842 1075 1080 4512 4522 
26843 960 1015 214 2732 
26844 2622 2861 29 2698 
26845 1324 4479 1361 4567 
26846 1241 2915 1278 4474 
26847 2979 4463 2911 4600 
26848 4415 4518 4443 4582 
26849 2884 304 1277 2757 
26850 434 433 2613 2980 
26851 2845 490 2715 2705 
26852 1075 200 201 1013 
26853 2959 3001 2941 4580 
26854 2825 4443 2732 4582 
26855 3002 2926 4438 4592 
26856 1303 1304 4573 4593 
26857 4406 4439 4490 4593 
26858 2891 2911 4459 4600 
26859 2696 3019 30 2623 
26860 4423 4515 4460 4586 
26861 2902 280 279 1210 
26862 2732 960 1015 4582 
26863 2728 2843 2783 4583 
26864 2778 2841 2840 4587 
26865 213 960 2732 2869 
26866 4416 4467 4399 4518 
26867 1205 2841 1111 4587 
26868 307 1235 1260 2889 
26869 2886 2941 3001 4580 
26870 2842 2799 2853 4614 
26871 2631 470 469 2975 
26872 2817 446 2651 447 
26873 1269 4474 1339 4557 
26874 2891 3025 2911 4600 
26875 2728 2782 249 4606 
26876 1118 4574 1107 4614 
26877 1043 1050 964 4514 
26878 4441 4462 4412 4567 
26879 1264 306 1260 3001 
26880 2828 485 2718 486 
26881 970 1047 1093 4541 
26882 1126 4578 1178 4607 
26883 4448 4475 4408 4561 
26884 304 1240 1277 2757 
26885 1073 4541 1077 4612 
26886 2846 2871 2766 4504 
26887 1044 181 2619 2624 
26888 1185 4578 1186 4608 
26889 2749 4444 2812 4574 
26890 1016 228 965 4591 
26891 983 972 971 4581 
26892 1353 1291 1354 4471 
26893 1264 1256 1239 4580 
26894 1341 294 295 1261 
26895 4419 4489 4444 4607 
26896 2844 209 210 1019 
26897 440 439 2756 2639 
26898 265 1192 1190 4562 
26899 2730 2802 2823 4466 
26900 2903 4461 2971 4597 
26901 1065 1066 1068 4579 
26902 1020 1015 973 4582 
26903 2915 310 1278 3043 
26904 304 303 1240 2757 
26905 3027 4591 2982 4612 
26906 3030 2924 4474 4480 
26907 972 4581 975 4609 
26908 1024 3028 226 3026 
26909 2843 4504 4436 4583 
26910 2758 2868 1029 4512 
26911 1231 2740 2841 4587 
26912 4541 4591 3027 4612 
26913 2622 2606 2617 4599 
26914 2746 4460 4566 4586 
26915 2739 1281 320 1342 
26916 3028 2885 2995 4526 
26917 3007 4541 3027 4612 
26918 2979 2911 2904 4600 
26919 1107 257 1116 4614 
26920 1187 262 1185 4608 
26921 2894 3008 3010 4479 
26922 1056 970 1093 4541 
26923 986 4559 4473 4615 
26924 4444 4448 4419 4607 
26925 1114 1205 1195 4587 
26926 1096 1084 1076 4533 
26927 1269 1255 4474 4557 
26928 4402 4450 4444 4489 
26929 2850 324 1294 2729 
26930 2861 2827 2756 4599 
26931 1266 1238 1263 4583 
26932 1039 4592 957 4605 
26933 1094 4466 2730 4533 
26934 463 2914 462 2694 
26935 1001 1025 958 4586 
26936 3007 3027 2982 4612 
26937 1241 309 310 2915 
26938 318 317 1353 2757 
26939 2797 2848 4555 4608 
26940 337 2887 3008 1288 
26941 211 961 1011 4572 
26942 1076 1057 2870 4533 
26943 4443 4581 972 4609 
26944 297 298 1290 1268 
26945 4416 4518 4415 4522 
26946 427 2827 428 2617 
26947 2908 2971 4437 4597 
26948 4421 4453 4443 4609 
26949 2700 312 1337 2720 
26950 2973 2918 3023 4598 
26951 1316 1309 1312 4589 
26952 3028 3026 1024 4526 
26953 2916 1028 3027 4541 
26954 245 2905 1053 4612 
26955 2990 4507 3035 4570 
26956 2848 1102 2748 4555 
26957 1021 4512 4415 4522 
26958 2656 467 466 2910 
26959 296 1236 1269 4557 
26960 4443 4581 2732 4582 
26961 2604 2620 2626 4554 
26962 2644 438 2717 437 
26963 2645 420 2616 421 
26964 2735 487 2712 488 
26965 4507 4573 4413 4593 
26966 1287 295 296 1236 
26967 1302 1303 1301 4593 
26968 4438 4559 4526 4605 
26969 300 301 2843 1257 
26970 967 2620 186 2625 
26971 1029 1021 969 4512 
26972 2749 2744 2777 4578 
26973 1264 3001 1260 4580 
26974 238 239 2849 1074 
26975 2995 2983 3028 4526 
26976 2746 207 2867 1026 
26977 2795 2850 2852 4553 
26978 1178 4578 4444 4607 
26979 452 2826 453 2660 
26980 1192 2748 4555 4562 
26981 222 2891 3002 1017 
26982 1367 2724 23 2874 
26983 2747 2824 2849 4495 
26984 1266 1257 2843 4583 
26985 2843 2846 4436 4504 
26986 1092 15 199 1045 
26987 1368 21 293 1277 
26988 204 16 1093 1047 
26989 298 22 1369 1278 
26990 217 2883 2758 1045 
26991 4416 4541 1073 4612 
26992 1311 4507 4502 4570 
26993 2725 24 3033 1370 
26994 1269 1339 296 4557 
26995 2916 3042 230 1047 
26996 475 476 2984 2643 
26997 443 2752 444 2670 
26998 1282 1343 2736 4553 
26999 1032 1028 970 4541 
27000 4450 4574 1118 4614 
27001 2868 2732 1015 4582 
27002 311 2724 1293 2720 
27003 2893 494 495 2704 
27004 2888 1095 248 1058 
27005 2842 2853 2742 4614 
27006 1017 1039 1007 4592 
27007 2937 2888 2960 4595 
27008 4415 4512 1080 4522 
27009 2840 2841 2740 4587 
27010 1277 21 304 2884 
27011 306 307 1260 3001 
27012 1287 1236 296 4557 
27013 1036 1033 1004 4605 
27014 4592 4605 1039 4615 
27015 245 244 3007 1077 
27016 241 1057 2730 2870 
27017 2606 2693 419 420 
27018 1350 3013 342 1370 
27019 2733 209 2844 1019 
27020 437 2707 2692 436 
27021 283 284 1175 2906 
27022 265 264 1192 2748 
27023 487 486 2863 2702 
27024 4439 4413 4573 4593 
27025 1355 1350 1292 4544 
27026 1124 1125 1126 4607 
27027 2837 4572 2727 4581 
27028 2886 3001 1276 4580 
27029 258 2749 2742 1173 
27030 245 1077 3007 4612 
27031 1055 1080 1083 4512 
27032 1057 242 241 2730 
27033 1333 1292 315 2721 
27034 1011 2727 4572 4581 
27035 205 968 2746 4566 
27036 4412 4496 4479 4567 
27037 268 2857 1199 4525 
27038 230 2916 1047 1028 
27039 1186 4578 4448 4608 
27040 4409 4455 4398 4466 
27041 2755 460 2637 461 
27042 4421 4518 4467 4609 
27043 4422 4555 2748 4562 
27044 2888 247 3029 1058 
27045 3006 283 282 1108 
27046 263 264 2848 1102 
27047 2843 2728 1275 4583 
27048 1193 1199 1157 4525 
27049 1185 1155 1187 4608 
27050 2621 2619 2603 4566 
27051 2849 237 238 1083 
27052 1011 4572 983 4581 
27053 29 2622 2698 419 
27054 2722 436 31 2697 
27055 243 244 1081 3007 
27056 3030 3004 2924 4480 
27057 1190 1192 1156 4562 
27058 1005 974 975 4609 
27059 2633 464 463 2977 
27060 2732 2868 2824 4582 
27061 217 15 2883 1045 
27062 3042 16 230 1047 
27063 2900 2970 2907 4458 
27064 1100 267 266 2745 
27065 1339 1287 296 4557 
27066 2853 255 256 1112 
27067 275 274 3011 1206 
27068 248 247 2888 1058 
27069 2747 239 240 1054 
27070 4400 4418 4537 4589 
27071 246 245 2905 1053 
27072 2904 1027 218 2979 
27073 1367 329 1352 2855 
27074 441 440 2819 2652 
27075 2865 2760 2815 4604 
27076 1116 1117 1107 4614 
27077 1282 1296 1343 4553 
27078 983 4572 4453 4581 
27079 2779 2802 2730 4466 
27080 1033 4526 1004 4605 
27081 1278 310 22 3043 
27082 2736 2852 2850 4553 
27083 2913 484 2695 483 
27084 1029 217 2758 1045 
27085 1081 1073 1056 4541 
27086 2900 2907 277 1103 
27087 2885 4526 1033 4605 
27088 2733 4563 4423 4586 
27089 2730 4466 2823 4533 
27090 988 991 1009 4615 
27091 4398 4409 4426 4455 
27092 494 3021 493 2714 
27093 19 273 1231 2740 
27094 1232 292 20 2898 
27095 282 281 3006 1177 
27096 2848 262 263 1187 
27097 1029 1045 2758 4512 
27098 29 428 2861 2622 
27099 2885 2995 4526 4605 
27100 969 1045 1029 4512 
27101 2729 2831 2832 4588 
27102 326 2736 2850 1282 
27103 317 21 1368 2884 
27104 1369 22 330 3043 
27105 14 2625 3032 1046 
27106 2866 2855 2759 4577 
27107 2902 2907 2935 4505 
27108 31 2697 461 2862 
27109 3020 32 2699 484 
27110 2983 3026 3028 4526 
27111 3002 4592 4438 4605 
27112 4473 4559 4438 4615 
27113 2749 2742 1173 4574 
27114 3019 435 30 2623 
27115 1057 1094 242 2730 
27116 2619 182 181 1030 
27117 960 214 213 2732 
27118 1076 1084 1057 4533 
27119 2867 2733 2753 4586 
27120 991 4592 1039 4615 
27121 1337 312 1293 2720 
27122 2861 439 29 2698 
27123 462 3019 30 2696 
27124 1293 1352 1347 4577 
27125 268 1193 2750 4525 
27126 2897 1349 1363 4570 
27127 2862 31 2722 485 
27128 4405 4469 4470 4535 
27129 2726 2700 2721 4496 
27130 3008 2894 339 1334 
27131 4444 4574 2749 4578 
27132 329 1367 2874 2855 
27133 3013 3033 342 1370 
27134 2733 2867 208 1023 
27135 226 225 3028 1024 
27136 2723 2699 32 438 
27137 2696 30 421 2623 
27138 1016 227 228 2890 
27139 2625 14 186 1046 
27140 2844 210 211 961 
27141 303 302 1259 2871 
27142 2728 2783 2782 4606 
27143 3020 2723 32 492 
27144 301 2731 2843 1257 
27145 328 327 1289 2866 
27146 2733 1019 2844 4563 
27147 4459 4463 4411 4515 
27148 4448 4555 4475 4608 
27149 2725 1292 1370 4544 
27150 1111 272 271 2841 
27151 2876 1344 2729 4588 
27152 221 1038 3025 2891 
27153 1092 1055 1083 4512 
27154 957 223 224 3002 
27155 2849 2758 1083 4512 
27156 2916 230 229 1028 
27157 285 286 1207 2903 
27158 1336 340 341 3024 
27159 316 24 2725 1370 
27160 1035 968 1030 4566 
27161 4445 4498 4422 4562 
27162 4410 4472 4510 4516 
27163 2886 20 254 1276 
27164 2599 184 183 964 
27165 2724 23 311 1367 
27166 2746 1026 2867 4586 
27167 2758 216 217 1029 
27168 1047 1028 2916 4541 
27169 1017 2891 3002 4592 
27170 1013 1048 959 4522 
27171 290 291 1179 2999 
27172 1042 4463 4554 4600 
27173 2979 4554 4463 4600 
27174 1044 13 181 2624 
27175 3001 307 1260 2889 
27176 265 2748 1192 4562 
27177 3027 4541 965 4591 
27178 334 335 1349 3031 
27179 2869 212 213 971 
27180 3007 1081 2916 4541 
27181 2917 3013 3024 4544 
27182 224 1033 957 4605 
27183 1037 1016 965 4591 
27184 4489 4574 4444 4607 
27185 1349 2897 3031 4570 
27186 4412 4485 4441 4567 
27187 1047 970 1028 4541 
27188 291 292 1113 2999 
27189 2904 1040 4554 4600 
27190 1205 273 272 2841 
27191 331 332 1338 2924 
27192 965 228 229 3027 
27193 1284 1331 1344 4588 
27194 4479 4485 4412 4567 
27195 1105 1175 284 4601 
27196 1040 962 1002 4600 
27197 1015 215 214 2732 
27198 2742 4574 4450 4614 
27199 1044 2873 13 2624 
27200 2837 4453 4572 4581 
27201 1367 1293 2724 4577 
27202 4416 4591 4541 4612 
27203 2728 249 19 1275 
27204 2625 1046 967 4554 
27205 4473 4563 4453 4572 
27206 1018 1011 961 4572 
27207 325 326 2850 1282 
27208 1057 2730 2870 4533 
27209 3030 2924 2915 4474 
27210 322 321 1340 2872 
27211 3002 2891 2926 4592 
27212 3008 339 338 1334 
27213 335 336 1280 3035 
27214 316 1292 2725 2721 
27215 228 1016 2890 4591 
27216 220 3025 962 4600 
27217 255 2853 2741 1112 
27218 262 1187 2848 4608 
27219 4448 4561 4419 4607 
27220 2899 3011 274 1206 
27221 4413 4502 4456 4573 
27222 961 2844 4563 4572 
27223 1042 967 1027 4554 
27224 1193 269 268 2750 
27225 218 2979 1027 4554 
27226 211 1011 2727 4572 
27227 1107 4574 2742 4614 
27228 289 290 1109 2901 
27229 1182 271 270 2743 
27230 4469 4535 4435 4580 
27231 2837 2844 2727 4572 
27232 4421 4559 4453 4609 
27233 3002 2995 2885 4605 
27234 1199 268 267 2857 
27235 2847 425 424 2605 
27236 23 329 1367 2874 
27237 3033 24 342 1370 
27238 3033 498 2725 4544 
27239 2904 4554 2979 4600 
27240 228 3027 965 4591 
27241 4443 4582 4518 4609 
27242 432 3005 431 2600 
27243 4436 4535 4470 4583 
27244 1175 2906 284 4601 
27245 2990 3031 2897 4570 
27246 265 1190 2858 4562 
27247 2753 2746 2867 4586 
27248 2768 2733 2844 4563 
27249 1270 1269 1236 4557 
27250 220 1040 2904 4600 
27251 183 182 2621 1012 
27252 3013 1370 1350 4544 
27253 2766 2871 2757 4471 
27254 3003 497 2716 496 
27255 4559 4605 4438 4615 
27256 2733 208 209 1023 
27257 4413 4507 4502 4573 
27258 2621 2618 2599 4514 
27259 454 2761 455 2664 
27260 478 2919 477 2640 
27261 1038 221 222 2891 
27262 2625 429 3032 4554 
27263 1107 2742 257 4614 
27264 342 341 3013 1350 
27265 287 1106 1221 4597 
27266 322 323 2876 1284 
27267 1011 212 211 2727 
27268 2894 3010 3024 4479 
27269 1081 1056 1093 4541 
27270 219 220 1040 2904 
27271 216 215 966 2868 
27272 257 258 2742 1107 
27273 2905 245 3007 4612 
27274 268 2750 2857 4525 
27275 2619 1030 1044 4566 
27276 1335 319 318 2766 
27277 957 4592 3002 4605 
27278 2724 491 2874 4577 
27279 2744 2848 2797 4608 
27280 287 288 1106 2908 
27281 2848 1187 4555 4608 
27282 1216 1175 1105 4601 
27283 3007 1077 4541 4612 
27284 1352 329 328 2855 
27285 490 2715 489 2845 
27286 1051 1061 1075 4522 
27287 2744 4578 1185 4608 
27288 2904 1027 2979 4554 
27289 2599 2618 2626 4514 
27290 1339 1358 1287 4557 
27291 281 280 2902 1104 
27292 2744 261 262 1185 
27293 4439 4588 4490 4593 
27294 299 300 2843 1266 
27295 284 285 1105 3016 
27296 1190 266 265 2858 
27297 3030 309 308 1273 
27298 2900 277 276 1174 
27299 2906 2923 3016 4601 
27300 2748 2858 2765 4562 
27301 4502 4507 4413 4570 
27302 1094 17 242 2730 
27303 2706 2726 2721 4496 
27304 1264 305 306 3001 
27305 4463 4515 4459 4600 
27306 957 3002 224 4605 
27307 2897 2925 2990 4570 
27308 2997 431 2615 430 
27309 2725 1370 3033 4544 
27310 3033 1370 3013 4544 
27311 2890 2982 3027 4591 
27312 2873 422 2624 4566 
27313 957 1033 1036 4605 
27314 2744 1185 262 4608 
27315 286 287 1221 3015 
27316 205 2821 2873 4566 
27317 2905 3007 2982 4612 
27318 225 224 2885 1033 
27319 276 275 3011 1110 
27320 2839 424 423 2614 
27321 4444 4578 4448 4607 
27322 1333 2721 4496 4544 
27323 491 2724 2705 4577 
27324 2749 259 260 1181 
27325 1095 248 18 2888 
27326 1106 287 2908 4597 
27327 2849 2868 2758 4512 
27328 2850 1282 2736 4553 
27329 3032 2979 218 4554 
27330 490 2759 491 2705 
27331 2853 256 257 1116 
27332 1076 241 240 2870 
27333 1292 1350 1370 4544 
27334 2871 2846 2731 4504 
27335 4495 4533 4431 4579 
27336 1292 316 315 2721 
27337 2885 1033 224 4605 
27338 2729 2832 2876 4588 
27339 2746 206 207 1026 
27340 2619 1044 2624 4566 
27341 4453 4581 4443 4609 
27342 4444 4489 4450 4574 
27343 1106 1208 1221 4597 
27344 2604 429 2625 4554 
27345 1367 2855 1352 4577 
27346 2889 3004 3030 4480 
27347 3033 2917 498 4544 
27348 2725 498 2706 4544 
27349 1286 314 313 2700 
27350 2603 2624 422 4566 
27351 2874 491 2759 4577 
27352 287 1221 3015 4597 
27353 497 498 2917 2706 
27354 2916 3027 3007 4541 
27355 3032 1046 2625 4554 
27356 2620 186 185 967 
27357 2907 279 278 1223 
27358 2853 1116 257 4614 
27359 2742 2749 2812 4574 
27360 3042 243 16 1093 
27361 2883 15 237 1092 
27362 1105 284 3016 4601 
27363 4459 4438 4592 4615 
27364 2874 2855 1367 4577 
27365 302 301 1234 2731 
27366 2750 2813 2857 4525 
27367 2821 422 2603 423 
27368 4398 4426 4409 4491 
27369 2873 2624 1044 4566 
27370 2858 2748 265 4562 
27371 2724 2874 1367 4577 
27372 2874 2724 23 491 
27373 2908 3015 2971 4597 
27374 1293 2720 2724 4577 
27375 3033 498 24 2725 
27376 226 227 963 3026 
27377 4409 4466 4398 4491 
27378 2744 262 2848 4608 
27379 967 2620 2625 4554 
27380 1027 967 1046 4554 
27381 1235 307 308 2889 
27382 968 1044 1030 4566 
27383 4438 4605 4592 4615 
27384 2706 4496 2721 4544 
27385 491 2705 2759 4577 
27386 228 2890 3027 4591 
27387 1345 336 337 2887 
27388 320 321 2739 1342 
27389 2736 326 327 1343 
27390 2885 224 3002 4605 
27391 2725 2721 1292 4544 
27392 1293 312 311 2720 
27393 323 324 2729 1344 
27394 1283 339 340 2894 
27395 2911 3025 2904 4600 
27396 958 208 207 2867 
27397 287 3015 2908 4597 
27398 333 334 1363 2897 
27399 1367 1352 1293 4577 
27400 205 2746 2821 4566 
27401 2917 2706 498 4544 
27402 274 18 2899 1230 
27403 962 220 221 3025 
27404 17 255 2741 1233 
27405 220 2904 3025 4600 
27406 3032 2625 14 429 
27407 3016 284 2906 4601 
27408 429 2979 2604 430 
27409 3029 247 246 1090 
27410 2730 2823 2870 4533 
27411 2728 19 299 1275 
27412 2886 305 20 1276 
27413 2873 422 13 2624 
27414 13 205 2873 1044 
27415 218 14 3032 1046 
27416 2917 3033 3013 4544 
27417 2759 2855 2874 4577 
27418 2603 422 2821 4566 
27419 2619 2624 2603 4566 
27420 2853 257 2742 4614 
27421 2873 2821 422 4566 
27422 2979 3032 429 4554 
27423 2604 2979 429 4554 
27424 2706 2721 2725 4544 
27425 2705 2724 2720 4577 
27426 2625 2620 2604 4554 
27427 4398 4491 4466 4493 
27428 4398 4466 4455 4493 
27429 4530 2788 2786 2787 
27430 4530 2786 2788 4488 
27431 4465 4483 4409 4399 
27432 4409 4483 4465 4442 
27433 4409 4431 4465 4399 
27434 4465 4431 4409 4442 
27435 4442 3012 2994 2960 
27436 4442 2994 3012 4409 
27437 2995 4483 2928 2931 
27438 2928 4483 2995 4438 
27439 4545 2965 4552 3009 
27440 4545 4552 2965 4424 
27441 4418 1341 4557 1261 
27442 4418 4557 1341 1372 
27443 4602 2946 2949 2947 
27444 4602 2949 2946 4539 
27445 4522 1010 4416 1049 
27446 4522 4416 1010 1059 
27447 4521 2781 2780 4427 
27448 4521 2780 2781 2859 
27449 4470 2786 4585 4405 
27450 4470 4585 2786 2783 
27451 4604 2681 4598 4484 
27452 4604 4598 2681 2683 
27453 4508 4433 2778 4506 
27454 4508 2778 4433 4482 
27455 4405 4435 2959 4469 
27456 2959 4435 4405 4565 
27457 2959 2941 4405 4469 
27458 4405 2941 2959 4565 
27459 4569 2806 2803 2860 
27460 1345 4451 1288 1356 
27461 1288 4451 1345 2887 
27462 4551 2851 2804 2776 
27463 4551 2804 2851 4511 
27464 4540 2808 4440 2792 
27465 4540 4440 2808 4513 
27466 2887 1280 336 3035 
27467 2887 336 1280 1345 
27468 4594 4417 2992 4524 
27469 4594 2992 4417 4481 
27470 4478 2939 2938 3017 
27471 4478 2938 2939 4426 
27472 4463 2609 4514 2626 
27473 4463 4514 2609 4411 
27474 4456 1342 1340 1314 
27475 4514 2609 4460 2618 
27476 4514 4460 2609 4411 
27477 4588 2872 4456 2832 
27478 4588 4456 2872 1340 
27479 4604 4478 2683 4521 
27480 4604 2683 4478 4598 
27481 4616 4450 2812 4402 
27482 4616 2812 4450 2842 
27483 1291 1277 293 1265 
27484 293 1277 1291 1368 
27485 1265 1341 4471 1261 
27486 1265 4471 1341 1291 
27487 4594 2992 2933 4524 
27488 4594 2933 2992 2968 
27489 4610 4456 2767 2798 
27490 2767 4456 4610 4488 
27491 2767 2838 4610 2798 
27492 4610 2838 2767 4488 
27493 4536 2628 2913 2695 
27494 4536 2913 2628 4532 
27495 4534 3038 2920 4520 
27496 4534 2920 3038 3037 
27497 4505 3039 2955 4457 
27498 4505 2955 3039 2935 
27499 3009 4552 2962 2934 
27500 2962 4552 3009 4545 
27501 4537 4436 2767 2846 
27502 4537 2767 4436 4400 
27503 1232 4452 254 1204 
27504 254 4452 1232 2898 
27505 4505 4546 3041 2935 
27506 3041 4546 4505 4419 
27507 4568 2989 4539 4451 
27508 4568 4539 2989 2949 
27509 4458 1223 1103 1209 
27510 4458 1103 1223 2907 
27511 1072 4465 1087 1067 
27512 1087 4465 1072 4442 
27513 4584 4422 4414 4503 
27514 4584 4414 4422 4445 
27515 2806 4585 4468 2803 
27516 4468 4585 2806 4530 
27517 4468 4569 2806 2803 
27518 2806 4569 4468 4530 
27519 4433 4527 4452 4403 
27520 4452 4527 4433 4410 
27521 2683 4478 2646 2674 
27522 2683 2646 4478 4598 
27523 1268 1339 297 1269 
27524 1268 297 1339 1290 
27525 4596 2631 2921 2654 
27526 4596 2921 2631 4528 
27527 2641 2819 4571 2652 
27528 2641 4571 2819 2737 
27529 4547 4571 2819 2652 
27530 4458 1174 1103 2900 
27531 4458 1103 1174 1220 
27532 4505 3041 2970 2935 
27533 4505 2970 3041 4458 
27534 2605 2734 425 2611 
27535 425 2734 2605 2847 
27536 4599 2645 2686 2693 
27537 4599 2686 2645 4476 
27538 2714 2986 493 2703 
27539 493 2986 2714 3021 
27540 4564 251 1098 4464 
27541 4564 1098 251 252 
27542 1233 4454 1112 2741 
27543 1112 4454 1233 1203 
27544 252 4470 1237 251 
27545 1237 4470 252 4469 
27546 2980 2607 433 2613 
27547 2980 433 2607 2892 
27548 4482 2750 2764 2743 
27549 4482 2764 2750 4434 
27550 2661 2977 4481 2895 
27551 4481 2977 2661 2633 
27552 1030 2621 182 1012 
27553 1030 182 2621 2619 
27554 4510 1141 1142 1143 
27555 4510 1142 1141 4486 
27556 4480 1247 1246 4477 
27557 4480 1246 1247 1253 
27558 2702 2828 486 2863 
27559 2702 486 2828 2718 
27560 4486 1196 1138 4445 
27561 4486 1138 1196 1140 
27562 1140 4525 1142 1157 
27563 1142 4525 1140 4486 
27564 4595 1086 1085 4442 
27565 4595 1085 1086 235 
27566 4593 1300 1326 1301 
27567 4593 1326 1300 4485 
27568 1153 4492 1212 1184 
27569 1212 4492 1153 4457 
27570 4602 2949 2950 2947 
27571 4602 2950 2949 4568 
27572 4498 1152 1133 1135 
27573 4498 1133 1152 4492 
27574 4587 1194 1148 4482 
27575 4587 1148 1194 1195 
27576 4595 234 1086 4491 
27577 4595 1086 234 235 
27578 2600 2892 432 3005 
27579 2600 432 2892 2607 
27580 4587 250 1226 1114 
27581 4587 1226 250 4464 
27582 4562 1136 1134 1156 
27583 4562 1134 1136 4498 
27584 4423 998 989 992 
27585 4423 989 998 4563 
27586 2847 2614 4500 2605 
27587 4500 2614 2847 2839 
27588 2615 3005 4543 2600 
27589 2615 4543 3005 2997 
27590 4544 3003 3010 2917 
27591 4544 3010 3003 4496 
27592 4522 1069 1062 1061 
27593 4522 1062 1069 4415 
27594 4504 1248 1252 1262 
27595 4504 1252 1248 4477 
27596 4573 1327 4502 1305 
27597 4573 4502 1327 4507 
27598 1311 4502 1327 1305 
27599 1311 1327 4502 4507 
27600 4544 4496 1336 4479 
27601 4544 1336 4496 1355 
27602 1361 1336 4496 4479 
27603 1361 4496 1336 1355 
27604 1252 4583 1274 1263 
27605 1274 4583 1252 4436 
27606 2870 1054 4495 2747 
27607 4495 1054 2870 1076 
27608 2870 4533 4495 1076 
27609 4580 253 1242 1239 
27610 4580 1242 253 4469 
27611 4455 4558 2781 2854 
27612 2781 4558 4455 4427 
27613 4512 1091 4415 1080 
27614 4512 4415 1091 4495 
27615 1069 4415 1091 1080 
27616 1069 1091 4415 4495 
27617 4588 1304 4593 4439 
27618 4588 4593 1304 1331 
27619 4588 1304 1328 1331 
27620 4588 1328 1304 4573 
27621 4510 4401 4486 4437 
27622 4510 4486 4401 4434 
27623 4583 250 1258 4470 
27624 4583 1258 250 1238 
27625 2905 4465 2982 2981 
27626 2982 4465 2905 4612 
27627 1197 4597 1165 1208 
27628 1165 4597 1197 4437 
27629 4455 2781 4493 2779 
27630 4455 4493 2781 4427 
27631 2780 4493 2781 2779 
27632 2780 2781 4493 4427 
27633 4609 4582 973 4443 
27634 477 4527 2958 2666 
27635 2958 4527 477 2919 
27636 4593 1331 4490 1302 
27637 4593 4490 1331 4588 
27638 1319 4490 1331 1302 
27639 1319 1331 4490 4588 
27640 4586 1035 997 4460 
27641 4586 997 1035 1001 
27642 4607 1169 4574 4444 
27643 2889 1273 4480 3030 
27644 4480 1273 2889 1235 
27645 1128 4608 1130 1155 
27646 1130 4608 1128 4448 
27647 4579 1067 1064 1066 
27648 4579 1064 1067 4465 
27649 4614 1119 4523 1117 
27650 4614 4523 1119 4450 
27651 4515 1043 997 996 
27652 4515 997 1043 4514 
27653 963 4526 4591 4467 
27654 963 4591 4526 3026 
27655 2890 4591 4526 4467 
27656 2890 4526 4591 3026 
27657 3026 4591 1016 963 
27658 1016 4591 3026 2890 
27659 1016 227 3026 963 
27660 3026 227 1016 2890 
27661 1232 2999 4452 1113 
27662 4452 2999 1232 2898 
27663 4496 2719 4412 2726 
27664 4496 4412 2719 4462 
27665 2710 4412 2719 2726 
27666 2710 2719 4412 4462 
27667 4572 984 987 1018 
27668 4572 987 984 4453 
27669 1036 4615 4559 1009 
27670 4559 4615 1036 4605 
27671 4566 4514 2618 2621 
27672 4566 2618 4514 4460 
27673 4549 2899 2957 4447 
27674 4549 2957 2899 3011 
27675 4601 2903 2923 3016 
27676 4601 2923 2903 4461 
27677 2872 1342 4456 2739 
27678 4456 1342 2872 1340 
27679 4541 3042 1081 2916 
27680 4541 1081 3042 1093 
27681 243 1081 3042 2916 
27682 243 3042 1081 1093 
27683 4544 1333 1355 4496 
27684 4544 1355 1333 1292 
27685 4572 211 2844 2727 
27686 4572 2844 211 961 
27687 218 4554 1046 3032 
27688 1046 4554 218 1027 
27689 4493 4426 234 4519 
27690 4566 205 1044 2873 
27691 4566 1044 205 968 
27692 4491 4493 4426 234 
27693 4426 4493 4491 4398 
27694 4426 4455 4493 4398 
27695 4493 4455 4426 4427 
27696 4571 2819 4446 4547 
27697 4571 4446 2819 2737 
27698 2794 4446 2819 4547 
27699 2794 2819 4446 2737 
27700 4495 2870 2823 4533 
27701 2823 2870 4495 2747 
27702 973 4609 4518 4582 
27703 4518 4609 973 974 
27704 4518 976 973 4582 
27705 973 976 4518 974 
27706 1169 1120 4489 4574 
27707 4489 1120 1169 1124 
27708 4489 4607 1169 4574 
27709 1169 4607 4489 1124 
$EndElements
