$MeshFormat
4.1 0 8
$EndMeshFormat
$PhysicalNames
9
2 1 "Bnd 0"
2 2 "Bnd 1"
2 3 "Bnd 2"
2 4 "Bnd 3"
2 5 "Itf 4"
2 6 "Itf 5"
3 1 "Dom 0"
3 2 "Dom 1"
3 3 "Dom 2"
$EndPhysicalNames
$Entities
22 36 18 3
1 0 0 0.25 0 
2 0 0 1 0 
3 0 1 1 0 
4 0 1 0 0 
5 0 0.25 0 0 
6 0 0.25 0.25 0 
7 0.75 0 0 0 
8 1 0 0 0 
9 1 0 1 0 
10 0.75 0 0.25 0 
11 0.25 1 1 0 
12 0.25 0.75 1 0 
13 1 0.75 1 0 
14 1 1 0 0 
15 1 1 0.75 0 
16 0.25 1 0.75 0 
17 0.75 0.25 0 0 
18 0.75 0.25 0.25 0 
19 1 0.75 0.75 0 
20 0.25 0.75 0.75 0 
21 0 0 0 0 
22 1 1 1 0 
1 -1e-07 -1e-07 0.2499999 1e-07 1e-07 1.0000001 0 2 1 -2 
2 -1e-07 -9.999999994736442e-08 0.9999999000000001 1e-07 1.0000001 1.0000001 0 2 2 -3 
3 -1e-07 0.9999999000000001 -9.999999994736442e-08 1e-07 1.0000001 1.0000001 0 2 4 -3 
4 -1e-07 0.2499999 -1e-07 1e-07 1.0000001 1e-07 0 2 5 -4 
5 -1e-07 0.2499999 -1.000000000028756e-07 1e-07 0.2500001 0.2500001 0 2 5 -6 
6 -1e-07 -1.000000000028756e-07 0.2499999 1e-07 0.2500001 0.2500001 0 2 1 -6 
7 0.7499999000000001 -1e-07 -1e-07 1.0000001 1e-07 1e-07 0 2 7 -8 
8 0.9999999000000001 -1e-07 -9.999999994736442e-08 1.0000001 1e-07 1.0000001 0 2 8 -9 
9 -9.999999994736442e-08 -1e-07 0.9999999000000001 1.0000001 1e-07 1.0000001 0 2 2 -9 
10 -1.000000000028756e-07 -1e-07 0.2499999 0.7500000999999999 1e-07 0.2500001 0 2 1 -10 
11 0.7499999000000001 -1e-07 -1.000000000028756e-07 0.7500000999999999 1e-07 0.2500001 0 2 7 -10 
12 -1.000000000028756e-07 0.9999999000000001 0.9999999000000001 0.2500001 1.0000001 1.0000001 0 2 3 -11 
13 0.2499999 0.7499999000000001 0.9999999000000001 0.2500001 1.0000001 1.0000001 0 2 12 -11 
14 0.2499999 0.7499999000000001 0.9999999000000001 1.0000001 0.7500000999999999 1.0000001 0 2 12 -13 
15 0.9999999000000001 -1.000000000028756e-07 0.9999999000000001 1.0000001 0.7500000999999999 1.0000001 0 2 9 -13 
16 0.9999999000000001 0.9999999000000001 -1.000000000028756e-07 1.0000001 1.0000001 0.7500000999999999 0 2 14 -15 
17 0.2499999 0.9999999000000001 0.7499999000000001 1.0000001 1.0000001 0.7500000999999999 0 2 16 -15 
18 0.2499999 0.9999999000000001 0.7499999000000001 0.2500001 1.0000001 1.0000001 0 2 16 -11 
19 -9.999999994736442e-08 0.9999999000000001 -1e-07 1.0000001 1.0000001 1e-07 0 2 4 -14 
20 0.9999999000000001 -9.999999994736442e-08 -1e-07 1.0000001 1.0000001 1e-07 0 2 8 -14 
21 0.7499999000000001 -1.000000000028756e-07 -1e-07 0.7500000999999999 0.2500001 1e-07 0 2 7 -17 
22 -1.000000000028756e-07 0.2499999 -1e-07 0.7500000999999999 0.2500001 1e-07 0 2 5 -17 
23 0.7499999000000001 0.2499999 -1.000000000028756e-07 0.7500000999999999 0.2500001 0.2500001 0 2 17 -18 
24 -1.000000000028756e-07 0.2499999 0.2499999 0.7500000999999999 0.2500001 0.2500001 0 2 6 -18 
25 0.7499999000000001 -1.000000000028756e-07 0.2499999 0.7500000999999999 0.2500001 0.2500001 0 2 10 -18 
26 0.9999999000000001 0.7499999000000001 0.7499999000000001 1.0000001 0.7500000999999999 1.0000001 0 2 19 -13 
27 0.9999999000000001 0.7499999000000001 0.7499999000000001 1.0000001 1.0000001 0.7500000999999999 0 2 19 -15 
28 0.2499999 0.7499999000000001 0.7499999000000001 0.2500001 0.7500000999999999 1.0000001 0 2 20 -12 
29 0.2499999 0.7499999000000001 0.7499999000000001 0.2500001 1.0000001 0.7500000999999999 0 2 20 -16 
30 0.2499999 0.7499999000000001 0.7499999000000001 1.0000001 0.7500000999999999 0.7500000999999999 0 2 20 -19 
31 -1e-07 -1e-07 -1.000000000028756e-07 1e-07 1e-07 0.2500001 0 2 21 -1 
32 -1e-07 -1.000000000028756e-07 -1e-07 1e-07 0.2500001 1e-07 0 2 21 -5 
33 -1.000000000028756e-07 -1e-07 -1e-07 0.7500000999999999 1e-07 1e-07 0 2 21 -7 
34 0.9999999000000001 0.7499999000000001 0.9999999000000001 1.0000001 1.0000001 1.0000001 0 2 13 -22 
35 0.9999999000000001 0.9999999000000001 0.7499999000000001 1.0000001 1.0000001 1.0000001 0 2 15 -22 
36 0.2499999 0.9999999000000001 0.9999999000000001 1.0000001 1.0000001 1.0000001 0 2 11 -22 
1 -1e-07 -9.999999994736442e-08 -9.999999994736442e-08 1e-07 1.0000001 1.0000001 1 2 6 -1 6 -5 4 3 -2 
2 -9.999999994736442e-08 -1e-07 -9.999999994736442e-08 1.0000001 1e-07 1.0000001 1 2 6 -7 11 -10 1 9 -8 
3 -9.999999994736442e-08 -9.999999994736442e-08 0.9999999000000001 1.0000001 1.0000001 1.0000001 1 4 6 -12 -2 9 15 -14 13 
4 -9.999999994736442e-08 0.9999999000000001 -9.999999994736442e-08 1.0000001 1.0000001 1.0000001 1 4 6 -16 -19 3 12 -18 17 
5 -9.999999994736442e-08 -9.999999994736442e-08 -1e-07 1.0000001 1.0000001 1e-07 1 2 6 -4 22 -21 7 20 -19 
6 -1.000000000028756e-07 0.2499999 -1.000000000028756e-07 0.7500000999999999 0.2500001 0.2500001 1 5 4 -22 5 24 -23 
7 -1.000000000028756e-07 -1.000000000028756e-07 0.2499999 0.7500000999999999 0.2500001 0.2500001 1 5 4 -6 10 25 -24 
8 0.9999999000000001 -9.999999994736442e-08 -9.999999994736442e-08 1.0000001 1.0000001 1.0000001 1 4 6 -15 -8 20 16 -27 26 
9 0.7499999000000001 -1.000000000028756e-07 -1.000000000028756e-07 0.7500000999999999 0.2500001 0.2500001 1 5 4 -11 21 23 -25 
10 0.2499999 0.7499999000000001 0.7499999000000001 0.2500001 1.0000001 1.0000001 1 6 4 -28 29 18 -13 
11 0.2499999 0.7499999000000001 0.7499999000000001 1.0000001 0.7500000999999999 1.0000001 1 6 4 -30 28 14 -26 
12 0.2499999 0.7499999000000001 0.7499999000000001 1.0000001 1.0000001 0.7500000999999999 1 6 4 -29 30 27 -17 
13 -1e-07 -1.000000000028756e-07 -1.000000000028756e-07 1e-07 0.2500001 0.2500001 1 1 4 -31 32 5 -6 
14 -1.000000000028756e-07 -1e-07 -1.000000000028756e-07 0.7500000999999999 1e-07 0.2500001 1 1 4 -33 31 10 -11 
15 -1.000000000028756e-07 -1.000000000028756e-07 -1e-07 0.7500000999999999 0.2500001 1e-07 1 1 4 -32 33 21 -22 
16 0.9999999000000001 0.7499999000000001 0.7499999000000001 1.0000001 1.0000001 1.0000001 1 3 4 -34 -26 27 35 
17 0.2499999 0.9999999000000001 0.7499999000000001 1.0000001 1.0000001 1.0000001 1 3 4 -35 -17 18 36 
18 0.2499999 0.7499999000000001 0.9999999000000001 1.0000001 1.0000001 1.0000001 1 3 4 -36 -13 14 34 
2 -1.000000000028756e-07 -1.000000000028756e-07 -1.000000000028756e-07 0.7500000999999999 0.2500001 0.2500001 1 2 6 -13 9 -14 6 -15 7 
3 0.2499999 0.7499999000000001 0.7499999000000001 1.0000001 1.0000001 1.0000001 1 3 6 -10 16 -11 17 -12 18 
4 -9.999999994736442e-08 -9.999999994736442e-08 -9.999999994736442e-08 1.0000001 1.0000001 1.0000001 1 1 12 -1 -2 3 4 -5 -6 -7 8 -9 10 11 12 
$EndEntities
$Nodes
79 2700 1 2700
0 1 0 1
1
0 0 0.25
0 2 0 1
2
0 0 1
0 3 0 1
3
0 1 1
0 4 0 1
4
0 1 0
0 5 0 1
5
0 0.25 0
0 6 0 1
6
0 0.25 0.25
0 7 0 1
7
0.75 0 0
0 8 0 1
8
1 0 0
0 9 0 1
9
1 0 1
0 10 0 1
10
0.75 0 0.25
0 11 0 1
11
0.25 1 1
0 12 0 1
12
0.25 0.75 1
0 13 0 1
13
1 0.75 1
0 14 0 1
14
1 1 0
0 15 0 1
15
1 1 0.75
0 16 0 1
16
0.25 1 0.75
0 17 0 1
17
0.75 0.25 0
0 18 0 1
18
0.75 0.25 0.25
0 19 0 1
19
1 0.75 0.75
0 20 0 1
20
0.25 0.75 0.75
0 21 0 1
21
0 0 0
0 22 0 1
22
1 1 1
1 1 0 9
23
24
25
26
27
28
29
30
31
0 0 0.325
0 0 0.4
0 0 0.475
0 0 0.55
0 0 0.625
0 0 0.7
0 0 0.775
0 0 0.85
0 0 0.925
1 2 0 13
32
33
34
35
36
37
38
39
40
41
42
43
44
0 0.07142857142857133 1
0 0.1428571428571426 1
0 0.214285714285714 1
0 0.2857142857142854 1
0 0.3571428571428566 1
0 0.4285714285714277 1
0 0.4999999999999988 1
0 0.57142857142857 1
0 0.6428571428571415 1
0 0.7142857142857132 1
0 0.7857142857142848 1
0 0.8571428571428565 1
0 0.9285714285714283 1
1 3 0 13
45
46
47
48
49
50
51
52
53
54
55
56
57
0 1 0.07142857142857133
0 1 0.1428571428571426
0 1 0.214285714285714
0 1 0.2857142857142854
0 1 0.3571428571428566
0 1 0.4285714285714277
0 1 0.4999999999999988
0 1 0.57142857142857
0 1 0.6428571428571415
0 1 0.7142857142857132
0 1 0.7857142857142848
0 1 0.8571428571428565
0 1 0.9285714285714283
1 4 0 9
58
59
60
61
62
63
64
65
66
0 0.325 0
0 0.4 0
0 0.475 0
0 0.55 0
0 0.625 0
0 0.7 0
0 0.775 0
0 0.85 0
0 0.925 0
1 5 0 3
67
68
69
0 0.25 0.06249999999999992
0 0.25 0.1249999999999997
0 0.25 0.1874999999999997
1 6 0 3
70
71
72
0 0.06249999999999992 0.25
0 0.1249999999999997 0.25
0 0.1874999999999997 0.25
1 7 0 3
73
74
75
0.8124999999999999 0 0
0.8749999999999997 0 0
0.9374999999999998 0 0
1 8 0 13
76
77
78
79
80
81
82
83
84
85
86
87
88
1 0 0.07142857142857133
1 0 0.1428571428571426
1 0 0.214285714285714
1 0 0.2857142857142854
1 0 0.3571428571428566
1 0 0.4285714285714277
1 0 0.4999999999999988
1 0 0.57142857142857
1 0 0.6428571428571415
1 0 0.7142857142857132
1 0 0.7857142857142848
1 0 0.8571428571428565
1 0 0.9285714285714283
1 9 0 13
89
90
91
92
93
94
95
96
97
98
99
100
101
0.07142857142857133 0 1
0.1428571428571426 0 1
0.214285714285714 0 1
0.2857142857142854 0 1
0.3571428571428566 0 1
0.4285714285714277 0 1
0.4999999999999988 0 1
0.57142857142857 0 1
0.6428571428571415 0 1
0.7142857142857132 0 1
0.7857142857142848 0 1
0.8571428571428565 0 1
0.9285714285714283 0 1
1 10 0 9
102
103
104
105
106
107
108
109
110
0.075 0 0.25
0.15 0 0.25
0.225 0 0.25
0.3 0 0.25
0.375 0 0.25
0.45 0 0.25
0.525 0 0.25
0.6 0 0.25
0.675 0 0.25
1 11 0 3
111
112
113
0.75 0 0.06249999999999992
0.75 0 0.1249999999999997
0.75 0 0.1874999999999997
1 12 0 3
114
115
116
0.06249999999999992 1 1
0.1249999999999997 1 1
0.1874999999999997 1 1
1 13 0 3
117
118
119
0.25 0.8124999999999999 1
0.25 0.8749999999999997 1
0.25 0.9374999999999998 1
1 14 0 9
120
121
122
123
124
125
126
127
128
0.325 0.75 1
0.4 0.75 1
0.475 0.75 1
0.55 0.75 1
0.625 0.75 1
0.7 0.75 1
0.775 0.75 1
0.85 0.75 1
0.925 0.75 1
1 15 0 9
129
130
131
132
133
134
135
136
137
1 0.075 1
1 0.15 1
1 0.225 1
1 0.3 1
1 0.375 1
1 0.45 1
1 0.525 1
1 0.6 1
1 0.675 1
1 16 0 9
138
139
140
141
142
143
144
145
146
1 1 0.075
1 1 0.15
1 1 0.225
1 1 0.3
1 1 0.375
1 1 0.45
1 1 0.525
1 1 0.6
1 1 0.675
1 17 0 9
147
148
149
150
151
152
153
154
155
0.325 1 0.75
0.4 1 0.75
0.475 1 0.75
0.55 1 0.75
0.625 1 0.75
0.7 1 0.75
0.775 1 0.75
0.85 1 0.75
0.925 1 0.75
1 18 0 3
156
157
158
0.25 1 0.8124999999999999
0.25 1 0.8749999999999997
0.25 1 0.9374999999999998
1 19 0 13
159
160
161
162
163
164
165
166
167
168
169
170
171
0.07142857142857133 1 0
0.1428571428571426 1 0
0.214285714285714 1 0
0.2857142857142854 1 0
0.3571428571428566 1 0
0.4285714285714277 1 0
0.4999999999999988 1 0
0.57142857142857 1 0
0.6428571428571415 1 0
0.7142857142857132 1 0
0.7857142857142848 1 0
0.8571428571428565 1 0
0.9285714285714283 1 0
1 20 0 13
172
173
174
175
176
177
178
179
180
181
182
183
184
1 0.07142857142857133 0
1 0.1428571428571426 0
1 0.214285714285714 0
1 0.2857142857142854 0
1 0.3571428571428566 0
1 0.4285714285714277 0
1 0.4999999999999988 0
1 0.57142857142857 0
1 0.6428571428571415 0
1 0.7142857142857132 0
1 0.7857142857142848 0
1 0.8571428571428565 0
1 0.9285714285714283 0
1 21 0 3
185
186
187
0.75 0.06249999999999992 0
0.75 0.1249999999999997 0
0.75 0.1874999999999997 0
1 22 0 9
188
189
190
191
192
193
194
195
196
0.075 0.25 0
0.15 0.25 0
0.225 0.25 0
0.3 0.25 0
0.375 0.25 0
0.45 0.25 0
0.525 0.25 0
0.6 0.25 0
0.675 0.25 0
1 23 0 3
197
198
199
0.75 0.25 0.06249999999999992
0.75 0.25 0.1249999999999997
0.75 0.25 0.1874999999999997
1 24 0 9
200
201
202
203
204
205
206
207
208
0.075 0.25 0.25
0.15 0.25 0.25
0.225 0.25 0.25
0.3 0.25 0.25
0.375 0.25 0.25
0.45 0.25 0.25
0.525 0.25 0.25
0.6 0.25 0.25
0.675 0.25 0.25
1 25 0 3
209
210
211
0.75 0.06249999999999992 0.25
0.75 0.1249999999999997 0.25
0.75 0.1874999999999997 0.25
1 26 0 3
212
213
214
1 0.75 0.8124999999999999
1 0.75 0.8749999999999997
1 0.75 0.9374999999999998
1 27 0 3
215
216
217
1 0.8124999999999999 0.75
1 0.8749999999999997 0.75
1 0.9374999999999998 0.75
1 28 0 3
218
219
220
0.25 0.75 0.8124999999999999
0.25 0.75 0.8749999999999997
0.25 0.75 0.9374999999999998
1 29 0 3
221
222
223
0.25 0.8124999999999999 0.75
0.25 0.8749999999999997 0.75
0.25 0.9374999999999998 0.75
1 30 0 9
224
225
226
227
228
229
230
231
232
0.325 0.75 0.75
0.4 0.75 0.75
0.475 0.75 0.75
0.55 0.75 0.75
0.625 0.75 0.75
0.7 0.75 0.75
0.775 0.75 0.75
0.85 0.75 0.75
0.925 0.75 0.75
1 31 0 3
233
234
235
0 0 0.06249999999999992
0 0 0.1249999999999997
0 0 0.1874999999999997
1 32 0 3
236
237
238
0 0.06249999999999992 0
0 0.1249999999999997 0
0 0.1874999999999997 0
1 33 0 9
239
240
241
242
243
244
245
246
247
0.075 0 0
0.15 0 0
0.225 0 0
0.3 0 0
0.375 0 0
0.45 0 0
0.525 0 0
0.6 0 0
0.675 0 0
1 34 0 3
248
249
250
1 0.8124999999999999 1
1 0.8749999999999997 1
1 0.9374999999999998 1
1 35 0 3
251
252
253
1 1 0.8124999999999999
1 1 0.8749999999999997
1 1 0.9374999999999998
1 36 0 9
254
255
256
257
258
259
260
261
262
0.325 1 1
0.4 1 1
0.475 1 1
0.55 1 1
0.625 1 1
0.7 1 1
0.775 1 1
0.85 1 1
0.925 1 1
2 1 0 182
263
264
265
266
267
268
269
270
271
272
273
274
275
276
277
278
279
280
281
282
283
284
285
286
287
288
289
290
291
292
293
294
295
296
297
298
299
300
301
302
303
304
305
306
307
308
309
310
311
312
313
314
315
316
317
318
319
320
321
322
323
324
325
326
327
328
329
330
331
332
333
334
335
336
337
338
339
340
341
342
343
344
345
346
347
348
349
350
351
352
353
354
355
356
357
358
359
360
361
362
363
364
365
366
367
368
369
370
371
372
373
374
375
376
377
378
379
380
381
382
383
384
385
386
387
388
389
390
391
392
393
394
395
396
397
398
399
400
401
402
403
404
405
406
407
408
409
410
411
412
413
414
415
416
417
418
419
420
421
422
423
424
425
426
427
428
429
430
431
432
433
434
435
436
437
438
439
440
441
442
443
444
0 0.5272512028017105 0.9447352175843796
0 0.9397823747812983 0.4636050229525087
0 0.0651374064655721 0.5769442353558611
0 0.5832503298791752 0.0749263252282083
0 0.9341735362795252 0.674787824450054
0 0.3220244857351441 0.9368477064517932
0 0.9320602826392651 0.2472405493385612
0 0.2173594428276009 0.3085117680456397
0 0.2867427396486273 0.3086074952513581
0 0.7451140865162389 0.9387307688925874
0 0.2502450688247559 0.3713534235029959
0 0.3242216930699857 0.3710680893566677
0 0.286743991898513 0.4356596683009831
0 0.3616210676308301 0.435646760457908
0 0.3239476389449026 0.5005900722351981
0 0.398943190970643 0.5007966200752382
0 0.4366169870181199 0.435762937088906
0 0.4739415853588763 0.5009968939529874
0 0.5116314140184878 0.4361518847744693
0 0.5489447413674104 0.5012548470383952
0 0.586634140055786 0.4364060954586178
0 0.4362539602875787 0.5658673430270793
0 0.6239443155289883 0.5014732964768737
0 0.3593436373401371 0.3055071143482637
0 0.5862543779202132 0.5663160818056869
0 0.06754058096145396 0.7361305881493455
0 0.7375 0.06495190528383285
0 0.6616343192972872 0.4366312788879435
0 0.6243246484780138 0.3715698137677101
0 0.6612540553996669 0.5665356551108817
0 0.6235640473347754 0.6313776350458504
0 0.3066151959246586 0.1575797672301561
0 0.6993244184814845 0.3717903452798424
0 0.6605820280942065 0.3058962666720079
0 0.1785714285714283 0.9381410425868258
0 0.6985637279725516 0.6315972598670987
0 0.6608737086795309 0.6964391139776717
0 0.5858740306332373 0.6962195147658178
0 0.940139356935372 0.8254354842059876
0 0.5861434506141542 0.3048935834580955
0 0.736253750322142 0.5667554382994743
0 0.7358733879728434 0.6966587264146362
0 0.2116959601141654 0.4349865548819143
0 0.7369982154430927 0.3069393999772414
0 0.6231836880317189 0.7612809528176823
0 0.5481840097595503 0.7610613510605574
0 0.4313910751916707 0.06245039349220631
0 0.7743241394917333 0.3720104030140212
0 0.6980305712962735 0.2409143008941649
0 0.7746452859097772 0.2420726977530736
0 0.05125872478792276 0.3553749244794236
0 0.8876981369032855 0.05958619231288746
0 0.5108743532766032 0.695999922551526
0 0.473184331596678 0.760841750421772
0 0.4737247796926925 0.36738737088328
0 0.4358745804470351 0.6957802561127538
0 0.3981846373321181 0.7606221354232062
0 0.3608749965839891 0.6955607174259041
0 0.3231849719822402 0.7604025404110423
0 0.2858752707258418 0.6953409563685931
0 0.2508953221664815 0.7586288349499746
0 0.2140373370929005 0.6933083891569695
0 0.4354943069949321 0.8256835734069123
0 0.2490925405859179 0.6299761024517877
0 0.8858054346756367 0.9320919416408736
0 0.0602649800428467 0.8885746388775149
0 0.5855007436581704 0.8237057623310273
0 0.6605012298060252 0.8236495453239039
0 0.2859538377009107 0.8225214397982696
0 0.2038662438973496 0.8182768287205254
0 0.1765797496729077 0.6288345244144808
0 0.2117701288004906 0.5647791025462212
0 0.7373948444746211 0.1770457211621118
0 0.8123945229719857 0.1772653237388035
0 0.6623951659772565 0.1768261185854374
0 0.6295676000553359 0.8816581168927639
0 0.8513586349101536 0.243813392197236
0 0.8873942014693518 0.1774849263154993
0 0.8862873462274503 0.3117473183949038
0 0.2489135279703438 0.8894205918848987
0 0.1818594400656282 0.3722883156845608
0 0.1414057548761836 0.436921955284971
0 0.1370450306945327 0.6954705713152117
0 0.3152106952151198 0.2328208124162378
0 0.392184042504709 0.2379384350737818
0 0.4335771973639123 0.300639651607622
0 0.4665157328525326 0.231261710902984
0 0.424459442006451 0.1722705974219023
0 0.4983738686158143 0.1648263418083296
0 0.5415054190246414 0.2240925153266994
0 0.5781150025942852 0.1584336815380174
0 0.1747612348159947 0.5000835701566009
0 0.1040654827277142 0.5043818684720373
0 0.5095380653553102 0.295035673891164
0 0.6161086714753181 0.2366711496633528
0 0.3981842270192796 0.3693353206237745
0 0.8126574722720601 0.3081062278708404
0 0.2491957572732483 0.5002549254767527
0 0.3612549814735185 0.5656502453150339
0 0.4735644042780737 0.630936797868399
0 0.3985646635952709 0.6307156180550884
0 0.5486660830357406 0.3685740703722227
0 0.6989440978902088 0.5016940542505521
0 0.7739437756572497 0.5019136512676268
0 0.811253432188321 0.5669750792986865
0 0.8439842267651099 0.5015844684797002
0 0.8820021552380941 0.5578117560325624
0 0.8614575268370621 0.6339739267533945
0 0.809322776507287 0.4363799328622254
0 0.5112539074592262 0.5660883440850079
0 0.736248921220875 0.4367366109270352
0 0.6981846806093988 0.7610517494919322
0 0.7731832643115311 0.761645362688777
0 0.7354968524848724 0.8252543260425138
0 0.8166168487889631 0.8254830608232685
0 0.8499062017179819 0.7569906068418855
0 0.5485641868170213 0.6311563826870479
0 0.5105022443270759 0.8230833220498642
0 0.4805306439782734 0.885227957407984
0 0.3978042876503955 0.8905254000259404
0 0.3605783229628934 0.8225462377669454
0 0.6625000000000001 0.06495190528383282
0 0.06410842802391134 0.6605411184310022
0 0.1334972145553432 0.7779765399683085
0 0.065638229565159 0.8137540241491826
0 0.1336516473486612 0.8653670024100422
0 0.5046535796925825 0.06266742032762579
0 0.8125268644588244 0.06300321760528595
0 0.354957080206677 0.05189751953286399
0 0.8108730675377464 0.6968783420068291
0 0.7757124821384443 0.6321397954400199
0 0.2863116668796577 0.5653943710165306
0 0.3236623533073659 0.6304396684388228
0 0.1395677959678335 0.5660796770301926
0 0.848345820475075 0.3729846205646015
0 0.9289685874934995 0.3840591491511389
0 0.6728017723668348 0.9413964576573495
0 0.8214285714285701 0.9381410425868266
0 0.9264060117165291 0.7521643987186235
0 0.06553776858357209 0.4377946787933565
0 0.09086076378264918 0.3045642525888358
0 0.9365185831621567 0.1109674155835199
0 0.1063558642490502 0.939946775958212
0 0.9370017220458868 0.602762251206001
0 0.3051328490738666 0.09202700174466624
0 0.1535809174306418 0.3109580566060166
0 0.9416497640968977 0.8921137515037156
0 0.8792526720999239 0.8610826370867575
0 0.9443771139206397 0.5357142857142843
0 0.8519318672459426 0.1182300962479743
0 0.7753011655914321 0.1202433338295631
0 0.700413111336661 0.1208558229024479
0 0.8787394568404667 0.4406038883796112
0 0.8765791009119162 0.7028006470317918
0 0.6306056648299196 0.1204253158616514
0 0.9511946134541547 0.1785671496760874
0 0.7738716078021729 0.8815795995137174
0 0.9496599931264255 0.3214285714285711
0 0.7028921915052466 0.8820448023871394
0 0.3633389565911737 0.1842528694096094
0 0.5986253995532342 0.9407087138484289
0 0.5553296390622999 0.8831865150190745
0 0.2499018884553832 0.9528818681847036
0 0.4545024509764912 0.9452441822348516
0 0.392009102015263 0.954523457742517
0 0.3230548924039375 0.8723722751855695
0 0.3795704818431766 0.1220250232368404
0 0.1164876821649515 0.6255740253093497
0 0.1878682296813214 0.7487322328221979
0 0.1912507119469457 0.8778013664005729
0 0.4566216328381603 0.1208638266805943
0 0.9480743382460675 0.9480743382460675
0 0.04507732089243591 0.5106245696552301
0 0.05136141524565103 0.9475979718748904
0 0.9475979718748903 0.05136141524565112
0 0.1171485827669841 0.3764723271469217
0 0.8832185469132006 0.8048684241987774
0 0.5316584402464893 0.1177639765647459
0 0.2970179858561087 0.04128490425550603
0 0.04092389771411437 0.2969878354136519
0 0.8289856177420232 0.8851081507897884
0 0.9005351780581268 0.5021223414690055
2 2 0 157
445
446
447
448
449
450
451
452
453
454
455
456
457
458
459
460
461
462
463
464
465
466
467
468
469
470
471
472
473
474
475
476
477
478
479
480
481
482
483
484
485
486
487
488
489
490
491
492
493
494
495
496
497
498
499
500
501
502
503
504
505
506
507
508
509
510
511
512
513
514
515
516
517
518
519
520
521
522
523
524
525
526
527
528
529
530
531
532
533
534
535
536
537
538
539
540
541
542
543
544
545
546
547
548
549
550
551
552
553
554
555
556
557
558
559
560
561
562
563
564
565
566
567
568
569
570
571
572
573
574
575
576
577
578
579
580
581
582
583
584
585
586
587
588
589
590
591
592
593
594
595
596
597
598
599
600
601
0.3884171842970586 0 0.9380719849433816
0.6062692499656369 0 0.9391391366881743
0.4845124904014586 0 0.3077878613622376
0.9333925423431266 0 0.6080101986300264
0.06310240248466648 0 0.583429738263836
0.7112276933965357 0 0.3104337795889253
0.2618025036132218 0 0.3124630977476078
0.0615285299169788 0 0.742312011619207
0.9381410425868256 0 0.7499999999999991
0.749999999999999 0 0.9392645851349659
0.2499999999999997 0 0.938141042586826
0.9318076465555767 0 0.4537541085073363
0.0639771967343245 0 0.4375811545221918
0.7837370447279401 0 0.3132045685717431
0.7453899220816629 0 0.374895073684725
0.6706498400909169 0 0.3723638856505422
0.7049281135007772 0 0.4380051749735435
0.6295537435635292 0 0.434065798578613
0.6634986637901452 0 0.5010136704810156
0.5884907943773762 0 0.4968061753774158
0.6223591490509343 0 0.563804070850951
0.5473987455038356 0 0.5595579400787669
0.5811929525448076 0 0.6265140058756695
0.506292819529902 0 0.6222967353198449
0.4724958446115875 0 0.5553417431340629
0.4314095632565292 0 0.6180865136879686
0.6561421813353517 0 0.6308079633890393
0.3976142413767501 0 0.5511308948557733
0.3565275775271203 0 0.6138765421034231
0.3227323247202745 0 0.5469227169453521
0.465204830594479 0 0.6850409099294416
0.6149859899926058 0 0.6934768891344025
0.6898497993274129 0 0.6976697071208982
0.2816457373726213 0 0.6096670272774165
0.315440933520087 0 0.6766213526564929
0.7391376563449605 0 0.5048559457808268
0.8041265877365273 0 0.1562499999999998
0.3638170053318316 0 0.4841768382828529
0.2478505228946486 0 0.5427133081321102
0.2405591592456932 0 0.6724116869051474
0.2743543428624607 0 0.7393660406114524
0.6487662749033195 0 0.7604172115011623
0.7236455478138476 0 0.7646244946962534
0.7647293741699652 0 0.7019198870197711
0.9400984147035647 0 0.2468107628230005
0.06005261598438705 0 0.8884896644458042
0.9340164456435389 0 0.8909012091784447
0.5738849966986219 0 0.7562080617438817
0.3492361237192658 0 0.7435757417128898
0.798021508178449 0 0.7690953948189257
0.9480607495198888 0 0.104198148075658
0.8198708309408165 0 0.3756092628861398
0.3081690297877491 0 0.8059734921146881
0.2332905139777207 0 0.8017059830709647
0.3830851485556295 0 0.8095729520621691
0.5553517436846758 0 0.4310630005076121
0.682375007240452 0 0.8250289790643156
0.1145403850633364 0 0.3208452060288171
0.8252192446240448 0 0.2608823868067207
0.8437500000000001 0 0.05412658773652722
0.8351172279115066 0 0.7069775817936123
0.8045521791147845 0 0.6392502582037279
0.3475682865978346 0 0.8721165988413185
0.780767044370879 0 0.4405361761131374
0.81396361664349 0 0.5094592633309336
0.8559955699332016 0 0.4414274972293474
0.8927745495245732 0 0.3832159515525515
0.5956571522640817 0 0.3713856740013326
0.7722438145845839 0 0.5722663321796051
0.8598895248545113 0 0.5729415133873484
0.6974704566585632 0 0.5681064745600226
0.5137049201628375 0 0.4927978235396533
0.4793705608736156 0 0.4277029484803679
0.438650376590613 0 0.4887632351681308
0.4036068442789347 0 0.4224516862373565
0.3303794226912816 0 0.4196541131250354
0.3685316737702807 0 0.363297118251662
0.5400935538258527 0 0.6892552994973308
0.4990010652248976 0 0.7519961493198704
0.5328722747949222 0 0.8175899210636099
0.4579857977625544 0 0.813454509684315
0.4958394977433769 0 0.8770125761776717
0.4241257344432432 0 0.7476493401115843
0.7560606882198597 0 0.827599834761956
0.8262781057309928 0 0.8318608056011183
0.3903241271767874 0 0.6808084000336333
0.2072829129603528 0 0.6057972582035832
0.1761788363975586 0 0.5410659903957961
0.2145898241500866 0 0.476186429255914
0.1632192152844011 0 0.6677220072176576
0.1329402650263608 0 0.474812838004551
0.1823623549964521 0 0.4126752101164348
0.200310348535595 0 0.7343811563400686
0.1650251058618262 0 0.7935870517256076
0.2000479835600686 0 0.8655856380973044
0.07927126929740039 0 0.6641329284360112
0.06228909908079942 0 0.5113526029873743
0.05898281257600264 0 0.814866878709636
0.1875 0 0.3149519052838329
0.60778176972534 0 0.8206403315495397
0.2890846584120245 0 0.480444770742719
0.2563604935544977 0 0.4173182684907603
0.7308313008651102 0 0.635003437078844
0.6782821343655032 0 0.9405305025615658
0.9405482594960027 0 0.6787159854859557
0.1785714285714283 0 0.9381410425868257
0.5345936197096619 0 0.9391061763525503
0.9382702199193531 0 0.8167668270571152
0.8218173171243744 0 0.941814454693765
0.9400275876305755 0 0.1773994402190355
0.9381410425868266 0 0.5357142857142844
0.2740162243625058 0 0.8695586500067511
0.9326286237953598 0 0.3210624247170081
0.8741482729778031 0 0.1218388890674505
0.320313038384315 0 0.9390475190683458
0.8739889415942056 0 0.7758937428446429
0.8567234398711731 0 0.3202419068427685
0.1346832492422571 0 0.6028405718014614
0.05838842785643437 0 0.3647651020191244
0.8780848028610533 0 0.6533635419643973
0.1048953996670819 0 0.9384894008145187
0.8667252382440221 0 0.2053806249089229
0.4228636048736945 0 0.8755480376012469
0.6347573229754828 0 0.3108979682463522
0.9078681704162818 0 0.05264631843232024
0.8924251609920442 0 0.9436893395659445
0.4617142225325364 0 0.9382897958458083
0.5608008832975045 0 0.310042698818477
0.445566650578049 0 0.3657332718898206
0.5690796671612323 0 0.8786761623965398
0.1320528632948682 0 0.7271801995020299
0.1251012239153113 0 0.8567077259795927
0.6425140012912465 0 0.8810759529952787
0.5202099135165641 0 0.3689525758433079
0.8799594801147214 0 0.5026593336338501
0.8000400789301396 0 0.09374999999999981
0.4083247650452658 0 0.3075542739133855
0.7158243528052242 0 0.8834322347330895
0.3355562643991743 0 0.307857666574745
0.1169091747732796 0 0.4002604409960722
0.7883981308113432 0 0.8857508924605266
0.9520781007718794 0 0.3928571428571421
0.8604083209876097 0 0.8905334398382651
0.2984370559093529 0 0.3637735712829765
0.1137147302394448 0 0.5472918871336671
0.2235172708592623 0 0.3634674133916685
0.05490381056766576 0 0.3049038105676657
0.9480743382460675 0 0.9480743382460675
0.05136141524565112 0 0.9475979718748903
0.8950090834463884 0 0.7142857142857133
0.1599088803761395 0 0.3610599823952185
0.1072145056393387 0 0.7766918702132125
0.88659240677514 0 0.8411912049039172
0.8842789922476328 0 0.2708756212196842
0.795434954034691 0 0.0454349540346911
0.9586857839872341 0 0.04565460758730991
0.7992142141209189 0 0.2120026023431286
2 3 0 157
602
603
604
605
606
607
608
609
610
611
612
613
614
615
616
617
618
619
620
621
622
623
624
625
626
627
628
629
630
631
632
633
634
635
636
637
638
639
640
641
642
643
644
645
646
647
648
649
650
651
652
653
654
655
656
657
658
659
660
661
662
663
664
665
666
667
668
669
670
671
672
673
674
675
676
677
678
679
680
681
682
683
684
685
686
687
688
689
690
691
692
693
694
695
696
697
698
699
700
701
702
703
704
705
706
707
708
709
710
711
712
713
714
715
716
717
718
719
720
721
722
723
724
725
726
727
728
729
730
731
732
733
734
735
736
737
738
739
740
741
742
743
744
745
746
747
748
749
750
751
752
753
754
755
756
757
758
0.6115828142425672 0.06192801538405522 1
0.3937307814152758 0.06086087182508885 1
0.5154878049490151 0.6922131984787772 1
0.06660745765687348 0.3919898013699717 1
0.9368976021411406 0.4165702879366222 1
0.2887723066034643 0.689566220411075 1
0.7381974230487278 0.6875370334217938 1
0.9384714700826421 0.2576879883795658 1
0.7499999999999991 0.06185895741317435 1
0.06185895741317406 0.2499999999999997 1
0.2499999999999997 0.06073541486499261 1
0.06819235344442322 0.5462458914926623 1
0.9360232850727199 0.5624186130767919 1
0.2162629552720599 0.6867954314282568 1
0.2546100779183372 0.625104926315275 1
0.3293585910192735 0.6276328708449677 1
0.2950732916842547 0.5619942844423749 1
0.3704462564364711 0.5659342014213876 1
0.3365015704073607 0.4989862394216379 1
0.4115092446555417 0.5031938096063603 1
0.3776408964874703 0.4361959116301211 1
0.4526012685913851 0.4404420544987081 1
0.4188070555362334 0.373485991484565 1
0.4937071809485833 0.377703264638531 1
0.5275041553884133 0.4446582568659378 1
0.5685904368232191 0.3819134863050946 1
0.3438578276012228 0.3691920332511789 1
0.6023857586365418 0.4488691051430714 1
0.643472422488387 0.3861234578952289 1
0.6772677070464717 0.4530784885359175 1
0.5347951974094869 0.3149591148746002 1
0.3850140109857669 0.306523111049483 1
0.3101502006725878 0.3023302928791026 1
0.7183542059839223 0.3903331123858318 1
0.6845590570419224 0.3233786706204911 1
0.2608626168854629 0.4951439491056018 1
0.1958734122634728 0.84375 1
0.6361807496230424 0.5158238170757942 1
0.7521497158644797 0.4572879855712113 1
0.7594408429019948 0.3275883082376637 1
0.7256456559220288 0.2606339624582368 1
0.3512337431027225 0.2395827783347973 1
0.2763544551797581 0.2353755036132932 1
0.2352706263289693 0.2980801126984868 1
0.05990158529643481 0.7531892371769981 1
0.9399473840156396 0.1115103355542943 1
0.06598355435457011 0.1090987908205509 1
0.4261150558127121 0.2437919489241458 1
0.6507638895016605 0.2564242724982649 1
0.2019784923914952 0.2309046048679761 1
0.05193925048011079 0.895801851924341 1
0.1801291690591836 0.6243907371138604 1
0.6918309722131557 0.1940265107654534 1
0.7667094861526178 0.1982940179205265 1
0.6169148866317725 0.1904270762106042 1
0.444656647846859 0.5689337804269534 1
0.317625008225218 0.1749710123989268 1
0.8854600323286754 0.6791548702863245 1
0.174780755375955 0.7391176131932786 1
0.1562499999999997 0.9458734122634727 1
0.1648827722676106 0.2930224181144426 1
0.1954478209982244 0.3607497417339905 1
0.6524317178964482 0.1278834065178539 1
0.2192331554404849 0.5594637470180943 1
0.1860363833565106 0.4905407366690664 1
0.1440044422030571 0.5585724981017529 1
0.1072254524981363 0.6167840476692978 1
0.4043467189564653 0.6286139187429016 1
0.2277562309726552 0.4277336502910861 1
0.1401104816698098 0.4270584840995661 1
0.3025295949962117 0.431893505574422 1
0.4862964872804414 0.5072016365429831 1
0.5206286153963875 0.57229763938106 1
0.56134770781109 0.5112376965807851 1
0.5963886380878709 0.5775510606369415 1
0.6696171315350563 0.5803498165979952 1
0.6314660256591804 0.6367044125383274 1
0.711003004816976 0.5196288455942846 1
0.7859352149684906 0.5241749542304062 1
0.8239063237147284 0.4589795269478916 1
0.8671475947688471 0.5252451674582947 1
0.8168986848378748 0.585847668238977 1
0.7436228400847302 0.5825603056651393 1
0.4599064759553285 0.3107447198067131 1
0.5009990108729402 0.2480039043336947 1
0.4671278403582424 0.1824101151491739 1
0.3922183072223503 0.1793596604095171 1
0.5420142792098488 0.1865455318356602 1
0.5041605638816723 0.1229874454030647 1
0.5758743366830532 0.2523507072039552 1
0.2439393149459613 0.1724001634860656 1
0.173721894889517 0.168139194060145 1
0.6096758899912882 0.3191916182329391 1
0.7992799552610588 0.2655388444407534 1
0.8366592861985623 0.3324505175364512 1
0.8349066114590161 0.2063996152354015 1
0.7999438875651308 0.1344127747543618 1
0.8125000000000002 0.6850480947161669 1
0.9377256593339303 0.4886570197073344 1
0.9410171874238579 0.1851331212898523 1
0.9207113492170778 0.3358917531704926 1
0.7932357382149539 0.3945424741994807 1
0.2691687169283118 0.3649965560713778 1
0.1781826828755766 0.05818554530687844 1
0.05997241236942428 0.822600559780963 1
0.8214285714285702 0.06185895741317351 1
0.4654064135514001 0.06089383331066133 1
0.06172978007828121 0.183233172947252 1
0.06185895741317372 0.4642857142857133 1
0.05945174050399711 0.3212840145140426 1
0.3217178711810664 0.05946949907272781 1
0.7259828087030579 0.1304411621459244 1
0.06737137649359864 0.6789375751718264 1
0.1258517270221966 0.8781611109325484 1
0.6796869197971478 0.06095247302866585 1
0.1260110585985197 0.2241062570474462 1
0.1432765605141049 0.6797580930090118 1
0.8654699404739026 0.3973733317880707 1
0.9416119609580509 0.6352348648525721 1
0.1219151982750212 0.3466364575910498 1
0.8951046003329594 0.06151059918563526 1
0.1332747617559775 0.7946193750910762 1
0.5771364245960988 0.1244519787904252 1
0.3652458409440412 0.6891020661910671 1
0.09213182958371777 0.9473536815676793 1
0.1075748390078132 0.05631066043440534 1
0.5382857979500512 0.0617102121480344 1
0.4392002923667776 0.6899574426270606 1
0.4309204242191396 0.1213238600689941 1
0.5544320789072662 0.6342677597300426 1
0.8679471367035653 0.2728198004933746 1
0.8748987760849126 0.1432922740212338 1
0.3574860184074476 0.1189240490013555 1
0.479792026403795 0.631047289897799 1
0.1200405236173949 0.4973406649297522 1
0.1999599210698602 0.9062499999999992 1
0.5916744514331922 0.6924461926364425 1
0.2841756545075678 0.1165677641571558 1
0.66444324568861 0.6921428533574163 1
0.8830922589145763 0.599739516319983 1
0.2116018710384351 0.1142491070071825 1
0.04792189922812119 0.6071428571428555 1
0.1395916790119882 0.1094665601678573 1
0.7015616870902291 0.6362201755532726 1
0.8862854740208751 0.4527080497722984 1
0.7763568176726232 0.6362652378428143 1
0.9450961894323343 0.6950961894323344 1
0.05192566175393252 0.05192566175393252 1
0.9486385847543485 0.05240202812510997 1
0.1049909165536117 0.2857142857142855 1
0.8400037851458986 0.6387622964101675 1
0.8927854943599536 0.2233081297840203 1
0.1134075933865752 0.1588087950086503 1
0.1157210078872142 0.7291243787284382 1
0.2045650459653084 0.9545650459653087 1
0.04131421601276569 0.9543453924126898 1
0.2007857858790811 0.7879973976568709 1
2 4 0 157
759
760
761
762
763
764
765
766
767
768
769
770
771
772
773
774
775
776
777
778
779
780
781
782
783
784
785
786
787
788
789
790
791
792
793
794
795
796
797
798
799
800
801
802
803
804
805
806
807
808
809
810
811
812
813
814
815
816
817
818
819
820
821
822
823
824
825
826
827
828
829
830
831
832
833
834
835
836
837
838
839
840
841
842
843
844
845
846
847
848
849
850
851
852
853
854
855
856
857
858
859
860
861
862
863
864
865
866
867
868
869
870
871
872
873
874
875
876
877
878
879
880
881
882
883
884
885
886
887
888
889
890
891
892
893
894
895
896
897
898
899
900
901
902
903
904
905
906
907
908
909
910
911
912
913
914
915
0.6115828157029403 1 0.06192801505661846
0.3937307500343616 1 0.06086086331182603
0.5154875095985413 1 0.6922121386377622
0.06660745765687348 1 0.3919898013699717
0.9368975975153335 1 0.4165702617361642
0.2887723066034643 1 0.689566220411075
0.7381974963867782 1 0.6875369022523921
0.9384714700830215 1 0.2576879883807933
0.7499999999999991 1 0.06185895741317435
0.06185895741317406 1 0.2499999999999997
0.2499999999999997 1 0.06073541486503375
0.06819235344442326 1 0.5462458914926623
0.9360228032656753 1 0.5624188454778081
0.2162629552720599 1 0.6867954314282568
0.2546100779183373 1 0.625104926315275
0.3293501599090832 1 0.627636114349458
0.2950718864992229 1 0.5619948250264566
0.3704462564364711 1 0.5659342014213875
0.3365013362098553 1 0.4989863295189846
0.4115092056226241 1 0.5031938246225844
0.3776408509490663 1 0.4361959291490494
0.4526012544961646 1 0.4404420599212333
0.4188070474551926 1 0.3734859941243308
0.4937071804700983 1 0.3777032646801554
0.527504155388413 1 0.4446582568659374
0.5685904367434711 1 0.3819134863120315
0.3438578186646484 1 0.3691920366109612
0.6023857586232502 1 0.448869105144227
0.6434724224728799 1 0.3861234578965771
0.677267675279726 1 0.4530772830546483
0.5347951694055213 1 0.3149590900705586
0.3850140100073943 1 0.3065231108655981
0.3101502006725874 1 0.3023302928791026
0.7183542626273792 1 0.3903329727225839
0.6845590664799137 1 0.3233786473435073
0.26086234365504 1 0.4951440542191732
0.1958734122634728 1 0.84375
0.6361829946681686 1 0.5158231617171475
0.752149477105352 1 0.4572866918678902
0.7594408407543076 1 0.327588313094853
0.7256456571375405 1 0.2606339593885481
0.3512337250966806 1 0.2395827884988383
0.2763544521861525 1 0.2353755053037472
0.2352706258300347 1 0.2980801129802293
0.05990158529643484 1 0.753189237176998
0.9399473840156128 1 0.111510335554196
0.1098551658543932 1 0.06738982769921786
0.4261150033013779 1 0.2437919382561188
0.6507638762807353 1 0.2564242582871104
0.2019784918215513 1 0.2309046051810746
0.05193925048011087 1 0.8958018519243414
0.1801291690591836 1 0.6243907371138604
0.6918309702122524 1 0.1940265078853124
0.7667094860222807 1 0.1982940169290361
0.6169148514443712 1 0.1904270479378314
0.4446482563153245 1 0.568936999492388
0.317624992759548 1 0.174971020935685
0.8854596149366636 1 0.6791547939711827
0.1747807553759549 1 0.7391176131932787
0.1562499999999997 1 0.9458734122634727
0.1648827720884935 1 0.2930224182063875
0.1954478208852158 1 0.3607497417962718
0.652431713402166 1 0.127883401158682
0.2192329556291213 1 0.5594638238868626
0.1860363833565106 1 0.4905407366690665
0.1440044300667985 1 0.5585725027706527
0.1072254504754266 1 0.6167840484474476
0.4043428477359186 1 0.6286143259986675
0.2277561854154166 1 0.4277336678203948
0.1401104751454888 1 0.4270584866126505
0.3025295433414373 1 0.4318935254399778
0.4862950798371626 1 0.5072021764603467
0.5206294391263844 1 0.5722970515196319
0.5613496234093871 1 0.5112367648318692
0.5963931557210649 1 0.5775483137626436
0.6696205773087184 1 0.580345886874965
0.6314683262297189 1 0.6367028817483378
0.4599064461741472 1 0.3107447005026695
0.5009989347751024 1 0.24800385068013
0.4671277252050773 1 0.1824100789363904
0.5420142022374457 1 0.1865454903156856
0.5041605022566221 1 0.1229874238223286
0.5758742655567576 1 0.2523506598884159
0.2439393117801398 1 0.1724001652380443
0.1737222412042166 1 0.1650653195064858
0.609675872823213 1 0.3191915999663667
0.7927170870396477 1 0.3942027417964173
0.8238211636024417 1 0.4589340096042043
0.7854101758499137 1 0.5238135707440864
0.8367807847155994 1 0.3322779927823429
0.8670597349736393 1 0.525187161995449
0.817637645003548 1 0.5873247898835652
0.799689651464406 1 0.265618843659932
0.8349748941381746 1 0.2064129482743931
0.7999520164399321 1 0.1344143619026962
0.9377109009192006 1 0.4886473970126258
0.8125000000000002 1 0.685048094716167
0.9207287307025996 1 0.335867071563989
0.9410171874239976 1 0.1851331212903643
0.3922182302746597 1 0.1793596684504609
0.7109153415879756 1 0.5195552292572813
0.7436395064455021 1 0.5826817315092401
0.2691686991348901 1 0.3649965629211562
0.05985229413351513 1 0.1798734521291792
0.8214285714285702 1 0.06185895741317346
0.1813089763941493 1 0.05871754563798415
0.06185895741317372 1 0.4642857142857133
0.465406380290336 1 0.06089382364744978
0.3217178656344955 1 0.05946949743843438
0.0594517405039971 1 0.3212840145140426
0.05997241236942435 1 0.8226005597809631
0.7259837756374952 1 0.1304413499932493
0.06737137620464001 1 0.6789375752829905
0.1258517270221966 1 0.8781611109325489
0.679686961615684 1 0.06095248093165401
0.1265990457906472 1 0.2219698120525318
0.1432765601288267 1 0.6797580931572307
0.8653167507577431 1 0.3971594281985391
0.9416115721435656 1 0.6352348979808754
0.1219151971389467 1 0.3466364580356016
0.8951046003329176 1 0.06151059918548116
0.1332747617559774 1 0.7946193750910762
0.5771363951263049 1 0.1244519623987532
0.3652426770245172 1 0.6891020317536479
0.09213182958371779 1 0.9473536815676794
0.05534628256585695 1 0.1088337313847492
0.538285777467462 1 0.06171020415419166
0.4391991167024955 1 0.689957301181523
0.5544333494219508 1 0.634266728110179
0.4309203328387669 1 0.1213238376034606
0.8679471367051327 1 0.2728198004979714
0.8748987760846895 1 0.1432922740204076
0.3574859987087532 1 0.1189240470047219
0.4797900864834358 1 0.6310474241566919
0.120040519885279 1 0.4973406663661491
0.1999599210698602 1 0.9062499999999992
0.5916752349547338 1 0.6924457260866143
0.2841756471947751 1 0.1165677652669105
0.6644437356008255 1 0.6921423334252547
0.8830908252267204 1 0.5997395590039274
0.1104445736533008 1 0.1395277324404518
0.2149527162758688 1 0.1141266326097614
0.04792189922812123 1 0.6071428571428555
0.7015629440906471 1 0.6362264287170234
0.8862852697605558 1 0.4527081128663336
0.7764827291407378 1 0.6365325866083313
0.9450961894323345 1 0.6950961894323346
0.05192566175393252 1 0.05192566175393252
0.9486385847543485 1 0.05240202812510997
0.1049909165536115 1 0.2857142857142855
0.8400911196238607 1 0.6389400176047814
0.8927854943606628 1 0.2233081297867889
0.1157210077523668 1 0.7291243787803148
0.2045650459653085 1 0.9545650459653087
0.04131421601276572 1 0.9543453924126898
0.2007857858790811 1 0.787997397656871
0.1576319879351133 1 0.1096248897403029
2 5 0 157
916
917
918
919
920
921
922
923
924
925
926
927
928
929
930
931
932
933
934
935
936
937
938
939
940
941
942
943
944
945
946
947
948
949
950
951
952
953
954
955
956
957
958
959
960
961
962
963
964
965
966
967
968
969
970
971
972
973
974
975
976
977
978
979
980
981
982
983
984
985
986
987
988
989
990
991
992
993
994
995
996
997
998
999
1000
1001
1002
1003
1004
1005
1006
1007
1008
1009
1010
1011
1012
1013
1014
1015
1016
1017
1018
1019
1020
1021
1022
1023
1024
1025
1026
1027
1028
1029
1030
1031
1032
1033
1034
1035
1036
1037
1038
1039
1040
1041
1042
1043
1044
1045
1046
1047
1048
1049
1050
1051
1052
1053
1054
1055
1056
1057
1058
1059
1060
1061
1062
1063
1064
1065
1066
1067
1068
1069
1070
1071
1072
0.3884171857574331 0.9380719846159457 0
0.6062692185847234 0.9391391281749116 0
0.4845121950509844 0.3077868015212225 0
0.9333925423431266 0.6080101986300266 0
0.0631023978588591 0.5834297120633797 0
0.7112276933965358 0.3104337795889253 0
0.2618025769512723 0.3124629665782062 0
0.06152852991735908 0.7423120116204367 0
0.749999999999999 0.9392645851350072 0
0.9381410425868256 0.7499999999999991 0
0.2499999999999997 0.938141042586826 0
0.9318076465555769 0.4537541085073359 0
0.06397671492727947 0.4375813869232092 0
0.7837370447279401 0.3132045685717429 0
0.7453899220816629 0.3748950736847248 0
0.6706414089807267 0.3723671291550326 0
0.7049267083157458 0.4380057155576251 0
0.6295537435635293 0.4340657985786129 0
0.6634984295926398 0.5010137605783624 0
0.5884907553444588 0.4968061903936402 0
0.6223591035125304 0.5638040883698793 0
0.5473987314086157 0.5595579455012926 0
0.5811929444637677 0.6265140085154356 0
0.506292819051418 0.6222967353614702 0
0.4724958446115876 0.5553417431340638 0
0.4314095631767823 0.6180865136949074 0
0.6561421723987783 0.6308079667488214 0
0.3976142413634589 0.5511308948569307 0
0.3565275775116144 0.613876542104774 0
0.3227322929535289 0.5469215114640855 0
0.465204802590515 0.6850408851254013 0
0.6149859890142342 0.6934768889505173 0
0.6898497993274136 0.6976697071208979 0
0.2816457940160792 0.6096668876141722 0
0.3154409429580799 0.6766213293795125 0
0.7391373831145375 0.5048560508943982 0
0.8041265877365273 0.1562499999999997 0
0.3638192503769574 0.4841761829242081 0
0.2478502841355207 0.5427120144287931 0
0.2405591570980078 0.6724116917623412 0
0.274354344077975 0.7393660375417676 0
0.6487662568972787 0.760417221665203 0
0.723645544820243 0.764624496386707 0
0.764729373671032 0.7019198873015134 0
0.9400984147035649 0.2468107628230005 0
0.0600526159843611 0.8884896644457068 0
0.9340164456454296 0.890901209179449 0
0.5738849441872896 0.7562080510758549 0
0.3492361104983428 0.7435757275017378 0
0.7980215076085062 0.7690953951320241 0
0.9480607495198888 0.104198148075658 0
0.8198708309408167 0.3756092628861394 0
0.3081690277868493 0.80597348923455 0
0.2332905138473873 0.8017059820794787 0
0.3830851133682314 0.8095729237893983 0
0.5553433521531412 0.4310662195730468 0
0.6823749917747829 0.8250289876010737 0
0.1145399676713246 0.3208451297136758 0
0.8252192446240449 0.2608823868067206 0
0.8437500000000002 0.05412658773652722 0
0.8351172277323903 0.706977581885557 0
0.8045521790017762 0.6392502582660093 0
0.3475682821035549 0.8721165934821482 0
0.7807668445595155 0.4405362529819055 0
0.8139636166434902 0.5094592633309337 0
0.8559955577969435 0.4414275018982466 0
0.8927745475018637 0.3832159523307012 0
0.5956532810435347 0.3713860812570987 0
0.7722437690273454 0.572266349708914 0
0.8598895183301906 0.5729415159004327 0
0.6974704050037888 0.5681064944255781 0
0.5137035127195589 0.4927983634570173 0
0.4793713846036124 0.4277023606189399 0
0.4386522921889103 0.4887623034192159 0
0.4036113619121284 0.4224489393630592 0
0.3303828684649431 0.4196501834020061 0
0.368533974340819 0.3632955874616725 0
0.2889969951830238 0.4803711544057184 0
0.2140647850315086 0.4758250457695988 0
0.1760936762852713 0.541020473052114 0
0.1328524052311517 0.4747548325417085 0
0.183101315162125 0.4141523317610252 0
0.2563771599152694 0.4174396943348627 0
0.5400935240446729 0.6892552801932876 0
0.4990009891270619 0.7519960956663065 0
0.53287215964176 0.8175898848508273 0
0.6077816927776516 0.8206403395904834 0
0.4579857207901542 0.8134544681643414 0
0.4958394361183288 0.8770125545969365 0
0.4241256633169494 0.7476492927960461 0
0.7560606850540392 0.8275998365139349 0
0.8262781051104833 0.8318608059398561 0
0.3903241100087139 0.6808083817670632 0
0.2007200447389446 0.7344611555592524 0
0.1633407138014393 0.6675494824635537 0
0.1650933885409887 0.7936003847646056 0
0.2000561124348736 0.8655872252456431 0
0.07928865078292284 0.6641082468295105 0
0.05898281257614423 0.8148668787101511 0
0.1875 0.3149519052838329 0
0.06227434066606894 0.5113429802926672 0
0.2067642617850483 0.6054575258005247 0
0.730831283071689 0.6350034439286223 0
0.9405482594960031 0.6787159854859557 0
0.6782821288189325 0.9405305009272725 0
0.1785714285714283 0.9381410425868258 0
0.5345935864485987 0.9391061666893391 0
0.8218173171244223 0.941814454693122 0
0.9382702199217192 0.8167668270527481 0
0.9400275876305755 0.1773994402190356 0
0.9381410425868266 0.5357142857142844 0
0.274017191296946 0.8695588378540786 0
0.9326286235064012 0.3210624248281723 0
0.874148272977803 0.1218388890674505 0
0.3203130802028513 0.9390475269713345 0
0.8739889414014811 0.7758937429525539 0
0.856723439485895 0.3202419069909874 0
0.1345300595260978 0.6026266682119349 0
0.05838803904194872 0.364765135147428 0
0.8780848017249794 0.653363542408949 0
0.1048953996670413 0.9384894008143664 0
0.8667252382440221 0.2053806249089228 0
0.4228635754039026 0.8755480212095759 0
0.6347541590559587 0.310897933808933 0
0.9078681704162818 0.05264631843232021 0
0.8924251609921863 0.9436893395655946 0
0.4617142020499483 0.9382897878519663 0
0.5607997076332222 0.3100425573729394 0
0.5690795757808617 0.8786761399310071 0
0.4455679210927333 0.3657322402699573 0
0.1320528632964368 0.7271801995066325 0
0.1251012239150934 0.8567077259787759 0
0.6425139815925529 0.8810759509986454 0
0.5202079735962046 0.3689527101022007 0
0.8799594763826056 0.5026593350702466 0
0.8000400789301393 0.09374999999999981 0
0.4083255485668074 0.3075538073635573 0
0.715824345492432 0.8834322358428448 0
0.3355567543113898 0.3078571466425838 0
0.1169077410854225 0.4002604836800171 0
0.7883981289615642 0.8857508929928182 0
0.952078100771879 0.3928571428571421 0
0.8604083209880098 0.8905334398321438 0
0.2984383129097712 0.363779824446728 0
0.1137145259791235 0.5472919502277066 0
0.223643182327377 0.3637347621571868 0
0.05490381056766577 0.3049038105676658 0
0.9480743382460676 0.9480743382460676 0
0.05136141524565103 0.9475979718748904 0
0.895009083446389 0.7142857142857132 0
0.1599962148541025 0.3612377035898341 0
0.1072145056400518 0.7766918702159877 0
0.8865924066134246 0.8411912049913502 0
0.8842789921127857 0.2708756212715607 0
0.7954349540346906 0.04543495403469102 0
0.9586857839872341 0.04565460758730991 0
0.7992142141209189 0.2120026023431286 0
2 6 0 31
1073
1074
1075
1076
1077
1078
1079
1080
1081
1082
1083
1084
1085
1086
1087
1088
1089
1090
1091
1092
1093
1094
1095
1096
1097
1098
1099
1100
1101
1102
1103
0.5622189394069005 0.25 0.06419393388256339
0.1877810605930995 0.25 0.06419393388256339
0.3375 0.25 0.06495190528383289
0.1090210979560879 0.25 0.1975080157860278
0.6409789020439121 0.25 0.1975080157860278
0.4874999999999999 0.25 0.1850480947161671
0.2625 0.25 0.1850480947161671
0.690207671776447 0.25 0.0937133808781105
0.05979232822355305 0.25 0.0937133808781105
0.4874999999999998 0.25 0.06495190528383288
0.1869201829926813 0.25 0.1887593517503658
0.2625 0.25 0.06495190528383286
0.5630798170073187 0.25 0.1887593517503658
0.3375 0.25 0.1850480947161672
0.4124999999999998 0.25 0.06495190528383282
0.4125 0.25 0.1850480947161672
0.5250000000000002 0.25 0.1250000000000002
0.1342526627295343 0.25 0.126814995366533
0.2223256510525524 0.25 0.1257947134999103
0.3749999999999999 0.25 0.125
0.6157473372704657 0.25 0.126814995366533
0.2995542751754253 0.25 0.125132452249985
0.45 0.25 0.125
0.1073876752576978 0.25 0.05266205168786779
0.6426123247423021 0.25 0.05266205168786779
0.05600832136629055 0.25 0.1576531419084131
0.6939916786337093 0.25 0.1576531419084131
0.04843600069625016 0.25 0.04177508651319564
0.7015639993037498 0.25 0.04177508651319565
0.7019941161355243 0.25 0.2085322315388881
0.04800588386447568 0.25 0.2085322315388881
2 7 0 31
1104
1105
1106
1107
1108
1109
1110
1111
1112
1113
1114
1115
1116
1117
1118
1119
1120
1121
1122
1123
1124
1125
1126
1127
1128
1129
1130
1131
1132
1133
1134
0.5617298131182668 0.1863113180737518 0.25
0.2625 0.06413398669542907 0.25
0.4129857404217847 0.06289675916693749 0.25
0.1083400179798575 0.1978999835008321 0.25
0.6416599820201425 0.05210001649916778 0.25
0.3375 0.1850480947161671 0.25
0.05979128483782116 0.09371272928433168 0.25
0.690208715162179 0.1562872707156681 0.25
0.4880516721102095 0.1856512512510144 0.25
0.5263246974381415 0.1236764945595027 0.25
0.1882701868817332 0.06355236216151425 0.25
0.225127321094557 0.1254143932444741 0.25
0.3375578262406887 0.06344185923581055 0.25
0.4132719819422 0.186358541875169 0.25
0.5649653915255362 0.06134174026403046 0.25
0.1855050368822607 0.188363964848644 0.25
0.2643396617809903 0.1873527806731533 0.25
0.4505223486520559 0.1239379067676722 0.25
0.1340411167167926 0.1267819597583514 0.25
0.616233518560421 0.1230266506919225 0.25
0.3753063162094548 0.1244465767998332 0.25
0.4882996963395863 0.06197548345969046 0.25
0.3003885208876151 0.1249729485608112 0.25
0.1074337647393911 0.05254950853403287 0.25
0.642612007806811 0.1973958732468903 0.25
0.6934337026237904 0.09169398965112631 0.25
0.05590193215501627 0.1576957943504183 0.25
0.04844500991544246 0.0417524475636729 0.25
0.7020187369287866 0.0412588012300588 0.25
0.701564144593798 0.2082366287925116 0.25
0.04784839002697475 0.20861915557025 0.25
2 8 0 184
1135
1136
1137
1138
1139
1140
1141
1142
1143
1144
1145
1146
1147
1148
1149
1150
1151
1152
1153
1154
1155
1156
1157
1158
1159
1160
1161
1162
1163
1164
1165
1166
1167
1168
1169
1170
1171
1172
1173
1174
1175
1176
1177
1178
1179
1180
1181
1182
1183
1184
1185
1186
1187
1188
1189
1190
1191
1192
1193
1194
1195
1196
1197
1198
1199
1200
1201
1202
1203
1204
1205
1206
1207
1208
1209
1210
1211
1212
1213
1214
1215
1216
1217
1218
1219
1220
1221
1222
1223
1224
1225
1226
1227
1228
1229
1230
1231
1232
1233
1234
1235
1236
1237
1238
1239
1240
1241
1242
1243
1244
1245
1246
1247
1248
1249
1250
1251
1252
1253
1254
1255
1256
1257
1258
1259
1260
1261
1262
1263
1264
1265
1266
1267
1268
1269
1270
1271
1272
1273
1274
1275
1276
1277
1278
1279
1280
1281
1282
1283
1284
1285
1286
1287
1288
1289
1290
1291
1292
1293
1294
1295
1296
1297
1298
1299
1300
1301
1302
1303
1304
1305
1306
1307
1308
1309
1310
1311
1312
1313
1314
1315
1316
1317
1318
1 0.4684282569587443 0.05377266309585755
1 0.06297723617046558 0.5320633441698925
1 0.4068583717043073 0.9386832585182669
1 0.9350480947161671 0.4125
1 0.05723798177584921 0.3276745809152384
1 0.6734586095672628 0.0659590155877447
1 0.06286841268078851 0.7506768370947368
1 0.6923160652024115 0.7825300652312667
1 0.6919407743366668 0.7125899852853982
1 0.2434477055885908 0.06959985454336688
1 0.6296425213001257 0.7500737208888062
1 0.629189279708524 0.6757202260379452
1 0.5645492173437361 0.7132994595717351
1 0.5644309486604112 0.6383764941321991
1 0.4994796590733782 0.6760849210967135
1 0.4992068311683012 0.6010588581103476
1 0.5647329650593369 0.5633895228786771
1 0.4990855297888578 0.5260609661711905
1 0.5644268729504158 0.488376661344091
1 0.4988682017246946 0.451058730494415
1 0.434361313551427 0.638754612560366
1 0.5637108672786948 0.4133677754522141
1 0.6938690070609494 0.6391363944025368
1 0.498525548715304 0.3760555805786107
1 0.433703727760681 0.4137466164599792
1 0.2642908505489512 0.9368849139529565
1 0.9350480947161671 0.2625
1 0.4334674538542148 0.3387460930122253
1 0.3686261419795702 0.3764360696182832
1 0.6286484021241783 0.450674899508992
1 0.6284494519175037 0.3756756440792232
1 0.8418387819309605 0.6886568155138406
1 0.4983065038520621 0.3010559301515059
1 0.3684031271484228 0.3014362852494347
1 0.8249080413422434 0.06014500366326843
1 0.05898151882797027 0.1801311256484061
1 0.3035615800291527 0.3391263130163102
1 0.3037811876764002 0.4141259189626245
1 0.6939867761877935 0.4134117547504937
1 0.6933568309776544 0.3380564201823413
1 0.4346123306771629 0.71379283386875
1 0.3695118492665083 0.676448032845985
1 0.5657609483071262 0.7885668106774084
1 0.3033414537579143 0.264126617843102
1 0.3697404379649131 0.7514516031523251
1 0.3046682989996703 0.7141391648794235
1 0.3044433891916574 0.6391400659682324
1 0.9377914920222774 0.5647902214842184
1 0.2396039294023914 0.6768349953412847
1 0.2393791556085383 0.6018327989554512
1 0.2398296258485254 0.751834581238298
1 0.3681831915424505 0.226436593092005
1 0.2387192799238257 0.376816307183566
1 0.7590777751130275 0.3759941608749859
1 0.7604221610144322 0.4522105497168849
1 0.7582511125457121 0.3004236060739139
1 0.6930885092450056 0.2630187982346164
1 0.7579222164819095 0.2253224576084933
1 0.1745394814915933 0.6395302466376404
1 0.6460654926983045 0.9489306135918334
1 0.1076673747590588 0.9432141577776663
1 0.4354174212056308 0.7895708493663611
1 0.2389386454813393 0.4518159899104085
1 0.1739721720169787 0.4146696253933411
1 0.3039992741367483 0.4891294701786906
1 0.8231738857129554 0.337604849445323
1 0.3031506205179628 0.1891766763845162
1 0.238284692224239 0.2268252462335009
1 0.3673492603617328 0.1526247060869344
1 0.4322818397343268 0.1900618415327081
1 0.1091342408574827 0.06351064563368206
1 0.6938565901208129 0.189740394967797
1 0.6281667129953937 0.2259738340703592
1 0.3709510190925272 0.8241853069615829
1 0.1765645701848135 0.4895327929909826
1 0.9315453021585097 0.1170935828310153
1 0.176058398202396 0.3396904569467055
1 0.6324224956108524 0.138089274461496
1 0.5637331132991971 0.1863180458212083
1 0.5568491000624517 0.114541260317484
1 0.7544627700311464 0.15069374104509
1 0.8231580382513237 0.1822864198897032
1 0.1065792931216263 0.4569640843318263
1 0.2390292925905746 0.1506737335007267
1 0.1764320478872954 0.1871691025263363
1 0.1729988001989691 0.114507619416614
1 0.6297341447509244 0.8181896888600045
1 0.566521590547321 0.8602895011521172
1 0.5028631068735548 0.8307456450462898
1 0.5110907504899239 0.9065835994410043
1 0.7669996684550655 0.6825808401909381
1 0.7598745507556599 0.6035596546437155
1 0.6957352912085248 0.5647255100253814
1 0.761093640734303 0.5286609228847314
1 0.8245398291399972 0.5675289166256545
1 0.8264248807274491 0.492671508884332
1 0.8242415003335903 0.4153638293446161
1 0.6300313306296708 0.6010601295142617
1 0.6300405532243856 0.5264620154956801
1 0.1771809530639806 0.5645176703276782
1 0.1162316524062753 0.591273948213378
1 0.1097005561942165 0.6772260334975743
1 0.5004471139134314 0.7520100866045429
1 0.3042201870452594 0.5641342381489914
1 0.4341492121893665 0.5637509320937373
1 0.4339512602754454 0.4887486732912932
1 0.3690738948900668 0.5264402845547244
1 0.2393896426563874 0.5268220653310962
1 0.3692933076890476 0.601444694362006
1 0.4973544099472649 0.1558624267305399
1 0.3050607963353074 0.7887638968036833
1 0.238473857308808 0.8240035434865061
1 0.1771677152558755 0.7890508362698858
1 0.1777547671276625 0.857215609653774
1 0.1103394848062581 0.8225033307969362
1 0.3031288073204035 0.8687447410749793
1 0.563311543451321 0.2630741889410357
1 0.5634188535534208 0.338317443631004
1 0.498038654357051 0.2266864464471482
1 0.1775683539135149 0.7144430508221233
1 0.433113461748088 0.2640705315808378
1 0.1773122937566299 0.2642421027259346
1 0.8200780055910221 0.2617532636207625
1 0.6282548409276175 0.3006809059880241
1 0.2392471842125953 0.3018079717816741
1 0.93855191050038 0.4897303901208909
1 0.9484410999705398 0.6424954539707068
1 0.9382710713480759 0.1919097674023342
1 0.3373796715956104 0.9385692740202023
1 0.9358285494453707 0.3374600030784875
1 0.3688559144531519 0.4514378388442658
1 0.4386138216478683 0.8747301135431833
1 0.3030755327193082 0.1144257065168287
1 0.3635107223246884 0.08204948687928167
1 0.1143385827678493 0.3723354428500522
1 0.6949878040822695 0.4893576087303605
1 0.7507275064075564 0.07377612916488285
1 0.06001949540365104 0.2561868645775565
1 0.1825639749017738 0.9290614874770465
1 0.602121700873427 0.06214351432524205
1 0.6964914789325515 0.9089994284189401
1 0.8918288309084229 0.05899620875250226
1 0.8599421638540531 0.1196470182778231
1 0.06186086763752265 0.8879989755507943
1 0.9082308316170771 0.6917435599268495
1 0.6905086095865697 0.8462141899053364
1 0.05718866163444477 0.1071428571428569
1 0.57886463372818 0.9326449451844603
1 0.435178193274638 0.1117549749479892
1 0.8799496669747597 0.2283857454350413
1 0.8790362706412114 0.2999411244107997
1 0.5357142857142844 0.05427153558472755
1 0.8791452775497078 0.3741369625471062
1 0.8142215876165292 0.6298270634101397
1 0.1765447207575798 0.04952362391873259
1 0.8791230395996783 0.6167106099657386
1 0.6998641275916208 0.1235544976502606
1 0.1140010748111699 0.1412324281139737
1 0.879674221363469 0.4541598804123658
1 0.8796066590276175 0.5315676916057674
1 0.1181804400884402 0.2218530650413778
1 0.1171911986658026 0.2969970855094775
1 0.0545824492722915 0.4011623513495191
1 0.04701375302491384 0.8208072572599218
1 0.04482779571287668 0.4637522416845329
1 0.1275289045701307 0.7507800176962514
1 0.1279067409894322 0.5268703680067516
1 0.04431822885593897 0.6784377169756042
1 0.05553794560448272 0.6155477928570267
1 0.3108210000794538 0.05361886809798452
1 0.3731562950368079 0.8880618164161496
1 0.2306251279572303 0.8852247010289501
1 0.0519256617539325 0.0519256617539325
1 0.8029047002289107 0.1169874474804208
1 0.9486385847543485 0.05240202812510997
1 0.04890564847931628 0.9519569123799778
1 0.4681160821691346 0.9462394048937666
1 0.6317868898767054 0.8842174599672654
1 0.1253788824536677 0.8845173984592773
1 0.7035113943261712 0.9590860084021546
1 0.9588343863175233 0.7018478027795112
1 0.4987048491914767 0.09804057213531961
1 0.410566291654471 0.04951542498462568
1 0.8858684693126055 0.1690243326298878
2 9 0 13
1319
1320
1321
1322
1323
1324
1325
1326
1327
1328
1329
1330
1331
0.75 0.1549755766759214 0.1976291611725281
0.75 0.1549755766759215 0.0523708388274716
0.75 0.05206500579859634 0.1559624945058614
0.75 0.0517214088089412 0.0939895879117818
0.75 0.1251446762623876 0.1249940103022053
0.75 0.1999599210698604 0.1562499999999997
0.75 0.1999599210698606 0.09374999999999982
0.75 0.09374999999999982 0.1999599210698606
0.75 0.09374999999999982 0.05004007893013922
0.75 0.2045650459653088 0.2045650459653088
0.75 0.2045650459653091 0.04543495403469087
0.75 0.04543495403469088 0.2045650459653091
0.75 0.04543495403469095 0.04543495403469095
2 10 0 13
1332
1333
1334
1335
1336
1337
1338
1339
1340
1341
1342
1343
1344
0.25 0.9049755766759214 0.947629161172528
0.25 0.9049755766759215 0.8023708388274716
0.25 0.8020650057985963 0.9059624945058614
0.25 0.8017214088089413 0.8439895879117818
0.25 0.8751446762623877 0.8749940103022052
0.25 0.9499599210698605 0.9062499999999998
0.25 0.9499599210698606 0.8437499999999998
0.25 0.8437499999999998 0.9499599210698606
0.25 0.8437499999999998 0.8000400789301392
0.25 0.795434954034691 0.795434954034691
0.25 0.9545650459653088 0.9545650459653088
0.25 0.954565045965309 0.7954349540346909
0.25 0.7954349540346909 0.954565045965309
2 11 0 31
1345
1346
1347
1348
1349
1350
1351
1352
1353
1354
1355
1356
1357
1358
1359
1360
1361
1362
1363
1364
1365
1366
1367
1368
1369
1370
1371
1372
1373
1374
1375
0.5125 0.75 0.9350480947161671
0.6625000000000001 0.75 0.9350480947161671
0.8122189394069005 0.75 0.9358060661174366
0.3590210979560879 0.75 0.9475080157860278
0.5874999999999999 0.75 0.8149519052838329
0.7374999999999999 0.75 0.8149519052838329
0.8909789020439121 0.75 0.8024919842139722
0.4377810605930995 0.75 0.8141939338825633
0.3097923282235531 0.75 0.8437133808781105
0.940207671776447 0.75 0.9062866191218892
0.5874999999999999 0.75 0.9350480947161672
0.7375000000000002 0.75 0.935048094716167
0.6624999999999999 0.75 0.8149519052838329
0.8130798170073186 0.75 0.8112406482496342
0.4369201829926813 0.75 0.9387593517503658
0.5125 0.75 0.8149519052838329
0.625 0.75 0.875
0.5499999999999999 0.75 0.875
0.3842526627295343 0.75 0.876814995366533
0.4723256510525524 0.75 0.8757947134999103
0.7 0.75 0.875
0.8657473372704657 0.75 0.8731850046334669
0.7776743489474474 0.75 0.8742052865000896
0.3573876752576978 0.75 0.8026620516878678
0.8926123247423021 0.75 0.947337948312132
0.9439916786337095 0.75 0.8423468580915866
0.3060083213662905 0.75 0.9076531419084131
0.9519941161355243 0.75 0.7914677684611118
0.2984360006962501 0.75 0.7917750865131956
0.2980058838644757 0.75 0.9585322315388881
0.9515639993037499 0.75 0.9582249134868043
2 12 0 33
1376
1377
1378
1379
1380
1381
1382
1383
1384
1385
1386
1387
1388
1389
1390
1391
1392
1393
1394
1395
1396
1397
1398
1399
1400
1401
1402
1403
1404
1405
1406
1407
1408
0.7375 0.8149519052838329 0.75
0.5125 0.8149519052838329 0.75
0.8926825264433392 0.9364491834497857 0.75
0.3573174735566608 0.9364491834497859 0.75
0.5874999999999999 0.9350480947161671 0.75
0.3002037191494376 0.8429246824526944 0.75
0.9497962808505624 0.8429246824526944 0.75
0.7374999999999999 0.9350480947161671 0.75
0.5874999999999999 0.8149519052838328 0.75
0.6625 0.8149519052838328 0.75
0.6624999999999999 0.9350480947161672 0.75
0.8129406910240934 0.9355845403168508 0.75
0.8465745451273905 0.8736969514796491 0.75
0.4370593089759065 0.9355845403168509 0.75
0.4034254548726095 0.8736969514796491 0.75
0.512480880751766 0.9354970295219239 0.75
0.811929090854565 0.8118667754070678 0.75
0.4380709091454349 0.8118667754070678 0.75
0.6249999999999999 0.875 0.75
0.6999999999999998 0.8750006168271262 0.75
0.55 0.875 0.75
0.475 0.8750037009627571 0.75
0.7749999999999998 0.8750037009627571 0.75
0.2986861533110328 0.9059373109837465 0.75
0.9513138466889672 0.9059373109837465 0.75
0.35732797290394 0.8121054870484873 0.75
0.89267202709606 0.8121054870484873 0.75
0.2965063384106755 0.7935060339002363 0.75
0.9534936615893245 0.7935060339002363 0.75
0.9537992746264613 0.9559772988867064 0.75
0.2962007253735388 0.9559772988867064 0.75
0.3433921547587362 0.8742227230828726 0.75
0.9066078452412638 0.8742227230828726 0.75
2 13 0 13
1409
1410
1411
1412
1413
1414
1415
1416
1417
1418
1419
1420
1421
0 0.1976291611725282 0.1549755766759214
0 0.05237083882747162 0.1549755766759215
0 0.1559624945058615 0.05206500579859639
0 0.09398958791178183 0.05172140880894122
0 0.1249940103022053 0.1251446762623876
0 0.1562499999999997 0.1999599210698604
0 0.09374999999999982 0.1999599210698606
0 0.1999599210698607 0.09374999999999982
0 0.05004007893013913 0.09374999999999982
0 0.2045650459653088 0.2045650459653088
0 0.204565045965309 0.0454349540346909
0 0.04543495403469094 0.04543495403469094
0 0.04543495403469088 0.2045650459653091
2 14 0 32
1422
1423
1424
1425
1426
1427
1428
1429
1430
1431
1432
1433
1434
1435
1436
1437
1438
1439
1440
1441
1442
1443
1444
1445
1446
1447
1448
1449
1450
1451
1452
1453
0.5622189394069005 0 0.06419393388256339
0.1878777766706486 0 0.1852662041786596
0.3375 0 0.06495190528383289
0.6409789020439121 0 0.1975080157860278
0.4874999999999999 0 0.1850480947161671
0.1082082303271952 0 0.06178518557674893
0.690207671776447 0 0.0937133808781105
0.05133412905869443 0 0.1562866191218892
0.3375 0 0.1850480947161671
0.4874999999999998 0 0.06495190528383288
0.2625629627784414 0 0.185902364881653
0.2264335297558453 0 0.1235441264154412
0.4125 0 0.1850480947161671
0.5630798170073187 0 0.1887593517503658
0.4124999999999998 0 0.06495190528383282
0.2627389216259742 0 0.06225735440257353
0.1540802195429911 0 0.122451905283833
0.5250000000000002 0 0.1250000000000002
0.3749999999999999 0 0.1250006168271262
0.6157473372704657 0 0.126814995366533
0.45 0 0.125000102804521
0.1875 0 0.06004439375341003
0.2999999999999999 0 0.1250037009627571
0.1078632757547403 0 0.1868221040834831
0.6426123247423021 0 0.05266205168786779
0.04938219406612299 0 0.0936369674497729
0.6939916786337095 0 0.1576531419084131
0.04651808487866364 0 0.04358443060530435
0.7015639993037499 0 0.04177508651319565
0.04683948096268695 0 0.2061217446410744
0.7019941161355243 0 0.2085322315388881
0.0941736097499488 0 0.1241965563031454
2 15 0 31
1454
1455
1456
1457
1458
1459
1460
1461
1462
1463
1464
1465
1466
1467
1468
1469
1470
1471
1472
1473
1474
1475
1476
1477
1478
1479
1480
1481
1482
1483
1484
0.5622189394069006 0.1858060661174366 0
0.2629857404217846 0.06289675916693749 0
0.4124999999999999 0.1858660133045709 0
0.1090210979560879 0.1975080157860278 0
0.6409789020439122 0.05249198421397208 0
0.4874999999999999 0.06495190528383288 0
0.05979232822355307 0.0937133808781105 0
0.690207671776447 0.1562866191218892 0
0.2631800365904984 0.1862580157860279 0
0.4874829287783589 0.1857397378215947 0
0.1883521870044293 0.06252950740593352 0
0.1870335224244311 0.1889610052620093 0
0.3382933760222482 0.1857786873011277 0
0.3764923025180383 0.1236234816730054 0
0.5630798170073187 0.0612406482496341 0
0.3005752425920948 0.1239335562800847 0
0.4127487170863396 0.06227058027883423 0
0.225 0.125 0
0.13435044356426 0.1266060278001064 0
0.6157473372704658 0.1231850046334669 0
0.5276715037438405 0.1243211771781203 0
0.3379670004363762 0.06212072956647698 0
0.4501906953754762 0.1248627306102744 0
0.107499159798707 0.05234981934735839 0
0.6426123247423021 0.1973379483121321 0
0.6939916786337095 0.09234685809158659 0
0.05601996194185314 0.1576282648171718 0
0.7019941161355243 0.04146776846111172 0
0.04845829760445203 0.04171264004509376 0
0.7015639993037498 0.2082249134868042 0
0.04800821197958821 0.2085272561206399 0
2 16 0 13
1485
1486
1487
1488
1489
1490
1491
1492
1493
1494
1495
1496
1497
1 0.9458734122634727 0.9062499999999996
1 0.8047334412744547 0.9039322605749668
1 0.9049755766759213 0.8023708388274717
1 0.8021661480549176 0.8436512155899663
1 0.8780029141827193 0.8735831092441663
1 0.8502111539329593 0.9444962034367693
1 0.8437500000000002 0.80004007893014
1 0.9499599210698604 0.8437500000000002
1 0.9092229133965251 0.948846552113489
1 0.7957531754730551 0.9542468245269445
1 0.7954349540346913 0.7954349540346913
1 0.9545650459653086 0.7954349540346909
1 0.9585192651319995 0.9585193104226978
2 17 0 32
1498
1499
1500
1501
1502
1503
1504
1505
1506
1507
1508
1509
1510
1511
1512
1513
1514
1515
1516
1517
1518
1519
1520
1521
1522
1523
1524
1525
1526
1527
1528
1529
0.5125 1 0.8149519052838329
0.7375000000000004 1 0.8149519052838329
0.8926825264433393 1 0.9364491834497854
0.3590210979560878 1 0.9475080157860276
0.6625 1 0.9350480947161671
0.3097923282235528 1 0.8437133808781103
0.9497962808505624 1 0.8429246824526941
0.5125 1 0.9350480947161671
0.6625 1 0.8149519052838329
0.8129406910240937 1 0.9355845403168506
0.8465745451273907 1 0.8736969514796488
0.7375191192482342 1 0.9354970295219236
0.5875 1 0.9350480947161671
0.5874999999999999 1 0.814951905283833
0.4377810605930995 1 0.8141939338825632
0.4369201829926813 1 0.9387593517503656
0.8119290908545651 1 0.8118667754070674
0.5499999999999999 1 0.8750000000000002
0.6249999999999999 1 0.8750000000000002
0.3842526627295342 1 0.8768149953665327
0.6999999999999992 1 0.8750000000000001
0.4723256510525525 1 0.8757947134999102
0.7750000000000005 1 0.8750037009627569
0.3573876752576978 1 0.8026620516878678
0.9513138466889671 1 0.9059373109837463
0.3060083213662904 1 0.9076531419084128
0.89267202709606 1 0.8121054870484871
0.9534936615893245 1 0.7935060339002362
0.2984360006962501 1 0.7917750865131956
0.2980058838644756 1 0.9585322315388881
0.9537992746264612 1 0.9559772988867062
0.906607845241264 1 0.8742227230828723
2 18 0 32
1530
1531
1532
1533
1534
1535
1536
1537
1538
1539
1540
1541
1542
1543
1544
1545
1546
1547
1548
1549
1550
1551
1552
1553
1554
1555
1556
1557
1558
1559
1560
1561
0.5125 0.8149519052838329 1
0.7375000000000002 0.8149519052838329 1
0.3590210979560878 0.9475080157860277 1
0.8926825264433395 0.9364491834497854 1
0.5875 0.9350480947161671 1
0.309792328223553 0.8437133808781103 1
0.9497962808505626 0.8429246824526941 1
0.7375000000000002 0.9350480947161671 1
0.6625000000000002 0.8149519052838332 1
0.5874999999999998 0.8149519052838332 1
0.6625 0.9350480947161671 1
0.8129406910240937 0.9355845403168506 1
0.8465745451273907 0.8736969514796488 1
0.5125 0.9350480947161671 1
0.4377810605930995 0.8141939338825633 1
0.4369201829926813 0.9387593517503658 1
0.8119290908545651 0.8118667754070674 1
0.4750000000000001 0.8750000000000002 1
0.625 0.8750000000000001 1
0.3842526627295341 0.8768149953665328 1
0.7 0.8750006168271263 1
0.5499999999999998 0.8750000000000002 1
0.7749999999999995 0.8750037009627566 1
0.3573876752576978 0.8026620516878678 1
0.3060083213662904 0.9076531419084128 1
0.9513138466889672 0.9059373109837463 1
0.8926720270960601 0.812105487048487 1
0.2984360006962501 0.7917750865131956 1
0.9534936615893245 0.7935060339002362 1
0.2980058838644756 0.9585322315388881 1
0.9537992746264612 0.9559772988867062 1
0.906607845241264 0.8742227230828723 1
3 2 0 28
1562
1563
1564
1565
1566
1567
1568
1569
1570
1571
1572
1573
1574
1575
1576
1577
1578
1579
1580
1581
1582
1583
1584
1585
1586
1587
1588
1589
0.2632029687039429 0.125145730771889 0.1249692778446549
0.4125000011716971 0.1247372232036524 0.1251713197877456
0.1241365850328134 0.120555928273563 0.12365628577458
0.5717255055536612 0.125 0.125
0.6608369637610895 0.1556113617129079 0.09507029417234023
0.6516916163080659 0.08808159748112508 0.1620510421708656
0.4920173807685916 0.1597608864289467 0.08996496963018134
0.4922079183209441 0.09044747238754791 0.1607360180353662
0.3378026634231161 0.08844996480928444 0.0873645060540756
0.3379027803275292 0.1619075435905837 0.1619075435905837
0.1919454291952339 0.1638067252155875 0.1637793741102696
0.1954106923967392 0.07737843895843184 0.09887962364337935
0.51625185046572 0.07875107844152127 0.07988711330960291
0.517065459814866 0.1712889529998608 0.1711707508721419
0.3574192392029626 0.1698735061937904 0.08056581634396699
0.3190844367273779 0.08033845520152888 0.1688485888360835
0.2004861527680197 0.160114335075103 0.07906110761718528
0.6277482895709829 0.07864039858648621 0.08110695510914875
0.6272864271307764 0.1686400276071458 0.1717812162618547
0.07608459262962748 0.07601793393115838 0.1721299472732836
0.225295244660811 0.07316431489540411 0.1767939764782417
0.0780435422638027 0.07373135359047066 0.07632284137769327
0.08502674937105334 0.1740079047090404 0.1738779414143033
0.438714698442872 0.07310813385086137 0.07281599248733889
0.4392739518668063 0.1769801350666486 0.1768424984787151
0.08521099816634199 0.1741445198889681 0.07506711675417838
0.3940012506008091 0.07305569717456567 0.1773733872581358
0.282208755435594 0.1770987985644774 0.07294464087817965
3 3 0 32
1590
1591
1592
1593
1594
1595
1596
1597
1598
1599
1600
1601
1602
1603
1604
1605
1606
1607
1608
1609
1610
1611
1612
1613
1614
1615
1616
1617
1618
1619
1620
1621
0.5874999999999999 0.875 0.875
0.7375000000913136 0.8750000000000002 0.875
0.8765365361968723 0.8802008730802386 0.8802008730802386
0.3734364185024259 0.8771128047179502 0.86981740215221
0.4806355265446796 0.857793573195863 0.8580525166122416
0.6625000000456568 0.8382371960028494 0.8382371960028493
0.6625000000456567 0.9117628039971507 0.9117628039971507
0.5187763108856712 0.9143065930622131 0.9143065930622131
0.8097739921594795 0.8529747118741999 0.82855654542209
0.8070477376323199 0.8386043026494032 0.9158087535584241
0.9328664288763078 0.9333158242088995 0.8168103942044196
0.9257524980868876 0.8551935270004335 0.8240057156359135
0.8045195349952738 0.9227414696821264 0.8992588034803782
0.5312496612736858 0.9193244809541837 0.8305597670769078
0.6819799499763496 0.8303419715271709 0.919658028472829
0.6819799499763494 0.9196580284728291 0.8303419715271708
0.5312734500586549 0.8313567204406647 0.919721598473735
0.9277213591242169 0.9321908404797262 0.9321908404797262
0.9235821645625392 0.8285948931107786 0.9234728297118516
0.5499999999999999 0.8230384445229264 0.8230384445229264
0.4330068238959403 0.9170311857776913 0.9170311857776914
0.4267264184308953 0.8326870415652556 0.9182041935194855
0.7742936756108727 0.9268535815180189 0.8229865754518866
0.3255941422409878 0.8279095694600139 0.8259318933912536
0.3255453656986476 0.9232980249101088 0.8241128807845435
0.4334962236551772 0.9208418340917911 0.8351293721267469
0.3359588259214298 0.8259341561954647 0.9232979419264805
0.8537332359919977 0.924941484639545 0.818450024157042
0.3346730438748448 0.92470968055192 0.92470968055192
0.4152802153117087 0.8257935927718326 0.8252286496516434
0.6067270289445138 0.8230384445229264 0.9269615554770736
0.6067270289445136 0.9269615554770736 0.8230384445229264
3 4 0 1079
1622
1623
1624
1625
1626
1627
1628
1629
1630
1631
1632
1633
1634
1635
1636
1637
1638
1639
1640
1641
1642
1643
1644
1645
1646
1647
1648
1649
1650
1651
1652
1653
1654
1655
1656
1657
1658
1659
1660
1661
1662
1663
1664
1665
1666
1667
1668
1669
1670
1671
1672
1673
1674
1675
1676
1677
1678
1679
1680
1681
1682
1683
1684
1685
1686
1687
1688
1689
1690
1691
1692
1693
1694
1695
1696
1697
1698
1699
1700
1701
1702
1703
1704
1705
1706
1707
1708
1709
1710
1711
1712
1713
1714
1715
1716
1717
1718
1719
1720
1721
1722
1723
1724
1725
1726
1727
1728
1729
1730
1731
1732
1733
1734
1735
1736
1737
1738
1739
1740
1741
1742
1743
1744
1745
1746
1747
1748
1749
1750
1751
1752
1753
1754
1755
1756
1757
1758
1759
1760
1761
1762
1763
1764
1765
1766
1767
1768
1769
1770
1771
1772
1773
1774
1775
1776
1777
1778
1779
1780
1781
1782
1783
1784
1785
1786
1787
1788
1789
1790
1791
1792
1793
1794
1795
1796
1797
1798
1799
1800
1801
1802
1803
1804
1805
1806
1807
1808
1809
1810
1811
1812
1813
1814
1815
1816
1817
1818
1819
1820
1821
1822
1823
1824
1825
1826
1827
1828
1829
1830
1831
1832
1833
1834
1835
1836
1837
1838
1839
1840
1841
1842
1843
1844
1845
1846
1847
1848
1849
1850
1851
1852
1853
1854
1855
1856
1857
1858
1859
1860
1861
1862
1863
1864
1865
1866
1867
1868
1869
1870
1871
1872
1873
1874
1875
1876
1877
1878
1879
1880
1881
1882
1883
1884
1885
1886
1887
1888
1889
1890
1891
1892
1893
1894
1895
1896
1897
1898
1899
1900
1901
1902
1903
1904
1905
1906
1907
1908
1909
1910
1911
1912
1913
1914
1915
1916
1917
1918
1919
1920
1921
1922
1923
1924
1925
1926
1927
1928
1929
1930
1931
1932
1933
1934
1935
1936
1937
1938
1939
1940
1941
1942
1943
1944
1945
1946
1947
1948
1949
1950
1951
1952
1953
1954
1955
1956
1957
1958
1959
1960
1961
1962
1963
1964
1965
1966
1967
1968
1969
1970
1971
1972
1973
1974
1975
1976
1977
1978
1979
1980
1981
1982
1983
1984
1985
1986
1987
1988
1989
1990
1991
1992
1993
1994
1995
1996
1997
1998
1999
2000
2001
2002
2003
2004
2005
2006
2007
2008
2009
2010
2011
2012
2013
2014
2015
2016
2017
2018
2019
2020
2021
2022
2023
2024
2025
2026
2027
2028
2029
2030
2031
2032
2033
2034
2035
2036
2037
2038
2039
2040
2041
2042
2043
2044
2045
2046
2047
2048
2049
2050
2051
2052
2053
2054
2055
2056
2057
2058
2059
2060
2061
2062
2063
2064
2065
2066
2067
2068
2069
2070
2071
2072
2073
2074
2075
2076
2077
2078
2079
2080
2081
2082
2083
2084
2085
2086
2087
2088
2089
2090
2091
2092
2093
2094
2095
2096
2097
2098
2099
2100
2101
2102
2103
2104
2105
2106
2107
2108
2109
2110
2111
2112
2113
2114
2115
2116
2117
2118
2119
2120
2121
2122
2123
2124
2125
2126
2127
2128
2129
2130
2131
2132
2133
2134
2135
2136
2137
2138
2139
2140
2141
2142
2143
2144
2145
2146
2147
2148
2149
2150
2151
2152
2153
2154
2155
2156
2157
2158
2159
2160
2161
2162
2163
2164
2165
2166
2167
2168
2169
2170
2171
2172
2173
2174
2175
2176
2177
2178
2179
2180
2181
2182
2183
2184
2185
2186
2187
2188
2189
2190
2191
2192
2193
2194
2195
2196
2197
2198
2199
2200
2201
2202
2203
2204
2205
2206
2207
2208
2209
2210
2211
2212
2213
2214
2215
2216
2217
2218
2219
2220
2221
2222
2223
2224
2225
2226
2227
2228
2229
2230
2231
2232
2233
2234
2235
2236
2237
2238
2239
2240
2241
2242
2243
2244
2245
2246
2247
2248
2249
2250
2251
2252
2253
2254
2255
2256
2257
2258
2259
2260
2261
2262
2263
2264
2265
2266
2267
2268
2269
2270
2271
2272
2273
2274
2275
2276
2277
2278
2279
2280
2281
2282
2283
2284
2285
2286
2287
2288
2289
2290
2291
2292
2293
2294
2295
2296
2297
2298
2299
2300
2301
2302
2303
2304
2305
2306
2307
2308
2309
2310
2311
2312
2313
2314
2315
2316
2317
2318
2319
2320
2321
2322
2323
2324
2325
2326
2327
2328
2329
2330
2331
2332
2333
2334
2335
2336
2337
2338
2339
2340
2341
2342
2343
2344
2345
2346
2347
2348
2349
2350
2351
2352
2353
2354
2355
2356
2357
2358
2359
2360
2361
2362
2363
2364
2365
2366
2367
2368
2369
2370
2371
2372
2373
2374
2375
2376
2377
2378
2379
2380
2381
2382
2383
2384
2385
2386
2387
2388
2389
2390
2391
2392
2393
2394
2395
2396
2397
2398
2399
2400
2401
2402
2403
2404
2405
2406
2407
2408
2409
2410
2411
2412
2413
2414
2415
2416
2417
2418
2419
2420
2421
2422
2423
2424
2425
2426
2427
2428
2429
2430
2431
2432
2433
2434
2435
2436
2437
2438
2439
2440
2441
2442
2443
2444
2445
2446
2447
2448
2449
2450
2451
2452
2453
2454
2455
2456
2457
2458
2459
2460
2461
2462
2463
2464
2465
2466
2467
2468
2469
2470
2471
2472
2473
2474
2475
2476
2477
2478
2479
2480
2481
2482
2483
2484
2485
2486
2487
2488
2489
2490
2491
2492
2493
2494
2495
2496
2497
2498
2499
2500
2501
2502
2503
2504
2505
2506
2507
2508
2509
2510
2511
2512
2513
2514
2515
2516
2517
2518
2519
2520
2521
2522
2523
2524
2525
2526
2527
2528
2529
2530
2531
2532
2533
2534
2535
2536
2537
2538
2539
2540
2541
2542
2543
2544
2545
2546
2547
2548
2549
2550
2551
2552
2553
2554
2555
2556
2557
2558
2559
2560
2561
2562
2563
2564
2565
2566
2567
2568
2569
2570
2571
2572
2573
2574
2575
2576
2577
2578
2579
2580
2581
2582
2583
2584
2585
2586
2587
2588
2589
2590
2591
2592
2593
2594
2595
2596
2597
2598
2599
2600
2601
2602
2603
2604
2605
2606
2607
2608
2609
2610
2611
2612
2613
2614
2615
2616
2617
2618
2619
2620
2621
2622
2623
2624
2625
2626
2627
2628
2629
2630
2631
2632
2633
2634
2635
2636
2637
2638
2639
2640
2641
2642
2643
2644
2645
2646
2647
2648
2649
2650
2651
2652
2653
2654
2655
2656
2657
2658
2659
2660
2661
2662
2663
2664
2665
2666
2667
2668
2669
2670
2671
2672
2673
2674
2675
2676
2677
2678
2679
2680
2681
2682
2683
2684
2685
2686
2687
2688
2689
2690
2691
2692
2693
2694
2695
2696
2697
2698
2699
2700
0.4875000000000003 0.6111032757127126 0.3876467242872873
0.6304436393725517 0.3697604273279859 0.6299372365622673
0.320608359984999 0.3832198597817658 0.5426261280311837
0.7212883962948787 0.7201473798794978 0.2777322354397463
0.7294633731290998 0.4766815815596686 0.399739274294256
0.2705208482622155 0.7298269838250581 0.2725929970903784
0.260269808903594 0.6356361348366538 0.5157031816931996
0.4264503828557237 0.2581418821583671 0.7421891864873512
0.2875 0.5067037893929932 0.7554877679818632
0.2625 0.4858570637543994 0.317748756142489
0.6439647282815538 0.7560748255049243 0.5065893490345339
0.4769231616674941 0.5515831009299696 0.618110130149026
0.726990986386738 0.2277162535385954 0.4774379088892294
0.4919653600812721 0.2339130344519844 0.4822686005485226
0.7673079183976317 0.5588662975523206 0.615417607696963
0.7649679471989828 0.233272998057662 0.7670050709549056
0.5793356339452733 0.4764724170946141 0.2274389862894212
0.5049113982419412 0.7726720597660222 0.2272883687028353
0.624255560707848 0.5304381665325357 0.7805152209494812
0.2210739194552621 0.2223733933886444 0.6616501612688874
0.4255198035616877 0.7807415764764345 0.5131496041338963
0.794973244787079 0.450659974977367 0.2057038846670106
0.2047311566971732 0.235261924084973 0.4555884272928858
0.44755984141344 0.4087026480552408 0.3819151122754302
0.4005058631260527 0.5863339309335859 0.2027669241955952
0.8027951332361994 0.6546953346275228 0.4458571356194272
0.7982836244766688 0.4297063219500377 0.801024328975148
0.1927893666486115 0.8091268133381702 0.5659104542067355
0.8110036239394591 0.3785844969460933 0.5630660471677175
0.4587341795744065 0.436157420181852 0.8077229212513252
0.5965971901793666 0.1903134228843689 0.6869711084623458
0.2646995974433967 0.3273611118395899 0.8138467644084746
0.6242453958383269 0.3466384118238569 0.8154990028455248
0.1826066292325465 0.4915421462033684 0.6031451980650194
0.8159086614904264 0.7974635020040963 0.5645044350200445
0.6206093628629684 0.5751220028400941 0.508146421222477
0.1842277770847506 0.5900494973031284 0.1844249164922291
0.6120224663244389 0.3421138316514658 0.4025758646485709
0.8179025303216003 0.8230729907857061 0.3875234629344326
0.1742194232289604 0.4082724268451295 0.4485185790358617
0.3412600761493396 0.4243939620036873 0.1743583810755305
0.6060178590179195 0.6405987812343981 0.1727127813518141
0.8286397763262832 0.3335783562516287 0.3821189328684027
0.28545353182501 0.8261601178813349 0.4181841506222542
0.3761930605236644 0.1729370226690093 0.5981175971719239
0.5379122973731073 0.828642610830711 0.3889427910140939
0.1690353659757691 0.6017645707106301 0.8318660037698101
0.1875480976124469 0.1706489128894575 0.8255022762017339
0.8226908478161853 0.8254506690261456 0.177243516684262
0.832125411938376 0.2016082674640934 0.611477705829343
0.1724838620576286 0.6243403294175001 0.3676072078167312
0.8338225067209327 0.5931193232002931 0.2902831185971081
0.653196815393591 0.8297086262535068 0.167251128694291
0.3555278577952034 0.83363161974357 0.1668610601811199
0.171981430361355 0.8272582699539496 0.1693541600291648
0.4620802585910532 0.3840518852165069 0.6351613926728155
0.1706487277690176 0.4204830214564164 0.1701358654875689
0.3529178608588601 0.1664794924461313 0.4162895648014365
0.3816825375527764 0.5264307216430657 0.4840829093928862
0.1630775749330918 0.6498744061868619 0.6497779491685912
0.5273056624234305 0.1650673477250431 0.835880786016559
0.846129847725771 0.1562499999999997 0.3720601672080803
0.7688189798162899 0.5887924964590106 0.8364267152111824
0.4036040082539147 0.5885081870584773 0.8397844765541493
0.637471586548187 0.5901835114032832 0.3282007568333697
0.355930625104724 0.1600160445623643 0.8460554090571069
0.3032138219768214 0.3390149534226186 0.3832665900291419
0.3375522419059809 0.6213300699433639 0.6553364709450349
0.159924855868147 0.3654528404992144 0.699041258947269
0.4067862098624028 0.7446214765747613 0.3542594528054667
0.3303652498802581 0.8467515939326418 0.6052135450850544
0.5405231082689368 0.4377208219490766 0.5076486284206509
0.1583881207761378 0.4431960297982191 0.8377706570226006
0.5297534821348995 0.6999868465960192 0.6010180679416791
0.6059473584383583 0.1542190484999099 0.4063263439675489
0.762468484891022 0.6304774534161048 0.1545558669955755
0.1565173941361811 0.8250871379609429 0.326686868778319
0.8492684108236344 0.5136551623311267 0.4914462603644717
0.3258565713519093 0.6151108389915373 0.371637745132069
0.5573672796008659 0.8514286687609144 0.5914282460846088
0.8547415674448446 0.1455311279205631 0.847474481661619
0.6781492553049554 0.8505334395716904 0.3391108083017877
0.8611273115890786 0.3341239787451653 0.1562499999999997
0.6432181072602525 0.6264309012014971 0.666502986691737
0.8535870902719234 0.333876851954082 0.6997576111462357
0.6757695756347347 0.1477025923286979 0.8527267839297865
0.4849042543132824 0.3942489840391532 0.1456582508481202
0.3252099897330512 0.379995267739987 0.6900354911555504
0.6855922314530867 0.3925648960959467 0.2853931133760805
0.1435828838534483 0.3181129393047451 0.5606888797963511
0.132996606728452 0.8437499999999998 0.6848237200993691
0.857924939911356 0.6062086310669922 0.7209233917510093
0.6296562656966714 0.1460524266958907 0.550965807039427
0.1480839021091709 0.1446338743990809 0.5584946243668669
0.6726715727033673 0.4059403445790215 0.141320496304689
0.1446349696737217 0.7432684338734254 0.4459238651370423
0.2980070392786122 0.6698686040740064 0.1436352008323174
0.5099116452003345 0.6104404825694927 0.7452548011687782
0.493356924810921 0.306613798357001 0.8600593404973309
0.1654944223189741 0.3804588670604525 0.3079284643412201
0.8608425759807842 0.6613718082284945 0.5773523600783922
0.6944922131819279 0.4564640725551047 0.5365326529500265
0.8627220965943636 0.468013652278401 0.3511616279923224
0.8628093636731698 0.7313374885799846 0.2756854091389624
0.697527442851949 0.8610796733104302 0.6091076056086745
0.1395320317810904 0.5422947095301618 0.4781882685701674
0.5720517310301768 0.4745152611193741 0.3752632314538307
0.8614704706971729 0.472658347718587 0.6755153676607961
0.725365935559398 0.1349702852338775 0.6744322138320977
0.1345995274524988 0.2921327433455754 0.8650599552468452
0.4197156148888133 0.8661555951347617 0.2866005928479983
0.8672597043038189 0.7090518037893528 0.130196359238252
0.854145788139691 0.3065483848264747 0.8570099602044654
0.3135041697710443 0.1335479160408488 0.7160752521833207
0.7112972756933763 0.4610307716395344 0.6970114168308055
0.8647743949357161 0.2456611803952609 0.4836561901721665
0.6223603122631105 0.7197854038384943 0.3746755941701939
0.4908436153380382 0.2494418212102993 0.6198846509605274
0.4322509432947872 0.7017161440188222 0.1333334069941913
0.2781192597340371 0.8679128605650309 0.2764913867094808
0.4444373053638912 0.4666306703933253 0.2563556244230508
0.7187910616442524 0.8670133567016712 0.4728929368746785
0.3330164602480659 0.4360096953151013 0.8652230152605537
0.7052539825612241 0.2555613902912878 0.6107047373171702
0.4124541721399911 0.6470099875563791 0.5428007737690984
0.4704966373239123 0.1367625719957347 0.6956005517692009
0.5121656664511014 0.5490014795634268 0.1322287683875693
0.1329995281273155 0.5205479479792836 0.727545178179409
0.8717071375891079 0.1307294628570947 0.7165869386551599
0.5273873759328156 0.8664707632665181 0.1316762651994681
0.8772693702155694 0.196767806641218 0.2275586903013524
0.3546839339075036 0.4915714433356869 0.6177443763442767
0.6035155793381124 0.5030785802983339 0.6259173322916058
0.1381169776041335 0.7103423987267115 0.235959760138376
0.125524768432425 0.7661903886656036 0.7865893838176773
0.730877984663711 0.6957844747163043 0.5906275325035166
0.1517542359149494 0.1286879898605557 0.3952988167099919
0.2759127143702911 0.1294240862703211 0.5199811150267246
0.606723835895058 0.2885667993831442 0.5256241800114849
0.5239283343244208 0.5361114867537122 0.8702621165568469
0.1235248701708576 0.8725533550168538 0.4774158887469762
0.4217295160138859 0.2777694714722151 0.3775135763297177
0.5058272359389973 0.6438125833518994 0.2600742660463676
0.4168532914445183 0.8739718068127857 0.4190711615657371
0.4767461311335255 0.1293389063712277 0.3812416251218789
0.685838691377299 0.4518003261523234 0.8677018403341668
0.498768929941774 0.1296299329094102 0.5637802506192825
0.6965766739108666 0.5376495631783775 0.2220701684434819
0.2925245025193342 0.5385423765873193 0.128537386501272
0.5266709341674277 0.7078016569434413 0.4689907418223986
0.365203400050501 0.2649361359859225 0.5037386706933933
0.8764015315591821 0.5094120385670008 0.1272173375301625
0.561663682175255 0.4282005758620076 0.7258943721001458
0.1347721824770732 0.5204926846163175 0.2894521264235747
0.2867769120204519 0.627152567401882 0.8758794603858533
0.5403603910284995 0.3718345863368721 0.2965950586627006
0.7274904242691207 0.3565127301799432 0.4603683681684401
0.6472952294286223 0.6214035346002559 0.8713022095562711
0.2595935977387307 0.505756667160816 0.4457914162605806
0.7265142819622761 0.2938120889161828 0.8748282623457972
0.7240580722142909 0.1243537632708767 0.3734807888732986
0.2767466393296033 0.7310844260171186 0.6251824366978216
0.4132374164089219 0.5261375572780729 0.7273222803376969
0.5704055208611719 0.8733138739024351 0.272957483436654
0.8086556495419328 0.1300868420100793 0.505161734856122
0.3683165265442767 0.2840079994379192 0.8751478826378137
0.5457055751215392 0.3012655784974106 0.7252751661369347
0.1332941041991056 0.1327852376614905 0.7089285734651005
0.1229497000569176 0.2789892482626968 0.3698870782124193
0.7094173892870906 0.337583222479112 0.7228906747402528
0.3351176875029814 0.7159800661014766 0.4538753454437498
0.1254335157351261 0.2533019572075901 0.7453811604752268
0.1205495499350757 0.6544905720918536 0.531585169038946
0.8764783357622078 0.8868462760262054 0.6356700115603726
0.7388608674865454 0.749499434318695 0.1234207240251124
0.8768149304287974 0.8775516890995235 0.4864249321706304
0.4372053365591086 0.3673518298304694 0.4996966277158644
0.2876867663652888 0.6074555765158124 0.2526826485952935
0.8735364281634909 0.8730398441605769 0.2841473631783165
0.8783410139631518 0.371203097091342 0.2740870033856408
0.3700983638585499 0.3701457312849878 0.2828050282755062
0.8769743160778166 0.5269145714625438 0.817098310392347
0.1215168356421379 0.8818996766504561 0.83302238013198
0.7125 0.2783963415338324 0.3649629374638112
0.5694961098987691 0.748819581533095 0.123909281451816
0.4005476281293692 0.7375553587695247 0.6266487179343995
0.2461548691965989 0.6269080914626145 0.7384888359916819
0.6317532372807854 0.5204119261492042 0.1180490114553894
0.4064470691410292 0.5226770345036837 0.359339290827135
0.1843839280411227 0.7138266667585995 0.1210738821752493
0.3199370802480904 0.2808333958812658 0.6171749146233388
0.4995269657081742 0.5579686652638534 0.4976363209199977
0.8776856046566845 0.7506430311473 0.4680708130603557
0.4451716446217025 0.8821094322495243 0.6310193248071628
0.6076465896730094 0.2451545134061673 0.8819685005456572
0.6332731951237189 0.7589150693107513 0.6283860641004478
0.5526416370398128 0.4182656396354038 0.8835515432878394
0.5979883440940582 0.8822731404747521 0.4805949215795594
0.1191764945142064 0.6986794818185688 0.8847215687558608
0.5397919808900381 0.2497286852952054 0.3706376137572175
0.8836495975070786 0.3995418050750604 0.4680038267120569
0.3841623027024397 0.6988590860205735 0.2444422510589944
0.7298375443647107 0.7479612080425416 0.4220397932367414
0.7383328863804155 0.5608189160244551 0.4857933629750266
0.7354392577681541 0.8821034978181322 0.2379644006968105
0.1193298723146125 0.5150862571014618 0.1159687022708924
0.2439191921980234 0.514950753994196 0.882563553280341
0.2600369094446878 0.3633862247831107 0.2370654518131495
0.2269571670250469 0.8899973145484373 0.6390742392573927
0.8828213573003076 0.5801350259797003 0.398261405224642
0.7431901086940996 0.6368578711022653 0.7304671846467512
0.7507483401506083 0.5178282138920093 0.1179593486180193
0.404571034361256 0.5033056484410401 0.1125931987772665
0.3086795777553013 0.2499574519210028 0.7360727801895611
0.2610419205151225 0.3618105002873326 0.11284263647244
0.8714370290856834 0.6301702263141435 0.8840369085444197
0.8828783257820751 0.2373449699739183 0.7658724274999592
0.2635421436040376 0.1126232991627723 0.3613436024583953
0.6054743395569113 0.7207469063156177 0.2584984279066614
0.2377901114751527 0.11081481628719 0.629374200196239
0.762857437008527 0.111106299717387 0.7830654589472109
0.2408486352926751 0.7174716710722134 0.384901435580561
0.7470937349004261 0.5876724454804243 0.3682088556331917
0.1073531588513871 0.1913844499242024 0.8962369936672286
0.2717814241620065 0.2286344067764054 0.3607880628137839
0.8635927779052978 0.2248987093495609 0.1150705042262182
0.4010654012774694 0.1086712737288192 0.5046977628069055
0.2633559696876827 0.2355124095664261 0.8847131583254885
0.2655667007719021 0.8855327062805372 0.516463436714275
0.8891461602274155 0.5502105970317792 0.593949057482304
0.4739469746556301 0.8856092329318089 0.518977424702211
0.2611930953806155 0.884064561258905 0.1165948151853685
0.6046063614150717 0.1104094227050013 0.7698676106855046
0.6503008933590219 0.2419391747347726 0.7749322975561433
0.8891879382672027 0.3003979146744438 0.5954269126466573
0.1092389214711792 0.6579221425240075 0.7511629101149265
0.7427842319265254 0.8846889612610586 0.1144783534548832
0.2251094279245074 0.3848654998341883 0.6064588873150639
0.1083054889665071 0.7416422895435804 0.6062323690986068
0.8807358218779886 0.2528724551436112 0.3298719162790242
0.8910663218448122 0.8751839218691507 0.1054716868486672
0.8875 0.7523232176313518 0.6417496428708296
0.3820993860578544 0.3541169524111766 0.7858306431743186
0.882458808510056 0.4296149167485019 0.8840841917447092
0.1126138155767035 0.2296689827959179 0.6262020314170414
0.1113496951611997 0.4261825452846356 0.5422457927913261
0.3511452915158951 0.4252015297522582 0.4408874757059784
0.6789448795807689 0.6481350886157288 0.4429033273438666
0.7806845299234904 0.3973149059898899 0.1060154837915054
0.8704609510091571 0.6083522722799383 0.1834535595874618
0.5174695109512021 0.730864944948678 0.3322577428115707
0.1088921565820565 0.5283034762916099 0.8923483716725426
0.8877932986704979 0.5032100714076596 0.2457438058231925
0.5192905799841093 0.5390570082436581 0.299413458615763
0.2821124710417848 0.7743849272980392 0.1062443561440346
0.4460731777616079 0.1089895371146859 0.8894193694263943
0.894023364367991 0.6895350113238803 0.3752030814688331
0.1079590920354551 0.7132152703432809 0.3441103570548998
0.1118672287331822 0.6287291776198279 0.1072245884818834
0.4426738404719607 0.4646234950278231 0.554386383751768
0.7444910876135791 0.3559807356923388 0.2034780046545499
0.2619249553736423 0.1116603130997388 0.8884173101204825
0.2735043249999977 0.5316840092618998 0.5530917846572059
0.5128637558721144 0.6455302333352947 0.893541848662942
0.8527475184695096 0.1036122054529899 0.2774402585450477
0.7862372438710655 0.525726339114552 0.7469193050885637
0.7695370789522809 0.5033208292362887 0.2998751588081013
0.7038386703442886 0.1026347419171987 0.4805560690193585
0.5817652206970471 0.370995423296722 0.1939374260299951
0.1043438595329608 0.5697747102744941 0.6009453373245235
0.2492503555268812 0.2991562509605854 0.5341163082617882
0.8833395507501459 0.1139428346637674 0.1455149186806013
0.4034940419929174 0.6398824636014147 0.7419947211694011
0.106082122636292 0.8922395844117401 0.2505495798982997
0.1095467865168102 0.4791508331890882 0.3905512738642666
0.104160323382041 0.1934123890871837 0.4703223969302708
0.7914534276946794 0.494362241097713 0.8922001157937551
0.6115101466429539 0.6431283930125162 0.7700460121886963
0.2545131345966614 0.5503841217195046 0.6608160110998501
0.2355534119679998 0.4976500423725714 0.2124336324214361
0.1244886289317208 0.8942661635023103 0.5863073944092287
0.101324324244659 0.3554650477167888 0.2230754658224958
0.1206019038890712 0.8974691415141535 0.1033733809934984
0.4211171363859369 0.4943729599351318 0.8918112150510443
0.8973634750939499 0.3867050306882898 0.7847494427220526
0.6275335487505613 0.6667214822695653 0.5665833072741109
0.3430869086132901 0.5052459827423228 0.2472035532047015
0.2907123940985228 0.7807008405626394 0.5287992344143608
0.5240004575439663 0.6526795643185799 0.1026137439775672
0.4247622686760047 0.8924516406588573 0.1072942797131933
0.101005838768466 0.4454885500215004 0.6568157922850182
0.1007764373429331 0.3303011796783338 0.4622910921583735
0.4214803338713187 0.3804047183489451 0.8923125084266779
0.3911083310080749 0.3559000777555102 0.1061400386149376
0.413419383212614 0.6176337340690921 0.3089051091692708
0.4488298956734777 0.216306313864759 0.8983495494527644
0.4219485191488049 0.101023745894245 0.7847998462687779
0.7670266159149859 0.1937638674327629 0.8909568669073303
0.230530179076725 0.4157145724301438 0.7628136094679927
0.1020514924649709 0.6227412892492159 0.2865481032130303
0.8934607849643973 0.4473201149998068 0.563633657183836
0.5348660215218857 0.1017443927838299 0.4668716506659363
0.1029973401531683 0.363535356119172 0.7906418459898858
0.7684814860195528 0.3899517564405612 0.8957517296366866
0.6422680713210756 0.4351868912422979 0.4456759929547407
0.4921533666839399 0.7878401618910426 0.6487173906391082
0.8889024523520506 0.1039178053033798 0.6081261255705882
0.200468798744137 0.8956808600459153 0.4005256276771598
0.5086707682927644 0.334263188000949 0.4277579293458305
0.7546067731650917 0.7809686306295121 0.6500955436822797
0.1200446794617729 0.360423981044772 0.09850152213590053
0.5893995374317272 0.1030889955934992 0.8963396179164871
0.1573315013020747 0.09818257721354383 0.8963544115186433
0.3943847053003069 0.6085798124366941 0.09909297597366012
0.7860638370529006 0.8035378762886075 0.2882048576973881
0.5759742072147374 0.430788435038412 0.1044207393642016
0.5233745738485148 0.3457755618412331 0.5575792061430069
0.7324160436051161 0.1608044448867481 0.571958834911892
0.7936099161736245 0.6794204991877865 0.3433757033716467
0.6788224920501029 0.6655860165640347 0.1001767685815478
0.3696693964358482 0.9026702060503587 0.5244477858977058
0.5571491103368554 0.1008227597742257 0.6469951048513241
0.8065816453837894 0.6883217067221328 0.6636948068651648
0.7875931246165601 0.2768332165142469 0.5483752061805661
0.7098362294411608 0.3496731034602225 0.5638715474670136
0.09992411055821633 0.8006938811190347 0.8948199752454844
0.2367892717602173 0.3939038024280884 0.8962309504945634
0.4517840250124469 0.6486984014643492 0.6491619230302157
0.6609109811053062 0.4881261922205462 0.3210931691575217
0.9017430088254456 0.6045396625929933 0.4988323501380654
0.7860710325247829 0.4008121598760885 0.3139499126849002
0.9022003380398262 0.1498578046439805 0.4609876208541361
0.2218424298047911 0.1006070527078387 0.7552303969469197
0.7810920113703739 0.8977327765547928 0.5538527636669269
0.620291044415759 0.9028507408540876 0.09996195120605272
0.3345971283393329 0.8966691781597167 0.3592295023113982
0.7516222895037963 0.09369418161080666 0.8998957266828685
0.4013059576531916 0.6369498610969679 0.4398555098240693
0.5800436786054962 0.5711013268037677 0.4126153728533657
0.7745610893175451 0.3877995958183152 0.6597229938350369
0.5909927080922927 0.2742295636114816 0.6268133870714435
0.4138699832220851 0.3083181110843057 0.5839429711727537
0.1638391798072882 0.743561154866197 0.6933403096634416
0.1606414448508788 0.9062499999999997 0.750330483282443
0.5191522787202207 0.5108949805348768 0.7704165906642549
0.8965520253091507 0.8922669738931557 0.3845611347372701
0.3500190570391954 0.7944410951035933 0.2619503375466604
0.4597836343941543 0.3514881697589243 0.2358581760411507
0.7541821199055242 0.903775265096772 0.3835335368133479
0.4591843483600798 0.7956952112195637 0.1013191048470933
0.5347992776083583 0.8044198924320098 0.5029220477154894
0.09606549582291637 0.6253306644683 0.4362072600914151
0.7362838568875864 0.6187793038304198 0.2709357736744776
0.6219595889622701 0.5258415168013603 0.8988540542124275
0.6353960802947686 0.2479400374856898 0.435889973553874
0.09793680380987731 0.757855526345886 0.1544072343201487
0.4880298292225068 0.9024225034510007 0.2192742690856843
0.4139182018774085 0.4242049705850033 0.7162830665267275
0.2383719647107511 0.4402954086318145 0.5214970699629983
0.7918348263407196 0.7151249829298326 0.2038626248458636
0.09996152777528915 0.1128623552626381 0.8079738091902122
0.2029014877430967 0.7079651360423381 0.5588652701160444
0.4984667020627794 0.9067989075432283 0.336847093511216
0.7975567260107788 0.2394014173810808 0.405022672515561
0.2076279837140819 0.6706069530808607 0.9062499999999998
0.7811452443355665 0.4385389379699925 0.4867844112328414
0.6041929106096569 0.9050601019508212 0.3819877025939341
0.09842787387637236 0.8946326513280363 0.3785203551867631
0.6346982944621804 0.8091754578714001 0.4207813817115185
0.5673828547828877 0.5957646172047669 0.6067273819425644
0.4833948003712756 0.4956942327391659 0.4194107012310055
0.7924622314764458 0.3307308624065979 0.7804298847492115
0.7840379000715271 0.2655658174111488 0.6731783383160731
0.2473414279558228 0.3156744092419398 0.6900336810008129
0.26403760849088 0.8014896193898955 0.2017908869370088
0.9053432868635599 0.7874077288902254 0.3493304702698233
0.385724978672737 0.0989475353253927 0.3478123370785981
0.2063079752594715 0.3228433615020899 0.4057437510899374
0.8987709946087338 0.4255997385515471 0.1806547803713866
0.6526590623831037 0.4340240909647124 0.7742984186161813
0.7359683427760501 0.65407213358608 0.9053270019181152
0.2336850100064636 0.4597458581506566 0.09938487205309339
0.8984808472401253 0.2235144353400078 0.8976365551442038
0.2303683868921509 0.6113383281425795 0.09760877798292006
0.3362096899675933 0.5456831165480437 0.9077327150639921
0.3218076692022674 0.6563262749179288 0.7907692125720386
0.2273472421744203 0.2057581104471256 0.563039400711949
0.907915933820994 0.9045490624302782 0.1976878136603518
0.779267747340905 0.9015661574996724 0.6537254258299976
0.09677125587883539 0.4780391983494212 0.2066444881284359
0.2574088669101071 0.4513989007628351 0.6735265358037664
0.6231060235616078 0.3868762169564443 0.5313231830495893
0.6175523119280079 0.9021018452941578 0.6536870336430678
0.5133671643784891 0.2098316522843269 0.7479945911206063
0.6543966102085088 0.7297474764201231 0.1722668101528427
0.7944537002083573 0.5499770910801028 0.2098458141965723
0.6625581461299669 0.3631185486361321 0.9054569093490986
0.775232015320399 0.7271326153539663 0.5076845846280834
0.1060003701280415 0.3836287200171527 0.9044889453032952
0.9104790466117162 0.7927991861119748 0.1525652623436573
0.2210061875888872 0.90608016621493 0.2047326818309471
0.3868864574093106 0.0968796335917172 0.6606165349515412
0.1984197581290784 0.5908574642290819 0.5786440124710458
0.6713716110297596 0.5669229543490997 0.5926600851362058
0.1940527985681424 0.5281454655604361 0.3752235428076468
0.3481832032915269 0.4444238629554899 0.3440731116514732
0.4896865642843315 0.4707901565976151 0.6734132810736867
0.09617650322829761 0.7875936754260759 0.5196707594336809
0.5549891809952429 0.2102902662092958 0.5560125496802091
0.9098052797461619 0.3926867927123912 0.6440635953060101
0.1978841646386232 0.6418986099701138 0.2740457632431325
0.5921775661166826 0.5728060274217016 0.2426301640667584
0.8405055072878135 0.2870815668835037 0.2400745580029776
0.7723680182096951 0.4626587038680073 0.5961215019415363
0.2187909690416092 0.2493438994082084 0.7756923384345444
0.2537143762375911 0.4232607578930886 0.3928783199588139
0.9022172645539128 0.2377674694038978 0.6697424808671759
0.5495530807005821 0.4223452829755663 0.6128315231973225
0.9112198695917491 0.6470024921702924 0.2637270979845361
0.6913887175751576 0.5554471590823815 0.7137435339301863
0.3759435161828789 0.6531353699244847 0.9088641805241244
0.5606062397445684 0.6733746480654443 0.690020307445832
0.7131444944659038 0.5584386255906015 0.9105402806795875
0.09680248803296118 0.3821602784207155 0.3785786694263942
0.6166574395216886 0.3420817239921023 0.09158993162343455
0.9065346182564038 0.6524195856155828 0.7939845991698949
0.1898461680890606 0.09650136918352933 0.4817186920502385
0.4674693437609203 0.7719822451814453 0.4255398795939042
0.6653971604274915 0.7975413825622906 0.2583805419183341
0.2465120539735605 0.6002012542943372 0.4260640836480807
0.2032417571076949 0.8172963186710279 0.4695010483172716
0.09444910508584344 0.7953068651033681 0.2571491368305563
0.5318429235825387 0.3725388054245794 0.7998332225656342
0.2800262123062167 0.8195866747741409 0.669594430665246
0.6375 0.3130842755810108 0.3135268839543054
0.6439552063793285 0.9098185055150522 0.2212354787234627
0.09157691878476039 0.09486943905972747 0.4668269199654845
0.579933650827937 0.5610588886916159 0.6999310985320495
0.328379143547165 0.6944015353419614 0.5518059277063883
0.5599111565956532 0.08838701027309646 0.3511227506254225
0.905141515640038 0.1879022179087233 0.549732487228878
0.9099885932666109 0.6603633086331019 0.6603762329108783
0.09681654368350329 0.0907909688184701 0.6256240977267069
0.9092349636742203 0.8050633622413144 0.5412302839049177
0.7787079782789091 0.6321726157286723 0.5363631415797379
0.8400539057302776 0.7960991898448189 0.08775943975383051
0.2008956022009442 0.5185255974571968 0.7956651777853866
0.09352010795765306 0.1892383875359701 0.3459218323602486
0.7157725583383723 0.3755330840067713 0.8168354420057797
0.5715775310011483 0.3287168095663502 0.9124265341694068
0.09129757544187936 0.3530186860469228 0.633161533046396
0.1778136009961398 0.6910086806765817 0.8054195180321742
0.6732776883673719 0.1963471281895358 0.3393568690629657
0.3671434056478346 0.5055016079041995 0.8087572588671212
0.09026429651133876 0.8000330472234082 0.3911747072496765
0.3558131064842132 0.5761243375075092 0.573050352473728
0.8309277841902614 0.5914509263254983 0.09354507772326431
0.2775515782559024 0.1761307580721812 0.7937483115598148
0.6509448919556847 0.0954564591841027 0.6292487616995628
0.722078995747793 0.7994667760744816 0.5403600200436566
0.4013026240501293 0.3236558903280242 0.6773833534697774
0.3546951895614016 0.08803528496422469 0.909318708460341
0.3530464943704035 0.904968525969893 0.2303056854490078
0.2478995025601715 0.7986218640043947 0.3348254310930711
0.08913034463008744 0.5577646298635676 0.8037239043422834
0.3218783588423597 0.08610006885776018 0.5915518554804411
0.5063473996266832 0.9077874828271446 0.4319713842998384
0.5647074727023119 0.6491694247762395 0.3464517370499992
0.6732942075533701 0.5517968931818151 0.4167021383580587
0.5930550771264064 0.79230866512384 0.3202155073167912
0.9070852715601863 0.3141785690829241 0.4326649603166661
0.3884616164604996 0.1869683321709343 0.6915365996786214
0.9069518857154785 0.3846382274803032 0.3639294698517401
0.2650389011350194 0.3652489765446063 0.4674761123135062
0.8177993503125918 0.3314435298998277 0.4765928972758283
0.2392240686455961 0.3160727759210765 0.3168325054586151
0.8971428830636129 0.08484641421926455 0.904627628198957
0.902936174027809 0.5413292235792534 0.9103471675716379
0.6352041625348021 0.9139536157727357 0.5615467961638987
0.4634372433932068 0.6572325495380157 0.8134320478738593
0.7912259294299254 0.09408381498154099 0.6139199305378445
0.6938821274539628 0.6634955150628319 0.3485024215010593
0.4407876990896915 0.1910260740624782 0.8074417758502468
0.3270452873079904 0.4562863832207192 0.08679445470969781
0.6936846718210344 0.3916552659264345 0.3794859939032349
0.1965521536008237 0.9099794451309262 0.3054410226367286
0.4134215937643505 0.1894054175365036 0.3446080982430902
0.488981353433658 0.4688825801419014 0.0879454903655979
0.2936682385415972 0.2104893008595452 0.4750763426792222
0.3068202372740448 0.08842480013962833 0.4412223009835635
0.7139078853931751 0.5181096898905606 0.8068769915195945
0.5149244459744258 0.08659569436649137 0.7854621839965256
0.5487813551647921 0.6339815957659696 0.5228604423904847
0.7014931815540892 0.222562340491405 0.6985819567804452
0.1857921891929376 0.660841608109463 0.4642909582969287
0.8054087057608283 0.2166959228112494 0.3167215161013163
0.7986923225646392 0.09036918534434256 0.4201519633414909
0.3732693493512391 0.7599018221407926 0.08924267962502018
0.9078953256955141 0.08744048085140269 0.7935532901621326
0.3343953821476746 0.9089074271580301 0.6686431614182561
0.09798766059448792 0.5677470975926577 0.3623087507959815
0.1629078552386939 0.912171085130847 0.912171085130847
0.375 0.3351349416853941 0.1960549415455713
0.874643917884553 0.4025868976802132 0.0914559333145596
0.7116065599652074 0.6595032836250327 0.8153597996376867
0.9130964282345601 0.5300819157197659 0.7298929034646352
0.6090457616543969 0.6052017947263506 0.08644939180161751
0.8107795131730451 0.5216477156149772 0.406942540138678
0.3205330059165681 0.3556614579570561 0.9107808066557868
0.911035963781165 0.4802379637642019 0.4300300468283368
0.4176800624027889 0.7701529937412213 0.1947845176950094
0.08810180461482195 0.5950533264457841 0.194829612625361
0.8216531049389678 0.3019662910268298 0.08141589077101706
0.4640845010202127 0.3432285166734325 0.7432046386923868
0.3236039934359667 0.7040895823030552 0.3445398651795628
0.2271686741819827 0.6904670366961784 0.2003063005225752
0.6555660193247035 0.7758213285748977 0.09147582736215722
0.08966583327968687 0.4543494636024151 0.7762487979791137
0.3768929225959682 0.3307702044081873 0.4392451449491588
0.68483545133876 0.1559488478070111 0.7608480137739001
0.08352312775188143 0.250343981684932 0.5405852126529264
0.09292763214827339 0.4368488266494168 0.2905313520077187
0.8141573456817985 0.6531453472343194 0.7876713279206147
0.7932389492560068 0.8121773505599993 0.4760235714388235
0.7410035080781467 0.792388285612055 0.2053450424268629
0.4952310907143989 0.8171868484624042 0.3077371340619331
0.5281207018640597 0.6935808118773836 0.1854211753132062
0.9141760216321304 0.1662549226764778 0.3066721298307998
0.3218169555215313 0.4231227337928062 0.7744875013884583
0.08608716580624308 0.08706461739650331 0.3423228486686779
0.6192808937471169 0.356511547577431 0.7204291624854838
0.1819524975043529 0.2088825384333811 0.3618706295844836
0.3740486839982707 0.4016904994700546 0.6151737201909206
0.09132366563033678 0.5927489619854102 0.6889392945107029
0.3153030042555451 0.09187794541174832 0.7985825501078503
0.3714037645145897 0.7943349153648798 0.4228034574682677
0.2122865861544208 0.3068333958523515 0.911607714645472
0.5561026124736725 0.263998703737518 0.8084560107503588
0.5263488964526315 0.9137050192267908 0.6614258899848228
0.9156979383525145 0.2250351607748528 0.4102275560632744
0.7935589390036103 0.9153095766637499 0.301141963904251
0.9187697125360738 0.2860307493270868 0.08083545732827041
0.7909895870738357 0.6841150986626625 0.08596036336297026
0.1947861836366975 0.7790393202679392 0.2573736689630506
0.486247544956864 0.3008779804934649 0.3168706755493891
0.479098446021546 0.5417515298276322 0.2172466783673011
0.8002098950465398 0.9153660194081997 0.1805248677874703
0.2522499173587607 0.6431924575465705 0.6307974206587311
0.3401909122529556 0.9169889187280057 0.08884243906993841
0.7203342353380424 0.3337207337819389 0.1208500445484089
0.9153620201971291 0.6363624538344574 0.09074442960252183
0.2482208808133299 0.5877226197214105 0.3324639477519301
0.3202386667686847 0.9118618891095691 0.4481663341846737
0.6910111997306682 0.7037275538346088 0.6721004134894513
0.5366080964233417 0.5086494271761602 0.5645061787397357
0.4346725747360952 0.2255542127685517 0.5524335549997305
0.3434508601510174 0.2762060092528228 0.3311976339150323
0.2029140847017136 0.1751148736995194 0.9145986856597779
0.804500958155175 0.4191653158212659 0.4010739829736219
0.6504276715416401 0.6419804472358243 0.2520383700987503
0.1358262623284102 0.8078623122028856 0.08651769645254415
0.3176483444434278 0.524868802278134 0.3785382402173811
0.7047166826204854 0.4474029200299058 0.2155325106808103
0.9038924460885006 0.0866223591046649 0.3526516752684585
0.08674655381107364 0.6161014575546859 0.9100434642850861
0.9123148939848423 0.5553091968081744 0.3160051435548631
0.3325063574027394 0.5834870481332848 0.7376817254023847
0.3315679151172507 0.743181634343725 0.1852572225930388
0.6819102995089754 0.5892798448714858 0.1490170793609586
0.915386780199765 0.2707619580103541 0.191688633540767
0.1837352842732264 0.5738505045646535 0.9173360345075013
0.3076036225264306 0.1973423060873797 0.6520285543295851
0.6499848574458237 0.08732397740123418 0.3342054890713149
0.7775093962592693 0.3108077893693059 0.3110581406593858
0.9152367649276578 0.3488716230460789 0.9087847257385526
0.3261365858014328 0.5958806369488723 0.468430451517382
0.7982461013762616 0.1809697329094928 0.7013587523741535
0.5026902175714466 0.4494674521136246 0.3231699092676261
0.1717189531483694 0.2955621773107768 0.6433221211859893
0.7954597092755554 0.08464643294734774 0.7033880166898309
0.912487503744155 0.8010045628820563 0.2435683510537616
0.4362586158235753 0.1709571123301384 0.4500441663636608
0.2373415413982052 0.7340794624452067 0.4732991007604512
0.783974084842802 0.08513533539058506 0.3257564079280397
0.08347230590754137 0.8461608497394777 0.1680398498492559
0.6134346977044867 0.4041970863734257 0.337645276983012
0.08157789702084932 0.6561070537509717 0.6125087834315867
0.1725795915404175 0.7599504298865691 0.9062499999999998
0.7964466483245005 0.9133957986189365 0.4634802374550657
0.4771407660413272 0.6211414226098886 0.1721304793869721
0.5907523984208191 0.6578554624798438 0.4315800548657991
0.884599451771544 0.0867986974667863 0.5210503388896279
0.4563790423305238 0.5782375089975837 0.9115699574689592
0.5880969713507221 0.5021745328647739 0.4685595497250526
0.08691507083792592 0.423895979745699 0.4566321483694129
0.9181491960127077 0.3348617756655771 0.5185811078919702
0.08173374782686531 0.9144350753594478 0.7074190629755589
0.1827267603741954 0.3580316952171366 0.829677281838461
0.659104529302472 0.334630487580491 0.221920155953727
0.5071452890603899 0.3355771608427012 0.08193429259693812
0.3226730783889458 0.4678582460348716 0.5155329804183614
0.39110615980769 0.8185052081838563 0.6661920510911726
0.07835197094431388 0.3226059268075954 0.7156802183533054
0.2370722747604591 0.1552142609170739 0.4346686860840904
0.5699814102289693 0.8255912957262276 0.1980425684285147
0.5511182947332856 0.6065152997186786 0.8236879098254797
0.6874948648186971 0.2252011037780218 0.916485584452983
0.08018418049652985 0.7722830495635383 0.6847627258075205
0.535223922733628 0.2057908172658474 0.913965813086306
0.1736852893206204 0.4496853059840099 0.2535372836720213
0.8242019684049897 0.2271061592227682 0.832345301728026
0.6181330563594615 0.08303259113827025 0.4900158304740712
0.34182831613908 0.2108118471732148 0.9169772803682753
0.1859312870776353 0.3331135217325562 0.1537233516893131
0.08407781739771127 0.5101495452392857 0.5389859455176726
0.2673619142991999 0.5754780022874847 0.8070109558094583
0.815996723324118 0.7369056524220559 0.4064791887333009
0.427876636956067 0.08129547176356444 0.5841155493689519
0.7347506443969205 0.5951540232910483 0.07861300309796017
0.9180260896067051 0.717074438757231 0.5392675937641482
0.5385819751005574 0.3420288027032171 0.6474482280527408
0.08369566750581037 0.7094409230356937 0.080360507209933
0.08813605342915688 0.8423378872696331 0.7611664863766184
0.3651383857083776 0.2354844849595927 0.8018985536998029
0.9157977049337075 0.7201702192893931 0.2044974121365259
0.6347746136351674 0.8262162685418264 0.5585756372111675
0.667103092376471 0.08306408214709607 0.7146306697613883
0.3421871687895141 0.2535859286322992 0.4159885803999953
0.6584850411597812 0.1827725938981314 0.6252457910932139
0.5789728571908859 0.4624452147019479 0.8124849518306094
0.6707997730626502 0.4470652899237784 0.6204654007179436
0.08508522152546959 0.4349755378470571 0.130430760270842
0.6920995216489804 0.6235084459342422 0.5259941908573904
0.2834100466781365 0.3922124974466022 0.316475515802558
0.08194518254478335 0.3340695107844812 0.2953146115827192
0.2962864959534913 0.6859530361495979 0.6976372025777327
0.5118587164548103 0.4208661118869911 0.2245171023146053
0.5583234623922124 0.4062130378426602 0.4280705185575556
0.665218263862337 0.225044341272671 0.5392356887375584
0.9142336738474447 0.9134206667006346 0.5591878389657049
0.1682017849397747 0.5632336772360546 0.6600614081655605
0.1834242751946679 0.9180617595800634 0.5244262001948644
0.4717856724372196 0.7106567106568785 0.5367221162326187
0.3335120976147943 0.8105289249004577 0.3460035800015318
0.6900879758557368 0.4668451644622444 0.08113582128947894
0.4298983024742054 0.4488010951021086 0.4696832973177125
0.6278512064914573 0.483633211333636 0.7072049707332478
0.8166978923805517 0.9068738361204971 0.07780351223804888
0.6910659341060592 0.7647844740142008 0.34600677415625
0.3392826373810237 0.4653797187932898 0.6991971257245416
0.571537627586242 0.2007124474708469 0.4712150224511192
0.8314493460552502 0.08223096768013653 0.08223096768013652
0.08912436543635016 0.2018148711972452 0.8091151579522236
0.7970861846899322 0.3120694791428483 0.9228113142503398
0.5716986543949439 0.08299146753083886 0.5635427029973999
0.7271717523827155 0.6292358761493777 0.6457884203208598
0.3258379933047565 0.1663669634236116 0.333891506415829
0.9143236932683885 0.8209521674812156 0.4316093148101136
0.3129658182586579 0.2171601912523129 0.5590954216247341
0.4983304382974855 0.9229376207254737 0.07516545449748552
0.1753690584909233 0.4503868398464511 0.7004081581594029
0.584050543117657 0.8233521317742921 0.08292325272115678
0.8083687339169742 0.5773812200461749 0.9134755439917073
0.4559449166941851 0.6904297531425185 0.3999325749201331
0.2867675535795476 0.4447012806495526 0.592727354934385
0.5739623371228812 0.8096613032103549 0.665011184378702
0.8374699173702945 0.6039365862331215 0.6372221164420661
0.9213512357222031 0.3123982984584242 0.7483929136635376
0.3971314068382095 0.5594183147427506 0.6495452378016862
0.5782822168685569 0.7595367798970823 0.562143624752499
0.6479703611409684 0.9240445522430401 0.3060315970485852
0.921988061689057 0.6771745541853333 0.4562319540509457
0.07800888437664155 0.9200701658200615 0.9200701658200615
0.1892267579402107 0.7164345265829 0.3161018900376013
0.424092039170646 0.4474861642909963 0.1750267327057369
0.08523464883812928 0.8238564938450765 0.6161705975914946
0.8330676513621522 0.8167727742436138 0.6651787639946887
0.4984758498023504 0.4726052539420294 0.9222758153638595
0.1812423889964067 0.3294408386860554 0.2406747996946161
0.8663441253567381 0.4630630387208143 0.7606948600873293
0.5495507244672546 0.9201496183917616 0.540535660332956
0.6690744426617747 0.07641360988010662 0.9055834803931162
0.6984744806755356 0.9226850043505438 0.6731606988310407
0.4807584621531673 0.8159340858512087 0.5685016734509355
0.6105076913494878 0.4704003160594091 0.5447376248508438
0.8140665071995847 0.4728645218943414 0.07886677204307152
0.1859699843199876 0.4608923019670984 0.9182846876144656
0.5796288737884164 0.5978065211657401 0.9183843695345659
0.1859418010276767 0.333425515892746 0.4880631597230795
0.6789457293388642 0.9211638318710248 0.4201393674392404
0.2558461534058594 0.4230523554246505 0.1760523542851056
0.5658355897226612 0.9180331578559486 0.1878070733635183
0.6573575294041342 0.1736248176728721 0.4716003958212622
0.07646152669189307 0.4504645618514514 0.8604488815235483
0.5366699347620495 0.170839740093678 0.3325583284154475
0.1532732902058396 0.4372672990562534 0.07760069509961218
0.3509037537705441 0.6785571630006942 0.07742971725239327
0.9210250955071173 0.4419716154710243 0.2947670334663487
0.1920990609979424 0.07440213420644561 0.3490133033955247
0.4191194008591381 0.08394480136875693 0.4249709149722825
0.4794802389378415 0.6371059168726221 0.4735341247111045
0.1673656468668538 0.5959205683438827 0.7469934184354536
0.7106676514706005 0.2223237722230633 0.831551148107475
0.7122260376227748 0.676795441049581 0.2051511043760344
0.2016802857109884 0.5351530505189189 0.1219593666474906
0.6782248548928114 0.0810605998279746 0.8002311176347832
0.08612685397758518 0.2645940516021006 0.9239852106673258
0.4368626480946412 0.7636608274246793 0.2772088313042072
0.2067335803831659 0.558021472151866 0.2646510185108537
0.9184085628955868 0.0824700135416212 0.2210966313013047
0.2004980042025732 0.1792165287328195 0.7316778299555371
0.6358473120372059 0.276230983939919 0.6987424357886158
0.2898267980925434 0.9199959496903094 0.590313577473728
0.3490804070964529 0.5624819355877506 0.309409686337451
0.7931094545183464 0.4463420423162678 0.7181029328118756
0.07590194082240224 0.917406745632829 0.5255084497552376
0.1419488753872837 0.9234093009539263 0.1807983444453736
0.9231993443720747 0.1893085611686637 0.8230311909147353
0.7306006257328568 0.07731223014822752 0.5569830747114878
0.08287757411857136 0.6447705482536914 0.8305056318355724
0.170162671953929 0.8258481165348479 0.7546215422838848
0.2188741563463315 0.5642406263858639 0.4974005133423461
0.4519323352925962 0.8435220941081172 0.1706068962908952
0.6077115327886827 0.1813676703370156 0.8156450543333921
0.3127540177391692 0.6032473039075519 0.07822194204855863
0.4496188774326219 0.5214624928137322 0.8171084467129087
0.1962466137624822 0.9247583077166865 0.08756617277533309
0.18039014599664 0.446610463242568 0.3581946662457102
0.7654533054449874 0.1667644574886725 0.4335503729041161
0.4317968758810993 0.5509491248539519 0.5470830984618839
0.1994454838921421 0.8060158531489761 0.6496929565226438
0.1700070489343691 0.1597895695452483 0.6382543061896171
0.3341296907857408 0.8336520827657518 0.07560961400432975
0.0929252590809863 0.676271881455367 0.1738603371610409
0.07906580083540397 0.6986333978236782 0.4734494042603979
0.3349153220367447 0.8371465076492164 0.4851214026440727
0.07537348695251266 0.5877435939110455 0.5082996047740481
0.9118979943083477 0.7558660433049831 0.07838980286113709
0.4854331554921207 0.6238186203118696 0.5766486124236171
0.4565542106455772 0.173109116083888 0.621508583419867
0.6867363409925271 0.2972428923080892 0.5029836341313836
0.8214326185538909 0.2212109379584256 0.1798671878845627
0.4371711454359929 0.2958962600005994 0.9209746342464109
0.5287347377580739 0.4725345581475357 0.1612131513024517
0.08242735774800333 0.1987387354599569 0.6982047272517951
0.2874634676350468 0.4431791388607019 0.2505698015934471
0.2703326796110593 0.2854213441942623 0.4439067919923624
0.4725003514681799 0.593655826431141 0.0740528189734084
0.5855917050853819 0.67633149479106 0.8554935876091385
0.2551532889713577 0.7000184377579119 0.07798020981380112
0.4139969421597366 0.9202277340059802 0.3497833882805347
0.5151662478666803 0.07846312308528493 0.9225966770203416
0.256108589188955 0.447406191777558 0.8354327856140115
0.6570888973466267 0.07671823125074755 0.4165855856374696
0.9292488065822088 0.4636269127897314 0.08954413452766183
0.07445391960052326 0.1075523860854597 0.5472550542793451
0.432679405657507 0.5608972415870442 0.4282833875896583
0.786859831846567 0.3109653323372659 0.1562499999999997
0.9227628874064936 0.07635014404984571 0.08247765898943529
0.560330009456682 0.5099339330342759 0.07700729323430586
0.6246176479679314 0.4352226355623698 0.9212190250802202
0.3222803993692648 0.5982785405003394 0.1778310955482597
0.409254410368447 0.2409720725474526 0.6321258462779995
0.8047366782801872 0.6361721319037618 0.2256631310763877
0.1898374496700904 0.7882924489910704 0.3930413253725122
0.9262169822327146 0.278281463023726 0.8248233878158244
0.8989230985703418 0.1584183111375343 0.07368199982917475
0.218247546078906 0.8220051466389284 0.0799850966149796
0.9254157122434563 0.5558038254426533 0.08106726699230646
0.1985468592750284 0.07779614759586463 0.5630120598728217
0.8164077968149687 0.3250895033055528 0.6258414035168146
0.5028101935595953 0.7290661575830627 0.07929360454883072
0.3908233168717488 0.3525172264072922 0.3607908148261931
0.5651406074748229 0.3481468665834155 0.4863846416522279
0.1526616090583965 0.9201883894273332 0.6597435858976884
0.8193616705090179 0.5619020390509319 0.55140176575001
0.1648060401344379 0.2458050394546279 0.5270428658213687
0.7097980181045261 0.2958177670818518 0.7940514353775776
0.9227115017150345 0.5787901510949911 0.6638391208938845
0.4985372526460723 0.3666244212973773 0.918383321312237
0.824326866377329 0.0714996381788552 0.8707474395845083
0.727661318580221 0.8276602553104164 0.4009665254339622
0.9268063687733592 0.6693235440603759 0.9264962772002083
0.363513145001318 0.7813909661411855 0.5674668336790413
0.7259955174026933 0.814632184549934 0.07522396804772791
0.9225344824765446 0.1859645480567597 0.1587606004049055
0.364944618230158 0.1826365402357994 0.5054074605689649
0.9240036566280049 0.8240396441749698 0.6611152693876667
0.5381283162198197 0.1790694512613942 0.6302198117790454
0.473644995968772 0.07067033747754629 0.5121984421888913
0.3810284020590916 0.9253588854571132 0.6027921574983964
0.07778899833827187 0.07768575752284365 0.9176913321246307
0.2990452845883589 0.4752000782570062 0.9295165697404236
0.4159520112995415 0.7126697616546981 0.4681615329339936
0.1673168531219133 0.81271265175596 0.8418260717664759
0.601874907185411 0.6868361398639142 0.0808165592398595
0.8175531256430523 0.07128124471446852 0.2207795948326998
0.4212968636530424 0.5430322816696941 0.2755393852802748
0.5688615098573744 0.7602007211425252 0.4219931999482509
0.9236632482313394 0.5290659903720617 0.5225344935513756
0.4253411095054337 0.291835354574329 0.8168537456188468
0.6539582629891482 0.8267495148179406 0.6693875750014435
0.4292049025378727 0.8233961061282596 0.3558253839471767
0.9222013563599424 0.3506256334275508 0.2081453177252386
0.5373041338490884 0.6768616202735953 0.7843267729852387
0.9294938186586728 0.07365751604964699 0.711499506558789
0.4174788618525402 0.9223243043429433 0.1830560954625413
0.4177328518031981 0.429050951962989 0.08047208422887954
0.7201638178373827 0.329391810467152 0.6423265053591305
0.6800508733997018 0.5897211774500241 0.7869990998767837
0.921949667992509 0.1591564004706965 0.658617770659975
0.8395581842187312 0.1717382959229657 0.9247393466031767
0.4536490569407037 0.6884777492810633 0.3041469534442188
0.6255324787688585 0.677375774727243 0.9269756432088561
0.2966666704930581 0.3236639919548105 0.1757401970964091
0.6233877402667438 0.1740304058125202 0.9198217898627726
0.1923431427679114 0.3491442812853095 0.07037594129031324
0.4473377517626234 0.3234087786565113 0.1603467435812028
0.6812972637559065 0.9262301349983019 0.1498602459409071
0.202284968259993 0.3268976044893252 0.7569760456062259
0.3735601081343215 0.6613834895701483 0.1728922063664354
0.4862316135535362 0.5479798814646009 0.698837884313726
0.1681920452698946 0.4813324819760113 0.5237578187653003
0.07465017231216736 0.6911745567525558 0.6855298640683426
0.4445419447272781 0.3969298851640123 0.3015280311003354
0.4805891520220065 0.07354180852068694 0.6455090135771533
0.8226474258264779 0.3748602113436404 0.2150624568609339
0.07508937491114376 0.3538253408145102 0.5356446197826356
0.07525316495482422 0.840588842917503 0.3221144209715925
0.3708031990565406 0.1611789347497709 0.76635498453975
0.4906492177745611 0.7129475794841217 0.6796446422077873
0.07172807166612728 0.5210173453290069 0.6568087096060519
0.1738753351798084 0.07806125479709163 0.8182437629845175
0.8320576829399786 0.1713623056713188 0.7742327992112155
0.8076986669452018 0.7210657594680895 0.5897494836370674
0.8122458244739195 0.6535825587753599 0.9288177392041802
0.07599379522514497 0.2592306510603121 0.4327005942276465
0.9294138585403887 0.4734530114928329 0.6313788710265574
0.8408339533017111 0.4427858614228837 0.2718160816111372
0.3761261752457145 0.6979929620178028 0.6928362736054231
0.9247481188737487 0.315254949592868 0.6664046026759861
0.9257196383901114 0.5736950852235441 0.2318718627091544
0.9247298320682307 0.5882146261893992 0.8398272382538899
0.7065928695371793 0.5532453797001394 0.3074892854076698
0.9257224962945811 0.4592348065797491 0.8191827586388316
0.07006498018151566 0.402699007736614 0.7176361833442942
0.8789384010158078 0.07773500105632002 0.4300858271010944
0.1642040968531107 0.2444414846841901 0.9298144609362218
0.5615291872179413 0.2772518796414594 0.4484987409812234
0.5474406051917589 0.1352922942445591 0.7190304624428099
0.4677789732676148 0.297469425466283 0.5252349578994316
0.6658327976040271 0.512338295452416 0.4863421194457186
0.3004909608218678 0.3588283773242806 0.6165323350370723
0.6121978485983063 0.4095973083138992 0.2574913241965205
0.294800314279391 0.9231131810539823 0.178144639388476
0.2519533286906621 0.6723495279813869 0.8222743961144821
0.3144573321086164 0.3286703920868134 0.7508414050917145
0.9201680947138494 0.3027054932350239 0.2725147545382759
0.2553375835769267 0.6672140399023506 0.3240340616699547
0.7003146464642444 0.699261751985413 0.5009093475081398
0.4706664793286846 0.2164258539013492 0.3937420960858056
0.5985663903239372 0.2209462397878258 0.3245626403211177
0.4075407483878133 0.8481667469760447 0.5691164511349788
0.387563237512568 0.6803663670221221 0.8327745831740779
0.3229352317237831 0.3275346352371328 0.07617941077503892
0.4591419401742068 0.07490959371344069 0.3242118051708727
0.8552941729782486 0.6809372716648902 0.500078868067257
0.07979683966604365 0.2863760470642336 0.8046351263230104
0.8174879875036171 0.2043960136922622 0.5330279536513473
0.9207417497299951 0.423238178113404 0.717350031369136
0.7084119504513404 0.9210430072553969 0.5306581455418719
0.271067839277073 0.9308907358813513 0.325058760928253
0.1773817167429101 0.8564841903315525 0.2494586821340588
0.5836879165135525 0.564594447430701 0.1637926785196108
0.1690626653611639 0.08264468814643969 0.6583188378159384
0.1082014811040337 0.4575798070300602 0.9326000481225567
0.8320419507123744 0.07222383067785627 0.7733843443079228
0.1825159646291533 0.6723543234612508 0.7236228537395821
0.3350638227659312 0.7620913535287966 0.6695955777022082
0.07220647543572338 0.1809672673454226 0.5779239905967893
0.4614316698018999 0.7060570217717361 0.226955236498572
0.7565987554984204 0.2005472671149979 0.636479063200157
0.07140697767736449 0.5487321106247702 0.4358438485539272
0.2658463983493719 0.0728956099282668 0.6942062646730192
0.7827730219555514 0.581090856197783 0.6900813837419667
0.4768552115917349 0.2873637793494915 0.688235407640521
0.3577551057816999 0.5268233709838682 0.1722315261425851
0.1478861943888984 0.4030750363698785 0.6088168235616359
0.07320068280050838 0.1373079938885124 0.4023591280975322
0.9267033575734609 0.6171014985194256 0.5732215161110261
0.8123642673248755 0.5778219516862053 0.4629289223140702
0.3096504951875943 0.6788667071926767 0.2261272638806656
0.7231405197059937 0.4823941036125039 0.9306174852000263
0.1827802516863937 0.4867525265215993 0.4418319446298756
0.3658216161376465 0.07692151294246501 0.7343405618466411
0.4280911978066615 0.2728237254351771 0.4562813218489697
0.7074341967074177 0.3908244889651257 0.0675945127750467
0.3318320767062822 0.07157240501147794 0.5143932393651192
0.4096368130826238 0.3031611826409851 0.2972575182361363
0.3429088468990826 0.648857910511289 0.2913150609408726
0.3886215630741869 0.6651244295340493 0.3670660979427811
0.9299817047771012 0.6291621768911073 0.3386064237622914
0.519509640166183 0.3220243925674243 0.1929682169326561
0.819631035287457 0.1857088164737276 0.06779101996428746
0.7276695078083247 0.5255725130697885 0.5557112551641653
0.2412987256245823 0.2786029079989447 0.6099785831773507
0.6391930344843498 0.4680740835132507 0.1766695873613247
0.06826086019873367 0.9215169360595216 0.1557482737552933
0.7613395152778319 0.1562499999999997 0.3170129911681952
0.2889790584340775 0.2524969168112911 0.812244608854735
0.7068959022791174 0.5144267586006052 0.6393383495286172
0.8293362065805105 0.144257503555051 0.1939692990647986
0.2615754554391392 0.5755113853446572 0.9298946956869997
0.4837877681361648 0.9310409487667614 0.5826946753454078
0.2109172712458864 0.5182712913515458 0.7177424403824543
0.4631553350274146 0.06564732439281643 0.7280825006668863
0.4311341384629301 0.9309749383401292 0.4712147792998547
0.08970176700047104 0.9312930968774354 0.3130761982386318
0.07069314866839999 0.722259472099739 0.2751602390514047
0.5187053280547079 0.6114877200536036 0.666196250796983
0.4249895617119508 0.4592875911569156 0.6306053235986031
0.7687017376099676 0.7537247514298305 0.346229811724385
0.8278552402304538 0.9296196383754217 0.3931995221790469
0.9309164425502399 0.7220629831153517 0.3138612649940746
0.5631314619454086 0.2891592140884081 0.307031129243276
0.1633220805289301 0.5145583771494432 0.1871345698771252
0.07592042237982477 0.6434542323953533 0.3621514006128955
0.1933248264053305 0.1723750855420277 0.5008779378153825
0.8381068103673761 0.4175452359292975 0.6252080122614789
0.08020127016756587 0.07863114126795633 0.7373029182241708
0.2281154062824602 0.07265397516299822 0.4181277529658658
0.7283649359449355 0.8483128506095495 0.679891133861524
0.7913939337033403 0.5065276039246293 0.6682491385687488
0.9289482239541604 0.9269412206439334 0.4497541798023272
0.5858280067937769 0.4982620215620717 0.3021519133577982
0.8519286324330331 0.8667021488309611 0.5643750505360648
0.5968160728096061 0.6942228442142729 0.5003428863728322
0.3937121316123297 0.1533550446288126 0.9264808781097693
0.9336867759235223 0.9196915289439695 0.3001439510945891
0.07022042010124137 0.711511191263013 0.7922224725546229
0.1943435773128261 0.2444958089995249 0.8495670901082663
0.2718960063556691 0.6724615963349122 0.4404180240785959
0.9290496422036225 0.3533950575846802 0.1208048288020458
0.7288653943759271 0.4500267659441531 0.7721019500624803
0.6770219906060269 0.6758528400668818 0.7434835791709515
0.5141945845772881 0.2790567902804065 0.9298324728513467
0.1624175965520082 0.8349543963047026 0.9289532300196655
0.648055233936461 0.2908268540266951 0.9302754699478172
0.06759030570377388 0.9203237000326777 0.7912269953315096
0.9281721997469808 0.1765762470480477 0.7458369402062839
0.06847391790718015 0.3430019144903998 0.1538504742262944
0.6503860913393326 0.3055834318978597 0.5876561727882038
0.9315375098281213 0.7474774563579355 0.4116518347825472
0.8316298682523759 0.3807398899169193 0.8513591507530287
0.1807390355166908 0.391435843242646 0.5394237564733152
0.9249620759516828 0.9268886285123265 0.6804992679448808
0.4789149827007577 0.2236734248900748 0.3169713014591077
0.06991061670703025 0.8473411000212228 0.07059114708723002
0.6897402157259654 0.9222768504425183 0.07367037722377351
0.7517267777039394 0.3410345835796158 0.3883729287469241
0.877640201132965 0.680948713367839 0.7278488663570999
0.1527873189756774 0.5712025371728398 0.07069309941940322
0.7069590321002335 0.3141845625374364 0.2792820513469681
0.7234301967013397 0.4433517133208688 0.3301151220301675
0.2788268991679809 0.6818888384695504 0.9262518630549271
0.9287872335071443 0.1533509687892186 0.8906079436605265
0.3456823705870915 0.5335113993694661 0.07261075060014348
0.310406824190089 0.3213201512165807 0.2778664764823626
0.9272367462180585 0.2613803565255802 0.5406594557083935
0.5763217353499022 0.0639346057639367 0.7129744772025192
0.9317255866837258 0.1537264187268825 0.3819969989783855
0.3103503153720003 0.2807097414273293 0.9259462976956156
0.386853906774248 0.4192869000303227 0.5264815639961093
0.5371107521892196 0.2389633122027613 0.6806688540311894
0.9329395959061857 0.5515657727405764 0.4493909434641315
0.8206345604224289 0.6103356618970353 0.3642251246790737
0.7375664765690191 0.4472238214264243 0.1458405872483877
0.3175364967395666 0.07304526110577741 0.3235836175187191
0.8269049257556986 0.5772095790719455 0.787225092070141
0.3753915752354329 0.4355167663646267 0.2424720110387597
0.6988979310913763 0.1987738283283935 0.4118902581755518
0.2639836612221178 0.8092078969946177 0.5950702892164041
0.3751049094489035 0.6677191606706931 0.6067920085672819
0.5150670167675069 0.7939629073116895 0.1541050714431716
0.6540231033770829 0.069777858183797 0.5567776643601949
0.5762690041221272 0.06961467724858572 0.8284611791595737
0.4868881322861359 0.4164656191880223 0.7390146796747942
0.8092639459902704 0.8616522863331177 0.2436500236087413
0.8429232451294212 0.9317210100175766 0.2433797127252001
0.5318133238778756 0.173504219737043 0.4114202652991431
0.444172500380228 0.67862220085215 0.8845999914877716
0.1601143486579296 0.2841947339381453 0.3128404152269745
0.1790912398337727 0.7528822665722585 0.1869389968437846
0.8563626412150748 0.4835543372037625 0.9337035559836271
0.6510871808456674 0.3550894035975138 0.4673337232240545
0.4831934450646032 0.8395483858908511 0.4583170835634097
0.6972867461996045 0.1478736989988952 0.928618857878686
0.4607084000121489 0.2123831772854105 0.6872660221305662
0.3285716382870591 0.5377652704083208 0.676235132956216
0.06367072939671584 0.2859400053927001 0.6081959299306334
0.9298690387329291 0.5149027297947083 0.1823387294969719
0.1822472248517389 0.9342705638726627 0.8144566774254492
0.277289403509335 0.1727843892409536 0.9313937510769094
0.1539665375269226 0.4144085546387331 0.7645502496345316
0.4286197720939786 0.6677925393553983 0.06489680373519738
0.9295372062512905 0.9295372062512905 0.07049908423764842
0.2030645067352752 0.713343370613657 0.6351111113730419
0.07209141737754043 0.9300332771851774 0.6316356465492809
0.2365161503140077 0.1726474840471398 0.3206835013687824
0.4587360201836435 0.3605228524793962 0.8184545123148137
0.4437978376967286 0.5814597705681291 0.7702054281108354
0.9266320154574869 0.3110311304438517 0.3589192268192849
0.06937779234696596 0.7089444350709956 0.5488192230818074
0.1673543804322006 0.6973315377887329 0.3893512460343437
0.6892366368034333 0.3919362040275204 0.6732571480246111
0.7221877929566772 0.9336431739801767 0.3210113439281701
0.8439488613205798 0.3744659876660426 0.9283598070457263
0.8043208728807957 0.5038505701282074 0.8176669368159735
0.3817955104716501 0.4374027553040058 0.9238465872976089
0.8230588242703741 0.2753862501095137 0.7379000083115318
0.8383215260902711 0.187140420273625 0.4426318445741171
0.5175064907503396 0.3815307780032394 0.3686416550532111
0.4070416937698456 0.9322993157756637 0.6744399706092418
0.396593962927786 0.06686736304616044 0.8486416726361325
0.843268232104631 0.4899193575846628 0.6019780874716147
0.7711520066088849 0.8417476276254943 0.6073209569923469
0.8520117439127417 0.7616681950806333 0.2066996123781547
0.5721157107487137 0.9337755345332529 0.3191950056164796
0.4847851164947165 0.931544018926189 0.1493052477315262
0.660555012234608 0.7225127816073545 0.4403875184386552
0.3261436119197875 0.3663129793332384 0.8357612918491915
0.3051674704662391 0.7560396820476687 0.3967521813674488
0.760982875003006 0.2893423780964985 0.4489736996945468
0.7405396398584212 0.6743550486343419 0.407284054943745
0.4944121864583537 0.2334368326962314 0.8402286590854537
0.82599958077699 0.243986368057267 0.9062250974481744
0.4874965379369126 0.40186678354668 0.4547049635235523
0.2882798603980189 0.1540106780550489 0.5929388271434859
0.9333088253942399 0.228269873402259 0.2676154360215379
0.2135359209705498 0.07510395004545536 0.9377789052087716
0.1408323125775057 0.7264523705097325 0.5196474084100923
0.7706414460192421 0.066825780791682 0.4868064138481973
0.8161680274989563 0.06759787546889579 0.5474144200736956
0.2643149201965234 0.9062499999999997 0.6923812990917277
0.7310937601284144 0.9282529581999163 0.6022126071704912
0.5203527304900231 0.544253274991356 0.3748113497347403
0.4891130523117198 0.2808731375766274 0.7778051951179333
0.8854178362985993 0.3730458678704076 0.5749787843965036
0.831724701102025 0.3883469277632106 0.7473492593253601
0.8197375150755447 0.1679435863489381 0.2633996615968053
0.06980546392475794 0.5037538471276537 0.3285466966036605
0.5111675614613925 0.06614022320165086 0.4044978762444322
0.4790650208345033 0.5876755347409075 0.8382324658455297
0.9300520877663191 0.6024544294565455 0.7426251186746251
0.2659018923916538 0.9333602269550706 0.4003480071101556
0.2324602655864033 0.9345852354006403 0.4686642363181781
0.06609942550235241 0.5542774208683745 0.2669092988119298
0.2555143555344577 0.5686353997166909 0.1965909249689029
0.4383412060968746 0.5642619638087698 0.141392545593317
0.4483486836334351 0.9348612087633662 0.2745742209280699
0.4957798440817561 0.1597462536973772 0.4948116839720165
0.6932047818740932 0.7964922925602846 0.4664489943469681
0.6234972595138584 0.4140103237867896 0.8490234297379999
0.1346128053329975 0.06856285643780874 0.5244659905161618
0.7695190425917771 0.1776288701713587 0.8175328786002215
0.3140908016025303 0.3200883699367123 0.5022733047097969
0.4131989627068865 0.8514547819539569 0.490727021342233
0.8353404502829859 0.4403476563918972 0.1431759509538345
0.2020496123841982 0.8585486852883121 0.6988665146280675
0.658671563576983 0.8469643441703752 0.06775444423960353
0.06822325372751432 0.7296409229358708 0.4058043234520423
0.8228932394494212 0.6860735679559811 0.8582744654726219
0.4703282261074881 0.6740736026860258 0.740584787407358
0.28534208180335 0.6016055605361115 0.5777590520236621
0.8288625488080648 0.5330229054026264 0.3349843137619176
0.06989483695892006 0.823449805694999 0.4593649890871381
0.06629458405378101 0.4599510179088304 0.5918663140238394
0.5825710027894644 0.2383408977129613 0.7428712406177355
0.6115482760607936 0.6876155349752737 0.6368316790340136
$EndNodes
$Elements
21 15393 1 15393
2 1 2 418
1 1 23 442 
2 70 1 442 
3 31 2 436 
4 2 32 436 
5 44 3 434 
6 3 57 434 
7 45 4 437 
8 4 66 437 
9 58 5 441 
10 5 67 441 
11 69 6 346 
12 6 72 270 
13 6 270 271 
14 6 271 346 
15 23 24 313 
16 23 313 442 
17 24 25 402 
18 313 24 402 
19 25 26 435 
20 402 25 435 
21 26 27 265 
22 26 265 435 
23 27 28 385 
24 265 27 385 
25 28 29 288 
26 28 288 385 
27 29 30 387 
28 288 29 387 
29 30 31 328 
30 30 328 387 
31 328 31 436 
32 32 33 405 
33 32 405 436 
34 33 34 297 
35 33 297 405 
36 34 35 425 
37 297 34 425 
38 35 36 268 
39 35 268 425 
40 36 37 427 
41 268 36 427 
42 37 38 426 
43 37 426 427 
44 38 39 263 
45 38 263 426 
46 39 40 423 
47 263 39 423 
48 40 41 399 
49 40 399 423 
50 41 42 272 
51 41 272 399 
52 42 43 400 
53 272 42 400 
54 43 44 327 
55 43 327 400 
56 327 44 434 
57 46 45 404 
58 404 45 437 
59 47 46 418 
60 46 404 418 
61 48 47 269 
62 269 47 418 
63 49 48 420 
64 48 269 420 
65 50 49 398 
66 398 49 420 
67 51 50 264 
68 264 50 398 
69 52 51 411 
70 51 264 411 
71 53 52 406 
72 406 52 411 
73 54 53 267 
74 267 53 406 
75 55 54 401 
76 54 267 401 
77 56 55 301 
78 301 55 401 
79 57 56 409 
80 56 301 409 
81 57 409 434 
82 59 58 391 
83 391 58 441 
84 60 59 309 
85 309 59 391 
86 61 60 389 
87 60 309 389 
88 62 61 266 
89 266 61 389 
90 63 62 384 
91 62 266 384 
92 64 63 289 
93 289 63 384 
94 65 64 390 
95 64 289 390 
96 66 65 314 
97 314 65 390 
98 66 314 437 
99 67 68 407 
100 67 407 441 
101 68 69 294 
102 68 294 407 
103 294 69 346 
104 71 70 403 
105 403 70 442 
106 72 71 408 
107 71 403 408 
108 270 72 408 
109 381 263 424 
110 263 381 426 
111 263 423 424 
112 264 398 415 
113 411 264 444 
114 264 415 444 
115 355 265 396 
116 265 355 435 
117 265 385 430 
118 396 265 430 
119 266 353 417 
120 353 266 440 
121 384 266 417 
122 266 389 440 
123 370 267 406 
124 267 370 416 
125 401 267 416 
126 268 342 425 
127 342 268 428 
128 382 268 427 
129 268 382 428 
130 339 269 340 
131 269 339 341 
132 340 269 418 
133 269 341 420 
134 271 270 273 
135 273 270 343 
136 343 270 408 
137 271 273 274 
138 271 274 286 
139 271 286 346 
140 399 272 421 
141 272 400 419 
142 272 419 421 
143 274 273 275 
144 275 273 305 
145 305 273 343 
146 274 275 276 
147 274 276 358 
148 286 274 358 
149 276 275 277 
150 277 275 360 
151 275 305 360 
152 276 277 278 
153 276 278 279 
154 276 279 358 
155 278 277 361 
156 277 360 394 
157 361 277 394 
158 279 278 280 
159 280 278 284 
160 284 278 361 
161 279 280 281 
162 279 281 317 
163 279 317 358 
164 281 280 282 
165 282 280 372 
166 280 284 372 
167 281 282 283 
168 281 283 364 
169 317 281 364 
170 283 282 285 
171 285 282 287 
172 287 282 372 
173 283 285 290 
174 283 290 291 
175 283 291 364 
176 284 361 363 
177 362 284 363 
178 284 362 372 
179 285 287 292 
180 290 285 365 
181 285 292 365 
182 346 286 347 
183 347 286 348 
184 348 286 358 
185 292 287 293 
186 293 287 379 
187 287 372 379 
188 288 345 385 
189 345 288 386 
190 386 288 387 
191 289 384 414 
192 390 289 413 
193 413 289 414 
194 291 290 295 
195 295 290 373 
196 290 365 373 
197 291 295 296 
198 291 296 302 
199 291 302 364 
200 292 293 298 
201 292 298 303 
202 292 303 365 
203 298 293 299 
204 299 293 300 
205 300 293 379 
206 294 346 422 
207 407 294 429 
208 294 422 429 
209 296 295 306 
210 306 295 310 
211 310 295 373 
212 302 296 357 
213 296 306 311 
214 296 311 357 
215 342 297 425 
216 297 342 432 
217 297 388 405 
218 388 297 432 
219 298 299 304 
220 303 298 393 
221 298 304 393 
222 299 300 307 
223 304 299 374 
224 299 307 374 
225 307 300 308 
226 308 300 315 
227 315 300 379 
228 301 401 439 
229 409 301 410 
230 410 301 439 
231 302 352 356 
232 352 302 357 
233 302 356 364 
234 365 303 366 
235 366 303 367 
236 367 303 393 
237 304 374 375 
238 304 375 392 
239 304 392 393 
240 305 343 344 
241 305 344 354 
242 305 354 360 
243 306 310 359 
244 311 306 312 
245 312 306 359 
246 307 308 329 
247 307 329 330 
248 307 330 374 
249 308 315 316 
250 308 316 380 
251 329 308 380 
252 389 309 433 
253 309 391 429 
254 309 429 433 
255 359 310 397 
256 371 310 373 
257 310 371 397 
258 311 312 335 
259 311 335 337 
260 311 337 357 
261 335 312 336 
262 336 312 339 
263 339 312 359 
264 313 402 438 
265 403 313 438 
266 313 403 442 
267 314 390 412 
268 404 314 412 
269 314 404 437 
270 316 315 318 
271 318 315 362 
272 362 315 379 
273 316 318 319 
274 316 319 325 
275 316 325 380 
276 348 317 356 
277 317 348 358 
278 356 317 364 
279 319 318 320 
280 320 318 363 
281 318 362 363 
282 319 320 321 
283 319 321 383 
284 325 319 383 
285 321 320 322 
286 322 320 395 
287 320 363 395 
288 321 322 323 
289 321 323 331 
290 321 331 383 
291 323 322 324 
292 324 322 326 
293 326 322 395 
294 323 324 431 
295 331 323 332 
296 332 323 431 
297 324 326 333 
298 324 333 345 
299 324 345 431 
300 380 325 381 
301 381 325 382 
302 382 325 383 
303 333 326 334 
304 334 326 394 
305 394 326 395 
306 400 327 443 
307 327 409 410 
308 409 327 434 
309 327 410 443 
310 387 328 388 
311 388 328 405 
312 405 328 436 
313 330 329 338 
314 338 329 424 
315 329 380 424 
316 330 338 421 
317 374 330 376 
318 376 330 421 
319 331 332 342 
320 331 342 428 
321 383 331 428 
322 342 332 432 
323 332 386 388 
324 386 332 431 
325 332 388 432 
326 333 334 396 
327 345 333 430 
328 333 396 430 
329 354 334 360 
330 334 354 396 
331 360 334 394 
332 335 336 413 
333 337 335 414 
334 335 413 414 
335 336 339 340 
336 336 340 412 
337 336 412 413 
338 337 353 357 
339 353 337 417 
340 337 414 417 
341 338 399 421 
342 399 338 423 
343 423 338 424 
344 341 339 359 
345 340 404 412 
346 404 340 418 
347 341 359 397 
348 341 397 398 
349 341 398 420 
350 344 343 438 
351 343 408 438 
352 354 344 355 
353 355 344 402 
354 402 344 438 
355 385 345 430 
356 345 386 431 
357 346 347 422 
358 347 348 349 
359 347 349 350 
360 347 350 422 
361 349 348 356 
362 350 349 351 
363 351 349 352 
364 352 349 356 
365 350 351 433 
366 422 350 429 
367 429 350 433 
368 351 352 353 
369 351 353 440 
370 433 351 440 
371 353 352 357 
372 354 355 396 
373 355 402 435 
374 363 361 395 
375 361 394 395 
376 372 362 379 
377 365 366 373 
378 366 367 368 
379 366 368 371 
380 366 371 373 
381 368 367 369 
382 369 367 370 
383 370 367 393 
384 368 369 444 
385 371 368 415 
386 415 368 444 
387 369 370 406 
388 369 406 411 
389 369 411 444 
390 392 370 393 
391 370 392 416 
392 397 371 415 
393 375 374 376 
394 375 376 377 
395 375 377 378 
396 375 378 392 
397 377 376 419 
398 419 376 421 
399 378 377 439 
400 377 410 439 
401 410 377 443 
402 377 419 443 
403 392 378 416 
404 378 401 416 
405 401 378 439 
406 380 381 424 
407 381 382 426 
408 382 383 428 
409 426 382 427 
410 414 384 417 
411 386 387 388 
412 389 433 440 
413 412 390 413 
414 391 407 429 
415 407 391 441 
416 398 397 415 
417 419 400 443 
418 408 403 438 
2 2 2 368
419 23 1 591 
420 1 102 591 
421 2 31 593 
422 89 2 593 
423 7 73 599 
424 111 7 599 
425 75 8 600 
426 8 76 600 
427 88 9 592 
428 9 101 592 
429 110 10 450 
430 10 113 601 
431 450 10 458 
432 458 10 503 
433 503 10 601 
434 24 23 563 
435 563 23 591 
436 25 24 457 
437 457 24 563 
438 26 25 541 
439 25 457 541 
440 27 26 449 
441 449 26 541 
442 28 27 540 
443 27 449 540 
444 29 28 452 
445 452 28 540 
446 30 29 542 
447 29 452 542 
448 31 30 490 
449 490 30 542 
450 31 490 593 
451 73 74 504 
452 73 504 599 
453 74 75 569 
454 504 74 569 
455 569 75 600 
456 76 77 495 
457 76 495 600 
458 77 78 554 
459 495 77 554 
460 78 79 489 
461 78 489 554 
462 79 80 557 
463 489 79 557 
464 80 81 586 
465 557 80 586 
466 81 82 456 
467 81 456 586 
468 82 83 555 
469 456 82 555 
470 83 84 448 
471 83 448 555 
472 84 85 549 
473 448 84 549 
474 85 86 453 
475 85 453 549 
476 86 87 552 
477 453 86 552 
478 87 88 491 
479 87 491 552 
480 491 88 592 
481 90 89 565 
482 565 89 593 
483 91 90 550 
484 550 90 565 
485 92 91 455 
486 455 91 550 
487 93 92 559 
488 92 455 559 
489 94 93 445 
490 445 93 559 
491 95 94 571 
492 94 445 571 
493 96 95 551 
494 551 95 571 
495 97 96 446 
496 446 96 551 
497 98 97 548 
498 97 446 548 
499 99 98 454 
500 454 98 548 
501 100 99 553 
502 99 454 553 
503 101 100 570 
504 100 553 570 
505 101 570 592 
506 102 103 502 
507 102 502 591 
508 103 104 543 
509 502 103 543 
510 104 105 451 
511 104 451 543 
512 105 106 583 
513 451 105 583 
514 106 107 581 
515 106 581 583 
516 107 108 447 
517 107 447 581 
518 108 109 572 
519 447 108 572 
520 109 110 568 
521 109 568 572 
522 110 450 568 
523 112 111 580 
524 580 111 599 
525 113 112 481 
526 481 112 580 
527 113 481 601 
528 507 445 559 
529 445 507 567 
530 445 567 571 
531 548 446 577 
532 446 551 574 
533 446 574 577 
534 447 572 578 
535 573 447 578 
536 447 573 581 
537 448 514 555 
538 514 448 564 
539 448 549 564 
540 540 449 562 
541 449 541 589 
542 562 449 589 
543 450 458 459 
544 450 459 460 
545 450 460 568 
546 543 451 590 
547 451 583 588 
548 451 588 590 
549 452 540 575 
550 542 452 596 
551 452 575 596 
552 549 453 594 
553 453 552 560 
554 453 560 594 
555 454 548 582 
556 553 454 585 
557 454 582 585 
558 539 455 550 
559 455 539 556 
560 455 556 559 
561 456 510 511 
562 510 456 579 
563 456 511 586 
564 456 555 579 
565 457 535 541 
566 535 457 584 
567 457 563 584 
568 459 458 496 
569 496 458 561 
570 458 503 561 
571 460 459 461 
572 461 459 508 
573 459 496 508 
574 460 461 462 
575 460 462 512 
576 460 512 568 
577 462 461 463 
578 463 461 480 
579 480 461 508 
580 462 463 464 
581 462 464 500 
582 462 500 512 
583 464 463 465 
584 465 463 515 
585 463 480 515 
586 464 465 466 
587 464 466 516 
588 500 464 516 
589 466 465 467 
590 467 465 471 
591 471 465 515 
592 466 467 468 
593 466 468 469 
594 466 469 516 
595 468 467 522 
596 467 471 476 
597 467 476 522 
598 469 468 470 
599 470 468 475 
600 475 468 522 
601 469 470 472 
602 469 472 518 
603 516 469 518 
604 472 470 473 
605 473 470 530 
606 470 475 530 
607 476 471 477 
608 477 471 547 
609 471 515 547 
610 472 473 474 
611 472 474 482 
612 472 482 518 
613 474 473 478 
614 478 473 479 
615 479 473 530 
616 474 478 483 
617 482 474 545 
618 474 483 545 
619 475 522 523 
620 475 523 527 
621 475 527 530 
622 476 477 486 
623 476 486 492 
624 476 492 522 
625 486 477 487 
626 487 477 488 
627 488 477 547 
628 478 479 484 
629 483 478 531 
630 478 484 531 
631 484 479 485 
632 485 479 493 
633 493 479 530 
634 480 508 509 
635 480 509 513 
636 480 513 515 
637 481 558 566 
638 558 481 580 
639 481 566 601 
640 518 482 519 
641 519 482 520 
642 520 482 545 
643 483 531 532 
644 483 532 533 
645 483 533 545 
646 484 485 537 
647 531 484 534 
648 534 484 537 
649 485 493 497 
650 485 497 498 
651 485 498 537 
652 486 487 501 
653 492 486 544 
654 486 501 544 
655 487 488 494 
656 487 494 528 
657 501 487 528 
658 494 488 505 
659 505 488 506 
660 506 488 547 
661 554 489 566 
662 489 557 598 
663 566 489 598 
664 490 542 576 
665 565 490 576 
666 490 565 593 
667 552 491 597 
668 491 570 587 
669 570 491 592 
670 491 587 597 
671 522 492 523 
672 523 492 524 
673 524 492 544 
674 497 493 499 
675 499 493 527 
676 527 493 530 
677 494 505 560 
678 528 494 529 
679 529 494 560 
680 495 554 558 
681 495 558 569 
682 495 569 600 
683 508 496 510 
684 510 496 511 
685 511 496 561 
686 498 497 556 
687 497 499 507 
688 497 507 556 
689 537 498 538 
690 538 498 539 
691 539 498 556 
692 507 499 567 
693 525 499 527 
694 499 525 567 
695 512 500 578 
696 500 516 517 
697 500 517 578 
698 501 528 582 
699 544 501 577 
700 577 501 582 
701 502 543 595 
702 563 502 584 
703 502 563 591 
704 584 502 595 
705 561 503 598 
706 503 566 598 
707 566 503 601 
708 558 504 569 
709 504 558 580 
710 504 580 599 
711 505 506 564 
712 560 505 594 
713 505 564 594 
714 506 513 514 
715 513 506 547 
716 506 514 564 
717 556 507 559 
718 509 508 510 
719 509 510 579 
720 513 509 514 
721 514 509 579 
722 557 511 561 
723 511 557 586 
724 568 512 572 
725 572 512 578 
726 515 513 547 
727 555 514 579 
728 517 516 518 
729 517 518 519 
730 517 519 573 
731 517 573 578 
732 519 520 521 
733 519 521 573 
734 521 520 588 
735 520 545 546 
736 520 546 588 
737 573 521 581 
738 581 521 583 
739 583 521 588 
740 523 524 525 
741 523 525 527 
742 525 524 526 
743 526 524 574 
744 524 544 574 
745 525 526 567 
746 526 551 571 
747 551 526 574 
748 567 526 571 
749 528 529 585 
750 582 528 585 
751 529 560 597 
752 585 529 587 
753 587 529 597 
754 532 531 562 
755 531 534 562 
756 533 532 535 
757 535 532 589 
758 532 562 589 
759 533 535 536 
760 533 536 546 
761 545 533 546 
762 534 537 575 
763 534 540 562 
764 540 534 575 
765 536 535 584 
766 541 535 589 
767 546 536 590 
768 536 584 595 
769 590 536 595 
770 537 538 575 
771 538 539 576 
772 575 538 596 
773 538 576 596 
774 539 550 576 
775 576 542 596 
776 543 590 595 
777 574 544 577 
778 588 546 590 
779 548 577 582 
780 564 549 594 
781 550 565 576 
782 560 552 597 
783 570 553 587 
784 553 585 587 
785 558 554 566 
786 557 561 598 
2 3 2 368
787 2 749 32 
788 89 749 2 
789 44 757 3 
790 3 757 114 
791 9 750 101 
792 129 750 9 
793 116 756 11 
794 11 756 119 
795 117 758 12 
796 12 607 120 
797 12 615 607 
798 12 660 615 
799 12 758 660 
800 128 748 13 
801 13 748 137 
802 32 648 33 
803 32 749 648 
804 33 709 34 
805 648 709 33 
806 34 611 35 
807 34 709 611 
808 35 711 36 
809 611 711 35 
810 36 605 37 
811 36 711 605 
812 37 710 38 
813 605 710 37 
814 38 613 39 
815 38 710 613 
816 39 743 40 
817 613 743 39 
818 40 714 41 
819 40 743 714 
820 41 646 42 
821 41 714 646 
822 42 706 43 
823 646 706 42 
824 43 652 44 
825 43 706 652 
826 652 757 44 
827 90 727 89 
828 727 749 89 
829 91 705 90 
830 705 727 90 
831 92 612 91 
832 612 705 91 
833 93 712 92 
834 92 712 612 
835 94 603 93 
836 603 712 93 
837 95 708 94 
838 94 708 603 
839 96 728 95 
840 95 728 708 
841 97 602 96 
842 602 728 96 
843 98 716 97 
844 97 716 602 
845 99 610 98 
846 610 716 98 
847 100 707 99 
848 99 707 610 
849 101 722 100 
850 100 722 707 
851 101 750 722 
852 114 726 115 
853 114 757 726 
854 115 661 116 
855 115 726 661 
856 661 756 116 
857 118 638 117 
858 638 758 117 
859 119 737 118 
860 118 737 638 
861 119 756 737 
862 120 725 121 
863 607 725 120 
864 121 729 122 
865 725 729 121 
866 122 604 123 
867 122 729 604 
868 123 738 124 
869 604 738 123 
870 124 740 125 
871 738 740 124 
872 125 608 126 
873 125 740 608 
874 126 699 127 
875 608 699 126 
876 127 659 128 
877 127 699 659 
878 659 748 128 
879 130 647 129 
880 647 750 129 
881 131 701 130 
882 130 701 647 
883 132 609 131 
884 609 701 131 
885 133 702 132 
886 132 702 609 
887 134 606 133 
888 606 702 133 
889 135 700 134 
890 134 700 606 
891 136 614 135 
892 614 700 135 
893 137 720 136 
894 136 720 614 
895 137 748 720 
896 602 716 664 
897 664 724 602 
898 724 728 602 
899 708 730 603 
900 603 734 712 
901 730 734 603 
902 729 735 604 
903 604 735 731 
904 731 738 604 
905 671 710 605 
906 605 721 671 
907 711 721 605 
908 700 746 606 
909 606 719 702 
910 606 746 719 
911 615 616 607 
912 616 617 607 
913 617 725 607 
914 608 747 699 
915 740 745 608 
916 745 747 608 
917 609 753 701 
918 702 732 609 
919 732 753 609 
920 610 707 698 
921 698 713 610 
922 713 716 610 
923 709 717 611 
924 611 751 711 
925 717 751 611 
926 612 742 705 
927 712 739 612 
928 739 742 612 
929 667 668 613 
930 613 736 667 
931 668 743 613 
932 710 736 613 
933 682 700 614 
934 614 741 682 
935 720 741 614 
936 615 653 616 
937 615 718 653 
938 660 718 615 
939 616 618 617 
940 616 665 618 
941 653 665 616 
942 618 619 617 
943 619 669 617 
944 669 725 617 
945 618 620 619 
946 618 637 620 
947 618 665 637 
948 620 621 619 
949 621 657 619 
950 657 669 619 
951 620 622 621 
952 620 672 622 
953 637 672 620 
954 622 623 621 
955 623 673 621 
956 621 673 657 
957 622 624 623 
958 622 628 624 
959 622 672 628 
960 624 625 623 
961 625 626 623 
962 626 673 623 
963 624 685 625 
964 628 633 624 
965 633 685 624 
966 625 627 626 
967 625 632 627 
968 625 685 632 
969 627 629 626 
970 629 675 626 
971 626 675 673 
972 627 630 629 
973 627 694 630 
974 632 694 627 
975 628 634 633 
976 628 704 634 
977 672 704 628 
978 630 631 629 
979 631 639 629 
980 639 675 629 
981 630 635 631 
982 630 636 635 
983 630 694 636 
984 635 640 631 
985 631 679 639 
986 640 679 631 
987 685 686 632 
988 686 691 632 
989 691 694 632 
990 634 643 633 
991 643 649 633 
992 649 685 633 
993 634 644 643 
994 634 645 644 
995 634 704 645 
996 636 641 635 
997 635 703 640 
998 641 703 635 
999 636 642 641 
1000 636 650 642 
1001 636 694 650 
1002 665 666 637 
1003 666 670 637 
1004 670 672 637 
1005 715 723 638 
1006 638 737 715 
1007 723 758 638 
1008 639 676 675 
1009 639 677 676 
1010 639 679 677 
1011 640 680 679 
1012 640 681 680 
1013 640 703 681 
1014 642 695 641 
1015 695 696 641 
1016 696 703 641 
1017 650 654 642 
1018 654 655 642 
1019 655 695 642 
1020 644 658 643 
1021 643 688 649 
1022 658 688 643 
1023 645 651 644 
1024 651 692 644 
1025 644 692 658 
1026 645 662 651 
1027 645 663 662 
1028 645 704 663 
1029 646 723 706 
1030 714 755 646 
1031 646 755 723 
1032 701 733 647 
1033 647 733 722 
1034 722 750 647 
1035 648 754 709 
1036 727 744 648 
1037 648 749 727 
1038 744 754 648 
1039 649 686 685 
1040 649 687 686 
1041 649 688 687 
1042 650 656 654 
1043 650 691 656 
1044 650 694 691 
1045 662 717 651 
1046 651 693 692 
1047 651 717 693 
1048 706 715 652 
1049 715 726 652 
1050 726 757 652 
1051 653 667 665 
1052 653 668 667 
1053 653 718 668 
1054 654 713 655 
1055 656 664 654 
1056 664 713 654 
1057 655 697 695 
1058 655 698 697 
1059 655 713 698 
1060 656 724 664 
1061 656 691 689 
1062 689 724 656 
1063 657 735 669 
1064 673 674 657 
1065 674 735 657 
1066 658 734 688 
1067 692 739 658 
1068 658 739 734 
1069 699 752 659 
1070 659 741 720 
1071 720 748 659 
1072 659 752 741 
1073 660 755 718 
1074 723 755 660 
1075 660 758 723 
1076 661 726 715 
1077 715 737 661 
1078 737 756 661 
1079 663 721 662 
1080 662 751 717 
1081 721 751 662 
1082 670 671 663 
1083 663 704 670 
1084 671 721 663 
1085 664 716 713 
1086 665 667 666 
1087 667 736 666 
1088 666 671 670 
1089 666 736 671 
1090 668 718 714 
1091 714 743 668 
1092 669 729 725 
1093 669 735 729 
1094 670 704 672 
1095 671 736 710 
1096 673 675 674 
1097 675 676 674 
1098 676 731 674 
1099 731 735 674 
1100 677 678 676 
1101 678 731 676 
1102 677 745 678 
1103 679 684 677 
1104 684 745 677 
1105 678 738 731 
1106 678 740 738 
1107 678 745 740 
1108 680 684 679 
1109 681 682 680 
1110 682 683 680 
1111 683 684 680 
1112 681 746 682 
1113 703 719 681 
1114 719 746 681 
1115 682 741 683 
1116 682 746 700 
1117 683 747 684 
1118 741 752 683 
1119 683 752 747 
1120 684 747 745 
1121 687 689 686 
1122 689 691 686 
1123 688 730 687 
1124 687 690 689 
1125 687 730 690 
1126 688 734 730 
1127 690 724 689 
1128 708 728 690 
1129 690 730 708 
1130 690 728 724 
1131 693 742 692 
1132 692 742 739 
1133 717 754 693 
1134 693 744 742 
1135 693 754 744 
1136 695 732 696 
1137 697 732 695 
1138 702 719 696 
1139 696 732 702 
1140 696 719 703 
1141 698 733 697 
1142 697 753 732 
1143 733 753 697 
1144 707 733 698 
1145 747 752 699 
1146 701 753 733 
1147 705 744 727 
1148 742 744 705 
1149 706 723 715 
1150 722 733 707 
1151 709 754 717 
1152 711 751 721 
1153 734 739 712 
1154 718 755 714 
2 4 2 368
1155 3 913 57 
1156 114 913 3 
1157 45 906 4 
1158 4 906 159 
1159 11 912 116 
1160 158 912 11 
1161 14 907 138 
1162 171 907 14 
1163 146 905 15 
1164 15 905 155 
1165 147 764 16 
1166 16 914 156 
1167 764 772 16 
1168 772 817 16 
1169 817 914 16 
1170 46 884 45 
1171 884 906 45 
1172 47 862 46 
1173 862 884 46 
1174 48 768 47 
1175 768 862 47 
1176 49 868 48 
1177 48 868 768 
1178 50 762 49 
1179 762 868 49 
1180 51 865 50 
1181 50 865 762 
1182 52 770 51 
1183 770 865 51 
1184 53 901 52 
1185 52 901 770 
1186 54 871 53 
1187 871 901 53 
1188 55 803 54 
1189 803 871 54 
1190 56 869 55 
1191 55 869 803 
1192 57 809 56 
1193 809 869 56 
1194 57 913 809 
1195 115 883 114 
1196 883 913 114 
1197 116 818 115 
1198 818 883 115 
1199 116 912 818 
1200 138 804 139 
1201 138 907 804 
1202 139 857 140 
1203 804 857 139 
1204 140 766 141 
1205 140 857 766 
1206 141 856 142 
1207 766 856 141 
1208 142 763 143 
1209 142 856 763 
1210 143 854 144 
1211 763 854 143 
1212 144 771 145 
1213 144 854 771 
1214 145 877 146 
1215 771 877 145 
1216 877 905 146 
1217 148 882 147 
1218 147 882 764 
1219 149 886 148 
1220 148 886 882 
1221 150 761 149 
1222 761 886 149 
1223 151 895 150 
1224 150 895 761 
1225 152 897 151 
1226 151 897 895 
1227 153 765 152 
1228 765 897 152 
1229 154 855 153 
1230 153 855 765 
1231 155 816 154 
1232 816 855 154 
1233 155 905 816 
1234 156 795 157 
1235 156 914 795 
1236 157 894 158 
1237 795 894 157 
1238 894 912 158 
1239 159 805 160 
1240 159 906 805 
1241 160 864 161 
1242 805 864 160 
1243 161 769 162 
1244 161 864 769 
1245 162 867 163 
1246 769 867 162 
1247 163 760 164 
1248 163 867 760 
1249 164 866 165 
1250 760 866 164 
1251 165 885 166 
1252 866 885 165 
1253 166 759 167 
1254 166 885 759 
1255 167 873 168 
1256 759 873 167 
1257 168 767 169 
1258 168 873 767 
1259 169 863 170 
1260 767 863 169 
1261 170 879 171 
1262 863 879 170 
1263 879 907 171 
1264 821 873 759 
1265 759 881 821 
1266 759 885 881 
1267 760 888 866 
1268 867 891 760 
1269 760 891 888 
1270 761 892 886 
1271 887 892 761 
1272 761 895 887 
1273 762 865 828 
1274 828 878 762 
1275 762 878 868 
1276 763 903 854 
1277 856 876 763 
1278 876 903 763 
1279 764 773 772 
1280 764 774 773 
1281 764 882 774 
1282 855 904 765 
1283 765 902 897 
1284 765 904 902 
1285 766 889 856 
1286 857 910 766 
1287 766 910 889 
1288 853 863 767 
1289 767 870 853 
1290 767 873 870 
1291 768 874 862 
1292 868 908 768 
1293 768 908 874 
1294 864 900 769 
1295 769 896 867 
1296 769 900 896 
1297 770 825 824 
1298 824 893 770 
1299 770 901 825 
1300 770 893 865 
1301 771 854 849 
1302 849 898 771 
1303 771 898 877 
1304 773 810 772 
1305 810 875 772 
1306 772 875 817 
1307 774 775 773 
1308 775 822 773 
1309 773 822 810 
1310 774 776 775 
1311 774 826 776 
1312 774 882 826 
1313 776 777 775 
1314 777 794 775 
1315 794 822 775 
1316 776 778 777 
1317 776 814 778 
1318 776 826 814 
1319 778 779 777 
1320 779 829 777 
1321 777 829 794 
1322 778 780 779 
1323 778 830 780 
1324 814 830 778 
1325 780 781 779 
1326 781 785 779 
1327 785 829 779 
1328 780 782 781 
1329 780 783 782 
1330 780 830 783 
1331 782 836 781 
1332 781 790 785 
1333 781 836 790 
1334 783 784 782 
1335 784 789 782 
1336 789 836 782 
1337 783 786 784 
1338 783 832 786 
1339 830 832 783 
1340 786 787 784 
1341 787 844 784 
1342 784 844 789 
1343 790 791 785 
1344 791 861 785 
1345 785 861 829 
1346 786 788 787 
1347 786 796 788 
1348 786 832 796 
1349 788 792 787 
1350 792 793 787 
1351 793 844 787 
1352 788 797 792 
1353 796 859 788 
1354 788 859 797 
1355 789 837 836 
1356 789 841 837 
1357 789 844 841 
1358 790 800 791 
1359 790 806 800 
1360 790 836 806 
1361 800 801 791 
1362 801 802 791 
1363 802 861 791 
1364 792 798 793 
1365 797 845 792 
1366 792 845 798 
1367 798 799 793 
1368 799 807 793 
1369 807 844 793 
1370 794 823 822 
1371 794 827 823 
1372 794 829 827 
1373 795 880 872 
1374 872 894 795 
1375 795 914 880 
1376 832 833 796 
1377 833 834 796 
1378 834 859 796 
1379 797 846 845 
1380 797 847 846 
1381 797 859 847 
1382 798 851 799 
1383 845 848 798 
1384 848 851 798 
1385 799 811 807 
1386 799 812 811 
1387 799 851 812 
1388 800 815 801 
1389 806 858 800 
1390 800 858 815 
1391 801 808 802 
1392 801 842 808 
1393 815 842 801 
1394 808 819 802 
1395 819 820 802 
1396 820 861 802 
1397 869 880 803 
1398 803 911 871 
1399 880 911 803 
1400 804 890 857 
1401 879 890 804 
1402 804 907 879 
1403 805 915 864 
1404 884 899 805 
1405 805 906 884 
1406 899 915 805 
1407 836 837 806 
1408 837 838 806 
1409 838 858 806 
1410 811 813 807 
1411 813 841 807 
1412 841 844 807 
1413 808 874 819 
1414 842 843 808 
1415 843 874 808 
1416 809 872 869 
1417 809 883 872 
1418 809 913 883 
1419 822 824 810 
1420 824 825 810 
1421 825 875 810 
1422 812 870 811 
1423 811 821 813 
1424 811 870 821 
1425 851 852 812 
1426 852 853 812 
1427 853 870 812 
1428 821 881 813 
1429 839 841 813 
1430 813 881 839 
1431 826 892 814 
1432 814 831 830 
1433 814 892 831 
1434 815 896 842 
1435 858 891 815 
1436 891 896 815 
1437 816 909 855 
1438 877 898 816 
1439 816 905 877 
1440 898 909 816 
1441 875 911 817 
1442 817 911 880 
1443 880 914 817 
1444 872 883 818 
1445 818 894 872 
1446 818 912 894 
1447 819 878 820 
1448 874 908 819 
1449 819 908 878 
1450 820 828 827 
1451 827 861 820 
1452 820 878 828 
1453 870 873 821 
1454 823 824 822 
1455 823 893 824 
1456 827 828 823 
1457 828 893 823 
1458 871 875 825 
1459 825 901 871 
1460 882 886 826 
1461 886 892 826 
1462 829 861 827 
1463 865 893 828 
1464 831 832 830 
1465 831 833 832 
1466 831 887 833 
1467 831 892 887 
1468 833 835 834 
1469 833 887 835 
1470 835 902 834 
1471 834 860 859 
1472 834 902 860 
1473 887 895 835 
1474 895 897 835 
1475 897 902 835 
1476 837 839 838 
1477 837 841 839 
1478 839 840 838 
1479 840 888 838 
1480 838 888 858 
1481 839 881 840 
1482 840 885 866 
1483 866 888 840 
1484 881 885 840 
1485 842 900 843 
1486 896 900 842 
1487 843 899 874 
1488 843 915 899 
1489 900 915 843 
1490 846 876 845 
1491 845 876 848 
1492 847 849 846 
1493 849 903 846 
1494 846 903 876 
1495 847 850 849 
1496 847 860 850 
1497 859 860 847 
1498 848 889 851 
1499 848 876 856 
1500 856 889 848 
1501 850 898 849 
1502 854 903 849 
1503 860 904 850 
1504 850 909 898 
1505 904 909 850 
1506 851 889 852 
1507 852 890 853 
1508 889 910 852 
1509 852 910 890 
1510 853 890 863 
1511 855 909 904 
1512 890 910 857 
1513 888 891 858 
1514 902 904 860 
1515 874 899 862 
1516 862 899 884 
1517 863 890 879 
1518 864 915 900 
1519 867 896 891 
1520 878 908 868 
1521 872 880 869 
1522 871 911 875 
2 5 2 368
1523 66 4 1064 
1524 4 159 1064 
1525 5 58 1062 
1526 188 5 1062 
1527 73 7 1070 
1528 7 185 1070 
1529 8 75 1071 
1530 172 8 1071 
1531 171 14 1063 
1532 14 184 1063 
1533 187 17 1072 
1534 17 196 921 
1535 17 921 929 
1536 17 929 974 
1537 17 974 1072 
1538 58 59 1034 
1539 58 1034 1062 
1540 59 60 928 
1541 59 928 1034 
1542 60 61 1016 
1543 928 60 1016 
1544 61 62 920 
1545 61 920 1016 
1546 62 63 1013 
1547 920 62 1013 
1548 63 64 923 
1549 63 923 1013 
1550 64 65 1014 
1551 923 64 1014 
1552 65 66 961 
1553 65 961 1014 
1554 961 66 1064 
1555 74 73 975 
1556 975 73 1070 
1557 75 74 1040 
1558 74 975 1040 
1559 75 1040 1071 
1560 159 160 1036 
1561 159 1036 1064 
1562 160 161 1021 
1563 160 1021 1036 
1564 161 162 926 
1565 161 926 1021 
1566 162 163 1030 
1567 926 162 1030 
1568 163 164 916 
1569 163 916 1030 
1570 164 165 1042 
1571 916 164 1042 
1572 165 166 1022 
1573 165 1022 1042 
1574 166 167 917 
1575 166 917 1022 
1576 167 168 1020 
1577 917 167 1020 
1578 168 169 924 
1579 168 924 1020 
1580 169 170 1023 
1581 924 169 1023 
1582 170 171 1041 
1583 1023 170 1041 
1584 1041 171 1063 
1585 173 172 966 
1586 966 172 1071 
1587 174 173 1025 
1588 173 966 1025 
1589 175 174 960 
1590 960 174 1025 
1591 176 175 1028 
1592 175 960 1028 
1593 177 176 1057 
1594 176 1028 1057 
1595 178 177 927 
1596 927 177 1057 
1597 179 178 1026 
1598 178 927 1026 
1599 180 179 919 
1600 919 179 1026 
1601 181 180 1019 
1602 180 919 1019 
1603 182 181 925 
1604 925 181 1019 
1605 183 182 1024 
1606 182 925 1024 
1607 184 183 962 
1608 962 183 1024 
1609 184 962 1063 
1610 185 186 1051 
1611 185 1051 1070 
1612 186 187 952 
1613 186 952 1051 
1614 952 187 1072 
1615 189 188 973 
1616 973 188 1062 
1617 190 189 1015 
1618 189 973 1015 
1619 191 190 922 
1620 922 190 1015 
1621 192 191 1054 
1622 191 922 1054 
1623 193 192 1052 
1624 1052 192 1054 
1625 194 193 918 
1626 918 193 1052 
1627 195 194 1043 
1628 194 918 1043 
1629 196 195 1039 
1630 1039 195 1043 
1631 921 196 1039 
1632 916 978 1030 
1633 978 916 1038 
1634 1038 916 1042 
1635 917 1020 1048 
1636 1022 917 1044 
1637 1044 917 1048 
1638 1043 918 1049 
1639 918 1045 1049 
1640 1045 918 1052 
1641 985 919 1026 
1642 919 985 1035 
1643 1019 919 1035 
1644 920 1013 1033 
1645 1016 920 1060 
1646 920 1033 1060 
1647 929 921 930 
1648 930 921 931 
1649 931 921 1039 
1650 922 1015 1061 
1651 1054 922 1059 
1652 1059 922 1061 
1653 1013 923 1046 
1654 923 1014 1067 
1655 1046 923 1067 
1656 1020 924 1053 
1657 924 1023 1056 
1658 1053 924 1056 
1659 925 1019 1065 
1660 1024 925 1031 
1661 1031 925 1065 
1662 926 1012 1021 
1663 1012 926 1027 
1664 1027 926 1030 
1665 981 927 982 
1666 927 981 1050 
1667 982 927 1057 
1668 1026 927 1050 
1669 996 928 1016 
1670 928 996 1055 
1671 1034 928 1055 
1672 929 930 967 
1673 929 967 1032 
1674 974 929 1032 
1675 930 931 932 
1676 930 932 979 
1677 967 930 979 
1678 932 931 933 
1679 933 931 983 
1680 983 931 1039 
1681 932 933 934 
1682 932 934 951 
1683 932 951 979 
1684 934 933 935 
1685 935 933 971 
1686 971 933 983 
1687 934 935 936 
1688 934 936 986 
1689 951 934 986 
1690 936 935 937 
1691 937 935 987 
1692 935 971 987 
1693 936 937 938 
1694 936 938 942 
1695 936 942 986 
1696 938 937 939 
1697 939 937 940 
1698 940 937 987 
1699 938 939 999 
1700 942 938 947 
1701 947 938 999 
1702 939 940 941 
1703 939 941 946 
1704 939 946 999 
1705 941 940 943 
1706 943 940 989 
1707 940 987 989 
1708 941 943 944 
1709 941 944 1008 
1710 946 941 1008 
1711 942 947 948 
1712 942 948 1018 
1713 986 942 1018 
1714 944 943 945 
1715 945 943 953 
1716 953 943 989 
1717 944 945 949 
1718 944 949 950 
1719 944 950 1008 
1720 949 945 954 
1721 945 953 993 
1722 954 945 993 
1723 999 946 1000 
1724 1000 946 1005 
1725 1005 946 1008 
1726 948 947 957 
1727 957 947 963 
1728 963 947 999 
1729 948 957 958 
1730 948 958 959 
1731 948 959 1018 
1732 950 949 955 
1733 949 954 1017 
1734 955 949 1017 
1735 950 955 956 
1736 950 956 964 
1737 950 964 1008 
1738 979 951 980 
1739 980 951 984 
1740 984 951 986 
1741 1029 952 1037 
1742 952 1029 1051 
1743 1037 952 1072 
1744 953 989 990 
1745 953 990 991 
1746 953 991 993 
1747 954 993 994 
1748 954 994 995 
1749 954 995 1017 
1750 956 955 1009 
1751 1009 955 1010 
1752 1010 955 1017 
1753 964 956 968 
1754 968 956 969 
1755 969 956 1009 
1756 958 957 972 
1757 957 963 1002 
1758 972 957 1002 
1759 959 958 965 
1760 965 958 1006 
1761 958 972 1006 
1762 959 965 976 
1763 959 976 977 
1764 959 977 1018 
1765 960 1025 1037 
1766 1028 960 1069 
1767 960 1037 1069 
1768 1014 961 1047 
1769 961 1036 1047 
1770 1036 961 1064 
1771 962 1024 1068 
1772 1041 962 1058 
1773 962 1041 1063 
1774 1058 962 1068 
1775 963 999 1000 
1776 963 1000 1001 
1777 963 1001 1002 
1778 964 968 970 
1779 964 970 1005 
1780 964 1005 1008 
1781 976 965 1031 
1782 965 1006 1007 
1783 965 1007 1031 
1784 1025 966 1029 
1785 1029 966 1040 
1786 1040 966 1071 
1787 967 979 981 
1788 967 981 982 
1789 967 982 1032 
1790 968 969 1027 
1791 970 968 978 
1792 978 968 1027 
1793 969 1009 1011 
1794 969 1011 1012 
1795 969 1012 1027 
1796 970 978 1038 
1797 970 1003 1005 
1798 1003 970 1038 
1799 971 983 1049 
1800 987 971 988 
1801 988 971 1049 
1802 972 1002 1048 
1803 1006 972 1053 
1804 972 1048 1053 
1805 1015 973 1066 
1806 973 1034 1055 
1807 1034 973 1062 
1808 973 1055 1066 
1809 974 1032 1069 
1810 1037 974 1069 
1811 974 1037 1072 
1812 975 1029 1040 
1813 1029 975 1051 
1814 1051 975 1070 
1815 977 976 1035 
1816 976 1031 1065 
1817 1035 976 1065 
1818 984 977 985 
1819 977 984 1018 
1820 985 977 1035 
1821 978 1027 1030 
1822 979 980 981 
1823 981 980 1050 
1824 980 984 985 
1825 980 985 1050 
1826 982 1028 1032 
1827 1028 982 1057 
1828 983 1039 1043 
1829 983 1043 1049 
1830 984 986 1018 
1831 985 1026 1050 
1832 987 988 989 
1833 989 988 990 
1834 990 988 1045 
1835 1045 988 1049 
1836 991 990 992 
1837 992 990 1045 
1838 991 992 1059 
1839 993 991 998 
1840 998 991 1059 
1841 992 1045 1052 
1842 992 1052 1054 
1843 992 1054 1059 
1844 994 993 998 
1845 995 994 996 
1846 996 994 997 
1847 997 994 998 
1848 995 996 1060 
1849 1017 995 1033 
1850 1033 995 1060 
1851 996 997 1055 
1852 996 1016 1060 
1853 997 998 1061 
1854 1055 997 1066 
1855 997 1061 1066 
1856 998 1059 1061 
1857 1001 1000 1003 
1858 1003 1000 1005 
1859 1002 1001 1044 
1860 1001 1003 1004 
1861 1001 1004 1044 
1862 1002 1044 1048 
1863 1004 1003 1038 
1864 1022 1004 1042 
1865 1004 1022 1044 
1866 1004 1038 1042 
1867 1007 1006 1056 
1868 1006 1053 1056 
1869 1031 1007 1068 
1870 1007 1056 1058 
1871 1007 1058 1068 
1872 1009 1010 1046 
1873 1011 1009 1046 
1874 1013 1010 1033 
1875 1010 1013 1046 
1876 1010 1017 1033 
1877 1012 1011 1047 
1878 1011 1046 1067 
1879 1047 1011 1067 
1880 1021 1012 1047 
1881 1014 1047 1067 
1882 1061 1015 1066 
1883 1019 1035 1065 
1884 1048 1020 1053 
1885 1036 1021 1047 
1886 1023 1041 1058 
1887 1056 1023 1058 
1888 1024 1031 1068 
1889 1025 1029 1037 
1890 1032 1028 1069 
2 6 2 88
1891 67 5 1100 
1892 5 188 1100 
1893 6 69 1103 
1894 200 6 1103 
1895 196 17 1101 
1896 17 197 1101 
1897 199 18 1102 
1898 18 208 1102 
1899 68 67 1081 
1900 1081 67 1100 
1901 69 68 1098 
1902 68 1081 1098 
1903 69 1098 1103 
1904 188 189 1096 
1905 188 1096 1100 
1906 189 190 1074 
1907 189 1074 1096 
1908 190 191 1084 
1909 1074 190 1084 
1910 191 192 1075 
1911 191 1075 1084 
1912 192 193 1087 
1913 1075 192 1087 
1914 193 194 1082 
1915 193 1082 1087 
1916 194 195 1073 
1917 194 1073 1082 
1918 195 196 1097 
1919 1073 195 1097 
1920 1097 196 1101 
1921 197 198 1080 
1922 197 1080 1101 
1923 198 199 1099 
1924 1080 198 1099 
1925 1099 199 1102 
1926 201 200 1076 
1927 1076 200 1103 
1928 202 201 1083 
1929 201 1076 1083 
1930 203 202 1079 
1931 1079 202 1083 
1932 204 203 1086 
1933 203 1079 1086 
1934 205 204 1088 
1935 204 1086 1088 
1936 206 205 1078 
1937 1078 205 1088 
1938 207 206 1085 
1939 206 1078 1085 
1940 208 207 1077 
1941 1077 207 1085 
1942 208 1077 1102 
1943 1082 1073 1089 
1944 1089 1073 1093 
1945 1093 1073 1097 
1946 1074 1084 1091 
1947 1090 1074 1091 
1948 1074 1090 1096 
1949 1084 1075 1094 
1950 1075 1087 1092 
1951 1075 1092 1094 
1952 1083 1076 1090 
1953 1090 1076 1098 
1954 1098 1076 1103 
1955 1077 1085 1093 
1956 1077 1093 1099 
1957 1077 1099 1102 
1958 1085 1078 1089 
1959 1078 1088 1095 
1960 1089 1078 1095 
1961 1079 1083 1091 
1962 1086 1079 1094 
1963 1079 1091 1094 
1964 1080 1093 1097 
1965 1093 1080 1099 
1966 1080 1097 1101 
1967 1090 1081 1096 
1968 1081 1090 1098 
1969 1096 1081 1100 
1970 1087 1082 1095 
1971 1082 1089 1095 
1972 1083 1090 1091 
1973 1091 1084 1094 
1974 1085 1089 1093 
1975 1088 1086 1092 
1976 1092 1086 1094 
1977 1092 1087 1095 
1978 1088 1092 1095 
2 7 2 88
1979 1 70 1131 
1980 102 1 1131 
1981 72 6 1134 
1982 6 200 1134 
1983 10 110 1132 
1984 209 10 1132 
1985 208 18 1133 
1986 18 211 1133 
1987 70 71 1110 
1988 70 1110 1131 
1989 71 72 1130 
1990 1110 71 1130 
1991 1130 72 1134 
1992 103 102 1127 
1993 1127 102 1131 
1994 104 103 1114 
1995 1114 103 1127 
1996 105 104 1105 
1997 1105 104 1114 
1998 106 105 1116 
1999 105 1105 1116 
2000 107 106 1106 
2001 1106 106 1116 
2002 108 107 1125 
2003 107 1106 1125 
2004 109 108 1118 
2005 1118 108 1125 
2006 110 109 1108 
2007 1108 109 1118 
2008 110 1108 1132 
2009 200 201 1107 
2010 200 1107 1134 
2011 201 202 1119 
2012 1107 201 1119 
2013 202 203 1120 
2014 1119 202 1120 
2015 203 204 1109 
2016 203 1109 1120 
2017 204 205 1117 
2018 1109 204 1117 
2019 205 206 1112 
2020 205 1112 1117 
2021 206 207 1104 
2022 206 1104 1112 
2023 207 208 1128 
2024 1104 207 1128 
2025 1128 208 1133 
2026 210 209 1129 
2027 1129 209 1132 
2028 211 210 1111 
2029 1111 210 1129 
2030 211 1111 1133 
2031 1112 1104 1113 
2032 1113 1104 1123 
2033 1123 1104 1128 
2034 1105 1114 1115 
2035 1105 1115 1126 
2036 1116 1105 1126 
2037 1106 1116 1124 
2038 1121 1106 1124 
2039 1106 1121 1125 
2040 1107 1119 1122 
2041 1107 1122 1130 
2042 1107 1130 1134 
2043 1108 1118 1123 
2044 1108 1123 1129 
2045 1108 1129 1132 
2046 1109 1117 1124 
2047 1120 1109 1126 
2048 1109 1124 1126 
2049 1110 1122 1127 
2050 1122 1110 1130 
2051 1110 1127 1131 
2052 1111 1123 1128 
2053 1123 1111 1129 
2054 1111 1128 1133 
2055 1112 1113 1121 
2056 1117 1112 1121 
2057 1118 1113 1123 
2058 1113 1118 1125 
2059 1121 1113 1125 
2060 1115 1114 1122 
2061 1122 1114 1127 
2062 1115 1119 1120 
2063 1119 1115 1122 
2064 1115 1120 1126 
2065 1124 1116 1126 
2066 1117 1121 1124 
2 8 2 422
2067 8 1307 76 
2068 172 1307 8 
2069 88 1310 9 
2070 9 1310 129 
2071 137 1314 13 
2072 13 1314 214 
2073 138 1309 14 
2074 14 1309 184 
2075 15 1315 146 
2076 217 1315 15 
2077 212 1142 19 
2078 19 1225 215 
2079 1142 1143 19 
2080 1143 1225 19 
2081 76 1281 77 
2082 76 1307 1281 
2083 77 1170 78 
2084 77 1281 1170 
2085 78 1272 79 
2086 1170 1272 78 
2087 79 1139 80 
2088 79 1272 1139 
2089 80 1297 81 
2090 1139 1297 80 
2091 81 1299 82 
2092 1297 1299 81 
2093 82 1136 83 
2094 82 1299 1136 
2095 83 1303 84 
2096 1136 1303 83 
2097 84 1302 85 
2098 84 1303 1302 
2099 85 1141 86 
2100 85 1302 1141 
2101 86 1298 87 
2102 1141 1298 86 
2103 87 1278 88 
2104 87 1298 1278 
2105 1278 1310 88 
2106 129 1195 130 
2107 129 1310 1195 
2108 130 1273 131 
2109 1195 1273 130 
2110 131 1160 132 
2111 131 1273 1160 
2112 132 1263 133 
2113 1160 1263 132 
2114 133 1137 134 
2115 133 1263 1137 
2116 134 1311 135 
2117 1137 1311 134 
2118 135 1282 136 
2119 1224 1282 135 
2120 135 1311 1224 
2121 136 1194 137 
2122 136 1282 1194 
2123 1194 1314 137 
2124 139 1210 138 
2125 1210 1309 138 
2126 140 1262 139 
2127 139 1262 1210 
2128 141 1161 140 
2129 1161 1262 140 
2130 142 1264 141 
2131 141 1264 1161 
2132 143 1138 142 
2133 1138 1264 142 
2134 144 1260 143 
2135 143 1260 1138 
2136 145 1182 144 
2137 1182 1260 144 
2138 146 1261 145 
2139 145 1261 1182 
2140 146 1315 1261 
2141 173 1205 172 
2142 1205 1307 172 
2143 174 1289 173 
2144 173 1289 1205 
2145 175 1144 174 
2146 1144 1289 174 
2147 176 1304 175 
2148 175 1304 1144 
2149 177 1317 176 
2150 1268 1304 176 
2151 176 1317 1268 
2152 178 1135 177 
2153 1135 1317 177 
2154 179 1286 178 
2155 178 1286 1135 
2156 180 1274 179 
2157 1274 1286 179 
2158 181 1140 180 
2159 1140 1274 180 
2160 182 1271 181 
2161 181 1271 1140 
2162 183 1169 182 
2163 1169 1271 182 
2164 184 1276 183 
2165 183 1276 1169 
2166 184 1309 1276 
2167 213 1280 212 
2168 212 1280 1142 
2169 214 1275 213 
2170 1275 1280 213 
2171 214 1314 1275 
2172 215 1166 216 
2173 215 1225 1166 
2174 216 1279 217 
2175 1166 1279 216 
2176 1279 1315 217 
2177 1135 1316 1283 
2178 1283 1317 1135 
2179 1286 1316 1135 
2180 1136 1299 1217 
2181 1217 1301 1136 
2182 1136 1301 1235 
2183 1235 1303 1136 
2184 1263 1305 1137 
2185 1137 1305 1266 
2186 1266 1311 1137 
2187 1260 1293 1138 
2188 1138 1287 1264 
2189 1138 1293 1287 
2190 1139 1296 1269 
2191 1269 1297 1139 
2192 1272 1296 1139 
2193 1212 1274 1140 
2194 1140 1291 1212 
2195 1271 1291 1140 
2196 1236 1300 1141 
2197 1141 1302 1236 
2198 1249 1298 1141 
2199 1141 1300 1249 
2200 1142 1145 1143 
2201 1142 1221 1145 
2202 1142 1280 1221 
2203 1145 1146 1143 
2204 1146 1157 1143 
2205 1157 1225 1143 
2206 1218 1220 1144 
2207 1144 1267 1218 
2208 1220 1289 1144 
2209 1144 1304 1267 
2210 1145 1147 1146 
2211 1145 1177 1147 
2212 1145 1221 1177 
2213 1147 1148 1146 
2214 1148 1232 1146 
2215 1146 1232 1157 
2216 1147 1149 1148 
2217 1147 1237 1149 
2218 1177 1237 1147 
2219 1149 1150 1148 
2220 1150 1151 1148 
2221 1151 1232 1148 
2222 1149 1155 1150 
2223 1149 1175 1155 
2224 1149 1237 1175 
2225 1150 1152 1151 
2226 1150 1239 1152 
2227 1155 1239 1150 
2228 1152 1153 1151 
2229 1153 1233 1151 
2230 1151 1233 1232 
2231 1152 1154 1153 
2232 1152 1240 1154 
2233 1239 1240 1152 
2234 1154 1156 1153 
2235 1156 1164 1153 
2236 1164 1233 1153 
2237 1154 1158 1156 
2238 1154 1159 1158 
2239 1154 1240 1159 
2240 1175 1176 1155 
2241 1176 1243 1155 
2242 1155 1243 1239 
2243 1158 1252 1156 
2244 1156 1165 1164 
2245 1156 1252 1165 
2246 1157 1226 1225 
2247 1157 1227 1226 
2248 1157 1232 1227 
2249 1159 1162 1158 
2250 1162 1167 1158 
2251 1167 1252 1158 
2252 1159 1163 1162 
2253 1159 1265 1163 
2254 1240 1265 1159 
2255 1250 1263 1160 
2256 1160 1306 1250 
2257 1273 1306 1160 
2258 1161 1284 1262 
2259 1264 1285 1161 
2260 1161 1285 1284 
2261 1163 1168 1162 
2262 1162 1255 1167 
2263 1168 1255 1162 
2264 1163 1171 1168 
2265 1163 1172 1171 
2266 1163 1265 1172 
2267 1165 1173 1164 
2268 1173 1270 1164 
2269 1164 1270 1233 
2270 1165 1174 1173 
2271 1165 1258 1174 
2272 1252 1258 1165 
2273 1225 1288 1166 
2274 1166 1290 1279 
2275 1288 1290 1166 
2276 1251 1252 1167 
2277 1167 1253 1251 
2278 1167 1255 1253 
2279 1171 1178 1168 
2280 1178 1186 1168 
2281 1186 1255 1168 
2282 1169 1308 1271 
2283 1276 1277 1169 
2284 1277 1308 1169 
2285 1170 1295 1272 
2286 1281 1292 1170 
2287 1292 1295 1170 
2288 1172 1187 1171 
2289 1171 1259 1178 
2290 1187 1259 1171 
2291 1172 1197 1187 
2292 1172 1199 1197 
2293 1172 1265 1199 
2294 1174 1188 1173 
2295 1188 1189 1173 
2296 1189 1270 1173 
2297 1174 1190 1188 
2298 1174 1191 1190 
2299 1174 1258 1191 
2300 1175 1179 1176 
2301 1175 1196 1179 
2302 1175 1237 1196 
2303 1179 1180 1176 
2304 1180 1181 1176 
2305 1181 1243 1176 
2306 1221 1222 1177 
2307 1222 1223 1177 
2308 1223 1237 1177 
2309 1178 1201 1186 
2310 1178 1202 1201 
2311 1178 1259 1202 
2312 1179 1245 1180 
2313 1196 1208 1179 
2314 1208 1245 1179 
2315 1180 1183 1181 
2316 1180 1185 1183 
2317 1180 1245 1185 
2318 1183 1184 1181 
2319 1184 1238 1181 
2320 1238 1243 1181 
2321 1182 1294 1260 
2322 1261 1290 1182 
2323 1290 1294 1182 
2324 1183 1193 1184 
2325 1185 1254 1183 
2326 1183 1254 1193 
2327 1193 1234 1184 
2328 1234 1242 1184 
2329 1184 1242 1238 
2330 1245 1246 1185 
2331 1246 1247 1185 
2332 1247 1254 1185 
2333 1201 1203 1186 
2334 1203 1204 1186 
2335 1204 1255 1186 
2336 1197 1198 1187 
2337 1198 1211 1187 
2338 1211 1259 1187 
2339 1188 1231 1189 
2340 1190 1200 1188 
2341 1200 1231 1188 
2342 1189 1230 1228 
2343 1228 1270 1189 
2344 1189 1231 1230 
2345 1191 1192 1190 
2346 1192 1257 1190 
2347 1190 1257 1200 
2348 1191 1206 1192 
2349 1191 1207 1206 
2350 1191 1258 1207 
2351 1206 1215 1192 
2352 1215 1216 1192 
2353 1216 1257 1192 
2354 1193 1235 1234 
2355 1193 1236 1235 
2356 1193 1254 1236 
2357 1194 1312 1275 
2358 1275 1314 1194 
2359 1282 1312 1194 
2360 1195 1313 1273 
2361 1195 1310 1278 
2362 1278 1313 1195 
2363 1196 1266 1208 
2364 1196 1237 1223 
2365 1223 1266 1196 
2366 1197 1209 1198 
2367 1199 1242 1197 
2368 1197 1242 1209 
2369 1209 1217 1198 
2370 1198 1269 1211 
2371 1217 1269 1198 
2372 1199 1241 1238 
2373 1238 1242 1199 
2374 1199 1265 1241 
2375 1200 1287 1231 
2376 1257 1285 1200 
2377 1285 1287 1200 
2378 1202 1218 1201 
2379 1201 1267 1203 
2380 1218 1267 1201 
2381 1202 1219 1218 
2382 1202 1256 1219 
2383 1202 1259 1256 
2384 1203 1283 1204 
2385 1267 1268 1203 
2386 1268 1283 1203 
2387 1244 1253 1204 
2388 1204 1283 1244 
2389 1253 1255 1204 
2390 1205 1289 1220 
2391 1220 1292 1205 
2392 1205 1292 1281 
2393 1281 1307 1205 
2394 1207 1212 1206 
2395 1212 1291 1206 
2396 1206 1291 1215 
2397 1207 1213 1212 
2398 1207 1251 1213 
2399 1207 1258 1251 
2400 1208 1250 1245 
2401 1208 1305 1250 
2402 1266 1305 1208 
2403 1209 1301 1217 
2404 1209 1242 1234 
2405 1234 1301 1209 
2406 1262 1318 1210 
2407 1210 1277 1276 
2408 1276 1309 1210 
2409 1210 1318 1277 
2410 1256 1259 1211 
2411 1211 1296 1256 
2412 1269 1296 1211 
2413 1213 1214 1212 
2414 1214 1274 1212 
2415 1213 1244 1214 
2416 1213 1253 1244 
2417 1251 1253 1213 
2418 1244 1316 1214 
2419 1214 1286 1274 
2420 1214 1316 1286 
2421 1215 1308 1216 
2422 1215 1291 1271 
2423 1271 1308 1215 
2424 1216 1284 1257 
2425 1216 1308 1277 
2426 1277 1318 1216 
2427 1216 1318 1284 
2428 1217 1297 1269 
2429 1217 1299 1297 
2430 1219 1220 1218 
2431 1219 1292 1220 
2432 1256 1295 1219 
2433 1219 1295 1292 
2434 1221 1312 1222 
2435 1280 1312 1221 
2436 1222 1224 1223 
2437 1222 1282 1224 
2438 1222 1312 1282 
2439 1224 1266 1223 
2440 1224 1311 1266 
2441 1226 1288 1225 
2442 1227 1228 1226 
2443 1228 1229 1226 
2444 1229 1288 1226 
2445 1227 1270 1228 
2446 1232 1233 1227 
2447 1233 1270 1227 
2448 1228 1230 1229 
2449 1230 1294 1229 
2450 1229 1290 1288 
2451 1229 1294 1290 
2452 1231 1293 1230 
2453 1293 1294 1230 
2454 1287 1293 1231 
2455 1235 1301 1234 
2456 1236 1303 1235 
2457 1254 1300 1236 
2458 1302 1303 1236 
2459 1241 1243 1238 
2460 1239 1241 1240 
2461 1239 1243 1241 
2462 1241 1265 1240 
2463 1283 1316 1244 
2464 1245 1250 1246 
2465 1246 1248 1247 
2466 1246 1306 1248 
2467 1250 1306 1246 
2468 1248 1249 1247 
2469 1249 1300 1247 
2470 1247 1300 1254 
2471 1248 1313 1249 
2472 1248 1306 1273 
2473 1273 1313 1248 
2474 1278 1298 1249 
2475 1249 1313 1278 
2476 1250 1305 1263 
2477 1251 1258 1252 
2478 1256 1296 1295 
2479 1284 1285 1257 
2480 1260 1294 1293 
2481 1279 1290 1261 
2482 1261 1315 1279 
2483 1284 1318 1262 
2484 1264 1287 1285 
2485 1267 1304 1268 
2486 1268 1317 1283 
2487 1295 1296 1272 
2488 1275 1312 1280 
2 9 2 40
2489 7 111 1331 
2490 185 7 1331 
2491 113 10 1330 
2492 10 209 1330 
2493 17 187 1329 
2494 197 17 1329 
2495 18 199 1328 
2496 211 18 1328 
2497 111 112 1322 
2498 111 1322 1331 
2499 112 113 1321 
2500 112 1321 1322 
2501 1321 113 1330 
2502 186 185 1327 
2503 1327 185 1331 
2504 187 186 1320 
2505 1320 186 1327 
2506 187 1320 1329 
2507 198 197 1325 
2508 1325 197 1329 
2509 199 198 1324 
2510 1324 198 1325 
2511 199 1324 1328 
2512 209 210 1326 
2513 209 1326 1330 
2514 210 211 1319 
2515 210 1319 1326 
2516 1319 211 1328 
2517 1323 1319 1324 
2518 1319 1323 1326 
2519 1324 1319 1328 
2520 1320 1323 1325 
2521 1323 1320 1327 
2522 1320 1325 1329 
2523 1322 1321 1323 
2524 1323 1321 1326 
2525 1326 1321 1330 
2526 1322 1323 1327 
2527 1322 1327 1331 
2528 1323 1324 1325 
2 10 2 40
2529 119 1342 11 
2530 11 1342 158 
2531 12 1344 117 
2532 220 1344 12 
2533 156 1343 16 
2534 16 1343 223 
2535 20 1341 218 
2536 221 1341 20 
2537 117 1339 118 
2538 117 1344 1339 
2539 118 1332 119 
2540 118 1339 1332 
2541 1332 1342 119 
2542 157 1338 156 
2543 1338 1343 156 
2544 158 1337 157 
2545 1337 1338 157 
2546 158 1342 1337 
2547 218 1335 219 
2548 218 1341 1335 
2549 219 1334 220 
2550 219 1335 1334 
2551 1334 1344 220 
2552 222 1340 221 
2553 1340 1341 221 
2554 223 1333 222 
2555 1333 1340 222 
2556 223 1343 1333 
2557 1336 1337 1332 
2558 1332 1339 1336 
2559 1337 1342 1332 
2560 1333 1338 1336 
2561 1336 1340 1333 
2562 1333 1343 1338 
2563 1335 1336 1334 
2564 1336 1339 1334 
2565 1339 1344 1334 
2566 1335 1340 1336 
2567 1335 1341 1340 
2568 1336 1338 1337 
2 11 2 88
2569 120 1374 12 
2570 12 1374 220 
2571 13 1375 128 
2572 214 1375 13 
2573 19 1372 212 
2574 232 1372 19 
2575 218 1373 20 
2576 20 1373 224 
2577 121 1348 120 
2578 1348 1374 120 
2579 122 1359 121 
2580 121 1359 1348 
2581 123 1345 122 
2582 1345 1359 122 
2583 124 1355 123 
2584 123 1355 1345 
2585 125 1346 124 
2586 1346 1355 124 
2587 126 1356 125 
2588 125 1356 1346 
2589 127 1347 126 
2590 1347 1356 126 
2591 128 1369 127 
2592 127 1369 1347 
2593 128 1375 1369 
2594 212 1370 213 
2595 212 1372 1370 
2596 213 1354 214 
2597 213 1370 1354 
2598 1354 1375 214 
2599 219 1353 218 
2600 1353 1373 218 
2601 220 1371 219 
2602 219 1371 1353 
2603 220 1374 1371 
2604 224 1368 225 
2605 224 1373 1368 
2606 225 1352 226 
2607 225 1368 1352 
2608 226 1360 227 
2609 1352 1360 226 
2610 227 1349 228 
2611 227 1360 1349 
2612 228 1357 229 
2613 1349 1357 228 
2614 229 1350 230 
2615 229 1357 1350 
2616 230 1358 231 
2617 1350 1358 230 
2618 231 1351 232 
2619 231 1358 1351 
2620 1351 1372 232 
2621 1355 1362 1345 
2622 1345 1364 1359 
2623 1362 1364 1345 
2624 1346 1361 1355 
2625 1356 1365 1346 
2626 1346 1365 1361 
2627 1347 1367 1356 
2628 1366 1367 1347 
2629 1347 1369 1366 
2630 1359 1363 1348 
2631 1363 1371 1348 
2632 1371 1374 1348 
2633 1349 1361 1357 
2634 1360 1362 1349 
2635 1349 1362 1361 
2636 1357 1365 1350 
2637 1350 1367 1358 
2638 1365 1367 1350 
2639 1358 1366 1351 
2640 1366 1370 1351 
2641 1370 1372 1351 
2642 1352 1364 1360 
2643 1363 1364 1352 
2644 1352 1368 1363 
2645 1363 1368 1353 
2646 1353 1371 1363 
2647 1368 1373 1353 
2648 1366 1369 1354 
2649 1354 1370 1366 
2650 1369 1375 1354 
2651 1361 1362 1355 
2652 1356 1367 1365 
2653 1361 1365 1357 
2654 1358 1367 1366 
2655 1359 1364 1363 
2656 1360 1364 1362 
2 12 2 92
2657 155 1405 15 
2658 15 1405 217 
2659 16 1406 147 
2660 223 1406 16 
2661 215 1404 19 
2662 19 1404 232 
2663 20 1403 221 
2664 224 1403 20 
2665 147 1379 148 
2666 147 1406 1379 
2667 148 1389 149 
2668 1379 1389 148 
2669 149 1391 150 
2670 1389 1391 149 
2671 150 1380 151 
2672 150 1391 1380 
2673 151 1386 152 
2674 1380 1386 151 
2675 152 1383 153 
2676 152 1386 1383 
2677 153 1387 154 
2678 1383 1387 153 
2679 154 1378 155 
2680 154 1387 1378 
2681 1378 1405 155 
2682 216 1382 215 
2683 1382 1404 215 
2684 217 1400 216 
2685 216 1400 1382 
2686 217 1405 1400 
2687 221 1381 222 
2688 221 1403 1381 
2689 222 1399 223 
2690 1381 1399 222 
2691 1399 1406 223 
2692 225 1401 224 
2693 1401 1403 224 
2694 226 1393 225 
2695 1393 1401 225 
2696 227 1377 226 
2697 1377 1393 226 
2698 228 1384 227 
2699 227 1384 1377 
2700 229 1385 228 
2701 228 1385 1384 
2702 230 1376 229 
2703 1376 1385 229 
2704 231 1392 230 
2705 230 1392 1376 
2706 232 1402 231 
2707 231 1402 1392 
2708 232 1404 1402 
2709 1376 1395 1385 
2710 1392 1398 1376 
2711 1376 1398 1395 
2712 1384 1396 1377 
2713 1377 1397 1393 
2714 1396 1397 1377 
2715 1387 1388 1378 
2716 1388 1408 1378 
2717 1400 1405 1378 
2718 1378 1408 1400 
2719 1379 1390 1389 
2720 1379 1407 1390 
2721 1379 1406 1399 
2722 1399 1407 1379 
2723 1380 1394 1386 
2724 1391 1396 1380 
2725 1380 1396 1394 
2726 1381 1407 1399 
2727 1381 1403 1401 
2728 1401 1407 1381 
2729 1400 1408 1382 
2730 1402 1404 1382 
2731 1382 1408 1402 
2732 1386 1395 1383 
2733 1383 1398 1387 
2734 1395 1398 1383 
2735 1385 1394 1384 
2736 1394 1396 1384 
2737 1385 1395 1394 
2738 1394 1395 1386 
2739 1387 1398 1388 
2740 1388 1398 1392 
2741 1392 1402 1388 
2742 1402 1408 1388 
2743 1390 1397 1389 
2744 1389 1397 1391 
2745 1393 1397 1390 
2746 1390 1401 1393 
2747 1390 1407 1401 
2748 1391 1397 1396 
2 13 2 40
2749 1 70 1421 
2750 235 1 1421 
2751 67 5 1419 
2752 5 238 1419 
2753 6 69 1418 
2754 72 6 1418 
2755 21 233 1420 
2756 236 21 1420 
2757 68 67 1416 
2758 1416 67 1419 
2759 69 68 1409 
2760 1409 68 1416 
2761 69 1409 1418 
2762 70 71 1415 
2763 70 1415 1421 
2764 71 72 1414 
2765 71 1414 1415 
2766 1414 72 1418 
2767 233 234 1417 
2768 233 1417 1420 
2769 234 235 1410 
2770 234 1410 1417 
2771 1410 235 1421 
2772 237 236 1412 
2773 1412 236 1420 
2774 238 237 1411 
2775 1411 237 1412 
2776 238 1411 1419 
2777 1409 1413 1414 
2778 1413 1409 1416 
2779 1409 1414 1418 
2780 1413 1410 1415 
2781 1410 1413 1417 
2782 1415 1410 1421 
2783 1411 1412 1413 
2784 1411 1413 1416 
2785 1411 1416 1419 
2786 1413 1412 1417 
2787 1417 1412 1420 
2788 1414 1413 1415 
2 14 2 90
2789 102 1 1451 
2790 1 235 1451 
2791 7 111 1450 
2792 247 7 1450 
2793 10 110 1452 
2794 113 10 1452 
2795 233 21 1449 
2796 21 239 1449 
2797 103 102 1445 
2798 1445 102 1451 
2799 104 103 1423 
2800 1423 103 1445 
2801 105 104 1432 
2802 104 1423 1432 
2803 106 105 1430 
2804 1430 105 1432 
2805 107 106 1434 
2806 106 1430 1434 
2807 108 107 1426 
2808 1426 107 1434 
2809 109 108 1435 
2810 108 1426 1435 
2811 110 109 1425 
2812 1425 109 1435 
2813 110 1425 1452 
2814 111 112 1428 
2815 111 1428 1450 
2816 112 113 1448 
2817 1428 112 1448 
2818 1448 113 1452 
2819 234 233 1447 
2820 1447 233 1449 
2821 235 234 1429 
2822 1429 234 1447 
2823 235 1429 1451 
2824 239 240 1427 
2825 239 1427 1449 
2826 240 241 1443 
2827 1427 240 1443 
2828 241 242 1437 
2829 241 1437 1443 
2830 242 243 1424 
2831 242 1424 1437 
2832 243 244 1436 
2833 1424 243 1436 
2834 244 245 1431 
2835 244 1431 1436 
2836 245 246 1422 
2837 245 1422 1431 
2838 246 247 1446 
2839 1422 246 1446 
2840 1446 247 1450 
2841 1431 1422 1439 
2842 1439 1422 1441 
2843 1441 1422 1446 
2844 1432 1423 1433 
2845 1433 1423 1438 
2846 1438 1423 1445 
2847 1424 1436 1440 
2848 1437 1424 1444 
2849 1424 1440 1444 
2850 1425 1435 1441 
2851 1425 1441 1448 
2852 1425 1448 1452 
2853 1426 1434 1442 
2854 1435 1426 1439 
2855 1439 1426 1442 
2856 1438 1427 1443 
2857 1427 1438 1453 
2858 1427 1447 1449 
2859 1447 1427 1453 
2860 1428 1441 1446 
2861 1441 1428 1448 
2862 1428 1446 1450 
2863 1429 1445 1451 
2864 1445 1429 1453 
2865 1429 1447 1453 
2866 1430 1432 1444 
2867 1434 1430 1440 
2868 1440 1430 1444 
2869 1436 1431 1442 
2870 1431 1439 1442 
2871 1432 1433 1444 
2872 1437 1433 1443 
2873 1433 1437 1444 
2874 1433 1438 1443 
2875 1434 1440 1442 
2876 1435 1439 1441 
2877 1440 1436 1442 
2878 1438 1445 1453 
2 15 2 88
2879 5 188 1484 
2880 238 5 1484 
2881 185 7 1481 
2882 7 247 1481 
2883 17 187 1483 
2884 196 17 1483 
2885 21 236 1482 
2886 239 21 1482 
2887 186 185 1479 
2888 1479 185 1481 
2889 187 186 1461 
2890 1461 186 1479 
2891 187 1461 1483 
2892 188 189 1457 
2893 188 1457 1484 
2894 189 190 1465 
2895 1457 189 1465 
2896 190 191 1462 
2897 190 1462 1465 
2898 191 192 1466 
2899 1462 191 1466 
2900 192 193 1456 
2901 192 1456 1466 
2902 193 194 1463 
2903 1456 193 1463 
2904 194 195 1454 
2905 194 1454 1463 
2906 195 196 1478 
2907 1454 195 1478 
2908 1478 196 1483 
2909 236 237 1460 
2910 236 1460 1482 
2911 237 238 1480 
2912 1460 237 1480 
2913 1480 238 1484 
2914 240 239 1477 
2915 1477 239 1482 
2916 241 240 1464 
2917 1464 240 1477 
2918 242 241 1455 
2919 1455 241 1464 
2920 243 242 1475 
2921 242 1455 1475 
2922 244 243 1470 
2923 1470 243 1475 
2924 245 244 1459 
2925 1459 244 1470 
2926 246 245 1468 
2927 245 1459 1468 
2928 247 246 1458 
2929 1458 246 1468 
2930 247 1458 1481 
2931 1463 1454 1474 
2932 1454 1473 1474 
2933 1473 1454 1478 
2934 1455 1464 1471 
2935 1469 1455 1471 
2936 1455 1469 1475 
2937 1456 1463 1476 
2938 1466 1456 1467 
2939 1467 1456 1476 
2940 1457 1465 1472 
2941 1457 1472 1480 
2942 1457 1480 1484 
2943 1458 1468 1473 
2944 1458 1473 1479 
2945 1458 1479 1481 
2946 1468 1459 1474 
2947 1459 1470 1476 
2948 1474 1459 1476 
2949 1460 1472 1477 
2950 1472 1460 1480 
2951 1460 1477 1482 
2952 1461 1473 1478 
2953 1473 1461 1479 
2954 1461 1478 1483 
2955 1465 1462 1471 
2956 1462 1466 1469 
2957 1462 1469 1471 
2958 1463 1474 1476 
2959 1471 1464 1472 
2960 1472 1464 1477 
2961 1465 1471 1472 
2962 1466 1467 1469 
2963 1469 1467 1475 
2964 1467 1470 1475 
2965 1470 1467 1476 
2966 1473 1468 1474 
2 16 2 40
2967 214 1494 13 
2968 13 1494 248 
2969 15 1496 217 
2970 251 1496 15 
2971 19 1495 212 
2972 215 1495 19 
2973 250 1497 22 
2974 22 1497 253 
2975 212 1488 213 
2976 212 1495 1488 
2977 213 1486 214 
2978 213 1488 1486 
2979 1486 1494 214 
2980 216 1491 215 
2981 1491 1495 215 
2982 217 1487 216 
2983 1487 1491 216 
2984 217 1496 1487 
2985 248 1490 249 
2986 248 1494 1490 
2987 249 1493 250 
2988 1490 1493 249 
2989 1493 1497 250 
2990 252 1492 251 
2991 1492 1496 251 
2992 253 1485 252 
2993 1485 1492 252 
2994 253 1497 1485 
2995 1489 1492 1485 
2996 1485 1493 1489 
2997 1485 1497 1493 
2998 1488 1489 1486 
2999 1489 1490 1486 
3000 1490 1494 1486 
3001 1489 1491 1487 
3002 1487 1492 1489 
3003 1487 1496 1492 
3004 1488 1491 1489 
3005 1488 1495 1491 
3006 1489 1493 1490 
2 17 2 90
3007 11 1527 158 
3008 254 1527 11 
3009 155 1525 15 
3010 15 1525 251 
3011 16 1526 147 
3012 156 1526 16 
3013 253 1528 22 
3014 22 1528 262 
3015 147 1521 148 
3016 147 1526 1521 
3017 148 1512 149 
3018 148 1521 1512 
3019 149 1498 150 
3020 149 1512 1498 
3021 150 1511 151 
3022 1498 1511 150 
3023 151 1506 152 
3024 151 1511 1506 
3025 152 1499 153 
3026 152 1506 1499 
3027 153 1514 154 
3028 1499 1514 153 
3029 154 1524 155 
3030 1514 1524 154 
3031 1524 1525 155 
3032 157 1503 156 
3033 1503 1526 156 
3034 158 1523 157 
3035 157 1523 1503 
3036 158 1527 1523 
3037 251 1504 252 
3038 251 1525 1504 
3039 252 1522 253 
3040 1504 1522 252 
3041 1522 1528 253 
3042 255 1501 254 
3043 1501 1527 254 
3044 256 1513 255 
3045 255 1513 1501 
3046 257 1505 256 
3047 1505 1513 256 
3048 258 1510 257 
3049 257 1510 1505 
3050 259 1502 258 
3051 1502 1510 258 
3052 260 1509 259 
3053 259 1509 1502 
3054 261 1507 260 
3055 1507 1509 260 
3056 262 1500 261 
3057 1500 1507 261 
3058 262 1528 1500 
3059 1498 1515 1511 
3060 1512 1519 1498 
3061 1498 1519 1515 
3062 1506 1518 1499 
3063 1499 1520 1514 
3064 1518 1520 1499 
3065 1500 1508 1507 
3066 1500 1529 1508 
3067 1500 1528 1522 
3068 1522 1529 1500 
3069 1513 1517 1501 
3070 1517 1523 1501 
3071 1523 1527 1501 
3072 1509 1518 1502 
3073 1502 1516 1510 
3074 1502 1518 1516 
3075 1517 1521 1503 
3076 1503 1523 1517 
3077 1521 1526 1503 
3078 1504 1529 1522 
3079 1504 1525 1524 
3080 1524 1529 1504 
3081 1510 1515 1505 
3082 1505 1519 1513 
3083 1515 1519 1505 
3084 1511 1516 1506 
3085 1516 1518 1506 
3086 1508 1520 1507 
3087 1507 1520 1509 
3088 1514 1520 1508 
3089 1508 1524 1514 
3090 1508 1529 1524 
3091 1509 1520 1518 
3092 1510 1516 1515 
3093 1515 1516 1511 
3094 1517 1519 1512 
3095 1512 1521 1517 
3096 1513 1519 1517 
2 18 2 90
3097 119 1559 11 
3098 11 1559 254 
3099 12 1557 117 
3100 120 1557 12 
3101 13 1558 128 
3102 248 1558 13 
3103 22 1560 250 
3104 262 1560 22 
3105 117 1535 118 
3106 117 1557 1535 
3107 118 1554 119 
3108 1535 1554 118 
3109 1554 1559 119 
3110 121 1553 120 
3111 1553 1557 120 
3112 122 1544 121 
3113 1544 1553 121 
3114 123 1530 122 
3115 1530 1544 122 
3116 124 1539 123 
3117 123 1539 1530 
3118 125 1538 124 
3119 1538 1539 124 
3120 126 1531 125 
3121 1531 1538 125 
3122 127 1546 126 
3123 126 1546 1531 
3124 128 1556 127 
3125 127 1556 1546 
3126 128 1558 1556 
3127 249 1536 248 
3128 1536 1558 248 
3129 250 1555 249 
3130 249 1555 1536 
3131 250 1560 1555 
3132 254 1532 255 
3133 254 1559 1532 
3134 255 1545 256 
3135 1532 1545 255 
3136 256 1543 257 
3137 256 1545 1543 
3138 257 1534 258 
3139 257 1543 1534 
3140 258 1540 259 
3141 1534 1540 258 
3142 259 1537 260 
3143 259 1540 1537 
3144 260 1541 261 
3145 1537 1541 260 
3146 261 1533 262 
3147 261 1541 1533 
3148 1533 1560 262 
3149 1539 1551 1530 
3150 1530 1547 1544 
3151 1530 1551 1547 
3152 1531 1550 1538 
3153 1546 1552 1531 
3154 1531 1552 1550 
3155 1532 1549 1545 
3156 1532 1554 1549 
3157 1532 1559 1554 
3158 1541 1542 1533 
3159 1542 1561 1533 
3160 1555 1560 1533 
3161 1533 1561 1555 
3162 1534 1548 1540 
3163 1543 1551 1534 
3164 1534 1551 1548 
3165 1535 1553 1549 
3166 1549 1554 1535 
3167 1535 1557 1553 
3168 1555 1561 1536 
3169 1556 1558 1536 
3170 1536 1561 1556 
3171 1540 1550 1537 
3172 1537 1552 1541 
3173 1550 1552 1537 
3174 1538 1548 1539 
3175 1538 1550 1548 
3176 1548 1551 1539 
3177 1548 1550 1540 
3178 1541 1552 1542 
3179 1542 1552 1546 
3180 1546 1556 1542 
3181 1556 1561 1542 
3182 1545 1547 1543 
3183 1547 1551 1543 
3184 1547 1549 1544 
3185 1549 1553 1544 
3186 1545 1549 1547 
3 2 4 716
3187 1564 1581 1423 1582 
3188 1102 1328 1133 1580 
3189 1331 1481 1450 1579 
3190 1073 1565 1454 1566 
3191 1455 1562 1437 1570 
3192 1455 1437 1562 1573 
3193 1423 1564 1438 1581 
3194 1423 1438 1564 1582 
3195 1122 1581 1564 1582 
3196 1114 1423 1581 1582 
3197 1079 1120 1562 1571 
3198 1120 1079 1562 1572 
3199 1438 1573 1564 1582 
3200 1435 1565 1118 1567 
3201 1118 1565 1435 1569 
3202 1087 1456 1568 1576 
3203 1095 1563 1087 1568 
3204 1437 1433 1444 1562 
3205 1563 1568 1456 1576 
3206 1433 1562 1437 1573 
3207 1087 1568 1563 1576 
3208 1444 1437 1562 1570 
3209 1122 1114 1581 1582 
3210 1456 1563 1476 1568 
3211 1469 1562 1455 1570 
3212 1087 1563 1095 1576 
3213 1454 1565 1073 1568 
3214 1423 1438 1445 1581 
3215 1445 1114 1423 1581 
3216 1476 1563 1456 1576 
3217 1473 1454 1565 1566 
3218 1120 1126 1562 1571 
3219 1133 1328 1111 1580 
3220 1079 1562 1094 1571 
3221 1454 1478 1097 1566 
3222 1127 1114 1445 1581 
3223 1564 1572 1122 1582 
3224 1073 1454 1097 1566 
3225 1093 1565 1073 1566 
3226 1102 1099 1328 1580 
3227 1479 1481 1331 1579 
3228 1566 1567 1323 1580 
3229 1101 1483 1329 1566 
3230 1444 1562 1433 1582 
3231 1323 1567 1566 1579 
3232 1319 1323 1567 1580 
3233 1123 1118 1565 1567 
3234 1473 1565 1574 1579 
3235 1441 1565 1435 1567 
3236 1565 1575 1113 1580 
3237 1323 1322 1567 1579 
3238 1452 1132 1330 1567 
3239 1455 1562 1471 1573 
3240 1441 1574 1565 1579 
3241 1091 1562 1079 1572 
3242 1455 1469 1471 1562 
3243 1079 1091 1094 1562 
3244 1095 1563 1568 1586 
3245 1118 1113 1565 1569 
3246 1093 1575 1565 1580 
3247 1092 1087 1095 1576 
3248 1435 1565 1439 1569 
3249 1324 1319 1328 1580 
3250 1476 1456 1467 1576 
3251 1562 1573 1433 1582 
3252 1444 1577 1562 1582 
3253 1120 1126 1115 1562 
3254 1319 1111 1328 1580 
3255 1476 1568 1563 1585 
3256 1562 1577 1126 1582 
3257 1456 1463 1082 1568 
3258 1082 1087 1456 1568 
3259 1474 1565 1454 1568 
3260 1562 1570 1469 1589 
3261 1477 1427 1573 1583 
3262 1120 1562 1115 1572 
3263 1453 1438 1564 1581 
3264 1322 1327 1331 1579 
3265 1094 1562 1091 1589 
3266 1073 1565 1089 1568 
3267 1444 1570 1562 1577 
3268 1094 1571 1562 1589 
3269 1562 1571 1126 1577 
3270 1438 1453 1564 1583 
3271 1473 1566 1565 1579 
3272 1122 1114 1127 1581 
3273 1090 1578 1564 1587 
3274 1471 1562 1469 1589 
3275 1090 1572 1564 1578 
3276 1099 1324 1328 1580 
3277 1472 1573 1564 1583 
3278 1092 1571 1576 1586 
3279 1473 1565 1474 1574 
3280 1479 1331 1327 1579 
3281 1472 1477 1573 1583 
3282 1443 1477 1427 1573 
3283 1467 1576 1570 1585 
3284 1570 1576 1563 1585 
3285 1563 1576 1571 1586 
3286 1093 1565 1566 1580 
3287 1473 1478 1454 1566 
3288 1118 1108 1425 1567 
3289 1473 1574 1468 1579 
3290 1113 1123 1118 1565 
3291 1474 1473 1454 1565 
3292 1115 1562 1126 1582 
3293 1453 1581 1564 1583 
3294 1319 1567 1111 1580 
3295 1123 1565 1113 1580 
3296 1440 1585 1570 1588 
3297 1109 1086 1088 1571 
3298 1322 1428 1567 1579 
3299 1475 1436 1470 1570 
3300 1425 1435 1118 1567 
3301 1439 1569 1565 1574 
3302 1435 1441 1439 1565 
3303 1571 1586 1124 1588 
3304 1109 1088 1117 1571 
3305 1474 1565 1568 1574 
3306 1439 1565 1441 1574 
3307 1475 1424 1436 1570 
3308 1125 1569 1426 1588 
3309 1089 1568 1565 1575 
3310 1475 1455 1437 1570 
3311 1123 1567 1565 1580 
3312 1475 1437 1424 1570 
3313 1089 1565 1093 1575 
3314 1441 1422 1574 1579 
3315 1101 1097 1483 1566 
3316 1093 1073 1097 1566 
3317 1113 1575 1104 1580 
3318 1443 1464 1477 1573 
3319 1113 1565 1569 1575 
3320 1107 1076 1572 1584 
3321 1426 1434 1106 1588 
3322 1429 1453 1447 1581 
3323 1465 1074 1457 1578 
3324 1565 1567 1441 1579 
3325 1093 1089 1073 1565 
3326 1436 1470 1570 1585 
3327 1125 1426 1106 1588 
3328 1088 1117 1571 1586 
3329 1471 1573 1562 1578 
3330 1564 1573 1438 1583 
3331 1442 1569 1585 1588 
3332 1472 1564 1573 1578 
3333 1102 1133 1128 1580 
3334 1093 1085 1575 1580 
3335 1570 1585 1563 1588 
3336 1481 1446 1450 1579 
3337 1563 1586 1571 1588 
3338 1079 1086 1120 1571 
3339 1090 1564 1572 1584 
3340 1121 1586 1569 1588 
3341 1483 1461 1329 1566 
3342 1120 1086 1109 1571 
3343 1562 1572 1091 1578 
3344 1413 1584 1564 1587 
3345 1464 1472 1477 1573 
3346 1091 1562 1578 1589 
3347 1074 1578 1090 1587 
3348 1073 1082 1463 1568 
3349 1107 1076 1119 1572 
3350 1115 1572 1562 1582 
3351 1427 1438 1573 1583 
3352 1452 1108 1132 1567 
3353 1099 1566 1324 1580 
3354 1327 1566 1479 1579 
3355 1564 1583 1413 1587 
3356 1471 1578 1562 1589 
3357 1429 1447 1410 1581 
3358 1564 1573 1572 1582 
3359 1330 1132 1129 1567 
3360 1564 1584 1090 1587 
3361 1563 1585 1569 1588 
3362 1413 1581 1564 1584 
3363 1426 1125 1435 1569 
3364 1448 1452 1330 1567 
3365 1473 1474 1468 1574 
3366 1472 1564 1578 1587 
3367 1119 1076 1083 1572 
3368 1122 1572 1564 1584 
3369 1440 1442 1585 1588 
3370 1569 1586 1563 1588 
3371 1455 1464 1437 1573 
3372 1095 1087 1082 1568 
3373 1413 1564 1581 1583 
3374 1118 1435 1125 1569 
3375 1453 1445 1438 1581 
3376 1453 1447 1581 1583 
3377 1121 1124 1586 1588 
3378 1463 1454 1073 1568 
3379 1117 1124 1571 1586 
3380 1440 1436 1570 1585 
3381 1472 1578 1457 1587 
3382 1456 1476 1463 1568 
3383 1092 1088 1571 1586 
3384 1123 1113 1104 1580 
3385 1439 1441 1422 1574 
3386 1120 1083 1079 1572 
3387 1409 1584 1413 1587 
3388 1086 1109 1088 204 
3389 193 1456 1463 1082 
3390 193 1456 1082 1087 
3391 1564 1581 1122 1584 
3392 1319 1326 1111 1567 
3393 1109 1117 1088 204 
3394 1470 1467 1570 1585 
3395 1443 1437 1464 1573 
3396 1096 1074 1090 1587 
3397 1323 1322 1321 1567 
3398 1090 1572 1076 1584 
3399 1097 1478 1483 1566 
3400 1102 1128 1077 1580 
3401 1436 1470 243 1475 
3402 1089 1093 1085 1575 
3403 1481 1458 1446 1579 
3404 1424 1436 243 1475 
3405 1426 107 1106 1434 
3406 1472 1573 1464 1578 
3407 1126 1577 1105 1582 
3408 1081 1584 1409 1587 
3409 1107 1572 1122 1584 
3410 1472 1583 1564 1587 
3411 1411 1413 1583 1587 
3412 1119 1083 1120 1572 
3413 1444 1432 1577 1582 
3414 1095 1568 1575 1586 
3415 1442 1569 1574 1585 
3416 1111 1326 1129 1567 
3417 1319 1323 1326 1567 
3418 1455 242 1475 1437 
3419 1424 1475 242 1437 
3420 1106 1125 107 1426 
3421 1084 1465 1462 1578 
3422 1471 1464 1573 1578 
3423 1444 1424 1437 1570 
3424 1115 1122 1572 1582 
3425 1121 1575 1569 1586 
3426 1461 1320 1329 1566 
3427 1472 1465 1457 1578 
3428 1416 1409 1413 1587 
3429 1476 1574 1568 1585 
3430 1084 1578 1462 1589 
3431 1568 1569 1563 1585 
3432 1424 1440 1436 1570 
3433 1099 1102 1077 1580 
3434 1425 1108 1452 1567 
3435 1109 1117 1124 1571 
3436 1082 1463 194 1073 
3437 1475 1470 1467 1570 
3438 1092 1088 1086 1571 
3439 1440 1570 1577 1588 
3440 1563 1569 1568 1586 
3441 1479 1458 1481 1579 
3442 1425 1441 1435 1567 
3443 1475 1469 1455 1570 
3444 1105 105 1432 1577 
3445 1438 1427 1453 1583 
3446 1086 1079 1120 203 
3447 1444 1433 1432 1582 
3448 1568 1574 1569 1585 
3449 1086 1120 1109 203 
3450 1462 190 1465 1084 
3451 1413 1414 1581 1584 
3452 1416 1081 1409 1587 
3453 1468 1574 1422 1579 
3454 1123 1108 1118 1567 
3455 1124 1577 1571 1588 
3456 1079 1094 1086 1571 
3457 1427 1438 1443 1573 
3458 1128 1133 1111 1580 
3459 1107 1119 1122 1572 
3460 202 1079 1120 1083 
3461 1479 1327 1320 1566 
3462 1084 1074 1465 1578 
3463 1570 1576 1469 1589 
3464 1456 1087 192 1576 
3465 1428 1450 1446 1579 
3466 1562 1571 1570 1576 
3467 1320 1461 1479 1566 
3468 1569 1575 1568 1586 
3469 1432 105 1430 1577 
3470 1090 1083 1076 1572 
3471 1105 1116 105 1577 
3472 1094 1576 1571 1589 
3473 1330 1321 1448 1567 
3474 1411 1413 1412 1583 
3475 1411 1412 1460 1583 
3476 1563 1571 1570 1577 
3477 1324 1080 1325 1566 
3478 1126 1571 1124 1577 
3479 1444 1440 1570 1577 
3480 1120 1109 1126 1571 
3481 1085 1104 1575 1580 
3482 1330 1129 1326 1567 
3483 1090 1091 1572 1578 
3484 1456 192 1466 1576 
3485 1087 1075 192 1576 
3486 1478 1461 1483 1566 
3487 1479 1566 1473 1579 
3488 1116 1430 105 1577 
3489 1467 1469 1570 1576 
3490 1097 1101 1080 1566 
3491 1098 1409 1081 1584 
3492 1413 1581 1410 1583 
3493 1455 1464 241 1437 
3494 1092 1571 1094 1576 
3495 1324 1099 1080 1566 
3496 1426 1125 108 1435 
3497 1115 1114 1122 1582 
3498 1073 1463 194 1454 
3499 1458 1468 246 1579 
3500 1120 1119 202 1083 
3501 190 1465 1084 1074 
3502 1446 1458 246 1579 
3503 1085 1077 207 1580 
3504 192 1075 1466 1576 
3505 1321 1330 1326 1567 
3506 1077 1128 207 1580 
3507 1454 195 1097 1478 
3508 1093 1566 1099 1580 
3509 1562 1576 1570 1589 
3510 1571 1576 1562 1589 
3511 1471 1472 1464 1578 
3512 1468 1422 246 1579 
3513 195 1097 1073 1454 
3514 1572 1573 1562 1582 
3515 1443 241 1464 1437 
3516 246 1422 1446 1579 
3517 1464 1455 1471 1573 
3518 1134 1418 1103 1584 
3519 1435 1125 108 1118 
3520 1563 1577 1570 1588 
3521 240 1477 1427 1443 
3522 1571 1577 1563 1588 
3523 1474 1568 1476 1574 
3524 1104 1085 207 1580 
3525 1121 1112 1575 1586 
3526 1320 1325 1329 1566 
3527 1105 1577 1432 1582 
3528 1572 1573 1564 1578 
3529 1413 1410 1417 1583 
3530 1095 1568 1089 1575 
3531 1104 207 1128 1580 
3532 1095 1575 1078 1586 
3533 1484 1100 1419 1587 
3534 1111 1567 1123 1580 
3535 1415 1413 1414 1581 
3536 1442 1569 1439 1574 
3537 1113 1569 1121 1575 
3538 1081 1090 1584 1587 
3539 1460 1583 1472 1587 
3540 1441 1567 1428 1579 
3541 1442 1574 1431 1585 
3542 201 1119 1107 1076 
3543 1473 1479 1461 1566 
3544 1320 1327 1323 1566 
3545 1443 240 1477 1464 
3546 1562 1573 1572 1578 
3547 1459 1574 1476 1585 
3548 109 1425 1118 1108 
3549 1566 1567 1565 1579 
3550 1565 1567 1566 1580 
3551 1459 1431 245 1574 
3552 1129 1132 1108 1567 
3553 1570 1571 1563 1576 
3554 1570 1571 1562 1577 
3555 1115 1126 1105 1582 
3556 1119 201 1083 1076 
3557 1568 1569 1565 1575 
3558 1090 1074 1091 1578 
3559 1565 1569 1568 1574 
3560 1440 1442 1436 1585 
3561 1326 1323 1321 1567 
3562 1324 1325 1323 1566 
3563 1112 1078 206 1575 
3564 1092 1095 1088 1586 
3565 1435 109 1425 1118 
3566 1093 1080 1099 1566 
3567 1425 1452 1448 1567 
3568 1091 1578 1084 1589 
3569 1118 1125 1113 1569 
3570 1121 1124 1117 1586 
3571 1435 1439 1426 1569 
3572 1444 1440 1424 1570 
3573 1459 245 1468 1574 
3574 1463 1474 1454 1568 
3575 1431 1422 245 1574 
3576 1467 1466 1469 1576 
3577 1466 1469 1576 1589 
3578 1466 1075 191 1589 
3579 106 1430 1116 1588 
3580 1116 1126 1124 1577 
3581 1126 1109 1124 1571 
3582 1116 1577 1124 1588 
3583 1078 1085 206 1575 
3584 1073 1089 1082 1568 
3585 1451 1429 1421 1581 
3586 1440 1577 1430 1588 
3587 1444 1430 1440 1577 
3588 1094 1092 1086 1571 
3589 1131 1451 1421 1581 
3590 1134 1103 1107 1584 
3591 1075 1092 1094 1576 
3592 1075 1576 1094 1589 
3593 1475 1467 1469 1570 
3594 206 1104 1112 1575 
3595 1111 1129 1123 1567 
3596 1468 245 1422 1574 
3597 1440 1434 1442 1588 
3598 1474 1476 1459 1574 
3599 1428 1441 1448 1567 
3600 1112 1113 1121 1575 
3601 1449 1482 1420 1583 
3602 1098 1081 1090 1584 
3603 1131 1127 1451 1581 
3604 1467 1470 1476 1585 
3605 1447 1429 1410 234 
3606 1433 1437 1443 1573 
3607 1078 1112 205 1586 
3608 1431 1459 244 1585 
3609 1095 1089 1078 1575 
3610 1447 1449 1420 1583 
3611 106 1434 1430 1588 
3612 1085 1104 206 1575 
3613 1083 1091 1079 1572 
3614 1075 1084 191 1589 
3615 1442 1439 1431 1574 
3616 1430 1577 1116 1588 
3617 1460 1472 1480 1587 
3618 1466 1576 1075 1589 
3619 1120 1115 1119 1572 
3620 1124 1121 1106 1588 
3621 1134 1130 1418 1584 
3622 1473 1461 1478 1566 
3623 1103 1418 1098 1584 
3624 106 1116 1106 1588 
3625 1466 191 1462 1589 
3626 1100 1484 1096 1587 
3627 1449 1477 1482 1583 
3628 1476 1474 1463 1568 
3629 1091 1074 1084 1578 
3630 1480 1484 1419 1587 
3631 1411 1416 1413 1587 
3632 1426 1439 1442 1569 
3633 1414 1413 1409 1584 
3634 1082 1089 1095 1568 
3635 244 1436 1431 1585 
3636 1431 1574 1459 1585 
3637 1093 1097 1080 1566 
3638 1117 205 1112 1586 
3639 1078 1575 1112 1586 
3640 1105 1432 104 1582 
3641 1078 205 1088 1586 
3642 1459 1470 244 1585 
3643 1116 1105 1126 1577 
3644 1131 1421 1110 1581 
3645 1094 1091 1084 1589 
3646 1482 1460 1420 1583 
3647 1121 1113 1125 1569 
3648 1444 1432 1430 1577 
3649 1466 1467 1456 1576 
3650 106 1106 1434 1588 
3651 1471 1462 1578 1589 
3652 1325 1320 1323 1566 
3653 1083 1090 1091 1572 
3654 1470 1436 244 1585 
3655 1117 1088 205 1586 
3656 191 1084 1462 1589 
3657 1115 1122 1119 1572 
3658 1092 1075 1087 1576 
3659 1421 1429 1410 1581 
3660 1076 1107 1103 1584 
3661 1423 104 1432 1582 
3662 1451 1127 1445 1581 
3663 1471 1469 1462 1589 
3664 1468 1458 1473 1579 
3665 1105 104 1114 1582 
3666 1479 1473 1458 1579 
3667 1457 1096 1484 1587 
3668 1409 1098 1418 1584 
3669 1410 1417 1447 234 
3670 1449 1427 1477 1583 
3671 1417 1412 1413 1583 
3672 1447 1420 1417 1583 
3673 1108 110 1452 1132 
3674 1093 1099 1077 1580 
3675 1129 1108 1123 1567 
3676 1085 1093 1077 1580 
3677 1482 1449 239 1477 
3678 1107 1134 200 1103 
3679 1423 1114 104 1582 
3680 1411 1480 1419 1587 
3681 1425 1448 1441 1567 
3682 1418 1130 1414 1584 
3683 1110 1122 1127 1581 
3684 1445 1453 1429 1581 
3685 1440 1430 1434 1588 
3686 1326 1111 210 1319 
3687 1472 1471 1465 1578 
3688 1451 1421 1429 235 
3689 1466 1462 1469 1589 
3690 1477 1472 1460 1583 
3691 1116 1124 1106 1588 
3692 1420 1460 1412 1583 
3693 1415 1410 1413 1581 
3694 1422 1441 1446 1579 
3695 1104 1128 1123 1580 
3696 1450 1481 247 1446 
3697 1415 1110 1421 1581 
3698 1448 1321 112 1322 
3699 1133 208 1102 1128 
3700 1075 1094 1084 1589 
3701 1465 1471 1462 1578 
3702 102 1451 1131 1127 
3703 1101 1097 196 1483 
3704 1121 1117 1112 1586 
3705 1111 1326 210 1129 
3706 1428 1448 112 1322 
3707 1436 1442 1431 1585 
3708 1451 1445 1429 1581 
3709 1479 186 1320 1327 
3710 1320 1461 186 1479 
3711 111 1322 1331 1450 
3712 1133 1328 211 1111 
3713 1418 1414 1409 1584 
3714 1088 1095 1078 1586 
3715 1329 1483 187 1461 
3716 1081 1096 1090 1587 
3717 1447 1453 1427 1583 
3718 1414 71 1415 1130 
3719 233 1449 1420 1447 
3720 1110 1415 71 1130 
3721 1416 1411 1419 1587 
3722 1443 1438 1433 1573 
3723 1446 1441 1428 1579 
3724 1128 1111 1123 1580 
3725 1459 1476 1470 1585 
3726 1076 1098 1090 1584 
3727 1100 1484 188 1096 
3728 1423 1432 1433 1582 
3729 239 1449 1427 1477 
3730 1130 1107 1122 1584 
3731 197 1101 1329 1325 
3732 1468 1474 1459 1574 
3733 244 1459 1431 245 
3734 204 1086 1109 203 
3735 1419 67 1416 1100 
3736 1452 1425 110 1108 
3737 1427 1449 1447 1583 
3738 194 193 1463 1082 
3739 1466 192 191 1075 
3740 1456 193 192 1087 
3741 1112 1078 205 206 
3742 1076 1107 200 1103 
3743 1472 1457 1480 1587 
3744 1105 105 104 1432 
3745 1088 1117 205 204 
3746 1116 106 105 1430 
3747 191 190 1462 1084 
3748 107 106 1106 1434 
3749 1129 1330 209 1132 
3750 1470 243 244 1436 
3751 1410 1429 1421 235 
3752 243 1424 1475 242 
3753 1085 1078 1089 1575 
3754 199 1102 1099 1328 
3755 1452 1330 113 1448 
3756 1331 1479 185 1481 
3757 1484 1419 238 1480 
3758 1481 247 1446 1458 
3759 1451 102 1445 1127 
3760 1113 1112 1104 1575 
3761 208 1077 1102 1128 
3762 1134 1107 1130 1584 
3763 1125 108 107 1426 
3764 1422 1431 1439 1574 
3765 1076 1103 1098 1584 
3766 203 1079 1120 202 
3767 241 242 1455 1437 
3768 1131 1110 1127 1581 
3769 1328 1319 211 1111 
3770 1461 187 1329 1320 
3771 1457 1484 1480 1587 
3772 1478 196 1097 1483 
3773 1130 1418 72 1134 
3774 1100 1096 1081 1587 
3775 1484 1457 188 1096 
3776 1322 111 1428 1450 
3777 1460 1482 1477 1583 
3778 1420 1417 233 1447 
3779 1420 1412 1417 1583 
3780 1073 194 195 1454 
3781 1101 197 1080 1325 
3782 1081 1416 67 1100 
3783 1410 1415 1421 1581 
3784 1114 1115 1105 1582 
3785 103 104 1423 1114 
3786 1321 113 1330 1448 
3787 1480 1419 238 1411 
3788 1468 245 246 1422 
3789 1103 1418 69 1098 
3790 209 1326 1330 1129 
3791 1324 199 1099 1328 
3792 207 206 1085 1104 
3793 1327 1479 185 1331 
3794 201 202 1119 1083 
3795 108 109 1435 1118 
3796 1465 190 189 1074 
3797 240 1443 241 1464 
3798 1450 1331 7 1481 
3799 18 1102 1328 1133 
3800 1134 1418 6 1103 
3801 21 1449 1482 1420 
3802 1483 17 1101 1329 
3803 10 1330 1452 1132 
3804 72 1414 1418 1130 
3805 1429 1410 234 235 
3806 1451 1421 1 1131 
3807 5 1419 1484 1100 
3808 1418 1409 69 1098 
3809 1427 239 1477 240 
3810 210 211 1319 1111 
3811 186 187 1461 1320 
3812 1102 199 18 1328 
3813 1331 185 7 1481 
3814 113 10 1330 1452 
3815 1428 112 111 1322 
3816 236 1412 1460 237 
3817 1330 10 209 1132 
3818 21 1449 1420 233 
3819 1419 238 5 1484 
3820 1445 102 103 1127 
3821 1451 1 1421 235 
3822 1420 1482 21 236 
3823 211 18 1328 1133 
3824 7 111 1331 1450 
3825 1417 233 1447 234 
3826 1483 187 17 1329 
3827 17 197 1101 1329 
3828 1482 1449 21 239 
3829 200 1134 6 1103 
3830 1415 71 70 1110 
3831 7 1450 1481 247 
3832 1102 18 208 1133 
3833 198 1080 197 1325 
3834 67 68 1416 1081 
3835 1421 70 1 1131 
3836 1419 5 67 1100 
3837 1452 110 10 1132 
3838 17 1101 196 1483 
3839 1418 6 72 1134 
3840 112 113 1321 1448 
3841 1411 238 1480 237 
3842 1425 109 110 1108 
3843 200 201 1107 1076 
3844 209 210 1326 1129 
3845 247 1446 1458 246 
3846 208 207 1077 1128 
3847 199 1099 198 1324 
3848 1451 1 102 1131 
3849 1479 185 186 1327 
3850 196 1097 195 1478 
3851 1484 188 5 1100 
3852 69 6 1418 1103 
3853 1414 72 71 1130 
3854 1457 189 188 1096 
3855 1409 68 69 1098 
3856 1576 1586 1095 1092 
3857 1095 1586 1576 1563 
3858 1580 1323 1324 1319 
3859 1580 1324 1323 1566 
3860 1579 1323 1327 1566 
3861 1579 1327 1323 1322 
3862 1585 1576 1476 1467 
3863 1585 1476 1576 1563 
3864 1114 1445 103 1127 
3865 1114 103 1445 1423 
3866 1587 1074 1457 1096 
3867 1587 1457 1074 1578 
3868 1588 1426 1442 1569 
3869 1588 1442 1426 1434 
3870 1588 1125 1121 1106 
3871 1588 1121 1125 1569 
3872 1587 1460 1411 1480 
3873 1587 1411 1460 1583 
3874 1457 1074 189 1096 
3875 189 1074 1457 1465 
3876 1582 1438 1433 1423 
3877 1582 1433 1438 1573 
3878 1583 1410 1447 1581 
3879 1583 1447 1410 1417 
3880 1411 1460 237 1480 
3881 1411 237 1460 1412 
3882 1448 1322 1567 1321 
3883 1567 1322 1448 1428 
3884 1324 1080 198 1325 
3885 1324 198 1080 1099 
3886 1584 1581 1130 1414 
3887 1415 1581 1130 1110 
3888 1415 1130 1581 1414 
3889 1101 1325 1566 1329 
3890 1566 1325 1101 1080 
3891 1100 1416 1587 1081 
3892 1100 1587 1416 1419 
3893 1421 1110 70 1131 
3894 70 1110 1421 1415 
3895 1081 1409 68 1416 
3896 1081 68 1409 1098 
3897 1322 1450 1579 1331 
3898 1579 1450 1322 1428 
3899 1420 1460 236 1412 
3900 236 1460 1420 1482 
3901 1581 1130 1122 1584 
3902 1581 1122 1130 1110 
3 3 4 750
3903 1510 1534 1590 1596 
3904 1510 1590 1534 1597 
3905 1350 1376 1591 1598 
3906 1350 1591 1376 1595 
3907 1509 1591 1537 1596 
3908 1537 1591 1509 1602 
3909 1376 1398 1395 1591 
3910 1548 1551 1534 1590 
3911 1552 1591 1537 1602 
3912 1518 1509 1591 1602 
3913 1376 1591 1395 1595 
3914 1510 1590 1516 1596 
3915 1534 1548 1590 1596 
3916 1552 1550 1537 1591 
3917 1518 1591 1509 1596 
3918 1537 1591 1550 1596 
3919 1592 1602 1542 1607 
3920 1518 1520 1509 1602 
3921 1398 1591 1376 1598 
3922 1356 1599 1591 1604 
3923 1551 1534 1590 1597 
3924 1515 1516 1510 1590 
3925 1591 1599 1552 1604 
3926 1365 1591 1350 1595 
3927 1531 1552 1599 1604 
3928 1515 1590 1510 1597 
3929 1551 1590 1548 1620 
3930 1533 1542 1602 1607 
3931 1550 1591 1552 1604 
3932 1366 1598 1592 1601 
3933 1351 1598 1366 1601 
3934 1515 1516 1590 1621 
3935 1351 1402 1598 1601 
3936 1350 1591 1367 1598 
3937 1360 1594 1377 1619 
3938 1395 1591 1398 1612 
3939 1529 1508 1592 1607 
3940 1561 1592 1542 1607 
3941 1356 1367 1591 1599 
3942 1356 1591 1367 1604 
3943 1500 1533 1602 1607 
3944 1550 1552 1531 1604 
3945 1522 1529 1504 1600 
3946 1356 1531 1599 1604 
3947 1367 1350 1365 1591 
3948 1590 1595 1361 1609 
3949 1394 1595 1590 1609 
3950 1590 1609 1361 1620 
3951 1394 1609 1590 1621 
3952 1361 1595 1590 1620 
3953 1516 1596 1590 1621 
3954 1590 1595 1394 1621 
3955 1590 1596 1548 1620 
3956 1360 1377 1594 1609 
3957 1508 1602 1592 1607 
3958 1591 1605 1518 1612 
3959 1395 1605 1591 1612 
3960 1552 1599 1591 1602 
3961 1591 1598 1398 1612 
3962 1367 1591 1365 1604 
3963 1542 1592 1561 1608 
3964 1407 1593 1390 1614 
3965 1593 1613 1407 1619 
3966 1507 1500 1533 1602 
3967 1541 1507 1533 1602 
3968 1366 1601 1592 1608 
3969 1395 1595 1591 1605 
3970 1518 1591 1596 1605 
3971 1550 1596 1591 1604 
3972 1541 1533 1542 1602 
3973 1592 1600 1529 1607 
3974 1390 1593 1407 1619 
3975 1592 1598 1366 1599 
3976 1360 1377 1393 1619 
3977 1508 1529 1592 1617 
3978 1551 1597 1590 1606 
3979 1551 1606 1590 1620 
3980 1529 1600 1592 1617 
3981 1508 1500 1602 1607 
3982 1591 1595 1365 1604 
3983 1356 1367 1365 1604 
3984 1522 1529 1600 1607 
3985 1542 1599 1592 1608 
3986 1515 1590 1597 1603 
3987 1345 1530 1606 1611 
3988 1515 1590 1603 1621 
3989 1349 1357 1384 1595 
3990 1510 1540 1534 1596 
3991 1384 1357 1385 1595 
3992 1510 1502 1540 1596 
3993 1351 1402 1392 1598 
3994 1349 1595 1384 1609 
3995 1537 1540 1502 1596 
3996 1522 1504 1492 1600 
3997 1592 1599 1366 1608 
3998 1350 1376 1385 1595 
3999 1350 1385 1357 1595 
4000 1349 1361 1595 1609 
4001 1384 1595 1394 1609 
4002 1509 1537 1502 1596 
4003 1489 1600 1592 1607 
4004 1351 1392 1358 1598 
4005 1350 1392 1376 1598 
4006 1592 1599 1542 1602 
4007 1369 1599 1556 1608 
4008 1592 1607 1561 1608 
4009 1390 1614 1593 1615 
4010 1367 1598 1591 1599 
4011 1407 1613 1593 1614 
4012 1372 1495 1404 1601 
4013 1529 1500 1508 1607 
4014 1533 1561 1542 1607 
4015 1360 1393 1352 1619 
4016 1394 1396 1609 1621 
4017 1381 1407 1399 1613 
4018 1555 1536 1561 1608 
4019 1351 1358 1366 1598 
4020 1592 1600 1489 1601 
4021 1359 1530 1345 1611 
4022 1522 1600 1485 1607 
4023 1542 1556 1599 1608 
4024 1362 1361 1609 1620 
4025 1397 1603 1594 1609 
4026 1507 1537 1509 1602 
4027 1370 1601 1366 1608 
4028 1350 1358 1392 1598 
4029 1505 1597 1543 1610 
4030 1372 1404 1402 1601 
4031 1369 1366 1599 1608 
4032 1336 1616 1593 1618 
4033 1397 1396 1603 1609 
4034 1498 1391 1603 1615 
4035 1510 1534 1543 1597 
4036 1489 1607 1592 1608 
4037 1388 1598 1402 1601 
4038 1485 1522 1492 1600 
4039 1556 1369 1546 1599 
4040 1505 1510 1543 1597 
4041 1594 1606 1597 1611 
4042 1507 1541 1537 1602 
4043 1555 1561 1607 1608 
4044 1593 1614 1336 1618 
4045 1593 1610 1549 1611 
4046 1544 1530 1359 1611 
4047 1549 1610 1593 1618 
4048 1555 1490 1536 1608 
4049 1336 1613 1593 1616 
4050 1549 1593 1611 1616 
4051 1545 1505 1543 1610 
4052 1390 1379 1614 1615 
4053 1347 1546 1369 1599 
4054 1549 1593 1616 1618 
4055 1593 1613 1363 1616 
4056 1597 1606 1547 1611 
4057 1363 1613 1593 1619 
4058 1489 1485 1600 1607 
4059 1531 1546 1356 1599 
4060 1498 1512 1391 1615 
4061 1396 1603 1609 1621 
4062 1552 1542 1599 1602 
4063 1594 1597 1610 1611 
4064 1390 1615 1593 1619 
4065 1397 1594 1377 1609 
4066 1407 1399 1613 1614 
4067 1363 1611 1593 1616 
4068 1363 1593 1611 1619 
4069 1597 1547 1610 1611 
4070 1598 1601 1388 1617 
4071 1594 1606 1364 1609 
4072 1508 1592 1602 1617 
4073 1555 1607 1490 1608 
4074 1407 1390 1379 1614 
4075 1593 1613 1336 1614 
4076 1357 1384 1385 228 
4077 1534 1510 258 1540 
4078 1384 1357 1349 228 
4079 1502 258 1510 1540 
4080 1552 1537 1541 1602 
4081 1502 1537 259 1540 
4082 1397 1594 1603 1615 
4083 1362 1609 1606 1620 
4084 1336 1332 1616 1618 
4085 1543 1534 1510 257 
4086 1376 1350 1385 229 
4087 1385 1350 1357 229 
4088 1537 1502 259 1509 
4089 1593 1614 1517 1615 
4090 1592 1601 1489 1608 
4091 1545 1513 1505 1610 
4092 1366 1598 1367 1599 
4093 257 1510 1543 1505 
4094 1397 1603 1391 1615 
4095 1594 1615 1397 1619 
4096 1517 1614 1593 1618 
4097 1389 1391 1512 1615 
4098 1362 1364 1606 1609 
4099 1370 1351 1366 1601 
4100 1372 1370 1495 1601 
4101 1370 1488 1601 1608 
4102 1593 1610 1517 1618 
4103 1556 1542 1561 1608 
4104 1535 1616 1332 1618 
4105 1519 1603 1597 1615 
4106 1552 1541 1542 1602 
4107 1379 1521 1614 1615 
4108 1356 1546 1347 1599 
4109 1350 1367 1358 1598 
4110 1507 1537 260 1509 
4111 1399 1333 1613 1614 
4112 1517 1610 1593 1615 
4113 1372 1402 1351 1601 
4114 1518 1605 1499 1612 
4115 1492 1489 1485 1600 
4116 1590 1606 1609 1620 
4117 1590 1609 1603 1621 
4118 1408 1388 1601 1617 
4119 1383 1605 1395 1612 
4120 1369 1366 1347 1599 
4121 1501 1610 1532 1618 
4122 1490 1607 1489 1608 
4123 1541 1507 261 1533 
4124 1500 261 1507 1533 
4125 1345 1606 1364 1611 
4126 1592 1601 1598 1617 
4127 1407 1613 1401 1619 
4128 1337 1336 1614 1618 
4129 1390 1397 1615 1619 
4130 1376 1395 1385 1595 
4131 1349 1361 1357 1595 
4132 1384 1385 1394 1595 
4133 1534 1540 1548 1596 
4134 1510 1516 1502 1596 
4135 1518 1509 1502 1596 
4136 1339 1336 1332 1616 
4137 1364 1606 1594 1611 
4138 1597 1603 1594 1615 
4139 1507 1508 1500 1602 
4140 1521 1379 1389 1615 
4141 1537 1550 1540 1596 
4142 1360 1594 1364 1609 
4143 1537 1507 260 1541 
4144 1382 1404 1495 1601 
4145 1519 1597 1610 1615 
4146 1498 1512 149 1391 
4147 1345 1359 122 1530 
4148 1396 1397 1377 1609 
4149 1384 1394 1396 1609 
4150 1360 226 1393 1377 
4151 1531 126 1356 1546 
4152 1355 123 1539 1606 
4153 1543 1545 256 1505 
4154 1334 1613 1336 1616 
4155 1501 1513 1532 1610 
4156 1380 1511 150 1603 
4157 1376 1392 1350 230 
4158 1516 1605 1596 1621 
4159 1361 1604 1595 1620 
4160 1596 1604 1548 1620 
4161 1595 1605 1394 1621 
4162 1493 1490 1555 1607 
4163 1339 1332 1535 1616 
4164 1358 1367 1366 1598 
4165 1520 1518 1499 1612 
4166 1547 1606 1530 1611 
4167 1546 1542 1556 1599 
4168 1408 1388 1402 1601 
4169 125 1531 1356 1604 
4170 1365 1350 1357 1595 
4171 1383 1395 1398 1612 
4172 1521 1517 1614 1615 
4173 1590 1596 1595 1605 
4174 1595 1596 1590 1604 
4175 1370 1372 1351 1601 
4176 1530 1539 123 1606 
4177 1499 152 1383 1605 
4178 1349 1362 1361 1609 
4179 1355 1345 123 1606 
4180 1498 150 1511 1603 
4181 1521 1389 1512 1615 
4182 1397 1391 1389 1615 
4183 1532 1513 1545 1610 
4184 1380 150 1391 1603 
4185 1548 1596 1550 1604 
4186 1516 1518 1596 1605 
4187 1394 1595 1395 1605 
4188 1597 1594 1610 1615 
4189 1390 1407 1401 1619 
4190 1512 1389 149 1391 
4191 1531 125 1538 1604 
4192 125 1356 1346 1604 
4193 1499 1506 152 1605 
4194 1554 1535 1332 1618 
4195 1383 152 1386 1605 
4196 1513 256 1545 1505 
4197 1530 123 1345 1606 
4198 1359 1544 122 1530 
4199 1402 1388 1392 1598 
4200 1365 1595 1361 1604 
4201 1498 1391 150 1603 
4202 1364 1611 1594 1619 
4203 1358 1350 1392 230 
4204 1508 1602 1612 1617 
4205 1553 1359 1348 1611 
4206 1352 226 1393 1360 
4207 126 1347 1356 1546 
4208 1490 1493 1489 1607 
4209 1346 1538 125 1604 
4210 1506 1386 152 1605 
4211 1590 1604 1596 1620 
4212 1595 1604 1590 1620 
4213 1590 1605 1595 1621 
4214 1596 1605 1590 1621 
4215 1334 1353 1335 1613 
4216 1379 1389 148 1521 
4217 1344 1557 1374 1616 
4218 1354 1370 1366 1608 
4219 1338 1337 1336 1614 
4220 1362 1360 1364 1609 
4221 1408 1601 1600 1617 
4222 1498 1603 1519 1615 
4223 1594 1610 1593 1611 
4224 1508 1602 1520 1612 
4225 1333 1336 1613 1614 
4226 1521 1389 148 1512 
4227 1348 1553 1611 1616 
4228 1501 1517 1610 1618 
4229 1348 1553 121 1359 
4230 1370 1486 1488 1608 
4231 1359 1345 1364 1611 
4232 1593 1610 1594 1615 
4233 1544 1359 1553 1611 
4234 1351 1358 1392 231 
4235 1392 1402 1351 231 
4236 1353 1363 1613 1616 
4237 1370 1354 1486 1608 
4238 1334 1335 1336 1613 
4239 1501 1532 1513 255 
4240 1532 1610 1549 1618 
4241 1342 1527 1559 1618 
4242 1519 1597 1505 1610 
4243 1594 1597 1590 1603 
4244 1547 1530 1544 1611 
4245 1590 1597 1594 1606 
4246 1551 1543 1534 1597 
4247 1370 1488 1495 1601 
4248 1556 1369 127 1546 
4249 1390 1389 1379 1615 
4250 1553 1544 121 1359 
4251 1383 1499 1605 1612 
4252 1347 127 1369 1546 
4253 1508 1612 1514 1617 
4254 1539 1355 1606 1620 
4255 255 1532 1513 1545 
4256 1594 1603 1590 1609 
4257 1380 1511 1603 1621 
4258 1590 1606 1594 1609 
4259 1524 1600 1529 1617 
4260 1387 1612 1598 1617 
4261 1543 1597 1547 1610 
4262 1549 1616 1535 1618 
4263 1387 1398 1598 1612 
4264 1515 1597 1519 1603 
4265 1505 1515 1510 1597 
4266 1508 1520 1514 1612 
4267 1595 1596 1591 1605 
4268 1591 1596 1595 1604 
4269 1363 1611 1364 1619 
4270 1594 1611 1593 1619 
4271 1387 1598 1388 1617 
4272 1398 1376 1392 1598 
4273 1387 1398 1388 1598 
4274 1348 1611 1363 1616 
4275 1340 1333 1336 1613 
4276 1531 1552 1546 1599 
4277 1547 1597 1551 1606 
4278 1593 1615 1594 1619 
4279 1506 151 1386 1621 
4280 1538 1346 124 1620 
4281 1491 1382 1495 1601 
4282 1385 1395 1394 1595 
4283 1548 1540 1550 1596 
4284 1518 1502 1516 1596 
4285 1382 1402 1404 1601 
4286 1494 1375 1558 1608 
4287 1538 1548 1550 1604 
4288 1516 1506 1518 1605 
4289 1386 1394 1395 1605 
4290 1549 1611 1553 1616 
4291 1598 1602 1592 1617 
4292 1598 1599 1592 1602 
4293 1591 1599 1598 1602 
4294 1519 1505 1513 1610 
4295 1506 1605 1516 1621 
4296 1346 1604 1361 1620 
4297 1394 1605 1386 1621 
4298 1548 1604 1538 1620 
4299 1391 1397 1396 1603 
4300 1375 1369 1558 1608 
4301 1494 1558 1536 1608 
4302 1501 1517 1513 1610 
4303 1365 1357 1361 1595 
4304 1341 1373 1403 1613 
4305 1363 1368 1613 1619 
4306 1396 1380 1603 1621 
4307 1545 1543 1547 1610 
4308 1346 1365 1361 1604 
4309 1539 1606 1551 1620 
4310 1403 1373 1368 1613 
4311 1403 1381 1341 1613 
4312 1549 1610 1547 1611 
4313 1408 1600 1378 1617 
4314 1598 1612 1602 1617 
4315 1356 1347 1367 1599 
4316 1539 1551 1548 1620 
4317 1396 1394 1380 1621 
4318 1532 1559 1527 1618 
4319 1508 1524 1529 1617 
4320 1362 1606 1355 1620 
4321 1532 1545 1549 1610 
4322 1515 1603 1511 1621 
4323 1519 1610 1517 1615 
4324 1353 1371 1363 1616 
4325 1374 1557 1553 1616 
4326 1400 1382 1491 1601 
4327 1549 1535 1554 1618 
4328 1521 1512 1517 1615 
4329 252 1492 1522 1504 
4330 1515 1511 1516 1621 
4331 1362 1355 1361 1620 
4332 1344 1374 1371 1616 
4333 1512 1498 1519 1615 
4334 1406 1521 1526 1614 
4335 1506 1511 151 1621 
4336 1355 124 1346 1620 
4337 1538 124 1539 1620 
4338 1386 151 1380 1621 
4339 1390 1397 1389 1615 
4340 1343 1406 1526 1614 
4341 1591 1602 1598 1612 
4342 1401 1368 225 1619 
4343 1386 1605 1506 1621 
4344 1346 1538 1604 1620 
4345 1347 1366 1367 1599 
4346 1406 1343 1399 1614 
4347 1507 1509 1520 1602 
4348 1339 1334 1336 1616 
4349 1393 1401 225 1619 
4350 1342 1523 1527 1618 
4351 1554 1342 1559 1618 
4352 222 1381 1399 1340 
4353 249 1555 1490 1536 
4354 1337 1332 1336 1618 
4355 1515 1519 1498 1603 
4356 1600 1601 1592 1617 
4357 1345 1362 1364 1606 
4358 1348 1359 1363 1611 
4359 1368 1401 1613 1619 
4360 1377 1360 227 1609 
4361 1384 227 1349 1609 
4362 1390 1393 1397 1619 
4363 1522 1497 1528 1607 
4364 1499 1383 153 1612 
4365 1408 1400 1600 1601 
4366 1494 1354 1375 1608 
4367 1489 1600 1487 1601 
4368 1549 1544 1553 1611 
4369 1355 1539 124 1620 
4370 1511 1380 151 1621 
4371 1349 227 1360 1609 
4372 1384 1377 227 1609 
4373 225 1368 1352 1619 
4374 1408 1382 1400 1601 
4375 1505 1519 1515 1597 
4376 1494 1536 1490 1608 
4377 1391 1396 1380 1603 
4378 1539 1530 1551 1606 
4379 1538 1550 1531 1604 
4380 1506 1499 1518 1605 
4381 1383 1386 1395 1605 
4382 1362 1345 1355 1606 
4383 1530 1547 1551 1606 
4384 1560 262 1528 1607 
4385 1400 1487 1600 1601 
4386 1515 1498 1511 1603 
4387 1400 1491 1487 1601 
4388 1543 1551 1547 1597 
4389 1492 1522 1485 252 
4390 216 1491 1400 1382 
4391 1369 1556 1558 1608 
4392 1346 1356 1365 1604 
4393 1485 1489 1493 1607 
4394 1552 1542 1546 1599 
4395 1387 153 1383 1612 
4396 225 1352 1393 1619 
4397 1532 1527 1501 1618 
4398 1403 1368 1401 1613 
4399 1514 1499 153 1612 
4400 1348 1374 1553 1616 
4401 1363 1364 1352 1619 
4402 1364 1363 1359 1611 
4403 1517 1519 1513 1610 
4404 1379 1521 1406 1614 
4405 1353 1363 1368 1613 
4406 1369 1354 1366 1608 
4407 1528 1522 253 1497 
4408 1526 1406 147 1521 
4409 1340 1341 1381 1613 
4410 1344 1371 1334 1616 
4411 1547 1549 1545 1610 
4412 1408 1378 1388 1617 
4413 1521 1517 1503 1614 
4414 1387 1514 153 1612 
4415 254 1559 1527 1532 
4416 1333 1399 1343 1614 
4417 1373 224 1403 1368 
4418 1544 1549 1547 1611 
4419 1490 1489 1486 1608 
4420 1485 1497 1522 1607 
4421 155 1405 1525 1600 
4422 1333 222 1399 1340 
4423 1332 1342 1554 1618 
4424 1488 1491 1495 1601 
4425 1497 1560 1528 1607 
4426 1487 1489 1492 1600 
4427 1523 1342 1337 1618 
4428 154 1378 1524 1617 
4429 1338 1336 1333 1614 
4430 1494 1486 1354 1608 
4431 1511 1506 1516 1621 
4432 1346 1361 1355 1620 
4433 1539 1548 1538 1620 
4434 1380 1394 1386 1621 
4435 1512 1519 1517 1615 
4436 154 1514 1387 1617 
4437 154 1524 1514 1617 
4438 1400 1487 1491 216 
4439 1561 1536 1556 1608 
4440 1560 1533 262 1607 
4441 262 1500 1528 1607 
4442 1504 1525 1496 1600 
4443 1375 1369 128 1558 
4444 1381 1401 1407 1613 
4445 1557 1553 120 1374 
4446 1490 1493 1555 249 
4447 1514 1612 1387 1617 
4448 1496 1405 1400 1600 
4449 1378 1408 1400 1600 
4450 1408 1402 1382 1601 
4451 1336 1335 1340 1613 
4452 1387 1378 154 1617 
4453 1407 1379 1399 1614 
4454 1558 1556 1536 1608 
4455 251 1525 1496 1504 
4456 1381 221 1403 1341 
4457 1363 1352 1368 1619 
4458 1339 1344 1334 1616 
4459 1354 213 1370 1486 
4460 1393 1390 1401 1619 
4461 1486 213 1370 1488 
4462 218 1341 1335 1373 
4463 1529 1524 1504 1600 
4464 1497 1493 1560 1607 
4465 1381 1403 1401 1613 
4466 1522 1485 253 1497 
4467 1406 223 1399 1343 
4468 1375 214 1354 1494 
4469 1500 1529 1522 1607 
4470 1533 1555 1561 1607 
4471 157 1523 1337 1338 
4472 1332 1337 1342 1618 
4473 1523 157 1503 1338 
4474 1392 1388 1398 1598 
4475 1377 1384 1396 1609 
4476 1405 155 1378 1600 
4477 1406 1379 147 1521 
4478 1553 1535 1549 1616 
4479 1524 1508 1514 1617 
4480 155 1525 1524 1600 
4481 1501 1523 1517 1618 
4482 1508 1507 1520 1602 
4483 1489 1491 1488 1601 
4484 1491 1489 1487 1601 
4485 217 1496 1405 1400 
4486 1348 1363 1371 1616 
4487 1524 1378 1600 1617 
4488 1536 1494 248 1558 
4489 1356 125 126 1531 
4490 1377 1360 226 227 
4491 258 1510 1534 257 
4492 1349 1384 228 227 
4493 124 125 1346 1538 
4494 229 1357 1385 228 
4495 123 124 1355 1539 
4496 151 152 1506 1386 
4497 150 151 1511 1380 
4498 1540 1502 258 259 
4499 1501 254 1527 1532 
4500 1360 1362 1349 1609 
4501 1401 1403 224 1368 
4502 152 153 1499 1383 
4503 1343 156 1338 1526 
4504 229 1376 1350 230 
4505 122 123 1345 1530 
4506 1339 117 1344 1557 
4507 1379 1406 1399 1614 
4508 1532 1549 1554 1618 
4509 1498 149 150 1391 
4510 257 1543 256 1505 
4511 259 1537 1509 260 
4512 262 1533 1500 1607 
4513 1514 1520 1499 1612 
4514 1387 1383 1398 1612 
4515 1560 1493 1555 1607 
4516 1525 1405 1496 1600 
4517 1496 1400 1487 1600 
4518 1560 1497 250 1493 
4519 1371 1374 1344 220 
4520 1527 1342 158 1523 
4521 119 1342 1559 1554 
4522 1496 1492 1504 1600 
4523 1374 1553 120 1348 
4524 1558 1369 128 1556 
4525 1369 1375 1354 1608 
4526 1348 1371 1374 1616 
4527 1494 1490 1536 248 
4528 1524 1378 155 1600 
4529 1535 1553 1557 1616 
4530 1353 1368 1373 1613 
4531 1492 251 1496 1504 
4532 212 1372 1370 1495 
4533 1559 1532 1554 1618 
4534 1527 1523 1501 1618 
4535 1387 1388 1378 1617 
4536 1494 214 1354 1486 
4537 1494 1490 1486 1608 
4538 1333 1399 223 1343 
4539 1487 1496 217 1400 
4540 1555 1560 250 1493 
4541 260 1541 1507 261 
4542 1335 1353 218 1373 
4543 1381 221 1341 1340 
4544 1526 1521 1503 1614 
4545 1500 262 261 1533 
4546 1495 1382 215 1404 
4547 1389 149 148 1512 
4548 156 1503 1338 1526 
4549 117 1339 1535 1557 
4550 1528 1500 1522 1607 
4551 1555 1533 1560 1607 
4552 119 1342 1554 1332 
4553 1393 225 226 1352 
4554 153 154 1514 1387 
4555 1371 1344 1334 220 
4556 1400 1405 1378 1600 
4557 1333 1343 1338 1614 
4558 122 121 1544 1359 
4559 1341 1340 1335 1613 
4560 1524 1525 1504 1600 
4561 1523 1342 158 1337 
4562 126 127 1347 1546 
4563 230 1392 1358 231 
4564 1513 256 255 1545 
4565 1497 1485 1493 1607 
4566 154 155 1524 1378 
4567 1490 249 1536 248 
4568 1341 20 1403 1373 
4569 11 1342 1527 1559 
4570 1495 19 1372 1404 
4571 1488 212 1370 1495 
4572 12 1344 1557 1374 
4573 1343 1406 16 1526 
4574 253 1485 1522 252 
4575 1494 1375 13 1558 
4576 1560 1528 22 1497 
4577 15 1496 1525 1405 
4578 1382 1491 1495 215 
4579 1379 148 147 1521 
4580 231 1402 1351 232 
4581 213 1354 214 1486 
4582 1401 224 225 1368 
4583 1399 223 222 1333 
4584 251 1492 252 1504 
4585 1342 11 119 1559 
4586 1342 158 11 1527 
4587 221 1381 222 1340 
4588 1403 221 20 1341 
4589 1374 12 1344 220 
4590 1335 1353 219 218 
4591 1496 1487 1492 1600 
4592 223 1406 16 1343 
4593 250 1555 1493 249 
4594 22 262 1528 1560 
4595 20 1341 218 1373 
4596 1525 1496 15 251 
4597 1404 19 1372 232 
4598 20 224 1403 1373 
4599 16 156 1343 1526 
4600 117 12 1344 1557 
4601 1400 217 1487 216 
4602 19 1372 212 1495 
4603 1369 127 128 1556 
4604 1406 147 16 1526 
4605 1559 1527 11 254 
4606 1503 157 156 1338 
4607 1339 118 117 1535 
4608 1528 253 22 1497 
4609 1497 22 1560 250 
4610 1554 118 119 1332 
4611 214 1375 13 1494 
4612 1557 120 12 1374 
4613 1405 15 1496 217 
4614 220 1334 1371 219 
4615 248 1494 13 1558 
4616 1532 1501 254 255 
4617 121 120 1553 1348 
4618 1525 155 15 1405 
4619 1523 158 157 1337 
4620 1375 128 13 1558 
4621 212 1370 213 1488 
4622 19 1495 215 1404 
4623 1382 216 1491 215 
4624 1602 1518 1612 1591 
4625 1602 1612 1518 1520 
4626 1619 1377 1397 1594 
4627 1619 1397 1377 1393 
4628 1619 1360 1364 1352 
4629 1619 1364 1360 1594 
4630 1399 1340 1613 1333 
4631 1613 1340 1399 1381 
4632 1402 1372 232 1404 
4633 1402 232 1372 1351 
4634 1608 1488 1489 1486 
4635 1608 1489 1488 1601 
4636 1616 1353 1334 1613 
4637 1616 1334 1353 1371 
4638 1334 1353 219 1335 
4639 219 1353 1334 1371 
4640 1338 1523 1614 1503 
4641 1338 1614 1523 1337 
4642 1618 1523 1614 1337 
4643 1338 1526 1614 1343 
4644 1614 1526 1338 1503 
4645 1557 1339 1616 1344 
4646 1557 1616 1339 1535 
4647 1535 1332 118 1554 
4648 1535 118 1332 1339 
4649 1335 1373 1613 1353 
4650 1613 1373 1335 1341 
4651 1523 1614 1517 1618 
4652 1523 1517 1614 1503 
3 4 4 10741
4653 1981 2067 1796 2648 
4654 1796 1981 1733 2067 
4655 1733 2067 1981 2648 
4656 1764 1840 2089 2181 
4657 1953 2161 1737 2590 
4658 1240 2131 1922 2421 
4659 687 690 1877 2230 
4660 266 1880 1827 2583 
4661 1209 2161 1953 2590 
4662 1812 2082 1835 2384 
4663 1822 1922 1240 2131 
4664 1663 1840 1764 2181 
4665 986 2240 1809 2266 
4666 1001 1751 1004 1971 
4667 1827 2253 928 2317 
4668 1756 1947 377 2561 
4669 1738 2089 1840 2181 
4670 1197 2161 1209 2590 
4671 1738 2103 2089 2181 
4672 1929 1665 2085 2493 
4673 1670 1796 2067 2648 
4674 498 1883 2156 2454 
4675 1212 2172 1871 2246 
4676 1764 2089 2033 2181 
4677 1651 1864 1744 2150 
4678 928 1827 1016 2253 
4679 1703 1970 1936 2162 
4680 1673 1940 1878 2040 
4681 1632 1817 1757 2081 
4682 1658 2032 1755 2133 
4683 1654 1781 1816 2399 
4684 1658 2137 1811 2355 
4685 986 2128 1809 2240 
4686 1806 2148 1840 2226 
4687 2082 2093 1835 2384 
4688 1672 1727 2051 2116 
4689 1755 2032 1921 2133 
4690 1810 1868 1680 2183 
4691 1016 1827 389 2253 
4692 483 1759 545 2048 
4693 1677 1798 1881 1938 
4694 1926 1950 1728 2090 
4695 790 1957 791 2084 
4696 1738 1840 2103 2181 
4697 450 209 1132 2205 
4698 1954 2454 1789 2551 
4699 1663 2033 1764 2211 
4700 1641 1793 2036 2200 
4701 1924 2020 428 2489 
4702 1629 1835 2082 2093 
4703 2036 2200 1793 2441 
4704 1680 1868 1810 2267 
4705 1663 2033 2211 2495 
4706 1771 2212 2089 2420 
4707 1890 2056 1777 2546 
4708 488 547 1730 2201 
4709 1631 1799 1908 2330 
4710 1871 2390 1213 2622 
4711 1240 1822 1241 1922 
4712 1642 1746 2264 2405 
4713 1890 2220 2056 2546 
4714 1769 1950 1638 2528 
4715 690 1877 2230 2373 
4716 1651 1744 2075 2150 
4717 1122 2153 1758 2630 
4718 1769 2184 1950 2528 
4719 2194 2316 1696 2483 
4720 315 1749 308 2139 
4721 641 1925 1781 2018 
4722 1670 1981 1796 2648 
4723 500 1923 2375 2673 
4724 488 2201 1730 2248 
4725 1663 1764 2033 2181 
4726 1995 2200 2036 2441 
4727 1641 2036 1995 2200 
4728 1241 1922 1822 2217 
4729 1639 1764 1840 1872 
4730 415 264 1762 1989 
4731 1878 1940 1725 2040 
4732 1622 1875 1810 1916 
4733 1623 2039 1774 2268 
4734 1633 2028 1754 2443 
4735 1777 2056 1890 2475 
4736 1631 1908 1901 2330 
4737 1801 1861 1664 2195 
4738 1929 1665 2493 2676 
4739 1677 1938 1881 2039 
4740 2061 2375 1923 2673 
4741 1645 1810 1868 2267 
4742 865 1762 264 1989 
4743 1817 1931 1757 2081 
4744 1881 1938 1693 2039 
4745 1901 1908 1799 2330 
4746 687 1877 1917 2230 
4747 1950 1960 1728 2090 
4748 1626 1926 1778 1987 
4749 1957 2084 790 2372 
4750 1639 1840 2148 2226 
4751 271 200 1790 2069 
4752 1633 1754 2059 2443 
4753 1686 1960 1950 2090 
4754 1122 1758 2320 2630 
4755 1746 1807 2264 2405 
4756 1686 1728 1950 1960 
4757 1868 1980 1780 2095 
4758 1291 1733 2172 2246 
4759 1757 1817 1632 1907 
4760 1840 2016 1806 2226 
4761 315 308 316 2139 
4762 1976 2362 1805 2616 
4763 2056 2220 1890 2475 
4764 1311 2099 1865 2615 
4765 1987 2035 1699 2526 
4766 1703 1936 1826 2162 
4767 1651 1744 1864 1914 
4768 1644 1790 1913 1999 
4769 1646 1916 1764 2502 
4770 675 2299 1975 2382 
4771 641 1781 1925 2275 
4772 1672 1727 2026 2051 
4773 1049 1937 2109 2221 
4774 796 1819 2311 2492 
4775 1953 2062 1209 2590 
4776 1810 1916 1875 2419 
4777 1778 1805 2362 2616 
4778 642 1919 2228 2275 
4779 1731 428 2020 2489 
4780 1959 2060 1792 2197 
4781 1993 1791 2565 2670 
4782 1724 2187 1158 2319 
4783 1746 2060 1959 2197 
4784 1685 2075 2006 2237 
4785 1714 1923 2276 2682 
4786 1868 1780 2037 2095 
4787 2336 2565 1791 2670 
4788 1796 1941 948 2164 
4789 2035 2397 1699 2526 
4790 993 1770 954 2003 
4791 1957 2085 1665 2493 
4792 1212 1871 2172 2390 
4793 1651 1761 1818 2251 
4794 1871 2172 1733 2246 
4795 1750 1928 564 2201 
4796 1623 2252 2039 2268 
4797 1790 1644 1913 2458 
4798 1672 1973 1727 2116 
4799 1158 1162 2131 2319 
4800 2028 2059 1754 2443 
4801 1936 1970 1703 2403 
4802 1811 1880 1658 2355 
4803 1780 1980 1868 2222 
4804 928 1016 389 2253 
4805 909 1795 855 2010 
4806 2006 2075 1828 2237 
4807 959 1796 948 2164 
4808 1626 1723 1926 1987 
4809 1206 1212 1871 2246 
4810 1200 1997 1800 2202 
4811 1673 1878 1940 2597 
4812 1659 2056 1976 2483 
4813 2094 2131 1162 2319 
4814 1812 1835 2193 2384 
4815 1256 2149 1752 2331 
4816 1714 2276 2030 2682 
4817 1923 1714 2272 2682 
4818 1978 2147 1732 2344 
4819 1622 1810 1875 2667 
4820 1639 1732 2147 2344 
4821 1004 1971 1751 2281 
4822 1639 2147 1978 2344 
4823 1756 377 1947 2244 
4824 1920 1995 1690 2012 
4825 376 419 1820 1947 
4826 970 1971 1911 2354 
4827 1737 2062 1953 2590 
4828 1695 2287 2043 2700 
4829 1646 1823 1916 2502 
4830 1793 1641 2332 2366 
4831 920 266 1827 2583 
4832 1754 2059 2028 2268 
4833 1695 2043 2287 2452 
4834 1770 1901 1662 2508 
4835 1890 207 2220 2546 
4836 1793 1866 1641 2366 
4837 1706 1791 1961 1994 
4838 1158 1724 2131 2187 
4839 865 264 1762 2337 
4840 1659 1976 1821 2483 
4841 575 2454 1954 2551 
4842 1693 1881 1813 2267 
4843 1811 1880 1010 2005 
4844 272 714 399 1820 
4845 1693 1881 1798 1938 
4846 1397 1927 1815 2160 
4847 1207 1206 1871 2246 
4848 437 906 884 1904 
4849 1746 2060 1807 2405 
4850 1654 1816 1781 2569 
4851 1937 2046 933 2518 
4852 1122 2069 1758 2153 
4853 1778 1926 1723 1987 
4854 1801 2034 1861 2195 
4855 575 1954 1789 2551 
4856 225 1927 1807 2223 
4857 1770 1662 1901 2312 
4858 1807 1927 225 2452 
4859 1654 1816 1855 2399 
4860 1673 2040 1878 2523 
4861 1158 2131 1724 2319 
4862 1800 1936 1725 1997 
4863 376 1947 1820 2561 
4864 1694 1873 1828 2068 
4865 440 1827 266 1880 
4866 2030 2272 1714 2682 
4867 376 377 1947 2561 
4868 227 228 2043 2287 
4869 1651 1818 1761 2299 
4870 1685 2006 1776 2237 
4871 1792 1959 1746 2060 
4872 1835 2082 1812 2478 
4873 1645 1868 1810 2027 
4874 2039 2252 1754 2268 
4875 1397 1377 1927 2160 
4876 1670 2146 1858 2406 
4877 536 2048 1758 2058 
4878 1706 1961 1791 1993 
4879 2093 2193 1835 2384 
4880 1639 1840 1764 2148 
4881 1733 1871 2246 2385 
4882 1782 461 2118 2375 
4883 1877 526 2113 2373 
4884 1733 2246 1981 2385 
4885 1629 2093 2082 2384 
4886 437 1064 906 1904 
4887 369 2297 2029 2337 
4888 1670 1796 2146 2406 
4889 1928 2062 1786 2490 
4890 1781 2228 1919 2275 
4891 1800 1997 1725 2202 
4892 1954 2156 1883 2454 
4893 642 1919 2275 2657 
4894 850 1795 909 2010 
4895 928 309 1034 1932 
4896 1980 2095 1868 2222 
4897 306 2450 2076 2540 
4898 1622 1764 1875 1916 
4899 936 1809 986 2128 
4900 500 1923 2233 2375 
4901 1775 2133 1921 2330 
4902 18 2074 1133 2530 
4903 526 525 1877 2113 
4904 1879 306 2076 2540 
4905 641 1781 636 2018 
4906 1774 2028 2059 2268 
4907 1859 1690 1995 2012 
4908 1001 1751 1971 2283 
4909 1830 2263 1902 2396 
4910 1641 2353 2332 2366 
4911 1625 1725 1940 1981 
4912 271 1790 273 2069 
4913 1673 1725 1940 2040 
4914 1764 1840 1663 2148 
4915 1937 933 2266 2518 
4916 1725 1936 1800 2202 
4917 1626 1950 1926 2090 
4918 1779 2112 1975 2431 
4919 1200 1800 1997 2560 
4920 1830 810 2263 2396 
4921 1779 2044 1975 2112 
4922 1737 1945 1856 2096 
4923 1671 2062 1928 2490 
4924 1980 2037 1780 2095 
4925 791 2084 1957 2493 
4926 1755 1658 2133 2355 
4927 18 1133 211 2530 
4928 1889 2118 461 2375 
4929 1658 1755 2137 2355 
4930 1207 1871 2040 2246 
4931 1856 1737 2096 2217 
4932 1773 2078 1050 2307 
4933 315 2453 2139 2467 
4934 1724 2131 2094 2319 
4935 996 1827 928 2317 
4936 1835 2193 1735 2332 
4937 1677 1798 1963 2594 
4938 1693 1813 1992 2267 
4939 1641 1866 2353 2366 
4940 1944 2277 2066 2288 
4941 1129 1132 209 2205 
4942 1158 2187 2131 2596 
4943 1675 1732 2132 2344 
4944 1828 2006 1744 2075 
4945 564 1928 1750 2427 
4946 1902 2263 810 2396 
4947 986 1809 934 2266 
4948 1731 2020 721 2158 
4949 1677 1963 2154 2594 
4950 1308 1862 1169 2359 
4951 461 459 1782 2118 
4952 1828 1873 1694 2308 
4953 1705 1754 2025 2041 
4954 1742 1810 2027 2446 
4955 437 961 1064 1904 
4956 498 2156 1954 2454 
4957 1805 2530 2117 2602 
4958 1810 1916 1700 2378 
4959 920 1880 266 2583 
4960 1940 1981 1725 2385 
4961 310 2076 306 2450 
4962 1916 1700 2378 2522 
4963 421 419 272 1820 
4964 1308 2021 1862 2359 
4965 954 2003 1770 2326 
4966 930 929 1870 2171 
4967 849 1955 1797 2557 
4968 1732 1957 1741 2265 
4969 1022 917 885 1956 
4970 849 1797 1955 2210 
4971 351 2011 1827 2133 
4972 933 1937 2266 2381 
4973 929 2134 1870 2171 
4974 1666 1768 1848 2177 
4975 1625 1840 2103 2270 
4976 1738 2103 1840 2270 
4977 1659 1821 2056 2483 
4978 410 1947 1804 2294 
4979 1696 2194 2061 2316 
4980 1625 1981 1940 2385 
4981 1725 1997 1936 2543 
4982 383 428 1924 2020 
4983 1730 2080 547 2248 
4984 1049 1937 971 2109 
4985 1726 1931 1817 2081 
4986 1828 2075 1744 2374 
4987 642 2228 1781 2275 
4988 1985 1805 2117 2602 
4989 1644 2398 1913 2458 
4990 1675 1732 1968 2132 
4991 1672 2026 1727 2122 
4992 1816 1781 2324 2399 
4993 1961 2035 1946 2252 
4994 2030 2276 1768 2682 
4995 1644 1999 1913 2310 
4996 310 1879 306 2076 
4997 928 309 1932 2253 
4998 948 1941 1796 2138 
4999 855 1795 1387 2010 
5000 909 816 855 1795 
5001 226 225 1927 2452 
5002 416 2218 1712 2297 
5003 1705 1754 2041 2059 
5004 1060 920 1827 2583 
5005 1052 1915 1087 2221 
5006 1725 2238 1997 2543 
5007 271 270 200 2069 
5008 1658 1880 1811 2005 
5009 1685 2188 2075 2237 
5010 1732 1741 1968 2265 
5011 351 1827 440 2133 
5012 419 272 1820 1947 
5013 1782 2118 1889 2375 
5014 1778 2362 1805 2654 
5015 1937 2046 1890 2221 
5016 1967 1997 1800 2560 
5017 1799 1908 1901 2679 
5018 1828 2068 1873 2192 
5019 1635 2030 1760 2472 
5020 1757 2066 1944 2277 
5021 1638 1950 1769 2556 
5022 1004 1911 1971 2281 
5023 1890 2221 2046 2524 
5024 933 2266 935 2381 
5025 1673 1940 1725 2385 
5026 954 1770 993 2588 
5027 1985 2117 2530 2602 
5028 1976 2056 1805 2483 
5029 1774 1754 2028 2268 
5030 1723 1650 1946 1987 
5031 557 2185 1272 2331 
5032 1664 1985 1861 2161 
5033 1673 2523 1878 2597 
5034 1780 1680 1868 2183 
5035 1355 738 1885 2435 
5036 1709 1812 2082 2478 
5037 1291 2172 1212 2246 
5038 2074 2194 1696 2483 
5039 1626 1987 1825 2473 
5040 1651 2075 1979 2150 
5041 1640 1975 1779 2227 
5042 1749 2086 308 2139 
5043 1038 1911 970 1971 
5044 1050 2078 1773 2390 
5045 1699 1987 1922 2646 
5046 948 1796 958 2138 
5047 1732 1639 2329 2344 
5048 937 2128 2369 2381 
5049 2139 2453 1912 2467 
5050 948 959 958 1796 
5051 308 2155 1749 2453 
5052 1703 2162 1826 2637 
5053 200 271 1790 2256 
5054 207 1890 2524 2546 
5055 1927 2160 1377 2287 
5056 1645 2027 1810 2446 
5057 635 1925 641 2018 
5058 1713 2127 1887 2554 
5059 350 2011 1903 2253 
5060 1760 2030 1938 2472 
5061 940 1834 2109 2369 
5062 1022 1956 885 2281 
5063 1727 2024 1891 2444 
5064 314 961 437 1904 
5065 2015 2104 1747 2113 
5066 1642 2264 1746 2415 
5067 1807 2060 1746 2604 
5068 1901 1908 1662 2508 
5069 2131 2187 1831 2596 
5070 1925 2018 635 2514 
5071 848 1967 1800 2560 
5072 1764 2033 2167 2211 
5073 1651 2299 1914 2401 
5074 1631 2231 2255 2349 
5075 1034 309 391 1932 
5076 1800 1967 848 2544 
5077 1639 2148 1806 2226 
5078 1742 2199 1810 2446 
5079 841 1978 1785 2649 
5080 1804 1947 377 2244 
5081 1664 2092 1985 2161 
5082 1659 1976 1805 2616 
5083 1956 2281 1751 2313 
5084 315 308 1749 2453 
5085 1677 1881 1798 2594 
5086 1810 2199 1645 2446 
5087 1721 2255 2231 2349 
5088 487 1842 2201 2248 
5089 653 718 1986 2186 
5090 1672 1727 1973 2122 
5091 1638 1769 2033 2556 
5092 1686 1960 1869 2212 
5093 1007 2067 2269 2406 
5094 1685 1776 2007 2237 
5095 1774 2028 1966 2059 
5096 646 1820 272 1947 
5097 940 1834 989 2109 
5098 1818 2299 1651 2401 
5099 1721 2045 1999 2349 
5100 1256 1752 1295 2331 
5101 738 604 1355 1885 
5102 376 419 421 1820 
5103 1938 1962 1739 2030 
5104 428 1731 2020 2328 
5105 1729 1887 2127 2554 
5106 1785 1978 841 2313 
5107 1660 1936 1997 2543 
5108 1685 2007 2188 2237 
5109 2085 2107 1929 2493 
5110 1669 1789 2274 2332 
5111 1822 1699 2131 2180 
5112 677 1779 745 2044 
5113 920 1016 1060 1827 
5114 469 2276 1768 2447 
5115 1680 1881 1753 2222 
5116 1825 1987 1699 2526 
5117 1731 2020 1924 2489 
5118 2065 1863 2409 2557 
5119 2167 2211 2033 2495 
5120 1661 1999 2045 2349 
5121 347 1903 350 2011 
5122 796 2100 1819 2492 
5123 1741 1957 1732 2084 
5124 1311 1865 700 2615 
5125 1626 1926 1723 2473 
5126 1908 2027 1742 2419 
5127 1750 2201 564 2427 
5128 1805 2106 1659 2616 
5129 1982 2366 1789 2551 
5130 1816 2324 1855 2399 
5131 2014 2160 887 2302 
5132 1923 2061 1696 2375 
5133 1805 2581 2106 2616 
5134 1662 1836 2105 2486 
5135 1662 2105 1915 2486 
5136 1357 1361 1779 2126 
5137 1901 2330 1799 2679 
5138 819 2107 1895 2338 
5139 1650 1723 1946 2035 
5140 1957 2493 1665 2676 
5141 557 1139 1272 2185 
5142 1624 1892 1859 2576 
5143 1733 1871 1697 2078 
5144 2298 2409 1863 2557 
5145 315 1749 2139 2453 
5146 271 273 270 2069 
5147 786 1988 1819 2088 
5148 841 837 1978 2649 
5149 1631 1908 1799 2335 
5150 1789 1954 575 2496 
5151 1016 266 389 1827 
5152 1708 1937 1890 2221 
5153 1700 2197 2183 2378 
5154 536 1758 584 2058 
5155 822 1830 810 2263 
5156 1869 1960 1686 2090 
5157 1680 1753 1881 2351 
5158 1065 1733 1035 2172 
5159 1642 2357 1792 2405 
5160 1212 1213 1871 2390 
5161 1728 1686 1950 2556 
5162 1660 1970 1936 2403 
5163 2038 2062 1184 2432 
5164 1805 1778 2581 2616 
5165 1677 1938 1739 1963 
5166 612 712 559 1883 
5167 2166 2394 1763 2643 
5168 413 1977 2243 2579 
5169 315 318 2453 2467 
5170 533 483 545 2048 
5171 653 2186 1986 2192 
5172 1810 1742 2027 2419 
5173 1695 1807 1927 2264 
5174 1754 1991 1633 2059 
5175 1272 2185 1296 2331 
5176 1121 1766 2316 2578 
5177 1662 1908 1901 2367 
5178 369 2029 368 2337 
5179 930 2171 1870 2518 
5180 920 266 1016 1827 
5181 1748 2369 2128 2381 
5182 1721 2037 1999 2097 
5183 1004 1751 1001 2283 
5184 996 1016 928 1827 
5185 469 468 2276 2447 
5186 1856 1945 1650 2096 
5187 1669 1789 1982 2274 
5188 547 2102 1730 2201 
5189 1634 1939 1889 2350 
5190 1121 2108 1766 2578 
5191 2044 2112 1779 2431 
5192 416 1712 392 2297 
5193 1643 1882 1952 2184 
5194 1793 1731 2036 2441 
5195 1049 2109 988 2221 
5196 421 272 399 1820 
5197 855 816 1387 1795 
5198 2074 2530 1805 2602 
5199 993 1770 2003 2105 
5200 1664 1861 2092 2161 
5201 998 1836 1059 2105 
5202 663 2020 1948 2158 
5203 1873 2068 1694 2086 
5204 1641 2193 1835 2332 
5205 1623 1774 2152 2268 
5206 571 603 708 1877 
5207 1295 2331 1752 2407 
5208 808 2107 819 2338 
5209 1640 1975 2112 2431 
5210 1318 1862 1277 2021 
5211 1624 1859 1980 2576 
5212 1716 1937 2266 2518 
5213 1765 2174 779 2372 
5214 1897 2153 2069 2458 
5215 1677 1739 1938 2242 
5216 881 2281 1956 2313 
5217 1229 1290 2065 2409 
5218 1666 1848 1768 2239 
5219 1229 2065 1290 2261 
5220 732 2196 2004 2657 
5221 1290 2261 2065 2409 
5222 1647 1869 1825 2254 
5223 1944 2066 1722 2288 
5224 377 1804 410 1947 
5225 443 377 410 1947 
5226 1184 2062 2038 2590 
5227 1891 2024 1727 2358 
5228 2196 2275 1734 2657 
5229 1779 1975 677 2309 
5230 1822 1987 1699 2180 
5231 1625 1940 1725 2543 
5232 1731 2158 662 2469 
5233 483 1759 2048 2391 
5234 1918 1747 2104 2113 
5235 2006 2042 619 2214 
5236 1703 1970 2162 2637 
5237 833 2014 887 2302 
5238 274 1790 2045 2458 
5239 1795 850 2261 2557 
5240 1794 1727 2024 2358 
5241 1709 1995 1920 2012 
5242 1635 1760 2470 2472 
5243 677 1975 1779 2044 
5244 675 1761 1975 2299 
5245 314 961 1904 2579 
5246 1686 1869 2103 2212 
5247 662 1731 721 2158 
5248 1768 2177 1666 2361 
5249 937 2128 1910 2369 
5250 483 545 1759 2519 
5251 1948 2020 663 2308 
5252 1716 2046 1937 2518 
5253 1889 1939 1786 2350 
5254 1637 1993 1781 2232 
5255 1893 2525 2273 2533 
5256 1009 2182 1811 2389 
5257 2182 2243 1977 2579 
5258 1796 1670 2067 2406 
5259 1762 1929 828 2677 
5260 1912 2453 318 2467 
5261 2106 2581 1778 2616 
5262 557 598 2185 2331 
5263 1639 1764 1872 2502 
5264 1856 2096 1650 2669 
5265 1735 2079 1835 2332 
5266 1733 2172 1065 2359 
5267 1809 2266 1937 2381 
5268 1311 700 2099 2615 
5269 197 2134 929 2171 
5270 1773 2017 1833 2689 
5271 1781 1993 1734 2232 
5272 1975 2299 1818 2382 
5273 1761 1975 1640 2227 
5274 954 1770 2005 2326 
5275 1669 1883 1954 2079 
5276 1387 1795 816 2577 
5277 1647 1825 2066 2254 
5278 1625 1936 1725 1981 
5279 1686 2089 2103 2181 
5280 1858 2067 1670 2406 
5281 1944 2066 1757 2456 
5282 1722 2066 1944 2456 
5283 1792 2357 1909 2405 
5284 1809 935 2266 2381 
5285 274 2045 1913 2458 
5286 1660 1800 2162 2544 
5287 1746 1680 1959 2351 
5288 1365 1779 1361 2126 
5289 1764 2148 1663 2211 
5290 459 461 1782 2375 
5291 786 796 1819 2311 
5292 1626 1723 1987 2473 
5293 1763 1930 2166 2643 
5294 1660 1936 1970 2162 
5295 1943 2248 1652 2591 
5296 333 2366 2064 2501 
5297 443 1947 410 2294 
5298 525 1877 2113 2645 
5299 1820 1986 718 2186 
5300 1622 1875 1764 2089 
5301 1773 1833 2017 2078 
5302 1943 2080 1652 2248 
5303 1928 2102 564 2201 
5304 1809 2240 1833 2266 
5305 1318 2009 1862 2021 
5306 1625 1725 1936 2543 
5307 1660 1936 1800 1997 
5308 1672 1775 1921 2330 
5309 635 2018 631 2514 
5310 1865 1906 1208 2196 
5311 1156 2187 1158 2596 
5312 1734 1993 1906 2289 
5313 755 1820 646 1947 
5314 1927 2264 1807 2305 
5315 1791 2070 1993 2565 
5316 1770 2105 993 2588 
5317 1863 2065 1656 2557 
5318 1779 2002 745 2044 
5319 965 2067 1796 2164 
5320 1656 1814 2241 2488 
5321 1949 2290 1746 2360 
5322 1863 1656 2298 2557 
5323 1732 1675 2084 2344 
5324 1680 1746 1959 2197 
5325 1651 1905 1744 1914 
5326 1760 1962 1938 2030 
5327 2025 2041 1754 2532 
5328 2029 2297 1902 2337 
5329 1830 1850 1649 2263 
5330 1341 20 218 1756 
5331 1772 1963 1798 2687 
5332 1664 1861 1801 2633 
5333 1650 1987 1723 2035 
5334 1677 2039 1774 2242 
5335 1805 2362 1976 2654 
5336 1733 2078 1697 2164 
5337 1873 2068 1668 2192 
5338 988 2221 2109 2429 
5339 646 714 272 1820 
5340 1677 2028 1774 2039 
5341 1024 1169 1862 2359 
5342 1938 2030 1739 2472 
5343 1928 2102 1786 2664 
5344 1732 1968 1741 2084 
5345 1781 1734 1993 2575 
5346 1856 2217 2096 2669 
5347 1674 1858 1826 2146 
5348 1651 1966 1761 2251 
5349 1793 1731 2441 2489 
5350 721 2020 1731 2328 
5351 416 1712 2218 2244 
5352 1875 2033 1764 2089 
5353 2224 2366 322 2621 
5354 1950 2033 1769 2556 
5355 1646 1764 2211 2502 
5356 1762 828 2263 2677 
5357 1929 1989 1698 2386 
5358 2018 2382 631 2514 
5359 1656 2241 2456 2488 
5360 1733 2246 1291 2359 
5361 934 986 936 1809 
5362 1725 1981 2246 2385 
5363 2290 2351 1746 2360 
5364 1165 1831 2293 2523 
5365 1240 1241 1239 1922 
5366 980 2078 1833 2307 
5367 1361 1357 1779 2370 
5368 878 1929 1989 2107 
5369 386 2366 1982 2551 
5370 1035 1065 976 1733 
5371 604 1345 1355 1885 
5372 1875 1686 2089 2667 
5373 779 2174 1957 2372 
5374 1921 2355 311 2540 
5375 1123 2316 2194 2483 
5376 528 1958 1842 2327 
5377 1741 2084 801 2493 
5378 1734 1993 2289 2641 
5379 461 2118 1889 2663 
5380 1637 1781 1993 2399 
5381 308 2086 1749 2155 
5382 1725 2246 2040 2385 
5383 1651 1979 1864 2150 
5384 1634 1786 1939 2350 
5385 1227 2063 2241 2511 
5386 1272 1139 1296 2185 
5387 1680 1780 1868 2222 
5388 1197 2092 2161 2590 
5389 619 1905 2006 2214 
5390 1677 2242 1774 2608 
5391 1626 1825 1987 2129 
5392 1686 2033 1875 2089 
5393 1699 2035 1987 2646 
5394 390 413 2243 2579 
5395 1643 1952 1888 2184 
5396 309 928 389 2253 
5397 1660 1967 1800 2544 
5398 732 2275 2196 2657 
5399 1677 1774 2028 2608 
5400 995 2317 2326 2583 
5401 1164 1165 1831 2293 
5402 1725 2040 1673 2385 
5403 1876 2137 1996 2614 
5404 745 677 678 1779 
5405 1652 2115 2141 2250 
5406 1658 2005 1811 2137 
5407 2113 2373 526 2607 
5408 1634 1939 1945 2260 
5409 2051 2116 1727 2343 
5410 991 1915 2105 2486 
5411 1812 1995 1835 2478 
5412 1727 1891 2236 2444 
5413 1976 1805 2074 2483 
5414 2004 2196 1734 2657 
5415 642 695 1919 2657 
5416 1812 1709 1995 2478 
5417 386 2274 1982 2366 
5418 808 2022 2107 2338 
5419 1623 2268 2152 2636 
5420 2046 2171 1716 2220 
5421 1730 2141 2115 2250 
5422 1710 1952 1882 2184 
5423 1633 1754 2028 2176 
5424 1686 2103 2089 2212 
5425 921 2046 2171 2518 
5426 1800 848 2162 2544 
5427 264 415 1762 2337 
5428 642 2275 695 2657 
5429 1697 1871 1733 2385 
5430 1847 2388 2163 2407 
5431 197 929 921 2171 
5432 2064 2366 2353 2501 
5433 2069 2153 1790 2458 
5434 1657 1754 1991 2176 
5435 1890 2046 1093 2524 
5436 445 603 571 1877 
5437 2273 2418 1893 2533 
5438 1725 1878 1997 2238 
5439 280 2236 2216 2504 
5440 786 1819 783 2088 
5441 1913 1644 2310 2398 
5442 1654 2152 1855 2699 
5443 1659 2546 1821 2643 
5444 487 2201 488 2248 
5445 1682 1877 2113 2373 
5446 1735 2332 1841 2505 
5447 786 832 783 1819 
5448 1370 1837 2047 2404 
5449 1357 1365 1361 2126 
5450 1745 1945 1939 2260 
5451 1648 1767 1898 2639 
5452 1004 2281 1751 2283 
5453 1769 2033 1950 2465 
5454 1810 2027 1908 2419 
5455 1866 2200 2008 2398 
5456 1926 2090 1728 2215 
5457 980 1050 2078 2307 
5458 2129 2131 1699 2180 
5459 1961 2252 1946 2636 
5460 939 1910 937 2128 
5461 739 712 612 1883 
5462 1989 2076 1698 2386 
5463 1641 1866 1793 2200 
5464 1806 2016 1840 2148 
5465 1858 2146 1674 2406 
5466 1742 2027 1908 2601 
5467 1695 1817 2287 2700 
5468 1737 2161 2092 2590 
5469 1718 2137 2005 2679 
5470 2322 2351 1959 2378 
5471 1836 1059 2105 2486 
5472 1883 1669 1954 2454 
5473 675 1975 1761 2309 
5474 1694 2086 2068 2139 
5475 1888 2184 1952 2585 
5476 1686 1728 1960 2556 
5477 1321 2418 2273 2533 
5478 20 2352 1783 2628 
5479 1809 1833 1769 2528 
5480 828 1762 865 1989 
5481 621 1905 619 2214 
5482 1954 2079 1883 2156 
5483 1829 2231 1721 2255 
5484 1639 1785 1978 2147 
5485 1794 2024 1891 2358 
5486 1208 1906 1865 2466 
5487 1295 1752 1219 2407 
5488 1768 2276 469 2411 
5489 1793 2036 1731 2562 
5490 1305 1865 1208 2196 
5491 939 937 1910 2369 
5492 1794 2024 1727 2343 
5493 940 943 1834 2369 
5494 1840 2050 2016 2226 
5495 1746 2077 2060 2197 
5496 2028 2039 1881 2176 
5497 633 624 1914 2130 
5498 498 1883 556 2156 
5499 1645 1930 2140 2394 
5500 1781 2275 1734 2575 
5501 2478 2531 2245 2652 
5502 1695 2287 1927 2452 
5503 1624 1963 1812 2687 
5504 1265 1822 1159 2094 
5505 633 2130 1914 2364 
5506 1777 2524 1890 2546 
5507 675 629 2299 2382 
5508 1647 1844 1825 2655 
5509 1864 2478 2245 2652 
5510 2040 2246 1871 2385 
5511 1723 1946 1778 1987 
5512 1639 2091 1840 2226 
5513 1746 1959 2322 2351 
5514 1826 1936 1703 2050 
5515 1911 1971 1675 2354 
5516 1296 2185 2149 2331 
5517 1793 2274 1789 2332 
5518 1822 1922 1699 1987 
5519 1080 1101 1097 2046 
5520 746 700 1865 2615 
5521 1650 1922 1822 1987 
5522 1648 2565 1767 2639 
5523 2219 2441 1731 2489 
5524 1996 2137 1876 2189 
5525 938 939 937 2128 
5526 1886 2185 598 2331 
5527 678 745 1779 2435 
5528 1654 1788 2152 2699 
5529 1659 1821 1930 2643 
5530 1038 970 1911 2354 
5531 1253 1874 2000 2319 
5532 1791 1961 2336 2670 
5533 833 2100 2014 2302 
5534 938 1910 939 2128 
5535 1049 971 988 2109 
5536 1773 1874 1871 2017 
5537 428 383 1924 2489 
5538 1767 1648 1898 1925 
5539 1949 1746 2290 2604 
5540 674 675 1761 2309 
5541 796 2311 788 2492 
5542 1894 2290 1949 2443 
5543 1658 2005 2137 2679 
5544 1370 2047 1280 2404 
5545 1699 1987 1825 2129 
5546 1253 2000 1255 2319 
5547 1651 1744 1905 2075 
5548 1876 1811 2137 2614 
5549 1787 2245 2531 2652 
5550 1746 2290 2077 2351 
5551 1093 2046 1890 2220 
5552 1010 1811 2005 2371 
5553 772 223 1965 2396 
5554 2037 2097 1721 2255 
5555 1215 1291 2246 2359 
5556 1938 2013 1623 2573 
5557 1903 2011 347 2143 
5558 801 2084 1741 2476 
5559 1729 1851 2288 2400 
5560 1826 1858 1670 2146 
5561 1741 2085 1957 2493 
5562 227 2287 2043 2452 
5563 2167 2296 1742 2508 
5564 1162 2094 1159 2131 
5565 1001 2283 1971 2393 
5566 1762 2052 1717 2076 
5567 959 965 1796 2164 
5568 1763 2140 1930 2394 
5569 2163 2388 1144 2407 
5570 1639 1978 1785 2226 
5571 1864 2245 1787 2652 
5572 2353 2366 1866 2501 
5573 958 959 965 1796 
5574 2167 1742 2419 2508 
5575 772 223 2396 2665 
5576 1794 1727 2116 2343 
5577 1767 2565 2112 2639 
5578 1357 2126 1779 2370 
5579 940 943 989 1834 
5580 1956 2281 1044 2283 
5581 386 431 2274 2366 
5582 1677 1798 1938 1963 
5583 1781 1993 1925 2575 
5584 390 2243 923 2579 
5585 635 641 636 2018 
5586 416 392 1712 2244 
5587 1257 1200 1285 2202 
5588 383 2020 1924 2315 
5589 1732 1639 2147 2329 
5590 1121 2316 1112 2578 
5591 1640 1779 1975 2431 
5592 1676 2389 1876 2614 
5593 230 231 1944 2298 
5594 1208 2196 1906 2387 
5595 1825 1987 1723 2473 
5596 1785 2050 2057 2292 
5597 1004 1044 2281 2283 
5598 1648 1993 2565 2670 
5599 801 2022 1741 2493 
5600 1167 1158 2187 2319 
5601 849 1797 2261 2557 
5602 1929 2052 1762 2386 
5603 1866 2366 2224 2621 
5604 1641 2008 1866 2200 
5605 1695 1949 1807 2264 
5606 2395 2470 1760 2472 
5607 1680 1959 2351 2378 
5608 1623 1962 1938 2573 
5609 1631 1799 2173 2335 
5610 828 1929 1762 1989 
5611 983 2046 1937 2221 
5612 1052 1045 1915 2221 
5613 1632 1757 1907 2481 
5614 2128 2190 1809 2240 
5615 674 1761 675 2299 
5616 1022 1044 1956 2281 
5617 754 1845 1934 2413 
5618 1675 1996 2084 2476 
5619 1741 2084 1996 2476 
5620 1871 1213 2463 2622 
5621 1802 1829 1662 2124 
5622 419 376 377 1947 
5623 1697 1733 1981 2385 
5624 20 2055 1783 2352 
5625 1024 1862 1068 2359 
5626 545 2111 1759 2519 
5627 1778 1946 1650 1987 
5628 1680 2077 1753 2351 
5629 633 628 624 2130 
5630 1087 1915 1095 2221 
5631 1762 1649 1902 2029 
5632 1731 2036 2441 2562 
5633 230 1944 1931 2298 
5634 1157 2063 1863 2241 
5635 1010 2005 1880 2583 
5636 837 1978 2649 2681 
5637 755 714 646 1820 
5638 822 1830 2263 2334 
5639 459 1782 450 2194 
5640 777 1850 1942 2334 
5641 1654 2071 2054 2159 
5642 2248 2471 1652 2591 
5643 1657 1991 1754 2025 
5644 1256 1219 1295 1752 
5645 1732 2329 2132 2344 
5646 898 1795 850 2261 
5647 559 1883 712 2083 
5648 1285 1284 2202 2560 
5649 1666 2239 1768 2361 
5650 1983 2024 1794 2116 
5651 1924 2441 2219 2489 
5652 1676 1876 1996 2614 
5653 1668 1776 2192 2237 
5654 1206 1212 1207 1871 
5655 1844 1869 1825 2655 
5656 1035 1733 2164 2172 
5657 1305 1208 1865 2466 
5658 218 2073 219 2209 
5659 1049 983 1937 2221 
5660 225 1393 1927 2223 
5661 1963 2280 2177 2384 
5662 437 884 404 1904 
5663 1156 1831 2187 2596 
5664 1764 1639 2148 2502 
5665 1089 2046 2221 2524 
5666 991 2105 1915 2429 
5667 1800 2009 1284 2202 
5668 850 1955 849 2557 
5669 1291 1212 1206 2246 
5670 1772 2177 1963 2280 
5671 1834 2296 2365 2680 
5672 1800 2202 1284 2560 
5673 1647 1831 1878 2293 
5674 226 225 1393 1927 
5675 1643 1769 2017 2598 
5676 1680 2077 1746 2197 
5677 1879 2053 1698 2295 
5678 1833 2017 1643 2689 
5679 1754 2176 1657 2306 
5680 1717 1762 2076 2697 
5681 1680 2183 2197 2378 
5682 1810 2027 1868 2183 
5683 1789 1982 2274 2366 
5684 1679 2249 2203 2482 
5685 1785 1703 2050 2292 
5686 1818 1975 1761 2299 
5687 1679 2108 2249 2482 
5688 2052 2076 1762 2386 
5689 1750 2198 2102 2201 
5690 1628 2024 1983 2116 
5691 1780 2197 1884 2222 
5692 1626 1778 1926 2106 
5693 1655 1891 2024 2444 
5694 1789 1669 1982 2454 
5695 951 2240 986 2266 
5696 1767 2018 1925 2514 
5697 1682 2373 2113 2607 
5698 389 266 440 1827 
5699 2231 2255 1829 2367 
5700 1928 1786 2062 2213 
5701 1789 1954 1669 2454 
5702 1650 1946 1778 2096 
5703 1998 2111 520 2321 
5704 1971 2119 1675 2354 
5705 2114 2212 1960 2322 
5706 1660 1997 2238 2543 
5707 681 640 1898 1925 
5708 1764 1916 1646 2419 
5709 1680 1753 2077 2222 
5710 801 802 2022 2493 
5711 469 468 466 2276 
5712 483 2087 1759 2391 
5713 1652 2248 2080 2250 
5714 951 1833 2240 2266 
5715 1714 1943 2250 2410 
5716 1640 2059 1966 2227 
5717 1794 1860 1681 1983 
5718 1680 2267 1810 2378 
5719 1943 1652 2471 2591 
5720 954 2005 1770 2346 
5721 2060 2197 2077 2695 
5722 1774 2028 1754 2039 
5723 390 413 289 2243 
5724 1022 1044 917 1956 
5725 1645 2140 1930 2658 
5726 345 430 333 2064 
5727 1735 2023 2087 2659 
5728 1778 1946 1945 2096 
5729 1357 1899 2126 2370 
5730 1735 2193 2023 2659 
5731 1654 1781 2018 2569 
5732 1796 2067 965 2406 
5733 1813 2114 1960 2322 
5734 1792 2405 2060 2415 
5735 724 2230 1933 2373 
5736 2192 2237 1776 2534 
5737 1660 1800 1936 2162 
5738 745 2002 1779 2435 
5739 1009 1811 2371 2389 
5740 535 2048 536 2058 
5741 790 2372 2084 2681 
5742 998 2003 1836 2105 
5743 2089 2103 1738 2212 
5744 724 690 2230 2373 
5745 1959 2378 1700 2522 
5746 1640 1767 1975 2251 
5747 1948 2158 2020 2219 
5748 1833 2017 1769 2598 
5749 1938 2395 1760 2472 
5750 1813 1881 1693 2176 
5751 1122 1119 2153 2630 
5752 1686 1950 2033 2465 
5753 1855 2152 2333 2699 
5754 801 1741 2022 2476 
5755 754 1934 1845 2179 
5756 1642 2157 1792 2357 
5757 1857 2086 307 2155 
5758 992 1915 991 2486 
5759 621 619 1905 2006 
5760 786 783 1988 2088 
5761 1670 1858 1826 2168 
5762 1241 1922 2217 2669 
5763 1764 1646 2167 2419 
5764 1918 2113 1877 2645 
5765 885 917 759 1956 
5766 1644 1758 1897 2153 
5767 850 849 2261 2557 
5768 1647 1951 1831 2293 
5769 1819 1743 2100 2247 
5770 1871 1874 1773 2622 
5771 1679 2203 2108 2482 
5772 1631 2255 2231 2367 
5773 786 788 796 2311 
5774 1650 1945 1946 2096 
5775 1645 1992 1810 2267 
5776 709 297 1845 2413 
5777 994 995 2317 2326 
5778 1999 2037 1721 2349 
5779 1718 1876 2137 2189 
5780 1769 1974 1697 2190 
5781 994 2317 2003 2326 
5782 1625 2103 1840 2181 
5783 791 801 2084 2493 
5784 1709 1859 1995 2012 
5785 1709 1995 1859 2474 
5786 1859 2012 1709 2474 
5787 2273 2525 1323 2533 
5788 2056 2220 207 2546 
5789 1720 2054 2071 2159 
5790 609 1160 2004 2196 
5791 1848 2177 1768 2682 
5792 2108 1763 2249 2482 
5793 1631 2173 1799 2330 
5794 1659 2056 1821 2546 
5795 1820 1947 1756 2561 
5796 1876 2389 1811 2614 
5797 460 1782 459 2194 
5798 1699 2397 2035 2646 
5799 289 923 390 2243 
5800 1625 1940 1974 2385 
5801 520 2111 1998 2599 
5802 369 367 2029 2297 
5803 1832 1887 1684 2431 
5804 2167 2365 2296 2680 
5805 1732 1675 1968 2084 
5806 681 1925 1898 2615 
5807 1672 1921 2032 2330 
5808 537 575 1954 2496 
5809 617 2006 1776 2042 
5810 2077 2290 1746 2604 
5811 1784 1966 1651 2608 
5812 1284 2009 1800 2560 
5813 1866 1793 2200 2224 
5814 1638 2199 1875 2258 
5815 1742 1875 2199 2258 
5816 609 2004 732 2196 
5817 1361 1779 1365 2435 
5818 1765 1957 2174 2372 
5819 1713 2506 2288 2554 
5820 1253 2000 1874 2622 
5821 1299 456 2213 2468 
5822 1723 1778 1946 2616 
5823 1656 2241 1863 2456 
5824 1626 1888 2129 2180 
5825 450 2194 1782 2205 
5826 1876 2137 1811 2371 
5827 1775 1672 2026 2330 
5828 700 1311 606 1865 
5829 1810 1700 2183 2378 
5830 525 2113 1918 2645 
5831 1893 2273 481 2418 
5832 1725 1940 1878 2238 
5833 1732 2084 1957 2372 
5834 865 1762 893 2337 
5835 1877 1682 2230 2373 
5836 1828 2237 2192 2534 
5837 930 921 929 2171 
5838 1963 1812 2280 2384 
5839 1840 1872 1764 2089 
5840 1734 2289 1838 2641 
5841 1724 2129 1888 2180 
5842 1010 1880 1811 2243 
5843 1950 2106 1926 2207 
5844 1825 1699 2397 2526 
5845 802 2107 2022 2493 
5846 1781 1925 1993 2070 
5847 1746 1959 1792 2415 
5848 1767 2112 1898 2639 
5849 754 693 1934 2179 
5850 786 783 784 1988 
5851 1718 2137 1876 2371 
5852 445 603 1877 2083 
5853 1790 1999 1721 2045 
5854 1642 2405 1792 2415 
5855 1694 1873 2086 2315 
5856 505 564 2201 2427 
5857 582 1958 528 2327 
5858 1640 1975 1761 2251 
5859 731 1885 738 2435 
5860 1861 2034 1801 2479 
5861 1003 1001 1004 1971 
5862 1662 1829 1802 2367 
5863 674 2214 1761 2299 
5864 970 2119 1971 2354 
5865 496 2118 2185 2205 
5866 976 1733 1065 2359 
5867 1758 2069 1122 2151 
5868 1833 1769 2528 2598 
5869 345 2064 333 2366 
5870 2216 2236 1727 2504 
5871 536 1758 2048 2552 
5872 1662 2367 1802 2601 
5873 2109 2221 1708 2429 
5874 450 1782 459 2205 
5875 783 784 1988 2088 
5876 1728 1950 1926 2207 
5877 1656 2019 1814 2488 
5878 1875 2199 1810 2419 
5879 1946 2035 1723 2252 
5880 714 399 1820 2186 
5881 1788 1774 2242 2608 
5882 1396 1377 2160 2287 
5883 1659 1805 1976 2056 
5884 1717 2076 2052 2386 
5885 1299 2213 1217 2468 
5886 1626 1926 1950 2106 
5887 1858 1670 2067 2269 
5888 1687 1849 2079 2624 
5889 1791 2336 1961 2636 
5890 819 1895 874 2338 
5891 1658 1755 2032 2137 
5892 1906 2196 1734 2387 
5893 698 2402 1958 2433 
5894 2045 2143 317 2672 
5895 1639 1785 2091 2226 
5896 533 2048 545 2552 
5897 1656 2065 1863 2241 
5898 439 410 377 1804 
5899 1687 2079 1883 2624 
5900 1703 1988 1785 2091 
5901 1759 2087 483 2519 
5902 636 641 642 1781 
5903 1769 1833 1809 2190 
5904 1984 2649 1978 2681 
5905 934 1809 935 2266 
5906 2170 2428 891 2476 
5907 1719 1966 2059 2227 
5908 429 1932 309 2253 
5909 1681 1860 1794 2208 
5910 814 2535 1942 2538 
5911 1694 2086 2139 2315 
5912 1814 2065 1189 2279 
5913 612 1883 455 2661 
5914 1640 1975 1767 2112 
5915 218 2073 2209 2416 
5916 1095 2221 1915 2439 
5917 1159 2094 1822 2131 
5918 2056 2483 1821 2546 
5919 345 1789 2064 2366 
5920 998 1059 991 2105 
5921 992 991 1915 2429 
5922 1664 1737 1985 2092 
5923 1277 1169 1308 1862 
5924 1654 2159 1788 2699 
5925 1737 1664 1985 2096 
5926 1938 1962 1623 2242 
5927 1834 2296 2109 2365 
5928 1770 2105 1662 2312 
5929 556 1883 498 2454 
5930 841 1978 837 2313 
5931 1776 2006 617 2534 
5932 881 2281 2313 2650 
5933 1664 1737 2092 2096 
5934 1760 2013 1938 2573 
5935 230 1944 1832 2175 
5936 1680 1746 2077 2351 
5937 2053 2165 1698 2295 
5938 746 700 606 1865 
5939 1741 2107 2085 2493 
5940 866 760 1042 1911 
5941 1910 2128 1748 2369 
5942 1862 2067 1068 2359 
5943 1643 2184 1769 2598 
5944 1803 2127 1223 2466 
5945 1009 1046 1811 2182 
5946 976 1733 2067 2164 
5947 1930 2140 1798 2658 
5948 1671 2102 1939 2490 
5949 1786 1939 2102 2490 
5950 1682 2104 2015 2113 
5951 619 2042 669 2214 
5952 1152 1240 1922 2421 
5953 350 2253 1903 2572 
5954 681 1925 2615 2638 
5955 1780 1680 2197 2222 
5956 1038 970 1003 1971 
5957 1651 1784 1979 2075 
5958 739 712 1883 2083 
5959 1758 2069 1897 2153 
5960 1794 2116 2024 2343 
5961 335 1977 312 2540 
5962 1849 1883 1669 2079 
5963 1629 2082 1835 2478 
5964 1214 1213 2390 2622 
5965 629 626 2299 2382 
5966 1826 1858 1674 2440 
5967 1121 2316 1766 2487 
5968 1708 2221 1890 2524 
5969 1691 1968 1823 2136 
5970 1697 1974 1769 2017 
5971 1695 1927 1807 2452 
5972 1751 2281 1956 2283 
5973 1627 1741 1968 1996 
5974 1085 1890 1093 2524 
5975 964 2318 1876 2371 
5976 1675 2428 2170 2476 
5977 1830 1649 1902 2263 
5978 1353 2042 1776 2485 
5979 202 1846 2097 2153 
5980 1977 2053 312 2540 
5981 1699 1922 1822 2131 
5982 490 542 328 2413 
5983 1657 2025 1754 2306 
5984 738 731 604 1885 
5985 1725 1940 2238 2543 
5986 782 2088 780 2372 
5987 1905 1914 1651 2299 
5988 1177 1223 1803 2127 
5989 1729 2288 1851 2646 
5990 1686 1875 2556 2667 
5991 1677 1963 1739 2507 
5992 1156 1252 1158 2187 
5993 391 407 1062 1932 
5994 1714 1943 2080 2250 
5995 1650 1946 1961 2035 
5996 1881 2039 2028 2542 
5997 1858 2269 2067 2406 
5998 1819 2247 1990 2683 
5999 1820 1947 755 2209 
6000 1632 1990 2247 2683 
6001 1931 2175 229 2423 
6002 741 720 2099 2404 
6003 991 2105 1059 2486 
6004 808 819 874 2338 
6005 1055 2253 1932 2317 
6006 893 1762 828 2263 
6007 1884 1900 1655 2286 
6008 709 648 297 2413 
6009 1255 2319 2000 2425 
6010 2100 2247 1743 2492 
6011 678 1779 677 2309 
6012 1729 2554 2288 2646 
6013 1765 1984 1667 2424 
6014 1758 2151 1122 2320 
6015 1265 2092 1822 2094 
6016 1819 1972 1667 1990 
6017 606 1311 1137 1865 
6018 1654 2001 1774 2054 
6019 1305 1865 1266 2466 
6020 928 1932 1055 2253 
6021 976 2067 1733 2359 
6022 1769 2181 1974 2190 
6023 1639 2091 1785 2147 
6024 1647 1825 1844 2512 
6025 1765 1667 1984 2088 
6026 1627 1968 1741 2085 
6027 1781 1925 2275 2575 
6028 1253 1204 1255 2000 
6029 1656 2456 2019 2488 
6030 655 642 695 1919 
6031 1035 1733 976 2164 
6032 1662 1901 2312 2367 
6033 1712 2229 392 2297 
6034 1341 1756 218 2416 
6035 1896 2143 2045 2672 
6036 1353 1776 2042 2586 
6037 1912 2139 1749 2453 
6038 1819 1743 2247 2683 
6039 1628 2197 2060 2695 
6040 735 2214 669 2612 
6041 1633 2028 1881 2176 
6042 440 266 353 1880 
6043 1634 2490 1985 2654 
6044 1894 2290 2443 2632 
6045 1123 2194 2074 2483 
6046 1723 1946 2013 2616 
6047 643 2234 1787 2364 
6048 1974 2190 2181 2325 
6049 1644 1897 2398 2458 
6050 2004 2196 1250 2387 
6051 1764 1875 1916 2419 
6052 1896 2045 317 2672 
6053 1737 1985 2490 2654 
6054 1922 2131 1699 2421 
6055 1649 1850 1830 2603 
6056 1768 2239 469 2447 
6057 388 1982 1845 2413 
6058 1840 2091 2050 2226 
6059 1974 1697 2190 2325 
6060 1628 2060 1983 2169 
6061 780 2372 2088 2538 
6062 964 1876 956 2371 
6063 1772 1963 1812 2280 
6064 1285 1284 1257 2202 
6065 429 391 309 1932 
6066 1378 1387 816 2577 
6067 1708 2109 1937 2221 
6068 643 1787 633 2364 
6069 1123 2061 2194 2316 
6070 1877 1918 1682 2113 
6071 1164 2293 1831 2596 
6072 1811 2137 1755 2355 
6073 377 375 1756 2561 
6074 1864 1914 1744 2652 
6075 812 2168 1826 2440 
6076 1668 1986 1820 2186 
6077 962 1169 1276 1862 
6078 1632 2081 1757 2481 
6079 1291 2172 1733 2359 
6080 218 2209 219 2416 
6081 1055 928 1034 1932 
6082 1986 2186 1668 2192 
6083 1890 2046 1716 2220 
6084 633 1787 643 2593 
6085 1654 1855 2152 2399 
6086 520 1998 521 2599 
6087 1962 2250 2030 2260 
6088 1651 2299 1761 2347 
6089 804 1210 2009 2627 
6090 1365 1779 2002 2435 
6091 1744 1914 1905 2640 
6092 1723 1987 1825 2526 
6093 2008 2398 2200 2527 
6094 687 1917 1877 2559 
6095 20 1964 2352 2628 
6096 1819 2100 1743 2492 
6097 1796 2067 1733 2164 
6098 2047 2404 1837 2464 
6099 2043 228 2566 2700 
6100 675 629 626 2299 
6101 1212 1214 1213 2390 
6102 479 2023 2087 2505 
6103 335 2355 1977 2540 
6104 785 779 1957 2372 
6105 1668 2192 1828 2237 
6106 1686 2033 2089 2181 
6107 1647 1825 1869 2655 
6108 308 307 2086 2155 
6109 1197 1199 2092 2590 
6110 1775 1672 1921 2122 
6111 1671 1994 2038 2392 
6112 1835 1995 1812 2193 
6113 1842 1958 528 2402 
6114 353 351 440 2133 
6115 1624 1812 1963 2474 
6116 1856 2062 1671 2490 
6117 1674 2016 2050 2226 
6118 1779 1640 2227 2431 
6119 1626 1844 1825 2129 
6120 376 1820 421 2561 
6121 20 1756 1341 2342 
6122 584 2058 1758 2151 
6123 1875 1810 2199 2667 
6124 1999 2097 1846 2153 
6125 896 1853 769 2170 
6126 2058 2151 402 2510 
6127 1769 1888 1643 2017 
6128 2062 2490 1856 2590 
6129 1215 2246 2021 2359 
6130 1808 1681 2169 2262 
6131 1081 1062 407 1932 
6132 1639 1872 1840 2091 
6133 799 2057 1826 2637 
6134 1644 1897 1758 2549 
6135 797 2311 1743 2492 
6136 1898 1925 640 2514 
6137 469 2239 1768 2411 
6138 1856 1945 1737 2490 
6139 391 1062 1034 1932 
6140 965 958 1796 2406 
6141 1005 2393 2119 2626 
6142 2132 2329 1639 2344 
6143 642 636 1781 2569 
6144 1365 2002 1779 2126 
6145 2223 2305 1807 2484 
6146 1761 1975 1818 2251 
6147 1695 1807 1949 2452 
6148 1751 2313 2281 2650 
6149 1741 1996 1627 2085 
6150 1796 1674 2146 2406 
6151 460 459 450 2194 
6152 387 542 1982 2413 
6153 1667 1990 1972 2420 
6154 2069 2153 201 2613 
6155 368 2337 2029 2697 
6156 1739 2242 1677 2507 
6157 2066 2254 1636 2277 
6158 1164 1831 1165 2596 
6159 345 2064 1789 2551 
6160 1923 1768 2276 2682 
6161 1643 1888 1769 2184 
6162 1714 2233 1923 2272 
6163 2014 1701 2160 2302 
6164 1785 1988 1667 2091 
6165 1121 1766 2108 2487 
6166 1913 2045 1790 2458 
6167 1189 1814 1228 2065 
6168 1682 1918 1877 2104 
6169 1894 1949 1719 2443 
6170 881 885 1956 2281 
6171 537 1954 575 2454 
6172 1807 2223 1927 2305 
6173 1813 1680 2267 2351 
6174 231 1863 1944 2298 
6175 1749 2068 2086 2139 
6176 1884 2197 1680 2222 
6177 1686 2556 1960 2667 
6178 1032 2125 2134 2163 
6179 1883 2083 556 2156 
6180 1959 2197 1700 2378 
6181 1813 2267 1680 2378 
6182 439 1804 377 2244 
6183 1671 2038 1856 2392 
6184 202 2153 2097 2613 
6185 1774 2059 1966 2268 
6186 1640 1966 1761 2227 
6187 1773 2017 1871 2078 
6188 1239 1922 1241 2669 
6189 1755 2053 1879 2295 
6190 1743 2210 797 2492 
6191 1052 1087 918 2221 
6192 1669 1954 1789 2332 
6193 1899 2059 1640 2227 
6194 964 2119 1876 2318 
6195 797 2210 1743 2311 
6196 317 2045 358 2143 
6197 1668 2068 1873 2086 
6198 1651 1761 1966 2347 
6199 921 2171 930 2518 
6200 521 1998 520 2321 
6201 1774 2054 2001 2251 
6202 441 1062 407 1100 
6203 1813 1992 2267 2378 
6204 1280 1221 1312 2464 
6205 754 693 744 1934 
6206 1676 1996 1876 2389 
6207 1641 1812 1995 2193 
6208 898 909 850 1795 
6209 1631 1775 2231 2349 
6210 1924 2219 1731 2489 
6211 1748 2365 2167 2680 
6212 1827 2326 2317 2583 
6213 1641 1995 1835 2193 
6214 1960 2089 1686 2667 
6215 1769 2033 2495 2528 
6216 1622 1960 2212 2322 
6217 1942 2535 1852 2538 
6218 848 2560 1800 2610 
6219 1987 2129 1699 2180 
6220 636 2018 1781 2569 
6221 1966 1784 2028 2608 
6222 1784 2443 2290 2632 
6223 900 1853 842 2348 
6224 1985 2092 1737 2161 
6225 1795 2409 2298 2557 
6226 1818 2401 1651 2631 
6227 2001 2268 2112 2565 
6228 754 1934 744 2413 
6229 706 1947 400 2294 
6230 1035 2164 2078 2172 
6231 274 276 1913 2045 
6232 375 377 1756 2244 
6233 1874 2017 1888 2696 
6234 1881 2028 1633 2542 
6235 985 2078 1050 2390 
6236 1723 1926 1778 2616 
6237 1323 1321 2273 2533 
6238 1669 2274 1793 2332 
6239 1626 1825 1844 2090 
6240 1855 2333 2152 2399 
6241 1703 2050 1936 2270 
6242 1737 1856 2490 2590 
6243 1812 1963 1772 2687 
6244 2038 2062 1856 2590 
6245 1654 2001 2054 2251 
6246 1282 2099 720 2404 
6247 1813 2267 1881 2351 
6248 732 2196 2275 2638 
6249 921 931 2046 2518 
6250 1866 2224 2200 2621 
6251 1923 1696 2233 2375 
6252 943 1935 1834 2369 
6253 1832 1944 230 2144 
6254 2026 2051 1727 2343 
6255 1184 2038 1856 2590 
6256 926 769 1853 2170 
6257 1854 1652 2248 2471 
6258 674 673 2214 2299 
6259 1157 1227 2063 2241 
6260 1803 2284 1837 2600 
6261 1046 1811 2182 2243 
6262 1311 1224 1865 2099 
6263 2025 2254 1907 2277 
6264 1004 1001 1044 2283 
6265 1894 1784 2290 2632 
6266 1767 2382 2018 2514 
6267 1742 1810 2199 2419 
6268 1868 2140 1645 2267 
6269 402 2058 457 2151 
6270 1626 1987 1778 2180 
6271 1808 2169 1900 2262 
6272 1750 2102 1928 2201 
6273 1971 2119 1005 2393 
6274 1158 1162 1159 2131 
6275 1634 1985 2490 2642 
6276 1856 2038 1671 2062 
6277 1646 2167 2419 2508 
6278 1648 1993 2070 2565 
6279 799 2292 2057 2637 
6280 535 536 584 2058 
6281 1657 1991 2114 2176 
6282 1655 2262 1912 2282 
6283 1622 1916 2378 2522 
6284 934 935 933 2266 
6285 1753 1900 1884 2286 
6286 1887 2506 1713 2554 
6287 1883 2079 1849 2624 
6288 1817 1931 1726 2423 
6289 274 273 271 1790 
6290 228 229 2175 2423 
6291 1045 2221 988 2429 
6292 2041 2059 1754 2268 
6293 2080 2248 1943 2591 
6294 1848 2087 1666 2408 
6295 1792 2060 1746 2415 
6296 1226 2065 1863 2409 
6297 1756 1964 1857 2445 
6298 1623 1774 2039 2242 
6299 1224 1865 2099 2466 
6300 1793 2224 1866 2366 
6301 1737 2490 1985 2642 
6302 2008 2200 1641 2527 
6303 350 1903 422 2572 
6304 1636 2254 2025 2277 
6305 812 1826 811 2440 
6306 891 2428 858 2476 
6307 1724 2094 1822 2180 
6308 1788 2242 2135 2608 
6309 1787 2234 643 2593 
6310 893 865 828 1762 
6311 1632 1817 2081 2247 
6312 310 306 359 2450 
6313 1983 2060 1783 2169 
6314 1735 2087 1841 2659 
6315 1747 2093 2104 2619 
6316 1721 1999 1790 2613 
6317 311 1921 357 2355 
6318 1921 2133 1775 2678 
6319 903 2210 2544 2555 
6320 1726 2081 1817 2247 
6321 1801 1861 2479 2633 
6322 1067 2243 2182 2579 
6323 369 367 368 2029 
6324 1861 1985 1664 2117 
6325 1793 2441 1924 2489 
6326 928 2253 1055 2317 
6327 903 1797 2210 2555 
6328 1750 1838 2038 2198 
6329 1669 1883 1849 2179 
6330 1774 2039 1754 2268 
6331 1822 2094 1724 2131 
6332 1895 2338 2107 2494 
6333 1780 1680 2183 2197 
6334 228 2175 1817 2423 
6335 1681 1794 1983 2024 
6336 1623 2252 2268 2636 
6337 954 2346 1770 2588 
6338 1747 2104 2093 2451 
6339 1790 2153 2069 2613 
6340 1695 2264 1927 2305 
6341 1677 2154 1881 2594 
6342 1957 2157 1765 2174 
6343 1732 2344 2084 2428 
6344 2235 2300 1079 2436 
6345 1797 2544 2210 2555 
6346 940 2369 2109 2381 
6347 979 2266 1870 2307 
6348 2107 2338 2022 2494 
6349 777 1942 1850 2174 
6350 1853 2022 842 2348 
6351 281 280 2216 2504 
6352 1731 2328 428 2489 
6353 1831 2131 1724 2187 
6354 1690 1920 2012 2282 
6355 1697 2017 1833 2078 
6356 2021 2246 1733 2359 
6357 1749 1912 2262 2282 
6358 1724 1822 2131 2180 
6359 1631 2026 1775 2349 
6360 1654 1855 2159 2699 
6361 1664 1861 2117 2195 
6362 681 703 640 1925 
6363 230 2144 1944 2582 
6364 415 1989 1762 2697 
6365 1889 1939 1634 2314 
6366 1780 1868 2037 2183 
6367 1657 2114 1813 2176 
6368 1931 1944 230 2175 
6369 2149 2185 1886 2331 
6370 326 322 2366 2621 
6371 1884 2620 2077 2695 
6372 1961 1993 1706 2670 
6373 1626 1888 2180 2585 
6374 1921 2133 357 2355 
6375 1657 1960 1813 2114 
6376 1646 2442 1823 2502 
6377 1866 2008 1715 2398 
6378 1803 1223 2099 2466 
6379 2087 2408 1848 2519 
6380 687 690 730 1877 
6381 669 2214 2042 2612 
6382 1757 1907 2254 2277 
6383 1679 2225 1846 2278 
6384 1673 2017 1874 2696 
6385 1938 1962 1760 2573 
6386 1742 1908 2419 2508 
6387 1628 1983 2060 2204 
6388 392 2229 1712 2244 
6389 724 690 689 2230 
6390 1900 2012 1655 2286 
6391 1966 2059 2028 2443 
6392 271 274 1790 2256 
6393 1665 2157 1957 2174 
6394 1803 2099 1223 2464 
6395 1909 2060 1983 2204 
6396 1814 2065 1797 2145 
6397 878 2107 1989 2539 
6398 1228 2065 1814 2241 
6399 1954 2332 1841 2496 
6400 20 218 1756 2073 
6401 834 2304 2100 2666 
6402 1640 2041 2112 2268 
6403 1160 1250 2004 2196 
6404 1318 1216 2009 2021 
6405 1985 2530 2350 2602 
6406 1643 1952 1882 2448 
6407 1803 2301 1865 2639 
6408 1865 2301 1648 2639 
6409 1984 784 2088 2649 
6410 459 1782 460 2375 
6411 1064 1036 906 1904 
6412 1042 760 916 1911 
6413 1988 2088 784 2649 
6414 1779 2227 1899 2431 
6415 1870 2266 979 2518 
6416 1899 1640 2059 2431 
6417 1695 2287 1817 2291 
6418 18 211 2117 2530 
6419 1727 1973 1794 2116 
6420 1654 1774 2001 2152 
6421 799 1826 851 2162 
6422 1920 1995 1709 2478 
6423 1865 2301 1803 2466 
6424 1836 2003 998 2438 
6425 1769 2033 2181 2190 
6426 1679 1839 2225 2278 
6427 2041 2059 1640 2431 
6428 1765 779 2174 2538 
6429 814 2412 1942 2535 
6430 1169 962 1024 1862 
6431 805 884 906 1904 
6432 1757 1931 1817 2175 
6433 275 274 1913 2458 
6434 1785 2057 2050 2226 
6435 1814 2065 1656 2241 
6436 1633 2351 2290 2360 
6437 1622 1813 1960 2322 
6438 1818 2299 626 2382 
6439 1640 2112 2001 2268 
6440 1813 1693 1992 2215 
6441 1065 2172 1019 2359 
6442 1634 1945 1939 2490 
6443 1633 1991 1754 2176 
6444 649 2234 643 2364 
6445 1888 1952 1724 2180 
6446 1676 2338 2022 2348 
6447 1626 1778 2106 2180 
6448 421 1820 399 2186 
6449 1634 1939 1786 2490 
6450 1828 2192 1873 2308 
6451 931 933 2046 2518 
6452 1661 1999 1913 2045 
6453 1853 1676 2022 2348 
6454 2296 2508 2167 2680 
6455 2097 2153 1999 2613 
6456 741 720 614 2099 
6457 1884 1753 2077 2620 
6458 1846 2225 1839 2278 
6459 2175 2566 228 2700 
6460 1837 2404 2099 2464 
6461 1407 2055 2121 2223 
6462 274 2045 1790 2256 
6463 1894 2443 1719 2632 
6464 1703 2270 1936 2403 
6465 1929 2052 1665 2677 
6466 1622 1764 1916 2434 
6467 1686 2033 1950 2556 
6468 1756 2229 1964 2445 
6469 1762 2029 1902 2337 
6470 1730 2080 2248 2250 
6471 1653 2130 2158 2593 
6472 1913 1999 1790 2045 
6473 633 1787 2130 2364 
6474 1670 2202 2009 2609 
6475 1740 2502 2148 2605 
6476 1841 2087 1735 2505 
6477 1829 1079 2300 2436 
6478 848 1800 2162 2610 
6479 1784 1651 1979 2608 
6480 1321 481 2273 2418 
6481 1850 1665 2052 2677 
6482 1866 2008 1641 2353 
6483 1715 2008 1866 2353 
6484 1929 2085 1698 2107 
6485 1789 2274 1793 2366 
6486 994 2003 954 2326 
6487 655 1919 695 2657 
6488 1914 1651 2401 2631 
6489 1833 2017 1697 2190 
6490 1355 1885 2370 2435 
6491 1810 2267 1992 2378 
6492 1761 1966 1640 2251 
6493 980 984 1833 2078 
6494 1280 2047 1221 2464 
6495 2072 2449 361 2698 
6496 462 500 2233 2375 
6497 1829 2300 2235 2436 
6498 1622 2089 1764 2434 
6499 496 2185 2118 2468 
6500 1759 2087 2408 2659 
6501 834 835 2100 2304 
6502 1871 1874 1673 2017 
6503 1884 1900 2620 2695 
6504 624 633 1914 2364 
6505 1899 2227 1640 2431 
6506 1845 1982 1934 2413 
6507 1915 2221 1045 2429 
6508 1157 1863 1226 2241 
6509 1869 2090 1686 2103 
6510 1057 1317 2125 2564 
6511 279 2045 1896 2216 
6512 1649 1762 1902 2263 
6513 1209 1242 1197 2590 
6514 2056 2074 1805 2483 
6515 1764 1916 2434 2502 
6516 1755 2165 2053 2295 
6517 416 370 2218 2297 
6518 1207 2040 1871 2463 
6519 785 1957 779 2174 
6520 2098 2402 707 2433 
6521 1666 2408 2087 2659 
6522 1623 2152 1774 2242 
6523 20 2257 2499 2628 
6524 1759 2408 2087 2519 
6525 872 1804 2294 2570 
6526 2030 2250 1962 2410 
6527 1622 1872 2089 2434 
6528 820 1929 878 2107 
6529 1754 1991 1705 2025 
6530 1646 2211 2442 2502 
6531 20 1756 1964 2073 
6532 1769 1638 2033 2528 
6533 1797 1660 2210 2544 
6534 1775 1631 2231 2330 
6535 1387 1795 1388 2010 
6536 1902 2029 1649 2297 
6537 1646 1799 1908 2335 
6538 1732 2084 2372 2681 
6539 1961 2336 1736 2636 
6540 437 404 314 1904 
6541 1791 1993 1961 2670 
6542 642 1781 641 2275 
6543 230 2126 1832 2144 
6544 1230 1189 2065 2279 
6545 2132 2502 1740 2605 
6546 1941 2138 948 2417 
6547 1408 2298 1795 2409 
6548 1636 2066 2277 2288 
6549 1622 2285 1872 2434 
6550 1671 2038 2198 2432 
6551 323 2224 1793 2366 
6552 1690 2012 1859 2282 
6553 1673 1874 1871 2463 
6554 651 644 1849 2158 
6555 623 1914 2299 2401 
6556 1677 2039 1881 2542 
6557 2152 2333 1791 2399 
6558 1642 2049 1972 2264 
6559 1972 2049 1771 2264 
6560 1769 2017 1833 2190 
6561 1632 1972 1990 2420 
6562 1370 1837 1366 2047 
6563 1675 1853 1876 1996 
6564 604 1885 729 2612 
6565 2185 2468 1297 2592 
6566 923 2243 1067 2579 
6567 1903 2143 347 2256 
6568 812 851 799 1826 
6569 1756 2445 1857 2561 
6570 1797 1967 1660 2544 
6571 1651 1966 1784 2347 
6572 1666 2023 2193 2659 
6573 986 942 2128 2240 
6574 225 1807 2452 2461 
6575 1755 2133 1921 2355 
6576 1774 1654 2054 2152 
6577 1836 1678 2003 2438 
6578 1700 1959 1792 2563 
6579 1627 1823 1968 2136 
6580 811 1826 799 2057 
6581 1654 1855 1816 2159 
6582 715 1947 2294 2568 
6583 1282 614 720 2099 
6584 1740 2119 2393 2626 
6585 1984 2088 1988 2649 
6586 1789 2353 2064 2366 
6587 1629 2245 1864 2478 
6588 1809 2190 1833 2240 
6589 1800 1967 1660 1997 
6590 1733 1981 1796 2164 
6591 1842 2141 1637 2198 
6592 363 2072 361 2698 
6593 1781 1637 2232 2324 
6594 2009 2202 1800 2609 
6595 1705 1991 1754 2059 
6596 1728 2090 1960 2215 
6597 1277 1862 1308 2021 
6598 1703 1785 2050 2091 
6599 2141 2345 1855 2699 
6600 781 782 780 2372 
6601 552 491 1278 2098 
6602 1992 2199 1810 2667 
6603 921 931 1039 2046 
6604 1703 1990 1988 2091 
6605 1674 2226 1956 2283 
6606 674 1761 2214 2309 
6607 554 1893 1170 2380 
6608 347 422 350 1903 
6609 483 478 2087 2391 
6610 1652 2141 1855 2699 
6611 1312 1282 2404 2464 
6612 1724 1952 1801 2094 
6613 1829 2231 1678 2300 
6614 814 1942 778 2538 
6615 1832 2041 1887 2431 
6616 649 1917 2234 2364 
6617 1752 2149 1256 2660 
6618 556 2083 507 2156 
6619 1622 2212 1771 2322 
6620 815 891 858 2476 
6621 1622 2089 1872 2285 
6622 1654 1791 2001 2070 
6623 1785 1988 1703 2292 
6624 584 457 2058 2151 
6625 1785 1667 1988 2649 
6626 1764 2167 1875 2419 
6627 1629 1864 2082 2478 
6628 1945 1946 1778 2362 
6629 1799 2137 1718 2679 
6630 323 322 2224 2366 
6631 2049 2285 1872 2420 
6632 1751 1956 2226 2283 
6633 1301 2062 1953 2213 
6634 1648 1925 1767 2070 
6635 1863 2063 1722 2241 
6636 1893 1847 2525 2533 
6637 729 1885 735 2612 
6638 1219 1752 1256 2660 
6639 1906 2289 1993 2670 
6640 985 980 1050 2078 
6641 681 703 1925 2638 
6642 1631 1775 2026 2330 
6643 1676 1853 1996 2389 
6644 1896 2216 1727 2504 
6645 1833 2528 1809 2598 
6646 1649 1902 2297 2352 
6647 1011 2182 1009 2389 
6648 1397 1396 1377 2160 
6649 1654 2001 1791 2152 
6650 1735 1954 2332 2505 
6651 594 2427 505 2498 
6652 1842 2248 487 2327 
6653 1370 1366 1837 2404 
6654 466 469 2276 2411 
6655 1643 2017 1833 2598 
6656 559 455 612 1883 
6657 1735 2087 2023 2505 
6658 1700 2197 1959 2563 
6659 2015 2113 1747 2471 
6660 1185 2038 1838 2289 
6661 1672 1775 2026 2122 
6662 1695 1927 2287 2291 
6663 1633 2059 1991 2541 
6664 1770 2003 2105 2312 
6665 1641 2036 1793 2332 
6666 1833 1809 2266 2598 
6667 1952 2180 1888 2585 
6668 1936 2403 2270 2543 
6669 1888 2017 1874 2460 
6670 1809 2528 2266 2598 
6671 2027 2037 1868 2183 
6672 1863 2065 1226 2241 
6673 1722 2241 2063 2511 
6674 1896 1727 2026 2122 
6675 2200 2224 2072 2621 
6676 1912 2262 1655 2453 
6677 1815 1927 1701 2160 
6678 1228 1814 1189 2241 
6679 1407 1401 1381 2055 
6680 1765 2372 779 2538 
6681 1718 2137 1799 2513 
6682 1644 1999 1846 2153 
6683 1014 390 923 2579 
6684 1665 2085 1957 2265 
6685 1672 1921 1879 2295 
6686 1681 1891 1794 2024 
6687 721 2020 663 2158 
6688 1665 1909 2204 2653 
6689 275 274 276 1913 
6690 1841 2332 1954 2505 
6691 623 2299 1914 2640 
6692 206 2166 1777 2524 
6693 1734 1781 2232 2657 
6694 1952 2184 1710 2585 
6695 1799 1718 2383 2679 
6696 603 730 708 1877 
6697 342 2328 2274 2489 
6698 1853 1996 1675 2476 
6699 1658 1880 1827 2133 
6700 1724 1801 1952 2460 
6701 410 2294 1804 2570 
6702 1872 2089 1738 2420 
6703 900 896 842 1853 
6704 929 967 1870 2134 
6705 1640 2001 1767 2251 
6706 849 1955 847 2210 
6707 1738 1872 1840 2089 
6708 359 2450 306 2540 
6709 1793 1731 2274 2562 
6710 1854 1652 2141 2248 
6711 1840 2016 1663 2148 
6712 1839 1998 1679 2111 
6713 1744 2006 1828 2414 
6714 1705 2025 1907 2277 
6715 1753 2012 1900 2286 
6716 582 2303 1958 2327 
6717 1669 1793 2274 2562 
6718 460 1782 2194 2375 
6719 1967 1997 1287 2279 
6720 1671 1945 1856 2490 
6721 2099 2404 1282 2464 
6722 1623 2013 1938 2039 
6723 762 865 264 1989 
6724 1727 2236 2216 2444 
6725 1664 2117 1985 2195 
6726 1777 2166 206 2546 
6727 206 2524 1777 2546 
6728 1957 2084 1741 2493 
6729 1731 2441 2219 2562 
6730 1867 1913 1661 2576 
6731 2082 2154 1963 2474 
6732 2014 2100 835 2304 
6733 1637 1791 1994 2115 
6734 2089 2212 1738 2420 
6735 1979 2150 2075 2271 
6736 1812 2082 1963 2474 
6737 1819 1743 2311 2492 
6738 982 2125 1032 2163 
6739 1756 2229 375 2244 
6740 604 1345 1885 2612 
6741 1879 2053 1755 2540 
6742 604 735 729 1885 
6743 1639 2226 1806 2605 
6744 729 735 669 2612 
6745 1923 2233 1714 2276 
6746 1237 1223 2127 2466 
6747 2249 2408 2203 2517 
6748 1749 2262 1912 2453 
6749 1719 2059 1899 2227 
6750 1638 2167 2033 2495 
6751 329 424 2086 2186 
6752 1825 1869 1844 2090 
6753 1685 2007 1776 2485 
6754 1823 2434 1916 2502 
6755 954 2326 2005 2583 
6756 1850 2263 1830 2334 
6757 1841 2087 478 2391 
6758 1751 1971 1911 2281 
6759 1763 1930 2140 2517 
6760 1750 2198 2038 2432 
6761 621 2006 1905 2640 
6762 1718 1799 2383 2513 
6763 1756 2229 2445 2561 
6764 1657 1960 1869 2090 
6765 1854 2471 2248 2591 
6766 1651 1914 1864 2631 
6767 1655 2453 1891 2698 
6768 301 2294 410 2570 
6769 1933 2230 1682 2373 
6770 1647 1878 1831 2597 
6771 1068 1058 1007 1862 
6772 1978 1984 1785 2649 
6773 1661 2037 1999 2349 
6774 301 409 410 2294 
6775 1798 2594 2140 2687 
6776 1948 2020 1694 2219 
6777 1724 1888 2129 2696 
6778 552 597 2098 2120 
6779 1952 2106 1710 2581 
6780 1137 1865 1305 2196 
6781 1668 1776 1986 2192 
6782 1898 2099 1803 2284 
6783 1241 1240 1265 1822 
6784 1779 2126 1899 2370 
6785 606 1865 1137 2196 
6786 1659 1777 2546 2643 
6787 1838 2289 1734 2387 
6788 18 2034 1882 2195 
6789 930 929 967 1870 
6790 1919 1781 2275 2657 
6791 1712 1902 1830 2352 
6792 1830 1902 1649 2352 
6793 1647 1878 2238 2488 
6794 1887 2112 1684 2431 
6795 1693 1881 2039 2176 
6796 1637 1994 1791 2641 
6797 1672 2032 1921 2295 
6798 1644 1758 2225 2549 
6799 20 1783 2257 2628 
6800 1682 1917 1877 2230 
6801 1318 1277 1216 2021 
6802 1645 1810 1992 2199 
6803 1747 2451 2093 2516 
6804 402 457 563 2151 
6805 1674 1956 2226 2313 
6806 1646 1908 1799 2383 
6807 800 790 791 2084 
6808 1049 983 971 1937 
6809 1082 918 1087 2221 
6810 1690 1793 2200 2441 
6811 1729 2550 2031 2670 
6812 2057 2292 1826 2637 
6813 1673 1888 1844 2465 
6814 1873 2086 424 2186 
6815 1210 1862 1318 2009 
6816 1667 1988 1990 2091 
6817 1212 1871 1213 2463 
6818 1670 2021 2009 2202 
6819 1801 1952 1664 2094 
6820 1290 1795 2261 2409 
6821 526 1877 525 2645 
6822 1663 2211 1910 2495 
6823 1798 2140 1868 2267 
6824 1089 1093 2046 2524 
6825 1830 1902 1712 2396 
6826 1785 1984 1667 2649 
6827 773 810 822 1830 
6828 1848 2203 2177 2682 
6829 1177 1237 1223 2127 
6830 1936 2609 2202 2648 
6831 1650 1778 1987 2096 
6832 1856 2038 1184 2462 
6833 957 948 2138 2417 
6834 1678 2317 2003 2438 
6835 1881 1753 2222 2594 
6836 1635 1760 2030 2470 
6837 963 2138 1806 2417 
6838 983 933 1937 2046 
6839 1800 2202 1936 2609 
6840 554 1170 1893 2331 
6841 1716 2220 2184 2475 
6842 1694 2020 1948 2308 
6843 1898 1925 1865 2615 
6844 1159 1822 1240 2131 
6845 604 729 1345 2612 
6846 1762 2029 1717 2052 
6847 1828 1668 2068 2192 
6848 773 1830 822 2334 
6849 1647 1869 2481 2655 
6850 1913 2142 277 2458 
6851 1865 2615 1925 2638 
6852 1165 1831 1156 2596 
6853 651 645 644 2158 
6854 1648 2565 2336 2670 
6855 1733 1697 1981 2164 
6856 1629 1835 2245 2478 
6857 375 2229 1756 2561 
6858 1659 1777 2207 2546 
6859 621 620 2006 2640 
6860 1353 1776 2007 2485 
6861 204 2108 2178 2278 
6862 1794 1891 1681 2208 
6863 1878 2293 2238 2488 
6864 866 1911 1042 2281 
6865 1630 1900 1808 2188 
6866 1975 2044 1767 2112 
6867 539 1883 556 2454 
6868 1754 2039 2028 2176 
6869 1646 1764 2167 2211 
6870 1979 2075 1784 2271 
6871 1241 1822 1265 2217 
6872 1710 2581 2106 2584 
6873 1740 2119 1971 2393 
6874 1388 1795 1408 2298 
6875 1673 1844 1974 2465 
6876 1656 1797 2065 2145 
6877 921 1101 197 2171 
6878 1684 2044 1779 2431 
6879 1653 2130 2593 2652 
6880 1792 2204 1909 2653 
6881 1798 2140 1772 2687 
6882 1793 2274 1731 2489 
6883 1959 2197 1792 2563 
6884 1741 1957 2085 2265 
6885 1742 2199 1875 2419 
6886 1788 2054 1774 2608 
6887 672 2130 1948 2414 
6888 1869 1960 1657 2212 
6889 1915 2296 2124 2439 
6890 1001 963 2283 2393 
6891 1661 1980 2037 2515 
6892 1780 2037 1980 2515 
6893 1754 2041 2268 2532 
6894 1729 2031 2491 2670 
6895 1695 1771 2291 2558 
6896 823 2263 828 2677 
6897 1717 2029 1762 2697 
6898 1667 2088 1765 2617 
6899 1680 1810 2183 2378 
6900 1243 2217 1856 2669 
6901 432 1845 388 2274 
6902 1813 1992 1960 2215 
6903 1900 2012 1753 2620 
6904 1931 2423 229 2553 
6905 1238 1856 1243 2217 
6906 1240 1159 1265 1822 
6907 1725 2246 1981 2648 
6908 1952 2195 1882 2448 
6909 1666 2087 2023 2659 
6910 1757 2081 1931 2456 
6911 1684 1887 1832 2600 
6912 1803 2284 2600 2639 
6913 273 1790 274 2458 
6914 1674 2050 2057 2226 
6915 1154 2131 1240 2421 
6916 1832 2126 230 2566 
6917 1862 2168 890 2269 
6918 1397 1390 1815 2223 
6919 1931 2298 1944 2456 
6920 1663 2181 2033 2190 
6921 1862 2009 890 2168 
6922 349 2143 2011 2678 
6923 1647 1951 2293 2488 
6924 1068 1862 1007 2067 
6925 1661 1913 1867 2216 
6926 1712 2297 1902 2352 
6927 940 2109 987 2381 
6928 1993 2289 1706 2670 
6929 621 619 657 2214 
6930 496 2185 561 2205 
6931 2025 2252 1754 2306 
6932 1653 2158 1849 2593 
6933 2124 2296 1969 2439 
6934 1944 2298 1863 2456 
6935 1685 2042 2006 2214 
6936 1884 1900 1753 2620 
6937 687 1877 730 2559 
6938 1882 1952 1710 2584 
6939 1183 2038 1185 2289 
6940 312 1977 336 2053 
6941 1821 2546 2166 2643 
6942 524 2113 526 2607 
6943 1769 2495 1809 2528 
6944 1808 1900 1630 2536 
6945 878 1929 828 1989 
6946 1779 2227 1975 2309 
6947 1666 2177 1848 2408 
6948 1255 2000 1204 2425 
6949 500 462 512 2375 
6950 1685 1776 2042 2485 
6951 1773 2390 1871 2622 
6952 1225 1863 1157 2063 
6953 1775 2133 2547 2678 
6954 1819 1988 786 2311 
6955 1787 2593 2130 2652 
6956 777 1850 794 2174 
6957 1239 2031 1922 2669 
6958 1646 1799 2335 2521 
6959 1647 1831 1951 2512 
6960 1961 1946 2430 2636 
6961 1659 2207 2056 2546 
6962 1827 2317 996 2583 
6963 1239 1243 2031 2669 
6964 1747 2093 2023 2516 
6965 1751 2226 1956 2313 
6966 1062 1081 1096 1932 
6967 1771 2285 2049 2420 
6968 1138 763 1264 1967 
6969 1085 1890 207 2220 
6970 594 564 505 2427 
6971 1798 1881 1693 2658 
6972 1695 1771 2264 2291 
6973 2008 2391 1759 2659 
6974 1676 1904 2348 2389 
6975 857 804 1210 2009 
6976 1724 1952 2094 2180 
6977 1713 1944 1832 2144 
6978 360 277 2142 2458 
6979 1361 2370 1779 2435 
6980 1660 2238 1997 2279 
6981 671 663 2020 2308 
6982 1783 1983 1909 2060 
6983 1756 1947 1820 2416 
6984 1913 2398 2142 2458 
6985 768 1895 269 2529 
6986 2020 2158 1731 2219 
6987 1695 2291 2264 2305 
6988 1324 2525 2363 2533 
6989 1157 2063 1227 2511 
6990 1884 2077 1680 2197 
6991 1219 2407 1752 2660 
6992 830 2088 783 2302 
6993 398 762 264 1989 
6994 1628 2024 2116 2343 
6995 1882 2195 1952 2584 
6996 1675 2084 2428 2476 
6997 2009 2021 1216 2202 
6998 1647 2293 1878 2488 
6999 1841 2391 2008 2659 
7000 1276 962 1862 2627 
7001 1747 1918 2451 2516 
7002 995 996 2317 2583 
7003 387 328 542 2413 
7004 218 1756 2073 2416 
7005 2238 2293 1814 2488 
7006 1846 2153 202 2630 
7007 1814 1997 2238 2279 
7008 1649 2029 1762 2052 
7009 1909 2052 1850 2357 
7010 1947 2209 1820 2416 
7011 884 404 1904 2529 
7012 995 994 954 2326 
7013 1969 2296 2124 2601 
7014 1837 1803 2099 2284 
7015 1834 1935 943 2588 
7016 1939 1945 1745 2503 
7017 1999 2037 1688 2097 
7018 1869 1657 2254 2558 
7019 633 2130 1787 2593 
7020 1762 2052 1929 2677 
7021 1638 2365 2167 2495 
7022 2177 2203 1848 2408 
7023 1766 1679 2108 2321 
7024 1816 2071 1654 2159 
7025 1766 2203 1679 2321 
7026 1679 1766 2108 2203 
7027 1056 2269 1858 2406 
7028 741 2099 1837 2404 
7029 1908 2027 1810 2335 
7030 1679 1759 2111 2408 
7031 1625 2016 1840 2050 
7032 1684 2600 2284 2639 
7033 1793 2224 1924 2441 
7034 1814 2238 1997 2574 
7035 1637 1791 1993 2641 
7036 1676 1811 2389 2614 
7037 2088 2372 1765 2538 
7038 1649 2052 2204 2662 
7039 1092 2436 1915 2486 
7040 1997 2279 1814 2574 
7041 1712 2229 1860 2352 
7042 1656 2065 1814 2145 
7043 1679 2110 1759 2408 
7044 808 801 802 2022 
7045 1641 1995 1812 2527 
7046 1764 2033 1875 2167 
7047 2274 2328 1731 2489 
7048 782 1984 2088 2372 
7049 1652 2250 1943 2410 
7050 1673 1974 1888 2465 
7051 2050 2091 1785 2226 
7052 1669 2036 1793 2562 
7053 1655 2236 1891 2444 
7054 1667 1765 2424 2617 
7055 1804 2244 439 2570 
7056 229 230 2126 2566 
7057 1993 2070 1925 2575 
7058 1829 2124 1802 2589 
7059 619 2006 617 2042 
7060 1654 2001 2251 2684 
7061 1706 2038 1994 2392 
7062 1207 1871 1212 2463 
7063 1803 1898 1865 2615 
7064 1769 1697 2017 2190 
7065 1665 2052 1909 2357 
7066 1725 1936 2202 2648 
7067 1623 2039 2252 2306 
7068 1092 2124 1915 2436 
7069 982 2125 2163 2564 
7070 736 1873 667 2192 
7071 1679 1759 2110 2111 
7072 1928 1786 2213 2664 
7073 711 268 2020 2328 
7074 1317 1057 2125 2376 
7075 1186 1255 1204 2425 
7076 1679 1998 1839 2278 
7077 2199 2207 1777 2556 
7078 2207 2475 1777 2556 
7079 963 1806 2138 2283 
7080 1861 1985 1683 2161 
7081 1665 1850 2052 2357 
7082 347 2011 349 2143 
7083 1745 1945 2260 2362 
7084 1664 2094 1952 2180 
7085 1747 1918 2104 2451 
7086 1673 1888 2017 2696 
7087 1828 666 2192 2308 
7088 1672 2173 2026 2330 
7089 1789 2332 2353 2366 
7090 817 772 223 1965 
7091 1303 1928 448 2427 
7092 1762 2263 2052 2677 
7093 1734 2275 1781 2657 
7094 842 2022 1853 2476 
7095 1933 2230 724 2437 
7096 1292 1170 1893 2380 
7097 1676 1811 2182 2389 
7098 848 889 2560 2610 
7099 841 2057 1785 2313 
7100 1897 1715 2058 2549 
7101 303 2029 1860 2634 
7102 808 2022 802 2107 
7103 1829 1662 2124 2436 
7104 1814 2238 1878 2293 
7105 1664 2092 1861 2633 
7106 388 1845 1982 2274 
7107 1217 2213 1953 2468 
7108 1622 1875 2089 2667 
7109 1651 1905 2299 2347 
7110 1998 2108 1679 2321 
7111 1678 2011 1903 2231 
7112 1076 1903 2235 2572 
7113 1683 2185 2118 2205 
7114 1350 2126 230 2144 
7115 424 263 1873 2186 
7116 354 2058 1897 2377 
7117 1164 1165 1156 2596 
7118 704 2158 2130 2593 
7119 1943 1714 2276 2410 
7120 487 488 477 2248 
7121 1838 2038 1185 2571 
7122 231 230 1944 2582 
7123 584 595 2151 2320 
7124 329 2186 2086 2341 
7125 1856 1737 2217 2590 
7126 2306 2473 2025 2526 
7127 231 2144 230 2582 
7128 1622 1916 1810 2378 
7129 2030 2276 1714 2410 
7130 1107 201 2069 2153 
7131 2203 2249 1679 2408 
7132 1785 2057 841 2649 
7133 1646 2442 2383 2521 
7134 1813 2351 2322 2378 
7135 1639 1978 2226 2344 
7136 653 668 718 2186 
7137 1397 2160 1815 2644 
7138 1699 2129 1825 2512 
7139 2213 2468 509 2663 
7140 1909 2060 1792 2405 
7141 1627 2085 1996 2165 
7142 1144 2388 1220 2407 
7143 1996 2085 1741 2165 
7144 1743 2247 2081 2492 
7145 1624 1963 2154 2474 
7146 1818 2054 1654 2071 
7147 832 786 796 1819 
7148 1287 1997 1200 2279 
7149 1730 2201 1842 2248 
7150 1674 1806 2016 2226 
7151 1623 2013 2039 2306 
7152 1695 2114 1771 2558 
7153 691 1816 650 2437 
7154 1880 2243 417 2355 
7155 207 2524 206 2546 
7156 1664 1952 1801 2195 
7157 1670 2009 1862 2168 
7158 1706 2031 2550 2670 
7159 1859 2012 1655 2282 
7160 2332 2353 1841 2496 
7161 1204 2000 1253 2622 
7162 665 1828 666 2192 
7163 969 2371 1876 2389 
7164 1762 1649 2052 2263 
7165 1183 1185 1180 2289 
7166 1655 1891 2236 2698 
7167 1706 2289 1993 2641 
7168 1971 2393 2283 2605 
7169 1691 2049 1872 2424 
7170 1833 2078 984 2240 
7171 1305 1266 1208 2466 
7172 1819 1743 1990 2311 
7173 1947 1804 2294 2568 
7174 1673 1888 1974 2017 
7175 1317 2376 2125 2564 
7176 1865 1898 1803 2639 
7177 1961 1994 1791 2430 
7178 1651 1784 2075 2347 
7179 1941 2128 942 2240 
7180 1882 2195 2034 2448 
7181 1876 1996 1853 2389 
7182 1362 1355 1885 2370 
7183 1670 1796 1981 2146 
7184 1303 448 549 2427 
7185 1860 2297 1712 2352 
7186 1805 2056 1659 2106 
7187 1727 2122 1896 2504 
7188 1766 2108 1998 2321 
7189 1633 2290 1949 2360 
7190 1843 2051 1672 2480 
7191 1789 2454 1982 2551 
7192 1678 1903 2011 2253 
7193 1804 2416 2342 2623 
7194 1817 2175 1931 2423 
7195 1702 1958 1919 2686 
7196 1730 2080 1939 2340 
7197 1871 2078 1733 2172 
7198 1860 2229 1964 2352 
7199 830 1852 2088 2302 
7200 584 2151 1758 2320 
7201 1633 2443 2059 2541 
7202 1654 2071 1816 2569 
7203 1702 2402 1958 2686 
7204 430 333 2064 2501 
7205 1366 2047 1837 2693 
7206 2363 2525 1847 2533 
7207 1727 2444 2216 2515 
7208 1736 2268 2001 2565 
7209 2442 2513 2383 2521 
7210 1009 2371 969 2389 
7211 1865 1906 1648 2301 
7212 18 199 1882 2379 
7213 1777 2166 1969 2524 
7214 1701 2160 1927 2287 
7215 307 2086 1857 2341 
7216 867 769 1030 2170 
7217 1636 2254 2066 2526 
7218 1639 1872 2091 2147 
7219 1734 2196 1906 2575 
7220 451 1839 1105 2320 
7221 2049 2147 1872 2424 
7222 1998 2111 1839 2599 
7223 1778 1945 2362 2654 
7224 1723 2473 2306 2526 
7225 651 2158 1849 2469 
7226 20 1808 2257 2477 
7227 1625 2016 2050 2146 
7228 1677 2135 2242 2608 
7229 564 2102 506 2201 
7230 1808 1681 2262 2323 
7231 1239 1152 1240 1922 
7232 1958 2402 1842 2686 
7233 1303 1136 448 1928 
7234 1012 1904 2182 2389 
7235 2048 2058 1715 2549 
7236 577 2303 2327 2607 
7237 1036 1064 961 1904 
7238 2078 2164 1733 2172 
7239 1741 1996 2022 2476 
7240 558 1893 481 2418 
7241 906 1036 805 1904 
7242 673 1905 621 2214 
7243 1755 1879 1921 2295 
7244 1356 740 1346 2002 
7245 1740 2148 2393 2605 
7246 1189 2241 1814 2293 
7247 1797 1660 2145 2210 
7248 20 2257 2007 2477 
7249 1622 2378 1959 2522 
7250 1862 2009 1210 2627 
7251 998 2003 997 2438 
7252 812 799 811 1826 
7253 832 1819 796 2302 
7254 479 2023 2505 2516 
7255 714 1820 718 2186 
7256 2033 2190 1769 2495 
7257 602 446 728 2373 
7258 1977 413 2206 2579 
7259 1849 2158 644 2593 
7260 1655 2024 1884 2343 
7261 1653 2130 1948 2158 
7262 1771 2114 1695 2264 
7263 1622 1960 1813 2667 
7264 782 1984 784 2088 
7265 428 2020 268 2328 
7266 1695 1927 2291 2305 
7267 1084 1836 922 2438 
7268 1819 1972 1852 2617 
7269 1968 2132 1732 2329 
7270 1655 1859 2282 2509 
7271 1129 1782 2194 2205 
7272 1840 2016 1625 2325 
7273 1685 2075 2188 2632 
7274 552 597 491 2098 
7275 1803 1177 2127 2464 
7276 414 417 2243 2355 
7277 221 1964 2342 2352 
7278 198 197 2134 2525 
7279 1730 2141 1842 2198 
7280 810 1902 824 2263 
7281 1714 2250 2030 2410 
7282 1660 1797 2145 2279 
7283 1691 1823 1968 2329 
7284 1679 2110 1846 2225 
7285 1624 2154 1963 2594 
7286 336 2053 1977 2206 
7287 1655 2343 1884 2444 
7288 1012 2348 1904 2389 
7289 1634 2260 1945 2362 
7290 1917 2104 1687 2245 
7291 20 1964 221 2352 
7292 2056 2207 1777 2546 
7293 1788 2333 2152 2699 
7294 2026 2343 1727 2515 
7295 1809 1769 2190 2495 
7296 1819 1852 2088 2617 
7297 1827 1880 1658 2583 
7298 740 1346 2002 2435 
7299 718 1986 1820 2209 
7300 1654 2251 2054 2684 
7301 1842 1958 1707 2327 
7302 811 1826 2057 2440 
7303 1648 1906 1865 2575 
7304 1738 1840 2091 2270 
7305 639 2382 1975 2514 
7306 1675 1911 2170 2428 
7307 1635 1930 2470 2482 
7308 1676 1996 1853 2022 
7309 627 630 2071 2382 
7310 1243 2031 1856 2462 
7311 1640 1767 2001 2112 
7312 612 739 1883 2661 
7313 1951 2241 1233 2293 
7314 1687 1917 1877 2104 
7315 1052 918 1045 2221 
7316 536 584 1758 2320 
7317 1797 1230 2065 2279 
7318 1243 1856 2031 2669 
7319 1821 2166 1930 2643 
7320 1763 1930 1821 2166 
7321 731 2309 1885 2435 
7322 2007 2257 1808 2477 
7323 1681 1983 1860 2628 
7324 421 1820 2186 2341 
7325 557 1272 489 2331 
7326 1239 1241 1243 2669 
7327 936 935 934 1809 
7328 1945 1745 1994 2392 
7329 1675 1971 1911 2344 
7330 2038 2198 1838 2641 
7331 228 1817 2175 2700 
7332 1773 2000 1874 2689 
7333 20 1964 1756 2342 
7334 1810 1700 1916 2335 
7335 18 2034 199 2379 
7336 1712 1860 2229 2297 
7337 1688 2097 2037 2255 
7338 613 1873 263 2186 
7339 461 508 459 2118 
7340 1814 2145 1797 2279 
7341 1357 2126 1899 2566 
7342 2011 2143 1903 2231 
7343 1675 2084 2344 2428 
7344 1696 1821 1976 2483 
7345 482 520 2111 2321 
7346 1727 2343 2024 2444 
7347 2018 2071 630 2382 
7348 232 1863 2063 2582 
7349 691 650 1816 2569 
7350 608 740 1356 2002 
7351 292 1794 2208 2358 
7352 1657 1869 2212 2558 
7353 1879 2076 310 2692 
7354 1783 2169 2060 2604 
7355 1667 1972 1819 2617 
7356 444 415 2337 2697 
7357 1711 1892 1859 2527 
7358 1806 1663 2016 2148 
7359 1877 1917 1687 2559 
7360 674 675 673 2299 
7361 1779 2309 678 2435 
7362 704 1948 672 2130 
7363 1657 1813 1960 2215 
7364 1737 2490 1945 2654 
7365 1655 2024 2343 2444 
7366 645 644 2158 2593 
7367 1842 2402 528 2498 
7368 1018 2164 1941 2240 
7369 1643 2017 1888 2460 
7370 956 1876 969 2371 
7371 834 902 2304 2666 
7372 2145 2210 1660 2403 
7373 219 2073 1986 2209 
7374 1010 2005 955 2371 
7375 1715 2008 1841 2391 
7376 1796 1941 1697 2325 
7377 980 1833 951 2307 
7378 1765 2174 2157 2357 
7379 1721 2037 2255 2349 
7380 1622 1771 2285 2322 
7381 602 1933 446 2373 
7382 1778 2096 1945 2654 
7383 1665 2157 2174 2357 
7384 1177 1803 1223 2464 
7385 349 347 350 2011 
7386 1937 2365 1890 2528 
7387 1670 2168 1862 2269 
7388 1792 1959 1700 2522 
7389 1631 2027 1908 2335 
7390 807 2057 799 2292 
7391 2014 2100 1701 2302 
7392 1808 1900 1689 2188 
7393 893 828 823 2263 
7394 1939 2490 1945 2503 
7395 1689 1900 1808 2169 
7396 1233 2241 1951 2511 
7397 1755 2355 1921 2540 
7398 2056 2106 1805 2584 
7399 1345 1362 1355 1885 
7400 1397 1377 1393 1927 
7401 1742 2446 2027 2601 
7402 2025 2254 1636 2526 
7403 1632 1972 2420 2558 
7404 539 556 498 2454 
7405 20 221 2055 2352 
7406 207 1890 1085 2524 
7407 1690 2200 1793 2224 
7408 482 2321 2111 2519 
7409 2109 2369 1834 2680 
7410 1644 1758 2153 2225 
7411 1844 1686 2090 2103 
7412 1628 2204 2060 2563 
7413 1625 2050 1840 2270 
7414 1872 2049 1667 2147 
7415 813 2313 1956 2440 
7416 706 715 1947 2294 
7417 1669 1934 1845 1982 
7418 1099 1093 1077 2220 
7419 978 1911 2170 2354 
7420 1903 1932 1678 2235 
7421 1649 2204 1983 2662 
7422 1878 2293 1831 2523 
7423 1817 1907 1757 2700 
7424 1722 2066 1951 2397 
7425 1976 2362 1634 2654 
7426 1664 1801 2094 2633 
7427 202 1829 1079 2300 
7428 380 2086 1873 2315 
7429 718 1820 755 2209 
7430 1783 2055 20 2500 
7431 1682 1918 2104 2113 
7432 1137 1311 1266 1865 
7433 292 2208 287 2358 
7434 1142 232 1143 2047 
7435 1623 2252 2013 2306 
7436 1840 1872 1738 2091 
7437 976 2067 965 2164 
7438 1931 2081 1656 2456 
7439 426 427 2020 2497 
7440 1823 1691 2136 2522 
7441 735 1885 2214 2612 
7442 1868 2027 1688 2037 
7443 2030 2177 1739 2472 
7444 1862 2067 1670 2269 
7445 1728 2259 1992 2643 
7446 439 410 1804 2570 
7447 1727 2216 1896 2515 
7448 1945 1745 2392 2430 
7449 1776 2006 1685 2042 
7450 1844 2090 1869 2103 
7451 1024 962 1068 1862 
7452 1798 2140 1930 2517 
7453 1731 2274 1845 2328 
7454 1992 2215 1693 2259 
7455 648 405 297 2413 
7456 769 926 1853 2348 
7457 1676 2348 1853 2389 
7458 1682 1933 2373 2607 
7459 1217 1297 2468 2592 
7460 1154 1240 1152 2421 
7461 323 1793 2274 2366 
7462 200 2256 1790 2613 
7463 1285 1200 1287 2560 
7464 1181 1856 1184 2462 
7465 1671 1856 1945 2392 
7466 1381 1407 2055 2121 
7467 1783 1689 2169 2604 
7468 2109 2369 1748 2381 
7469 2022 2107 1741 2493 
7470 617 2042 1776 2586 
7471 1675 2119 1971 2132 
7472 1697 1871 2017 2078 
7473 666 665 637 1828 
7474 1979 2028 1784 2608 
7475 451 1105 1839 2599 
7476 537 575 538 2454 
7477 383 1924 325 2315 
7478 822 1850 794 2334 
7479 1728 1992 2199 2643 
7480 1729 2127 1887 2301 
7481 1904 2338 1676 2348 
7482 1648 2070 1767 2565 
7483 960 1144 2163 2388 
7484 1638 2495 2033 2528 
7485 1712 1964 2229 2352 
7486 1716 1890 2220 2475 
7487 1678 1932 1903 2572 
7488 1948 2130 704 2158 
7489 1780 2026 1631 2037 
7490 2022 2338 843 2348 
7491 626 627 1818 2382 
7492 1626 1888 1844 2129 
7493 1689 1949 1894 2290 
7494 1759 2391 2008 2549 
7495 1763 1821 1930 2482 
7496 800 791 801 2084 
7497 1649 2297 1860 2352 
7498 1058 1007 1862 2269 
7499 1722 1951 2066 2488 
7500 1835 2036 1641 2332 
7501 1906 2301 1865 2466 
7502 1816 650 2437 2569 
7503 1641 1835 1995 2036 
7504 1781 1637 2324 2399 
7505 834 902 835 2304 
7506 935 1809 936 2381 
7507 2032 2137 1799 2679 
7508 674 2214 1885 2309 
7509 1901 1908 2508 2679 
7510 20 2499 1964 2628 
7511 2060 2204 1792 2563 
7512 1658 2137 2032 2679 
7513 1341 2342 1756 2416 
7514 575 1789 2496 2551 
7515 2116 2563 2051 2635 
7516 1755 1921 2032 2295 
7517 1659 1821 1976 2470 
7518 547 515 2080 2340 
7519 1819 2100 796 2302 
7520 2001 2565 1791 2636 
7521 2184 2528 1769 2598 
7522 1970 1660 2210 2403 
7523 1360 2370 1885 2426 
7524 1708 2221 1915 2429 
7525 1637 2141 2115 2198 
7526 1010 1811 1046 2243 
7527 1655 1912 2453 2698 
7528 781 779 2372 2538 
7529 886 2160 1389 2644 
7530 1657 2176 1813 2215 
7531 1854 1652 2471 2699 
7532 2123 2294 1804 2568 
7533 1932 2235 1903 2572 
7534 1637 2141 1842 2686 
7535 2030 2177 1768 2361 
7536 967 2125 1870 2134 
7537 711 2020 721 2328 
7538 1284 2009 1216 2202 
7539 1823 2136 2521 2522 
7540 1007 2067 1862 2269 
7541 1780 1884 2197 2343 
7542 1684 2112 2044 2431 
7543 1324 1323 2525 2533 
7544 1829 1678 2231 2312 
7545 1625 1936 2050 2270 
7546 1960 1992 1813 2667 
7547 1360 1885 2101 2426 
7548 1846 1999 1688 2097 
7549 1842 1707 1958 2686 
7550 1919 1958 1702 2433 
7551 1678 2231 1903 2300 
7552 2029 2337 1762 2697 
7553 1792 1700 2136 2522 
7554 1874 2187 1167 2463 
7555 1994 2198 2038 2641 
7556 1854 2471 2345 2699 
7557 2264 2291 1972 2305 
7558 1821 2470 1930 2482 
7559 1768 2276 2030 2410 
7560 1038 1911 978 2354 
7561 1660 2145 1814 2279 
7562 1657 2090 1869 2254 
7563 2152 2268 2001 2636 
7564 1785 1984 1978 2147 
7565 1230 1189 1228 2065 
7566 979 951 2266 2307 
7567 1741 2085 2107 2494 
7568 1705 2043 2566 2700 
7569 1875 2033 1638 2167 
7570 635 630 631 2018 
7571 1336 2123 1804 2416 
7572 1340 2342 2416 2623 
7573 1707 2327 1933 2607 
7574 642 1919 655 2228 
7575 675 1975 629 2382 
7576 1639 2502 2132 2605 
7577 1638 1890 2365 2528 
7578 1707 2303 1933 2327 
7579 1927 2223 1815 2305 
7580 1930 2482 1635 2517 
7581 1700 1792 2136 2563 
7582 281 2216 1896 2504 
7583 1407 1401 2055 2223 
7584 1726 2081 2247 2492 
7585 1814 2238 1660 2279 
7586 582 528 501 2327 
7587 1739 1962 1938 2242 
7588 1672 2116 2051 2635 
7589 1082 1087 1095 2221 
7590 1850 2334 1830 2603 
7591 1906 2196 1865 2575 
7592 631 2018 630 2382 
7593 1037 2163 1847 2388 
7594 1750 2038 1838 2571 
7595 1960 2114 1657 2212 
7596 2126 2144 1350 2693 
7597 345 2366 386 2551 
7598 982 2163 1028 2564 
7599 1656 2065 1797 2557 
7600 1746 2264 1949 2360 
7601 1913 1867 2449 2576 
7602 1920 2441 1995 2478 
7603 1933 2327 2303 2607 
7604 285 1794 292 2358 
7605 273 2069 1790 2458 
7606 1894 2007 225 2461 
7607 1806 2283 963 2393 
7608 645 2158 704 2593 
7609 292 1794 285 2634 
7610 359 2053 2450 2540 
7611 1788 1774 2152 2242 
7612 896 842 1853 2476 
7613 920 384 266 1880 
7614 1782 2074 1111 2194 
7615 1779 1684 2002 2044 
7616 18 1805 2117 2195 
7617 557 489 598 2331 
7618 369 1902 2297 2337 
7619 263 1873 613 2497 
7620 1336 2416 1804 2623 
7621 1897 354 2377 2501 
7622 736 667 666 2192 
7623 1924 2224 1690 2441 
7624 1803 1898 2284 2639 
7625 1774 1966 2251 2268 
7626 1001 1971 1000 2393 
7627 1294 1797 1230 2065 
7628 874 1895 768 2529 
7629 1669 1793 2036 2332 
7630 2011 2547 2133 2678 
7631 1936 2050 1826 2146 
7632 1815 2305 2223 2484 
7633 1640 2251 1966 2268 
7634 1017 2005 1010 2583 
7635 1804 2123 1336 2623 
7636 424 1873 380 2086 
7637 2321 2411 1923 2682 
7638 1716 2475 2184 2528 
7639 1691 1968 2136 2265 
7640 2108 2249 2178 2278 
7641 2305 2405 1807 2484 
7642 1652 1962 2250 2410 
7643 1670 1862 2009 2021 
7644 1625 2016 2146 2325 
7645 1869 1738 2103 2212 
7646 1792 1691 2415 2522 
7647 1654 2152 1791 2399 
7648 1654 2054 1788 2159 
7649 1224 1266 1865 2466 
7650 2066 2488 1951 2512 
7651 325 1924 2139 2315 
7652 887 2302 2160 2535 
7653 1682 2015 2345 2471 
7654 1686 1875 2033 2556 
7655 301 869 2294 2570 
7656 1674 2057 1956 2313 
7657 1121 2108 1998 2487 
7658 788 2311 797 2492 
7659 1852 1972 1819 2302 
7660 1899 2043 228 2566 
7661 225 2007 1894 2485 
7662 1644 1790 1999 2153 
7663 1643 1874 2017 2460 
7664 1637 1791 2115 2399 
7665 1649 1909 1983 2204 
7666 1688 1999 1846 2368 
7667 877 2261 1261 2577 
7668 287 2208 1891 2358 
7669 508 2118 461 2663 
7670 706 400 327 2294 
7671 1639 1806 2148 2605 
7672 1755 2137 1811 2614 
7673 1762 2337 415 2697 
7674 1772 2408 2249 2517 
7675 958 2138 1796 2406 
7676 1792 2357 2157 2653 
7677 1837 2284 1684 2600 
7678 1277 1276 1169 1862 
7679 775 822 794 2334 
7680 1960 2556 1728 2667 
7681 1905 2214 673 2299 
7682 1739 1963 1938 2472 
7683 1652 2080 1943 2250 
7684 2026 2173 2051 2183 
7685 1648 1898 1865 2639 
7686 558 481 1893 2273 
7687 1934 2454 1883 2661 
7688 1724 2131 2129 2180 
7689 1770 1662 2105 2508 
7690 1981 2246 1733 2648 
7691 656 691 650 2437 
7692 1353 2042 1371 2586 
7693 1670 1858 2168 2269 
7694 1727 1973 2122 2504 
7695 2250 2260 1962 2573 
7696 1644 1846 1999 2368 
7697 1944 2144 1713 2582 
7698 2044 2112 1898 2514 
7699 1705 1899 2431 2566 
7700 2068 2139 1749 2625 
7701 1914 2130 1787 2364 
7702 1819 1990 1743 2683 
7703 1688 2027 1868 2394 
7704 1805 2106 2581 2584 
7705 974 1847 1069 2134 
7706 1671 2062 2038 2432 
7707 487 1842 494 2201 
7708 1816 1781 2228 2324 
7709 417 2133 1880 2355 
7710 649 2234 1917 2559 
7711 1850 1909 1649 2052 
7712 345 431 386 2366 
7713 1632 1907 1817 2291 
7714 1770 1901 2003 2312 
7715 1265 1163 2092 2094 
7716 1062 407 391 441 
7717 1723 1825 2473 2526 
7718 1685 2007 1894 2188 
7719 1838 2198 1750 2455 
7720 1686 2089 1960 2212 
7721 369 2297 1902 2629 
7722 1661 2037 1980 2095 
7723 1853 2022 1996 2476 
7724 1951 2397 2066 2512 
7725 1985 1683 2350 2530 
7726 642 1781 2228 2569 
7727 886 1391 1389 2160 
7728 1748 2369 2109 2680 
7729 18 1882 2034 2379 
7730 888 891 760 1911 
7731 1994 2392 1745 2430 
7732 1798 1930 2395 2472 
7733 2189 2318 2119 2442 
7734 1753 2351 2290 2542 
7735 1646 1916 1823 2521 
7736 1143 1225 1157 2063 
7737 1674 2050 1826 2057 
7738 1698 2107 2085 2494 
7739 1019 2172 1140 2359 
7740 232 1143 2047 2582 
7741 1243 1238 1181 1856 
7742 1938 1963 1798 2472 
7743 1794 1973 1727 2358 
7744 666 1828 637 2308 
7745 1134 200 270 2069 
7746 1176 2462 2289 2491 
7747 351 440 1827 2253 
7748 1662 2124 1915 2296 
7749 1919 1958 698 2618 
7750 1657 2025 2306 2473 
7751 1373 2007 20 2257 
7752 1397 1389 2160 2644 
7753 1667 1819 2088 2617 
7754 416 392 370 2297 
7755 1975 2044 639 2514 
7756 1818 2251 1975 2382 
7757 1719 1949 1894 2694 
7758 761 1391 886 2160 
7759 1709 2271 2154 2286 
7760 1623 2333 2430 2636 
7761 1671 2038 1994 2198 
7762 2159 1816 2567 2656 
7763 1848 1666 2087 2239 
7764 1671 1945 1994 2392 
7765 649 643 633 2364 
7766 567 445 571 1877 
7767 204 2178 1109 2278 
7768 1189 2293 1814 2574 
7769 266 417 353 1880 
7770 1962 2030 1760 2260 
7771 299 1857 307 2155 
7772 1265 1159 1163 2094 
7773 1648 1865 1898 2575 
7774 382 2020 383 2315 
7775 1787 1914 1864 2652 
7776 1243 1856 1181 2462 
7777 1635 2177 2030 2472 
7778 1639 2148 2502 2605 
7779 516 464 1923 2276 
7780 1833 2307 1773 2689 
7781 1009 1011 1046 2182 
7782 891 2170 1911 2428 
7783 781 2372 780 2538 
7784 1801 2195 1952 2448 
7785 1819 2088 1852 2302 
7786 2026 2051 1780 2183 
7787 1876 2371 1811 2389 
7788 1373 20 2007 2477 
7789 797 1970 2210 2311 
7790 199 1099 1102 1882 
7791 1651 1818 2054 2251 
7792 201 200 1107 2069 
7793 1978 1984 1732 2147 
7794 1634 1945 2490 2654 
7795 1974 2017 1888 2465 
7796 1901 2508 1770 2679 
7797 1841 2332 1641 2353 
7798 1875 2199 1638 2556 
7799 2047 2582 1143 2675 
7800 1627 2136 1968 2265 
7801 388 1845 297 2413 
7802 1844 1888 1673 2696 
7803 1747 2104 2015 2619 
7804 1869 2090 1825 2254 
7805 1014 923 1067 2579 
7806 1684 1779 2002 2126 
7807 881 1956 813 2313 
7808 278 280 1867 2216 
7809 1833 2078 1773 2307 
7810 2050 2091 1840 2270 
7811 467 476 2080 2591 
7812 732 2275 696 2638 
7813 1802 2124 1662 2601 
7814 1650 1987 1822 2096 
7815 1745 2260 2250 2573 
7816 1230 1797 1293 2279 
7817 1653 1849 2531 2593 
7818 1744 2150 1864 2652 
7819 1660 2162 1970 2544 
7820 1938 1623 2039 2242 
7821 1913 2310 1661 2576 
7822 373 366 2356 2697 
7823 1318 1210 1277 1862 
7824 1056 1858 1053 2406 
7825 1714 2030 2250 2260 
7826 1933 2345 1707 2607 
7827 1710 1950 2184 2475 
7828 1775 2547 2011 2678 
7829 729 669 2042 2612 
7830 1125 447 2061 2487 
7831 983 931 933 2046 
7832 467 2080 1943 2591 
7833 1805 2056 208 2074 
7834 896 769 1853 2348 
7835 2177 2280 1666 2384 
7836 922 1836 1084 2486 
7837 536 2320 1758 2552 
7838 1797 1660 1967 2279 
7839 1665 1929 2085 2386 
7840 1646 2383 1799 2521 
7841 856 1967 848 2560 
7842 1715 2008 2391 2549 
7843 1788 2135 2054 2608 
7844 1654 2018 1781 2070 
7845 1630 2237 2068 2374 
7846 1797 2145 1955 2210 
7847 1823 2434 1691 2522 
7848 1081 407 1062 1100 
7849 1028 1057 982 2564 
7850 626 629 627 2382 
7851 1901 2003 1678 2547 
7852 822 2263 1850 2334 
7853 1677 2028 2039 2542 
7854 639 631 2382 2514 
7855 1629 2104 2093 2619 
7856 755 718 714 1820 
7857 1646 2167 2508 2680 
7858 676 677 1975 2309 
7859 335 336 312 1977 
7860 651 1849 644 2624 
7861 1675 1876 1853 2354 
7862 1708 2296 1915 2439 
7863 325 1924 319 2139 
7864 479 2023 473 2087 
7865 1665 1850 2174 2677 
7866 1218 2163 1144 2407 
7867 1631 2183 2027 2335 
7868 1235 2062 1928 2432 
7869 415 398 264 1989 
7870 1644 1892 2008 2110 
7871 872 2294 869 2570 
7872 1798 2395 1938 2472 
7873 1955 2145 1797 2557 
7874 286 347 2143 2256 
7875 485 1954 498 2156 
7876 995 2326 954 2583 
7877 1864 1914 1787 2422 
7878 1349 1899 1357 2370 
7879 1665 2676 1929 2677 
7880 891 1911 888 2428 
7881 1697 1941 1796 2164 
7882 1050 1773 2307 2376 
7883 1820 2341 421 2561 
7884 1753 1784 2271 2542 
7885 1656 1797 2145 2557 
7886 1745 2250 1962 2573 
7887 1758 1897 2069 2510 
7888 1954 2496 1841 2505 
7889 1249 2120 2098 2587 
7890 227 1927 2287 2452 
7891 1908 2335 1810 2419 
7892 356 2672 2143 2678 
7893 1817 1757 2175 2700 
7894 224 225 2007 2461 
7895 1915 2124 1662 2436 
7896 1782 2118 459 2205 
7897 1009 956 969 2371 
7898 1723 2013 1946 2252 
7899 651 2179 1849 2624 
7900 1854 1707 2345 2607 
7901 1623 2152 2333 2636 
7902 1803 2099 1898 2615 
7903 1654 2018 2071 2569 
7904 2134 2163 2125 2564 
7905 424 423 263 2186 
7906 1140 2172 1291 2359 
7907 1251 1167 2187 2463 
7908 649 688 2234 2559 
7909 1736 2035 1961 2252 
7910 1698 1879 2295 2386 
7911 1649 2352 1860 2628 
7912 20 2073 1964 2499 
7913 867 896 769 2170 
7914 1728 2215 1992 2259 
7915 1721 2231 1829 2300 
7916 1757 2254 2066 2277 
7917 1671 1994 1945 2503 
7918 1649 2029 2052 2662 
7919 1125 447 572 2061 
7920 308 300 307 2155 
7921 978 1911 1038 2170 
7922 1818 1651 2054 2631 
7923 445 2083 1877 2645 
7924 1739 2177 2030 2361 
7925 1989 2107 1698 2539 
7926 1874 2000 1643 2689 
7927 1808 1630 2237 2536 
7928 1222 1223 2099 2464 
7929 1651 1966 2251 2608 
7930 1984 1988 1667 2649 
7931 558 566 1893 2418 
7932 1396 2160 2014 2287 
7933 1663 2148 1910 2211 
7934 1124 1998 1121 2108 
7935 701 2433 2004 2587 
7936 1730 2115 2141 2198 
7937 881 885 759 1956 
7938 348 317 358 2143 
7939 446 551 728 2373 
7940 891 760 1911 2170 
7941 1218 2191 2163 2407 
7942 1850 2052 1649 2263 
7943 2068 2237 1828 2374 
7944 1705 2431 2041 2566 
7945 2058 1758 2151 2510 
7946 1694 2139 2068 2625 
7947 1784 2188 2075 2632 
7948 18 208 1805 2584 
7949 1010 1009 1811 2371 
7950 1708 1969 2296 2439 
7951 1651 2251 2054 2608 
7952 1783 2461 2257 2604 
7953 1782 1696 2074 2194 
7954 1769 2017 1974 2465 
7955 1958 2402 1702 2433 
7956 1788 2054 1654 2152 
7957 637 1828 665 2534 
7958 1793 1690 2224 2441 
7959 1808 1681 2323 2499 
7960 1784 1753 2290 2542 
7961 963 957 2138 2417 
7962 1833 2266 951 2307 
7963 698 707 2402 2433 
7964 2060 2604 2169 2695 
7965 1777 1659 2207 2643 
7966 407 1932 391 2572 
7967 1865 1925 1898 2575 
7968 1359 1345 729 2612 
7969 1684 1779 2126 2431 
7970 1077 1085 207 2220 
7971 1136 1928 1235 2213 
7972 1827 2011 351 2253 
7973 1798 1693 1938 2658 
7974 1657 1907 1991 2025 
7975 1784 2290 2028 2542 
7976 957 947 948 2417 
7977 1638 2258 2167 2365 
7978 1791 2430 2333 2636 
7979 624 1914 623 2401 
7980 1081 1932 407 2572 
7981 280 1867 2216 2236 
7982 920 1013 384 1880 
7983 1887 2127 1713 2600 
7984 584 563 457 2151 
7985 1797 2065 1294 2261 
7986 1701 2247 2014 2423 
7987 1945 2392 1946 2430 
7988 732 696 2196 2638 
7989 1776 2534 617 2586 
7990 1773 2078 1871 2390 
7991 1870 2125 967 2307 
7992 1890 2475 1716 2528 
7993 1667 1984 1785 2147 
7994 1745 1962 2250 2333 
7995 1107 1119 201 2153 
7996 1783 2500 2461 2604 
7997 202 201 2153 2613 
7998 373 2356 2692 2697 
7999 1887 2301 2127 2600 
8000 1628 2060 2169 2695 
8001 1301 1953 1217 2213 
8002 1985 2117 1683 2530 
8003 577 2327 544 2607 
8004 1690 1995 1920 2441 
8005 1157 1226 1227 2241 
8006 588 2111 520 2599 
8007 1787 1917 2245 2422 
8008 1676 2182 1904 2389 
8009 1292 1893 2331 2407 
8010 1783 20 2257 2500 
8011 1975 2251 1767 2684 
8012 1668 1986 1776 2477 
8013 1691 1872 2147 2424 
8014 1865 2196 606 2638 
8015 1633 2290 2351 2542 
8016 1860 1649 2029 2297 
8017 1680 2077 1884 2222 
8018 734 2559 2083 2624 
8019 1677 2082 1963 2507 
8020 1849 2234 1687 2531 
8021 1783 1807 2060 2405 
8022 1829 1678 2235 2300 
8023 1769 1888 2017 2465 
8024 1266 1311 1224 1865 
8025 1278 2098 1249 2120 
8026 1767 1898 2112 2514 
8027 2127 1237 2466 2491 
8028 1822 2217 1922 2669 
8029 1895 1698 2107 2539 
8030 1734 2289 1906 2387 
8031 1798 2395 1930 2658 
8032 2028 2290 1784 2443 
8033 1682 1877 1917 2104 
8034 344 1897 354 2058 
8035 2025 2252 2526 2532 
8036 718 660 1986 2209 
8037 2234 2245 1687 2531 
8038 1655 1900 1884 2024 
8039 2213 2663 509 2664 
8040 576 1982 542 2413 
8041 349 356 2143 2678 
8042 1671 2102 2198 2503 
8043 1786 2468 2213 2663 
8044 1631 2026 1780 2183 
8045 1945 1994 1745 2503 
8046 986 934 951 2266 
8047 708 571 1877 2373 
8048 1102 1882 1099 2220 
8049 1790 1999 2153 2613 
8050 1689 1783 2257 2604 
8051 1656 1814 2019 2145 
8052 1062 1096 973 1932 
8053 1975 2227 1761 2309 
8054 1679 2111 1848 2408 
8055 635 640 1925 2514 
8056 813 1956 821 2440 
8057 1280 1372 1142 2047 
8058 1794 2356 285 2634 
8059 1702 1842 2402 2686 
8060 1089 1085 1093 2524 
8061 280 284 278 1867 
8062 849 2261 1797 2555 
8063 421 2186 338 2341 
8064 691 2071 1816 2567 
8065 1626 1844 1888 2465 
8066 1376 1931 229 2553 
8067 890 804 2009 2627 
8068 1748 2211 2167 2495 
8069 381 1873 263 2497 
8070 1663 2190 2033 2495 
8071 1069 2134 1847 2163 
8072 1828 2192 665 2534 
8073 304 2445 2229 2561 
8074 1137 1266 1305 1865 
8075 1801 2034 2195 2448 
8076 561 2185 1886 2205 
8077 1692 1909 1850 2357 
8078 1900 1808 2262 2536 
8079 1881 2222 1680 2594 
8080 1922 2031 1239 2459 
8081 1730 1939 2102 2340 
8082 2167 1742 2296 2365 
8083 1884 2077 1753 2222 
8084 1360 1362 1885 2370 
8085 1623 1946 2013 2252 
8086 1270 2241 1189 2293 
8087 1698 2076 1879 2386 
8088 1179 1176 2289 2491 
8089 760 916 1911 2170 
8090 1649 1860 1983 2628 
8091 515 471 547 2080 
8092 2283 2393 1806 2605 
8093 1388 2010 1795 2298 
8094 1774 2054 1788 2152 
8095 1709 1812 1995 2474 
8096 1678 1903 2253 2572 
8097 1714 1939 1889 2314 
8098 627 2071 1818 2382 
8099 380 2139 2086 2315 
8100 1678 1836 2235 2438 
8101 1076 2235 1903 2300 
8102 335 311 2355 2540 
8103 1696 1923 2233 2272 
8104 1727 2236 1891 2358 
8105 893 1762 2263 2337 
8106 1630 2075 1784 2188 
8107 1667 1988 1819 1990 
8108 1763 2482 1930 2517 
8109 1752 2149 1886 2331 
8110 1665 2204 2386 2653 
8111 1168 1801 2425 2479 
8112 1992 2643 2259 2658 
8113 324 326 322 2366 
8114 675 639 629 1975 
8115 830 783 832 2302 
8116 1808 2323 2262 2536 
8117 2057 2292 841 2649 
8118 940 937 2369 2381 
8119 1630 1784 2075 2271 
8120 1977 2355 1755 2540 
8121 1859 1892 1711 2576 
8122 2169 2499 2257 2628 
8123 1791 2333 2152 2636 
8124 1966 2059 1640 2268 
8125 1701 2287 1927 2291 
8126 1734 2275 2196 2638 
8127 1709 1979 1864 2082 
8128 1842 2198 1637 2686 
8129 1684 1898 2044 2112 
8130 1768 2177 2030 2682 
8131 903 849 1797 2555 
8132 20 1808 2477 2499 
8133 1840 1625 2181 2325 
8134 1150 1152 1922 2421 
8135 1796 1981 1697 2164 
8136 672 2130 2414 2640 
8137 1665 2174 2676 2677 
8138 1646 1823 2442 2521 
8139 2104 2245 1917 2422 
8140 2051 2480 1843 2563 
8141 866 888 760 1911 
8142 1894 2188 2007 2257 
8143 1878 2040 1725 2545 
8144 1972 2264 1771 2291 
8145 1748 1910 2211 2495 
8146 286 2143 2045 2256 
8147 1696 2375 1782 2602 
8148 2029 2356 366 2697 
8149 1235 1234 2062 2432 
8150 1819 1988 1667 2088 
8151 626 1818 627 2401 
8152 1646 2335 1916 2521 
8153 1626 1950 2090 2465 
8154 2142 2398 1897 2458 
8155 1801 2094 1168 2319 
8156 1111 2074 1782 2530 
8157 1894 1689 2188 2257 
8158 954 2005 1017 2583 
8159 567 1877 526 2645 
8160 456 555 1299 2213 
8161 954 945 2346 2588 
8162 1687 1877 1918 2104 
8163 1721 1790 2045 2256 
8164 1624 1859 1892 2474 
8165 370 2218 2297 2629 
8166 1630 2188 1784 2620 
8167 225 2485 1894 2694 
8168 1698 2085 1929 2386 
8169 1698 1989 1929 2107 
8170 1888 1952 1643 2460 
8171 877 898 2261 2577 
8172 264 444 415 2337 
8173 1057 2125 982 2564 
8174 1734 2196 2004 2387 
8175 1630 1784 2271 2620 
8176 1631 1780 2037 2183 
8177 1740 2189 2119 2442 
8178 1920 1653 2150 2374 
8179 762 828 865 1989 
8180 323 2274 431 2366 
8181 1822 1650 2096 2669 
8182 2150 2374 1653 2652 
8183 1706 1994 1961 2392 
8184 1006 1056 1053 2406 
8185 277 2142 1913 2449 
8186 2111 2408 1759 2519 
8187 358 2045 286 2143 
8188 1791 2333 2115 2399 
8189 1720 2159 2567 2656 
8190 1803 2099 1865 2466 
8191 1784 1753 2271 2290 
8192 2233 2272 1714 2314 
8193 377 376 375 2561 
8194 1786 2350 1634 2490 
8195 1822 2094 1664 2180 
8196 1038 1911 1004 2281 
8197 1061 1836 998 2438 
8198 1815 1701 1927 2305 
8199 1706 2491 2031 2670 
8200 1249 2098 1313 2587 
8201 1906 2289 1208 2387 
8202 1808 2073 1668 2477 
8203 2257 2461 1783 2500 
8204 1857 1964 1756 2499 
8205 2034 2117 1861 2195 
8206 1650 1961 1946 2430 
8207 2230 2567 1816 2656 
8208 858 2428 2084 2476 
8209 1927 1701 2291 2305 
8210 1292 1893 1170 2331 
8211 2041 2112 1887 2431 
8212 1250 1306 2004 2387 
8213 1660 2403 1936 2543 
8214 1408 1402 2298 2409 
8215 567 526 525 2645 
8216 735 1885 674 2214 
8217 1804 2342 1965 2623 
8218 1145 2047 1143 2675 
8219 1867 2449 2072 2698 
8220 908 1895 819 2539 
8221 718 755 660 2209 
8222 2001 2070 1791 2565 
8223 1848 2408 2111 2519 
8224 1723 2013 1926 2616 
8225 198 2134 1847 2525 
8226 1623 1962 2152 2242 
8227 857 1210 1262 2009 
8228 1719 2443 1949 2541 
8229 734 2083 739 2624 
8230 1683 1985 1861 2117 
8231 2003 2317 997 2438 
8232 1637 1993 1791 2399 
8233 1791 1994 2115 2430 
8234 1866 2398 1715 2501 
8235 1100 1062 1081 1096 
8236 1652 2115 1855 2141 
8237 345 1789 2366 2551 
8238 1622 1813 2378 2667 
8239 777 1942 2174 2538 
8240 445 1877 567 2645 
8241 651 1849 2179 2469 
8242 1624 1812 2474 2687 
8243 304 2229 375 2561 
8244 1668 2086 1873 2186 
8245 613 263 423 2186 
8246 1193 2038 1184 2432 
8247 1397 1393 1390 2223 
8248 229 230 1350 2126 
8249 1654 2070 1781 2399 
8250 326 2366 1866 2621 
8251 1835 2079 2036 2332 
8252 1630 2150 2075 2374 
8253 1087 1915 1052 2486 
8254 2163 2191 1847 2407 
8255 1711 1859 2200 2527 
8256 1745 1946 1945 2362 
8257 1687 2079 1849 2531 
8258 352 2011 351 2133 
8259 691 2230 1816 2437 
8260 698 707 1958 2402 
8261 1695 1949 2264 2360 
8262 1626 2090 1844 2465 
8263 1156 1831 1165 2523 
8264 1709 2012 1920 2150 
8265 790 2084 800 2681 
8266 1861 2034 1752 2117 
8267 1701 1972 1819 2247 
8268 1855 2115 2333 2399 
8269 1632 2291 1972 2558 
8270 1966 2028 1784 2443 
8271 763 856 1264 1967 
8272 516 2276 1923 2411 
8273 1691 1792 2136 2522 
8274 1995 2441 2036 2478 
8275 1299 1297 456 2468 
8276 1674 2016 1796 2146 
8277 2345 2471 2015 2699 
8278 1645 2643 1992 2658 
8279 1665 1909 2052 2204 
8280 1968 1691 2329 2424 
8281 2237 2323 1808 2536 
8282 526 524 525 2113 
8283 1968 2265 1691 2424 
8284 1816 2071 691 2569 
8285 351 433 440 2253 
8286 1939 2260 1634 2314 
8287 822 1850 2263 2677 
8288 1682 2345 1854 2471 
8289 657 673 621 2214 
8290 1696 2314 2375 2602 
8291 777 2174 779 2538 
8292 1678 1829 2235 2312 
8293 482 519 520 2321 
8294 1907 2254 1657 2558 
8295 1906 1993 1734 2575 
8296 1843 2386 2204 2653 
8297 1782 2205 1129 2530 
8298 1822 2096 2217 2669 
8299 822 794 1850 2677 
8300 1836 1662 2105 2312 
8301 1983 2024 1628 2169 
8302 1798 1963 1772 2472 
8303 1299 1217 1297 2468 
8304 896 1853 900 2348 
8305 1798 1938 2395 2658 
8306 1684 2126 2002 2693 
8307 668 2186 653 2192 
8308 1681 2024 1983 2169 
8309 1711 2200 1866 2398 
8310 1653 2531 2478 2652 
8311 1709 2012 2271 2286 
8312 1744 2006 1905 2075 
8313 1696 1976 2074 2483 
8314 206 1969 2166 2524 
8315 1693 1938 2013 2039 
8316 1771 2420 1972 2558 
8317 1839 1758 2225 2630 
8318 1697 1981 1796 2325 
8319 890 2009 1862 2627 
8320 1649 2052 1909 2204 
8321 1995 2036 1835 2478 
8322 1987 2096 1778 2180 
8323 679 639 2044 2514 
8324 1659 1930 1821 2470 
8325 1396 2014 1394 2287 
8326 1792 1691 2157 2415 
8327 1721 1903 2231 2300 
8328 281 279 1896 2216 
8329 1721 1790 2256 2613 
8330 1709 2150 1920 2478 
8331 1353 2007 1776 2477 
8332 1292 2388 1893 2407 
8333 1676 2053 1977 2614 
8334 1784 2188 1894 2290 
8335 1783 2060 1807 2604 
8336 2078 2172 1871 2390 
8337 1831 2293 1951 2596 
8338 1676 2206 2053 2494 
8339 1650 1946 1945 2392 
8340 1650 1822 1922 2669 
8341 1675 2132 1971 2344 
8342 1645 2199 1992 2643 
8343 1633 2028 2290 2542 
8344 2092 2161 1861 2633 
8345 1650 2392 1961 2430 
8346 813 881 821 1956 
8347 575 596 2454 2551 
8348 1888 2460 1874 2696 
8349 1803 1865 2099 2615 
8350 1707 1854 2327 2607 
8351 1633 2290 2028 2443 
8352 536 595 584 2320 
8353 1150 2421 1922 2459 
8354 1650 1946 2392 2430 
8355 343 2069 273 2458 
8356 1806 2226 1674 2283 
8357 1627 2085 2136 2265 
8358 1122 2320 1115 2630 
8359 417 353 1880 2133 
8360 1692 1850 1942 2357 
8361 2203 2411 2321 2682 
8362 1753 2154 2286 2594 
8363 2127 2459 1149 2491 
8364 2169 2604 1689 2695 
8365 1839 2278 1998 2599 
8366 1118 2061 568 2194 
8367 951 980 984 1833 
8368 297 1845 432 2328 
8369 203 202 1846 2097 
8370 1826 2168 1858 2440 
8371 684 2044 2002 2284 
8372 1181 1184 2038 2462 
8373 285 2356 1794 2358 
8374 1743 2210 2145 2403 
8375 698 1958 1919 2433 
8376 639 1975 677 2044 
8377 314 1904 404 2579 
8378 1689 2257 1894 2461 
8379 1881 2267 1680 2351 
8380 485 2505 2156 2516 
8381 1832 1944 1713 2506 
8382 1638 2475 1950 2556 
8383 1665 2157 2357 2653 
8384 924 2269 767 2580 
8385 1624 1868 2095 2222 
8386 1715 1841 2008 2353 
8387 510 509 2468 2663 
8388 1792 2060 1909 2204 
8389 1753 2286 2222 2594 
8390 2152 2242 1962 2333 
8391 1298 1278 1249 2120 
8392 1663 2190 1941 2325 
8393 1043 2046 983 2221 
8394 1814 2279 1189 2574 
8395 20 221 1964 2342 
8396 203 1079 202 1829 
8397 2068 2323 2237 2536 
8398 1668 2073 1808 2323 
8399 1696 2272 2233 2314 
8400 2000 2319 1801 2425 
8401 203 2097 1846 2178 
8402 198 1847 2134 2379 
8403 203 2178 1846 2278 
8404 1892 2474 1812 2687 
8405 1752 2331 1893 2407 
8406 791 790 785 1957 
8407 1057 1268 1317 2564 
8408 773 2334 2121 2665 
8409 814 776 1942 2412 
8410 507 2156 2083 2645 
8411 1244 2376 2000 2622 
8412 1811 2355 1755 2614 
8413 1806 1663 2148 2417 
8414 2203 2408 2177 2517 
8415 1836 2235 1829 2312 
8416 210 1129 2205 2530 
8417 881 840 2281 2650 
8418 903 2210 846 2544 
8419 1238 1184 1181 1856 
8420 1795 2261 898 2577 
8421 1306 1160 1250 2004 
8422 1303 549 1302 2427 
8423 1880 2005 1658 2583 
8424 742 744 693 1934 
8425 1780 2051 2026 2343 
8426 232 2063 1143 2582 
8427 1679 2249 2108 2278 
8428 205 204 2108 2520 
8429 1129 1782 1111 2194 
8430 2153 2225 1758 2630 
8431 2127 2301 1803 2600 
8432 2216 2236 1867 2444 
8433 1829 2312 2231 2367 
8434 1901 2326 2003 2547 
8435 1734 1838 2232 2641 
8436 1827 1658 2133 2547 
8437 1811 1676 2182 2614 
8438 1209 2062 1242 2590 
8439 787 2311 2292 2637 
8440 198 2363 1847 2379 
8441 1326 2418 1321 2533 
8442 1111 1782 1129 2530 
8443 379 1891 293 2155 
8444 1650 1945 1856 2392 
8445 814 776 778 1942 
8446 1767 2112 2044 2514 
8447 1691 2136 1792 2653 
8448 1294 1293 1230 1797 
8449 1829 2235 1836 2436 
8450 1299 1136 1217 2213 
8451 1822 2096 1987 2180 
8452 1292 2380 1893 2388 
8453 1910 2148 1663 2417 
8454 1785 2091 1667 2147 
8455 1890 1937 1716 2046 
8456 739 2083 1883 2624 
8457 1825 2129 1844 2512 
8458 1382 2409 1408 2577 
8459 1954 2156 485 2505 
8460 886 892 2160 2644 
8461 1955 2010 850 2666 
8462 970 1005 1971 2119 
8463 1722 1863 2241 2456 
8464 1032 2125 967 2134 
8465 539 1883 2454 2661 
8466 2034 18 2363 2671 
8467 1780 2343 2026 2515 
8468 554 1170 1281 2380 
8469 1697 1974 2017 2385 
8470 1793 2224 323 2489 
8471 597 2098 2120 2402 
8472 1736 2252 1961 2636 
8473 1808 1668 2237 2477 
8474 1827 2133 2011 2547 
8475 309 389 433 2253 
8476 323 2274 1793 2489 
8477 1239 1150 1152 1922 
8478 1400 1382 1408 2577 
8479 1776 2237 1668 2477 
8480 1849 1687 2234 2624 
8481 1679 1848 2111 2321 
8482 1096 1932 1074 2438 
8483 1083 1079 2235 2300 
8484 2090 2215 1926 2473 
8485 1826 1674 2057 2440 
8486 563 313 402 2151 
8487 1977 2053 1676 2206 
8488 1896 2026 1727 2515 
8489 1678 2253 1932 2572 
8490 490 576 542 2413 
8491 1895 2107 819 2539 
8492 1673 1974 1940 2385 
8493 1710 2106 2056 2584 
8494 982 1032 1028 2163 
8495 1812 1772 2280 2687 
8496 1701 2287 2247 2423 
8497 1050 1773 2376 2390 
8498 1735 1841 2193 2659 
8499 1994 2038 1706 2641 
8500 1781 2232 1919 2324 
8501 1693 1813 2176 2215 
8502 1682 2345 2230 2437 
8503 1711 2200 2398 2527 
8504 1143 2582 2063 2675 
8505 1668 1828 2068 2237 
8506 1682 1933 2345 2437 
8507 199 1102 18 1882 
8508 1674 1796 2138 2406 
8509 1142 1143 1145 2047 
8510 325 383 319 1924 
8511 904 850 909 2010 
8512 1870 2307 2266 2598 
8513 1623 2430 2333 2573 
8514 1736 1887 2041 2565 
8515 482 1848 2321 2519 
8516 1742 2296 1969 2601 
8517 1868 2095 1688 2140 
8518 1625 1974 2325 2385 
8519 745 740 2002 2435 
8520 1682 2113 2015 2471 
8521 487 528 1842 2327 
8522 1656 2081 1955 2145 
8523 890 1862 2269 2627 
8524 559 556 1883 2083 
8525 1028 1268 1057 2564 
8526 515 2080 2340 2606 
8527 658 2559 734 2624 
8528 1649 1983 2603 2628 
8529 478 479 2087 2505 
8530 1971 2283 1751 2605 
8531 1740 2119 2318 2442 
8532 502 1127 2151 2320 
8533 1960 2215 1992 2667 
8534 898 850 849 2261 
8535 1809 2128 936 2381 
8536 1118 572 568 2061 
8537 1627 2137 1996 2189 
8538 1732 1984 1978 2681 
8539 1788 2242 2152 2333 
8540 1909 1983 1783 2603 
8541 204 2178 2108 2520 
8542 2115 2333 1791 2430 
8543 284 361 2449 2698 
8544 2127 2464 1177 2675 
8545 1625 2325 1981 2385 
8546 1887 2112 2041 2565 
8547 1667 2147 2049 2424 
8548 229 1931 230 2175 
8549 787 2292 793 2637 
8550 1700 2480 2051 2563 
8551 1805 2581 1778 2654 
8552 1819 1990 1988 2311 
8553 2083 2234 1687 2624 
8554 639 629 1975 2382 
8555 742 1934 693 2179 
8556 1244 1283 2000 2376 
8557 1935 2508 2383 2588 
8558 1798 2267 1881 2658 
8559 1642 1792 2157 2415 
8560 1943 2276 468 2447 
8561 1719 2043 1899 2059 
8562 1899 2043 1705 2059 
8563 1895 2053 2206 2494 
8564 1037 960 2163 2388 
8565 1857 2155 299 2445 
8566 820 828 878 1929 
8567 537 2496 1954 2505 
8568 1714 2080 1943 2276 
8569 1787 2245 2234 2531 
8570 1837 2099 741 2284 
8571 1955 2081 1743 2145 
8572 1365 2002 1346 2435 
8573 1629 1864 2245 2422 
8574 1689 1783 2169 2257 
8575 1764 2434 1872 2502 
8576 936 986 942 2128 
8577 231 1944 1863 2582 
8578 954 993 945 2588 
8579 1823 2136 1627 2521 
8580 1647 1940 1878 2597 
8581 1639 2344 2226 2605 
8582 1718 2005 2383 2679 
8583 1841 2008 1641 2659 
8584 1757 1944 1931 2175 
8585 963 1806 2393 2417 
8586 815 858 2084 2476 
8587 830 2088 1852 2538 
8588 1199 2217 2092 2590 
8589 660 220 1986 2209 
8590 1625 1936 1981 2146 
8591 1765 2157 1957 2265 
8592 1643 1882 1870 2448 
8593 2383 2508 1770 2588 
8594 1657 2473 2254 2526 
8595 1901 2231 1631 2330 
8596 1623 2152 1962 2333 
8597 874 2338 1895 2529 
8598 1079 1829 203 2436 
8599 1136 1235 1301 2213 
8600 1731 1845 2274 2562 
8601 1627 2480 2032 2513 
8602 588 2111 1839 2552 
8603 1679 2111 1998 2321 
8604 1716 2266 1937 2528 
8605 1937 2266 1809 2528 
8606 1000 1001 1003 1971 
8607 968 956 964 1876 
8608 531 1841 478 2391 
8609 1891 1655 2262 2453 
8610 1648 1898 1925 2575 
8611 1691 2147 1872 2329 
8612 1703 1988 1990 2311 
8613 221 2352 2342 2690 
8614 1705 2043 1899 2566 
8615 764 773 2121 2665 
8616 1641 1812 2193 2527 
8617 615 660 220 1986 
8618 391 1932 429 2572 
8619 1303 1236 1928 2427 
8620 989 1834 943 2588 
8621 989 953 1834 2588 
8622 989 943 953 2588 
8623 1292 1281 1170 2380 
8624 1292 2331 1295 2407 
8625 1914 2299 1905 2640 
8626 1755 2053 1977 2540 
8627 1741 2165 2085 2494 
8628 1817 2287 228 2423 
8629 1185 2038 1183 2571 
8630 1806 2016 1663 2417 
8631 772 1965 817 2396 
8632 1826 2050 1674 2146 
8633 684 2002 747 2284 
8634 1846 2110 1644 2225 
8635 1625 2050 1936 2146 
8636 1647 2066 2019 2481 
8637 1690 2282 1859 2509 
8638 1653 1920 2219 2374 
8639 1349 228 1357 1899 
8640 1780 1980 1884 2343 
8641 1627 1968 2085 2265 
8642 1822 2092 1265 2217 
8643 1631 1901 1908 2367 
8644 1657 2254 2025 2526 
8645 605 2020 427 2497 
8646 998 1061 1059 1836 
8647 558 481 566 2418 
8648 1629 1835 2093 2245 
8649 1787 2245 1864 2422 
8650 1703 2311 1990 2403 
8651 1641 2008 1841 2353 
8652 1897 2142 354 2501 
8653 2019 2081 1757 2456 
8654 342 428 2328 2489 
8655 478 2087 1841 2505 
8656 1069 1847 1037 2163 
8657 1780 1980 2343 2444 
8658 1684 2144 1837 2600 
8659 1705 1991 1907 2025 
8660 18 2195 1882 2584 
8661 205 1969 2124 2520 
8662 850 847 849 1955 
8663 1787 2234 1917 2364 
8664 1861 1752 2149 2671 
8665 282 2236 280 2504 
8666 588 1839 2111 2599 
8667 229 228 1385 2423 
8668 432 297 388 1845 
8669 2258 2296 1742 2365 
8670 1297 2185 586 2468 
8671 1705 2041 2025 2277 
8672 1812 2280 1892 2687 
8673 1919 2232 1781 2657 
8674 1971 2132 1740 2605 
8675 1028 2163 1304 2564 
8676 1144 1289 1220 2388 
8677 2095 2140 1868 2687 
8678 20 2477 2073 2499 
8679 1797 2065 1814 2279 
8680 1881 2351 1753 2542 
8681 874 768 862 2529 
8682 2086 2186 1668 2341 
8683 529 528 2402 2498 
8684 284 1867 280 2698 
8685 1046 1010 1009 1811 
8686 1293 1797 1294 2555 
8687 306 1879 310 2692 
8688 1836 2312 1829 2436 
8689 1669 1982 1845 2274 
8690 870 1858 2168 2440 
8691 856 1264 1967 2560 
8692 1781 1816 2228 2569 
8693 1849 2179 1883 2624 
8694 1663 1941 2016 2325 
8695 467 2276 2080 2606 
8696 1388 1408 1402 2298 
8697 1685 2188 1894 2632 
8698 1748 2128 1910 2495 
8699 1096 973 1932 2438 
8700 540 2496 2064 2551 
8701 1744 2075 2150 2374 
8702 1955 2081 1726 2492 
8703 1653 2219 1948 2374 
8704 1655 1980 1884 2286 
8705 345 385 2064 2551 
8706 2032 2137 1627 2513 
8707 1857 1756 2073 2499 
8708 1645 2140 1868 2394 
8709 1734 2232 1993 2641 
8710 1397 1815 1390 2644 
8711 1250 2196 1208 2387 
8712 1654 1818 2071 2684 
8713 1831 2129 1724 2131 
8714 1624 2095 1868 2687 
8715 1685 2006 1905 2214 
8716 1732 1978 2344 2428 
8717 1645 1868 2027 2394 
8718 1681 1964 1860 2445 
8719 2127 2466 2301 2491 
8720 1883 1934 1669 2454 
8721 1834 2508 2296 2680 
8722 794 2174 1850 2677 
8723 1034 1062 973 1932 
8724 773 774 2121 2334 
8725 1712 2297 2218 2629 
8726 1975 2382 2251 2684 
8727 1782 1696 2194 2375 
8728 1964 2229 1756 2342 
8729 2154 2271 1753 2286 
8730 1369 1366 2404 2457 
8731 1653 2036 2441 2478 
8732 383 382 428 2020 
8733 1797 2261 1294 2555 
8734 1678 2003 1901 2312 
8735 2034 2117 18 2671 
8736 202 201 1119 2153 
8737 1820 1986 1668 2073 
8738 1894 2485 2101 2694 
8739 806 800 2084 2681 
8740 993 954 994 2003 
8741 1231 1287 1200 2279 
8742 1229 1288 1290 2409 
8743 1867 2236 280 2698 
8744 970 1005 1003 1971 
8745 1894 2188 1689 2290 
8746 1701 1819 1972 2302 
8747 1649 1983 1909 2603 
8748 1238 1184 1856 2590 
8749 1707 1816 2324 2345 
8750 1682 2230 1933 2437 
8751 1945 1946 1745 2430 
8752 1118 1125 572 2061 
8753 698 655 1919 2618 
8754 1818 2054 2401 2631 
8755 1635 2030 2272 2470 
8756 1860 1983 1794 2662 
8757 1765 2265 1957 2424 
8758 1340 2416 1336 2623 
8759 1148 1851 1150 2459 
8760 1735 2093 2023 2193 
8761 2023 2093 1666 2193 
8762 1155 1239 2031 2459 
8763 723 755 1947 2209 
8764 208 2074 2056 2483 
8765 1883 2083 1687 2624 
8766 1783 2603 1983 2628 
8767 2383 2513 1799 2521 
8768 1060 1016 996 1827 
8769 1789 2332 1954 2496 
8770 1136 1299 555 2213 
8771 2032 2480 1799 2513 
8772 1655 1859 1980 2286 
8773 691 1816 2230 2567 
8774 1890 1937 1708 2365 
8775 926 1853 1027 2170 
8776 1897 2458 2069 2510 
8777 1827 1658 2326 2583 
8778 957 948 958 2138 
8779 1957 2265 1732 2424 
8780 674 1885 731 2309 
8781 1647 1878 1940 2238 
8782 1209 1953 1301 2062 
8783 519 521 520 2321 
8784 2086 2155 1857 2323 
8785 1782 2350 2530 2602 
8786 1806 2148 1910 2417 
8787 630 2018 694 2071 
8788 1217 2468 1953 2592 
8789 2068 1749 2282 2625 
8790 1880 2133 1658 2355 
8791 1788 1962 2242 2333 
8792 1725 1981 1936 2648 
8793 1992 2378 1813 2667 
8794 1861 2149 2117 2671 
8795 1684 2144 2126 2693 
8796 225 1368 2007 2485 
8797 487 494 488 2201 
8798 1782 2074 1696 2602 
8799 2005 2346 949 2371 
8800 1913 2449 2310 2576 
8801 1704 1847 2191 2363 
8802 1629 2093 2104 2451 
8803 465 2276 467 2606 
8804 819 908 874 1895 
8805 1894 1949 1689 2461 
8806 205 2520 2108 2578 
8807 296 1921 311 2540 
8808 421 399 338 2186 
8809 814 830 2535 2538 
8810 806 790 800 2681 
8811 1881 2267 1693 2658 
8812 852 2168 2009 2610 
8813 1796 2146 2016 2325 
8814 2100 2304 1726 2666 
8815 1884 2343 1980 2444 
8816 1783 1807 2405 2500 
8817 1973 2356 2116 2635 
8818 303 393 1860 2297 
8819 1649 1909 1850 2603 
8820 1692 1850 1909 2603 
8821 1853 1675 2170 2476 
8822 1679 2111 2110 2225 
8823 1167 2187 1874 2319 
8824 1630 2188 1808 2237 
8825 1408 1795 1388 2577 
8826 20 2055 1403 2500 
8827 1657 2025 2473 2526 
8828 1716 1937 1890 2528 
8829 1965 2342 1340 2623 
8830 1718 2318 2189 2442 
8831 1812 1709 2082 2474 
8832 1893 2331 1752 2533 
8833 333 1866 326 2366 
8834 1897 305 2458 2510 
8835 1633 2176 1813 2360 
8836 472 2087 2239 2519 
8837 1726 2100 2014 2304 
8838 979 1870 967 2307 
8839 1012 1853 2348 2389 
8840 1915 2105 1662 2429 
8841 1704 1847 2363 2379 
8842 1667 2049 1872 2420 
8843 1711 2142 1913 2398 
8844 1770 2003 1901 2326 
8845 1767 2251 2001 2684 
8846 1664 2096 1822 2180 
8847 2167 2365 1748 2495 
8848 724 2230 689 2437 
8849 1303 1235 1136 1928 
8850 1809 2495 2365 2528 
8851 1001 1000 963 2393 
8852 1735 2505 2023 2516 
8853 1038 1911 916 2170 
8854 464 2233 1923 2276 
8855 1236 1928 2427 2432 
8856 1829 1721 2097 2255 
8857 2025 2277 2041 2532 
8858 2167 2258 1742 2365 
8859 1148 2400 1851 2459 
8860 298 1860 2229 2445 
8861 731 674 735 1885 
8862 1124 1121 1117 2108 
8863 1127 1122 2151 2320 
8864 799 1826 2162 2637 
8865 284 363 361 2698 
8866 767 2269 1858 2580 
8867 1722 1863 1944 2063 
8868 1627 1968 1823 2513 
8869 1859 1995 1690 2200 
8870 2471 2537 2447 2591 
8871 705 727 744 1934 
8872 1823 2521 2434 2522 
8873 1655 2012 1900 2536 
8874 1866 2142 2398 2501 
8875 1961 2035 1736 2554 
8876 1808 2257 2169 2499 
8877 554 1893 566 2331 
8878 1861 2117 1752 2671 
8879 1707 1816 2228 2324 
8880 1930 2470 2395 2472 
8881 1956 2057 1674 2440 
8882 2001 2152 1774 2268 
8883 1655 2236 1867 2698 
8884 1665 1957 2157 2265 
8885 582 501 2303 2327 
8886 1870 1882 1643 2598 
8887 1842 2141 1730 2248 
8888 1683 2161 1985 2642 
8889 2356 2635 1973 2692 
8890 1626 2106 1950 2585 
8891 1654 1791 2070 2399 
8892 454 553 585 1958 
8893 1851 2400 1729 2459 
8894 1796 2016 1674 2138 
8895 400 646 272 1947 
8896 1741 2085 1968 2265 
8897 454 548 716 2303 
8898 1050 2307 981 2376 
8899 379 372 1891 2453 
8900 764 773 774 2121 
8901 1653 2158 2219 2562 
8902 1755 2137 2165 2295 
8903 1373 224 2007 2257 
8904 339 1895 2053 2206 
8905 1902 2337 369 2629 
8906 292 2208 1794 2634 
8907 1090 1076 2235 2572 
8908 1249 1278 1313 2098 
8909 1162 1158 1167 2319 
8910 205 1969 1088 2124 
8911 1836 2105 2003 2312 
8912 1858 1674 2440 2691 
8913 1780 2183 2051 2197 
8914 338 2186 329 2341 
8915 1704 2134 2125 2564 
8916 1717 2692 2356 2697 
8917 1630 2075 2188 2237 
8918 2229 2244 1756 2342 
8919 932 979 2266 2518 
8920 1778 2180 2096 2581 
8921 1626 2090 1926 2473 
8922 2116 2356 1717 2635 
8923 988 1045 1049 2221 
8924 1283 2000 2376 2564 
8925 1977 2182 1811 2243 
8926 1157 1227 1232 2511 
8927 1820 1668 2186 2341 
8928 1837 2144 2047 2600 
8929 1655 1980 1859 2576 
8930 1760 2272 2030 2470 
8931 977 2078 1035 2164 
8932 730 1877 690 2373 
8933 329 338 424 2186 
8934 1721 1903 2143 2231 
8935 1687 1883 2079 2156 
8936 497 498 556 2156 
8937 1687 2083 1883 2156 
8938 1316 2390 2376 2622 
8939 203 1109 2178 2278 
8940 1910 2369 2211 2626 
8941 1687 2234 2083 2559 
8942 1754 2252 2039 2306 
8943 1871 2463 1874 2622 
8944 1874 2000 1773 2622 
8945 1992 1693 2267 2658 
8946 1985 2117 1805 2195 
8947 1879 2076 1717 2386 
8948 1703 1826 2292 2637 
8949 805 1904 1036 2348 
8950 1634 2490 2350 2642 
8951 870 2168 812 2440 
8952 1106 581 1998 2599 
8953 1729 2336 2550 2670 
8954 1630 1920 2012 2150 
8955 443 410 327 2294 
8956 1121 1113 2316 2487 
8957 887 831 2302 2535 
8958 1924 2020 1694 2315 
8959 1655 2012 1859 2286 
8960 1743 2081 2247 2683 
8961 1786 2118 2468 2663 
8962 1926 2013 1693 2259 
8963 752 741 2284 2457 
8964 1807 2500 1783 2604 
8965 1290 2261 1795 2577 
8966 1990 2311 1743 2403 
8967 1882 2184 1716 2220 
8968 1943 2080 467 2276 
8969 994 995 996 2317 
8970 2029 1717 2356 2697 
8971 1834 1662 2105 2429 
8972 380 1873 381 2315 
8973 1697 2078 1833 2240 
8974 2110 2111 1759 2225 
8975 1714 1939 2080 2606 
8976 672 628 2130 2640 
8977 1740 1910 2211 2626 
8978 1244 1283 1204 2000 
8979 417 1880 384 2243 
8980 1676 2165 2053 2614 
8981 1786 2062 1953 2490 
8982 1661 1913 1999 2310 
8983 620 2414 2006 2640 
8984 706 1947 715 2568 
8985 1868 2037 1688 2095 
8986 205 2124 204 2520 
8987 2083 2559 2234 2624 
8988 667 1873 2186 2192 
8989 1684 1837 2144 2693 
8990 1732 1968 2329 2424 
8991 1717 2052 2029 2662 
8992 2111 2321 1848 2519 
8993 1653 2441 1920 2478 
8994 1386 895 897 2014 
8995 1633 1991 2176 2360 
8996 1665 2204 2052 2386 
8997 2211 2369 1935 2626 
8998 1968 2189 1823 2513 
8999 1782 1683 2118 2205 
9000 1897 2058 1715 2377 
9001 926 1030 769 2170 
9002 680 1898 2044 2284 
9003 1678 1836 2003 2312 
9004 424 381 380 1873 
9005 1150 1851 2421 2459 
9006 1837 2099 1803 2464 
9007 974 1037 1069 1847 
9008 474 483 2087 2519 
9009 1774 2251 1966 2608 
9010 1674 2016 1806 2138 
9011 1981 2146 1936 2648 
9012 1837 2464 1803 2600 
9013 1677 2242 2135 2507 
9014 1010 1017 955 2005 
9015 1749 2139 1912 2282 
9016 598 1886 561 2185 
9017 1837 1684 2284 2693 
9018 1627 2189 1968 2513 
9019 2230 2345 1816 2437 
9020 1644 2110 1846 2368 
9021 1679 1846 2110 2249 
9022 1694 2020 1924 2219 
9023 1924 2020 1731 2219 
9024 1919 1958 1707 2686 
9025 518 482 1848 2321 
9026 1679 1839 2111 2225 
9027 1822 2092 1664 2094 
9028 384 417 266 1880 
9029 976 1031 2067 2359 
9030 954 949 2005 2346 
9031 1688 2037 2027 2255 
9032 855 1387 765 2010 
9033 1106 1116 581 2599 
9034 1714 2260 1939 2314 
9035 2068 2282 1920 2625 
9036 1150 1148 1151 1851 
9037 1973 2635 2548 2692 
9038 2101 2485 1352 2694 
9039 1698 1895 2450 2539 
9040 989 1834 953 2429 
9041 1269 2185 1297 2592 
9042 1241 2217 1243 2669 
9043 2030 2260 1714 2272 
9044 1689 2169 1808 2257 
9045 2106 2180 1778 2581 
9046 1837 2047 2464 2600 
9047 1231 1200 1997 2279 
9048 1844 2129 1888 2696 
9049 553 1958 707 2402 
9050 1705 2041 1832 2566 
9051 597 2402 2120 2498 
9052 1940 1974 1673 2597 
9053 1681 1808 2169 2499 
9054 1979 2271 1784 2542 
9055 1723 2035 1987 2526 
9056 317 2143 348 2672 
9057 1155 1239 1243 2031 
9058 1867 2216 1913 2449 
9059 348 358 286 2143 
9060 1745 2333 2115 2430 
9061 225 1352 2485 2694 
9062 909 898 816 1795 
9063 880 1804 872 2570 
9064 822 810 824 2263 
9065 711 721 751 2328 
9066 719 606 2196 2638 
9067 1740 2211 1935 2626 
9068 2157 2265 1765 2424 
9069 730 708 1877 2373 
9070 203 2097 2178 2589 
9071 1701 2014 2287 2423 
9072 1894 2257 2007 2461 
9073 1934 1982 576 2413 
9074 1740 2132 2119 2189 
9075 1684 2457 2284 2693 
9076 1387 1383 765 2010 
9077 1627 2165 2137 2295 
9078 1631 2173 2026 2183 
9079 1945 2490 1671 2503 
9080 811 799 807 2057 
9081 1261 2261 1290 2577 
9082 1782 1683 2205 2530 
9083 1893 1847 2388 2525 
9084 675 676 1975 2309 
9085 1185 1838 2339 2387 
9086 1059 1061 922 1836 
9087 1892 2280 2110 2687 
9088 785 781 779 2372 
9089 1164 1951 2293 2596 
9090 1961 1706 2550 2670 
9091 1323 1326 1321 2533 
9092 585 1958 553 2402 
9093 1896 2143 1775 2349 
9094 1904 2529 404 2579 
9095 1667 1988 1984 2088 
9096 1622 2434 1916 2522 
9097 1844 1974 1940 2597 
9098 203 1846 1120 2278 
9099 1920 2150 1653 2478 
9100 1992 2259 1693 2658 
9101 1918 2516 1747 2537 
9102 1622 2285 2434 2522 
9103 1224 2099 1223 2466 
9104 1834 2296 1662 2429 
9105 1699 2129 1831 2131 
9106 1732 2265 1968 2424 
9107 1634 1889 2314 2350 
9108 468 1943 467 2276 
9109 1767 1925 1898 2514 
9110 772 2396 1830 2665 
9111 293 2155 1891 2208 
9112 1799 2383 1908 2679 
9113 2054 2251 1774 2608 
9114 1669 2274 1845 2562 
9115 426 427 382 2020 
9116 1766 1923 2321 2673 
9117 1181 1184 1183 2038 
9118 1367 2002 2126 2693 
9119 2223 1807 2405 2484 
9120 1632 2247 1972 2291 
9121 1624 2095 1980 2222 
9122 1741 1996 2165 2494 
9123 627 630 694 2071 
9124 1986 2073 1820 2209 
9125 1797 1293 2279 2555 
9126 1701 1972 1852 2302 
9127 1237 2127 1149 2491 
9128 1270 1233 2241 2293 
9129 1397 1389 1391 2160 
9130 344 1897 2058 2510 
9131 623 1914 624 2640 
9132 1271 925 1019 2359 
9133 1953 2062 1786 2213 
9134 657 619 669 2214 
9135 317 2504 1896 2672 
9136 1736 2565 2001 2636 
9137 1638 2365 2495 2528 
9138 1796 2016 1941 2325 
9139 1746 2351 2322 2360 
9140 1635 2030 2177 2682 
9141 1157 1232 2063 2511 
9142 225 2223 1807 2500 
9143 680 2044 1898 2514 
9144 1649 1983 1860 2662 
9145 1789 1793 2332 2366 
9146 1823 1627 2513 2521 
9147 1948 2130 1744 2414 
9148 1791 2152 2001 2636 
9149 626 2299 1818 2401 
9150 1742 2258 1969 2296 
9151 2289 2462 1706 2491 
9152 2202 2246 1192 2545 
9153 486 1854 544 2327 
9154 544 486 492 1854 
9155 1974 2181 1769 2465 
9156 1964 2073 1756 2499 
9157 201 1903 200 2256 
9158 810 773 772 1830 
9159 291 2504 2122 2548 
9160 1743 1970 2210 2403 
9161 225 1807 2461 2500 
9162 1722 2397 1951 2511 
9163 896 900 769 2348 
9164 1310 750 1195 2098 
9165 2184 2220 1710 2475 
9166 1671 1928 2062 2432 
9167 1728 1992 2215 2667 
9168 1712 2229 1964 2342 
9169 1840 2181 2016 2325 
9170 981 967 2125 2307 
9171 2032 2173 1672 2330 
9172 1876 2354 968 2389 
9173 673 621 1905 2299 
9174 727 1934 565 2413 
9175 588 451 590 1839 
9176 276 277 1913 2449 
9177 208 2056 1805 2584 
9178 1225 1863 232 2409 
9179 763 1967 1138 2555 
9180 1655 1884 1980 2444 
9181 609 732 702 2196 
9182 1712 2244 2229 2342 
9183 949 2346 950 2371 
9184 1642 2049 2264 2415 
9185 1705 2566 2175 2700 
9186 199 1099 1882 2171 
9187 1751 2226 1978 2344 
9188 1905 2006 1744 2640 
9189 1253 1167 1874 2319 
9190 1663 2016 1840 2181 
9191 1674 2138 1806 2283 
9192 1653 1849 2158 2562 
9193 566 2331 1893 2418 
9194 1357 1899 228 2566 
9195 2193 2280 2008 2527 
9196 1650 2550 1922 2646 
9197 687 689 690 2230 
9198 2120 2455 2339 2571 
9199 307 299 374 1857 
9200 1663 2181 2190 2325 
9201 1939 2102 1671 2503 
9202 1631 2037 2027 2183 
9203 1771 2264 2049 2415 
9204 635 640 703 1925 
9205 1700 2136 2480 2563 
9206 1829 2436 2124 2589 
9207 2095 2310 1892 2576 
9208 1835 1735 2093 2451 
9209 354 1897 360 2142 
9210 1743 2081 1955 2492 
9211 1080 2046 1093 2171 
9212 405 388 297 2413 
9213 624 623 625 2401 
9214 1818 2071 627 2401 
9215 1837 2284 2457 2693 
9216 1386 1380 895 2014 
9217 676 677 639 1975 
9218 2077 2197 1884 2695 
9219 1772 2177 2408 2517 
9220 992 990 991 2429 
9221 1676 2053 2165 2494 
9222 276 278 277 2449 
9223 1407 2121 1390 2223 
9224 1782 2118 1683 2350 
9225 856 848 1967 2544 
9226 1360 1885 1364 2101 
9227 198 2134 197 2171 
9228 1740 2393 1971 2605 
9229 1628 2197 1884 2343 
9230 611 709 425 2328 
9231 623 1905 621 2299 
9232 1936 2162 1800 2609 
9233 1760 2260 2030 2272 
9234 1887 2041 1832 2506 
9235 1670 2009 2168 2609 
9236 1867 2236 1655 2444 
9237 1670 1936 2146 2648 
9238 1852 2535 830 2538 
9239 1717 1879 2386 2635 
9240 1783 2500 2405 2603 
9241 2124 2296 1662 2601 
9242 1099 1882 2171 2220 
9243 1715 2058 2048 2685 
9244 1799 2137 2032 2513 
9245 753 2004 701 2433 
9246 1886 1752 2331 2533 
9247 1782 2350 1683 2530 
9248 1986 2073 219 2477 
9249 2176 2215 1657 2306 
9250 1786 1939 1889 2340 
9251 514 2102 1928 2664 
9252 1691 1792 2157 2653 
9253 613 667 1873 2186 
9254 1735 1954 2079 2332 
9255 1208 2289 1245 2387 
9256 1656 1863 2298 2456 
9257 1655 2282 2012 2536 
9258 554 1281 495 2380 
9259 1683 1861 2161 2592 
9260 1796 1981 2146 2325 
9261 1760 1976 2260 2272 
9262 1683 2149 1861 2592 
9263 483 2048 533 2391 
9264 1973 2504 283 2548 
9265 1123 2074 1128 2483 
9266 993 2003 998 2105 
9267 1685 1905 2006 2075 
9268 1674 1858 2406 2691 
9269 2014 2247 1726 2423 
9270 1789 2353 2332 2496 
9271 1730 2198 2102 2503 
9272 224 225 1368 2007 
9273 1150 1851 1151 2421 
9274 408 1130 2069 2151 
9275 1724 1831 2187 2696 
9276 1835 2093 2245 2451 
9277 528 494 487 1842 
9278 544 1854 492 2607 
9279 1941 2190 2128 2240 
9280 1267 2163 2191 2564 
9281 327 652 706 2294 
9282 454 707 553 1958 
9283 1915 1662 2296 2429 
9284 955 2005 949 2371 
9285 1689 2077 2620 2695 
9286 1745 2250 2115 2333 
9287 276 1913 2045 2216 
9288 1060 1827 996 2583 
9289 951 1833 984 2240 
9290 1962 2260 1760 2573 
9291 2254 2473 1825 2526 
9292 1622 2378 1810 2667 
9293 1350 2144 1358 2693 
9294 343 273 305 2458 
9295 2118 2185 1683 2468 
9296 1772 1798 2472 2517 
9297 1997 2202 1190 2545 
9298 1847 2163 1704 2191 
9299 1855 2324 1816 2345 
9300 426 381 263 2497 
9301 752 659 2404 2457 
9302 1761 2299 1905 2347 
9303 1372 232 1142 2047 
9304 1848 2321 2203 2411 
9305 1660 1814 2145 2238 
9306 1815 1701 2305 2535 
9307 201 1903 2256 2300 
9308 1986 2192 1776 2534 
9309 1962 1652 2250 2333 
9310 2333 2430 1745 2573 
9311 1979 1864 2082 2135 
9312 1835 2093 1735 2193 
9313 1696 2061 1923 2611 
9314 623 1905 2299 2640 
9315 1682 1854 2113 2471 
9316 571 526 1877 2373 
9317 1653 2374 1948 2652 
9318 788 797 859 2492 
9319 2045 2143 1896 2349 
9320 1683 1886 2185 2205 
9321 1688 2255 2027 2394 
9322 940 987 937 2381 
9323 602 1933 664 2303 
9324 1692 1942 1850 2334 
9325 963 2138 957 2283 
9326 1817 2247 2287 2423 
9327 810 1830 772 2396 
9328 1939 2340 2080 2606 
9329 1803 2600 2464 2675 
9330 1103 1903 1076 2572 
9331 1675 1853 2170 2354 
9332 1103 346 1903 2572 
9333 1998 2108 1124 2278 
9334 516 466 464 2276 
9335 1787 2234 1849 2531 
9336 539 2454 1934 2661 
9337 588 520 521 2599 
9338 1356 608 2002 2457 
9339 1943 2471 2447 2591 
9340 1400 1166 1382 2577 
9341 1834 2369 1935 2680 
9342 1786 2468 2118 2642 
9343 1353 2477 1776 2586 
9344 1977 2206 2182 2579 
9345 1758 1839 2320 2630 
9346 544 2327 1854 2607 
9347 2021 2067 1733 2648 
9348 1704 2134 1847 2379 
9349 1653 1835 2036 2478 
9350 1677 1881 2154 2542 
9351 833 835 887 2014 
9352 1351 2144 2047 2693 
9353 1961 1736 2336 2554 
9354 1958 2303 1707 2327 
9355 912 1342 756 2123 
9356 20 2257 1808 2499 
9357 1844 1673 1974 2597 
9358 1709 1864 1979 2150 
9359 1038 1042 916 1911 
9360 2322 2351 1813 2360 
9361 466 2276 516 2411 
9362 1828 637 2308 2414 
9363 963 957 1002 2283 
9364 2251 2382 1818 2684 
9365 2008 2110 1892 2280 
9366 879 2269 1041 2627 
9367 1310 592 750 2098 
9368 1747 2516 2023 2537 
9369 2228 2437 650 2569 
9370 574 526 2373 2607 
9371 1665 2052 1929 2386 
9372 1136 1301 1217 2213 
9373 446 1933 602 2303 
9374 1701 1819 2100 2247 
9375 1627 2085 1843 2136 
9376 1802 1969 2124 2601 
9377 1626 2129 1987 2180 
9378 1695 1907 1991 2114 
9379 1398 2010 1388 2298 
9380 287 1891 372 2236 
9381 1623 1946 2252 2636 
9382 1815 2223 2121 2412 
9383 225 2461 2452 2694 
9384 1972 2291 1771 2558 
9385 510 2468 2118 2663 
9386 2051 2173 1672 2480 
9387 877 1182 1261 2261 
9388 742 1934 2179 2661 
9389 1657 2212 2114 2558 
9390 1912 2282 2139 2467 
9391 853 1858 767 2269 
9392 1809 2365 1937 2528 
9393 1687 1918 1877 2645 
9394 1370 1366 1351 2047 
9395 1626 1825 2090 2473 
9396 379 1891 2155 2453 
9397 526 567 571 1877 
9398 1945 2096 1737 2654 
9399 553 707 2098 2402 
9400 974 1847 2134 2525 
9401 203 1829 202 2589 
9402 1834 2105 953 2429 
9403 287 379 372 1891 
9404 2123 2416 1336 2568 
9405 957 2138 1002 2283 
9406 1678 1932 2317 2438 
9407 792 1970 797 2311 
9408 1976 2470 1760 2616 
9409 807 841 2057 2292 
9410 397 1989 415 2697 
9411 785 1957 790 2372 
9412 1091 1836 1084 2438 
9413 1649 1860 2029 2662 
9414 1704 2191 2034 2363 
9415 669 619 617 2042 
9416 1656 2298 1931 2456 
9417 1668 2086 1857 2323 
9418 304 374 2445 2561 
9419 1741 2022 1996 2494 
9420 1729 2400 2127 2459 
9421 1280 1370 1372 2047 
9422 1870 2125 1704 2134 
9423 1674 2226 2057 2313 
9424 1677 2082 1979 2154 
9425 1979 2082 1709 2154 
9426 1631 2173 2183 2335 
9427 1755 2032 2137 2295 
9428 493 485 2156 2516 
9429 382 426 2020 2497 
9430 322 323 324 2366 
9431 1049 1043 983 2221 
9432 1736 2041 1887 2554 
9433 1698 2450 1989 2539 
9434 745 2002 684 2044 
9435 2038 2289 1706 2641 
9436 1351 2047 1366 2693 
9437 1650 2035 2550 2646 
9438 333 1866 2366 2501 
9439 618 617 2006 2534 
9440 546 2111 588 2552 
9441 444 2337 368 2697 
9442 1074 1932 1090 2438 
9443 856 1967 876 2544 
9444 1661 2216 2444 2515 
9445 1089 2046 1073 2221 
9446 471 467 476 2080 
9447 1318 1216 1284 2009 
9448 1857 2086 1668 2341 
9449 1656 2081 2019 2456 
9450 904 850 2010 2666 
9451 1654 2054 1818 2684 
9452 1837 2284 741 2457 
9453 473 472 2087 2239 
9454 540 575 2496 2551 
9455 1710 2184 1950 2585 
9456 2405 2500 1692 2603 
9457 709 1845 297 2328 
9458 1674 2050 2016 2146 
9459 1724 2094 1801 2319 
9460 1711 1913 2310 2398 
9461 1764 2089 1872 2434 
9462 1203 2000 1283 2564 
9463 776 2334 1942 2412 
9464 1961 2550 2336 2670 
9465 1880 1811 2243 2355 
9466 494 1842 528 2498 
9467 291 283 2504 2548 
9468 659 1369 2404 2457 
9469 1092 1094 2436 2486 
9470 1390 1815 2223 2644 
9471 963 2393 999 2417 
9472 1631 2255 2037 2349 
9473 1684 1898 2112 2639 
9474 554 558 1893 2380 
9475 1816 1682 2159 2345 
9476 484 478 531 1841 
9477 1691 2147 2329 2424 
9478 299 2155 293 2445 
9479 199 2171 1882 2379 
9480 1629 2082 1864 2135 
9481 2155 2208 293 2445 
9482 2285 2415 1691 2522 
9483 1711 2398 1892 2527 
9484 1649 2603 2352 2628 
9485 1641 2193 2008 2527 
9486 1786 1953 2468 2642 
9487 1268 1028 1304 2564 
9488 205 1088 204 2124 
9489 2121 2223 1692 2412 
9490 590 1839 451 2320 
9491 1804 2123 872 2294 
9492 1728 2207 2199 2556 
9493 408 2151 2069 2510 
9494 589 2377 2064 2685 
9495 1701 2100 1819 2302 
9496 1781 2018 1925 2070 
9497 1373 20 224 2257 
9498 1408 2409 1795 2577 
9499 1644 2153 1846 2225 
9500 813 2057 2313 2440 
9501 1693 2013 1926 2306 
9502 1740 2442 2211 2502 
9503 1668 1808 2237 2323 
9504 1881 2176 1813 2351 
9505 374 1857 299 2445 
9506 355 2058 354 2377 
9507 2025 1754 2252 2532 
9508 1702 2339 2120 2455 
9509 1737 2490 2062 2590 
9510 634 645 704 2593 
9511 1920 2282 2068 2536 
9512 1868 2140 1798 2594 
9513 1686 2090 1950 2465 
9514 610 1958 454 2303 
9515 1832 2175 1944 2277 
9516 227 1927 1377 2287 
9517 1075 1087 1052 2486 
9518 1675 2119 2132 2189 
9519 1317 1283 2376 2564 
9520 1709 2082 1864 2478 
9521 2048 2225 1759 2552 
9522 209 210 1129 2205 
9523 853 2168 1858 2269 
9524 1759 2225 2111 2552 
9525 1895 2206 340 2529 
9526 1657 1991 1907 2114 
9527 2464 2600 2047 2675 
9528 1353 1363 2042 2485 
9529 1990 2091 1703 2270 
9530 1824 2019 1647 2238 
9531 512 2194 2061 2375 
9532 1183 1184 1193 2038 
9533 1879 1921 1672 2548 
9534 1061 998 997 2438 
9535 1120 203 202 1846 
9536 1704 2163 2134 2564 
9537 1766 2316 2061 2487 
9538 922 1836 1061 2438 
9539 911 2218 1965 2570 
9540 849 854 2261 2555 
9541 538 575 596 2454 
9542 1625 1974 1940 2103 
9543 1940 1974 1844 2103 
9544 1979 2082 1677 2135 
9545 1711 2310 2449 2576 
9546 1684 2002 2457 2693 
9547 1688 1802 2394 2589 
9548 342 432 332 2274 
9549 1633 2351 1881 2542 
9550 451 1839 588 2599 
9551 1633 1949 2290 2443 
9552 397 2076 1989 2697 
9553 384 1880 1013 2243 
9554 2108 2178 1763 2520 
9555 1755 1921 1879 2540 
9556 1894 2007 1685 2485 
9557 339 2053 336 2206 
9558 1027 2170 1853 2354 
9559 1262 1210 1318 2009 
9560 1635 2470 1930 2472 
9561 1985 2195 1805 2581 
9562 1664 2195 1985 2581 
9563 1117 1124 2108 2278 
9564 621 1905 623 2640 
9565 293 1891 287 2208 
9566 1872 2049 1691 2285 
9567 476 2248 2080 2591 
9568 1630 2150 2012 2271 
9569 1772 2140 1798 2517 
9570 1635 2203 2177 2517 
9571 624 2364 1914 2401 
9572 278 1867 284 2449 
9573 1835 2079 1735 2451 
9574 1817 1701 2247 2291 
9575 1653 2036 1835 2531 
9576 2254 2481 1869 2558 
9577 1668 2186 1873 2192 
9578 1059 1836 922 2486 
9579 1763 2178 2108 2249 
9580 939 1910 946 2626 
9581 1027 2354 1853 2389 
9582 1675 1876 2119 2189 
9583 1724 2319 1801 2460 
9584 1876 2318 1718 2371 
9585 1150 1922 1239 2459 
9586 1829 2255 1802 2367 
9587 1701 1815 2160 2535 
9588 514 1928 448 2213 
9589 522 2447 2537 2591 
9590 679 639 677 2044 
9591 2010 2298 1398 2553 
9592 1258 2463 2187 2523 
9593 621 620 619 2006 
9594 1168 2425 1186 2479 
9595 2178 2249 1846 2278 
9596 2099 2284 1898 2615 
9597 1841 1641 2193 2659 
9598 590 588 1839 2552 
9599 895 2014 1380 2160 
9600 1881 2154 1753 2594 
9601 1715 1897 2377 2501 
9602 18 1882 1102 2584 
9603 1626 2465 1888 2585 
9604 1185 2339 1838 2571 
9605 1646 1916 2335 2419 
9606 1802 2367 2027 2601 
9607 1108 1118 568 2194 
9608 664 2303 1933 2437 
9609 1752 2117 2034 2671 
9610 710 263 613 2497 
9611 797 2210 847 2492 
9612 1639 1872 2329 2502 
9613 1663 1910 2128 2495 
9614 1838 2289 2038 2641 
9615 1301 1235 1234 2062 
9616 974 2134 197 2525 
9617 515 471 2080 2606 
9618 1830 2055 1692 2121 
9619 276 2045 279 2216 
9620 482 472 518 1848 
9621 623 2299 625 2401 
9622 1705 1991 2059 2541 
9623 1642 2264 1972 2305 
9624 1891 2208 1794 2358 
9625 1700 2051 2183 2197 
9626 1832 1887 2506 2600 
9627 1149 2127 2400 2459 
9628 2277 2506 2041 2532 
9629 981 2307 2125 2376 
9630 1802 2255 2027 2367 
9631 497 556 507 2156 
9632 1258 2040 2463 2523 
9633 1705 2059 2043 2541 
9634 1126 1839 1105 2599 
9635 1627 1996 2137 2165 
9636 888 1911 866 2281 
9637 1893 2388 2273 2525 
9638 2052 2263 1850 2677 
9639 2064 2391 562 2685 
9640 1701 1817 2247 2287 
9641 1957 1732 2372 2424 
9642 1627 2137 2032 2295 
9643 1953 2062 1737 2490 
9644 317 281 279 1896 
9645 1914 2422 1864 2631 
9646 787 1988 2292 2311 
9647 1823 2513 2442 2521 
9648 1647 2481 2019 2655 
9649 1690 1859 2200 2509 
9650 1160 702 1263 2196 
9651 1700 2173 2051 2480 
9652 1367 2126 1350 2693 
9653 1643 2000 1874 2460 
9654 1402 1863 231 2298 
9655 1984 2147 1667 2424 
9656 1827 1678 2011 2253 
9657 506 2102 547 2201 
9658 577 501 544 2327 
9659 1765 2088 1984 2372 
9660 1744 2414 2130 2640 
9661 1730 2198 1842 2201 
9662 550 727 705 1934 
9663 497 485 498 2156 
9664 1817 2287 1701 2291 
9665 1220 2388 1292 2407 
9666 2012 2150 1709 2271 
9667 2026 2037 1780 2515 
9668 503 209 2205 2418 
9669 1622 1960 2089 2212 
9670 1634 2350 1985 2642 
9671 202 2153 1119 2630 
9672 1787 2130 1914 2652 
9673 1204 1244 2000 2622 
9674 1225 232 1404 2409 
9675 1647 2019 1824 2655 
9676 2019 2145 1814 2238 
9677 1628 1884 2197 2695 
9678 1655 1867 2509 2698 
9679 2122 2504 1973 2548 
9680 1689 2620 1900 2695 
9681 200 1903 346 2256 
9682 1908 2027 1631 2367 
9683 1831 1699 2131 2596 
9684 1786 2663 2213 2664 
9685 2011 2143 1775 2678 
9686 1351 2047 2144 2582 
9687 1859 1711 2200 2509 
9688 773 772 1830 2665 
9689 1885 2214 1761 2309 
9690 1722 1944 1863 2456 
9691 2266 2307 1833 2598 
9692 1705 2043 1991 2541 
9693 1678 1827 2011 2547 
9694 1669 1934 1883 2179 
9695 1688 2255 1802 2589 
9696 473 2087 2023 2239 
9697 1785 2292 2057 2649 
9698 1682 2345 1933 2607 
9699 1103 346 200 1903 
9700 456 1297 586 2468 
9701 1669 1849 2079 2562 
9702 1267 2163 1218 2191 
9703 2110 2280 1772 2687 
9704 1175 1237 1149 2491 
9705 1925 2018 1767 2070 
9706 1624 2286 2154 2594 
9707 1661 2045 1896 2349 
9708 1636 2506 2277 2532 
9709 1890 1708 2258 2365 
9710 1692 2405 2357 2484 
9711 1655 2262 2282 2536 
9712 1692 2357 1942 2484 
9713 713 698 1958 2618 
9714 745 740 608 2002 
9715 833 835 2014 2100 
9716 1664 2092 1822 2096 
9717 747 2284 2002 2457 
9718 1739 2361 2030 2410 
9719 1651 2075 1905 2347 
9720 583 581 1116 2599 
9721 2137 2189 1627 2513 
9722 1681 2169 1983 2628 
9723 978 1038 916 2170 
9724 1820 1756 2073 2561 
9725 2061 2316 1113 2487 
9726 363 2072 1912 2467 
9727 1695 2043 1991 2700 
9728 1953 2490 1737 2642 
9729 1743 2210 1970 2311 
9730 1656 2145 1955 2557 
9731 2136 2265 2085 2653 
9732 1742 1969 2446 2601 
9733 1041 2269 1058 2627 
9734 1631 2037 2026 2349 
9735 1270 1228 1189 2241 
9736 1982 2454 596 2551 
9737 1647 1824 2238 2655 
9738 1012 1853 1027 2348 
9739 1688 1868 2140 2394 
9740 1713 1832 2506 2600 
9741 1668 2068 2086 2323 
9742 1749 2086 2068 2323 
9743 1713 2144 1832 2600 
9744 1939 2080 1730 2250 
9745 1846 2097 1688 2178 
9746 1704 1870 2448 2689 
9747 1967 2279 1293 2555 
9748 1923 2411 2321 2673 
9749 426 605 427 2497 
9750 382 2020 2315 2497 
9751 470 2023 530 2447 
9752 1660 2145 1824 2238 
9753 1670 2168 1826 2609 
9754 1956 2313 2057 2440 
9755 662 721 663 2158 
9756 1855 2115 1637 2141 
9757 438 402 2151 2510 
9758 2187 2463 2040 2523 
9759 2102 2198 1730 2201 
9760 1678 2235 1932 2438 
9761 2383 2508 1908 2679 
9762 1746 2060 2077 2604 
9763 1775 2143 1896 2672 
9764 754 744 648 2413 
9765 1988 2292 1785 2649 
9766 205 204 1117 2108 
9767 1644 2008 1892 2398 
9768 1069 1037 960 2163 
9769 1923 2611 2061 2673 
9770 1724 1952 1888 2460 
9771 1933 2303 577 2607 
9772 784 1984 782 2649 
9773 2202 2609 1670 2648 
9774 1709 2286 2154 2474 
9775 1092 1915 1087 2486 
9776 761 886 892 2160 
9777 656 2230 691 2437 
9778 1086 2124 2436 2589 
9779 1881 1753 2154 2542 
9780 1095 1087 1092 1915 
9781 2030 2361 1768 2410 
9782 2013 2259 1926 2395 
9783 1749 2155 2086 2323 
9784 1815 1692 2223 2412 
9785 2071 2382 2018 2684 
9786 1083 202 1079 2300 
9787 478 1841 484 2505 
9788 1688 1802 2255 2394 
9789 1088 2124 1969 2439 
9790 369 370 2297 2629 
9791 1811 2182 1977 2614 
9792 1786 2102 1939 2340 
9793 1626 1950 2465 2585 
9794 281 280 279 2216 
9795 204 2124 1086 2589 
9796 2055 2121 1830 2665 
9797 333 326 1866 2501 
9798 890 2269 879 2627 
9799 459 460 461 2375 
9800 1012 1027 1853 2389 
9801 1717 2204 2052 2662 
9802 594 560 2427 2498 
9803 730 690 708 2373 
9804 766 1262 1161 2009 
9805 269 1895 340 2529 
9806 365 285 2356 2634 
9807 1688 2249 2178 2394 
9808 1952 2180 2106 2581 
9809 1073 2046 1043 2221 
9810 1818 2382 2071 2684 
9811 1667 1872 2091 2420 
9812 1120 1846 202 2630 
9813 1935 2211 1740 2442 
9814 1828 2308 1948 2414 
9815 2412 2535 826 2644 
9816 562 2391 2064 2496 
9817 1664 2096 2180 2581 
9818 1722 1851 2397 2511 
9819 1340 1336 1333 2623 
9820 1704 1870 2379 2448 
9821 1784 2028 1979 2542 
9822 971 2109 1937 2381 
9823 609 702 1160 2196 
9824 1667 2424 2049 2617 
9825 1643 2598 1833 2689 
9826 2064 2353 1715 2501 
9827 597 529 2402 2498 
9828 872 1804 880 2623 
9829 1911 1675 2170 2354 
9830 270 408 1134 2069 
9831 340 1895 339 2206 
9832 1752 2034 2363 2671 
9833 1394 2287 2014 2423 
9834 1688 2140 2249 2394 
9835 742 744 1934 2661 
9836 1722 2456 2241 2488 
9837 1693 2039 2013 2306 
9838 1636 2288 2554 2646 
9839 1689 1808 2188 2257 
9840 2015 2595 2471 2619 
9841 1917 2234 1687 2559 
9842 2006 2414 1744 2640 
9843 2106 2180 1952 2585 
9844 1842 1702 2402 2498 
9845 1912 2072 363 2698 
9846 1714 2080 1939 2250 
9847 1151 1851 1148 2511 
9848 1624 2474 1892 2687 
9849 1915 2221 1708 2439 
9850 201 2300 2256 2613 
9851 1198 1953 1209 2161 
9852 1701 2100 2014 2247 
9853 352 2011 2133 2678 
9854 1693 2259 2013 2395 
9855 789 837 841 2649 
9856 1997 2238 1878 2574 
9857 915 1904 805 2348 
9858 1684 1832 2144 2600 
9859 1784 2290 2271 2620 
9860 1698 2085 2165 2494 
9861 2103 2270 1738 2651 
9862 2321 2411 517 2673 
9863 1824 2145 1660 2403 
9864 1757 2081 2019 2481 
9865 1885 1364 2101 2612 
9866 1718 2346 1935 2383 
9867 1656 2081 1931 2647 
9868 1351 2144 231 2582 
9869 299 307 300 2155 
9870 1166 2409 1382 2577 
9871 1668 1820 2073 2341 
9872 1786 2490 1953 2642 
9873 1229 1294 2065 2261 
9874 892 826 2535 2644 
9875 281 1896 317 2504 
9876 766 2009 1161 2560 
9877 1925 2575 1865 2638 
9878 1803 2464 2127 2675 
9879 687 1917 686 2230 
9880 1663 2016 1941 2417 
9881 307 2341 1857 2561 
9882 1714 2272 2260 2314 
9883 1922 2421 1699 2646 
9884 1653 1835 2478 2531 
9885 1991 2043 1695 2541 
9886 1957 2174 785 2676 
9887 1185 2289 1838 2387 
9888 307 329 2086 2341 
9889 1834 2105 1662 2508 
9890 1084 1836 1094 2486 
9891 1738 2091 1872 2420 
9892 770 2337 1902 2629 
9893 1998 2108 1766 2487 
9894 484 1841 531 2496 
9895 999 1910 938 2417 
9896 1090 2235 1932 2572 
9897 1955 2145 1743 2210 
9898 1716 2171 1882 2220 
9899 381 2315 1873 2497 
9900 995 954 1017 2583 
9901 1763 2108 2520 2578 
9902 1703 2292 2311 2637 
9903 1643 2448 1870 2689 
9904 1156 1165 1252 2523 
9905 1830 2121 1692 2334 
9906 1781 2070 1993 2399 
9907 1693 2395 1938 2658 
9908 2226 2344 1751 2605 
9909 1718 2383 1935 2442 
9910 1770 2383 2005 2679 
9911 1710 2184 1882 2220 
9912 1753 2271 2290 2620 
9913 2027 2255 1802 2394 
9914 2041 2431 1832 2566 
9915 1105 1839 1115 2320 
9916 2121 2223 1815 2644 
9917 1896 2026 1775 2122 
9918 1814 2019 2238 2488 
9919 1380 2014 1396 2160 
9920 1847 1893 2407 2533 
9921 303 367 393 2297 
9922 1765 2174 1942 2538 
9923 1721 2097 1999 2613 
9924 1086 2124 1092 2436 
9925 1000 1971 1005 2393 
9926 1143 2063 1146 2675 
9927 1642 2405 2305 2484 
9928 2092 2094 1163 2633 
9929 937 936 2128 2381 
9930 1689 2188 1900 2620 
9931 647 1195 750 2098 
9932 1655 2509 1912 2698 
9933 940 989 987 2109 
9934 1031 1068 2067 2359 
9935 999 946 939 1910 
9936 276 358 279 2045 
9937 744 1934 727 2413 
9938 342 2274 332 2489 
9939 1695 1907 2114 2558 
9940 1725 1997 1878 2545 
9941 1777 2207 2056 2475 
9942 1096 1090 1074 1932 
9943 932 979 951 2266 
9944 1710 2106 1952 2585 
9945 1740 2148 1910 2393 
9946 306 1879 295 2540 
9947 1287 1293 1967 2279 
9948 464 500 1923 2233 
9949 472 2239 1848 2519 
9950 1358 1350 230 2144 
9951 1768 2410 2361 2447 
9952 1729 2459 2127 2491 
9953 1688 2394 2178 2589 
9954 494 2201 1842 2498 
9955 1726 2014 2100 2247 
9956 1696 2074 1976 2602 
9957 1666 1812 2193 2384 
9958 963 947 957 2417 
9959 1181 2038 1183 2462 
9960 698 713 655 2618 
9961 1801 2319 2000 2460 
9962 1851 1699 2421 2646 
9963 939 2369 1910 2626 
9964 305 360 354 1897 
9965 1726 2247 2100 2492 
9966 1683 2117 1861 2149 
9967 1699 2512 1951 2596 
9968 1682 1816 2230 2345 
9969 1396 1394 1384 2287 
9970 1803 2127 2600 2675 
9971 1882 2220 1102 2584 
9972 1631 2231 1901 2367 
9973 953 2105 1834 2588 
9974 1630 1920 2068 2536 
9975 1780 2444 2343 2515 
9976 285 1973 2356 2358 
9977 1809 2381 2365 2495 
9978 1201 1267 2191 2564 
9979 1882 2379 1870 2448 
9980 1276 1862 1277 2627 
9981 1721 2143 2045 2349 
9982 1394 2014 2304 2423 
9983 1829 2097 202 2589 
9984 2143 2672 1775 2678 
9985 204 1086 203 2589 
9986 1008 1005 2119 2626 
9987 1655 1859 2509 2576 
9988 1812 1666 2280 2384 
9989 295 1879 296 2540 
9990 1390 2223 2121 2644 
9991 1855 2141 1637 2324 
9992 1670 2067 2021 2648 
9993 1816 1707 2228 2437 
9994 1736 2001 2268 2636 
9995 872 2123 1804 2623 
9996 729 725 1359 2042 
9997 230 1392 231 2298 
9998 933 971 983 1937 
9999 379 287 293 1891 
10000 1848 2411 2203 2682 
10001 686 1917 649 2364 
10002 1842 2455 2198 2686 
10003 670 672 1948 2414 
10004 284 2449 1867 2698 
10005 2016 2138 1941 2417 
10006 1349 228 1899 2426 
10007 1780 2197 2051 2343 
10008 976 1065 1031 2359 
10009 1724 2129 1831 2696 
10010 968 2354 1027 2389 
10011 1747 2015 2471 2619 
10012 946 1910 999 2393 
10013 1715 2064 2391 2496 
10014 1316 1214 2390 2622 
10015 1977 2243 1811 2355 
10016 1681 1860 1964 2628 
10017 1857 2155 1681 2323 
10018 1765 1942 2174 2688 
10019 1976 2074 1805 2602 
10020 484 2496 537 2505 
10021 1745 2115 1994 2430 
10022 1737 2096 1985 2654 
10023 1765 2157 2049 2688 
10024 734 739 658 2624 
10025 1738 2091 1990 2270 
10026 616 617 2534 2586 
10027 1726 1931 2081 2647 
10028 2072 2509 1867 2698 
10029 626 625 2299 2401 
10030 2031 1706 2462 2491 
10031 1709 2154 2082 2474 
10032 297 432 342 2328 
10033 2049 2157 1691 2415 
10034 360 2142 1897 2458 
10035 1699 1831 2512 2596 
10036 1631 2026 2173 2330 
10037 576 1982 1934 2454 
10038 655 2228 1919 2618 
10039 1646 2335 1908 2419 
10040 197 1101 1080 2171 
10041 298 1860 393 2229 
10042 1659 2470 1976 2616 
10043 1872 2434 2329 2502 
10044 2137 2165 1996 2614 
10045 1217 1269 1297 2592 
10046 2077 2604 2060 2695 
10047 1647 2066 1825 2512 
10048 1739 1963 2384 2507 
10049 1656 1955 2081 2647 
10050 1362 1364 1360 1885 
10051 231 1402 232 1863 
10052 942 1018 1941 2240 
10053 1377 227 226 1927 
10054 1891 2236 287 2358 
10055 1111 2074 1123 2194 
10056 1828 1948 2374 2414 
10057 1630 2012 1920 2536 
10058 2031 2392 1856 2462 
10059 686 1917 2364 2567 
10060 1740 1971 2119 2132 
10061 1394 2304 1395 2423 
10062 768 269 1895 2539 
10063 1964 1860 2352 2628 
10064 1661 2216 1867 2444 
10065 204 2520 2124 2589 
10066 1644 1892 2110 2368 
10067 1845 1934 1669 2179 
10068 1720 2401 2054 2631 
10069 319 1924 321 2467 
10070 1932 2235 1090 2438 
10071 2143 2231 1775 2349 
10072 1829 203 2436 2589 
10073 676 678 677 2309 
10074 1633 1813 2351 2360 
10075 1684 2126 1832 2431 
10076 1117 1109 1124 2278 
10077 1951 2397 1851 2511 
10078 1646 1908 2383 2508 
10079 1659 1926 2207 2259 
10080 1728 2207 1926 2259 
10081 1052 1054 1075 2486 
10082 18 1805 2195 2584 
10083 1886 2331 598 2418 
10084 232 231 1863 2582 
10085 2021 2067 1862 2359 
10086 417 337 2133 2355 
10087 311 296 357 1921 
10088 2295 2386 1879 2635 
10089 1695 1991 1907 2700 
10090 1782 1889 2350 2602 
10091 1718 2005 2346 2383 
10092 685 2364 624 2401 
10093 225 2452 226 2694 
10094 1190 2202 1192 2545 
10095 1356 1347 608 2457 
10096 1706 2392 2031 2462 
10097 1176 2031 2462 2491 
10098 1191 1192 2246 2545 
10099 1220 2380 1292 2388 
10100 1962 2333 1745 2573 
10101 2077 2290 1753 2351 
10102 1755 1977 2053 2614 
10103 1701 1852 1972 2305 
10104 2241 2488 1951 2511 
10105 1941 2016 1796 2138 
10106 1909 2357 1692 2405 
10107 1722 2488 2241 2511 
10108 1722 1951 2488 2511 
10109 1967 2544 1797 2555 
10110 339 2053 1895 2450 
10111 641 635 703 1925 
10112 414 2243 1977 2355 
10113 518 1848 472 2411 
10114 2082 2384 1963 2507 
10115 1717 2635 2356 2692 
10116 1910 2128 938 2417 
10117 447 578 2061 2487 
10118 1737 1985 2161 2642 
10119 896 1853 2170 2476 
10120 1924 2224 321 2467 
10121 2012 2286 1709 2474 
10122 1686 2103 1974 2181 
10123 304 375 374 2561 
10124 1937 2365 1809 2381 
10125 1951 2512 1831 2596 
10126 1728 2215 1960 2667 
10127 1825 2066 2254 2526 
10128 797 1970 845 2210 
10129 1065 1035 1019 2172 
10130 360 1897 305 2458 
10131 496 511 2185 2468 
10132 670 1948 2308 2414 
10133 1806 2393 2148 2605 
10134 1768 2276 1943 2447 
10135 778 1942 777 2538 
10136 278 2216 1867 2449 
10137 2447 2471 1747 2537 
10138 1692 2121 2055 2223 
10139 2483 2546 206 2578 
10140 1704 2363 2034 2379 
10141 1045 992 1915 2429 
10142 1086 2436 203 2589 
10143 1127 1114 1122 2320 
10144 1340 1965 222 2342 
10145 915 2338 1904 2348 
10146 1652 1855 2115 2333 
10147 1941 2164 1697 2240 
10148 1114 451 1105 2320 
10149 714 718 668 2186 
10150 282 280 281 2504 
10151 1708 1915 2296 2429 
10152 1843 2480 2136 2563 
10153 1775 2026 1896 2349 
10154 1277 1862 1210 2627 
10155 2139 2467 2282 2625 
10156 429 1932 2253 2572 
10157 2066 2288 1636 2397 
10158 723 755 646 1947 
10159 2009 2560 910 2610 
10160 206 1969 205 2166 
10161 554 558 566 1893 
10162 227 226 1927 2452 
10163 400 272 419 1947 
10164 1985 2096 1664 2654 
10165 1694 2068 1828 2374 
10166 1861 2161 1187 2633 
10167 1903 2235 1678 2300 
10168 2064 2496 1789 2551 
10169 1233 1951 1151 2511 
10170 1770 2346 2005 2383 
10171 1083 2235 1076 2300 
10172 1970 2210 1660 2544 
10173 1151 1951 2421 2511 
10174 1151 1951 1153 2421 
10175 2013 2395 1926 2616 
10176 1961 2392 1994 2430 
10177 1890 1777 2258 2524 
10178 1694 2068 1920 2625 
10179 1989 2076 1762 2697 
10180 2015 2159 1682 2345 
10181 741 2099 682 2284 
10182 1044 1048 1956 2691 
10183 553 2098 587 2402 
10184 1647 2238 2019 2488 
10185 649 688 643 2234 
10186 1402 232 1863 2409 
10187 360 275 277 2458 
10188 1670 1826 2146 2609 
10189 1630 2068 1920 2374 
10190 2117 2149 1683 2671 
10191 488 506 547 2201 
10192 720 1194 1282 2404 
10193 1712 1902 2297 2629 
10194 2092 2096 1737 2217 
10195 950 2346 2318 2371 
10196 1699 1825 2397 2512 
10197 2034 2379 1882 2448 
10198 1700 2335 2173 2521 
10199 1767 2044 1975 2514 
10200 1675 1996 1876 2189 
10201 1701 2160 2302 2535 
10202 577 2303 501 2327 
10203 1367 2002 1365 2126 
10204 1624 2222 2286 2594 
10205 1037 1847 974 2525 
10206 2316 2483 206 2578 
10207 1695 2291 1907 2558 
10208 1648 2070 1993 2575 
10209 455 559 556 1883 
10210 926 1027 1853 2348 
10211 1174 1173 1878 2523 
10212 412 2206 413 2579 
10213 1765 2372 1984 2424 
10214 1765 2049 2617 2688 
10215 1799 2173 2335 2521 
10216 746 2615 1865 2638 
10217 1782 1889 2118 2350 
10218 1673 2187 2523 2597 
10219 1726 2081 1955 2647 
10220 570 553 707 2098 
10221 486 492 1854 2591 
10222 1748 2381 2128 2495 
10223 1956 2440 1674 2691 
10224 1693 1926 2215 2306 
10225 1660 1997 1967 2279 
10226 1012 1904 1047 2182 
10227 1943 2410 1768 2447 
10228 479 530 473 2023 
10229 209 210 2205 2418 
10230 561 1886 503 2205 
10231 472 1848 482 2519 
10232 296 1879 295 2548 
10233 499 2516 2156 2645 
10234 847 2210 1955 2492 
10235 335 414 1977 2355 
10236 1980 2444 1780 2515 
10237 2027 2183 1810 2335 
10238 2027 2446 1802 2601 
10239 1300 2120 1249 2571 
10240 870 1858 853 2168 
10241 759 1956 917 2580 
10242 290 1973 2548 2692 
10243 1333 1965 1340 2623 
10244 1300 1249 1247 2571 
10245 1848 2239 2087 2519 
10246 1381 1399 1407 2121 
10247 1657 2114 1907 2558 
10248 1202 2191 2407 2660 
10249 1857 2323 1681 2499 
10250 1783 2060 1909 2405 
10251 1084 922 1074 2438 
10252 1233 1153 1151 1951 
10253 1765 2538 1942 2688 
10254 1044 1956 2283 2691 
10255 493 2505 485 2516 
10256 1690 2072 2200 2224 
10257 989 2109 1834 2429 
10258 1005 1000 1003 1971 
10259 787 786 1988 2311 
10260 1676 1996 2022 2494 
10261 570 587 553 2098 
10262 1625 1974 2103 2181 
10263 1879 2548 2635 2692 
10264 1203 1204 1283 2000 
10265 1914 2364 1787 2422 
10266 1659 1926 2106 2207 
10267 877 771 1182 2261 
10268 224 2007 2257 2461 
10269 1646 2211 1935 2442 
10270 623 626 625 2299 
10271 2260 2272 1976 2314 
10272 1705 1832 2041 2277 
10273 585 528 1958 2402 
10274 830 814 778 2538 
10275 1249 2339 2120 2587 
10276 718 660 615 1986 
10277 306 295 1879 2692 
10278 2026 2349 2037 2515 
10279 1647 2512 1844 2597 
10280 471 2080 476 2248 
10281 1095 1915 1092 2439 
10282 969 1876 968 2389 
10283 1038 1042 1911 2281 
10284 1892 2474 1859 2527 
10285 1662 2312 1836 2436 
10286 1662 1829 2312 2436 
10287 1810 2183 1700 2335 
10288 1747 2113 1918 2537 
10289 1629 2245 2093 2451 
10290 1638 1890 2258 2365 
10291 955 949 950 2371 
10292 1220 1205 2380 2388 
10293 479 530 2023 2516 
10294 663 1948 704 2158 
10295 699 608 1347 2457 
10296 385 430 345 2064 
10297 1677 1979 2135 2608 
10298 1235 1193 1234 2432 
10299 1711 2310 1913 2449 
10300 1969 2258 1708 2296 
10301 382 2315 426 2497 
10302 1736 2532 2041 2554 
10303 1131 403 442 2151 
10304 810 825 1902 2396 
10305 1851 2400 1148 2511 
10306 1849 2531 2079 2562 
10307 890 804 857 2009 
10308 275 1913 277 2458 
10309 1251 2187 1258 2463 
10310 2178 2249 1763 2394 
10311 2199 2207 1728 2643 
10312 733 2098 707 2433 
10313 1202 2407 1219 2660 
10314 1645 2394 2027 2446 
10315 729 2042 1359 2612 
10316 1653 1948 2130 2652 
10317 1661 1999 2037 2095 
10318 1218 1144 1220 2407 
10319 670 672 704 1948 
10320 1689 1949 2290 2604 
10321 725 1348 2042 2586 
10322 1646 2419 1908 2508 
10323 1663 2016 2181 2325 
10324 2103 2543 2270 2655 
10325 1698 1895 2107 2494 
10326 1719 1966 2227 2674 
10327 1629 2015 2104 2619 
10328 639 675 676 1975 
10329 1654 2071 2018 2684 
10330 2361 2410 1747 2447 
10331 446 577 574 1933 
10332 1815 2412 2121 2644 
10333 946 1910 2393 2626 
10334 20 1341 221 2342 
10335 1870 2171 1882 2598 
10336 1653 2158 1948 2219 
10337 2168 2609 2009 2610 
10338 1010 1880 1033 2583 
10339 1874 2187 1724 2319 
10340 843 2338 915 2348 
10341 1624 1980 1859 2286 
10342 1655 1900 2262 2536 
10343 1681 1860 2208 2445 
10344 1847 2134 1704 2163 
10345 1815 2223 1692 2484 
10346 927 2125 1057 2376 
10347 218 219 2073 2477 
10348 1655 1900 2024 2262 
10349 478 474 483 2087 
10350 1195 2098 647 2587 
10351 543 451 1114 2320 
10352 1657 1907 2025 2254 
10353 219 2477 1353 2586 
10354 1843 2136 2085 2653 
10355 1644 2110 2008 2549 
10356 459 2118 496 2205 
10357 483 531 478 2391 
10358 646 400 706 1947 
10359 839 841 837 2313 
10360 1970 2162 798 2544 
10361 1666 2193 1812 2280 
10362 2102 2340 1786 2664 
10363 1802 2124 2520 2589 
10364 680 2044 684 2284 
10365 1365 1356 1346 2002 
10366 1815 1692 2412 2484 
10367 664 602 724 1933 
10368 2132 2189 1740 2442 
10369 1623 2333 1962 2573 
10370 1172 1265 1163 2092 
10371 2098 2120 1702 2587 
10372 2012 2271 1753 2620 
10373 1643 1952 2448 2460 
10374 1080 1093 1099 2171 
10375 1944 2175 1757 2277 
10376 589 449 2064 2377 
10377 1630 1900 2188 2620 
10378 773 1830 2334 2665 
10379 1688 2140 2095 2687 
10380 739 742 2624 2661 
10381 999 939 938 1910 
10382 374 307 1857 2561 
10383 425 709 297 2328 
10384 1625 1936 2270 2543 
10385 725 2042 617 2586 
10386 1832 2126 1684 2144 
10387 375 2229 392 2244 
10388 1013 1880 1010 2243 
10389 1975 2382 1767 2514 
10390 1884 1980 1780 2222 
10391 1815 2535 2412 2644 
10392 782 784 783 2088 
10393 1808 2323 2073 2499 
10394 2231 2312 1901 2367 
10395 1088 1969 205 2439 
10396 479 2505 493 2516 
10397 1695 2291 1817 2700 
10398 342 331 428 2489 
10399 1292 1295 1219 2407 
10400 1197 2092 1172 2161 
10401 502 2151 595 2320 
10402 1121 1113 1112 2316 
10403 1795 2409 1290 2577 
10404 1852 2305 1701 2535 
10405 741 752 659 2404 
10406 981 979 967 2307 
10407 1965 2218 911 2396 
10408 2035 1961 2550 2554 
10409 2140 1763 2249 2394 
10410 1798 1930 2472 2517 
10411 742 2179 2624 2661 
10412 1821 2483 1696 2611 
10413 2064 1715 2391 2685 
10414 1926 2395 2259 2616 
10415 228 2287 1384 2423 
10416 1944 2063 1863 2582 
10417 1131 442 591 2151 
10418 1935 2211 1646 2680 
10419 1752 2034 1861 2660 
10420 2078 2164 977 2240 
10421 1882 2171 1716 2598 
10422 806 2084 2428 2681 
10423 364 2504 317 2672 
10424 387 1982 542 2551 
10425 1197 1198 1209 2161 
10426 1195 647 1273 2587 
10427 1015 1074 922 2438 
10428 1826 2162 1936 2609 
10429 1630 2012 1900 2620 
10430 1187 1171 1259 2633 
10431 781 780 779 2538 
10432 1817 1726 2247 2423 
10433 1185 2339 1246 2387 
10434 908 768 1895 2539 
10435 1632 1817 2247 2291 
10436 1846 1839 2225 2630 
10437 2005 2326 1658 2583 
10438 1694 1920 2068 2374 
10439 388 1982 386 2274 
10440 880 911 1965 2570 
10441 1848 2239 472 2411 
10442 1659 2106 2056 2207 
10443 1625 2146 1981 2325 
10444 1995 2200 1859 2527 
10445 1647 1951 2488 2512 
10446 1627 1996 1968 2189 
10447 1863 2298 1402 2409 
10448 1008 2119 2318 2626 
10449 1103 200 1076 1903 
10450 1636 2397 2288 2646 
10451 1622 1813 2322 2378 
10452 1831 2523 2187 2597 
10453 1749 2068 2282 2536 
10454 458 503 209 2205 
10455 1972 2420 2049 2617 
10456 613 1873 736 2497 
10457 1750 2455 2120 2571 
10458 1703 2292 1988 2311 
10459 1633 1813 2176 2351 
10460 1052 1915 992 2486 
10461 670 1948 663 2308 
10462 1833 2190 1697 2240 
10463 473 2023 470 2239 
10464 224 20 1403 2500 
10465 1236 1235 1928 2432 
10466 1310 1278 592 2098 
10467 616 2534 1986 2586 
10468 1668 2237 2068 2323 
10469 470 530 475 2447 
10470 296 2540 1879 2548 
10471 263 381 424 1873 
10472 1386 2014 897 2304 
10473 1271 1019 1140 2359 
10474 1720 2364 1914 2422 
10475 285 1973 290 2356 
10476 1657 1960 2090 2215 
10477 1915 2124 1092 2439 
10478 1678 2253 1827 2317 
10479 1172 1197 1199 2092 
10480 2000 2319 1874 2460 
10481 2023 2087 1666 2239 
10482 1993 2232 1637 2641 
10483 619 618 617 2006 
10484 1123 1104 2316 2483 
10485 1686 1844 2090 2465 
10486 1038 978 970 2354 
10487 230 1931 1392 2298 
10488 779 778 777 2538 
10489 915 805 864 2348 
10490 1900 2169 2024 2262 
10491 1348 1359 725 2042 
10492 1392 2298 1931 2553 
10493 2115 2250 1652 2333 
10494 486 1854 2248 2591 
10495 816 1795 898 2577 
10496 463 480 1889 2340 
10497 1661 1896 2045 2216 
10498 466 468 467 2276 
10499 1296 2149 2185 2592 
10500 1350 1367 1365 2126 
10501 1944 2063 1713 2288 
10502 2008 2193 1641 2659 
10503 1227 2241 1233 2511 
10504 1829 1802 2255 2589 
10505 1208 1906 1179 2289 
10506 2027 2367 1908 2601 
10507 887 831 833 2302 
10508 1075 1092 1087 2486 
10509 286 2045 274 2256 
10510 2004 2339 2232 2387 
10511 1174 1165 1173 2523 
10512 706 652 715 2294 
10513 872 809 869 2294 
10514 577 1933 446 2303 
10515 1354 1280 1275 2404 
10516 1122 2069 1130 2151 
10517 1254 1183 2038 2571 
10518 1813 1680 2351 2378 
10519 1821 2546 2483 2578 
10520 463 2340 1889 2606 
10521 1771 2212 2114 2322 
10522 305 1897 344 2510 
10523 1630 2075 2150 2271 
10524 2336 2550 1961 2554 
10525 322 395 2224 2621 
10526 1936 1670 2609 2648 
10527 1642 2049 2157 2688 
10528 2177 2280 1772 2408 
10529 1228 1226 2065 2241 
10530 1259 1171 2479 2633 
10531 818 2123 661 2294 
10532 1816 2437 2228 2569 
10533 1668 2073 1986 2477 
10534 724 664 1933 2437 
10535 505 564 506 2201 
10536 414 417 384 2243 
10537 1975 1767 2382 2684 
10538 1718 2318 1935 2346 
10539 1333 222 1340 1965 
10540 1829 2097 1721 2300 
10541 1637 2115 1855 2399 
10542 1821 1763 2166 2482 
10543 1678 2235 1836 2312 
10544 1929 2107 820 2493 
10545 2051 2173 1700 2183 
10546 2019 2456 2066 2488 
10547 634 704 2130 2593 
10548 1642 1972 2049 2617 
10549 1722 2288 2066 2397 
10550 1824 2145 2019 2238 
10551 1688 2037 1999 2095 
10552 296 1921 2540 2548 
10553 1120 2278 1846 2630 
10554 658 2234 2559 2624 
10555 856 876 848 2544 
10556 1137 1263 606 2196 
10557 1757 1931 1944 2456 
10558 504 975 2273 2380 
10559 2394 2446 2166 2520 
10560 770 1902 825 2629 
10561 207 1085 206 2524 
10562 767 853 870 1858 
10563 1836 2235 1091 2436 
10564 1922 2421 1851 2459 
10565 1974 2103 1686 2465 
10566 447 578 572 2061 
10567 472 474 2087 2519 
10568 824 1902 770 2337 
10569 710 426 263 2497 
10570 1760 1938 2013 2395 
10571 1884 2024 1900 2695 
10572 962 1058 1068 1862 
10573 573 1998 521 2321 
10574 1633 2176 1881 2351 
10575 305 354 344 1897 
10576 2125 2376 2000 2564 
10577 1805 2602 1985 2654 
10578 1635 2472 1930 2517 
10579 634 2130 633 2593 
10580 1254 2038 2432 2571 
10581 1907 2481 2254 2558 
10582 2014 2160 1701 2287 
10583 1667 2049 2420 2617 
10584 839 837 1978 2313 
10585 1977 2182 1676 2614 
10586 941 1935 943 2369 
10587 1636 2066 2397 2526 
10588 1090 1932 1081 2572 
10589 339 312 336 2053 
10590 930 967 979 1870 
10591 413 1977 414 2243 
10592 1628 2116 1983 2204 
10593 1993 2575 1906 2670 
10594 1681 2155 1857 2445 
10595 1647 2488 2066 2512 
10596 1655 2444 1980 2576 
10597 1740 2132 1823 2502 
10598 1851 2288 2397 2646 
10599 1353 1363 1371 2042 
10600 1969 2258 1777 2524 
10601 1760 2470 2395 2616 
10602 1020 759 917 2580 
10603 1959 1792 2415 2522 
10604 1943 1747 2410 2447 
10605 355 344 354 2058 
10606 1058 2269 1862 2627 
10607 430 2064 2377 2501 
10608 1935 2318 1718 2442 
10609 954 949 1017 2005 
10610 701 1273 647 2587 
10611 1823 2132 1740 2442 
10612 896 2170 891 2476 
10613 849 847 846 2210 
10614 1929 2493 820 2676 
10615 394 2142 277 2449 
10616 1226 1157 1225 1863 
10617 1669 1934 1982 2454 
10618 1979 2154 1709 2271 
10619 887 2014 895 2160 
10620 1710 2056 2106 2207 
10621 1033 1880 920 2583 
10622 198 1325 197 2525 
10623 540 2064 385 2551 
10624 1667 2091 1872 2147 
10625 330 421 2341 2561 
10626 1673 1871 2040 2463 
10627 1724 2187 1874 2696 
10628 1264 1287 1138 1967 
10629 1697 2017 1871 2385 
10630 1692 2334 1850 2603 
10631 2280 2408 1666 2659 
10632 800 2084 801 2476 
10633 1902 1712 2396 2629 
10634 1226 1863 1225 2409 
10635 512 568 2061 2194 
10636 493 479 485 2505 
10637 1254 2038 1183 2432 
10638 1707 1816 2345 2437 
10639 1777 2207 2199 2643 
10640 303 1860 298 2634 
10641 202 2097 1829 2300 
10642 1948 2308 1828 2374 
10643 641 1925 703 2275 
10644 1666 2280 2177 2408 
10645 2023 2516 530 2537 
10646 761 895 1380 2160 
10647 2092 2217 1737 2590 
10648 1653 2531 1849 2562 
10649 1711 1866 2142 2398 
10650 2154 2271 1979 2542 
10651 574 1933 577 2607 
10652 2061 2194 1696 2375 
10653 1681 1964 2445 2499 
10654 1949 2452 1807 2461 
10655 992 991 1059 2486 
10656 1168 2094 1162 2319 
10657 1846 2225 2153 2630 
10658 1698 2295 2085 2386 
10659 432 388 332 2274 
10660 1196 2466 1237 2491 
10661 829 785 2174 2676 
10662 1713 2063 1944 2582 
10663 854 1260 2261 2555 
10664 830 780 2088 2538 
10665 968 969 956 1876 
10666 1287 1967 1293 2555 
10667 2008 2280 2193 2659 
10668 1820 2073 2341 2561 
10669 1045 992 1052 1915 
10670 1736 2035 2252 2532 
10671 2048 2225 1758 2549 
10672 1192 2202 2021 2246 
10673 1667 2420 1972 2617 
10674 1679 1846 2249 2278 
10675 1408 1388 1378 2577 
10676 671 2308 2020 2497 
10677 206 205 1969 2524 
10678 857 1262 766 2009 
10679 1392 1398 2298 2553 
10680 2041 2506 1887 2554 
10681 716 610 454 2303 
10682 1878 2523 2040 2545 
10683 875 1965 911 2396 
10684 858 891 888 2428 
10685 1697 1941 2190 2325 
10686 985 2172 2078 2390 
10687 1694 2219 1920 2374 
10688 752 741 683 2284 
10689 2239 2361 2023 2447 
10690 354 2142 334 2501 
10691 1677 2135 2082 2507 
10692 1688 1846 2249 2368 
10693 982 967 1032 2125 
10694 408 438 2151 2510 
10695 1693 2013 1938 2395 
10696 1913 2142 1711 2449 
10697 1910 2148 1740 2211 
10698 1812 2280 2193 2527 
10699 1702 2120 2098 2402 
10700 2072 2224 395 2621 
10701 1682 1854 2345 2607 
10702 1208 1250 1305 2196 
10703 655 2433 1919 2657 
10704 701 733 2433 2587 
10705 1765 1957 2372 2424 
10706 1892 2310 1711 2576 
10707 339 340 269 1895 
10708 2159 2345 2015 2699 
10709 336 1977 413 2206 
10710 204 203 1109 2178 
10711 825 824 810 1902 
10712 874 908 768 1895 
10713 806 2084 800 2428 
10714 1783 2405 1909 2603 
10715 2079 2531 2036 2562 
10716 1806 2138 2016 2417 
10717 1207 1212 1213 2463 
10718 461 463 1889 2375 
10719 1113 1125 2061 2487 
10720 1750 2427 1928 2432 
10721 893 2263 824 2337 
10722 290 2356 1973 2692 
10723 853 890 2168 2269 
10724 1317 1268 1283 2564 
10725 1179 2289 1906 2491 
10726 824 2263 1902 2337 
10727 701 2004 1273 2587 
10728 1782 2530 2074 2602 
10729 880 1804 2570 2623 
10730 1689 2257 2461 2604 
10731 1722 1851 2288 2397 
10732 1010 955 1009 2371 
10733 1804 2416 2123 2568 
10734 598 561 557 2185 
10735 1191 2246 2040 2545 
10736 1627 1843 2085 2295 
10737 1628 2169 2024 2695 
10738 1688 2368 2140 2687 
10739 1720 2422 1914 2631 
10740 1066 2317 1932 2438 
10741 830 780 783 2088 
10742 1161 2009 1284 2560 
10743 1658 2032 2330 2679 
10744 525 1918 2113 2537 
10745 1847 2407 2363 2533 
10746 1392 1931 1376 2553 
10747 1963 2082 1677 2154 
10748 1238 1243 1241 2217 
10749 943 1935 944 2588 
10750 1670 2146 1936 2609 
10751 1886 1683 2149 2671 
10752 2198 2455 1637 2686 
10753 2135 2242 1788 2507 
10754 366 2356 2029 2634 
10755 1675 2119 1876 2354 
10756 318 1912 362 2453 
10757 858 800 815 2084 
10758 2270 2543 1824 2655 
10759 306 295 296 2540 
10760 2007 2188 1808 2257 
10761 298 2208 1860 2445 
10762 1689 2461 1949 2604 
10763 603 2083 734 2559 
10764 1824 2019 2145 2683 
10765 1707 1842 2141 2686 
10766 2309 2370 1885 2435 
10767 197 1072 974 2525 
10768 2118 2468 1683 2642 
10769 687 649 686 1917 
10770 504 1040 975 2380 
10771 1771 2049 1972 2420 
10772 1648 1925 2070 2575 
10773 1091 1094 1084 1836 
10774 1244 1316 2376 2622 
10775 1779 1899 2126 2431 
10776 407 391 429 2572 
10777 503 2205 1886 2418 
10778 2120 2339 1702 2587 
10779 1924 2224 1793 2489 
10780 1768 1943 2276 2410 
10781 694 691 2071 2569 
10782 667 2186 668 2192 
10783 1369 1347 1366 2457 
10784 1661 2045 1913 2216 
10785 363 320 2072 2467 
10786 1167 1158 1252 2187 
10787 1351 1358 2144 2693 
10788 1871 1673 2040 2385 
10789 1750 2432 2038 2571 
10790 1149 2400 1148 2459 
10791 1348 725 1374 2586 
10792 1795 2010 2557 2647 
10793 497 2156 507 2645 
10794 518 517 2321 2411 
10795 463 2233 1889 2375 
10796 829 785 779 2174 
10797 1135 1286 1026 2376 
10798 1698 2165 2085 2295 
10799 845 797 792 1970 
10800 1180 2289 1176 2462 
10801 1868 1680 2222 2267 
10802 1391 761 1380 2160 
10803 1759 2408 2280 2659 
10804 291 364 2122 2504 
10805 1842 2201 2198 2455 
10806 2008 2110 1759 2549 
10807 1694 1828 2308 2374 
10808 2141 2248 1842 2327 
10809 739 2624 1883 2661 
10810 1122 1115 1119 2630 
10811 353 352 351 2133 
10812 1665 2386 2085 2653 
10813 399 714 743 2186 
10814 1811 1977 2355 2614 
10815 556 1883 539 2661 
10816 694 2071 2018 2569 
10817 681 640 680 1898 
10818 686 2230 1917 2567 
10819 833 796 2100 2302 
10820 1625 2103 1940 2543 
10821 603 734 730 2559 
10822 1265 2092 1199 2217 
10823 1316 1244 1214 2622 
10824 1690 2200 1995 2441 
10825 1672 2295 1879 2635 
10826 1903 1721 2143 2256 
10827 484 1841 2496 2505 
10828 1688 1846 2178 2249 
10829 1944 2288 1713 2506 
10830 881 2313 839 2650 
10831 637 2414 1828 2534 
10832 1222 1223 1224 2099 
10833 1740 1823 2442 2502 
10834 1691 1823 2329 2434 
10835 1892 2110 2368 2687 
10836 1897 2398 1715 2549 
10837 904 909 855 2010 
10838 926 1027 1030 2170 
10839 1713 2600 2127 2675 
10840 818 661 726 2294 
10841 435 541 2058 2377 
10842 881 840 885 2281 
10843 1723 1926 2013 2306 
10844 1968 1996 1675 2189 
10845 1065 1019 925 2359 
10846 516 464 500 1923 
10847 2002 2284 1684 2457 
10848 2452 2461 1949 2694 
10849 1668 2073 1857 2341 
10850 625 626 627 2401 
10851 1126 1839 2278 2630 
10852 313 438 402 2151 
10853 655 698 1919 2433 
10854 1626 2180 2106 2585 
10855 890 2009 852 2168 
10856 330 2341 307 2561 
10857 1991 2043 1705 2700 
10858 379 293 300 2155 
10859 1705 1832 2277 2566 
10860 1646 2383 1935 2508 
10861 443 419 377 1947 
10862 634 628 633 2130 
10863 1862 2021 1670 2067 
10864 1681 2499 2169 2628 
10865 1845 2179 1669 2562 
10866 2073 2477 1808 2499 
10867 2041 2532 2506 2554 
10868 1848 1679 2203 2321 
10869 1828 2374 1744 2414 
10870 971 987 2109 2381 
10871 1684 2284 1898 2639 
10872 450 1132 568 2194 
10873 1834 2508 1935 2588 
10874 2024 2169 1681 2262 
10875 1381 2121 2055 2665 
10876 1760 2362 1976 2616 
10877 1660 1824 2403 2543 
10878 285 292 287 2358 
10879 1374 725 607 2586 
10880 930 1870 979 2518 
10881 845 1970 798 2544 
10882 2013 2252 1723 2306 
10883 2156 2505 1735 2516 
10884 1633 1949 2443 2541 
10885 1655 2024 1891 2262 
10886 1109 203 1120 2278 
10887 1939 1671 2490 2503 
10888 765 2010 1383 2304 
10889 473 472 474 2087 
10890 1260 1294 2261 2555 
10891 1680 2197 1959 2378 
10892 1180 1179 1176 2289 
10893 1860 2208 298 2634 
10894 1858 1053 2406 2580 
10895 2198 2455 1838 2641 
10896 333 326 324 2366 
10897 1396 1380 1394 2014 
10898 1844 2103 1869 2655 
10899 1005 946 2393 2626 
10900 671 663 721 2020 
10901 1699 1851 2397 2646 
10902 1661 2095 1980 2576 
10903 1825 2397 2066 2526 
10904 1707 1958 1919 2618 
10905 1306 2339 2004 2387 
10906 548 446 602 2303 
10907 1852 2302 830 2535 
10908 2083 2156 1687 2645 
10909 1816 2159 1855 2345 
10910 1844 1686 2103 2465 
10911 1667 2091 1990 2420 
10912 1704 1870 2134 2379 
10913 1684 2044 1898 2284 
10914 1723 2252 2035 2526 
10915 1220 1205 1292 2380 
10916 1765 2174 2357 2688 
10917 1669 2079 2036 2562 
10918 2019 2481 1824 2655 
10919 1824 1660 2238 2543 
10920 1172 2092 1163 2633 
10921 2066 2456 1722 2488 
10922 1807 2461 2500 2604 
10923 1963 2082 1812 2384 
10924 319 2139 1924 2467 
10925 1696 2483 2316 2611 
10926 651 692 2179 2624 
10927 486 2248 1854 2327 
10928 789 782 1984 2649 
10929 1924 1694 2139 2315 
10930 2035 2526 2252 2532 
10931 674 676 675 2309 
10932 582 454 1958 2303 
10933 791 1957 785 2493 
10934 680 1898 640 2514 
10935 218 219 1335 2416 
10936 1707 2345 1933 2437 
10937 2048 2058 535 2685 
10938 1039 1043 1073 2046 
10939 1673 1871 2017 2385 
10940 942 2128 1941 2417 
10941 518 2321 1848 2411 
10942 673 623 621 2299 
10943 2034 2363 199 2379 
10944 896 891 815 2476 
10945 651 644 692 2624 
10946 1821 2483 2316 2578 
10947 2226 2283 1806 2605 
10948 2277 2288 1944 2506 
10949 2027 2394 1802 2446 
10950 1008 1005 964 2119 
10951 1851 2421 1922 2646 
10952 1799 2330 2032 2679 
10953 965 976 1031 2067 
10954 1753 1884 2222 2286 
10955 604 731 735 1885 
10956 1995 1859 2474 2527 
10957 1805 2581 2195 2584 
10958 223 222 1965 2690 
10959 1747 2023 2361 2447 
10960 201 1076 200 1903 
10961 512 568 572 2061 
10962 1831 2129 1699 2512 
10963 363 1912 318 2467 
10964 1376 230 229 1931 
10965 573 2487 2321 2673 
10966 910 2009 766 2560 
10967 306 310 295 2692 
10968 1232 2400 2063 2511 
10969 1689 2290 2077 2604 
10970 1666 2023 2239 2361 
10971 1998 2321 573 2487 
10972 499 1918 2516 2645 
10973 2166 2546 1777 2643 
10974 1694 1948 2219 2374 
10975 312 2053 359 2540 
10976 1783 2352 2603 2628 
10977 2081 2145 2019 2683 
10978 416 2218 370 2629 
10979 1835 2245 2079 2451 
10980 1715 2391 2353 2496 
10981 337 311 357 2355 
10982 1704 2191 2163 2564 
10983 478 479 473 2087 
10984 2012 1753 2271 2286 
10985 1236 1235 1303 1928 
10986 1172 2161 2092 2633 
10987 836 1984 782 2372 
10988 2173 2480 1700 2521 
10989 457 435 541 2058 
10990 1662 2296 2508 2601 
10991 881 839 840 2650 
10992 1623 2430 1946 2636 
10993 743 613 423 2186 
10994 1735 2079 1954 2156 
10995 1634 2362 1945 2654 
10996 2241 2293 1951 2488 
10997 1787 2531 1849 2593 
10998 1766 1923 2611 2682 
10999 2134 2171 198 2379 
11000 1827 2326 1658 2547 
11001 494 528 529 2498 
11002 1693 2215 1926 2259 
11003 789 784 782 2649 
11004 796 788 859 2492 
11005 1685 2042 2214 2612 
11006 1636 2397 2035 2526 
11007 1972 2247 1701 2291 
11008 18 2117 2034 2195 
11009 1911 1971 1751 2344 
11010 1702 1842 2455 2498 
11011 1874 1673 2187 2463 
11012 1761 2227 1966 2674 
11013 833 832 796 2302 
11014 550 565 727 1934 
11015 1719 2632 1966 2674 
11016 2303 2437 664 2618 
11017 1021 864 805 2348 
11018 2178 2394 1802 2589 
11019 1688 2095 2368 2687 
11020 739 734 712 2083 
11021 1231 2279 1997 2574 
11022 1662 2296 1834 2508 
11023 1990 2091 1738 2420 
11024 1705 2277 2175 2566 
11025 1216 2021 1192 2202 
11026 819 2107 878 2539 
11027 350 351 2011 2253 
11028 2004 2232 1734 2387 
11029 516 2411 1923 2673 
11030 2049 1691 2285 2415 
11031 1164 1173 1165 2293 
11032 1706 2289 2038 2462 
11033 1201 2191 2425 2564 
11034 656 689 691 2230 
11035 1048 917 1044 1956 
11036 1823 2189 2132 2442 
11037 825 770 824 1902 
11038 1703 2311 1970 2637 
11039 1774 1966 2028 2608 
11040 326 1866 2501 2621 
11041 1724 1874 2460 2696 
11042 1356 2002 1367 2457 
11043 1187 2161 1172 2633 
11044 1802 2446 1969 2601 
11045 528 582 585 1958 
11046 682 2284 2099 2615 
11047 709 717 1845 2328 
11048 1955 2557 2010 2647 
11049 2232 2339 1838 2387 
11050 1657 2215 2090 2473 
11051 1300 2427 2120 2571 
11052 655 654 2228 2618 
11053 1878 2523 1831 2597 
11054 1106 1121 1124 1998 
11055 286 358 274 2045 
11056 1076 1903 201 2300 
11057 1918 1687 2156 2645 
11058 1105 1126 1115 1839 
11059 1757 2254 1907 2481 
11060 1046 2182 1067 2243 
11061 999 2393 1910 2417 
11062 1946 2362 1745 2573 
11063 365 292 285 2634 
11064 1640 2059 2041 2268 
11065 1775 2330 2231 2547 
11066 1040 504 569 2380 
11067 1916 2434 2521 2522 
11068 869 880 872 2570 
11069 339 1895 341 2450 
11070 335 312 311 2540 
11071 1898 2284 680 2615 
11072 2120 2427 560 2498 
11073 1106 1121 1998 2487 
11074 493 485 497 2156 
11075 2104 2422 1917 2656 
11076 1091 2235 1836 2438 
11077 661 912 756 2123 
11078 2440 2580 1858 2691 
11079 1704 2125 1870 2689 
11080 516 517 2411 2673 
11081 1881 1680 2267 2594 
11082 467 468 522 1943 
11083 2040 2523 1258 2545 
11084 1094 1836 1091 2436 
11085 596 542 1982 2551 
11086 859 797 847 2492 
11087 1706 2031 2392 2550 
11088 1879 2540 1921 2548 
11089 1191 2040 1258 2545 
11090 1722 2063 1944 2288 
11091 942 1018 948 1941 
11092 1856 2392 2031 2669 
11093 408 2069 343 2510 
11094 2023 2093 1735 2516 
11095 2106 2207 1950 2585 
11096 854 1260 771 2261 
11097 1735 2156 1954 2505 
11098 224 2257 20 2500 
11099 1351 1358 231 2144 
11100 2043 2059 1719 2541 
11101 1787 2364 1917 2422 
11102 1917 2364 1720 2422 
11103 1182 771 1260 2261 
11104 1349 227 228 2426 
11105 610 707 454 1958 
11106 2110 2249 1846 2368 
11107 329 424 380 2086 
11108 568 1132 1108 2194 
11109 1843 1717 2204 2386 
11110 1297 1139 586 2185 
11111 1231 1997 1188 2574 
11112 493 2156 499 2516 
11113 1873 1694 2308 2497 
11114 982 1057 927 2125 
11115 1655 2282 1912 2509 
11116 1759 2048 2391 2549 
11117 303 393 298 1860 
11118 561 503 458 2205 
11119 1973 2116 1672 2635 
11120 813 2057 841 2313 
11121 450 458 209 2205 
11122 1758 1839 2225 2552 
11123 342 332 331 2489 
11124 1978 1785 2226 2313 
11125 1686 2181 1974 2465 
11126 2156 2516 1918 2645 
11127 883 818 726 2294 
11128 1750 1838 2455 2571 
11129 1760 2362 2013 2573 
11130 2013 2362 1946 2573 
11131 1990 2270 1824 2651 
11132 1914 2130 1744 2652 
11133 348 286 347 2143 
11134 1844 2103 1974 2465 
11135 2019 2481 2081 2683 
11136 1041 863 1023 2269 
11137 514 448 555 2213 
11138 1749 2282 2262 2536 
11139 1130 1134 408 2069 
11140 1079 1091 2235 2436 
11141 1717 2076 1879 2692 
11142 1711 1866 2200 2621 
11143 1774 2251 2001 2268 
11144 1857 2445 374 2561 
11145 888 1911 2281 2650 
11146 1145 1143 1146 2675 
11147 1900 2012 1630 2536 
11148 1690 2200 2072 2509 
11149 1695 2360 1991 2541 
11150 1173 1174 1878 2574 
11151 1234 2062 1184 2590 
11152 1815 2484 2412 2535 
11153 1655 2509 2444 2576 
11154 1164 1951 1233 2293 
11155 1074 1090 2235 2438 
11156 497 499 2156 2645 
11157 985 1035 2078 2172 
11158 380 325 2139 2315 
11159 712 603 445 2083 
11160 1821 2316 2483 2611 
11161 304 298 2229 2445 
11162 1638 2475 1890 2528 
11163 1870 2171 2134 2379 
11164 1810 2378 1992 2667 
11165 291 283 364 2504 
11166 227 2043 2426 2694 
11167 1193 1183 2038 2432 
11168 221 1403 20 2055 
11169 1668 1857 2073 2323 
11170 227 2452 2043 2694 
11171 1786 2340 1889 2663 
11172 1146 2063 1232 2400 
11173 1055 1932 1066 2317 
11174 1892 1644 2310 2368 
11175 964 1008 2119 2318 
11176 1698 2053 1895 2494 
11177 2085 2386 1843 2653 
11178 1715 2353 2064 2496 
11179 1325 1324 1323 2525 
11180 1625 2270 2103 2543 
11181 1857 2445 1964 2499 
11182 924 1023 767 2269 
11183 2093 2451 1735 2516 
11184 1854 1682 2113 2607 
11185 1826 2162 2609 2610 
11186 2072 2200 1711 2509 
11187 1826 2609 2168 2610 
11188 1695 2114 1991 2360 
11189 383 321 1924 2489 
11190 1841 2391 531 2496 
11191 523 2537 2113 2591 
11192 589 2064 562 2685 
11193 1662 2312 1829 2367 
11194 2376 2390 1773 2622 
11195 561 496 511 2185 
11196 408 403 1110 2151 
11197 1799 2480 2173 2521 
11198 1254 1185 1183 2571 
11199 1892 1812 2474 2527 
11200 1682 2104 1917 2656 
11201 1174 2545 1878 2574 
11202 444 368 415 2697 
11203 767 1858 870 2580 
11204 1673 1874 2187 2696 
11205 2002 2044 1684 2284 
11206 1045 990 992 2429 
11207 1703 2091 2050 2270 
11208 362 318 363 1912 
11209 498 1954 537 2454 
11210 522 1943 468 2447 
11211 1739 2030 1962 2410 
11212 2141 2324 1855 2345 
11213 2068 2237 1630 2536 
11214 1786 1953 2213 2468 
11215 1661 2310 2095 2576 
11216 683 741 682 2284 
11217 2023 2093 1747 2361 
11218 518 519 482 2321 
11219 1031 1024 1068 2359 
11220 1394 1384 2287 2423 
11221 1707 2324 2141 2345 
11222 1926 2106 1778 2616 
11223 670 2308 637 2414 
11224 1795 2557 2298 2647 
11225 1731 2219 2158 2562 
11226 321 319 383 1924 
11227 1287 1967 1264 2560 
11228 1701 2302 1852 2535 
11229 2056 1710 2220 2475 
11230 364 281 317 2504 
11231 1199 1197 1242 2590 
11232 1978 2428 1732 2681 
11233 1729 2301 1887 2336 
11234 911 875 817 1965 
11235 530 470 473 2023 
11236 1630 2271 2012 2620 
11237 1697 2325 1974 2385 
11238 1696 2314 2233 2375 
11239 300 293 299 2155 
11240 200 346 271 2256 
11241 1622 2089 1960 2667 
11242 1659 2395 2470 2616 
11243 2063 2400 2288 2511 
11244 1666 2093 2023 2361 
11245 1638 2033 1875 2556 
11246 205 1969 1078 2439 
11247 1998 2278 1124 2599 
11248 917 1956 1048 2580 
11249 1698 1895 2053 2450 
11250 1907 1991 1705 2700 
11251 1236 2432 2427 2571 
11252 361 2449 2072 2621 
11253 1851 2397 1951 2421 
11254 582 548 454 2303 
11255 1123 1113 2061 2316 
11256 1844 1673 2597 2696 
11257 1289 966 1205 2388 
11258 2175 2277 1832 2566 
11259 1111 1129 210 2530 
11260 1912 1690 2282 2467 
11261 1215 1192 2021 2246 
11262 1712 2352 1830 2690 
11263 464 462 500 2233 
11264 1892 2310 1644 2398 
11265 827 828 1929 2677 
11266 321 323 2224 2489 
11267 1665 2174 1850 2357 
11268 1681 2445 1857 2499 
11269 1279 1166 1400 2577 
11270 723 1947 706 2568 
11271 1824 2270 1990 2403 
11272 1670 2146 1981 2648 
11273 2035 2397 1636 2646 
11274 1310 1195 1278 2098 
11275 1707 2141 1842 2327 
11276 1672 2548 1973 2635 
11277 838 2428 1978 2681 
11278 1842 2201 2455 2498 
11279 1647 1831 2512 2597 
11280 677 745 684 2044 
11281 884 1904 899 2529 
11282 1287 1231 1293 2279 
11283 1830 2665 2396 2690 
11284 2054 1788 2159 2668 
11285 1751 1978 2226 2313 
11286 1832 2277 1944 2506 
11287 1730 2102 1939 2503 
11288 1673 2017 1974 2385 
11289 1627 2136 1843 2480 
11290 312 359 306 2540 
11291 1732 2428 2084 2681 
11292 667 736 613 1873 
11293 674 673 657 2214 
11294 882 1406 764 2121 
11295 1736 2035 2532 2554 
11296 1861 2149 1752 2660 
11297 762 1989 398 2539 
11298 546 520 588 2111 
11299 1894 1685 2101 2485 
11300 201 2256 200 2613 
11301 1894 2188 1784 2632 
11302 844 787 1988 2292 
11303 1719 2541 1949 2694 
11304 557 586 1139 2185 
11305 1697 2164 2078 2240 
11306 2053 2165 1755 2614 
11307 1765 2049 2157 2424 
11308 747 684 745 2002 
11309 1718 2189 2137 2513 
11310 1126 2278 1839 2599 
11311 1899 2370 1349 2426 
11312 1905 2214 1761 2347 
11313 1844 2512 2129 2597 
11314 2113 2537 2471 2591 
11315 382 383 325 2315 
11316 461 463 480 1889 
11317 1681 1891 2024 2262 
11318 703 2275 1925 2638 
11319 1795 2298 2010 2647 
11320 1277 1308 1216 2021 
11321 590 1839 2320 2552 
11322 1366 2457 1347 2693 
11323 574 524 526 2607 
11324 1843 2204 1717 2635 
11325 574 2373 1933 2607 
11326 1853 2354 1876 2389 
11327 1940 2543 2103 2655 
11328 2047 2144 1837 2693 
11329 1759 2110 2008 2280 
11330 613 668 667 2186 
11331 1891 2155 1681 2208 
11332 456 579 2213 2468 
11333 962 1058 1862 2627 
11334 1794 2116 1973 2356 
11335 1761 2214 1905 2299 
11336 1748 2365 2381 2495 
11337 1639 1872 2147 2329 
11338 523 522 2537 2591 
11339 1689 1900 2169 2695 
11340 845 2210 1970 2544 
11341 1935 2508 1834 2680 
11342 1652 1855 2333 2699 
11343 275 273 274 2458 
11344 1713 2047 2600 2675 
11345 2055 2223 1401 2500 
11346 1203 1204 2000 2425 
11347 491 592 1278 2098 
11348 341 2450 1895 2539 
11349 2282 2467 1690 2625 
11350 1744 1948 2374 2652 
11351 522 1943 2447 2591 
11352 2155 2262 1681 2323 
11353 1692 1830 2334 2603 
11354 2072 2449 1867 2509 
11355 269 341 1895 2539 
11356 2314 2350 1889 2602 
11357 457 402 435 2058 
11358 647 2098 733 2587 
11359 717 754 709 1845 
11360 2000 1203 2425 2564 
11361 354 360 334 2142 
11362 1711 2200 2072 2621 
11363 2420 2558 2212 2651 
11364 1175 1149 2459 2491 
11365 1899 2227 1779 2370 
11366 1123 2061 1118 2194 
11367 2109 2296 1708 2365 
11368 789 1984 836 2681 
11369 805 899 884 1904 
11370 2131 2421 1154 2596 
11371 2000 2448 1801 2460 
11372 1725 2246 2202 2545 
11373 1883 2624 2179 2661 
11374 1163 1159 1162 2094 
11375 806 2428 838 2681 
11376 519 573 521 2321 
11377 1018 977 2164 2240 
11378 1646 2508 1935 2680 
11379 1394 2014 1386 2304 
11380 471 476 477 2248 
11381 1740 2211 2148 2502 
11382 1892 2095 1624 2687 
11383 1838 1734 2232 2387 
11384 2222 2267 1680 2594 
11385 1720 1917 2422 2656 
11386 704 672 628 2130 
11387 1695 2452 1949 2541 
11388 1261 1182 1290 2261 
11389 1687 2245 2079 2531 
11390 2136 2563 1792 2653 
11391 1847 2191 2363 2407 
11392 1635 2470 2272 2611 
11393 1768 2411 1848 2682 
11394 470 2239 2023 2447 
11395 1303 1302 1236 2427 
11396 1886 2205 210 2418 
11397 1632 2558 2420 2651 
11398 1643 2448 2000 2460 
11399 1653 2478 2150 2652 
11400 1354 1370 1280 2404 
11401 1188 1231 1200 1997 
11402 1721 2231 2143 2349 
11403 414 413 335 1977 
11404 1215 2021 1308 2359 
11405 2406 2580 1053 2691 
11406 1869 2103 1738 2651 
11407 1635 2177 2203 2682 
11408 1060 996 995 2583 
11409 1777 2446 2166 2643 
11410 839 837 838 1978 
11411 1381 1399 2121 2665 
11412 1798 2267 1868 2594 
11413 2057 2226 1785 2313 
11414 1868 2267 2222 2594 
11415 1951 2397 1699 2421 
11416 399 743 423 2186 
11417 492 2591 2113 2607 
11418 903 854 849 2555 
11419 880 2570 1965 2623 
11420 1086 1092 1094 2436 
11421 276 277 275 1913 
11422 2076 2692 1717 2697 
11423 2061 2487 578 2673 
11424 1702 2402 2098 2433 
11425 205 2108 1117 2578 
11426 427 268 382 2020 
11427 943 941 944 1935 
11428 1370 1354 1366 2404 
11429 1135 1316 1286 2376 
11430 320 395 2072 2224 
11431 1931 1726 2423 2553 
11432 1271 1024 925 2359 
11433 1376 1392 230 1931 
11434 2120 2402 1702 2498 
11435 2012 2282 1920 2536 
11436 856 848 889 2560 
11437 1935 2346 944 2588 
11438 1674 2406 2138 2691 
11439 1672 1843 2480 2635 
11440 181 1271 925 1019 
11441 428 382 268 2020 
11442 590 546 588 2552 
11443 1985 2602 1634 2654 
11444 1918 2156 1687 2451 
11445 850 860 1955 2666 
11446 207 208 2056 2483 
11447 2231 2330 1901 2547 
11448 954 945 949 2346 
11449 566 598 2331 2418 
11450 378 2244 2218 2570 
11451 527 499 1918 2516 
11452 228 227 1384 2287 
11453 993 998 991 2105 
11454 2245 2478 1835 2531 
11455 1923 2276 1768 2411 
11456 1744 2374 1948 2414 
11457 274 358 276 2045 
11458 1758 2058 1897 2510 
11459 1642 2157 2049 2415 
11460 2019 2066 1757 2481 
11461 2008 1892 2398 2527 
11462 2019 1824 2481 2683 
11463 1715 1841 2353 2391 
11464 1090 1096 1081 1932 
11465 1677 2028 1979 2608 
11466 1953 1683 2468 2642 
11467 1912 2072 1690 2467 
11468 1669 2079 1954 2332 
11469 1692 2405 2223 2500 
11470 1702 2455 2120 2498 
11471 855 1387 153 765 
11472 1271 1140 1291 2359 
11473 721 711 605 2020 
11474 1750 2455 2201 2498 
11475 760 867 916 2170 
11476 614 1224 700 2099 
11477 1752 2363 2191 2407 
11478 1222 2099 1282 2464 
11479 656 689 2230 2437 
11480 1227 1270 1233 2241 
11481 806 800 858 2428 
11482 2027 2037 1631 2255 
11483 1685 2612 2214 2674 
11484 959 976 965 2164 
11485 2001 2251 1640 2268 
11486 682 680 2284 2615 
11487 1859 2286 2012 2474 
11488 1856 2217 1238 2590 
11489 1926 2215 1728 2259 
11490 1822 2096 2092 2217 
11491 2121 2334 1830 2665 
11492 1766 2611 2203 2682 
11493 1839 1115 2320 2630 
11494 630 694 2018 2569 
11495 20 218 2073 2477 
11496 1812 1892 2280 2527 
11497 1236 2427 1300 2571 
11498 1312 1222 1282 2464 
11499 1245 1208 1179 2289 
11500 630 2018 636 2569 
11501 1675 2344 1911 2428 
11502 1676 2165 1996 2494 
11503 1073 1097 1039 2046 
11504 997 998 994 2003 
11505 282 2358 2236 2504 
11506 630 636 694 2569 
11507 1663 2128 1910 2417 
11508 1257 1284 1216 2202 
11509 1815 2305 1852 2535 
11510 785 2493 1957 2676 
11511 430 2377 396 2501 
11512 765 1387 153 1383 
11513 715 2294 2123 2568 
11514 1867 1661 2444 2576 
11515 559 507 556 2083 
11516 765 904 2010 2666 
11517 680 679 2044 2514 
11518 868 420 768 2539 
11519 408 1110 1130 2151 
11520 1912 2509 2072 2698 
11521 1642 2305 2617 2688 
11522 1715 2377 2058 2685 
11523 199 2034 18 2363 
11524 765 2010 2304 2666 
11525 1670 2021 2202 2648 
11526 1728 2199 1992 2667 
11527 1965 2570 1804 2623 
11528 1134 1107 200 2069 
11529 920 1033 1013 1880 
11530 1385 228 1384 2423 
11531 839 1978 838 2650 
11532 308 307 329 2086 
11533 1852 2617 2305 2688 
11534 969 968 1027 2389 
11535 1752 2407 2191 2660 
11536 337 357 2133 2355 
11537 742 2179 692 2624 
11538 1873 2315 1694 2497 
11539 1163 2094 1168 2633 
11540 1969 2166 1777 2446 
11541 1695 2043 2452 2541 
11542 1312 1275 1280 2404 
11543 1899 2043 1719 2426 
11544 732 696 702 2196 
11545 1393 1377 226 1927 
11546 1695 1907 2291 2700 
11547 2198 2201 1750 2455 
11548 1017 949 955 2005 
11549 1845 2469 2179 2562 
11550 348 347 349 2143 
11551 805 1036 1021 2348 
11552 1126 1124 2278 2599 
11553 1692 2055 1830 2603 
11554 2357 2484 2405 2688 
11555 1882 2184 1643 2598 
11556 570 707 722 2098 
11557 1089 1093 1073 2046 
11558 1629 2384 2082 2507 
11559 1709 2150 1979 2271 
11560 1273 1160 1306 2004 
11561 1942 2357 2174 2688 
11562 2045 2143 1721 2256 
11563 1168 1186 1178 2479 
11564 1118 1113 1125 2061 
11565 1950 2475 2207 2556 
11566 1758 2320 1839 2552 
11567 315 318 362 2453 
11568 1041 1023 1058 2269 
11569 1665 2174 1957 2676 
11570 1662 2508 1908 2601 
11571 510 2118 508 2663 
11572 1854 1707 2141 2345 
11573 1729 2491 2301 2670 
11574 903 2544 876 2555 
11575 2020 2308 1694 2497 
11576 534 540 575 2496 
11577 1802 2124 1969 2520 
11578 1710 2207 1950 2475 
11579 554 495 558 2380 
11580 374 330 307 2561 
11581 1677 2154 1979 2542 
11582 970 964 2119 2354 
11583 321 2224 1924 2489 
11584 1642 2357 2405 2688 
11585 1744 2130 1914 2640 
11586 1160 1263 1250 2196 
11587 1286 1026 2376 2390 
11588 1823 1916 2434 2521 
11589 1857 2073 1756 2561 
11590 1174 1258 2523 2545 
11591 527 499 525 1918 
11592 1398 1387 1388 2010 
11593 685 624 625 2401 
11594 1661 1896 2216 2515 
11595 1676 1904 2182 2206 
11596 1893 1752 2407 2533 
11597 199 198 2171 2379 
11598 2264 2322 2114 2360 
11599 653 615 616 1986 
11600 1402 1404 232 2409 
11601 1338 2123 795 2623 
11602 493 497 499 2156 
11603 1194 1312 1282 2404 
11604 2350 2490 1786 2642 
11605 1123 1111 1128 2074 
11606 1687 1877 2083 2645 
11607 1206 1215 1291 2246 
11608 449 265 385 2064 
11609 1078 1969 205 2524 
11610 1094 1836 2436 2486 
11611 758 1344 220 2209 
11612 876 2544 1967 2555 
11613 1972 2291 1701 2305 
11614 1695 2264 2114 2360 
11615 1712 1830 2396 2690 
11616 282 287 2236 2358 
11617 1720 2054 2159 2668 
11618 644 1849 2593 2624 
11619 784 787 786 1988 
11620 497 507 499 2645 
11621 900 843 915 2348 
11622 2058 2377 541 2685 
11623 918 1082 1043 2221 
11624 1786 1889 2350 2663 
11625 870 812 811 2440 
11626 1990 2403 1743 2683 
11627 656 650 2228 2437 
11628 875 817 1965 2396 
11629 1681 2208 2155 2445 
11630 1723 1926 2306 2473 
11631 1843 1717 2386 2635 
11632 303 366 2029 2634 
11633 655 697 2433 2657 
11634 1784 2347 1966 2632 
11635 1401 1403 1381 2055 
11636 1693 2176 2039 2306 
11637 1966 1719 2059 2443 
11638 608 125 1356 740 
11639 1849 2234 1787 2593 
11640 826 2412 814 2535 
11641 1751 2283 2226 2605 
11642 1744 2130 1948 2652 
11643 1754 2268 2252 2532 
11644 1383 2010 1398 2553 
11645 2006 2414 618 2534 
11646 334 326 2501 2621 
11647 223 2665 222 2690 
11648 1383 2304 2010 2553 
11649 1874 2463 1253 2622 
11650 1854 2141 1707 2327 
11651 875 772 817 2396 
11652 1910 2148 1806 2393 
11653 1320 1323 2273 2525 
11654 1901 2231 1678 2312 
11655 1844 1647 2597 2655 
11656 1738 2270 1990 2651 
11657 1742 1969 2258 2446 
11658 1311 700 1224 2099 
11659 912 894 1342 2123 
11660 737 756 1342 2123 
11661 362 1912 363 2698 
11662 1860 1964 2229 2445 
11663 1296 2185 1269 2592 
11664 1171 1168 2479 2633 
11665 1174 1191 1258 2545 
11666 1753 2271 2154 2542 
11667 1962 2242 1739 2595 
11668 1642 2305 1972 2617 
11669 1691 2329 1872 2434 
11670 1866 1715 2353 2501 
11671 1656 2298 2557 2647 
11672 1815 1852 2305 2484 
11673 1655 1867 2444 2509 
11674 1710 1950 2207 2585 
11675 1674 2283 1956 2691 
11676 371 373 2692 2697 
11677 1688 2249 2140 2368 
11678 269 341 339 1895 
11679 899 1904 915 2338 
11680 2055 2352 221 2690 
11681 844 841 2292 2649 
11682 537 498 485 1954 
11683 680 679 684 2044 
11684 1344 2209 758 2568 
11685 1711 2449 2072 2509 
11686 1894 1949 2461 2694 
11687 672 622 628 2640 
11688 1843 2295 1627 2480 
11689 1794 2208 1860 2634 
11690 1848 2203 1679 2408 
11691 860 847 1955 2492 
11692 1691 1872 2285 2434 
11693 1687 2083 1877 2559 
11694 1814 1878 2238 2574 
11695 1253 1255 1167 2319 
11696 972 2138 958 2406 
11697 1634 1976 2260 2362 
11698 1288 1226 1225 2409 
11699 219 1986 2477 2586 
11700 1736 2268 2252 2636 
11701 1088 1092 2124 2439 
11702 978 2170 1027 2354 
11703 576 596 1982 2454 
11704 302 2122 1921 2548 
11705 2218 2396 1712 2629 
11706 349 356 348 2143 
11707 1920 2150 1630 2374 
11708 1632 2420 1990 2651 
11709 1731 2469 1845 2562 
11710 1801 2425 2034 2448 
11711 2034 2425 1704 2448 
11712 1804 1947 2416 2568 
11713 2025 1636 2277 2532 
11714 1833 2598 2307 2689 
11715 1709 1864 2150 2478 
11716 2063 2288 1722 2511 
11717 1115 1839 1126 2630 
11718 1760 2260 1976 2362 
11719 1817 2291 1907 2700 
11720 1955 860 2492 2666 
11721 1924 2441 1690 2625 
11722 944 2318 1935 2626 
11723 1904 2206 1676 2338 
11724 2207 2259 1728 2643 
11725 361 2072 395 2621 
11726 360 277 394 2142 
11727 665 2192 653 2534 
11728 1695 1949 2360 2541 
11729 938 2128 942 2417 
11730 1896 2122 1775 2672 
11731 388 386 332 2274 
11732 773 764 772 2665 
11733 1771 2285 2322 2415 
11734 1771 2049 2285 2415 
11735 1659 2259 2207 2643 
11736 1943 1747 2447 2471 
11737 1637 2115 1994 2198 
11738 1669 2179 1849 2562 
11739 1155 2031 1176 2491 
11740 1804 2244 2342 2416 
11741 1025 966 1289 2388 
11742 1970 2311 1703 2403 
11743 1800 2009 2609 2610 
11744 435 265 541 2377 
11745 2066 2254 1757 2481 
11746 838 1978 837 2681 
11747 1866 1711 2142 2621 
11748 1679 2249 2110 2408 
11749 1346 1356 125 740 
11750 573 581 1998 2487 
11751 1347 1356 1367 2457 
11752 681 1898 680 2615 
11753 1885 2227 2101 2426 
11754 1623 2013 1946 2573 
11755 882 1379 1406 2121 
11756 1024 1271 1169 2359 
11757 2040 2187 1673 2463 
11758 1694 2308 1948 2374 
11759 1770 2508 2105 2588 
11760 1629 2135 1864 2422 
11761 470 469 2239 2447 
11762 1893 2418 2331 2533 
11763 1672 2051 2026 2173 
11764 957 958 972 2138 
11765 1716 2184 1882 2598 
11766 1191 1190 1192 2545 
11767 1320 2273 952 2525 
11768 1234 1209 1301 2062 
11769 848 798 2162 2544 
11770 1886 2149 1683 2185 
11771 527 1918 525 2537 
11772 1770 2326 1901 2679 
11773 416 2218 378 2244 
11774 1286 2376 1316 2390 
11775 835 895 887 2014 
11776 2049 2424 1765 2617 
11777 416 378 392 2244 
11778 1742 1875 2167 2419 
11779 337 417 414 2355 
11780 1010 1013 1033 1880 
11781 380 325 316 2139 
11782 1622 1959 2285 2522 
11783 1767 2001 2112 2565 
11784 1891 1681 2155 2262 
11785 799 793 2292 2637 
11786 836 782 781 2372 
11787 665 653 616 2534 
11788 793 807 799 2292 
11789 1074 1091 1084 2438 
11790 2392 2550 2031 2669 
11791 1692 2500 2055 2603 
11792 1885 1761 2227 2309 
11793 1870 2266 2518 2598 
11794 875 911 2218 2396 
11795 1373 218 20 2477 
11796 1757 2066 2019 2456 
11797 770 406 2337 2629 
11798 1702 2455 1842 2686 
11799 2120 2455 1750 2498 
11800 562 531 2391 2496 
11801 1784 1966 2443 2632 
11802 1725 2202 1997 2545 
11803 512 460 2194 2375 
11804 807 844 841 2292 
11805 800 2084 858 2428 
11806 285 283 290 1973 
11807 597 2120 560 2498 
11808 1983 2204 2116 2662 
11809 1718 2346 2005 2371 
11810 701 647 733 2587 
11811 2005 2326 1770 2679 
11812 2098 2433 733 2587 
11813 1168 1163 1162 2094 
11814 770 901 406 2629 
11815 977 1035 976 2164 
11816 1176 2031 1243 2462 
11817 1711 1867 2449 2509 
11818 918 1082 194 1043 
11819 611 425 711 2328 
11820 2140 2368 2249 2687 
11821 1133 2074 1111 2530 
11822 2056 2207 1710 2475 
11823 1677 1938 2039 2242 
11824 282 287 372 2236 
11825 1017 1010 1033 2583 
11826 594 560 453 2427 
11827 2444 2509 1867 2576 
11828 1699 2397 1951 2512 
11829 1020 917 1048 2580 
11830 1716 2171 2046 2518 
11831 835 897 895 2014 
11832 2128 2381 1809 2495 
11833 1334 1336 2416 2568 
11834 1964 1712 2342 2352 
11835 1685 1905 2075 2347 
11836 1149 2127 1147 2400 
11837 702 606 1263 2196 
11838 492 1854 2591 2607 
11839 1229 1290 1294 2261 
11840 753 609 701 2004 
11841 752 2284 683 2457 
11842 537 1954 485 2505 
11843 1968 1675 2132 2189 
11844 2166 1763 2394 2520 
11845 1663 2128 1941 2190 
11846 919 2172 985 2390 
11847 542 576 596 1982 
11848 2105 2508 1834 2588 
11849 1728 1875 2199 2667 
11850 598 503 1886 2418 
11851 2000 2376 1773 2622 
11852 1161 1262 1284 2009 
11853 581 521 573 1998 
11854 487 2248 486 2327 
11855 889 910 2560 2610 
11856 2118 2350 1889 2663 
11857 498 537 538 2454 
11858 285 283 1973 2358 
11859 1185 1247 2339 2571 
11860 394 2142 2449 2621 
11861 1767 2070 2018 2684 
11862 1653 2036 2531 2562 
11863 1831 2597 2187 2696 
11864 463 1889 2233 2606 
11865 970 968 964 2354 
11866 561 598 503 1886 
11867 581 1106 1998 2487 
11868 1142 1221 1280 2047 
11869 1360 2101 226 2694 
11870 1179 1906 1196 2491 
11871 776 774 2334 2412 
11872 1628 2051 2197 2343 
11873 1625 1974 2181 2325 
11874 2008 2280 1892 2527 
11875 765 904 855 2010 
11876 609 753 732 2004 
11877 1371 2042 1348 2586 
11878 1846 2278 1839 2630 
11879 993 994 998 2003 
11880 1032 2134 1069 2163 
11881 1637 2324 2141 2686 
11882 1729 1851 2459 2646 
11883 1857 2341 2073 2561 
11884 1178 2191 1202 2479 
11885 604 729 122 1345 
11886 2199 2258 1777 2446 
11887 366 367 303 2029 
11888 1706 2392 1961 2550 
11889 295 290 2548 2692 
11890 2004 2433 753 2657 
11891 1654 2018 2070 2684 
11892 973 1066 1932 2438 
11893 1673 2187 2040 2523 
11894 2187 2597 1673 2696 
11895 1745 2362 2260 2573 
11896 1642 2157 2357 2688 
11897 1946 2362 2013 2616 
11898 1074 922 190 1015 
11899 699 126 1347 608 
11900 470 468 469 2447 
11901 2110 2225 1759 2549 
11902 1154 1159 1240 2131 
11903 1935 2369 2211 2680 
11904 1084 922 190 1074 
11905 1356 1347 126 608 
11906 527 530 2516 2537 
11907 1151 2421 1851 2511 
11908 1331 599 1070 2273 
11909 2034 2479 1861 2660 
11910 1870 1716 2171 2598 
11911 408 343 438 2510 
11912 2024 2169 1900 2695 
11913 1089 2221 2439 2524 
11914 586 2185 511 2468 
11915 1336 2123 1338 2623 
11916 1717 2204 2116 2635 
11917 154 1387 855 816 
11918 1360 2426 2101 2694 
11919 632 2071 691 2567 
11920 1306 1246 2339 2387 
11921 1756 2342 2244 2416 
11922 404 2529 412 2579 
11923 149 886 761 1391 
11924 584 595 502 2151 
11925 627 2071 632 2401 
11926 1226 1229 1228 2065 
11927 1685 2214 1905 2347 
11928 789 836 837 2681 
11929 1700 2051 2197 2563 
11930 1983 2169 1783 2628 
11931 876 856 763 1967 
11932 784 844 787 1988 
11933 1771 2322 2264 2415 
11934 1642 2617 2049 2688 
11935 1691 2265 2136 2653 
11936 2110 2249 1772 2408 
11937 1886 210 2205 2671 
11938 1689 2604 2077 2695 
11939 1890 2258 1777 2475 
11940 487 501 528 2327 
11941 725 617 607 2586 
11942 371 366 373 2697 
11943 1708 2296 2109 2429 
11944 1672 2480 2295 2635 
11945 1755 2165 2137 2614 
11946 2273 2388 1029 2525 
11947 1242 1209 1234 2062 
11948 1650 2392 1856 2669 
11949 801 2022 842 2476 
11950 1175 2459 1155 2491 
11951 1688 2178 2097 2589 
11952 1984 2372 1732 2424 
11953 366 365 2356 2634 
11954 480 461 1889 2663 
11955 555 456 579 2213 
11956 813 807 841 2057 
11957 2318 2346 1718 2371 
11958 1195 1313 2098 2587 
11959 735 657 669 2214 
11960 1201 2425 2191 2479 
11961 821 1956 759 2580 
11962 875 2396 2218 2629 
11963 270 273 343 2069 
11964 2288 2400 1851 2511 
11965 637 618 2414 2534 
11966 644 2593 2234 2624 
11967 2004 2339 1306 2587 
11968 1684 2112 1887 2639 
11969 1050 2376 1026 2390 
11970 1634 2260 1976 2314 
11971 839 2313 1978 2650 
11972 1215 1192 1216 2021 
11973 1629 2104 2245 2451 
11974 372 2453 362 2698 
11975 1956 2580 2440 2691 
11976 1710 2207 2106 2585 
11977 1052 992 1054 2486 
11978 2353 2391 1841 2496 
11979 589 541 2377 2685 
11980 1394 1386 1395 2304 
11981 1778 2362 1946 2616 
11982 1267 1218 1201 2191 
11983 1201 2191 1178 2479 
11984 525 1918 499 2645 
11985 1732 2147 1984 2424 
11986 1824 2403 1990 2683 
11987 1656 2019 2081 2145 
11988 763 876 1967 2555 
11989 1078 2439 1969 2524 
11990 630 635 636 2018 
11991 1648 1887 2301 2336 
11992 1963 2177 1772 2472 
11993 302 1921 2122 2678 
11994 1768 2239 1848 2411 
11995 545 2111 546 2552 
11996 852 2009 910 2610 
11997 1676 2182 1977 2206 
11998 969 1011 1009 2389 
11999 1893 2388 1847 2407 
12000 705 1934 744 2661 
12001 1999 2310 1644 2368 
12002 1708 2439 2221 2524 
12003 1707 2141 2324 2686 
12004 1760 2013 2362 2616 
12005 2122 2504 364 2672 
12006 639 679 631 2514 
12007 1648 2301 1887 2639 
12008 396 2377 354 2501 
12009 798 2162 1970 2637 
12010 558 2273 1893 2380 
12011 1983 2116 1794 2662 
12012 292 293 287 2208 
12013 1637 2232 2455 2641 
12014 1885 2370 2227 2426 
12015 1155 2459 2031 2491 
12016 2113 2591 1854 2607 
12017 1714 2250 1939 2260 
12018 1939 2250 1745 2260 
12019 1202 2191 1218 2407 
12020 450 459 458 2205 
12021 632 694 691 2071 
12022 1772 2249 2110 2368 
12023 1729 2336 1887 2554 
12024 2331 2418 1886 2533 
12025 1038 1004 1042 2281 
12026 465 2233 464 2276 
12027 208 207 2056 2220 
12028 829 777 794 2174 
12029 1907 2291 1632 2558 
12030 1986 2534 1776 2586 
12031 762 878 828 1989 
12032 994 997 2003 2317 
12033 1823 1968 2132 2189 
12034 516 1923 500 2673 
12035 733 753 701 2433 
12036 385 540 449 2064 
12037 1752 2191 2034 2660 
12038 981 2125 927 2376 
12039 1772 2368 2110 2687 
12040 206 2316 1104 2483 
12041 1659 2106 1926 2616 
12042 663 704 645 2158 
12043 534 575 537 2496 
12044 933 932 2266 2518 
12045 406 369 2337 2629 
12046 709 611 717 2328 
12047 2054 2251 1818 2684 
12048 1838 2455 2232 2641 
12049 1707 2228 1919 2324 
12050 768 420 269 2539 
12051 1860 1794 2634 2662 
12052 1395 2423 2304 2553 
12053 398 1989 341 2539 
12054 653 718 615 1986 
12055 1153 1233 1164 1951 
12056 1741 2107 2022 2494 
12057 897 2014 835 2304 
12058 379 2155 300 2453 
12059 397 1989 2076 2450 
12060 1969 1777 2258 2446 
12061 1896 2504 2122 2672 
12062 1746 2322 2264 2360 
12063 1708 2296 2258 2365 
12064 1158 2131 1154 2596 
12065 733 707 698 2433 
12066 1704 2448 2000 2689 
12067 879 863 1041 2269 
12068 1690 2072 1912 2509 
12069 1717 2356 2116 2662 
12070 1794 2116 2356 2662 
12071 1919 2324 2232 2686 
12072 861 2493 785 2676 
12073 1700 2183 2173 2335 
12074 2169 2257 1783 2628 
12075 2040 2246 1725 2545 
12076 1940 2103 1844 2655 
12077 944 1935 941 2626 
12078 1403 2055 1401 2500 
12079 1959 1746 2322 2415 
12080 1803 2301 2127 2466 
12081 1935 2383 1646 2442 
12082 1296 1211 2149 2592 
12083 523 2113 492 2591 
12084 2139 2282 1749 2625 
12085 692 739 742 2624 
12086 265 2064 449 2377 
12087 381 426 2315 2497 
12088 1953 2468 1683 2592 
12089 379 362 372 2453 
12090 877 898 771 2261 
12091 2223 2405 1807 2500 
12092 556 455 1883 2661 
12093 1685 1894 2101 2632 
12094 1361 1365 1346 2435 
12095 1103 294 346 2572 
12096 349 350 351 2011 
12097 1217 1301 1209 1953 
12098 1683 2592 2161 2642 
12099 1692 1942 2334 2412 
12100 661 818 912 2123 
12101 320 2224 2072 2467 
12102 843 2022 808 2338 
12103 1254 2432 1236 2571 
12104 2363 2407 1752 2533 
12105 1953 2161 2592 2642 
12106 1649 1830 2352 2603 
12107 1800 2560 2009 2610 
12108 871 875 2218 2629 
12109 550 1934 705 2661 
12110 844 2292 1988 2649 
12111 667 668 653 2192 
12112 1740 2318 1935 2442 
12113 2027 2255 1631 2367 
12114 1794 2356 1973 2358 
12115 1360 226 2426 2694 
12116 1711 2310 1892 2398 
12117 1711 2509 1859 2576 
12118 514 506 2102 2664 
12119 792 1970 2311 2637 
12120 1953 2592 1683 2642 
12121 1702 2232 2004 2339 
12122 2264 2322 1746 2415 
12123 1784 2188 2290 2620 
12124 2321 2487 1766 2673 
12125 168 1020 924 2580 
12126 784 844 1988 2649 
12127 1634 2350 2314 2602 
12128 1637 2455 2198 2641 
12129 449 589 541 2377 
12130 338 330 421 2341 
12131 1923 2272 1696 2611 
12132 1672 2032 2295 2480 
12133 1924 1690 2224 2467 
12134 1624 1868 2222 2594 
12135 1689 2077 2290 2620 
12136 616 1986 615 2586 
12137 1906 2466 1196 2491 
12138 1721 2256 1903 2300 
12139 225 1894 2461 2694 
12140 1728 2199 1875 2556 
12141 2004 2232 1702 2433 
12142 104 1114 543 451 
12143 1199 1265 1172 2092 
12144 535 533 536 2048 
12145 1708 1890 2258 2524 
12146 278 284 361 2449 
12147 334 2501 2142 2621 
12148 1976 2272 1760 2470 
12149 1082 1073 1043 2221 
12150 484 534 537 2496 
12151 971 987 988 2109 
12152 1755 2355 1977 2614 
12153 1767 2070 2001 2565 
12154 1690 1912 2282 2509 
12155 1661 2349 1896 2515 
12156 339 359 2053 2450 
12157 304 298 393 2229 
12158 104 1114 451 1105 
12159 393 2229 1860 2297 
12160 1851 1722 2288 2511 
12161 1251 1252 1258 2187 
12162 2039 2176 1754 2306 
12163 1962 2333 1788 2595 
12164 341 1989 2450 2539 
12165 1114 1115 1122 2320 
12166 1707 1919 2228 2618 
12167 361 363 395 2072 
12168 642 655 654 2228 
12169 1392 1398 1388 2298 
12170 847 850 860 1955 
12171 942 986 1018 2240 
12172 2166 1821 2482 2578 
12173 776 774 775 2334 
12174 605 426 710 2497 
12175 547 2102 513 2340 
12176 1738 2212 1869 2651 
12177 1242 1234 1184 2590 
12178 1637 2232 2324 2686 
12179 670 663 671 2308 
12180 729 669 725 2042 
12181 378 375 392 2244 
12182 467 1943 522 2591 
12183 522 2447 475 2537 
12184 314 404 412 2579 
12185 515 2340 463 2606 
12186 1669 2036 2079 2332 
12187 1153 1951 1164 2596 
12188 1990 2270 1703 2403 
12189 1647 2019 2066 2488 
12190 1738 2420 2212 2651 
12191 1380 1386 1394 2014 
12192 220 660 758 2209 
12193 1724 2460 1888 2696 
12194 620 618 2006 2414 
12195 1201 1202 1178 2191 
12196 1271 1291 1215 2359 
12197 1201 1178 2425 2479 
12198 918 193 1082 1087 
12199 1739 2177 1963 2472 
12200 716 548 602 2303 
12201 1658 2326 2005 2679 
12202 656 724 689 2437 
12203 1687 2104 1918 2451 
12204 2233 2314 1889 2375 
12205 1653 2219 1920 2441 
12206 1729 2550 2336 2554 
12207 937 936 938 2128 
12208 1202 1219 1256 2660 
12209 449 541 265 2377 
12210 453 552 1141 2120 
12211 800 815 2084 2476 
12212 1663 1941 2128 2417 
12213 760 1042 164 866 
12214 728 96 551 446 
12215 917 885 166 1022 
12216 603 94 571 708 
12217 1740 2393 1910 2626 
12218 1739 2410 1962 2595 
12219 2114 2264 1771 2322 
12220 1685 2347 2075 2632 
12221 1711 1867 2509 2576 
12222 1750 2427 2120 2498 
12223 203 202 2097 2589 
12224 1627 2295 2032 2480 
12225 2103 2651 1869 2655 
12226 1852 2484 1815 2535 
12227 838 837 806 2681 
12228 926 1012 1027 2348 
12229 1175 1155 1176 2491 
12230 635 631 640 2514 
12231 778 776 777 1942 
12232 655 695 697 2657 
12233 1768 2361 2239 2447 
12234 1369 659 127 699 
12235 189 973 1096 1015 
12236 1779 2227 2309 2370 
12237 915 899 805 1904 
12238 1185 1245 2289 2387 
12239 352 349 2011 2678 
12240 761 1380 150 1391 
12241 973 1055 1034 1932 
12242 222 1381 221 2055 
12243 2120 2427 1750 2571 
12244 371 2692 2076 2697 
12245 886 149 1389 1391 
12246 2166 2482 1763 2578 
12247 1202 2479 2191 2660 
12248 628 622 624 2640 
12249 2452 2541 2043 2694 
12250 1985 1664 2581 2654 
12251 357 2133 1921 2678 
12252 2063 2400 1146 2675 
12253 1020 873 759 2580 
12254 2061 2611 1766 2673 
12255 229 2126 1357 2566 
12256 842 801 808 2022 
12257 123 1355 604 1345 
12258 2427 2432 1750 2571 
12259 1298 1141 552 2120 
12260 615 1986 220 2586 
12261 1717 2116 2204 2662 
12262 206 1078 205 2524 
12263 1683 2530 2117 2671 
12264 1174 1188 2545 2574 
12265 770 406 411 2337 
12266 1232 1148 2400 2511 
12267 1677 1979 2028 2542 
12268 123 1355 738 604 
12269 193 918 1052 1087 
12270 2121 2412 774 2644 
12271 895 1380 150 761 
12272 870 1858 2440 2580 
12273 154 1387 816 1378 
12274 800 801 815 2476 
12275 2233 2276 465 2606 
12276 463 515 480 2340 
12277 1799 2513 2480 2521 
12278 1138 763 142 1264 
12279 1889 2233 1714 2314 
12280 1851 1699 2397 2421 
12281 1197 1172 1187 2161 
12282 1855 2324 1637 2399 
12283 820 878 819 2107 
12284 1220 1289 1205 2388 
12285 1127 502 103 543 
12286 1823 2132 1968 2329 
12287 947 938 942 2417 
12288 1627 2085 2165 2295 
12289 1955 2210 1743 2492 
12290 1114 1105 1115 2320 
12291 1656 1931 2298 2647 
12292 1698 2165 2053 2494 
12293 1254 1236 1300 2571 
12294 1704 2000 2125 2689 
12295 413 336 335 1977 
12296 525 2113 523 2537 
12297 829 2174 794 2677 
12298 1882 2171 1870 2379 
12299 1985 2581 1805 2654 
12300 2242 2507 1739 2595 
12301 1347 1369 127 699 
12302 1074 189 1096 1015 
12303 517 573 2321 2673 
12304 1921 2122 1672 2548 
12305 401 378 2218 2570 
12306 220 219 1986 2209 
12307 462 2233 463 2375 
12308 1937 2109 1708 2365 
12309 508 496 459 2118 
12310 1870 2171 1716 2518 
12311 412 2529 2206 2579 
12312 1642 2405 2484 2688 
12313 1661 2444 1980 2515 
12314 1716 2266 2528 2598 
12315 1627 2480 2513 2521 
12316 532 533 2048 2391 
12317 1195 1313 1278 2098 
12318 1775 2231 2011 2547 
12319 2109 2296 1834 2429 
12320 1088 205 1078 2439 
12321 342 425 297 2328 
12322 952 2273 1029 2525 
12323 1650 2035 1961 2550 
12324 922 1084 191 2486 
12325 589 449 562 2064 
12326 1869 2558 2481 2651 
12327 1808 2188 2007 2237 
12328 1629 2384 2507 2619 
12329 712 445 559 2083 
12330 1248 1306 2339 2587 
12331 1075 1052 192 1054 
12332 1386 151 897 895 
12333 1624 2286 1859 2474 
12334 320 322 395 2224 
12335 2002 1367 2457 2693 
12336 2191 2479 2034 2660 
12337 952 1320 1051 2273 
12338 842 808 843 2022 
12339 1843 2563 2136 2653 
12340 1772 2249 2368 2687 
12341 1138 1967 1287 2555 
12342 848 845 798 2544 
12343 375 378 377 2244 
12344 412 336 413 2206 
12345 2085 2295 1843 2386 
12346 1661 1999 2095 2310 
12347 1321 481 580 2273 
12348 545 482 520 2111 
12349 1628 2116 2051 2343 
12350 1801 2448 1952 2460 
12351 729 1359 122 1345 
12352 1397 1390 1389 2644 
12353 1050 981 927 2376 
12354 332 2274 323 2489 
12355 1952 1664 2180 2581 
12356 1993 2070 1791 2399 
12357 695 642 641 2275 
12358 1659 1926 2259 2616 
12359 1784 2075 2347 2632 
12360 1198 1953 2161 2592 
12361 1321 580 1322 2273 
12362 1019 919 1140 2172 
12363 502 595 543 2320 
12364 211 18 2117 2671 
12365 1666 2193 2093 2384 
12366 2041 2277 1832 2506 
12367 587 2098 597 2402 
12368 1995 2474 1812 2527 
12369 223 772 764 2665 
12370 2223 2405 1692 2484 
12371 1632 2081 2481 2683 
12372 1407 1379 1390 2121 
12373 1761 2347 2214 2674 
12374 834 2100 2492 2666 
12375 1678 1932 2253 2317 
12376 887 2160 892 2535 
12377 346 422 1903 2572 
12378 560 2120 453 2427 
12379 210 2530 2205 2671 
12380 529 597 560 2498 
12381 1043 1082 194 1073 
12382 387 542 452 2551 
12383 732 2004 753 2657 
12384 288 452 28 2551 
12385 2064 2377 1715 2685 
12386 2000 1773 2376 2689 
12387 1685 2101 2612 2674 
12388 1632 2481 1907 2558 
12389 1644 2398 1897 2549 
12390 401 378 416 2218 
12391 1936 2146 1826 2609 
12392 223 1343 914 2623 
12393 1364 1362 1345 1885 
12394 1074 2235 1091 2438 
12395 1766 2108 2482 2578 
12396 1011 1012 2182 2389 
12397 1175 1196 1237 2491 
12398 419 443 400 1947 
12399 1679 2108 1998 2278 
12400 792 798 845 1970 
12401 514 1928 2213 2664 
12402 1137 1263 133 606 
12403 1357 229 1350 2126 
12404 1370 1351 1372 2047 
12405 1110 403 1131 2151 
12406 944 1008 2318 2626 
12407 1185 1247 1246 2339 
12408 922 191 1054 2486 
12409 2065 2261 1797 2557 
12410 1775 2122 1921 2678 
12411 1652 1962 2410 2595 
12412 1114 1127 103 543 
12413 417 337 353 2133 
12414 1317 927 1057 2376 
12415 1939 2250 1730 2503 
12416 1682 2159 2015 2656 
12417 1919 1702 2232 2433 
12418 799 2162 798 2637 
12419 1103 1076 1098 2572 
12420 222 2055 221 2690 
12421 1629 2093 2384 2619 
12422 1087 1052 192 1075 
12423 397 341 1989 2450 
12424 1691 2157 2265 2653 
12425 151 1386 1380 895 
12426 1924 1690 2467 2625 
12427 199 198 1099 2171 
12428 1694 1920 2219 2625 
12429 961 1047 1904 2579 
12430 980 985 984 2078 
12431 1879 2548 1672 2635 
12432 2000 2425 1801 2448 
12433 1242 2062 1234 2590 
12434 867 769 162 1030 
12435 1813 2114 2322 2360 
12436 708 95 571 2373 
12437 1772 2140 2249 2687 
12438 962 1169 183 1276 
12439 1661 2037 2349 2515 
12440 346 422 347 1903 
12441 545 482 2111 2519 
12442 1902 2263 1762 2337 
12443 1224 1223 1266 2466 
12444 486 2248 476 2591 
12445 98 716 454 548 
12446 92 559 612 712 
12447 2052 2204 1717 2386 
12448 1674 2138 2283 2691 
12449 330 376 421 2561 
12450 398 415 397 1989 
12451 2072 2224 1690 2467 
12452 710 613 736 2497 
12453 2206 2529 1904 2579 
12454 1788 2242 1962 2595 
12455 984 2078 977 2240 
12456 1949 2541 2452 2694 
12457 1753 2290 2077 2620 
12458 2166 2446 1969 2520 
12459 808 802 819 2107 
12460 737 2123 1332 2568 
12461 1783 2352 2055 2603 
12462 447 108 1125 572 
12463 764 2121 1406 2665 
12464 1933 2303 1707 2437 
12465 1258 2187 1252 2523 
12466 1759 2110 2280 2408 
12467 834 2100 796 2492 
12468 872 795 2123 2623 
12469 95 551 571 2373 
12470 2001 2070 1767 2684 
12471 1838 2339 2232 2455 
12472 1205 966 2380 2388 
12473 288 28 385 2551 
12474 697 753 2433 2657 
12475 496 2118 510 2468 
12476 1885 1761 2214 2674 
12477 888 2428 1911 2650 
12478 372 280 2236 2698 
12479 723 660 755 2209 
12480 1729 2301 2336 2670 
12481 1000 1005 946 2393 
12482 1682 1917 2230 2656 
12483 1930 2259 1659 2643 
12484 439 377 378 2244 
12485 435 2058 355 2377 
12486 2219 2441 1924 2625 
12487 1149 1148 1150 2459 
12488 230 231 1358 2144 
12489 1959 2415 2285 2522 
12490 771 144 1182 1260 
12491 368 367 366 2029 
12492 1196 1906 1208 2466 
12493 30 328 490 542 
12494 882 2121 774 2644 
12495 1066 997 2317 2438 
12496 872 2123 818 2294 
12497 661 2123 715 2294 
12498 646 706 723 1947 
12499 1654 2070 2001 2684 
12500 1663 2128 2190 2495 
12501 892 826 814 2535 
12502 1271 181 1140 1019 
12503 1714 2233 1889 2606 
12504 1643 1870 2598 2689 
12505 1638 2258 1890 2475 
12506 416 267 2218 2629 
12507 1066 1055 973 1932 
12508 2047 2144 1713 2600 
12509 1980 2444 1661 2576 
12510 1736 2268 2041 2532 
12511 533 536 2048 2552 
12512 1026 927 1135 2376 
12513 944 1935 2318 2346 
12514 782 783 780 2088 
12515 320 321 2224 2467 
12516 1766 2482 2316 2578 
12517 1175 1149 1155 2459 
12518 1687 2079 2245 2451 
12519 990 989 953 2429 
12520 799 851 798 2162 
12521 1772 2472 2177 2517 
12522 1702 2232 2339 2455 
12523 988 2109 989 2429 
12524 1169 1271 1308 2359 
12525 687 686 689 2230 
12526 1678 2231 1901 2547 
12527 1037 2388 1847 2525 
12528 1736 2252 2268 2532 
12529 363 320 395 2072 
12530 2004 2232 2433 2657 
12531 2073 2323 1857 2499 
12532 2054 2135 1788 2668 
12533 371 2076 397 2697 
12534 2000 2376 2125 2689 
12535 632 685 2401 2567 
12536 163 916 760 867 
12537 602 548 97 446 
12538 603 445 93 712 
12539 759 167 1020 917 
12540 1775 2143 2011 2231 
12541 1724 1874 2319 2460 
12542 2145 2403 1824 2683 
12543 1971 2344 2132 2605 
12544 2298 2553 2010 2647 
12545 1116 583 106 581 
12546 1628 2116 2204 2563 
12547 1943 2410 1747 2471 
12548 2215 2306 1926 2473 
12549 2034 2191 1704 2425 
12550 302 291 2122 2548 
12551 1966 2632 2347 2674 
12552 731 678 2309 2435 
12553 1282 1224 614 2099 
12554 2108 2203 1766 2482 
12555 348 2143 356 2672 
12556 1127 1131 591 2151 
12557 458 496 561 2205 
12558 483 474 545 2519 
12559 639 631 629 2382 
12560 293 2208 298 2445 
12561 723 2209 1947 2568 
12562 1372 1351 232 2047 
12563 1327 1051 1320 2273 
12564 1885 2227 1761 2674 
12565 2023 2447 1747 2537 
12566 457 535 584 2058 
12567 1697 2190 1941 2240 
12568 1632 2247 2081 2683 
12569 1950 2207 1728 2556 
12570 444 369 368 2337 
12571 1719 1894 2632 2694 
12572 1636 2288 2277 2506 
12573 452 540 28 2551 
12574 1691 2157 2049 2424 
12575 1329 1072 197 2525 
12576 723 706 715 2568 
12577 1990 2651 1824 2683 
12578 144 771 854 1260 
12579 1692 2223 2055 2500 
12580 1910 1748 2211 2369 
12581 916 1042 164 760 
12582 96 728 602 446 
12583 571 445 94 603 
12584 759 885 166 917 
12585 2020 1694 2315 2497 
12586 889 910 766 2560 
12587 1676 1996 2165 2614 
12588 1761 1966 2347 2674 
12589 1271 1024 182 925 
12590 1694 1924 2139 2625 
12591 828 820 827 1929 
12592 1083 1076 201 2300 
12593 372 284 280 2698 
12594 1707 2324 1919 2686 
12595 1364 1885 1345 2612 
12596 1002 2138 957 2691 
12597 888 866 840 2281 
12598 1742 2258 2199 2446 
12599 1221 2464 2047 2675 
12600 1870 2518 1716 2598 
12601 320 319 321 2467 
12602 1089 2221 1095 2439 
12603 1719 2043 2541 2694 
12604 1629 2104 2015 2668 
12605 2034 2191 1752 2363 
12606 702 2196 696 2638 
12607 1689 2290 2188 2620 
12608 265 430 2064 2377 
12609 2214 2612 1885 2674 
12610 965 1006 958 2406 
12611 620 621 622 2640 
12612 1711 2449 1867 2576 
12613 368 2029 366 2697 
12614 1736 2336 1887 2565 
12615 1387 1398 1383 2010 
12616 1683 2468 2185 2592 
12617 1935 2318 1740 2626 
12618 1108 1123 1118 2194 
12619 1133 1111 211 2530 
12620 324 323 431 2366 
12621 1215 1308 1271 2359 
12622 792 797 788 2311 
12623 1353 1373 2007 2477 
12624 2410 2471 1652 2595 
12625 1043 195 1039 1073 
12626 1130 1122 1107 2069 
12627 1664 1952 2195 2581 
12628 682 680 683 2284 
12629 1676 2022 2338 2494 
12630 1809 2190 2128 2495 
12631 1887 2336 1736 2554 
12632 1648 1887 2336 2565 
12633 1698 2076 1989 2450 
12634 1659 2259 2395 2616 
12635 532 483 533 2391 
12636 2121 2334 774 2412 
12637 505 560 594 2498 
12638 299 293 298 2445 
12639 1696 2316 2061 2611 
12640 1858 2580 2406 2691 
12641 1752 1886 2149 2671 
12642 1804 2244 1965 2342 
12643 534 2064 540 2496 
12644 289 923 64 390 
12645 24 563 402 457 
12646 951 984 986 2240 
12647 1106 1116 106 581 
12648 960 1037 1025 2388 
12649 1022 1004 1044 2281 
12650 1878 2293 1173 2574 
12651 562 2064 534 2496 
12652 1844 2597 1940 2655 
12653 1711 2449 2142 2621 
12654 205 2166 1969 2520 
12655 1296 1139 1269 2185 
12656 323 322 321 2224 
12657 916 867 1030 2170 
12658 985 919 1035 2172 
12659 1808 2237 2007 2477 
12660 1627 2136 2480 2521 
12661 787 788 786 2311 
12662 826 774 2412 2644 
12663 41 399 272 714 
12664 472 2239 469 2411 
12665 210 1886 2418 2671 
12666 409 301 56 809 
12667 337 335 311 2355 
12668 1889 2340 480 2663 
12669 302 2122 2672 2678 
12670 1361 1349 1357 2370 
12671 1396 1384 1377 2287 
12672 1176 1243 1181 2462 
12673 924 1023 169 767 
12674 1704 2125 2000 2564 
12675 816 898 877 2577 
12676 1221 1177 2464 2675 
12677 1177 1223 1222 2464 
12678 350 429 2253 2572 
12679 461 462 463 2375 
12680 1693 2215 2176 2306 
12681 888 2281 840 2650 
12682 1657 2306 2215 2473 
12683 825 1902 2396 2629 
12684 1635 2203 2482 2611 
12685 1200 1190 1188 1997 
12686 1110 1122 1130 2151 
12687 510 508 509 2663 
12688 792 798 1970 2637 
12689 1781 1919 2228 2324 
12690 1296 1295 1272 2331 
12691 1188 1997 1190 2545 
12692 947 963 999 2417 
12693 2364 2401 685 2567 
12694 1644 2008 2398 2549 
12695 881 759 821 1956 
12696 289 413 414 2243 
12697 191 1084 1075 2486 
12698 131 701 609 1160 
12699 654 656 650 2228 
12700 95 708 728 2373 
12701 226 1360 1352 2101 
12702 339 359 312 2053 
12703 1292 1170 1295 2331 
12704 1881 2267 1798 2594 
12705 2203 2611 1635 2682 
12706 2212 2420 1771 2558 
12707 1381 2055 222 2665 
12708 1648 1887 2565 2639 
12709 371 310 2076 2692 
12710 1814 2293 1878 2574 
12711 1786 2350 2118 2663 
12712 1294 1230 1229 2065 
12713 1392 1376 1398 2553 
12714 1002 2283 2138 2691 
12715 222 1333 223 1965 
12716 1016 61 389 266 
12717 1174 2523 1878 2545 
12718 394 2449 361 2621 
12719 533 545 546 2552 
12720 1640 2112 2041 2431 
12721 558 504 2273 2380 
12722 883 872 818 2294 
12723 726 661 715 2294 
12724 1150 1151 1152 2421 
12725 448 514 564 1928 
12726 2295 2480 1843 2635 
12727 1708 2258 1969 2524 
12728 833 834 835 2100 
12729 578 512 2061 2673 
12730 2234 2593 1849 2624 
12731 1892 2310 2095 2368 
12732 487 477 486 2248 
12733 1765 2357 2157 2688 
12734 1193 1254 1183 2432 
12735 373 366 365 2356 
12736 1763 2520 2166 2578 
12737 2113 1747 2471 2537 
12738 572 108 1125 1118 
12739 678 740 745 2435 
12740 2079 2245 1835 2531 
12741 940 941 943 2369 
12742 1652 2333 1962 2595 
12743 2127 2301 1729 2491 
12744 1341 218 1335 2416 
12745 397 341 398 1989 
12746 227 226 2452 2694 
12747 1644 2225 2110 2549 
12748 747 2002 608 2457 
12749 1940 2597 1647 2655 
12750 1128 2074 208 2483 
12751 1687 2156 2079 2451 
12752 2079 2156 1735 2451 
12753 386 1982 387 2551 
12754 1636 2506 2532 2554 
12755 1672 2122 1973 2548 
12756 611 35 711 425 
12757 385 28 540 2551 
12758 307 330 329 2341 
12759 452 288 387 2551 
12760 95 728 551 2373 
12761 625 627 632 2401 
12762 1884 2343 2024 2695 
12763 1628 2024 2343 2695 
12764 685 686 649 2364 
12765 1164 1233 1270 2293 
12766 1643 2000 2448 2689 
12767 1328 2533 2363 2671 
12768 2218 2244 1965 2570 
12769 2273 2380 1029 2388 
12770 1980 2222 1884 2286 
12771 1850 2174 1942 2357 
12772 295 2548 1879 2692 
12773 812 870 853 2168 
12774 978 1030 1027 2170 
12775 927 981 982 2125 
12776 624 685 633 2364 
12777 996 928 1055 2317 
12778 695 2275 732 2657 
12779 1910 2393 1806 2417 
12780 1198 1217 1953 2592 
12781 1786 2118 2350 2642 
12782 656 2228 654 2437 
12783 803 2218 911 2570 
12784 1118 1123 1113 2061 
12785 371 397 415 2697 
12786 285 290 365 2356 
12787 791 802 801 2493 
12788 672 2414 622 2640 
12789 2342 2352 1712 2690 
12790 2034 2425 1801 2479 
12791 665 666 667 2192 
12792 1704 2379 2034 2448 
12793 1123 1128 1104 2483 
12794 1783 2055 2500 2603 
12795 1639 2132 2344 2605 
12796 1715 2391 2048 2549 
12797 582 501 577 2303 
12798 1740 2318 2119 2626 
12799 2069 2151 1758 2510 
12800 929 197 974 2134 
12801 1882 1710 2220 2584 
12802 850 904 860 2666 
12803 1178 1171 1168 2479 
12804 782 836 789 1984 
12805 1210 857 139 804 
12806 1730 2250 2115 2503 
12807 1401 2223 225 2500 
12808 1186 2425 1178 2479 
12809 1770 2508 2383 2679 
12810 1260 1293 1294 2555 
12811 1688 2095 1999 2368 
12812 1715 2398 2008 2549 
12813 492 2113 524 2607 
12814 1629 2422 2104 2668 
12815 1807 1949 2461 2604 
12816 397 2076 310 2450 
12817 1804 1965 2244 2570 
12818 1645 1992 2267 2658 
12819 1715 2377 2064 2501 
12820 325 319 316 2139 
12821 428 331 383 2489 
12822 1994 2198 2115 2503 
12823 1083 1090 1076 2235 
12824 532 2048 533 2685 
12825 890 863 879 2269 
12826 533 2048 535 2685 
12827 878 1989 762 2539 
12828 620 622 2414 2640 
12829 769 864 926 2348 
12830 225 226 1352 2694 
12831 2042 1685 2485 2612 
12832 765 2304 902 2666 
12833 2096 2581 1664 2654 
12834 1659 2395 1930 2470 
12835 670 704 663 1948 
12836 229 228 2175 2566 
12837 1173 1188 1174 2574 
12838 1733 2067 2021 2359 
12839 1024 1169 183 962 
12840 735 674 657 2214 
12841 973 1015 1066 2438 
12842 1659 2259 1930 2395 
12843 701 131 1273 1160 
12844 953 993 2105 2588 
12845 210 2418 2533 2671 
12846 937 935 936 2381 
12847 1384 227 1377 2287 
12848 1672 2173 2032 2480 
12849 1711 2072 2449 2621 
12850 1401 1407 1390 2223 
12851 48 768 868 420 
12852 1972 2305 1852 2617 
12853 826 882 774 2644 
12854 1328 199 18 2363 
12855 532 2391 2048 2685 
12856 1039 983 1043 2046 
12857 1797 2279 1967 2555 
12858 2129 2512 1831 2597 
12859 1702 1919 2232 2686 
12860 2066 2397 1825 2512 
12861 1203 1186 1204 2425 
12862 1758 2225 2048 2552 
12863 1202 1218 1219 2407 
12864 1678 2011 2231 2547 
12865 1704 2425 2000 2448 
12866 1178 2479 1202 2660 
12867 1363 1359 2042 2612 
12868 1732 2329 2147 2424 
12869 1664 2094 2092 2633 
12870 1685 2214 2347 2674 
12871 599 504 1070 2273 
12872 2182 2206 1904 2579 
12873 1688 2097 2255 2589 
12874 1024 182 1169 1271 
12875 1745 2250 1939 2503 
12876 473 470 472 2239 
12877 198 199 2363 2379 
12878 393 392 2229 2297 
12879 1126 2278 1120 2630 
12880 622 623 624 2640 
12881 983 1039 931 2046 
12882 1696 1976 2314 2602 
12883 813 811 2057 2440 
12884 683 684 747 2284 
12885 1719 2227 1899 2426 
12886 454 585 582 1958 
12887 647 750 722 2098 
12888 458 459 496 2205 
12889 1189 1173 2293 2574 
12890 1208 1196 1179 1906 
12891 191 1075 1054 2486 
12892 557 79 1272 1139 
12893 2212 2558 1869 2651 
12894 61 1016 920 266 
12895 1348 1363 1359 2042 
12896 1158 1154 1156 2596 
12897 1264 763 142 856 
12898 1752 2533 1886 2671 
12899 765 902 904 2666 
12900 1182 877 145 771 
12901 1778 2581 2096 2654 
12902 1749 2155 2262 2453 
12903 319 316 2139 2467 
12904 323 332 431 2274 
12905 1067 1046 1011 2182 
12906 836 1984 2372 2681 
12907 1273 2004 1306 2587 
12908 1702 2433 2098 2587 
12909 1875 1728 2556 2667 
12910 445 507 2083 2645 
12911 1338 1336 1337 2123 
12912 1662 1908 2367 2601 
12913 1799 2173 2032 2330 
12914 831 830 2302 2535 
12915 390 923 64 1014 
12916 1879 2635 1717 2692 
12917 941 2369 939 2626 
12918 862 47 418 768 
12919 1719 2443 1966 2632 
12920 1201 2425 1203 2564 
12921 219 1353 1371 2586 
12922 1965 2218 1712 2244 
12923 1359 121 725 729 
12924 33 297 709 648 
12925 910 857 766 2009 
12926 1383 1395 2304 2553 
12927 1721 2256 2300 2613 
12928 1691 2265 2157 2424 
12929 1985 2350 1634 2602 
12930 1142 1145 1221 2047 
12931 2036 2079 1835 2531 
12932 716 602 664 2303 
12933 1730 2115 2198 2503 
12934 195 1097 1039 1073 
12935 1899 2126 2431 2566 
12936 961 1047 1036 1904 
12937 1261 877 145 1182 
12938 1726 1955 2492 2666 
12939 737 1342 1332 2123 
12940 1146 1232 1148 2400 
12941 691 2230 686 2567 
12942 1391 1396 1397 2160 
12943 1883 2179 1934 2661 
12944 1792 2563 2204 2653 
12945 1885 2309 2227 2370 
12946 179 1286 1274 2390 
12947 1258 2040 1207 2463 
12948 849 854 771 2261 
12949 1178 1259 1171 2479 
12950 1360 1349 2370 2426 
12951 1147 2127 1177 2675 
12952 1726 2304 2014 2423 
12953 1973 2358 283 2504 
12954 1901 2326 2547 2679 
12955 1766 2061 2316 2611 
12956 711 425 268 2328 
12957 1802 2394 2178 2520 
12958 834 796 859 2492 
12959 1323 1321 1322 2273 
12960 1682 2015 2104 2656 
12961 1931 2553 2298 2647 
12962 527 2516 1918 2537 
12963 466 516 469 2411 
12964 1684 1887 2600 2639 
12965 1994 2115 1745 2503 
12966 180 1140 1019 919 
12967 2236 2358 1727 2504 
12968 565 1934 576 2413 
12969 642 2228 650 2569 
12970 1636 2288 2506 2554 
12971 1647 2238 1940 2655 
12972 2101 2485 1685 2612 
12973 1707 2437 2303 2618 
12974 430 385 265 2064 
12975 1914 2364 1720 2401 
12976 1628 2343 1884 2695 
12977 463 464 465 2233 
12978 1262 857 139 1210 
12979 478 484 479 2505 
12980 463 2233 465 2606 
12981 686 2364 685 2567 
12982 1622 2322 1959 2378 
12983 621 623 622 2640 
12984 2179 2469 1849 2562 
12985 1241 1265 1199 2217 
12986 1380 1396 1391 2160 
12987 1759 2280 2008 2659 
12988 420 398 341 2539 
12989 1895 2338 2206 2529 
12990 563 313 24 402 
12991 1743 2311 1970 2403 
12992 1383 1398 1395 2553 
12993 1018 977 959 2164 
12994 1704 2425 2191 2564 
12995 418 269 340 2529 
12996 2422 2656 2104 2668 
12997 625 632 685 2401 
12998 712 734 603 2083 
12999 558 569 504 2380 
13000 1218 1267 1144 2163 
13001 1297 1269 1139 2185 
13002 913 726 757 2294 
13003 1849 2469 2158 2562 
13004 420 868 49 762 
13005 578 500 512 2673 
13006 1060 1033 920 2583 
13007 1734 2232 2004 2657 
13008 1371 1363 1348 2042 
13009 1985 2350 1683 2642 
13010 1270 1189 1173 2293 
13011 408 438 403 2151 
13012 821 759 873 2580 
13013 350 433 351 2253 
13014 278 279 280 2216 
13015 1743 2145 2081 2683 
13016 1759 2225 2048 2549 
13017 1920 1690 2441 2625 
13018 1719 2426 2043 2694 
13019 1622 2285 1959 2322 
13020 1683 2350 2118 2642 
13021 913 757 434 2294 
13022 2156 2451 1918 2516 
13023 286 271 346 2256 
13024 2032 2173 1799 2480 
13025 619 620 618 2006 
13026 302 1921 296 2548 
13027 1737 2161 1953 2642 
13028 1911 2344 1751 2650 
13029 1766 2321 1998 2487 
13030 1623 1946 2430 2573 
13031 950 944 2318 2346 
13032 963 1000 999 2393 
13033 1720 1914 2401 2631 
13034 1028 1304 176 1268 
13035 1249 1248 2339 2587 
13036 630 627 629 2382 
13037 298 2208 292 2634 
13038 2191 2425 2034 2479 
13039 313 591 442 2151 
13040 725 1348 121 1359 
13041 722 707 733 2098 
13042 716 2303 664 2618 
13043 47 269 418 768 
13044 871 54 267 2218 
13045 1035 977 985 2078 
13046 2054 1720 2631 2668 
13047 1104 2316 206 2578 
13048 910 852 890 2009 
13049 1694 2219 1924 2625 
13050 717 1845 2328 2469 
13051 634 704 628 2130 
13052 682 2099 700 2615 
13053 620 622 672 2414 
13054 871 803 54 2218 
13055 1090 1081 1098 2572 
13056 1086 1088 1092 2124 
13057 1942 2484 2357 2688 
13058 1334 2416 2209 2568 
13059 1138 1287 1293 2555 
13060 2148 2211 1764 2502 
13061 335 337 414 2355 
13062 1296 1269 1211 2592 
13063 1788 2507 2015 2668 
13064 1951 2421 1699 2596 
13065 1350 1365 1357 2126 
13066 544 574 577 2607 
13067 270 343 408 2069 
13068 2015 1652 2471 2595 
13069 1671 2198 1994 2503 
13070 363 318 320 2467 
13071 1171 1163 1168 2633 
13072 1342 894 1337 2123 
13073 2095 2310 1999 2368 
13074 1648 1906 2575 2670 
13075 1148 1149 1147 2400 
13076 2112 2565 1887 2639 
13077 1102 1099 1077 2220 
13078 1158 1159 1154 2131 
13079 761 887 895 2160 
13080 644 643 2234 2593 
13081 926 769 161 864 
13082 1031 1068 1007 2067 
13083 957 2138 972 2691 
13084 1140 919 1274 2172 
13085 535 2058 541 2685 
13086 1118 572 109 568 
13087 860 859 847 2492 
13088 2339 2455 1838 2571 
13089 1697 1981 2325 2385 
13090 1744 2374 2150 2652 
13091 777 829 779 2174 
13092 1257 1192 1190 2202 
13093 1050 927 1026 2376 
13094 608 747 745 2002 
13095 1743 2403 2145 2683 
13096 1209 1198 1217 1953 
13097 822 2263 823 2677 
13098 1652 2015 2471 2699 
13099 266 920 62 384 
13100 1071 1040 600 2380 
13101 2007 2237 1776 2477 
13102 1720 2567 1917 2656 
13103 518 517 519 2321 
13104 1766 2487 2061 2673 
13105 1713 2506 1887 2600 
13106 1720 2364 1917 2567 
13107 423 424 338 2186 
13108 1276 1277 1210 2627 
13109 1013 62 920 384 
13110 523 524 492 2113 
13111 1658 2547 2326 2679 
13112 1002 957 972 2691 
13113 743 668 613 2186 
13114 1256 2149 1211 2660 
13115 689 686 691 2230 
13116 33 297 648 405 
13117 279 278 276 2216 
13118 1629 2015 2507 2668 
13119 933 931 932 2518 
13120 2343 2444 1727 2515 
13121 871 875 911 2218 
13122 1390 2121 1379 2644 
13123 1232 1151 1148 2511 
13124 1408 1382 1402 2409 
13125 423 338 399 2186 
13126 416 370 267 2629 
13127 1400 1166 216 1382 
13128 1719 2227 2101 2674 
13129 479 493 530 2516 
13130 1141 453 2120 2427 
13131 512 460 568 2194 
13132 1094 1091 1079 2436 
13133 1844 2597 2129 2696 
13134 1637 2198 1994 2641 
13135 758 2209 723 2568 
13136 168 873 1020 2580 
13137 1920 2441 2219 2625 
13138 773 822 775 2334 
13139 1648 2301 1906 2670 
13140 226 2101 1352 2694 
13141 802 820 2107 2493 
13142 1963 2177 1739 2384 
13143 1107 1134 1130 2069 
13144 1090 1098 1076 2572 
13145 510 496 508 2118 
13146 658 644 2234 2624 
13147 2035 2554 2550 2646 
13148 1108 1118 109 568 
13149 1942 2412 1692 2484 
13150 1997 2545 1188 2574 
13151 1690 1920 2282 2625 
13152 1071 600 1307 2380 
13153 219 2209 1335 2416 
13154 388 387 386 1982 
13155 333 334 326 2501 
13156 848 2162 851 2610 
13157 1177 1147 1237 2127 
13158 1404 1382 1166 2409 
13159 2104 2656 2015 2668 
13160 2481 2651 1824 2655 
13161 1745 2115 2250 2503 
13162 578 2487 573 2673 
13163 658 2234 688 2559 
13164 1851 2421 1951 2511 
13165 1123 1104 1113 2316 
13166 1624 2222 1980 2286 
13167 1810 2335 1916 2419 
13168 1700 1916 2335 2521 
13169 1252 1251 1167 2187 
13170 1320 1323 1327 2273 
13171 1028 176 1057 1268 
13172 944 941 1008 2626 
13173 1629 2245 2104 2422 
13174 941 939 946 2626 
13175 1250 1208 1245 2387 
13176 364 302 291 2122 
13177 1923 1766 2611 2673 
13178 797 845 846 2210 
13179 1713 2288 2063 2400 
13180 1922 2459 1851 2646 
13181 924 767 168 2580 
13182 1231 1189 1230 2279 
13183 439 301 410 2570 
13184 1155 1243 1176 2031 
13185 460 450 568 2194 
13186 714 668 743 2186 
13187 863 767 1023 2269 
13188 702 719 606 2196 
13189 222 2665 2055 2690 
13190 1628 2051 2116 2563 
13191 821 2440 1956 2580 
13192 707 610 698 1958 
13193 2232 1919 2433 2657 
13194 486 544 501 2327 
13195 527 493 499 2516 
13196 1843 2204 2563 2653 
13197 1700 2480 2136 2521 
13198 1074 1090 1091 2235 
13199 1714 2080 2276 2606 
13200 1845 1731 2328 2469 
13201 2114 2212 1771 2558 
13202 1221 2047 1145 2675 
13203 457 541 535 2058 
13204 302 2122 364 2672 
13205 1340 2342 1341 2416 
13206 411 264 865 2337 
13207 1259 1256 1211 2660 
13208 1788 2595 2333 2699 
13209 1699 2421 2131 2596 
13210 1788 2507 2242 2595 
13211 345 288 385 2551 
13212 1056 1023 924 2269 
13213 2031 2459 1922 2550 
13214 2015 2507 1788 2595 
13215 702 133 1263 606 
13216 2064 2353 1789 2496 
13217 465 464 466 2276 
13218 1629 2507 2015 2619 
13219 979 980 951 2307 
13220 1635 2272 2030 2682 
13221 328 30 387 542 
13222 937 939 940 2369 
13223 1855 2345 2159 2699 
13224 1058 1056 1007 2269 
13225 1635 2482 2203 2517 
13226 1893 2380 2273 2388 
13227 1911 1751 2281 2650 
13228 1843 2386 2295 2635 
13229 872 795 894 2123 
13230 844 793 787 2292 
13231 525 524 523 2113 
13232 351 352 349 2011 
13233 1228 1227 1226 2241 
13234 1719 2101 2227 2426 
13235 1747 2410 2361 2619 
13236 518 472 469 2411 
13237 232 2047 1351 2582 
13238 63 289 384 2243 
13239 935 987 971 2381 
13240 1353 2007 1368 2485 
13241 831 887 892 2535 
13242 2071 632 2401 2567 
13243 344 2058 402 2510 
13244 1157 1232 1146 2063 
13245 445 567 507 2645 
13246 227 2426 226 2694 
13247 204 2178 2520 2589 
13248 2238 2543 1940 2655 
13249 179 1026 1286 2390 
13250 861 820 2493 2676 
13251 829 2676 2174 2677 
13252 334 2142 394 2621 
13253 817 880 911 1965 
13254 198 197 1080 2171 
13255 620 637 618 2414 
13256 725 669 617 2042 
13257 930 979 932 2518 
13258 545 520 546 2111 
13259 1802 1969 2446 2520 
13260 997 1055 1066 2317 
13261 1635 2177 2472 2517 
13262 1224 700 135 614 
13263 1104 1112 2316 2578 
13264 223 764 1406 2665 
13265 1229 1230 1228 2065 
13266 1633 1991 2360 2541 
13267 616 617 618 2534 
13268 534 562 540 2064 
13269 970 964 1005 2119 
13270 644 643 658 2234 
13271 633 643 634 2593 
13272 1335 1334 1336 2416 
13273 1331 580 599 2273 
13274 1331 1070 1051 2273 
13275 1628 2197 2051 2563 
13276 1104 206 1112 2578 
13277 1001 963 1002 2283 
13278 1749 2262 2155 2323 
13279 1824 2543 2238 2655 
13280 1776 2477 1986 2586 
13281 885 165 1022 2281 
13282 1360 1349 1362 2370 
13283 1922 2550 2459 2646 
13284 1696 1976 2272 2314 
13285 1704 2000 2425 2564 
13286 491 597 587 2098 
13287 367 369 370 2297 
13288 882 764 774 2121 
13289 781 785 790 2372 
13290 1375 1275 1314 2404 
13291 1304 2163 1267 2564 
13292 401 54 803 2218 
13293 1692 1909 2405 2603 
13294 648 744 727 2413 
13295 2029 2356 1717 2662 
13296 827 823 828 2677 
13297 945 944 2346 2588 
13298 484 531 534 2496 
13299 929 1032 967 2134 
13300 401 267 54 2218 
13301 1828 2414 2006 2534 
13302 1885 2101 2227 2674 
13303 331 332 323 2489 
13304 1891 2262 2155 2453 
13305 1365 1367 1356 2002 
13306 272 646 41 714 
13307 766 140 1161 1262 
13308 768 48 269 420 
13309 152 765 1383 2304 
13310 713 698 610 1958 
13311 439 2244 378 2570 
13312 1170 77 554 1281 
13313 324 345 333 2366 
13314 1652 2333 2595 2699 
13315 928 59 1034 309 
13316 1912 362 2453 2698 
13317 105 1105 451 2599 
13318 885 866 165 2281 
13319 812 2168 852 2610 
13320 813 811 807 2057 
13321 834 2492 860 2666 
13322 386 431 332 2274 
13323 1028 1032 1069 2163 
13324 1013 1010 1046 2243 
13325 542 29 387 452 
13326 1713 2144 2047 2582 
13327 202 2097 2300 2613 
13328 1258 1207 1251 2463 
13329 371 373 310 2692 
13330 350 422 429 2572 
13331 1406 2121 1399 2665 
13332 1281 77 554 495 
13333 945 943 944 2588 
13334 1324 1319 1323 2533 
13335 679 677 684 2044 
13336 1648 2575 1993 2670 
13337 1334 2209 1344 2568 
13338 1141 2120 1300 2427 
13339 1633 2360 1949 2541 
13340 703 696 2275 2638 
13341 697 732 753 2657 
13342 1624 2154 2286 2474 
13343 152 897 765 2304 
13344 1869 2651 2481 2655 
13345 822 823 794 2677 
13346 866 1042 165 2281 
13347 1406 147 882 764 
13348 607 615 220 2586 
13349 406 370 369 2629 
13350 1978 2428 838 2650 
13351 2035 1636 2554 2646 
13352 1103 1098 294 2572 
13353 1990 2420 1738 2651 
13354 1127 1110 1131 2151 
13355 271 286 274 2256 
13356 2301 2466 1906 2491 
13357 63 923 289 2243 
13358 163 916 867 1030 
13359 548 97 716 602 
13360 559 93 445 712 
13361 873 167 1020 759 
13362 213 1275 1354 1280 
13363 211 1319 1328 2671 
13364 690 724 728 2373 
13365 1700 1916 2521 2522 
13366 1641 2200 1995 2527 
13367 558 580 481 2273 
13368 952 1051 1029 2273 
13369 592 491 570 2098 
13370 391 1034 59 309 
13371 928 60 309 389 
13372 220 1986 219 2586 
13373 1042 1022 165 2281 
13374 411 865 770 2337 
13375 380 308 329 2086 
13376 947 999 938 2417 
13377 2100 1726 2492 2666 
13378 389 928 60 1016 
13379 1083 1079 1091 2235 
13380 532 533 535 2685 
13381 2307 2598 1870 2689 
13382 1153 1154 2421 2596 
13383 654 664 2437 2618 
13384 1048 2580 1956 2691 
13385 29 387 452 288 
13386 585 529 528 2402 
13387 666 637 670 2308 
13388 517 516 500 2673 
13389 897 152 1386 2304 
13390 1923 2272 2611 2682 
13391 433 429 309 2253 
13392 758 660 723 2209 
13393 1777 2199 2446 2643 
13394 2138 2406 972 2691 
13395 1734 2196 2575 2638 
13396 1713 2400 2063 2675 
13397 518 516 517 2411 
13398 517 573 519 2321 
13399 1729 2550 2554 2646 
13400 827 1929 820 2676 
13401 1392 1402 231 2298 
13402 397 310 359 2450 
13403 400 646 42 272 
13404 1047 2182 1904 2579 
13405 2142 2501 1866 2621 
13406 435 25 457 541 
13407 2063 2582 1713 2675 
13408 1179 1175 1176 2491 
13409 2305 2484 1852 2688 
13410 680 684 683 2284 
13411 1353 1373 1368 2007 
13412 1733 2246 2021 2648 
13413 1712 2218 1965 2396 
13414 1319 2533 1328 2671 
13415 1108 1132 1129 2194 
13416 1367 1350 1358 2693 
13417 654 2437 2228 2618 
13418 1642 2484 2305 2688 
13419 1904 2338 899 2529 
13420 1255 1168 1162 2319 
13421 694 632 627 2071 
13422 598 566 503 2418 
13423 1383 1386 152 2304 
13424 1760 2395 2013 2616 
13425 1729 2459 2550 2646 
13426 941 1935 2369 2626 
13427 1135 927 1317 2376 
13428 1089 2439 1078 2524 
13429 1201 1203 1267 2564 
13430 2088 2538 1765 2617 
13431 1153 2421 1951 2596 
13432 861 791 785 2493 
13433 671 2020 605 2497 
13434 457 402 25 435 
13435 845 846 2210 2544 
13436 1385 1394 1395 2423 
13437 1355 2370 1361 2435 
13438 594 549 564 2427 
13439 982 981 967 2125 
13440 1917 2567 2230 2656 
13441 1198 2161 1187 2592 
13442 2056 208 2220 2584 
13443 825 2396 875 2629 
13444 880 803 911 2570 
13445 1749 2323 2068 2536 
13446 1153 1154 1152 2421 
13447 851 812 852 2610 
13448 412 413 390 2579 
13449 562 2391 532 2685 
13450 926 162 769 1030 
13451 1710 2056 2220 2584 
13452 550 90 705 727 
13453 1023 1041 170 863 
13454 553 100 570 707 
13455 864 160 1021 805 
13456 1652 2410 1943 2471 
13457 610 98 716 454 
13458 455 92 559 612 
13459 1170 489 1272 2331 
13460 1126 1124 1109 2278 
13461 590 451 543 2320 
13462 435 402 355 2058 
13463 27 385 449 265 
13464 1729 2459 2031 2550 
13465 860 834 859 2492 
13466 644 645 634 2593 
13467 1802 2520 2178 2589 
13468 731 738 678 2435 
13469 742 693 692 2179 
13470 467 465 466 2276 
13471 988 987 989 2109 
13472 651 2179 693 2469 
13473 1237 1147 1149 2127 
13474 1201 1178 1186 2425 
13475 393 370 392 2297 
13476 295 290 291 2548 
13477 397 371 310 2076 
13478 770 825 901 2629 
13479 383 331 321 2489 
13480 975 1070 504 2273 
13481 614 700 682 2099 
13482 2054 2631 2135 2668 
13483 264 398 50 762 
13484 1712 1965 2244 2342 
13485 1262 1318 1284 2009 
13486 1852 2484 1942 2688 
13487 1045 988 990 2429 
13488 425 611 34 709 
13489 140 766 857 1262 
13490 208 1102 2220 2584 
13491 1629 2082 2135 2507 
13492 551 574 526 2373 
13493 1707 2303 1958 2618 
13494 557 1272 79 489 
13495 1779 2370 2309 2435 
13496 222 2342 1965 2690 
13497 658 688 734 2559 
13498 2304 2423 1726 2553 
13499 1367 1347 2457 2693 
13500 1379 147 882 1406 
13501 950 949 944 2346 
13502 642 650 636 2569 
13503 2101 1885 2612 2674 
13504 1257 1216 1192 2202 
13505 1666 2093 2361 2384 
13506 512 462 460 2375 
13507 688 687 730 2559 
13508 2031 2459 1729 2491 
13509 747 608 699 2457 
13510 1097 1093 1080 2046 
13511 1374 1371 1348 2586 
13512 1146 2400 1147 2675 
13513 1692 2334 2121 2412 
13514 1650 1922 2550 2669 
13515 1959 2322 2285 2415 
13516 1839 2111 2225 2552 
13517 27 385 540 449 
13518 836 2372 790 2681 
13519 456 586 511 2468 
13520 1394 1385 1384 2423 
13521 313 442 403 2151 
13522 1095 1092 1088 2439 
13523 893 824 770 2337 
13524 2055 2352 1830 2603 
13525 641 703 696 2275 
13526 1140 180 1274 919 
13527 942 938 936 2128 
13528 207 206 2483 2546 
13529 1134 6 270 200 
13530 527 475 530 2537 
13531 206 2546 2166 2578 
13532 867 891 896 2170 
13533 1865 2575 2196 2638 
13534 1333 223 1965 2623 
13535 1832 2431 2126 2566 
13536 1693 2259 2395 2658 
13537 638 1344 758 2568 
13538 1404 1402 1382 2409 
13539 1238 2217 1199 2590 
13540 563 584 502 2151 
13541 1751 2344 1978 2650 
13542 1116 1124 1126 2599 
13543 1721 2300 2097 2613 
13544 392 375 304 2229 
13545 912 818 894 2123 
13546 756 737 661 2123 
13547 1824 2651 2481 2683 
13548 659 752 699 2457 
13549 1702 2004 2433 2587 
13550 1180 1181 1183 2462 
13551 2166 2546 1821 2578 
13552 2015 1788 2668 2699 
13553 681 719 703 2638 
13554 583 105 451 2599 
13555 1032 974 1069 2134 
13556 656 654 664 2437 
13557 1028 960 1304 2163 
13558 357 296 302 1921 
13559 1896 2349 2026 2515 
13560 305 344 343 2510 
13561 319 318 316 2467 
13562 2340 2663 1786 2664 
13563 1734 2575 2275 2638 
13564 2015 2668 2159 2699 
13565 962 1041 1058 2627 
13566 1142 1372 19 232 
13567 2149 1683 2185 2592 
13568 2159 2668 1788 2699 
13569 2109 2365 1937 2381 
13570 513 547 506 2102 
13571 1404 1166 1225 2409 
13572 675 626 673 2299 
13573 990 988 989 2429 
13574 1852 2538 2088 2617 
13575 1768 1923 2411 2682 
13576 891 867 760 2170 
13577 617 616 607 2586 
13578 1029 2380 966 2388 
13579 702 719 2196 2638 
13580 1368 1373 224 2007 
13581 427 605 36 711 
13582 832 831 830 2302 
13583 505 2201 494 2498 
13584 1708 1969 2439 2524 
13585 1205 1289 173 966 
13586 2140 2249 1763 2517 
13587 1352 1360 1364 2101 
13588 1175 1179 1196 2491 
13589 2150 2478 1864 2652 
13590 932 934 933 2266 
13591 897 835 902 2304 
13592 683 2284 747 2457 
13593 1636 2532 2035 2554 
13594 737 715 2123 2568 
13595 269 420 341 2539 
13596 1772 2249 2140 2517 
13597 1274 2172 919 2390 
13598 207 1128 208 2483 
13599 523 522 475 2537 
13600 496 510 511 2468 
13601 2270 2403 1824 2543 
13602 207 2483 2056 2546 
13603 1286 1026 178 1135 
13604 340 339 336 2206 
13605 1307 966 1071 2380 
13606 1182 1260 1294 2261 
13607 871 825 875 2629 
13608 357 1921 302 2678 
13609 839 813 841 2313 
13610 605 671 721 2020 
13611 35 268 711 425 
13612 301 869 56 809 
13613 223 16 764 772 
13614 411 406 369 2337 
13615 993 991 953 2105 
13616 1691 2434 2285 2522 
13617 16 223 817 772 
13618 355 354 396 2377 
13619 2035 1636 2526 2532 
13620 556 539 455 2661 
13621 205 2166 2520 2578 
13622 372 280 282 2236 
13623 63 384 1013 2243 
13624 972 2406 1053 2691 
13625 581 107 1106 2487 
13626 720 741 659 2404 
13627 892 886 826 2644 
13628 1687 2245 2104 2451 
13629 330 338 329 2341 
13630 1634 2314 1976 2602 
13631 450 110 568 1132 
13632 1379 1399 1406 2121 
13633 1374 120 607 725 
13634 848 851 889 2610 
13635 1227 1233 1232 2511 
13636 1075 1094 1092 2486 
13637 577 446 548 2303 
13638 953 945 993 2588 
13639 398 420 49 762 
13640 853 863 890 2269 
13641 691 694 650 2569 
13642 1086 204 1088 2124 
13643 1127 591 502 2151 
13644 1747 2361 2093 2619 
13645 232 19 1142 1143 
13646 1221 1145 1177 2675 
13647 1765 2617 2538 2688 
13648 473 474 478 2087 
13649 220 607 12 615 
13650 232 1225 19 1143 
13651 1170 78 1272 489 
13652 430 396 333 2501 
13653 903 846 876 2544 
13654 1011 1012 1047 2182 
13655 12 220 615 660 
13656 557 511 586 2185 
13657 1095 1089 1082 2221 
13658 303 298 292 2634 
13659 322 326 395 2621 
13660 523 527 525 2537 
13661 1185 1246 1245 2387 
13662 450 10 209 458 
13663 327 410 409 2294 
13664 458 10 209 503 
13665 488 494 505 2201 
13666 382 381 426 2315 
13667 1978 2313 1751 2650 
13668 1635 2611 2272 2682 
13669 881 813 839 2313 
13670 1263 1137 1305 2196 
13671 1231 1230 1293 2279 
13672 1775 2672 2122 2678 
13673 1335 219 1334 2209 
13674 1831 2129 2597 2696 
13675 1362 1361 1355 2370 
13676 523 492 522 2591 
13677 486 476 492 2591 
13678 271 270 6 200 
13679 2010 2304 1726 2553 
13680 1126 1109 1120 2278 
13681 476 467 522 2591 
13682 1751 2344 1971 2605 
13683 105 1116 1105 2599 
13684 614 682 741 2099 
13685 1231 1189 2279 2574 
13686 1101 921 196 1039 
13687 1650 1961 2392 2550 
13688 2004 1702 2339 2587 
13689 733 647 722 2098 
13690 1942 2538 1852 2688 
13691 1802 2446 2394 2520 
13692 2085 2265 1665 2653 
13693 6 271 200 346 
13694 1745 2430 1946 2573 
13695 572 578 512 2061 
13696 697 695 732 2657 
13697 513 2102 506 2664 
13698 208 1077 207 2220 
13699 2316 2482 1766 2611 
13700 477 476 486 2248 
13701 1645 1930 2643 2658 
13702 1171 1187 1172 2633 
13703 110 1108 568 1132 
13704 652 434 757 2294 
13705 809 913 434 2294 
13706 875 810 772 2396 
13707 1748 2365 2109 2381 
13708 2275 2575 1925 2638 
13709 304 374 299 2445 
13710 1198 1187 1211 2592 
13711 268 342 428 2328 
13712 394 361 395 2621 
13713 1334 1339 1336 2568 
13714 1749 2262 2323 2536 
13715 327 43 706 652 
13716 1726 2304 2010 2666 
13717 899 915 843 2338 
13718 344 355 402 2058 
13719 225 1401 1393 2223 
13720 1719 2059 2443 2541 
13721 1854 2248 2141 2327 
13722 1632 2481 2558 2651 
13723 1330 601 481 2418 
13724 1732 2372 1984 2681 
13725 884 862 46 2529 
13726 1001 1002 1044 2283 
13727 2113 2471 1854 2591 
13728 1766 2482 2203 2611 
13729 651 692 693 2179 
13730 2211 2369 1748 2680 
13731 596 452 542 2551 
13732 1129 1111 1123 2194 
13733 1656 2557 1955 2647 
13734 373 2356 290 2692 
13735 282 283 2358 2504 
13736 1650 2550 2392 2669 
13737 1216 1308 1215 2021 
13738 1852 2538 2617 2688 
13739 1727 2358 1973 2504 
13740 1133 208 1128 2074 
13741 643 688 658 2234 
13742 829 861 785 2676 
13743 918 1049 1045 2221 
13744 560 552 453 2120 
13745 1340 1335 1336 2416 
13746 503 601 209 2418 
13747 965 1031 1007 2067 
13748 1196 1208 1266 2466 
13749 843 808 874 2338 
13750 265 396 430 2377 
13751 418 46 862 2529 
13752 1735 2451 2156 2516 
13753 74 975 504 1040 
13754 115 726 818 661 
13755 1335 2209 1334 2416 
13756 923 63 1013 2243 
13757 576 1934 539 2454 
13758 394 277 361 2449 
13759 120 1374 1348 725 
13760 1289 1025 173 966 
13761 1719 2101 2632 2674 
13762 1760 2260 2362 2573 
13763 762 50 264 865 
13764 1157 1146 1143 2063 
13765 1180 1185 1245 2289 
13766 706 400 43 327 
13767 724 656 664 2437 
13768 396 354 334 2501 
13769 1385 2423 1395 2553 
13770 268 427 36 711 
13771 716 664 713 2618 
13772 827 1929 2676 2677 
13773 1931 1726 2553 2647 
13774 462 464 463 2233 
13775 334 394 326 2621 
13776 796 834 833 2100 
13777 1961 2430 1791 2636 
13778 2108 1763 2482 2578 
13779 1161 1284 1285 2560 
13780 1955 1726 2647 2666 
13781 714 40 399 743 
13782 873 168 767 2580 
13783 1204 1253 1244 2622 
13784 1249 1313 1248 2587 
13785 888 838 2428 2650 
13786 1073 1093 1097 2046 
13787 552 560 597 2120 
13788 1236 1193 1235 2432 
13789 1078 1089 1095 2439 
13790 229 1357 228 2566 
13791 1144 1304 960 2163 
13792 224 1401 225 2500 
13793 581 447 107 2487 
13794 751 717 2328 2469 
13795 977 984 985 2078 
13796 204 203 2178 2589 
13797 549 453 85 2427 
13798 511 557 561 2185 
13799 2361 2410 1739 2619 
13800 386 288 345 2551 
13801 847 797 846 2210 
13802 1259 2479 1178 2660 
13803 2228 2437 1707 2618 
13804 207 206 1104 2483 
13805 817 880 1965 2623 
13806 770 51 865 411 
13807 1048 1053 2580 2691 
13808 224 225 2461 2500 
13809 550 576 565 1934 
13810 2227 2370 1899 2426 
13811 386 387 288 2551 
13812 563 591 313 2151 
13813 1015 922 1061 2438 
13814 1392 1388 1402 2298 
13815 654 655 713 2618 
13816 910 890 857 2009 
13817 1192 1206 1191 2246 
13818 1772 2280 2110 2408 
13819 352 356 349 2678 
13820 892 887 761 2160 
13821 1353 219 218 2477 
13822 513 2663 2340 2664 
13823 2125 2307 1870 2689 
13824 197 929 17 921 
13825 1141 1249 1300 2120 
13826 51 264 865 411 
13827 1860 2634 2029 2662 
13828 514 555 579 2213 
13829 974 929 17 197 
13830 1298 1249 1141 2120 
13831 870 2440 821 2580 
13832 576 538 596 2454 
13833 135 1224 614 1282 
13834 1716 2528 2184 2598 
13835 107 1125 1106 2487 
13836 1878 2545 1997 2574 
13837 1247 1249 1248 2339 
13838 790 836 781 2372 
13839 1864 2422 2135 2631 
13840 2054 1651 2608 2631 
13841 853 767 863 2269 
13842 403 1110 71 408 
13843 1268 1304 1267 2564 
13844 726 913 883 2294 
13845 2410 2595 1739 2619 
13846 1681 1964 2499 2628 
13847 751 611 711 2328 
13848 1666 2193 2280 2659 
13849 893 823 824 2263 
13850 1287 1264 1285 2560 
13851 1248 1306 1246 2339 
13852 1291 1140 1212 2172 
13853 303 365 366 2634 
13854 1342 1337 1332 2123 
13855 763 903 876 2555 
13856 2316 2482 1821 2578 
13857 650 642 654 2228 
13858 2167 2211 1748 2680 
13859 1632 2651 1990 2683 
13860 573 578 447 2487 
13861 1821 2482 2316 2611 
13862 1289 1144 174 960 
13863 731 678 676 2309 
13864 1283 1244 1316 2376 
13865 1646 2211 2167 2680 
13866 1147 2400 2127 2675 
13867 803 401 2218 2570 
13868 557 586 80 1139 
13869 501 487 486 2327 
13870 115 726 883 818 
13871 1040 504 74 569 
13872 1125 1113 1121 2487 
13873 1829 2255 2097 2589 
13874 605 37 426 427 
13875 400 42 646 706 
13876 562 534 531 2496 
13877 618 637 665 2534 
13878 297 425 34 709 
13879 932 951 934 2266 
13880 1079 203 1086 2436 
13881 39 423 613 263 
13882 2206 2338 1904 2529 
13883 612 742 739 2661 
13884 1352 2485 2101 2612 
13885 2054 2608 2135 2631 
13886 2178 2394 1763 2520 
13887 946 999 1000 2393 
13888 1150 1239 1155 2459 
13889 1719 2632 2101 2694 
13890 2101 2632 1894 2694 
13891 547 513 515 2340 
13892 475 522 468 2447 
13893 2021 2246 2202 2648 
13894 1019 1035 919 2172 
13895 1353 218 1373 2477 
13896 882 1379 2121 2644 
13897 1629 2135 2422 2668 
13898 1352 2101 1364 2612 
13899 1241 1199 1238 2217 
13900 1886 2533 2418 2671 
13901 436 593 328 2413 
13902 1282 1222 1224 2099 
13903 569 600 1040 2380 
13904 1712 2396 1965 2690 
13905 1256 1296 1211 2149 
13906 456 510 579 2468 
13907 1369 1366 1354 2404 
13908 334 360 394 2142 
13909 1282 614 136 720 
13910 554 489 1170 2331 
13911 1645 2446 2199 2643 
13912 328 593 490 2413 
13913 670 637 672 2414 
13914 1280 1372 212 1142 
13915 1166 1400 216 1279 
13916 537 485 484 2505 
13917 1018 984 977 2240 
13918 732 695 696 2275 
13919 742 705 744 2661 
13920 315 379 300 2453 
13921 480 2340 513 2663 
13922 2015 2507 2595 2619 
13923 2029 2634 2356 2662 
13924 1194 1282 136 720 
13925 1716 2518 2266 2598 
13926 1330 481 1321 2418 
13927 676 674 731 2309 
13928 404 884 46 2529 
13929 1739 2177 2361 2384 
13930 1666 2361 2177 2384 
13931 105 583 1116 2599 
13932 222 221 2342 2690 
13933 1364 1345 1359 2612 
13934 898 849 771 2261 
13935 210 2418 1326 2533 
13936 1215 1206 1192 2246 
13937 160 1021 805 1036 
13938 645 662 663 2158 
13939 981 1050 980 2307 
13940 1307 600 495 2380 
13941 1924 2467 2139 2625 
13942 1305 1250 1263 2196 
13943 916 1030 978 2170 
13944 1892 2368 2095 2687 
13945 1326 1323 1319 2533 
13946 493 527 530 2516 
13947 817 223 16 914 
13948 1187 1198 1197 2161 
13949 2481 2651 1632 2683 
13950 196 1097 1101 1039 
13951 275 360 305 2458 
13952 985 1050 1026 2390 
13953 550 539 1934 2661 
13954 221 1340 222 2342 
13955 124 1346 740 2435 
13956 1127 1122 1110 2151 
13957 346 294 422 2572 
13958 474 472 482 2519 
13959 1652 2595 2015 2699 
13960 1201 1218 1202 2191 
13961 404 46 418 2529 
13962 2132 2329 1823 2502 
13963 1718 2442 2189 2513 
13964 1191 1207 1258 2040 
13965 1290 1182 1294 2261 
13966 863 169 1023 767 
13967 804 890 879 2627 
13968 727 550 90 565 
13969 1041 879 170 863 
13970 100 722 570 707 
13971 1715 2048 2391 2685 
13972 469 472 470 2239 
13973 513 2340 2102 2664 
13974 285 282 283 2358 
13975 1135 1026 178 927 
13976 1031 925 1024 2359 
13977 802 820 819 2107 
13978 220 12 758 660 
13979 345 324 431 2366 
13980 411 444 264 2337 
13981 503 10 209 601 
13982 337 357 353 2133 
13983 964 950 1008 2318 
13984 1250 1246 1306 2387 
13985 224 2461 2257 2500 
13986 107 447 1125 2487 
13987 950 944 1008 2318 
13988 853 890 852 2168 
13989 813 821 811 2440 
13990 1053 972 1006 2406 
13991 921 930 931 2518 
13992 405 749 436 2413 
13993 1911 2428 2344 2650 
13994 1253 2463 1213 2622 
13995 1814 2293 2241 2488 
13996 480 508 461 2663 
13997 607 220 1374 2586 
13998 1322 580 1331 2273 
13999 2158 2469 1731 2562 
14000 1355 1346 124 2435 
14001 405 648 749 2413 
14002 540 562 449 2064 
14003 2202 2246 1725 2648 
14004 1906 2301 2491 2670 
14005 1352 1368 225 2485 
14006 570 491 587 2098 
14007 838 858 888 2428 
14008 1029 2388 1037 2525 
14009 918 1043 1049 2221 
14010 1718 2383 2442 2513 
14011 1767 2018 2382 2684 
14012 1354 213 1280 1370 
14013 629 631 630 2382 
14014 1302 549 85 2427 
14015 1720 2401 2364 2567 
14016 1700 2521 2136 2522 
14017 532 562 531 2391 
14018 2189 2442 1823 2513 
14019 1227 1228 1270 2241 
14020 743 40 399 423 
14021 950 956 955 2371 
14022 1375 1314 748 2404 
14023 802 861 820 2493 
14024 831 832 833 2302 
14025 633 685 649 2364 
14026 339 341 359 2450 
14027 423 743 39 613 
14028 1720 2071 2401 2567 
14029 773 775 774 2334 
14030 806 858 838 2428 
14031 1334 220 1344 2209 
14032 549 84 1303 1302 
14033 826 776 814 2412 
14034 871 2218 267 2629 
14035 926 864 1021 2348 
14036 1830 2352 2055 2690 
14037 809 434 409 2294 
14038 666 2308 671 2497 
14039 1360 226 227 2426 
14040 2015 2656 2159 2668 
14041 1051 1327 1331 2273 
14042 607 616 615 2586 
14043 1930 2395 2259 2658 
14044 174 1025 1289 960 
14045 896 815 842 2476 
14046 505 506 488 2201 
14047 290 373 365 2356 
14048 571 551 526 2373 
14049 1739 2507 2384 2619 
14050 1639 2329 2132 2502 
14051 2127 2400 1713 2675 
14052 737 638 715 2568 
14053 298 293 292 2208 
14054 878 762 868 2539 
14055 908 868 768 2539 
14056 1665 2265 2157 2653 
14057 1167 1255 1162 2319 
14058 738 1355 124 2435 
14059 1403 221 1381 2055 
14060 2361 2384 2093 2619 
14061 1399 1381 222 2665 
14062 727 565 749 2413 
14063 2031 2550 1922 2669 
14064 202 2300 201 2613 
14065 1134 270 72 408 
14066 908 819 878 2539 
14067 945 944 949 2346 
14068 1067 2182 1047 2579 
14069 328 388 405 2413 
14070 78 1170 554 489 
14071 302 296 291 2548 
14072 1130 71 1110 408 
14073 124 740 738 2435 
14074 585 553 587 2402 
14075 1040 966 1029 2380 
14076 1120 202 1119 2630 
14077 2344 2428 1978 2650 
14078 1337 1336 1332 2123 
14079 798 851 848 2162 
14080 340 2206 412 2529 
14081 1319 210 2533 2671 
14082 1403 1401 224 2500 
14083 401 439 378 2570 
14084 955 956 1009 2371 
14085 197 17 974 1072 
14086 445 507 559 2083 
14087 801 842 815 2476 
14088 1823 2329 2434 2502 
14089 1268 1203 1283 2564 
14090 666 671 736 2497 
14091 429 433 350 2253 
14092 1075 1084 1094 2486 
14093 2010 2553 1726 2647 
14094 2055 2665 1830 2690 
14095 2025 2526 1636 2532 
14096 882 148 1379 2644 
14097 1005 1008 946 2626 
14098 1251 1213 1253 2463 
14099 717 651 693 2469 
14100 275 305 273 2458 
14101 2010 2647 1726 2666 
14102 1223 1237 1196 2466 
14103 456 555 82 1299 
14104 665 667 653 2192 
14105 344 402 438 2510 
14106 562 532 589 2685 
14107 221 1341 1340 2342 
14108 792 788 787 2311 
14109 1339 1344 638 2568 
14110 1401 1390 1393 2223 
14111 1363 2042 2485 2612 
14112 1037 974 1072 2525 
14113 1375 1354 1275 2404 
14114 1261 1290 1279 2577 
14115 804 907 1309 2627 
14116 1955 2647 2010 2666 
14117 515 465 471 2606 
14118 321 331 323 2489 
14119 1320 1325 1323 2525 
14120 576 550 539 1934 
14121 1714 2276 2233 2606 
14122 911 803 871 2218 
14123 804 1309 1210 2627 
14124 994 996 997 2317 
14125 715 661 737 2123 
14126 894 818 872 2123 
14127 764 1406 16 223 
14128 1198 1269 1217 2592 
14129 380 381 325 2315 
14130 1713 2582 2047 2675 
14131 357 352 2133 2678 
14132 206 2166 205 2578 
14133 161 926 864 1021 
14134 1333 1336 1338 2623 
14135 1702 2232 2455 2686 
14136 901 871 53 2629 
14137 1028 175 1304 960 
14138 824 823 822 2263 
14139 1020 1048 1053 2580 
14140 489 566 598 2331 
14141 593 749 565 2413 
14142 870 821 873 2580 
14143 1145 1146 1147 2675 
14144 1685 2632 2101 2674 
14145 513 509 2663 2664 
14146 1242 1238 1199 2590 
14147 448 84 1303 549 
14148 1248 1273 1306 2587 
14149 586 1297 80 1139 
14150 2209 2416 1947 2568 
14151 1297 456 81 1299 
14152 450 209 10 1132 
14153 1374 607 12 220 
14154 481 601 566 2418 
14155 623 673 626 2299 
14156 1310 1278 88 592 
14157 19 1404 1225 232 
14158 1385 1395 1376 2553 
14159 831 814 830 2535 
14160 817 914 880 2623 
14161 1311 700 135 1224 
14162 66 1064 437 961 
14163 575 540 452 2551 
14164 514 513 506 2664 
14165 209 601 1330 2418 
14166 644 634 643 2593 
14167 1276 1063 962 2627 
14168 746 682 700 2615 
14169 1292 1205 1281 2380 
14170 769 900 864 2348 
14171 1147 1146 1148 2400 
14172 1128 1111 1133 2074 
14173 708 690 728 2373 
14174 810 875 825 2396 
14175 587 597 529 2402 
14176 961 314 65 2579 
14177 1171 1172 1163 2633 
14178 1314 1194 748 2404 
14179 1201 1186 1203 2425 
14180 268 425 342 2328 
14181 1136 82 555 1299 
14182 1309 1063 1276 2627 
14183 1379 1407 1399 2121 
14184 1238 1242 1184 2590 
14185 865 893 770 2337 
14186 1375 748 1369 2404 
14187 414 384 289 2243 
14188 544 492 524 2607 
14189 593 436 749 2413 
14190 1389 1379 148 2644 
14191 295 373 290 2692 
14192 322 320 321 2224 
14193 2135 2631 2422 2668 
14194 977 976 959 2164 
14195 434 652 327 2294 
14196 1260 143 1138 2555 
14197 1219 1220 1292 2407 
14198 702 696 719 2638 
14199 509 480 513 2663 
14200 1156 1153 1164 2596 
14201 143 1260 854 2555 
14202 1053 924 1020 2580 
14203 267 53 871 2629 
14204 987 935 937 2381 
14205 1040 1071 966 2380 
14206 356 302 2672 2678 
14207 2135 2507 1788 2668 
14208 590 2320 536 2552 
14209 1333 1343 223 2623 
14210 208 1102 1077 2220 
14211 1141 85 453 2427 
14212 314 66 437 961 
14213 751 662 717 2469 
14214 1112 205 1117 2578 
14215 563 502 591 2151 
14216 1166 1290 1288 2409 
14217 655 697 698 2433 
14218 1214 1244 1213 2622 
14219 1231 1188 1189 2574 
14220 1405 1378 905 2577 
14221 856 141 1264 2560 
14222 1245 1179 1180 2289 
14223 1059 922 1054 2486 
14224 1151 1153 1152 2421 
14225 752 683 747 2457 
14226 856 889 766 2560 
14227 282 285 287 2358 
14228 1275 1375 1314 214 
14229 1181 1180 1176 2462 
14230 679 680 640 2514 
14231 1363 2485 1352 2612 
14232 593 328 31 436 
14233 231 232 1351 2582 
14234 1312 1221 1222 2464 
14235 1103 6 200 346 
14236 294 1098 68 407 
14237 1012 969 1027 2389 
14238 1297 81 456 586 
14239 277 278 361 2449 
14240 1259 1178 1202 2660 
14241 328 593 31 490 
14242 966 1307 1205 2380 
14243 2015 2595 1788 2699 
14244 2422 2631 1720 2668 
14245 1081 68 1098 407 
14246 1339 1334 1344 2568 
14247 1161 141 766 2560 
14248 1637 2455 2232 2686 
14249 907 1041 1063 2627 
14250 710 37 426 605 
14251 1174 1188 1190 2545 
14252 595 536 590 2320 
14253 1319 211 210 2671 
14254 705 612 91 2661 
14255 2101 2426 1719 2694 
14256 1315 1279 1405 2577 
14257 952 1029 1037 2525 
14258 461 460 462 2375 
14259 393 367 370 2297 
14260 885 840 866 2281 
14261 1351 1366 1358 2693 
14262 263 613 38 710 
14263 1629 2507 2135 2668 
14264 1281 1307 495 2380 
14265 2363 2533 1752 2671 
14266 1026 919 985 2390 
14267 55 301 401 2570 
14268 390 65 314 2579 
14269 210 1326 1319 2533 
14270 17 197 921 1101 
14271 905 1261 1315 2577 
14272 1270 1173 1164 2293 
14273 923 1046 1067 2243 
14274 1194 1275 1312 2404 
14275 577 548 582 2303 
14276 1648 2336 2301 2670 
14277 1195 1273 1313 2587 
14278 1032 929 974 2134 
14279 210 211 1111 2530 
14280 1286 1316 1214 2390 
14281 795 872 880 2623 
14282 208 18 1102 2584 
14283 1720 2656 2422 2668 
14284 114 757 913 726 
14285 1071 1040 75 600 
14286 968 978 1027 2354 
14287 1323 1322 1327 2273 
14288 807 793 844 2292 
14289 907 1309 138 804 
14290 296 295 291 2548 
14291 715 652 726 2294 
14292 809 872 883 2294 
14293 171 1063 907 1041 
14294 101 750 592 570 
14295 886 148 882 2644 
14296 632 691 686 2567 
14297 565 576 490 2413 
14298 763 1138 143 2555 
14299 979 981 980 2307 
14300 1965 2342 1712 2690 
14301 886 1389 148 2644 
14302 1120 1115 1126 2630 
14303 184 962 1276 1063 
14304 1309 184 1276 1063 
14305 1372 1370 1280 212 
14306 1278 491 88 592 
14307 809 883 913 2294 
14308 652 757 726 2294 
14309 202 1083 201 2300 
14310 1170 1272 1295 2331 
14311 681 680 682 2615 
14312 1073 1082 1089 2221 
14313 284 362 363 2698 
14314 1161 1264 141 2560 
14315 1051 975 1029 2273 
14316 580 558 504 2273 
14317 589 535 541 2685 
14318 751 717 611 2328 
14319 961 65 1014 2579 
14320 313 403 438 2151 
14321 1309 1210 138 804 
14322 1360 227 1349 2426 
14323 1400 1405 1279 2577 
14324 945 953 943 2588 
14325 517 578 573 2673 
14326 1193 1236 1254 2432 
14327 671 666 670 2308 
14328 1116 1126 1105 2599 
14329 475 468 470 2447 
14330 1340 1341 1335 2416 
14331 1067 1047 1014 2579 
14332 1739 2384 2361 2619 
14333 1144 1304 175 960 
14334 356 302 364 2672 
14335 1051 1070 975 2273 
14336 580 504 599 2273 
14337 1031 1065 925 2359 
14338 1023 1056 1058 2269 
14339 1212 1140 1274 2172 
14340 435 355 265 2377 
14341 1325 1329 197 2525 
14342 531 483 532 2391 
14343 357 352 353 2133 
14344 390 1014 65 2579 
14345 774 776 826 2412 
14346 1720 2159 2656 2668 
14347 829 827 2676 2677 
14348 1083 1091 1090 2235 
14349 869 301 55 2570 
14350 1165 1258 1252 2523 
14351 304 299 298 2445 
14352 856 766 141 2560 
14353 317 348 356 2672 
14354 588 521 583 2599 
14355 1006 972 958 2406 
14356 906 884 45 437 
14357 368 366 371 2697 
14358 1283 1135 1317 2376 
14359 1141 1302 85 2427 
14360 834 860 902 2666 
14361 840 839 838 2650 
14362 1004 1022 1042 2281 
14363 1222 1221 1177 2464 
14364 1134 72 1130 408 
14365 1383 1395 1386 2304 
14366 426 263 38 710 
14367 992 1059 1054 2486 
14368 941 940 939 2369 
14369 2259 2643 1930 2658 
14370 55 401 803 2570 
14371 1304 1144 1267 2163 
14372 143 854 763 2555 
14373 632 686 685 2567 
14374 442 1131 70 403 
14375 1315 1405 905 2577 
14376 505 494 560 2498 
14377 1247 1185 1254 2571 
14378 406 901 53 2629 
14379 778 780 830 2538 
14380 2162 1800 2609 2610 
14381 1324 198 199 2363 
14382 1066 1061 997 2438 
14383 926 1021 1012 2348 
14384 1405 155 905 1378 
14385 905 1378 816 2577 
14386 1390 1379 1389 2644 
14387 1233 1151 1232 2511 
14388 748 1194 720 2404 
14389 1029 966 1025 2388 
14390 441 407 67 1100 
14391 1165 1174 1258 2523 
14392 727 749 648 2413 
14393 211 2117 2530 2671 
14394 1317 1135 177 927 
14395 812 853 852 2168 
14396 734 688 730 2559 
14397 877 1261 905 2577 
14398 806 836 790 2681 
14399 1011 969 1012 2389 
14400 1048 972 1053 2691 
14401 282 281 283 2504 
14402 970 978 968 2354 
14403 1108 1129 1123 2194 
14404 1028 1069 960 2163 
14405 780 778 779 2538 
14406 510 456 511 2468 
14407 416 267 401 2218 
14408 659 1369 748 2404 
14409 219 220 1334 2209 
14410 198 1080 1099 2171 
14411 1070 599 73 504 
14412 116 661 912 756 
14413 545 474 482 2519 
14414 914 223 16 1343 
14415 750 1195 129 1310 
14416 315 362 379 2453 
14417 567 525 499 2645 
14418 479 484 485 2505 
14419 1314 1275 1194 2404 
14420 767 870 873 2580 
14421 915 864 900 2348 
14422 1147 1177 1145 2675 
14423 374 375 376 2561 
14424 869 803 880 2570 
14425 91 612 455 2661 
14426 829 794 827 2677 
14427 304 393 392 2229 
14428 792 793 798 2637 
14429 1353 1368 1363 2485 
14430 1344 12 758 220 
14431 554 566 489 2331 
14432 10 1330 209 601 
14433 765 897 902 2304 
14434 340 336 412 2206 
14435 789 841 844 2649 
14436 340 412 404 2529 
14437 1106 1125 1121 2487 
14438 558 495 569 2380 
14439 986 984 1018 2240 
14440 860 904 902 2666 
14441 539 498 538 2454 
14442 695 641 696 2275 
14443 495 600 569 2380 
14444 879 1041 907 2627 
14445 211 2530 210 2671 
14446 1013 1046 923 2243 
14447 697 753 733 2433 
14448 658 692 644 2624 
14449 406 53 267 2629 
14450 529 560 494 2498 
14451 294 407 429 2572 
14452 1195 129 647 750 
14453 573 447 581 2487 
14454 283 281 364 2504 
14455 1104 1112 1113 2316 
14456 913 434 57 809 
14457 76 495 1307 600 
14458 515 513 480 2340 
14459 648 749 32 405 
14460 451 588 583 2599 
14461 515 463 465 2606 
14462 1317 1057 176 1268 
14463 325 381 382 2315 
14464 997 996 1055 2317 
14465 827 820 861 2676 
14466 549 594 453 2427 
14467 1331 1327 1322 2273 
14468 1346 1355 1361 2435 
14469 869 55 803 2570 
14470 879 171 907 1041 
14471 750 101 722 570 
14472 1326 1330 1321 2418 
14473 481 112 1321 580 
14474 1174 1190 1191 2545 
14475 1095 1088 1078 2439 
14476 749 436 32 405 
14477 899 843 874 2338 
14478 415 368 371 2697 
14479 1011 1047 1067 2182 
14480 1322 1321 112 580 
14481 1225 1166 1288 2409 
14482 1150 1155 1149 2459 
14483 636 650 694 2569 
14484 296 311 306 2540 
14485 469 516 518 2411 
14486 679 640 631 2514 
14487 2356 2634 1794 2662 
14488 1739 2595 2507 2619 
14489 784 789 844 2649 
14490 1094 1079 1086 2436 
14491 320 318 319 2467 
14492 1247 1248 1246 2339 
14493 700 134 606 1311 
14494 952 1320 186 1051 
14495 17 197 1329 1072 
14496 888 840 838 2650 
14497 312 306 311 2540 
14498 206 1085 1078 2524 
14499 1245 1246 1250 2387 
14500 134 1137 606 1311 
14501 1307 966 172 1071 
14502 1363 1352 1364 2612 
14503 1266 1223 1196 2466 
14504 303 292 365 2634 
14505 155 816 905 1378 
14506 437 884 45 404 
14507 618 665 616 2534 
14508 1218 1220 1219 2407 
14509 672 637 620 2414 
14510 370 406 267 2629 
14511 1349 1361 1362 2370 
14512 1378 1400 1408 2577 
14513 334 333 396 2501 
14514 1104 1128 207 2483 
14515 376 330 374 2561 
14516 295 310 373 2692 
14517 137 1194 748 1314 
14518 369 444 411 2337 
14519 118 737 1332 1339 
14520 1327 186 1320 1051 
14521 791 861 802 2493 
14522 533 546 536 2552 
14523 1685 2347 2632 2674 
14524 355 396 265 2377 
14525 894 795 157 1338 
14526 1376 1395 1398 2553 
14527 737 118 638 1339 
14528 1072 1329 952 2525 
14529 434 327 409 2294 
14530 209 1326 210 2418 
14531 638 758 723 2568 
14532 284 372 362 2698 
14533 710 671 605 2497 
14534 159 805 906 1036 
14535 544 524 574 2607 
14536 884 899 862 2529 
14537 799 798 793 2637 
14538 214 1275 1375 1354 
14539 845 876 846 2544 
14540 922 190 191 1084 
14541 1356 126 125 608 
14542 1337 894 157 1338 
14543 1375 1369 1354 2404 
14544 1189 1188 1173 2574 
14545 739 692 658 2624 
14546 765 153 152 1383 
14547 836 806 837 2681 
14548 206 205 1112 2578 
14549 905 1261 146 1315 
14550 726 913 114 883 
14551 569 75 1040 600 
14552 1064 159 906 1036 
14553 1037 1029 1025 2388 
14554 585 587 529 2402 
14555 1153 1156 1154 2596 
14556 1371 220 219 2586 
14557 346 1103 69 294 
14558 975 1070 73 504 
14559 661 818 116 912 
14560 1002 972 1048 2691 
14561 434 409 57 809 
14562 705 91 550 2661 
14563 215 1382 1166 1404 
14564 1033 995 1017 2583 
14565 451 105 104 1105 
14566 481 1330 113 601 
14567 1166 215 1404 1225 
14568 590 536 546 2552 
14569 870 811 821 2440 
14570 1089 1078 1085 2524 
14571 932 931 930 2518 
14572 717 662 651 2469 
14573 397 359 341 2450 
14574 177 1057 1317 927 
14575 715 638 723 2568 
14576 44 652 434 757 
14577 1141 1300 1236 2427 
14578 1062 391 58 441 
14579 1214 1274 1286 2390 
14580 364 317 356 2672 
14581 914 1343 795 2623 
14582 1271 182 181 925 
14583 962 183 184 1276 
14584 892 814 831 2535 
14585 527 523 475 2537 
14586 343 344 438 2510 
14587 678 738 740 2435 
14588 941 946 1008 2626 
14589 1110 70 1131 403 
14590 595 590 543 2320 
14591 495 1281 76 1307 
14592 1363 1364 1359 2612 
14593 576 539 538 2454 
14594 1213 1251 1207 2463 
14595 1387 153 154 855 
14596 654 713 664 2618 
14597 1329 187 1072 952 
14598 795 914 156 1343 
14599 758 638 117 1344 
14600 142 141 1264 856 
14601 1367 1366 1347 2693 
14602 1042 165 164 866 
14603 728 96 95 551 
14604 165 166 885 1022 
14605 94 95 571 708 
14606 47 48 269 768 
14607 720 137 1194 748 
14608 49 50 398 762 
14609 894 158 912 1342 
14610 756 119 737 1342 
14611 1051 1331 185 1070 
14612 407 1081 67 1100 
14613 567 499 507 2645 
14614 508 480 509 2663 
14615 550 455 539 2661 
14616 916 164 163 760 
14617 97 96 602 446 
14618 445 93 94 603 
14619 166 167 759 917 
14620 1135 1283 1316 2376 
14621 816 155 154 1378 
14622 476 522 492 2591 
14623 152 151 897 1386 
14624 1075 192 191 1054 
14625 1346 125 124 740 
14626 1210 139 138 804 
14627 41 40 399 714 
14628 405 436 328 2413 
14629 1254 1300 1247 2571 
14630 1244 1253 1213 2622 
14631 1320 952 1329 2525 
14632 1352 1363 1368 2485 
14633 845 848 876 2544 
14634 1259 1202 1256 2660 
14635 517 500 578 2673 
14636 748 1369 128 1375 
14637 1100 188 1062 1096 
14638 395 326 394 2621 
14639 127 126 1347 699 
14640 190 189 1074 1015 
14641 1293 1260 1138 2555 
14642 63 62 1013 384 
14643 1205 1307 1281 2380 
14644 1261 1279 1315 2577 
14645 102 1131 591 1127 
14646 1261 146 877 905 
14647 886 882 826 2644 
14648 88 87 491 1278 
14649 80 79 557 1139 
14650 402 25 24 457 
14651 145 144 1182 771 
14652 591 442 23 313 
14653 596 575 452 2551 
14654 223 1406 1399 2665 
14655 907 1063 1309 2627 
14656 566 601 503 2418 
14657 1082 194 193 918 
14658 1052 192 193 1087 
14659 124 123 1355 738 
14660 150 151 1380 895 
14661 928 60 59 309 
14662 703 719 696 2638 
14663 1400 1378 1405 2577 
14664 1273 1248 1313 2587 
14665 604 122 123 1345 
14666 53 54 267 871 
14667 599 1331 111 580 
14668 583 106 105 1116 
14669 1114 103 104 543 
14670 1267 1203 1268 2564 
14671 532 535 589 2685 
14672 1276 1210 1309 2627 
14673 761 150 149 1391 
14674 648 32 33 405 
14675 327 44 652 434 
14676 429 422 294 2572 
14677 905 816 877 2577 
14678 593 565 490 2413 
14679 391 58 1034 1062 
14680 825 871 901 2629 
14681 85 86 1141 453 
14682 1302 1141 1236 2427 
14683 752 747 699 2457 
14684 702 133 132 1263 
14685 148 147 882 1379 
14686 966 172 1205 1307 
14687 1135 178 177 927 
14688 1161 1285 1264 2560 
14689 1389 148 149 886 
14690 385 28 27 540 
14691 1064 906 4 437 
14692 1063 1309 14 907 
14693 2 593 436 749 
14694 91 455 550 2661 
14695 64 65 390 1014 
14696 314 65 66 961 
14697 513 514 509 2664 
14698 1321 1330 113 481 
14699 854 143 144 1260 
14700 805 159 160 1036 
14701 1274 180 179 919 
14702 31 30 328 490 
14703 390 314 412 2579 
14704 106 107 1106 581 
14705 1310 9 750 592 
14706 1119 1115 1120 2630 
14707 861 829 827 2676 
14708 701 131 130 1273 
14709 748 720 659 2404 
14710 1043 194 195 1073 
14711 1072 952 1037 2525 
14712 961 1014 1047 2579 
14713 1061 1066 1015 2438 
14714 920 62 61 266 
14715 867 162 163 1030 
14716 716 98 97 548 
14717 559 92 93 712 
14718 168 167 1020 873 
14719 770 52 51 411 
14720 161 162 769 926 
14721 610 99 98 454 
14722 455 91 92 612 
14723 169 168 924 767 
14724 418 340 404 2529 
14725 1063 1041 962 2627 
14726 795 1343 1338 2623 
14727 139 140 857 1262 
14728 1369 128 659 748 
14729 188 973 1062 1096 
14730 187 1329 1320 952 
14731 736 671 710 2497 
14732 502 102 591 1127 
14733 1125 107 108 447 
14734 681 682 746 2615 
14735 297 34 33 709 
14736 439 401 301 2570 
14737 757 434 3 913 
14738 1071 8 1307 600 
14739 868 908 878 2539 
14740 613 38 39 263 
14741 1140 181 180 1019 
14742 698 697 733 2433 
14743 109 108 572 1118 
14744 1405 905 15 1315 
14745 1314 748 13 1375 
14746 441 5 1062 1100 
14747 442 1 1131 591 
14748 23 591 313 563 
14749 914 795 880 2623 
14750 141 140 1161 766 
14751 1211 1269 1198 2592 
14752 923 64 63 289 
14753 763 854 903 2555 
14754 54 55 401 803 
14755 122 121 1359 729 
14756 1098 69 1103 294 
14757 614 136 135 1282 
14758 742 612 705 2661 
14759 1328 1324 199 2363 
14760 727 90 89 565 
14761 879 170 171 1041 
14762 722 101 100 570 
14763 1338 795 156 1343 
14764 1339 117 638 1344 
14765 389 60 61 1016 
14766 183 182 1169 1024 
14767 268 36 35 711 
14768 119 737 1342 1332 
14769 1144 175 174 960 
14770 851 852 889 2610 
14771 884 46 45 404 
14772 387 30 29 542 
14773 763 142 143 1138 
14774 452 28 29 288 
14775 357 302 352 2678 
14776 794 823 827 2677 
14777 1366 1367 1358 2693 
14778 1304 176 175 1028 
14779 356 352 302 2678 
14780 647 130 129 1195 
14781 1060 995 1033 2583 
14782 975 73 74 504 
14783 818 116 115 661 
14784 1194 136 137 720 
14785 327 44 43 652 
14786 43 42 400 706 
14787 1374 220 1371 2586 
14788 409 56 57 809 
14789 213 1280 1370 212 
14790 756 912 11 1342 
14791 599 7 1331 1070 
14792 1354 214 1275 213 
14793 449 26 27 265 
14794 1342 894 158 1337 
14795 1399 222 223 2665 
14796 1331 185 1327 1051 
14797 41 42 646 272 
14798 611 34 35 425 
14799 1137 133 134 606 
14800 659 127 128 1369 
14801 973 188 189 1096 
14802 502 103 102 1127 
14803 1272 78 79 489 
14804 77 78 1170 554 
14805 1303 83 84 448 
14806 1331 1322 111 580 
14807 1406 16 147 764 
14808 72 71 1130 408 
14809 1404 215 19 1225 
14810 804 879 907 2627 
14811 1205 173 172 966 
14812 456 82 81 1299 
14813 450 10 110 1132 
14814 607 12 120 1374 
14815 1063 14 171 907 
14816 593 2 89 749 
14817 9 101 750 592 
14818 1101 921 17 196 
14819 1108 109 110 568 
14820 1110 71 70 403 
14821 86 87 1298 552 
14822 121 120 1348 725 
14823 1103 69 6 346 
14824 1281 76 77 495 
14825 212 1372 19 1142 
14826 1034 59 58 391 
14827 91 90 705 550 
14828 1023 170 169 863 
14829 99 100 553 707 
14830 869 56 55 301 
14831 270 72 6 1134 
14832 36 37 605 427 
14833 45 4 906 437 
14834 1064 4 66 437 
14835 593 31 2 436 
14836 195 1097 196 1039 
14837 209 1330 1326 2418 
14838 864 160 161 1021 
14839 67 68 1081 407 
14840 877 145 146 1261 
14841 889 852 910 2610 
14842 436 32 2 749 
14843 14 184 1309 1063 
14844 217 1400 1279 216 
14845 748 13 137 1314 
14846 750 129 9 1310 
14847 442 23 1 591 
14848 1062 58 5 441 
14849 57 3 434 913 
14850 8 76 1307 600 
14851 906 4 159 1064 
14852 46 47 418 862 
14853 905 146 15 1315 
14854 726 114 115 883 
14855 1040 74 75 569 
14856 609 132 131 1160 
14857 39 40 743 423 
14858 53 52 901 406 
14859 1310 88 9 592 
14860 1026 178 179 1286 
14861 1307 172 8 1071 
14862 435 26 25 541 
14863 1309 138 14 907 
14864 757 3 114 913 
14865 1071 75 8 600 
14866 1325 1320 1329 2525 
14867 49 48 868 420 
14868 85 84 549 1302 
14869 313 24 23 563 
14870 83 82 555 1136 
14871 1166 216 1382 215 
14872 700 135 134 1311 
14873 912 11 116 756 
14874 73 7 599 1070 
14875 1025 173 174 1289 
14876 905 15 155 1405 
14877 756 11 119 1342 
14878 912 158 11 1342 
14879 1331 7 185 1070 
14880 748 128 13 1375 
14881 5 188 1062 1100 
14882 1 102 1131 591 
14883 15 1405 1315 217 
14884 1131 70 1 442 
14885 441 67 5 1100 
14886 1330 10 113 601 
14887 13 1314 1375 214 
14888 1333 1338 1343 2623 
14889 434 3 44 757 
14890 38 37 426 710 
14891 1321 113 112 481 
14892 1331 111 7 599 
14893 50 51 264 865 
14894 187 17 1329 1072 
14895 914 16 156 1343 
14896 758 117 12 1344 
14897 186 187 1320 952 
14898 80 81 1297 586 
14899 737 119 118 1332 
14900 1098 68 69 294 
14901 176 177 1057 1317 
14902 156 157 795 1338 
14903 638 118 117 1339 
14904 112 111 1322 580 
14905 157 158 894 1337 
14906 1327 185 186 1051 
14907 2248 547 488 477 
14908 2248 488 547 1730 
14909 2386 1989 1762 1929 
14910 2386 1762 1989 2076 
14911 2528 1950 2475 2184 
14912 2528 2475 1950 1638 
14913 2133 2032 2330 1658 
14914 2133 2330 2032 1921 
14915 2332 2193 1841 1641 
14916 2332 1841 2193 1735 
14917 2076 2540 2053 1879 
14918 2053 2540 2076 2450 
14919 2053 1698 2076 1879 
14920 2076 1698 2053 2450 
14921 2340 1730 547 2102 
14922 2340 547 1730 2080 
14923 2374 2237 2075 1630 
14924 2374 2075 2237 1828 
14925 2089 1771 1622 2212 
14926 1622 1771 2089 2285 
14927 2646 1650 1987 1922 
14928 2646 1987 1650 2035 
14929 2330 2133 2547 1775 
14930 2330 2547 2133 1658 
14931 2464 1280 2404 1312 
14932 2464 2404 1280 2047 
14933 2127 2554 2288 1729 
14934 2288 2554 2127 1713 
14935 2288 2400 2127 1729 
14936 2127 2400 2288 1713 
14937 2171 1101 2046 921 
14938 2171 2046 1101 1080 
14939 2576 1624 2095 1980 
14940 2576 2095 1624 1892 
14941 2287 2700 228 2043 
14942 228 2700 2287 1817 
14943 2486 1662 2436 1915 
14944 2486 2436 1662 1836 
14945 2413 709 754 1845 
14946 2413 754 709 648 
14947 2141 2250 2248 1652 
14948 2248 2250 2141 1730 
14949 2302 783 1819 2088 
14950 2302 1819 783 832 
14951 2258 1875 2167 1742 
14952 2258 2167 1875 1638 
14953 2458 2153 1644 1897 
14954 2458 1644 2153 1790 
14955 2394 2643 2446 1645 
14956 2446 2643 2394 2166 
14957 2394 1930 2643 1645 
14958 2394 2643 1930 1763 
14959 2074 18 208 1805 
14960 2074 208 18 1133 
14961 2406 1007 965 1006 
14962 2406 965 1007 2067 
14963 2254 1647 2481 2066 
14964 2254 2481 1647 1869 
14965 2331 1256 1296 1295 
14966 2331 1296 1256 2149 
14967 2292 2050 1826 1703 
14968 2292 1826 2050 2057 
14969 2577 1387 1388 1378 
14970 2577 1388 1387 1795 
14971 2636 2565 2336 1736 
14972 2636 2336 2565 1791 
14973 2530 1805 18 2074 
14974 2530 18 1805 2117 
14975 2130 624 2640 628 
14976 2130 2640 624 1914 
14977 2102 2490 1928 1786 
14978 1928 2490 2102 1671 
14979 2249 2482 2517 2203 
14980 2517 2482 2249 1763 
14981 2084 1996 1968 1741 
14982 2084 1968 1996 1675 
14983 2381 933 971 935 
14984 2381 971 933 1937 
14985 2420 2285 2089 1771 
14986 2420 2089 2285 1872 
14987 1990 2247 1972 1632 
14988 1972 2247 1990 1819 
14989 2120 1278 552 1298 
14990 2120 552 1278 2098 
14991 2194 1132 2205 450 
14992 2194 2205 1132 1129 
14993 2453 308 300 315 
14994 2453 300 308 2155 
14995 948 2164 1018 959 
14996 1018 2164 948 1941 
14997 2063 1225 232 1143 
14998 2063 232 1225 1863 
14999 440 2133 1880 353 
15000 1880 2133 440 1827 
15001 2334 777 776 1942 
15002 2334 776 777 775 
15003 2406 1056 1007 1006 
15004 2406 1007 1056 2269 
15005 2202 2560 1200 1285 
15006 1200 2560 2202 1800 
15007 1971 1038 1004 1003 
15008 1971 1004 1038 1911 
15009 842 2348 843 900 
15010 843 2348 842 2022 
15011 2069 2613 200 1790 
15012 200 2613 2069 201 
15013 2415 2405 1746 1642 
15014 2415 1746 2405 2060 
15015 2213 1235 2062 1928 
15016 2213 2062 1235 1301 
15017 2264 2405 2305 1642 
15018 2305 2405 2264 1807 
15019 2371 964 950 956 
15020 2371 950 964 2318 
15021 2653 1909 2357 1665 
15022 2653 2357 1909 1792 
15023 2689 2017 1874 1773 
15024 2689 1874 2017 1643 
15025 2294 400 443 1947 
15026 2294 443 400 327 
15027 2201 2427 2498 505 
15028 2498 2427 2201 1750 
15029 2649 2681 789 837 
15030 789 2681 2649 1984 
15031 2427 448 564 1928 
15032 2427 564 448 549 
15033 2425 1168 2319 1801 
15034 2033 2465 2181 1686 
15035 2181 2465 2033 1769 
15036 2223 1397 1927 1815 
15037 2223 1927 1397 1393 
15038 2245 2234 1917 1787 
15039 2245 1917 2234 1687 
15040 2641 1791 1706 1994 
15041 2641 1706 1791 1993 
15042 2179 754 2469 1845 
15043 2179 2469 754 693 
15044 717 2469 754 1845 
15045 717 754 2469 693 
15046 2658 2140 2267 1645 
15047 2658 2267 2140 1798 
15048 2467 316 315 318 
15049 2467 315 316 2139 
15050 2210 903 849 1797 
15051 2210 849 903 846 
15052 2045 317 279 1896 
15053 2045 279 317 358 
15054 2187 1156 2523 1831 
15055 2187 2523 1156 1252 
15056 2594 2687 1963 1624 
15057 1963 2687 2594 1798 
15058 2584 1952 2581 2195 
15059 2584 2581 1952 1710 
15060 2198 2432 1928 1671 
15061 1928 2432 2198 1750 
15062 1928 2102 2198 1671 
15063 2198 2102 1928 1750 
15064 2559 603 1877 730 
15065 2559 1877 603 2083 
15066 1705 2700 2277 1907 
15067 1705 2277 2700 2175 
15068 1757 2277 2700 1907 
15069 1757 2700 2277 2175 
15070 1777 2556 1638 2199 
15071 1638 2556 1777 2475 
15072 1638 2258 1777 2199 
15073 1777 2258 1638 2475 
15074 1820 2416 2073 1756 
15075 2073 2416 1820 2209 
15076 2592 2149 1187 1211 
15077 1997 1287 2560 1967 
15078 1997 2560 1287 1200 
15079 2409 1229 1226 2065 
15080 2409 1226 1229 1288 
15081 2010 2557 850 1795 
15082 850 2557 2010 1955 
15083 2687 2594 1868 1624 
15084 2687 1868 2594 2140 
15085 2041 2565 2268 1736 
15086 2268 2565 2041 2112 
15087 2114 2176 2360 1813 
15088 2360 2176 2114 1991 
15089 2306 2526 2252 1723 
15090 2252 2526 2306 2025 
15091 2289 1183 2462 1180 
15092 2289 2462 1183 2038 
15093 2425 1255 1168 1186 
15094 2425 1168 1255 2319 
15095 2431 1705 2059 1899 
15096 2431 2059 1705 2041 
15097 2413 387 388 1982 
15098 2413 388 387 328 
15099 2557 2409 2261 1795 
15100 2557 2261 2409 2065 
15101 2458 343 2510 305 
15102 2458 2510 343 2069 
15103 2051 2635 1843 1672 
15104 1843 2635 2051 2563 
15105 308 2139 380 316 
15106 380 2139 308 2086 
15107 2578 1121 1117 1112 
15108 2578 1117 1121 2108 
15109 1053 2580 1056 924 
15110 1053 1056 2580 1858 
15111 2269 1056 2580 924 
15112 2269 2580 1056 1858 
15113 2253 440 389 433 
15114 2253 389 440 1827 
15115 2699 1854 2141 2345 
15116 2699 2141 1854 1652 
15117 2610 851 1826 2162 
15118 2058 2549 1758 1897 
15119 1758 2549 2058 2048 
15120 2432 1234 1184 1193 
15121 2432 1184 1234 2062 
15122 794 2334 777 775 
15123 777 2334 794 1850 
15124 2416 2244 1947 1804 
15125 2416 1947 2244 1756 
15126 2220 1085 1093 1077 
15127 2220 1093 1085 1890 
15128 2373 602 724 728 
15129 2373 724 602 1933 
15130 2401 2054 2071 1720 
15131 2401 2071 2054 1818 
15132 2463 1167 1253 1251 
15133 2463 1253 1167 1874 
15134 2159 2567 2071 1720 
15135 2071 2567 2159 1816 
15136 2535 1942 2484 2412 
15137 2535 2484 1942 1852 
15138 2153 1107 1122 2069 
15139 2153 1122 1107 1119 
15140 2375 2602 1889 1782 
15141 1889 2602 2375 2314 
15142 552 1278 87 1298 
15143 87 1278 552 491 
15144 2318 2189 1876 1718 
15145 2318 1876 2189 2119 
15146 2468 579 509 510 
15147 2468 509 579 2213 
15148 2202 1200 1190 1257 
15149 2202 1190 1200 1997 
15150 2633 1801 1168 2479 
15151 2633 1168 1801 2094 
15152 2297 303 2029 1860 
15153 2297 2029 303 367 
15154 2690 223 2396 1965 
15155 2690 2396 223 2665 
15156 1101 1039 2046 921 
15157 2046 1039 1101 1097 
15158 2566 230 2175 229 
15159 2566 2175 230 1832 
15160 1746 1807 1949 2264 
15161 1746 1949 1807 2604 
15162 2553 1385 229 1376 
15163 2553 229 1385 2423 
15164 2441 2562 1653 2219 
15165 1653 2562 2441 2036 
15166 2102 564 514 1928 
15167 2102 514 564 506 
15168 2383 2588 2346 1935 
15169 2346 2588 2383 1770 
15170 2171 1093 2220 2046 
15171 2171 2220 1093 1099 
15172 2060 2563 2197 1628 
15173 2197 2563 2060 1792 
15174 2213 448 1136 1928 
15175 2213 1136 448 555 
15176 467 2606 471 465 
15177 471 2606 467 2080 
15178 1827 2547 2317 2326 
15179 1827 2317 2547 1678 
15180 2003 2317 2547 2326 
15181 2003 2547 2317 1678 
15182 2652 2531 2593 1653 
15183 2652 2593 2531 1787 
15184 2559 649 687 1917 
15185 2559 687 649 688 
15186 2637 787 792 793 
15187 2637 792 787 2311 
15188 2682 1766 2321 2203 
15189 2682 2321 1766 1923 
15190 2599 1106 1124 1998 
15191 2599 1124 1106 1116 
15192 2373 446 574 1933 
15193 2373 574 446 551 
15194 2449 276 2216 1913 
15195 2449 2216 276 278 
15196 2457 741 2404 752 
15197 2457 2404 741 1837 
15198 427 711 2020 605 
15199 2020 711 427 268 
15200 2447 530 2537 2023 
15201 2447 2537 530 475 
15202 2328 432 2274 1845 
15203 2328 2274 432 342 
15204 1837 1366 2457 2404 
15205 2457 1366 1837 2693 
15206 2656 1816 1682 2159 
15207 2656 1682 1816 2230 
15208 2371 2137 2005 1718 
15209 2371 2005 2137 1811 
15210 2398 2501 1897 1715 
15211 1897 2501 2398 2142 
15212 2426 228 2043 227 
15213 2426 2043 228 1899 
15214 2600 2301 2639 1887 
15215 2600 2639 2301 1803 
15216 2563 2635 2204 1843 
15217 2204 2635 2563 2116 
15218 2654 2602 1976 1805 
15219 2654 1976 2602 1634 
15220 2256 347 346 286 
15221 2256 346 347 1903 
15222 2659 2391 2087 1841 
15223 2659 2087 2391 1759 
15224 1759 2552 545 2048 
15225 545 2552 1759 2111 
15226 2610 812 1826 851 
15227 2610 1826 812 2168 
15228 1328 2671 18 211 
15229 18 2671 1328 2363 
15230 2471 2619 2410 1747 
15231 2410 2619 2471 2595 
15232 2548 283 290 291 
15233 2548 290 283 1973 
15234 2469 751 1731 2328 
15235 2469 1731 751 662 
15236 721 1731 751 2328 
15237 721 751 1731 662 
15238 2534 2237 2006 1828 
15239 2534 2006 2237 1776 
15240 2534 653 1986 2192 
15241 2534 1986 653 616 
15242 2606 1939 1889 1714 
15243 2606 1889 1939 2340 
15244 2508 2601 1742 1908 
15245 1742 2601 2508 2296 
15246 2571 1249 2339 2120 
15247 2571 2339 1249 1247 
15248 2206 2494 2338 1895 
15249 2338 2494 2206 1676 
15250 2109 2680 2365 1748 
15251 2365 2680 2109 1834 
15252 2535 2644 2160 892 
15253 2160 2644 2535 1815 
15254 2248 471 547 477 
15255 2248 547 471 2080 
15256 2523 1173 2293 1165 
15257 2523 2293 1173 1878 
15258 2670 2289 2491 1906 
15259 2670 2491 2289 1706 
15260 2246 1207 1191 2040 
15261 2246 1191 1207 1206 
15262 2278 1117 204 2108 
15263 2278 204 1117 1109 
15264 2592 1861 1187 2149 
15265 2592 1187 1861 2161 
15266 2417 948 942 947 
15267 2417 942 948 1941 
15268 2470 2482 2611 1635 
15269 2611 2482 2470 1821 
15270 418 768 2529 862 
15271 2529 768 418 269 
15272 2673 512 2375 500 
15273 2673 2375 512 2061 
15274 2525 198 2363 1847 
15275 2429 991 953 990 
15276 2429 953 991 2105 
15277 2473 2254 2090 1657 
15278 2473 2090 2254 1825 
15279 2599 581 521 583 
15280 2599 521 581 1998 
15281 702 1160 132 609 
15282 132 1160 702 1263 
15283 2631 1864 1979 2135 
15284 1979 1864 2631 1651 
15285 1979 2608 2631 2135 
15286 2631 2608 1979 1651 
15287 2638 746 606 1865 
15288 2638 606 746 719 
15289 2270 2655 2651 2103 
15290 2651 2655 2270 1824 
15291 2638 746 681 719 
15292 2638 681 746 2615 
15293 2390 1212 1274 2172 
15294 2390 1274 1212 1214 
15295 2691 1044 1002 2283 
15296 2691 1002 1044 1048 
15297 2698 1891 372 2453 
15298 2698 372 1891 2236 
15299 647 1273 130 1195 
15300 130 1273 647 701 
15301 301 809 2294 869 
15302 2294 809 301 409 
15303 2303 610 2618 716 
15304 2303 2618 610 1958 
15305 713 2618 610 716 
15306 713 610 2618 1958 
15307 701 1160 2004 609 
15308 2004 1160 701 1273 
15309 2354 964 1876 968 
15310 2354 1876 964 2119 
15311 454 707 99 553 
15312 99 707 454 610 
15313 2380 975 1029 1040 
15314 2380 1029 975 2273 
15315 1127 543 2320 502 
15316 2320 543 1127 1114 
15317 2525 1324 198 1325 
15318 2525 198 1324 2363 
15319 1096 1015 2438 1074 
15320 2438 1015 1096 973 
15321 1369 699 2457 659 
15322 2457 699 1369 1347 
15323 1012 2348 1047 1904 
15324 1012 1047 2348 1021 
15325 1036 1047 2348 1904 
15326 1036 2348 1047 1021 
15327 960 1289 2388 1025 
15328 960 2388 1289 1144 
15329 2577 1166 1290 1279 
15330 2577 1290 1166 2409 
15331 2462 2392 2038 1706 
15332 2462 2038 2392 1856 
15333 651 2158 662 645 
15334 651 662 2158 2469 
15335 2529 874 899 862 
15336 2529 899 874 2338 
15337 2611 1696 1976 2272 
15338 1976 1696 2611 1821 
15339 1976 2470 2611 2272 
15340 2611 2470 1976 1821 
15341 2568 1332 1336 2123 
15342 2568 1336 1332 1339 
15343 2205 2671 1683 1886 
15344 1683 2671 2205 2530 
15345 509 2213 514 579 
15346 509 514 2213 2664 
15347 1141 552 86 1298 
15348 86 552 1141 453 
15349 1187 1861 2660 2149 
15350 1187 1211 2660 1259 
15351 2660 1211 1187 2149 
15352 894 1338 2123 795 
15353 2123 1338 894 1337 
15354 2623 817 223 1965 
15355 2623 223 817 914 
15356 2585 2184 1769 1888 
15357 1769 2184 2585 1950 
15358 1769 2465 2585 1888 
15359 2585 2465 1769 1950 
15360 448 1136 83 555 
15361 448 83 1136 1303 
15362 420 762 2539 868 
15363 2539 762 420 398 
15364 2376 2689 2307 2125 
15365 2307 2689 2376 1773 
15366 2497 666 1873 736 
15367 2497 1873 666 2308 
15368 2192 1873 666 736 
15369 2192 666 1873 2308 
15370 2547 2679 2330 1901 
15371 2330 2679 2547 1658 
15372 541 265 26 449 
15373 541 26 265 435 
15374 770 406 52 411 
15375 52 406 770 901 
15376 2390 179 919 1274 
15377 2390 919 179 1026 
15378 407 1098 2572 294 
15379 407 2572 1098 1081 
15380 2533 1328 1324 1319 
15381 2533 1324 1328 2363 
15382 737 1339 2568 1332 
15383 2568 1339 737 638 
15384 750 570 2098 592 
15385 2098 570 750 722 
15386 565 749 89 727 
15387 565 89 749 593 
15388 1279 1405 217 1315 
15389 1279 217 1405 1400 
15390 2660 1187 2633 1861 
15391 2633 1187 2660 1259 
15392 2633 2479 2660 1861 
15393 2660 2479 2633 1259 
$EndElements
